grid_id,year,longitude,latitude,frac_built,frac_vegetation,frac_cropland,frac_water,frac_wetland,frac_bare,dominant_class,oh_built,oh_vegetation,oh_cropland,oh_water,oh_wetland,oh_bare,mixed_flag,valid_obs_ratio,a_valid
Y2021_LAT23.52482_LON90.15502,2021,90.1550241570054,23.524824690602465,0.0,0.0,0.0,1.0,0.0,0.0,4,0,0,0,1,0,0,0,0.08778755969238282,87787.55969238281
Y2021_LAT23.525_LON90.16481,2021,90.1648082119649,23.525003335839628,0.0,0.0,0.006311253230514629,0.9936887467694854,0.0,0.0,4,0,0,0,1,0,0,0,0.4589164562301636,458916.4562301636
Y2021_LAT23.52518_LON90.17459,2021,90.17459236325458,23.525181367403054,0.285761266195356,0.04391348747555861,0.6496601946080753,0.020665051721010075,0.0,0.0,3,0,0,1,0,0,0,0,0.30931080532836913,309310.80532836914
Y2021_LAT23.53385_LON90.15483,2021,90.15483003470506,23.53384634211063,0.0,0.0,0.0,1.0,0.0,0.0,4,0,0,0,1,0,0,0,0.6275947598495484,627594.7598495483
Y2021_LAT23.53403_LON90.16461,2021,90.16461475515497,23.534025063927817,0.20280078969958504,0.011400051043532882,0.0854004897098848,0.7003986695469973,0.0,0.0,4,0,0,0,1,0,0,0,0.9987303644256592,998730.3644256592
Y2021_LAT23.5342_LON90.1744,2021,90.17439957191237,23.534203171825425,0.7088204338032683,0.02105843899852125,0.26416740968705743,0.005953717511153008,0.0,0.0,1,1,0,0,0,0,0,0,0.9058607890701293,905860.7890701294
Y2021_LAT23.53438_LON90.18418,2021,90.18418448473497,23.53438066576062,1.0,0.0,0.0,0.0,0.0,0.0,1,1,0,0,0,0,0,0,0.016579294891357423,16579.294891357422
Y2021_LAT23.54269_LON90.14485,2021,90.14485052640549,23.542688569025696,0.0,0.0018518561116803054,0.0,0.38333316966824976,0.0,0.6148149742200699,6,0,0,0,0,0,1,0,0.21572049773406982,215720.49773406982
Y2021_LAT23.54287_LON90.15464,2021,90.15463581577698,23.542867981597322,0.07465639611900836,0.00030807358997333875,0.0,0.8454508867569757,0.0,0.07958464353404264,4,0,0,0,1,0,0,0,0.972549864227295,972549.8642272949
Y2021_LAT23.54305_LON90.16442,2021,90.1644212020168,23.543046780096628,0.7575006659881347,0.11819992874348272,0.002900017895310347,0.12139938737307225,0.0,0.0,1,1,0,0,0,0,0,0,0.9987303672103882,998730.3672103882
Y2021_LAT23.54322_LON90.17421,2021,90.17420668449734,23.543224964297092,0.7247989275574412,0.03210004234050066,0.24310103010205814,0.0,0.0,0.0,1,1,0,0,0,0,0,0,0.9987446240844726,998744.6240844727
Y2021_LAT23.5434_LON90.18399,2021,90.18399226315104,23.543402534303326,0.6442037097468672,0.006126297775314233,0.3496699924778185,0.0,0.0,0.0,1,1,0,0,0,0,0,0,0.21193544891357421,211935.44891357422
Y2021_LAT23.55153_LON90.13487,2021,90.13486968623477,23.551530015873873,0.0,0.0,0.0,1.0,0.0,0.0,4,0,0,0,1,0,0,0,0.08099400813293457,80994.00813293457
Y2021_LAT23.55171_LON90.14466,2021,90.1446555446026,23.551710119726966,0.0022141179590003126,0.00409607678303881,0.0,0.9861618739143989,0.0,0.007527931343561998,4,0,0,0,1,0,0,0,0.9021277667770385,902127.7667770386
Y2021_LAT23.55189_LON90.15444,2021,90.15444150020963,23.551889609207137,0.4402005744428888,0.12640026396413293,0.0895004567465135,0.3417987107662572,0.0,0.0020999940802075897,1,1,0,0,0,0,0,1,0.9987160634460449,998716.0634460449
Y2021_LAT23.55207_LON90.16423,2021,90.16422755244805,23.552068484213372,0.6387005045977264,0.16549951840255692,0.1926999877845825,0.003099989215134113,0.0,0.0,1,1,0,0,0,0,0,0,0.9987303698120117,998730.3698120117
Y2021_LAT23.55225_LON90.17401,2021,90.17401370108601,23.55224674483653,0.8240437556222443,0.01041549212103179,0.15512517298773362,0.01041557926899023,0.0,0.0,1,1,0,0,0,0,0,0,0.9013664519577026,901366.4519577026
Y2021_LAT23.55242_LON90.1838,2021,90.18379994578027,23.552424390914943,0.3682067577236458,0.15217392416476444,0.4144019828468818,0.06521733526470794,0.0,0.0,3,0,0,1,0,0,0,1,0.07350824320220947,73508.24320220947
Y2021_LAT23.55946_LON90.07596,2021,90.07595684999934,23.559457484428947,0.0,1.0,0.0,0.0,0.0,0.0,2,0,1,0,0,0,0,0,0.10395469815063477,103954.69815063477
Y2021_LAT23.55964_LON90.08574,2021,90.08574278522664,23.55964135297958,0.0,0.8175994209564553,0.0,0.03360008547975471,0.0,0.14880049356379005,2,0,1,0,0,0,0,0,0.06241312474822998,62413.12474822998
Y2021_LAT23.56055_LON90.13467,2021,90.1346739410854,23.560551477377906,0.0,0.0,0.0,0.821288287911008,0.0,0.178711712088992,4,0,0,0,1,0,0,0,0.38000215110778807,380002.1511077881
Y2021_LAT23.56073_LON90.14446,2021,90.14446046595044,23.560731658431774,0.2776013725029122,0.0,0.0,0.7223986274970878,0.0,0.0,4,0,0,0,1,0,0,0,0.9987017121124268,998701.7121124268
Y2021_LAT23.56091_LON90.15425,2021,90.15424708780326,23.560911224833013,0.6775996725506281,0.19790005927455193,0.07790025111082256,0.000500002672158746,0.04610001439183859,0.0,1,1,0,0,0,0,0,0,0.9987160675735474,998716.0675735474
Y2021_LAT23.56109_LON90.16403,2021,90.16403380646625,23.561090176470476,0.6634005199686663,0.0508997257681329,0.28489975052825245,0.0008000037349482859,0.0,0.0,1,1,0,0,0,0,0,0,0.9987303740921021,998730.374092102
Y2021_LAT23.56127_LON90.17382,2021,90.17382062156541,23.561268513386995,0.5418998202735361,0.0036999882893866834,0.45440019143707716,0.0,0.0,0.0,1,1,0,0,0,0,0,0,0.9987446305694581,998744.630569458
Y2021_LAT23.56145_LON90.18361,2021,90.18360753279721,23.561446235584405,0.7538043294972343,0.05062237819992752,0.1939135495300611,0.0016597427727770178,0.0,0.0,1,1,0,0,0,0,0,0,0.7221016843185425,722101.6843185425
Y2021_LAT23.56162_LON90.19339,2021,90.1933945397836,23.561623342995592,0.33783754826583395,0.29515504374016327,0.3670074079940027,0.0,0.0,0.0,3,0,0,1,0,0,0,1,0.6060551046066284,606055.1046066284
Y2021_LAT23.5618_LON90.20318,2021,90.20318164219123,23.561799835613527,0.3436476695860927,0.06751064571235549,0.5883728606757544,0.00046882402579731465,0.0,0.0,3,0,0,1,0,0,0,0,0.21304068893432618,213040.68893432617
Y2021_LAT23.56811_LON90.05618,2021,90.05618410326446,23.568108726675845,0.0,0.009308536586840162,0.0,0.7180857240955797,0.0,0.2726057393175802,4,0,0,0,1,0,0,0,0.07509282682037353,75092.82682037354
Y2021_LAT23.56829_LON90.06597,2021,90.06597050581358,23.56829390350254,0.0,0.35819381566705183,0.0,0.05455772453343839,0.0,0.5872484597995098,6,0,0,0,0,0,1,0,0.4337858655395508,433785.8655395508
Y2021_LAT23.56848_LON90.07576,2021,90.07575700810392,23.56847846551177,0.0,0.6434497915930478,0.0,0.13112115026141788,0.0,0.22542905814553424,2,0,1,0,0,0,0,0,0.8788682603988648,878868.2603988647
Y2021_LAT23.56866_LON90.08554,2021,90.08554360972573,23.56866241285735,0.0,0.34483151860690286,0.0,0.06136918382161509,0.0,0.5937992975714821,6,0,0,0,0,0,1,0,0.9437903206634521,943790.3206634521
Y2021_LAT23.56885_LON90.09533,2021,90.09533031066343,23.568845745324147,0.0,0.42118818410170256,0.0,0.08166303806421579,0.0014669851876462632,0.4956817926464354,6,0,0,0,0,0,1,1,0.6126586168670655,612658.6168670654
Y2021_LAT23.56903_LON90.10512,2021,90.10511711033375,23.569028462994325,0.0,0.042486293699331254,0.0,0.9551533707260402,0.0,0.002360335574628542,4,0,0,0,1,0,0,0,0.6346385269851684,634638.5269851685
Y2021_LAT23.56921_LON90.1149,2021,90.11490400839595,23.569210565833927,0.0,0.0,0.0,1.0,0.0,0.0,4,0,0,0,1,0,0,0,0.877021916267395,877021.916267395
Y2021_LAT23.56939_LON90.12469,2021,90.12469100461325,23.56939205385297,0.0,0.0,0.0,0.91494409765993,0.0,0.08505590234006997,4,0,0,0,1,0,0,0,0.9181797448043824,918179.7448043823
Y2021_LAT23.56957_LON90.13448,2021,90.1344780985474,23.56957292697544,0.0,0.0,0.0,0.9268770365090473,0.0,0.0731229634909527,4,0,0,0,1,0,0,0,0.9724219916381835,972421.9916381836
Y2021_LAT23.56975_LON90.14427,2021,90.1442652900815,23.569753185109537,0.4362017325480873,0.0,0.0,0.5637982674519126,0.0,0.0,4,0,0,0,1,0,0,0,0.9987017156448365,998701.7156448364
Y2021_LAT23.56993_LON90.15405,2021,90.15405257867346,23.56993282837941,0.76529900693059,0.048200181501321056,0.17680082226241653,0.0004999991796412973,0.009199990126031015,0.0,1,1,0,0,0,0,0,0,0.9987160703735352,998716.0703735352
Y2021_LAT23.57011_LON90.16384,2021,90.16383996414751,23.570111856688687,0.3610002991907955,0.12710003384600893,0.5097996526302956,0.0021000143328999857,0.0,0.0,3,0,0,1,0,0,0,0,0.998730376991272,998730.376991272
Y2021_LAT23.57029_LON90.17363,2021,90.17362744588779,23.570290270041415,0.33519990944606276,0.11929980266372073,0.5205002090497878,0.012800002738129741,0.012200076102299015,0.0,3,0,0,1,0,0,0,0,0.9987446329345703,998744.6329345703
Y2021_LAT23.57047_LON90.18342,2021,90.18341502396534,23.570468068373103,0.8330002261817588,0.10539967630218876,0.04730009379798247,0.0005999977897677382,0.013700005928302176,0.0,1,1,0,0,0,0,0,0,0.9987588417053223,998758.8417053223
Y2021_LAT23.57065_LON90.1932,2021,90.19320269773947,23.570645251572213,0.5753989465435806,0.13890011939289473,0.264900961902285,0.016299986501417445,0.004499985659822367,0.0,1,1,0,0,0,0,0,0,0.9987730005722046,998773.0005722046
Y2021_LAT23.57082_LON90.20299,2021,90.2029904670979,23.57082181976487,0.12706930578818665,0.020867267839192814,0.7948238003343341,0.052459937004297935,0.004779689033988529,0.0,3,0,0,1,0,0,0,0,0.856758760231018,856758.7602310181
Y2021_LAT23.57694_LON90.0462,2021,90.04619585909796,23.576943666385603,0.0,0.0,0.0,1.0,0.0,0.0,4,0,0,0,1,0,0,0,0.13360740531921386,133607.40531921387
Y2021_LAT23.57713_LON90.05598,2021,90.05598282827117,23.577129537391478,0.0,0.19982881926731302,0.0,0.5364823794277038,0.0,0.2636888013049831,4,0,0,0,1,0,0,0,0.9319660593185425,931966.0593185425
Y2021_LAT23.57731_LON90.06577,2021,90.06576989755973,23.5773147934798,0.0,0.13300004571736435,0.0,0.36629922509062407,0.0,0.5007007291920116,6,0,0,0,0,0,1,0,0.9985851132507324,998585.1132507324
Y2021_LAT23.5775_LON90.07556,2021,90.07555706661577,23.57749943454349,0.0,0.25549905815928375,0.0,0.03570000881484217,0.0,0.7088009330258741,6,0,0,0,0,0,1,0,0.998599859550476,998599.8595504761
Y2021_LAT23.57768_LON90.08534,2021,90.08534433523448,23.5776834605988,0.0,0.23900107326178485,0.0,0.27990054311967355,0.0,0.4810983836185416,6,0,0,0,0,0,1,1,0.9986145565185547,998614.5565185547
Y2021_LAT23.57787_LON90.09513,2021,90.0951317028898,23.57786687159305,0.0,0.19339906999049603,0.0,0.6739009212549671,0.0,0.1327000087545368,4,0,0,0,1,0,0,0,0.9986292078323364,998629.2078323364
Y2021_LAT23.57805_LON90.10492,2021,90.10491916941976,23.578049667496614,0.0,0.0,0.0,1.0,0.0,0.0,4,0,0,0,1,0,0,0,0.9986438070220948,998643.8070220947
Y2021_LAT23.57823_LON90.11471,2021,90.1147067344997,23.578231848268874,0.0,0.0,0.0,1.0,0.0,0.0,4,0,0,0,1,0,0,0,0.9986583585891724,998658.3585891724
Y2021_LAT23.57841_LON90.12449,2021,90.12449439761953,23.57841341395374,0.0,0.0,0.0,0.9145996127907386,0.0,0.08540038720926135,4,0,0,0,1,0,0,0,0.9986728618240357,998672.8618240356
Y2021_LAT23.57859_LON90.13428,2021,90.13428215862764,23.578594364495654,0.04460023796987186,0.0,0.0,0.9481998114937888,0.0,0.007199950536339261,4,0,0,0,1,0,0,0,0.9986873137054444,998687.3137054443
Y2021_LAT23.57877_LON90.14407,2021,90.14407001712559,23.57877469990404,0.7817010305563105,0.0,0.0,0.2182989694436895,0.0,0.0,1,1,0,0,0,0,0,0,0.9987017188186645,998701.7188186646
Y2021_LAT23.57895_LON90.15386,2021,90.15385797276721,23.57895442004641,0.9818998836042444,0.0042000239406593245,0.013900092455096285,0.0,0.0,0.0,1,1,0,0,0,0,0,0,0.9987160729522705,998716.0729522705
Y2021_LAT23.57913_LON90.16365,2021,90.16364602520018,23.579133524951896,0.5663990364891703,0.06220015522965263,0.37140080828117705,0.0,0.0,0.0,1,1,0,0,0,0,0,0,0.9987303795242309,998730.379524231
Y2021_LAT23.57931_LON90.17343,2021,90.17343417419333,23.5793120146146,0.3505000863758472,0.31990005552702394,0.3110997469787646,0.010800060250486717,0.007700050867877597,0.0,1,1,0,0,0,0,0,1,0.9987446366500855,998744.6366500854
Y2021_LAT23.57949_LON90.18322,2021,90.18322241931939,23.579489889044485,0.8725005726567293,0.018599890305039397,0.07789968435257942,0.02439989681544069,0.006599955870211226,0.0,1,1,0,0,0,0,0,0,0.9987588431625366,998758.8431625366
Y2021_LAT23.57967_LON90.19301,2021,90.19301076027847,23.579667148187877,0.7019994291473746,0.011700076963637313,0.22440065650549954,0.040999902293643066,0.020899935089845507,0.0,1,1,0,0,0,0,0,0,0.9987730033416748,998773.0033416748
Y2021_LAT23.57984_LON90.2028,2021,90.20279919677195,23.579843791982267,0.06034843456042904,0.013680429146738648,0.8368271823173654,0.08748906275812891,0.0016548912173380765,0.0,3,0,0,1,0,0,0,0,0.9053000693664551,905300.0693664551
Y2021_LAT23.58002_LON90.21259,2021,90.21258772841915,23.580019820434256,0.0,0.0,1.0,0.0,0.0,0.0,3,0,0,1,0,0,0,0,0.006492164047241211,6492.164047241211
Y2021_LAT23.58596_LON90.04599,2021,90.04599381691534,23.58596438550922,0.0,0.0,0.0,1.0,0.0,0.0,4,0,0,0,1,0,0,0,0.005591948699951172,5591.948699951172
Y2021_LAT23.58615_LON90.05578,2021,90.05578145311696,23.586150336100093,0.0,0.7022234978333369,0.0,0.2976177712778657,0.0,0.00015873088879752217,2,0,1,0,0,0,0,0,0.6291007388534546,629100.7388534546
Y2021_LAT23.58634_LON90.06557,2021,90.06556918952256,23.586335671448463,0.0,0.2059988537028914,0.0,0.7136009207378319,0.0,0.08040022555927678,4,0,0,0,1,0,0,0,0.9985851166687012,998585.1166687012
Y2021_LAT23.58652_LON90.07536,2021,90.07535702575844,23.586520391571334,0.0,0.03519986892771125,0.0,0.46570053571775044,0.0,0.4990995953545383,6,0,0,0,0,0,1,1,0.9985998625869751,998599.8625869751
Y2021_LAT23.5867_LON90.08514,2021,90.08514496144403,23.586704496301582,0.0,0.019299971069640882,0.0,0.8814005045962814,0.0,0.09929952433407771,4,0,0,0,1,0,0,0,0.9986145607376099,998614.5607376099
Y2021_LAT23.58689_LON90.09493,2021,90.0949329963622,23.586887985781267,0.0,0.0,0.0,1.0,0.0,0.0,4,0,0,0,1,0,0,0,0.9986292118606568,998629.2118606567
Y2021_LAT23.58707_LON90.10472,2021,90.10472113013071,23.58707085993436,0.0,0.0,0.0,1.0,0.0,0.0,4,0,0,0,1,0,0,0,0.9986438112792969,998643.8112792969
Y2021_LAT23.58725_LON90.11451,2021,90.11450936241313,23.587253118724117,0.06790030488597319,0.00010000036001288386,0.015700041502482324,0.9162996532515316,0.0,0.0,4,0,0,0,1,0,0,0,0.9986583614883423,998658.3614883423
Y2021_LAT23.58743_LON90.1243,2021,90.1242976928291,23.5874347621317,0.36980067577462944,0.02069999823634882,0.08299985224863891,0.5264994737403829,0.0,0.0,4,0,0,0,1,0,0,0,0.9986728641891479,998672.864189148
Y2021_LAT23.58762_LON90.13409,2021,90.13408612112966,23.58761579007283,0.8812004834676683,0.000700003804938979,0.035599873642424354,0.08249963908496835,0.0,0.0,1,1,0,0,0,0,0,0,0.9986873183517456,998687.3183517456
Y2021_LAT23.5878_LON90.14387,2021,90.14387464704231,23.58779620262227,1.0,0.0,0.0,0.0,0.0,0.0,1,1,0,0,0,0,0,0,0.99870172265625,998701.72265625
Y2021_LAT23.58798_LON90.15366,2021,90.15366326991588,23.58797599966816,0.9854999049459359,0.0017000079430748824,0.012800087110989301,0.0,0.0,0.0,1,1,0,0,0,0,0,0,0.9987160771179199,998716.0771179199
Y2021_LAT23.58816_LON90.16345,2021,90.16345198990635,23.58815518125924,0.2785993156678475,0.1163005454200689,0.6051001389120836,0.0,0.0,0.0,3,0,0,1,0,0,0,0,0.9987303838272095,998730.3838272095
Y2021_LAT23.58833_LON90.17324,2021,90.17324080625525,23.588333747325716,0.1734999539340988,0.1961999114962262,0.5869001714356267,0.04339996313404832,0.0,0.0,3,0,0,1,0,0,0,0,0.9987446397399903,998744.6397399902
Y2021_LAT23.58851_LON90.18303,2021,90.183029718879,23.58851169786459,0.08659987334075209,0.0,0.7936005804560293,0.1178995334748201,0.0019000127283985725,0.0,3,0,0,1,0,0,0,0,0.998758849029541,998758.849029541
Y2021_LAT23.58869_LON90.19282,2021,90.19281872730237,23.588689032843238,0.0,0.0,0.9618001690974763,0.00849997282207202,0.029699858080451676,0.0,3,0,0,1,0,0,0,0,0.9987730065689087,998773.0065689087
Y2021_LAT23.58887_LON90.20261,2021,90.20260783126669,23.588865752282388,0.05100031098111902,0.00990005610432653,0.8894994189218031,0.0069000105085044085,0.04270020348424693,0.0,3,0,0,1,0,0,0,0,0.9987871167831421,998787.1167831421
Y2021_LAT23.58904_LON90.2124,2021,90.21239703050647,23.589041856029944,0.37517797522512697,0.009700410560605957,0.5469334368218772,0.0039942892204819095,0.06419388817190792,0.0,3,0,0,1,0,0,0,0,0.35007886922454834,350078.86922454834
Y2021_LAT23.5948_LON90.036,2021,90.03600347109716,23.59479844689503,0.0,0.0,0.0,1.0,0.0,0.0,4,0,0,0,1,0,0,0,0.00029956439208984377,299.56439208984375
Y2021_LAT23.59499_LON90.04579,2021,90.04579167421163,23.594985092509138,0.0,0.0,0.0,1.0,0.0,0.0,4,0,0,0,1,0,0,0,0.6801172602539063,680117.2602539062
Y2021_LAT23.59517_LON90.05558,2021,90.05557997778936,23.59517112263364,0.0,0.07880040316588094,0.0,0.9179995785560097,0.0,0.0032000182781093457,4,0,0,0,1,0,0,0,0.9985703222198486,998570.3222198486
Y2021_LAT23.59536_LON90.06537,2021,90.06536838168688,23.59535653729053,0.0,0.028799817008899574,0.0,0.9622002316851646,0.0,0.008999951305935887,4,0,0,0,1,0,0,0,0.9985851197967529,998585.1197967529
Y2021_LAT23.59554_LON90.07516,2021,90.0751568853136,23.595541336404963,0.0,0.0,0.0,1.0,0.0,0.0,4,0,0,0,1,0,0,0,0.9985998668136596,998599.8668136597
Y2021_LAT23.59573_LON90.08495,2021,90.0849454885187,23.595725519945518,0.0,0.0,0.0,0.9998999992727519,0.0,0.00010000072724809541,4,0,0,0,1,0,0,0,0.9986145637664795,998614.5637664795
Y2021_LAT23.59591_LON90.09473,2021,90.09473419102342,23.595909087928014,0.07710038298579161,0.0,0.001100007813918605,0.8795998226248376,0.0,0.04219978657545216,4,0,0,0,1,0,0,0,0.9986292143249512,998629.2143249512
Y2021_LAT23.59609_LON90.10452,2021,90.10452299225352,23.596092040304715,0.3089000433162614,0.0,0.29920063688040316,0.3918993198033354,0.0,0.0,4,0,0,0,1,0,0,1,0.998643813873291,998643.813873291
Y2021_LAT23.59627_LON90.11431,2021,90.1143118921462,23.596274377074877,0.8223004471034673,0.017399976541888997,0.137699703309208,0.02259987304543571,0.0,0.0,1,1,0,0,0,0,0,0,0.998658365524292,998658.365524292
Y2021_LAT23.59646_LON90.1241,2021,90.12410089023778,23.596456098183445,0.6451996040084271,0.010800038140986757,0.32790034240044313,0.016100015450143043,0.0,0.0,1,1,0,0,0,0,0,0,0.9986728685302735,998672.8685302734
Y2021_LAT23.59664_LON90.13389,2021,90.13388998615632,23.59663720361965,0.9297004133742227,0.03859978692295316,0.03169979970282413,0.0,0.0,0.0,1,1,0,0,0,0,0,0,0.9986873205261231,998687.320526123
Y2021_LAT23.59682_LON90.14368,2021,90.14367917963702,23.596817693352214,0.8490994764916125,0.018600061989844135,0.1323004615185433,0.0,0.0,0.0,1,1,0,0,0,0,0,0,0.9987017257919312,998701.7257919312
Y2021_LAT23.597_LON90.15347,2021,90.1534684703842,23.59699756729302,0.601500106649243,0.014100034960282332,0.3778998353970706,0.006500022993404143,0.0,0.0,1,1,0,0,0,0,0,0,0.9987160798034668,998716.0798034668
Y2021_LAT23.59718_LON90.16326,2021,90.16325785798442,23.597176825579254,0.3187989395681943,0.10830044476602511,0.5729006156657807,0.0,0.0,0.0,3,0,0,1,0,0,0,0,0.998730386795044,998730.386795044
Y2021_LAT23.59736_LON90.17305,2021,90.1730473421215,23.597355468053422,0.034599972323633335,0.2518992361156046,0.7094007957442046,0.00409999581655767,0.0,0.0,3,0,0,1,0,0,0,0,0.9987446420135498,998744.6420135498
Y2021_LAT23.59753_LON90.18284,2021,90.18283692257297,23.597533494740503,0.0,0.0,0.9507999089542809,0.049200091045719124,0.0,0.0,3,0,0,1,0,0,0,0,0.9987588518447876,998758.8518447876
Y2021_LAT23.59771_LON90.19263,2021,90.19262659872543,23.597710905631754,0.0,0.0,0.9729000848725291,0.013099953352503687,0.013999961774967176,0.0,3,0,0,1,0,0,0,0,0.9987730102996826,998773.0102996826
Y2021_LAT23.59789_LON90.20242,2021,90.20241637070119,23.597887700577804,0.0,0.0,0.9863999663131885,0.013600033686811456,0.0,0.0,3,0,0,1,0,0,0,0,0.9987871192245483,998787.1192245483
Y2021_LAT23.59806_LON90.21221,2021,90.2122062376602,23.598063879734603,0.0,0.0,0.9982984576252965,0.0,0.0017015423747035584,0.0,3,0,0,1,0,0,0,0,0.997902252861023,997902.252861023
Y2021_LAT23.59824_LON90.222,2021,90.22199619966455,23.598239442940674,0.2643013752437411,0.0012060664000375161,0.681253324795375,0.0,0.05323923356084633,0.0,3,0,0,1,0,0,0,0,0.5797111211776733,579711.1211776733
Y2021_LAT23.60382_LON90.0358,2021,90.03580056021092,23.603819062003787,0.0,0.0,0.0,1.0,0.0,0.0,4,0,0,0,1,0,0,0,0.08747274250030518,87472.74250030518
Y2021_LAT23.60401_LON90.04559,2021,90.04558943091567,23.604005787425084,0.0,0.0,0.0,1.0,0.0,0.0,4,0,0,0,1,0,0,0,0.9985554807815552,998555.4807815552
Y2021_LAT23.60419_LON90.05538,2021,90.05537840230976,23.604191897131464,0.0,0.0,0.0,1.0,0.0,0.0,4,0,0,0,1,0,0,0,0.9985703257522583,998570.3257522583
Y2021_LAT23.60438_LON90.06517,2021,90.06516747390894,23.604377391056207,0.0,0.0,0.0,1.0,0.0,0.0,4,0,0,0,1,0,0,0,0.9985851228179932,998585.1228179932
Y2021_LAT23.60456_LON90.07496,2021,90.07495664531908,23.604562269171513,0.0,0.0,0.0,0.9573997775524987,0.0,0.042600222447501335,4,0,0,0,1,0,0,0,0.9985998696670533,998599.8696670532
Y2021_LAT23.60475_LON90.08475,2021,90.0847459164338,23.60474653156223,0.062000361372804236,0.02190001720380679,0.04170016332496881,0.8148995143690331,0.0,0.05949994372938722,4,0,0,0,1,0,0,0,0.9986145675125122,998614.5675125122
Y2021_LAT23.60493_LON90.09454,2021,90.09453528668544,23.604930178071733,0.5928002638790607,0.026199890792562717,0.2675003976462405,0.11349944768213613,0.0,0.0,1,1,0,0,0,0,0,0,0.9986292183609009,998629.2183609009
Y2021_LAT23.60511_LON90.10432,2021,90.1043247559147,23.605113208680958,0.6538998910055193,0.005500008550796266,0.3127000450306284,0.02790005541305608,0.0,0.0,1,1,0,0,0,0,0,0,0.9986438179016113,998643.8179016113
Y2021_LAT23.6053_LON90.11411,2021,90.11411432372446,23.60529562340362,0.9805000809936735,0.0010999926304325806,0.018399926375893993,0.0,0.0,0.0,1,1,0,0,0,0,0,0,0.9986583685302735,998658.3685302734
Y2021_LAT23.60548_LON90.1239,2021,90.12390398969818,23.605477422242103,0.998799997544654,0.001200002455345964,0.0,0.0,0.0,0.0,1,1,0,0,0,0,0,0,0.9986728706359863,998672.8706359863
Y2021_LAT23.60566_LON90.13369,2021,90.13369375355154,23.60565860512001,1.0,0.0,0.0,0.0,0.0,0.0,1,1,0,0,0,0,0,0,0.9986873244476319,998687.3244476318
Y2021_LAT23.60584_LON90.14348,2021,90.14348361520004,23.605839172028713,0.7200988929977734,0.0907004215094207,0.18920068549280586,0.0,0.0,0.0,1,1,0,0,0,0,0,0,0.9987017288665772,998701.7288665771
Y2021_LAT23.60602_LON90.15327,2021,90.15327357382665,23.606019123018413,0.15430041323695257,0.29359961991837863,0.550699957861761,0.0014000089829078247,0.0,0.0,3,0,0,1,0,0,0,0,0.9987160824584961,998716.0824584961
Y2021_LAT23.6062_LON90.16306,2021,90.16306362955613,23.60619845790072,0.19559999740719403,0.05639994063841564,0.7474000580260082,0.0004000028430015951,0.0,0.00020000108538069652,3,0,0,1,0,0,0,0,0.9987303893127442,998730.3893127441
Y2021_LAT23.60638_LON90.17285,2021,90.17285378178809,23.606377176799203,0.17309980454500115,0.02300001730579014,0.7376003937089536,0.06619978511878102,0.0,9.999932147410702e-05,3,0,0,1,0,0,0,0,0.9987446460037231,998744.6460037231
Y2021_LAT23.60656_LON90.18264,2021,90.18264403031846,23.606555279586352,0.012200078214058158,0.0011000075131747452,0.938599789758435,0.04810012451433213,0.0,0.0,3,0,0,1,0,0,0,0,0.9987588532562256,998758.8532562256
Y2021_LAT23.60673_LON90.19243,2021,90.19243437474309,23.606732766323343,0.2073992029999662,0.0015999923290888696,0.7910008046709449,0.0,0.0,0.0,3,0,0,1,0,0,0,0,0.9987730131530762,998773.0131530762
Y2021_LAT23.60691_LON90.20222,2021,90.2022248147184,23.606909636996896,0.21420013861491544,0.0,0.7788998410822081,0.006900020302876537,0.0,0.0,3,0,0,1,0,0,0,0,0.9987871231842042,998787.1231842041
Y2021_LAT23.60709_LON90.21202,2021,90.21201535003638,23.607085891462493,0.3110001781698307,0.00020000050609988496,0.6872998279625819,0.0,0.0014999933614874422,0.0,3,0,0,1,0,0,0,0,0.9988011834716797,998801.1834716797
Y2021_LAT23.60726_LON90.22181,2021,90.22180598019388,23.607261529761217,0.6271292895268114,0.01645849524250494,0.35039631450057196,0.0,0.00601590073011161,0.0,1,1,0,0,0,0,0,0,0.8799554725189209,879955.4725189209
Y2021_LAT23.61081_LON90.42743,2021,90.4274305541086,23.610807560186927,0.3425560031027528,0.16600758811669772,0.0,0.49143640878054945,0.0,0.0,4,0,0,0,1,0,0,1,0.07583186631774902,75831.86631774902
Y2021_LAT23.61097_LON90.43722,2021,90.43722318874711,23.610969637133653,0.03878110903428639,0.022160644521889195,0.0,0.9390582464438244,0.0,0.0,4,0,0,0,1,0,0,0,0.03606773405456543,36067.73405456543
Y2021_LAT23.61284_LON90.0356,2021,90.03559754830985,23.612839664946023,0.0,0.0,0.0,1.0,0.0,0.0,4,0,0,0,1,0,0,0,0.014279223342895508,14279.223342895508
Y2021_LAT23.61303_LON90.04539,2021,90.04538708712415,23.613026470220152,0.0,0.0,0.0,1.0,0.0,0.0,4,0,0,0,1,0,0,0,0.4457563989028931,445756.39890289307
Y2021_LAT23.61321_LON90.05518,2021,90.05517672658286,23.613212659495474,0.0,0.0,0.0,1.0,0.0,0.0,4,0,0,0,1,0,0,0,0.9985703291397094,998570.3291397095
Y2021_LAT23.6134_LON90.06497,2021,90.06496646617603,23.613398232742085,0.0,0.0,0.0,0.989899933580927,0.0,0.010100066419073022,4,0,0,0,1,0,0,0,0.9985851262435913,998585.1262435913
Y2021_LAT23.61358_LON90.07476,2021,90.07475630593599,23.613583189987473,0.2649007972303182,0.004500026522219006,0.010200023339156664,0.5999990700434629,0.0,0.12040008286484331,4,0,0,0,1,0,0,0,0.9985998730926514,998599.8730926514
Y2021_LAT23.61377_LON90.08455,2021,90.08454624503301,23.613767531104923,0.6298006556540331,0.024399912717965502,0.2314998624849626,0.08599970958698755,0.0,0.028299859556051278,1,1,0,0,0,0,0,0,0.9986145711746216,998614.5711746216
Y2021_LAT23.61395_LON90.09434,2021,90.0943362835386,23.61395125614078,0.7340001972418564,0.0,0.2548998638577065,0.011099938900437123,0.0,0.0,1,1,0,0,0,0,0,0,0.9986292208175659,998629.2208175659
Y2021_LAT23.61413_LON90.10413,2021,90.1041264209493,23.614134364989457,0.5209997864126535,0.01110003634306976,0.43130015239359165,0.03660002485068502,0.0,0.0,1,1,0,0,0,0,0,0,0.9986438207550049,998643.8207550049
Y2021_LAT23.61432_LON90.11392,2021,90.11391665695459,23.61431685772132,0.8608005290417229,0.021100037238941664,0.11719943472893049,0.0008999989904049903,0.0,0.0,1,1,0,0,0,0,0,0,0.9986583722610474,998658.3722610474
Y2021_LAT23.6145_LON90.12371,2021,90.12370699133956,23.61449873427826,0.9999000001383153,0.0,0.0,9.999986168472446e-05,0.0,0.0,1,1,0,0,0,0,0,0,0.9986728748474121,998672.8748474121
Y2021_LAT23.61468_LON90.1335,2021,90.13349742341325,23.614679994649983,1.0,0.0,0.0,0.0,0.0,0.0,1,1,0,0,0,0,0,0,0.9986873279266357,998687.3279266357
Y2021_LAT23.61486_LON90.14329,2021,90.14328795335798,23.61486063877238,0.8781996811882242,0.1113003049316417,0.0,0.010500013880134074,0.0,0.0,1,1,0,0,0,0,0,0,0.9987017328643799,998701.7328643799
Y2021_LAT23.61504_LON90.15308,2021,90.15307858043687,23.615040666645115,0.39889900284738694,0.11369981597095076,0.4843011826886524,0.0030999984930099186,0.0,0.0,3,0,0,1,0,0,0,1,0.9987160867767334,998716.0867767334
Y2021_LAT23.61522_LON90.16287,2021,90.16286930453626,23.615220078272785,0.008199946021287612,0.000500003139147836,0.9523998237697383,0.017900095286729825,0.021000131783096367,0.0,3,0,0,1,0,0,0,0,0.9987303934936523,998730.3934936523
Y2021_LAT23.6154_LON90.17266,2021,90.17266012519073,23.61539887355715,0.0,0.00439998106357555,0.9084003012006284,0.005799966442061847,0.08139975129373418,0.0,3,0,0,1,0,0,0,0,0.9987446488800049,998744.6488800049
Y2021_LAT23.61558_LON90.18245,2021,90.18245104214844,23.615577052580065,0.27580104724337307,0.0,0.7228989509476511,0.0,0.0013000018089758495,0.0,3,0,0,1,0,0,0,0,0.9987588570709228,998758.8570709229
Y2021_LAT23.61575_LON90.19224,2021,90.19224205510541,23.615754615156238,0.4163987540129996,0.0,0.5836012459870004,0.0,0.0,0.0,3,0,0,1,0,0,0,0,0.9987730157546997,998773.0157546997
Y2021_LAT23.61593_LON90.20203,2021,90.20203316359571,23.615931561351996,0.1998000422969674,0.0045000132260329725,0.7950999447647632,0.0005999997122364282,0.0,0.0,3,0,0,1,0,0,0,0,0.9987871255493164,998787.1255493164
Y2021_LAT23.61611_LON90.21182,2021,90.21182436738655,23.616107891202397,0.1170999212536424,0.16280054762382365,0.720099531122534,0.0,0.0,0.0,3,0,0,1,0,0,0,0,0.9988011865310669,998801.1865310669
Y2021_LAT23.61628_LON90.22162,2021,90.22161566617069,23.61628360470942,0.47132032828988185,0.0798830018285977,0.4466758827409699,0.0021207871405505368,0.0,0.0,1,1,0,0,0,0,0,1,0.9890267427825927,989026.7427825928
Y2021_LAT23.61646_LON90.23141,2021,90.23140705959227,23.616458701651823,0.7488492769911173,0.1686065937048024,0.07144809022483106,0.011096039079249418,0.0,0.0,1,1,0,0,0,0,0,0,0.3690664388809204,369066.4388809204
Y2021_LAT23.61967_LON90.41746,2021,90.41746107051672,23.619668388276192,0.0038167890406000738,0.3702288394770807,0.5877864857397308,0.03816788574258843,0.0,0.0,3,0,0,1,0,0,0,0,0.02617617839050293,26176.17839050293
Y2021_LAT23.61983_LON90.42725,2021,90.42725428650954,23.619831151396586,0.2409836752102451,0.11743448497222263,0.5111684152142902,0.13028862671908986,0.0,0.00012479788415233382,3,0,0,1,0,0,0,0,0.800578106552124,800578.106552124
Y2021_LAT23.61999_LON90.43705,2021,90.4370475903296,23.619993297595872,0.5010018371372663,0.31718986918921355,0.00701398796465161,0.15018940140626677,0.0,0.024604904302601815,1,1,0,0,0,0,0,0,0.8974011365432739,897401.1365432739
Y2021_LAT23.62015_LON90.44684,2021,90.44684098126899,23.62015482686077,0.25142012630531785,0.17708328790201947,0.0,0.3896785565455331,0.0,0.18181802924712961,4,0,0,0,1,0,0,1,0.21101419497680665,211014.19497680664
Y2021_LAT23.62205_LON90.04518,2021,90.0451846426677,23.622047140885098,0.0,0.0,0.0,1.0,0.0,0.0,4,0,0,0,1,0,0,0,0.5322318859786987,532231.8859786987
Y2021_LAT23.62223_LON90.05497,2021,90.05497495057985,23.622233409800938,0.0,0.00010000071769552995,0.0,0.9998999992823044,0.0,0.0,4,0,0,0,1,0,0,0,0.9985703326950073,998570.3326950073
Y2021_LAT23.62242_LON90.06477,2021,90.0647653586326,23.622419062338707,0.31080094381697043,0.07190017430866334,0.09290007764146577,0.5031987026140498,0.0,0.02120010161885074,4,0,0,0,1,0,0,0,0.9985851296691894,998585.1296691895
Y2021_LAT23.6226_LON90.07456,2021,90.07455586678286,23.622604098559172,0.9407002925376848,0.03199980718615261,0.017799930157531164,0.008899974456978021,0.0,0.0005999956616534421,1,1,0,0,0,0,0,0,0.9985998769073486,998599.8769073486
Y2021_LAT23.62279_LON90.08435,2021,90.08434647441372,23.622788518455952,0.9048001449156442,0.017899914795716922,0.04949982846323431,0.027800111825404625,0.0,0.0,1,1,0,0,0,0,0,0,0.9986145741653443,998614.5741653442
Y2021_LAT23.62297_LON90.09414,2021,90.0941371814257,23.62297232203743,0.842999409230089,0.00550002760570468,0.15150056316420635,0.0,0.0,0.0,1,1,0,0,0,0,0,0,0.9986292247772217,998629.2247772217
Y2021_LAT23.62316_LON90.10393,2021,90.10392798735614,23.6231555092476,0.8857001435710159,0.05840006892193093,0.051999785575138534,0.0039000019319146016,0.0,0.0,1,1,0,0,0,0,0,0,0.9986438245010376,998643.8245010376
Y2021_LAT23.62334_LON90.11372,2021,90.11371889198318,23.623338079937007,1.0,0.0,0.0,0.0,0.0,0.0,1,1,0,0,0,0,0,0,0.9986583757247924,998658.3757247925
Y2021_LAT23.62352_LON90.12351,2021,90.12350989495626,23.623520034243022,1.0,0.0,0.0,0.0,0.0,0.0,1,1,0,0,0,0,0,0,0.998672877456665,998672.877456665
Y2021_LAT23.6237_LON90.1333,2021,90.13330099572634,23.623701372131254,0.9489996867544843,0.0,0.04000024322271352,0.011000070022802141,0.0,0.0,1,1,0,0,0,0,0,0,0.9986873300857544,998687.3300857544
Y2021_LAT23.62388_LON90.14309,2021,90.14309219432819,23.623882093479704,0.5656001089820942,0.06320000973807595,0.34310003883000223,0.028099842449827547,0.0,0.0,1,1,0,0,0,0,0,0,0.998701735420227,998701.735420227
Y2021_LAT23.62406_LON90.15288,2021,90.15288349003131,23.624062198306426,0.13230003564722886,0.07200009788574732,0.7716999038262691,0.023999962640754782,0.0,0.0,3,0,0,1,0,0,0,0,0.9987160897140503,998716.0897140503
Y2021_LAT23.62424_LON90.16267,2021,90.16267488295445,23.62424168658617,0.0,0.0,0.8340992135935245,0.006000011094713336,0.15990077531176217,0.0,3,0,0,1,0,0,0,0,0.9987303958129883,998730.3958129883
Y2021_LAT23.62442_LON90.17247,2021,90.1724663722966,23.62442055832163,0.0,0.029399990134164933,0.2824003203915645,0.0006000023419704443,0.6875996871323001,0.0,5,0,0,0,0,1,0,0,0.9987446520309449,998744.6520309448
Y2021_LAT23.6246_LON90.18226,2021,90.18225795806664,23.62459881340563,0.03380019314583489,0.0,0.9356000025892152,0.0,0.03059980426494995,0.0,3,0,0,1,0,0,0,0,0.9987588617019654,998758.8617019653
Y2021_LAT23.62478_LON90.19205,2021,90.19204963976729,23.624776451971467,0.5504005571799866,0.0006000034346341492,0.4469994432701507,9.999978055349744e-05,0.001899996334675083,0.0,1,1,0,0,0,0,0,0,0.9987730200195313,998773.0200195312
Y2021_LAT23.62495_LON90.20184,2021,90.20184141712039,23.62495347385864,0.8660005437272353,0.0012999947863316745,0.13269946148643302,0.0,0.0,0.0,1,1,0,0,0,0,0,0,0.9987871289596557,998787.1289596558
Y2021_LAT23.62513_LON90.21163,2021,90.21163328993414,23.625129879066357,0.8395992960446899,0.06250025609581336,0.09760044824040691,0.0002999996190898699,0.0,0.0,1,1,0,0,0,0,0,0,0.9988011898498536,998801.1898498535
Y2021_LAT23.62531_LON90.22143,2021,90.22142525746936,23.62530566762347,0.4843999589776084,0.07429979836279839,0.4402002466385286,0.0010999960210647307,0.0,0.0,1,1,0,0,0,0,0,1,0.998815202949524,998815.2029495239
Y2021_LAT23.62548_LON90.23122,2021,90.23121731985778,23.625480839488127,0.22867707513284102,0.09612703538027578,0.6751958894868832,0.0,0.0,0.0,3,0,0,1,0,0,0,0,0.995433122215271,995433.122215271
Y2021_LAT23.62566_LON90.24101,2021,90.24100947645256,23.62565539456397,0.16267955609982893,0.15789489975994642,0.6794255441402247,0.0,0.0,0.0,3,0,0,1,0,0,0,0,0.10437848424530029,104378.4842453003
Y2021_LAT23.62853_LON90.40749,2021,90.40749024821709,23.62852844823897,0.7547170785562197,0.006289312241858797,0.23899360920192148,0.0,0.0,0.0,1,1,0,0,0,0,0,0,0.01588533822631836,15885.33822631836
Y2021_LAT23.62869_LON90.41728,2021,90.41728404573055,23.628691898141074,0.30589369966528385,0.3034564406700554,0.1900181197441105,0.18069763930691402,0.0,0.019934100613636235,1,1,0,0,0,0,0,1,0.6966629853744507,696662.9853744507
Y2021_LAT23.62885_LON90.42708,2021,90.42707793134738,23.628854730893405,0.14419975115994388,0.5898002000881096,0.12809984293969393,0.1237001318427046,0.0,0.014200073969547984,2,0,1,0,0,0,0,0,0.9990981031646728,999098.1031646729
Y2021_LAT23.62902_LON90.43687,2021,90.43687190449724,23.62901694640605,0.4154008065071589,0.1293995872135,0.11689987596639993,0.276199834358515,0.0,0.062099895954426186,1,1,0,0,0,0,0,1,0.9991110331878662,999111.0331878662
Y2021_LAT23.62918_LON90.44667,2021,90.44666596520008,23.629178544766493,0.3093550895412617,0.14333078882906258,0.00802827264504118,0.48191069235034517,0.0,0.05737515663428941,4,0,0,0,1,0,0,1,0.9333812489013672,933381.2489013672
Y2021_LAT23.62934_LON90.45646,2021,90.45646011266055,23.629339525830826,0.3143301386143398,0.0,0.0033995712761660216,0.6822702901094941,0.0,0.0,4,0,0,0,1,0,0,0,0.38206938999176027,382069.38999176025
Y2021_LAT23.6295_LON90.46625,2021,90.46625434707975,23.629499889634047,0.002594025269307047,0.0,0.0,0.9974059747306929,0.0,0.0,4,0,0,0,1,0,0,0,0.07703419909667969,77034.19909667969
Y2021_LAT23.63032_LON90.00582,2021,90.00581920137908,23.630316240577596,0.0,0.0,1.0,0.0,0.0,0.0,3,0,0,1,0,0,0,0,0.022965541114807128,22965.54111480713
Y2021_LAT23.63051_LON90.01561,2021,90.01560977336864,23.63050505498827,0.0,0.1632456014069029,0.07104461437449597,0.6416171145824664,0.0,0.12409266963613479,4,0,0,0,1,0,0,0,0.316228695930481,316228.69593048096
Y2021_LAT23.63069_LON90.0254,2021,90.02540044685855,23.630693252966037,0.0,0.0,0.0,0.43167835950311456,0.0,0.5683216404968855,6,0,0,0,0,0,1,0,0.5232276231307983,523227.62313079834
Y2021_LAT23.63088_LON90.03519,2021,90.03519122181311,23.630880834439807,0.0,0.0,0.0,0.7796327790110219,0.0,0.22036722098897812,4,0,0,0,1,0,0,0,0.5745602910232543,574560.2910232544
Y2021_LAT23.63107_LON90.04498,2021,90.04498209763678,23.631067799488108,0.0014343864925514833,0.0,0.0,0.9985656135074485,0.0,0.0,4,0,0,0,1,0,0,0,0.8353921760406494,835392.1760406494
Y2021_LAT23.63125_LON90.05477,2021,90.05477307428313,23.63125414791276,0.4768010538632493,0.0011000050939579075,0.006000015158558232,0.4924989152294052,0.0,0.023600010654829376,4,0,0,0,1,0,0,1,0.9985703366317749,998570.3366317749
Y2021_LAT23.63144_LON90.06456,2021,90.06456415109373,23.631439879824676,0.9820000655365733,0.0010999944185159035,0.015699948682852634,0.0011999913620582424,0.0,0.0,1,1,0,0,0,0,0,0,0.9985851325378418,998585.1325378418
Y2021_LAT23.63162_LON90.07436,2021,90.07435532800123,23.631624995172196,0.9854000315095606,0.0,0.002999997506862396,0.011599970983577011,0.0,0.0,1,1,0,0,0,0,0,0,0.9985998797683716,998599.8797683716
Y2021_LAT23.63181_LON90.08415,2021,90.08414660449293,23.63180949390038,0.9584999682424786,0.0400000336296601,0.00010000003817697568,0.0013999980896843402,0.0,0.0,1,1,0,0,0,0,0,0,0.9986145784759521,998614.5784759521
Y2021_LAT23.63199_LON90.09394,2021,90.09393798038876,23.631993375975423,0.9844999267216499,0.013200079957210576,0.0,0.0022999933211396008,0.0,0.0,1,1,0,0,0,0,0,0,0.9986292273864746,998629.2273864746
Y2021_LAT23.63218_LON90.10373,2021,90.10372945514797,23.632176641432846,0.9832000908787404,0.00909994009363763,0.0076999690276219725,0.0,0.0,0.0,1,1,0,0,0,0,0,0,0.9986438276672364,998643.8276672363
Y2021_LAT23.63236_LON90.11352,2021,90.11352102874518,23.632359290245322,0.9993999975372813,0.0006000024627187077,0.0,0.0,0.0,0.0,1,1,0,0,0,0,0,0,0.9986583791046143,998658.3791046143
Y2021_LAT23.63254_LON90.12331,2021,90.1233127005404,23.632541322280527,0.9951000306033058,0.004799969100142105,0.00010000029655215995,0.0,0.0,0.0,1,1,0,0,0,0,0,0,0.9986728806991577,998672.8806991577
Y2021_LAT23.63272_LON90.1331,2021,90.1331044703737,23.632722737589727,0.7222990960738535,0.08680018535793996,0.17890064746354795,0.012000071104658621,0.0,0.0,1,1,0,0,0,0,0,0,0.9986873349533081,998687.3349533081
Y2021_LAT23.6329_LON90.1429,2021,90.14289633789178,23.632903536121397,0.22709985979889738,0.07779997009349011,0.6887001992691291,0.006399970838483498,0.0,0.0,3,0,0,1,0,0,0,0,0.9987017384719848,998701.7384719849
Y2021_LAT23.63308_LON90.15269,2021,90.15268830279018,23.633083717909535,0.1532997420062852,0.03290005234162577,0.7766002214262447,0.03719998422584425,0.0,0.0,3,0,0,1,0,0,0,0,0.9987160928573608,998716.0928573608
Y2021_LAT23.63326_LON90.16248,2021,90.16248036463116,23.63326328292619,0.006700000991611582,0.06200014430208739,0.8915998353241457,0.03970001938215537,0.0,0.0,3,0,0,1,0,0,0,0,0.9987303983688355,998730.3983688354
Y2021_LAT23.63344_LON90.17227,2021,90.17227252312696,23.633442231101427,0.1314003290456048,0.1881000609836088,0.6738995744113934,0.0,0.006600035559392995,0.0,3,0,0,1,0,0,0,0,0.9987446559677124,998744.6559677124
Y2021_LAT23.63362_LON90.18206,2021,90.18206477793981,23.633620562439855,0.323799193551318,0.04339992259565733,0.6308008956894623,0.0009999950671961985,0.0009999930963663405,0.0,3,0,0,1,0,0,0,0,0.9987588634490967,998758.8634490967
Y2021_LAT23.6338_LON90.19186,2021,90.1918571289066,23.633798276889035,0.005800038969055894,0.0031000205269523023,0.8719998212788211,0.0,0.11910011922517066,0.0,3,0,0,1,0,0,0,0,0.9987730230331421,998773.0230331421
Y2021_LAT23.63398_LON90.20165,2021,90.20164957542866,23.633975374415314,0.612701381728853,0.038599993273908485,0.33729867171311667,0.0,0.011399953284121953,0.0,1,1,0,0,0,0,0,0,0.9987871315383912,998787.1315383911
Y2021_LAT23.63415_LON90.21144,2021,90.21144211729985,23.634151855098914,0.7688989388509824,0.0022000070672735703,0.21730108169424076,0.011599972387503403,0.0,0.0,1,1,0,0,0,0,0,0,0.9988011925048829,998801.1925048828
Y2021_LAT23.63433_LON90.22123,2021,90.22123475423295,23.63432771868755,0.08559960002849651,0.00989996262483892,0.9036004434574432,0.0008999938892214727,0.0,0.0,3,0,0,1,0,0,0,0,0.9988152059173584,998815.2059173584
Y2021_LAT23.6345_LON90.23103,2021,90.23102748576463,23.634502965365662,0.017200063120002884,0.0,0.9819999371334555,0.0005000003724529873,0.000299999374088634,0.0,3,0,0,1,0,0,0,0,0.9988291662445068,998829.1662445068
Y2021_LAT23.63468_LON90.24082,2021,90.24082031170049,23.634677595118372,0.3444371510812433,0.005531640359031335,0.6500312085597254,0.0,0.0,0.0,3,0,0,1,0,0,0,0,0.8125584328308105,812558.4328308105
Y2021_LAT23.63485_LON90.25061,2021,90.25061323168009,23.634851607806073,0.09090918324472376,0.0,0.9090908167552763,0.0,0.0,0.0,3,0,0,1,0,0,0,0,0.14063826360321044,140638.26360321045
Y2021_LAT23.63639_LON90.33875,2021,90.33875368700485,23.636389951955973,0.9961089472286497,0.0,0.0038910527713502427,0.0,0.0,0.0,1,1,0,0,0,0,0,0,0.025673895767211914,25673.895767211914
Y2021_LAT23.63656_LON90.34855,2021,90.3485475288623,23.636557793127782,0.6979220359792845,0.019509160732779376,0.0,0.2819394762138385,0.0,0.0006293270740976334,1,1,0,0,0,0,0,0,0.15873993330383301,158739.933303833
Y2021_LAT23.63673_LON90.35834,2021,90.35834146104834,23.6367250170369,0.23880582348224008,0.7014927277712937,0.0,0.059701448746466296,0.0,0.0,2,0,1,0,0,0,0,0,0.0066933027114868164,6693.302711486816
Y2021_LAT23.63739_LON90.39752,2021,90.39751808669469,23.637387739383705,0.6335619318923004,0.0,0.3664380681076997,0.0,0.0,0.0,1,1,0,0,0,0,0,0,0.029172682411193848,29172.682411193848
Y2021_LAT23.63755_LON90.40731,2021,90.40731246568988,23.637551876547917,0.6015482230690449,0.010133728267153964,0.038986647966197496,0.3493314006976037,0.0,0.0,1,1,0,0,0,0,0,0,0.7098415767898559,709841.576789856
Y2021_LAT23.63772_LON90.41711,2021,90.41710693302514,23.637715396337033,0.8604000678535693,0.0009999965522962209,0.01280005386554001,0.12579988172859452,0.0,0.0,1,1,0,0,0,0,0,0,0.9990851248474121,999085.1248474121
Y2021_LAT23.63788_LON90.4269,2021,90.4269014883994,23.63787829860412,0.3173992991147899,0.02689995150488158,0.5675006422971572,0.08780010789819481,0.0,0.0003999991849766045,3,0,0,1,0,0,0,0,0.9990981050567627,999098.1050567627
Y2021_LAT23.63804_LON90.4367,2021,90.43669613149267,23.638040583534906,0.6606007022021178,0.00040000243826677405,0.12269992688831982,0.21629936847129574,0.0,0.0,1,1,0,0,0,0,0,0,0.9991110362167358,999111.0362167358
Y2021_LAT23.6382_LON90.44649,2021,90.44649086199318,23.638202250870602,0.5169999697292252,0.03389991914667614,0.14969999606613751,0.2994001150579611,0.0,0.0,1,1,0,0,0,0,0,0,0.99912391872406,999123.9187240601
Y2021_LAT23.63836_LON90.45629,2021,90.45628567938968,23.638363300724464,0.8545000227521619,0.0035999903068606866,0.012399949282225053,0.1248000110089297,0.0,0.0047000266498227325,1,1,0,0,0,0,0,0,0.9991367518157959,999136.7518157959
Y2021_LAT23.63852_LON90.46608,2021,90.4660805836651,23.638523733078866,0.8167901110437141,0.001326116672525908,0.0,0.1802516281834938,0.0,0.0016321441002661275,1,1,0,0,0,0,0,0,0.9794661780090332,979466.1780090332
Y2021_LAT23.63868_LON90.47588,2021,90.4758755741877,23.638683547890317,0.0,0.0,0.0,1.0,0.0,0.0,4,0,0,0,1,0,0,0,0.05265554526519775,52655.545265197754
Y2021_LAT23.63934_LON90.00561,2021,90.00561387970349,23.639336565967717,0.0,0.0043149891226610965,0.40632859991895304,0.34555910458078365,0.0,0.24379730637760222,3,0,0,1,0,0,0,1,0.2776831385269165,277683.1385269165
Y2021_LAT23.63953_LON90.01541,2021,90.01540512064885,23.63952546108223,0.0,0.004599974526263889,0.02189985286847831,0.3309003724691518,0.0,0.642599800136106,6,0,0,0,0,0,1,0,0.9985106624450684,998510.6624450684
Y2021_LAT23.63971_LON90.0252,2021,90.02519646314518,23.63971373938418,0.0,0.0,0.0,0.48900031102681263,0.0,0.5109996889731874,6,0,0,0,0,0,1,0,0.9985256575164795,998525.6575164795
Y2021_LAT23.6399_LON90.03499,2021,90.034987907132,23.639901401038887,0.0,0.0,0.0,0.9868000910996747,0.0,0.013199908900325328,4,0,0,0,1,0,0,0,0.998540598083496,998540.5980834961
Y2021_LAT23.64009_LON90.04478,2021,90.0447794519759,23.640088445903352,0.5119014497909444,0.0,0.0,0.4880985502090555,0.0,0.0,1,1,0,0,0,0,0,0,0.9985554943542481,998555.494354248
Y2021_LAT23.64027_LON90.05457,2021,90.05457109761258,23.640274873959928,0.9978999850362027,0.0,0.002100014963797312,0.0,0.0,0.0,1,1,0,0,0,0,0,0,0.9985703403625489,998570.3403625488
Y2021_LAT23.64046_LON90.06436,2021,90.06436284361011,23.640460685216986,0.6273993666229141,0.05140032573694933,0.32120030764013663,0.0,0.0,0.0,1,1,0,0,0,0,0,0,0.9985851356735229,998585.135673523
Y2021_LAT23.64065_LON90.07415,2021,90.07415468950585,23.640645879660966,0.26400046662574245,0.06839989781951783,0.6675996355547398,0.0,0.0,0.0,3,0,0,1,0,0,0,0,0.9985998836593628,998599.8836593628
Y2021_LAT23.64083_LON90.08395,2021,90.08394663527612,23.640830457164387,0.8699999829242647,0.009199953611437378,0.1208000634642979,0.0,0.0,0.0,1,1,0,0,0,0,0,0,0.9986145814132691,998614.581413269
Y2021_LAT23.64101_LON90.09374,2021,90.09373868027474,23.641014417838402,0.6764002204482285,0.0054000242248448465,0.3181997553269267,0.0,0.0,0.0,1,1,0,0,0,0,0,0,0.9986292311401367,998629.2311401367
Y2021_LAT23.6412_LON90.10353,2021,90.1035308243452,23.64119776157217,0.9925999509244624,0.007400049075537567,0.0,0.0,0.0,0.0,1,1,0,0,0,0,0,0,0.9986438310928345,998643.8310928345
Y2021_LAT23.64138_LON90.11332,2021,90.11332306709959,23.641380488381355,0.7517992491739012,0.025899962370754658,0.22230078845534415,0.0,0.0,0.0,1,1,0,0,0,0,0,0,0.9986583826141358,998658.3826141357
Y2021_LAT23.64156_LON90.12312,2021,90.12311540817527,23.641562598137853,0.4196003792374045,0.0008000029348396961,0.5792996159307697,0.00030000189698620915,0.0,0.0,3,0,0,1,0,0,0,0,0.9986728843231201,998672.8843231201
Y2021_LAT23.64174_LON90.13291,2021,90.13290784739192,23.641744090980474,0.2682988118413609,0.028000086440829713,0.7037011017178094,0.0,0.0,0.0,3,0,0,1,0,0,0,0,0.9986873373031616,998687.3373031616
Y2021_LAT23.64192_LON90.1427,2021,90.14270038417922,23.641924966844844,0.1032999181005933,0.145800124326236,0.7426999780902277,0.008199979482943034,0.0,0.0,3,0,0,1,0,0,0,0,0.9987017419586182,998701.7419586182
Y2021_LAT23.64211_LON90.15249,2021,90.15249301838595,23.642105225609342,0.014600039418549341,0.033200160926471725,0.9246997563042043,0.023600033676229558,0.003900009674545046,0.0,3,0,0,1,0,0,0,0,0.9987160972518921,998716.0972518921
Y2021_LAT23.64228_LON90.16229,2021,90.16228574967943,23.642284867321358,0.4565005917489484,0.12279956414692278,0.42049984517561245,0.0,0.000199998928516356,0.0,1,1,0,0,0,0,0,1,0.9987304024963379,998730.4024963379
Y2021_LAT23.64246_LON90.17208,2021,90.1720785776046,23.642463891935662,0.8613003561777162,0.05669975444765242,0.01489997244730971,0.06709991692732174,0.0,0.0,1,1,0,0,0,0,0,0,0.9987446588363648,998744.6588363647
Y2021_LAT23.64264_LON90.18187,2021,90.18187150192378,23.64264229939514,0.6684987077876623,0.06500009395747999,0.26500119116582105,0.0015000070890367925,0.0,0.0,1,1,0,0,0,0,0,0,0.9987588652496338,998758.8652496338
Y2021_LAT23.64282_LON90.19166,2021,90.19166452226102,23.642820089801756,0.1303002985963742,0.06620002021124125,0.8033996811603193,0.0,0.00010000003206525267,0.0,3,0,0,1,0,0,0,0,0.9987730256881714,998773.0256881714
Y2021_LAT23.643_LON90.20146,2021,90.20145763831516,23.642997262986942,0.6586012181114148,0.10369965643708351,0.23229914134703983,0.0014999969514684069,0.0038999871529936067,0.0,1,1,0,0,0,0,0,0,0.9987871352767944,998787.1352767944
Y2021_LAT23.64317_LON90.21125,2021,90.21125084981313,23.643173818962985,0.6828987001958032,0.0016000011185772832,0.31520129664693053,0.00030000203868895325,0.0,0.0,1,1,0,0,0,0,0,0,0.9988011959152222,998801.1959152222
Y2021_LAT23.64335_LON90.22104,2021,90.22104415619775,23.64334975780712,0.0023999839586554463,9.999947546801526e-05,0.9970000199829346,0.000499996582941847,0.0,0.0,3,0,0,1,0,0,0,0,0.9988152061462402,998815.2061462402
Y2021_LAT23.64353_LON90.23084,2021,90.23083755737242,23.64352507933352,0.0,0.0,0.9758000836480231,0.0,0.024199916351976894,0.0,3,0,0,1,0,0,0,0,0.9988291694946289,998829.1694946289
Y2021_LAT23.6437_LON90.24063,2021,90.24063105299706,23.643699783631327,0.0,0.0,1.0,0.0,0.0,0.0,3,0,0,1,0,0,0,0,0.9988430824813843,998843.0824813843
Y2021_LAT23.64387_LON90.25042,2021,90.25042464252478,23.64387387064979,0.022929048243146292,0.0,0.9323223404547769,0.04474861130207689,0.0,0.0,3,0,0,1,0,0,0,0,0.27008957106018067,270089.57106018066
Y2021_LAT23.64524_LON90.32878,2021,90.32877670500014,23.645244341741815,0.011526677790784494,0.0,0.9718238237206143,0.01664949848860127,0.0,0.0,3,0,0,1,0,0,0,0,0.3899973263320923,389997.3263320923
Y2021_LAT23.64541_LON90.33857,2021,90.33857112603943,23.645412872119582,0.41320857285183904,0.003520769756149273,0.4961050355010245,0.08705893181269848,0.0,0.00010669007828877409,3,0,0,1,0,0,0,1,0.9363437696380615,936343.7696380615
Y2021_LAT23.64558_LON90.34837,2021,90.3483656377998,23.64558078499094,0.7120006145528228,0.03239994528095744,0.027499890546849957,0.22549955514799988,0.0,0.002599994471369913,1,1,0,0,0,0,0,0,0.9989928874053955,998992.8874053955
Y2021_LAT23.64575_LON90.35816,2021,90.35816023995986,23.64574808033217,0.8603307867840074,0.13769210031362458,0.0019771129023680393,0.0,0.0,0.0,1,1,0,0,0,0,0,0,0.7073952833557129,707395.2833557129
Y2021_LAT23.64591_LON90.36795,2021,90.36795493214012,23.645914758103384,1.0,0.0,0.0,0.0,0.0,0.0,1,1,0,0,0,0,0,0,0.005994079727172852,5994.079727172852
Y2021_LAT23.64625_LON90.38754,2021,90.38754458534906,23.646246260859712,1.0,0.0,0.0,0.0,0.0,0.0,1,1,0,0,0,0,0,0,0.000599431396484375,599.431396484375
Y2021_LAT23.64641_LON90.39734,2021,90.39733954568743,23.646411085819135,0.3295696636543289,0.0028583709152506524,0.40960466504172965,0.20565942959265365,0.0,0.05230787079603715,3,0,0,1,0,0,0,1,0.6990427157821655,699042.7157821655
Y2021_LAT23.64658_LON90.40713,2021,90.4071345948111,23.646575293117806,0.6523003012316103,0.005199987039646415,0.307699864393265,0.03479984733547839,0.0,0.0,1,1,0,0,0,0,0,0,0.9990720971374512,999072.0971374512
Y2021_LAT23.64674_LON90.41693,2021,90.41692973226978,23.64673888273046,0.7383995390393211,0.03600012895559387,0.22560033200508503,0.0,0.0,0.0,1,1,0,0,0,0,0,0,0.9990851277236938,999085.1277236938
Y2021_LAT23.6469_LON90.42672,2021,90.42672495781879,23.646901854634045,0.42839950627381373,0.08500007974206178,0.34180021681615763,0.14470019700556985,0.0,0.00010000016239698318,1,1,0,0,0,0,0,1,0.9990981089401245,999098.1089401245
Y2021_LAT23.64706_LON90.43652,2021,90.43652027111423,23.647064208822663,0.4131001419706705,0.008999954038304442,0.37620054820519194,0.20159935626088313,0.0,9.999952495001354e-05,1,1,0,0,0,0,0,1,0.9991110390014648,999111.0390014648
Y2021_LAT23.64723_LON90.44632,2021,90.44631567169093,23.64722594529034,0.6099008239635354,0.0,0.383499136261459,0.006600039775005636,0.0,0.0,1,1,0,0,0,0,0,0,0.9991239214553833,999123.9214553833
Y2021_LAT23.64739_LON90.45611,2021,90.4561111594736,23.647387064043734,0.7511997095060684,0.017799989025270378,0.0,0.18380021760195214,0.0,0.04720008386670907,1,1,0,0,0,0,0,0,0.9991367546844483,999136.7546844482
Y2021_LAT23.64755_LON90.46591,2021,90.4659067338507,23.64754756495049,0.4853904797925108,0.013878723165538513,0.010409051751705095,0.4903217452902455,0.0,0.0,4,0,0,0,1,0,0,1,0.5471330102233887,547133.0102233887
Y2021_LAT23.64836_LON90.00541,2021,90.00540845614941,23.64835687910562,0.0,0.0,0.0,0.30472096907687746,0.0,0.6952790309231226,6,0,0,0,0,0,1,0,0.046530157821655274,46530.15782165527
Y2021_LAT23.64855_LON90.0152,2021,90.01520036621756,23.64854585489665,0.0,0.04302300404465538,0.0,0.4399391041557156,0.0,0.517037891799629,6,0,0,0,0,0,1,0,0.524518486755371,524518.4867553711
Y2021_LAT23.64873_LON90.02499,2021,90.02499237812492,23.648734213692826,0.0,0.0,0.0,0.5355017230977932,0.0,0.46449827690220685,4,0,0,0,1,0,0,0,0.9985256602554321,998525.6602554321
Y2021_LAT23.64892_LON90.03478,2021,90.03478449128586,23.648921955469756,0.1335007351582385,0.011300041627011667,0.0166000896700947,0.8385991335446552,0.0,0.0,4,0,0,0,1,0,0,0,0.9985406020355224,998540.6020355225
Y2021_LAT23.64911_LON90.04458,2021,90.04457670567825,23.649109080184143,0.9568999075767025,0.007900034870839144,0.02200014827411882,0.013199909278339566,0.0,0.0,1,1,0,0,0,0,0,0,0.9985554977722167,998555.4977722168
Y2021_LAT23.6493_LON90.05437,2021,90.05436902062065,23.649295587906977,0.5053993953045517,0.013799993322726134,0.4808006113727223,0.0,0.0,0.0,1,1,0,0,0,0,0,0,0.9985703437652588,998570.3437652588
Y2021_LAT23.64948_LON90.06416,2021,90.06416143605516,23.649481478506278,0.0,0.0,1.0,0.0,0.0,0.0,3,0,0,1,0,0,0,0,0.9985851394500732,998585.1394500732
Y2021_LAT23.64967_LON90.07395,2021,90.07395395141465,23.649666751983958,0.0,0.0,1.0,0.0,0.0,0.0,3,0,0,1,0,0,0,0,0.998599886932373,998599.886932373
Y2021_LAT23.64985_LON90.08375,2021,90.08374656663091,23.649851408340954,0.05399999490080293,0.014800014838190103,0.931199990261007,0.0,0.0,0.0,3,0,0,1,0,0,0,0,0.9986145853729248,998614.5853729248
Y2021_LAT23.65004_LON90.09354,2021,90.09353928119047,23.65003544756201,0.10200063077718458,0.04800024367588054,0.8408990705143998,0.00910005503253512,0.0,0.0,3,0,0,1,0,0,0,0,0.9986292339477539,998629.2339477539
Y2021_LAT23.65022_LON90.10333,2021,90.10333209480983,23.650218869588418,0.9973000193486369,0.0004999963914532594,0.002099984981619285,9.999927829065188e-05,0.0,0.0,1,1,0,0,0,0,0,0,0.9986438345031738,998643.8345031738
Y2021_LAT23.6504_LON90.11313,2021,90.11312500711442,23.65040167440918,0.3861990719171313,0.0,0.6138009280828687,0.0,0.0,0.0,3,0,0,1,0,0,0,0,0.9986583858566285,998658.3858566284
Y2021_LAT23.65058_LON90.12292,2021,90.12291801782324,23.650583862046677,0.40440053815034666,0.021400130916687115,0.514299196419713,0.059900134513253225,0.0,0.0,3,0,0,1,0,0,0,0,0.9986728868789673,998672.8868789673
Y2021_LAT23.65077_LON90.13271,2021,90.13271112660111,23.650765432392348,0.8109000884875361,0.03979986261036161,0.14870005122655544,0.0005999976755468073,0.0,0.0,1,1,0,0,0,0,0,0,0.9986873406829834,998687.3406829834
Y2021_LAT23.65095_LON90.1425,2021,90.14250433313134,23.650946385418102,0.5552993127586809,0.2048002214826338,0.23730046399531504,0.0026000017633702375,0.0,0.0,1,1,0,0,0,0,0,0,0.9987017445831299,998701.7445831299
Y2021_LAT23.65113_LON90.1523,2021,90.15229763707127,23.651126721263665,0.7738003109814148,0.06729983254444522,0.15609985104008509,0.0007000007970323737,0.0021000046370226568,0.0,1,1,0,0,0,0,0,0,0.9987161000442505,998716.1000442505
Y2021_LAT23.65131_LON90.16209,2021,90.16209103800124,23.65130643968151,0.9453997288012043,0.0,0.004499968356592345,0.05010030284220337,0.0,0.0,1,1,0,0,0,0,0,0,0.9987304048309327,998730.4048309326
Y2021_LAT23.65149_LON90.17188,2021,90.17188453565397,23.65148554072681,0.90509954809641,0.06720035150484374,0.009800066072953948,0.01790003432579234,0.0,0.0,1,1,0,0,0,0,0,0,0.9987446621932984,998744.6621932983
Y2021_LAT23.65166_LON90.18168,2021,90.18167812981739,23.651664024468683,0.4906002979625497,0.33909997132623315,0.03879977334210757,0.13149995736910952,0.0,0.0,1,1,0,0,0,0,0,1,0.9987588712615967,998758.8712615967
Y2021_LAT23.65184_LON90.19147,2021,90.19147181996394,23.651841890690815,0.6007001072046717,0.054599696832705415,0.32180028064098914,0.022799915198224233,0.0001000001234096293,0.0,1,1,0,0,0,0,0,0,0.9987730288925171,998773.0288925171
Y2021_LAT23.65202_LON90.20127,2021,90.20126560587352,23.65201913955223,0.9656998917370353,0.022000121882827687,0.01229998638013702,0.0,0.0,0.0,1,1,0,0,0,0,0,0,0.9987871377944947,998787.1377944946
Y2021_LAT23.6522_LON90.21106,2021,90.21105948714879,23.652195770994364,0.5081993461043982,0.18950003008585256,0.29760062357700034,0.00470000023274896,0.0,0.0,1,1,0,0,0,0,0,0,0.9988011989669799,998801.19896698
Y2021_LAT23.65237_LON90.22085,2021,90.2208534635432,23.652371784935802,0.6272997856332272,0.027799842596774194,0.3447003723001678,0.0001999994698308446,0.0,0.0,1,1,0,0,0,0,0,0,0.9988152087402343,998815.2087402344
Y2021_LAT23.65255_LON90.23065,2021,90.23064753466687,23.65254718137857,0.0014999897110941859,0.0,0.9985000102889058,0.0,0.0,0.0,3,0,0,1,0,0,0,0,0.9988291728134155,998829.1728134155
Y2021_LAT23.65272_LON90.24044,2021,90.24044170013242,23.652721960302607,0.0,0.0,0.8730994317113742,0.12690056828862584,0.0,0.0,3,0,0,1,0,0,0,0,0.9988430869369507,998843.0869369507
Y2021_LAT23.6529_LON90.25024,2021,90.25023595971354,23.652896121670423,0.0,0.0,0.44632794177443164,0.5536720582255683,0.0,0.0,4,0,0,0,1,0,0,0,0.5657518930740356,565751.8930740356
Y2021_LAT23.65307_LON90.26003,2021,90.26003031308993,23.65306966545825,0.00031786479420629524,0.02097909280562749,0.6443103036193252,0.3343927387808411,0.0,0.0,3,0,0,1,0,0,0,0,0.31424441891479493,314244.4189147949
Y2021_LAT23.65324_LON90.26982,2021,90.26982475978058,23.653242591653335,0.15693854505365756,0.0003865484572217038,0.5763433745817238,0.26633153190739706,0.0,0.0,3,0,0,1,0,0,0,0,0.25841062744903565,258410.62744903564
Y2021_LAT23.65393_LON90.309,2021,90.30900347414284,23.653928120017913,0.0,0.0,0.0,1.0,0.0,0.0,4,0,0,0,1,0,0,0,0.005394304824829102,5394.304824829102
Y2021_LAT23.6541_LON90.3188,2021,90.31879838284914,23.654097957912555,0.0,0.35805100537709655,0.03520109789000091,0.6067478967329025,0.0,0.0,4,0,0,0,1,0,0,0,0.47959806758117673,479598.06758117676
Y2021_LAT23.65427_LON90.32859,2021,90.32859338310587,23.654267177999625,0.1370045965428937,0.040164878561982004,0.4994966136907284,0.32333391120439586,0.0,0.0,3,0,0,1,0,0,0,1,0.9923729619522095,992372.9619522095
Y2021_LAT23.65444_LON90.33839,2021,90.33838847432703,23.65443578045313,0.4333998328184491,0.05300020836473971,0.2337002897497837,0.256999566869071,0.0,0.022900102197956494,1,1,0,0,0,0,0,1,0.9989795179672242,998979.5179672241
Y2021_LAT23.6546_LON90.34818,2021,90.34818365641897,23.65460376508775,0.7731007807013315,0.012799990286017792,0.19689930514050655,0.012099943767074416,0.0,0.005099980105069786,1,1,0,0,0,0,0,0,0.9989928960494995,998992.8960494995
Y2021_LAT23.65477_LON90.35798,2021,90.3579789287785,23.654771131881432,0.9969999988529861,0.003000001147013906,0.0,0.0,0.0,0.0,1,1,0,0,0,0,0,0,0.9990062174682617,999006.2174682617
Y2021_LAT23.65494_LON90.36777,2021,90.36777429131557,23.654937880803143,1.0,0.0,0.0,0.0,0.0,0.0,1,1,0,0,0,0,0,0,0.7181946359481811,718194.6359481812
Y2021_LAT23.6551_LON90.37757,2021,90.37756974353579,23.655104011943166,0.7073170613322276,0.0,0.24108804556028304,0.049718709066288544,0.0,0.0018761840412008452,1,1,0,0,0,0,0,0,0.7454783599777222,745478.3599777222
Y2021_LAT23.65527_LON90.38737,2021,90.38736528525558,23.655269525170006,0.6799579699415618,0.18789853137976023,0.12240657291933044,0.009736925759347627,0.0,0.0,1,1,0,0,0,0,0,0,0.8618770925827026,861877.0925827026
Y2021_LAT23.65543_LON90.39716,2021,90.39716091607464,23.655434420458946,0.5191997947141427,0.0038000170829295085,0.4563001953296122,0.020699992873315618,0.0,0.0,1,1,0,0,0,0,0,0,0.9990590226287842,999059.0226287842
Y2021_LAT23.6556_LON90.40696,2021,90.4069566355684,23.65559869789448,0.24820040180089908,0.0009000008429536539,0.7506995986214525,0.00019999873469476036,0.0,0.0,3,0,0,1,0,0,0,0,0.9990721012954712,999072.1012954712
Y2021_LAT23.65576_LON90.41675,2021,90.41675244345194,23.655762357398,0.8876002283520275,0.020500098912146957,0.09189967273582555,0.0,0.0,0.0,1,1,0,0,0,0,0,0,0.9990851307373046,999085.1307373047
Y2021_LAT23.65593_LON90.42655,2021,90.42654833946496,23.655925398947424,0.2693997621502824,0.4071996140930008,0.3124006362373868,0.01099998751933006,0.0,0.0,2,0,1,0,0,0,0,1,0.9990981108169555,999098.1108169556
Y2021_LAT23.65609_LON90.43634,2021,90.43634432324464,23.656087822467907,0.6582993461623965,0.17710061244159395,0.16460004139600953,0.0,0.0,0.0,1,1,0,0,0,0,0,0,0.9991110415344239,999111.0415344238
Y2021_LAT23.65625_LON90.44614,2021,90.44614039448588,23.656249628012446,0.5836011778839276,0.2282990928217119,0.09869967264452485,0.0894000566498356,0.0,0.0,1,1,0,0,0,0,0,0,0.9991239233932495,999123.9233932495
Y2021_LAT23.65641_LON90.45594,2021,90.45593655269141,23.65641081546605,0.517690278460088,0.004907009546628924,0.0,0.4594532700147977,0.0,0.017949441978485452,1,1,0,0,0,0,0,0,0.7737305947418213,773730.5947418213
Y2021_LAT23.65657_LON90.46573,2021,90.46573279774167,23.656571384915978,0.0,0.0,0.0,1.0,0.0,0.0,4,0,0,0,1,0,0,0,0.015386814949035644,15386.814949035645
Y2021_LAT23.65757_LON90.015,2021,90.01499551019903,23.657566236585186,0.0,0.0,0.0,0.0,0.0,1.0,6,0,0,0,0,0,1,0,0.0011982215576171874,1198.2215576171875
Y2021_LAT23.65775_LON90.02479,2021,90.02478819161975,23.65775467577237,0.0,0.0,0.0,0.9810953064285322,0.0,0.018904693571467835,4,0,0,0,1,0,0,0,0.9190435606384277,919043.5606384277
Y2021_LAT23.65794_LON90.03458,2021,90.03458097454474,23.657942497728577,0.4643006221898561,0.16510029876372395,0.07900042314090579,0.29159865590551415,0.0,0.0,1,1,0,0,0,0,0,1,0.9985406059570312,998540.6059570312
Y2021_LAT23.65813_LON90.04437,2021,90.04437385854851,23.658129702363212,0.22329981418669317,0.0005999998319089872,0.7761001859813978,0.0,0.0,0.0,3,0,0,1,0,0,0,0,0.9985555013046264,998555.5013046265
Y2021_LAT23.65832_LON90.05417,2021,90.0541668432674,23.658316289703766,0.06229978597614834,0.00019999935432746173,0.9375002146695242,0.0,0.0,0.0,3,0,0,1,0,0,0,0,0.9985703471603393,998570.3471603394
Y2021_LAT23.6585_LON90.06396,2021,90.0639599284142,23.658502259629763,0.0,0.0,1.0,0.0,0.0,0.0,3,0,0,1,0,0,0,0,0.9985851423568726,998585.1423568726
Y2021_LAT23.65869_LON90.07375,2021,90.07375311361477,23.658687612249345,0.0,0.06790029962273963,0.9299996879089854,0.0014000081695681767,0.0007000042987066503,0.0,3,0,0,1,0,0,0,0,0.9985998900146484,998599.8900146484
Y2021_LAT23.65887_LON90.08355,2021,90.08354639866737,23.658872347538416,0.0,0.013899923171298843,0.9810001018803659,0.003599984254330181,0.0014999906940051056,0.0,3,0,0,1,0,0,0,0,0.9986145887527466,998614.5887527466
Y2021_LAT23.65906_LON90.09334,2021,90.09333978298189,23.659056465318894,0.27050120515492226,0.008100042420036679,0.7054986529589963,0.015900099466044787,0.0,0.0,3,0,0,1,0,0,0,0,0.9986292375564575,998629.2375564575
Y2021_LAT23.65924_LON90.10313,2021,90.10313326654132,23.659239965684655,0.9577000029592538,0.0,0.0,0.04229999704074614,0.0,0.0,1,1,0,0,0,0,0,0,0.9986438376693726,998643.8376693726
Y2021_LAT23.65942_LON90.11293,2021,90.11292684870853,23.65942284855296,0.9388001358229013,0.0018999958085292063,0.010599997937849243,0.04869987043072021,0.0,0.0,1,1,0,0,0,0,0,0,0.9986583896331787,998658.3896331787
Y2021_LAT23.65961_LON90.12272,2021,90.12272052944654,23.659605113964613,0.7814996795766554,0.12100023468394876,0.05819991892639086,0.03930016681300502,0.0,0.0,1,1,0,0,0,0,0,0,0.9986728909912109,998672.8909912109
Y2021_LAT23.65979_LON90.13251,2021,90.13251430809983,23.65978676176679,0.8916001932735776,0.02439983869749698,0.01430004343550324,0.0696999245934221,0.0,0.0,1,1,0,0,0,0,0,0,0.9986873446884156,998687.3446884155
Y2021_LAT23.65997_LON90.14231,2021,90.14230818469736,23.65996779208798,0.7948997670867534,0.08490032655828182,0.028399942199481245,0.09179996415548353,0.0,0.0,1,1,0,0,0,0,0,0,0.998701748161316,998701.7481613159
Y2021_LAT23.66015_LON90.1521,2021,90.15210215861856,23.660148204856682,0.8879001941228246,0.02799992811568523,0.02959992021481867,0.031799961554572216,0.022699995992099292,0.0,1,1,0,0,0,0,0,0,0.9987161028518676,998716.1028518677
Y2021_LAT23.66033_LON90.1619,2021,90.16189622959884,23.660327999998714,0.9232998017515104,0.003800018848030568,0.0,0.07290017940045904,0.0,0.0,1,1,0,0,0,0,0,0,0.9987304078903199,998730.4078903198
Y2021_LAT23.66051_LON90.17169,2021,90.1716903974127,23.660507177524767,0.4663983798796353,0.0517999840619596,0.48180163605840515,0.0,0.0,0.0,3,0,0,1,0,0,0,1,0.9987446658172607,998744.6658172607
Y2021_LAT23.66069_LON90.18148,2021,90.18148466162795,23.660685737425936,0.07740036814141624,0.12490038820427302,0.7845991733951941,0.01310007025911664,0.0,0.0,3,0,0,1,0,0,0,0,0.9987588736419678,998758.8736419678
Y2021_LAT23.66086_LON90.19128,2021,90.19127902192852,23.660863679687363,0.6170008551676022,0.11339984668024258,0.1781992795311649,0.09140001862099036,0.0,0.0,1,1,0,0,0,0,0,0,0.9987730327835083,998773.0327835083
Y2021_LAT23.66104_LON90.20107,2021,90.20107347796802,23.661041004243668,0.7242994329899121,0.035500074509879874,0.12240048455561761,0.1178000079445905,0.0,0.0,1,1,0,0,0,0,0,0,0.9987871408996583,998787.1408996582
Y2021_LAT23.66122_LON90.21087,2021,90.21086802951356,23.661217711034126,0.2997992591722794,0.13430017667664637,0.44210048037979366,0.12330008136961297,0.0,0.000500002401667566,3,0,0,1,0,0,0,1,0.9988012021789551,998801.2021789551
Y2021_LAT23.66139_LON90.22066,2021,90.220662676087,23.661393800122905,0.00660001578704073,0.008999943901743962,0.5083994135053224,0.4760006268058929,0.0,0.0,3,0,0,1,0,0,0,0,0.998815215385437,998815.215385437
Y2021_LAT23.66157_LON90.23046,2021,90.23045741750062,23.66156927146884,0.0,0.0,0.5576992607202433,0.44230073927975666,0.0,0.0,3,0,0,1,0,0,0,0,0.9988291756515503,998829.1756515503
Y2021_LAT23.66174_LON90.24025,2021,90.24025225327951,23.66174412498888,0.0,0.020599999562052843,0.5591000745573431,0.42029992588060405,0.0,0.0,3,0,0,1,0,0,0,0,0.9988430887374878,998843.0887374878
Y2021_LAT23.66192_LON90.25005,2021,90.25004718316151,23.661918360714164,0.0715003881326222,0.0,0.6789998584942659,0.24949975337311192,0.0,0.0,3,0,0,1,0,0,0,0,0.998856953742981,998856.953742981
Y2021_LAT23.66209_LON90.25984,2021,90.25984220680603,23.662091978609304,0.16229959431924615,0.001799998068893247,0.7457006522750425,0.09019975533681827,0.0,0.0,3,0,0,1,0,0,0,0,0.9988707683486938,998870.7683486938
Y2021_LAT23.66226_LON90.26964,2021,90.26963732395171,23.662264978646316,0.00022732529546642922,0.00431918100452639,0.9716980116269839,0.023755482073023342,0.0,0.0,3,0,0,1,0,0,0,0,0.8788179817962647,878817.9817962646
Y2021_LAT23.66244_LON90.27943,2021,90.2794325341449,23.66243736081661,0.4067465926644046,0.0,0.5932534073355954,0.0,0.0,0.0,3,0,0,1,0,0,0,0,0.10068850269317627,100688.50269317627
Y2021_LAT23.66278_LON90.29902,2021,90.29902323249809,23.662780271433803,0.981308371394848,0.0,0.0,0.01869162860515203,0.0,0.0,1,1,0,0,0,0,0,0,0.11757402460479736,117574.02460479736
Y2021_LAT23.66295_LON90.30882,2021,90.30881872009743,23.662950799786913,0.5952375569665015,0.01778715299235223,0.10966416611293356,0.27563044607643955,0.0,0.0016806778517732845,1,1,0,0,0,0,0,0,0.7132432492599488,713243.2492599487
Y2021_LAT23.66312_LON90.31861,2021,90.31861429927962,23.66312071015699,0.5298006291660556,0.0057999767185706996,0.28249969428297667,0.18179970043487514,9.999939752190488e-05,0.0,1,1,0,0,0,0,0,0,0.9989526279678345,998952.6279678345
Y2021_LAT23.66329_LON90.32841,2021,90.32840997011043,23.66329000255966,0.9596001443393265,0.017499991114585042,0.020399879964060175,0.002499984582028421,0.0,0.0,1,1,0,0,0,0,0,0,0.9989661003875733,998966.1003875732
Y2021_LAT23.66346_LON90.33821,2021,90.33820573193998,23.66345867691498,0.8617993632896549,0.0,0.13820063671034508,0.0,0.0,0.0,1,1,0,0,0,0,0,0,0.9989795212402344,998979.5212402344
Y2021_LAT23.66363_LON90.348,2021,90.34800158450707,23.663626733183868,0.820300648725621,0.0012999997588826896,0.17649936032861474,0.0018999911868816004,0.0,0.0,1,1,0,0,0,0,0,0,0.9989928998031616,998992.8998031616
Y2021_LAT23.66379_LON90.3578,2021,90.3577975276254,23.66379417142866,0.7588997133156075,0.0,0.24110028668439254,0.0,0.0,0.0,1,1,0,0,0,0,0,0,0.9990062192459106,999006.2192459106
Y2021_LAT23.66396_LON90.36759,2021,90.36759356076453,23.663960991623295,0.6904994548169235,0.1112005531177256,0.19829999206535084,0.0,0.0,0.0,1,1,0,0,0,0,0,0,0.9990194944915771,999019.4944915771
Y2021_LAT23.66413_LON90.37739,2021,90.377389683661,23.664127193707802,0.7418007375966696,0.23319931455662898,0.023499946366337975,0.0010000012389226884,0.0005000002414406634,0.0,1,1,0,0,0,0,0,0,0.9990327207107544,999032.7207107544
Y2021_LAT23.66429_LON90.38719,2021,90.38718589605449,23.664292777625025,0.9159999529060869,0.07180003098671629,0.004400002434240849,0.007800013672955981,0.0,0.0,1,1,0,0,0,0,0,0,0.999045897819519,999045.897819519
Y2021_LAT23.66446_LON90.39698,2021,90.39698219760385,23.66445774343565,0.9269997573446809,0.007100008121907952,0.05490024853332493,0.010999986000086325,0.0,0.0,1,1,0,0,0,0,0,0,0.9990590253448486,999059.0253448486
Y2021_LAT23.66462_LON90.40678,2021,90.40677858784863,23.66462209094527,0.5499997849536579,0.09609997007158871,0.35200025011324354,0.001899994861510095,0.0,0.0,1,1,0,0,0,0,0,0,0.9990721045532227,999072.1045532227
Y2021_LAT23.66479_LON90.41658,2021,90.4165750666007,23.664785820305546,0.9628000745029474,0.010300029829107766,0.02689989566794492,0.0,0.0,0.0,1,1,0,0,0,0,0,0,0.9990851324996948,999085.1324996948
Y2021_LAT23.66495_LON90.42637,2021,90.42637163340864,23.664948931485743,0.9763999554997859,0.018400030271216023,0.005200014228998115,0.0,0.0,0.0,1,1,0,0,0,0,0,0,0.9990981126327515,999098.1126327515
Y2021_LAT23.66511_LON90.43617,2021,90.43616828794282,23.66511142432253,0.8593001888316714,0.10859976186026031,0.02920006085624386,0.0028999884518244906,0.0,0.0,1,1,0,0,0,0,0,0,0.9991110447769165,999111.0447769165
Y2021_LAT23.66527_LON90.44597,2021,90.44596503013005,23.665273298973965,0.7984348602262079,0.0010028018130507272,0.0004011206057628929,0.20016121735497847,0.0,0.0,1,1,0,0,0,0,0,0,0.9963263615722656,996326.3615722656
Y2021_LAT23.66543_LON90.45576,2021,90.45576185923434,23.66543455530344,0.18421030510855393,0.0,0.0,0.815789694891446,0.0,0.0,4,0,0,0,1,0,0,0,0.17085160498046875,170851.60498046875
Y2021_LAT23.66659_LON90.01479,2021,90.01479055230986,23.66658660610992,0.0,0.0,0.0,1.0,0.0,0.0,4,0,0,0,1,0,0,0,0.04303610417175293,43036.10417175293
Y2021_LAT23.66678_LON90.02458,2021,90.02458390376384,23.666775125733885,0.11066870118697551,0.013112407738375253,0.11119330402552588,0.7621933180021092,0.0,0.0028322690470141904,4,0,0,0,1,0,0,0,0.9518948298416138,951894.8298416138
Y2021_LAT23.66696_LON90.03438,2021,90.03437735670103,23.666963027828814,0.29830020434410476,0.0741998129669827,0.6274999826889125,0.0,0.0,0.0,3,0,0,1,0,0,0,0,0.9985406099319458,998540.6099319458
Y2021_LAT23.66715_LON90.04417,2021,90.04417091070803,23.66715031242928,0.1427997094145922,0.11669978930145673,0.7405005012839511,0.0,0.0,0.0,3,0,0,1,0,0,0,0,0.9985555047531128,998555.5047531128
Y2021_LAT23.66734_LON90.05396,2021,90.05396456547801,23.66733697935477,0.10070027203181088,0.1544998764691347,0.7439998547723559,0.0007999967266985013,0.0,0.0,3,0,0,1,0,0,0,0,0.9985703508834839,998570.3508834839
Y2021_LAT23.66752_LON90.06376,2021,90.06375832072634,23.667523028751464,0.15320023209245792,0.09449965673853992,0.7522001112241354,9.999994486675766e-05,0.0,0.0,3,0,0,1,0,0,0,0,0.9985851452789307,998585.1452789307
Y2021_LAT23.66771_LON90.07355,2021,90.07355217606052,23.66770846043795,0.20010003986653058,0.04940003153891796,0.7504999285945515,0.0,0.0,0.0,3,0,0,1,0,0,0,0,0.9985998939666748,998599.8939666748
Y2021_LAT23.66789_LON90.08335,2021,90.08334613123408,23.667893274471247,0.1689000888716472,0.03259987774376459,0.7976000381949749,0.0008999951896132706,0.0,0.0,3,0,0,1,0,0,0,0,0.9986145920944214,998614.5920944214
Y2021_LAT23.66808_LON90.09314,2021,90.09314018576747,23.668077470833218,0.6938999631555735,0.032300007964597206,0.19699996916727708,0.07680005971255223,0.0,0.0,1,1,0,0,0,0,0,0,0.9986292405014038,998629.2405014038
Y2021_LAT23.66826_LON90.10293,2021,90.10293433954028,23.66826104950129,0.643999246371851,0.01120003718679594,0.31190075718786003,0.03289995925349295,0.0,0.0,1,1,0,0,0,0,0,0,0.9986438413772583,998643.8413772583
Y2021_LAT23.66844_LON90.11273,2021,90.112728591943,23.668444010458366,0.7508002630326441,0.05720012591165164,0.1300994412424315,0.06190016981327269,0.0,0.0,1,1,0,0,0,0,0,0,0.9986583927993774,998658.3927993774
Y2021_LAT23.66863_LON90.12252,2021,90.12252294289848,23.668626353653995,0.7572003560225593,0.13479968781002527,0.0012000069738241016,0.10679994919359131,0.0,0.0,1,1,0,0,0,0,0,0,0.9986728931427002,998672.8931427002
Y2021_LAT23.66881_LON90.13232,2021,90.13231739188161,23.66880807905234,0.2552987321489538,0.013799983895628427,0.7307012840286081,0.00019999992680974936,0.0,0.0,3,0,0,1,0,0,0,0,0.998687346672058,998687.3466720581
Y2021_LAT23.66899_LON90.14211,2021,90.14211193876392,23.668989186696077,0.11450045669219673,0.012400077758011023,0.8730994655497922,0.0,0.0,0.0,3,0,0,1,0,0,0,0,0.9987017510528564,998701.7510528564
Y2021_LAT23.66917_LON90.15191,2021,90.15190658312679,23.669169676403158,0.8396006116218692,0.03489979461866015,0.1054996007785227,0.019999992980948005,0.0,0.0,1,1,0,0,0,0,0,0,0.9987161067276001,998716.1067276001
Y2021_LAT23.66935_LON90.1617,2021,90.16170132439991,23.669349548309892,0.5402998606365302,0.04409987090462015,0.3912003711836037,0.024399897275245972,0.0,0.0,1,1,0,0,0,0,0,0,0.9987304122314453,998730.4122314453
Y2021_LAT23.66953_LON90.1715,2021,90.17149616269431,23.669528802350268,0.345400117910584,0.207200083218126,0.4344997882579515,0.012900010613338515,0.0,0.0,3,0,0,1,0,0,0,1,0.9987446686706543,998744.6686706543
Y2021_LAT23.66971_LON90.18129,2021,90.181291097336,23.669707438463153,0.30159961705777133,0.12569987393446785,0.5727005090077608,0.0,0.0,0.0,3,0,0,1,0,0,0,0,0.9987588749313354,998758.8749313354
Y2021_LAT23.66989_LON90.19109,2021,90.19108612815432,23.669885456637395,0.228199931907632,0.018499960496586105,0.7533001075957819,0.0,0.0,0.0,3,0,0,1,0,0,0,0,0.9987730355911255,998773.0355911255
Y2021_LAT23.67006_LON90.20088,2021,90.20088125471285,23.67006285691961,0.22939958793020068,0.18599983936949413,0.5846005727003052,0.0,0.0,0.0,3,0,0,1,0,0,0,0,0.9987871440200806,998787.1440200806
Y2021_LAT23.67024_LON90.21068,2021,90.21067647668647,23.670239639191372,0.09709959809924122,0.05079979771345079,0.8453005599016563,0.00680004428565168,0.0,0.0,3,0,0,1,0,0,0,0,0.9988012048492432,998801.2048492432
Y2021_LAT23.67042_LON90.22047,2021,90.22047179394893,23.67041580340139,0.25489936368041133,0.0,0.6497003485536917,0.09540028776589694,0.0,0.0,3,0,0,1,0,0,0,0,0.9988152186584472,998815.2186584473
Y2021_LAT23.67059_LON90.23027,2021,90.23026720585548,23.670591349666754,0.10600008652803622,0.0,0.6618997792470965,0.23210013422486736,0.0,0.0,3,0,0,1,0,0,0,0,0.9988291782073975,998829.1782073975
Y2021_LAT23.67077_LON90.24006,2021,90.24006271224383,23.670766277818203,0.0,0.0,0.5667003322407057,0.43329966775929424,0.0,0.0,3,0,0,1,0,0,0,0,0.9988430923309326,998843.0923309326
Y2021_LAT23.67094_LON90.24986,2021,90.24985831288325,23.670940587969213,0.0,0.0,0.9675001717966747,0.03249982820332534,0.0,0.0,3,0,0,1,0,0,0,0,0.9988569568328858,998856.9568328857
Y2021_LAT23.67111_LON90.25965,2021,90.25965400712329,23.671114279914892,0.0,0.0,1.0,0.0,0.0,0.0,3,0,0,1,0,0,0,0,0.998870771560669,998870.771560669
Y2021_LAT23.67129_LON90.26945,2021,90.26944979506199,23.671287353785523,0.0,0.0,1.0,0.0,0.0,0.0,3,0,0,1,0,0,0,0,0.9988845400543213,998884.5400543213
Y2021_LAT23.67146_LON90.27925,2021,90.2792456758877,23.67145980955585,0.41515765428844886,0.0,0.5129996077148463,0.07184273799670486,0.0,0.0,3,0,0,1,0,0,0,0,0.81060508984375,810605.08984375
Y2021_LAT23.67163_LON90.28904,2021,90.28904164969387,23.6716316470606,0.43881910801770185,0.09692279325723024,0.3125750723310296,0.15168302639403833,0.0,0.0,1,1,0,0,0,0,0,1,0.41225145290374754,412251.45290374756
Y2021_LAT23.6718_LON90.29884,2021,90.29883771588908,23.671802866432873,0.8736971139689612,0.003083142387933991,0.07931137174166746,0.04390837190143735,0.0,0.0,1,1,0,0,0,0,0,0,0.9395896532287598,939589.6532287598
Y2021_LAT23.67197_LON90.30863,2021,90.308633874208,23.67197346760044,0.9859000876137003,0.0,0.00010000048330081429,0.01399991190299885,0.0,0.0,1,1,0,0,0,0,0,0,0.998939111328125,998939.111328125
Y2021_LAT23.67214_LON90.31843,2021,90.3184301243405,23.67214345053694,0.9794000211727677,0.0039000245755473994,0.016699954251684863,0.0,0.0,0.0,1,1,0,0,0,0,0,0,0.9989526312561036,998952.6312561035
Y2021_LAT23.67231_LON90.32823,2021,90.32822646598497,23.67231281518136,0.9395000127983197,0.02529996916164201,0.03089999771516243,0.0043000203248758275,0.0,0.0,1,1,0,0,0,0,0,0,0.998966103012085,998966.103012085
Y2021_LAT23.67248_LON90.33802,2021,90.33802289867329,23.672481561505204,0.7262994720613212,0.0,0.27370052793867883,0.0,0.0,0.0,1,1,0,0,0,0,0,0,0.9989795249862671,998979.5249862671
Y2021_LAT23.67265_LON90.34782,2021,90.3478194222483,23.672649689635012,0.47789865922366465,0.0,0.5221013407763354,0.0,0.0,0.0,3,0,0,1,0,0,0,0,0.9989929008483887,998992.9008483887
Y2021_LAT23.67282_LON90.35762,2021,90.35761603619699,23.672817199345946,0.023899939069156367,0.0,0.9761000609308437,0.0,0.0,0.0,3,0,0,1,0,0,0,0,0.9990062220077515,999006.2220077515
Y2021_LAT23.67298_LON90.36741,2021,90.36741274047314,23.67298409068382,0.05000008257073741,0.001300005470471537,0.948699911958791,0.0,0.0,0.0,3,0,0,1,0,0,0,0,0.9990194976654053,999019.4976654053
Y2021_LAT23.67315_LON90.37721,2021,90.37720953435257,23.673150363665247,0.17760064329758887,0.048499866700182775,0.6527995617259333,0.05549993068604792,0.06499999637776004,0.0006000012124872034,3,0,0,1,0,0,0,0,0.9990327228622436,999032.7228622437
Y2021_LAT23.67332_LON90.38701,2021,90.38700641778833,23.673316018295026,0.3751991164210337,0.1685008057369734,0.44160003066093084,0.014700047181062052,0.0,0.0,3,0,0,1,0,0,0,1,0.9990458999862671,999045.8999862671
Y2021_LAT23.67348_LON90.3968,2021,90.39680339038652,23.67348105447667,0.36710047514122945,0.6028996654308033,0.029999859427967252,0.0,0.0,0.0,2,0,1,0,0,0,0,0,0.9990590272827149,999059.0272827148
Y2021_LAT23.67365_LON90.4066,2021,90.40660045173146,23.673645472239443,0.8336004140542421,0.16139958449291744,0.005000001452840391,0.0,0.0,0.0,1,1,0,0,0,0,0,0,0.999072106552124,999072.106552124
Y2021_LAT23.67381_LON90.4164,2021,90.4163976015693,23.673809271456115,0.8048003243422492,0.10449993932333047,0.09069973633442034,0.0,0.0,0.0,1,1,0,0,0,0,0,0,0.9990851356277466,999085.1356277466
Y2021_LAT23.67397_LON90.42619,2021,90.42619483952524,23.673972452223403,1.0,0.0,0.0,0.0,0.0,0.0,1,1,0,0,0,0,0,0,0.9990981164855957,999098.1164855957
Y2021_LAT23.67414_LON90.43599,2021,90.4359921653364,23.67413501454715,0.7872992792998748,0.0,0.0,0.2127007207001252,0.0,0.0,1,1,0,0,0,0,0,0,0.9991110469589234,999111.0469589233
Y2021_LAT23.6743_LON90.44579,2021,90.44578957854675,23.67429695814361,0.6767005521026263,0.0020000021282072337,0.0,0.3175994257022823,0.0037000200668842105,0.0,1,1,0,0,0,0,0,0,0.9991239291992188,999123.9291992188
Y2021_LAT23.67446_LON90.45559,2021,90.45558707899347,23.67445828331242,0.4355540700940906,0.004611484730650068,0.0,0.5591427245846242,0.0006917205906351938,0.0,4,0,0,0,1,0,0,0,0.43332419115447995,433324.19115448
Y2021_LAT23.6758_LON90.02438,2021,90.02437951445009,23.675795563623268,0.2065621977481275,0.09704286614265399,0.16728366430508143,0.4805900034271146,0.0,0.04852126837702249,4,0,0,0,1,0,0,1,0.2160810047302246,216081.0047302246
Y2021_LAT23.67598_LON90.03417,2021,90.03417363773467,23.67598354586048,0.1866382691284365,0.21489928233238087,0.5975580888339769,0.0009043597052057568,0.0,0.0,3,0,0,1,0,0,0,0,0.8833096795425415,883309.6795425415
Y2021_LAT23.67617_LON90.04397,2021,90.04396786212106,23.67617091028834,0.3478004712842239,0.14960014032969488,0.4963993766112938,0.006200011774787516,0.0,0.0,3,0,0,1,0,0,0,1,0.9985555081329346,998555.5081329346
Y2021_LAT23.67636_LON90.05376,2021,90.05376218724636,23.676357656908316,0.19149913052719542,0.021799872957485592,0.786700996515319,0.0,0.0,0.0,3,0,0,1,0,0,0,0,0.998570354675293,998570.354675293
Y2021_LAT23.67654_LON90.06356,2021,90.06355661293519,23.67654378564914,0.4037008673954948,0.017000092752087626,0.5744990115202908,0.0048000283321267545,0.0,0.0,3,0,0,1,0,0,0,0,0.998585148979187,998585.148979187
Y2021_LAT23.67673_LON90.07335,2021,90.07335113865678,23.67672929648878,0.5726996596997753,0.215900653326233,0.19949962978597208,0.011900057188019715,0.0,0.0,1,1,0,0,0,0,0,0,0.998599896949768,998599.8969497681
Y2021_LAT23.67691_LON90.08315,2021,90.0831457643995,23.67691418943131,0.33060033204175177,0.28000009555199484,0.3756996075971725,0.013699964809080992,0.0,0.0,3,0,0,1,0,0,0,1,0.9986145961532593,998614.5961532593
Y2021_LAT23.6771_LON90.09294,2021,90.09294048935858,23.67709846441234,0.781600359025431,0.08969989682993446,0.08089973562822284,0.047800008516411786,0.0,0.0,1,1,0,0,0,0,0,0,0.998629243965149,998629.2439651489
Y2021_LAT23.67728_LON90.10274,2021,90.10273531372378,23.67728212142359,0.03469978013957152,0.006400022720020872,0.9580001915660984,0.0009000055743092044,0.0,0.0,3,0,0,1,0,0,0,0,0.9986438442230224,998643.8442230225
Y2021_LAT23.67747_LON90.11253,2021,90.11253023667851,23.67746516043704,0.2238003546995615,0.07010004710905357,0.7059995988967999,9.999929458507658e-05,0.0,0.0,3,0,0,1,0,0,0,0,0.9986583966140747,998658.3966140747
Y2021_LAT23.67765_LON90.12233,2021,90.12232525822147,23.677647581362717,0.21889904244943545,0.015099918025332138,0.7653010437177814,0.0006999958074510411,0.0,0.0,3,0,0,1,0,0,0,0,0.9986728973007202,998672.8973007202
Y2021_LAT23.67783_LON90.13212,2021,90.13212037793532,23.677829384331158,0.3031005647934812,0.011600021683382098,0.6840994061679375,0.0012000073551992267,0.0,0.0,3,0,0,1,0,0,0,0,0.9986873512573242,998687.3512573242
Y2021_LAT23.67801_LON90.14192,2021,90.1419155954399,23.678010569231475,0.08819971657872307,0.015500099916291237,0.8956001881146659,0.0006999953903198227,0.0,0.0,3,0,0,1,0,0,0,0,0.9987017540588379,998701.7540588379
Y2021_LAT23.67819_LON90.15171,2021,90.15171091041965,23.67819113599706,0.509799926257219,0.01270000541849927,0.4775000683242817,0.0,0.0,0.0,1,1,0,0,0,0,0,0,0.9987161096878052,998716.1096878052
Y2021_LAT23.67837_LON90.16151,2021,90.16150632254963,23.678371084679632,0.10849984539773626,0.034099978449395954,0.8549001634510804,0.0025000127017873195,0.0,0.0,3,0,0,1,0,0,0,0,0.9987304146270752,998730.4146270752
Y2021_LAT23.67855_LON90.1713,2021,90.17130183151394,23.678550415217572,0.2742009300868722,0.10520046935406738,0.6107985944607037,0.009800006098356729,0.0,0.0,3,0,0,1,0,0,0,0,0.9987446724090576,998744.6724090576
Y2021_LAT23.67873_LON90.1811,2021,90.1810974369278,23.678729127524555,0.2991988793364042,0.024199914289041686,0.6766012063745541,0.0,0.0,0.0,3,0,0,1,0,0,0,0,0.9987588795318604,998758.8795318604
Y2021_LAT23.67891_LON90.19089,2021,90.19089313848514,23.67890722165649,0.1568996691520632,0.01339993201025136,0.8297003988376854,0.0,0.0,0.0,3,0,0,1,0,0,0,0,0.9987730382766724,998773.0382766724
Y2021_LAT23.67908_LON90.20069,2021,90.20068893600222,23.679084697594934,0.0,0.0,1.0,0.0,0.0,0.0,3,0,0,1,0,0,0,0,0.9987871473464965,998787.1473464966
Y2021_LAT23.67926_LON90.21048,2021,90.21048482882942,23.679261555294072,0.07419986645584466,0.019600004905416704,0.9062001286387387,0.0,0.0,0.0,3,0,0,1,0,0,0,0,0.9988012083435058,998801.2083435059
Y2021_LAT23.67944_LON90.22028,2021,90.22028081693281,23.679437794770266,0.0709999114902892,0.0,0.9290000885097108,0.0,0.0,0.0,3,0,0,1,0,0,0,0,0.998815219116211,998815.2191162109
Y2021_LAT23.67961_LON90.23008,2021,90.23007689982296,23.67961341587413,0.279300849283122,0.051500098974603975,0.665899033700726,0.003300018041548028,0.0,0.0,3,0,0,1,0,0,0,0,0.9988291816177368,998829.1816177368
Y2021_LAT23.67979_LON90.23987,2021,90.23987307712183,23.679788418657314,0.022700038912729197,0.06790025247289,0.9093997086143808,0.0,0.0,0.0,3,0,0,1,0,0,0,0,0.9988430952606201,998843.0952606201
Y2021_LAT23.67996_LON90.24967,2021,90.24966934874014,23.679962803109927,0.03179983372453706,0.021399876119859402,0.9468002901556035,0.0,0.0,0.0,3,0,0,1,0,0,0,0,0.998856960067749,998856.960067749
Y2021_LAT23.68014_LON90.25947,2021,90.25946571401025,23.68013656923403,0.0,0.0,0.9999000004354733,9.999956452671554e-05,0.0,0.0,3,0,0,1,0,0,0,0,0.9988707743759155,998870.7743759155
Y2021_LAT23.68031_LON90.26926,2021,90.26926217294265,23.68030971703201,0.18980086817884465,0.00010000062269929444,0.798399058480121,0.011700072718334993,0.0,0.0,3,0,0,1,0,0,0,0,0.9988845422821044,998884.5422821045
Y2021_LAT23.68048_LON90.27906,2021,90.2790587249214,23.680482246324317,0.42089944485460945,0.0,0.18620049707971884,0.39290005806567174,0.0,0.0,1,1,0,0,0,0,0,1,0.9988982571868896,998898.2571868896
Y2021_LAT23.68065_LON90.28886,2021,90.28885536966108,23.680654157252754,0.3328013915649565,0.0,0.6563986766323674,0.01079993180267611,0.0,0.0,3,0,0,1,0,0,0,0,0.9989119254455566,998911.9254455566
Y2021_LAT23.68083_LON90.29865,2021,90.29865210716333,23.680825449606015,0.9545998401819552,0.0,0.04540015981804476,0.0,0.0,0.0,1,1,0,0,0,0,0,0,0.9989255434341431,998925.5434341431
Y2021_LAT23.681_LON90.30845,2021,90.30844893649466,23.680996123580947,1.0,0.0,0.0,0.0,0.0,0.0,1,1,0,0,0,0,0,0,0.9989391132125854,998939.1132125854
Y2021_LAT23.68117_LON90.31825,2021,90.31824585795975,23.68116617902077,0.7030989383171098,0.007899993290064676,0.2890010683928256,0.0,0.0,0.0,1,1,0,0,0,0,0,0,0.9989526333999634,998952.6333999634
Y2021_LAT23.68134_LON90.32804,2021,90.32804287070928,23.68133561596575,0.40169901685052006,0.0346999523546666,0.5636010307948133,0.0,0.0,0.0,3,0,0,1,0,0,0,0,0.9989661054611206,998966.1054611206
Y2021_LAT23.6815_LON90.33784,2021,90.33783997472696,23.681504434349236,0.01650001152878598,0.0,0.983499988471214,0.0,0.0,0.0,3,0,0,1,0,0,0,0,0.9989795284576416,998979.5284576416
Y2021_LAT23.68167_LON90.34764,2021,90.34763716945086,23.68167263414678,0.2204002442721904,0.0028999970081716245,0.7766997587196379,0.0,0.0,0.0,3,0,0,1,0,0,0,0,0.9989929008483887,998992.9008483887
Y2021_LAT23.68184_LON90.35743,2021,90.35743445478417,23.681840215417694,0.12940037234178128,0.0,0.8704996275314348,0.000100000126783862,0.0,0.0,3,0,0,1,0,0,0,0,0.9990062254867553,999006.2254867554
Y2021_LAT23.68201_LON90.36723,2021,90.36723183029923,23.68200717798605,0.2494997914783677,0.0,0.7505002085216322,0.0,0.0,0.0,3,0,0,1,0,0,0,0,0.9990194999847413,999019.4999847412
Y2021_LAT23.68217_LON90.37703,2021,90.37702929558071,23.682173521989846,0.5137002754752598,0.07780003315152155,0.38869958568488994,0.01980010568832878,0.0,0.0,1,1,0,0,0,0,0,0,0.9990327263336182,999032.7263336182
Y2021_LAT23.68234_LON90.38683,2021,90.38682685033648,23.68233924724553,0.7804997767924287,0.025900119562407058,0.1926001101413755,0.000999993503788865,0.0,0.0,1,1,0,0,0,0,0,0,0.999045903465271,999045.903465271
Y2021_LAT23.6825_LON90.39662,2021,90.396624494353,23.68250435376783,0.5429993662289955,0.45450064665141454,0.002499987119589962,0.0,0.0,0.0,1,1,0,0,0,0,0,0,0.9990590291519165,999059.0291519165
Y2021_LAT23.68267_LON90.40642,2021,90.40642222709387,23.682668841659588,0.8933003371197007,0.07969962091239495,0.0,0.0,0.0,0.027000041967904377,1,1,0,0,0,0,0,0,0.9990721083145142,999072.1083145142
Y2021_LAT23.68283_LON90.41622,2021,90.41622004845539,23.68283271081502,0.9821000812552326,0.0008999949866144646,0.016999923758153,0.0,0.0,0.0,1,1,0,0,0,0,0,0,0.9990851382217407,999085.1382217407
Y2021_LAT23.683_LON90.42602,2021,90.42601795782869,23.682995961220236,0.7658992733823194,0.013599933736912116,0.0,0.22050079288076843,0.0,0.0,1,1,0,0,0,0,0,0,0.9990981182785034,999098.1182785034
Y2021_LAT23.68316_LON90.43582,2021,90.43581595519673,23.683158592809995,0.6179007324916312,0.0,0.0,0.38209926750836876,0.0,0.0,1,1,0,0,0,0,0,0,0.9991110503997803,999111.0503997803
Y2021_LAT23.68332_LON90.44561,2021,90.44561403987778,23.683320605739087,0.9788998827353724,0.0,0.0,0.02110011726462759,0.0,0.0,1,1,0,0,0,0,0,0,0.9991239315795899,999123.9315795898
Y2021_LAT23.68348_LON90.45541,2021,90.45541221193358,23.683481999713646,0.7448817728962658,0.032637323320467614,0.0,0.20220928912161656,0.020271614661650034,0.0,1,1,0,0,0,0,0,0,0.9857482493362427,985748.2493362427
Y2021_LAT23.68364_LON90.46521,2021,90.46521047078002,23.68364277487145,0.9486860993628186,0.0,0.0,0.05131390063718147,0.0,0.0,1,1,0,0,0,0,0,0,0.32322485633850095,323224.856338501
Y2021_LAT23.6838_LON90.47501,2021,90.47500881595936,23.683802931227632,1.0,0.0,0.0,0.0,0.0,0.0,1,1,0,0,0,0,0,0,0.07343803986358642,73438.03986358643
Y2021_LAT23.685_LON90.03397,2021,90.0339698175753,23.68500405171829,0.1457712001151879,0.0,0.854228799884812,0.0,0.0,0.0,3,0,0,1,0,0,0,0,0.20070771918487548,200707.7191848755
Y2021_LAT23.68519_LON90.04376,2021,90.04376471264946,23.685191496040034,0.2809366724861398,0.05785473552644177,0.6612085919874184,0.0,0.0,0.0,3,0,0,1,0,0,0,0,0.9941618983840942,994161.8983840942
Y2021_LAT23.68538_LON90.05356,2021,90.05355970857393,23.685378322280247,0.2935995025224157,0.058399928265438446,0.6480005692121459,0.0,0.0,0.0,3,0,0,1,0,0,0,0,0.9985703583221436,998570.3583221436
Y2021_LAT23.68556_LON90.06335,2021,90.06335480498136,23.685564530434736,0.6025004760117907,0.16730018111532122,0.22029928066117796,0.009900062211710137,0.0,0.0,1,1,0,0,0,0,0,0,0.9985851521530151,998585.1521530151
Y2021_LAT23.68575_LON90.07315,2021,90.07315000154732,23.68575012041738,0.44829973158717445,0.24699980492893797,0.22950038513726825,0.07520007834661933,0.0,0.0,1,1,0,0,0,0,0,1,0.9985999004211426,998599.9004211426
Y2021_LAT23.68594_LON90.08295,2021,90.08294529797043,23.685935092210325,0.5173002139880074,0.08859987919806751,0.3408000056895351,0.05329990112439,0.0,0.0,1,1,0,0,0,0,0,0,0.9986145989837647,998614.5989837646
Y2021_LAT23.68612_LON90.09274,2021,90.0927406939334,23.68611944578735,0.7708002362519467,0.1461000525308867,0.05369969168740388,0.029400019529762726,0.0,0.0,1,1,0,0,0,0,0,0,0.9986292471084595,998629.2471084595
Y2021_LAT23.6863_LON90.10254,2021,90.10253618905443,23.686303181129063,0.5912997739744703,0.1548998985330329,0.20820046809758297,0.04559985939491387,0.0,0.0,1,1,0,0,0,0,0,0,0.9986438482513428,998643.8482513428
Y2021_LAT23.68649_LON90.11233,2021,90.112331782981,23.68648629824178,0.8792999109611707,0.07710006611543312,0.043600022923396244,0.0,0.0,0.0,1,1,0,0,0,0,0,0,0.9986583997421264,998658.3997421265
Y2021_LAT23.68667_LON90.12213,2021,90.12212747545509,23.686668797078124,0.6282995476203334,0.055399894985363476,0.3097005582402776,0.006599999154025623,0.0,0.0,1,1,0,0,0,0,0,0,0.9986729000396729,998672.9000396729
Y2021_LAT23.68685_LON90.13192,2021,90.1319232660632,23.686850677571027,0.19960018706463836,0.009999983890062463,0.7903998290452992,0.0,0.0,0.0,3,0,0,1,0,0,0,0,0.9986873541183472,998687.3541183472
Y2021_LAT23.68703_LON90.14172,2021,90.14171915461574,23.68703193971143,0.08449974249991572,0.02900007815483917,0.886500179345245,0.0,0.0,0.0,3,0,0,1,0,0,0,0,0.9987017575988769,998701.757598877
Y2021_LAT23.68721_LON90.15152,2021,90.15151514060925,23.687212583529078,0.0,0.00019999923868931074,0.9998000007613107,0.0,0.0,0.0,3,0,0,1,0,0,0,0,0.9987161124572754,998716.1124572754
Y2021_LAT23.68739_LON90.16131,2021,90.16131122379636,23.68739260891942,0.16690040130109698,0.22580080250881368,0.6072987961900893,0.0,0.0,0.0,3,0,0,1,0,0,0,0,0.9987304178009033,998730.4178009033
Y2021_LAT23.68757_LON90.17111,2021,90.17110740382451,23.68757201592602,0.22460028699640489,0.2915999017570596,0.48379981124653554,0.0,0.0,0.0,3,0,0,1,0,0,0,1,0.9987446755599976,998744.6755599976
Y2021_LAT23.68775_LON90.1809,2021,90.18090368039647,23.68775080454604,0.1577992176625518,0.00020000139882167165,0.8420007809386265,0.0,0.0,0.0,3,0,0,1,0,0,0,0,0.9987588837127686,998758.8837127686
Y2021_LAT23.68793_LON90.1907,2021,90.19070005306492,23.687928974663805,0.10199995264856682,0.11099968558165955,0.7791003901242382,0.007899971645535572,0.0,0.0,3,0,0,1,0,0,0,0,0.9987730416564942,998773.0416564941
Y2021_LAT23.68811_LON90.2005,2021,90.20049652181393,23.688106526310385,0.18830068909811282,0.07340002372114536,0.7382992871807418,0.0,0.0,0.0,3,0,0,1,0,0,0,0,0.9987871505355835,998787.1505355835
Y2021_LAT23.68828_LON90.21029,2021,90.21029308574387,23.688283459446588,0.12529933603444576,0.003999977408647726,0.8707006865569065,0.0,0.0,0.0,3,0,0,1,0,0,0,0,0.9988012114410401,998801.21144104
Y2021_LAT23.68846_LON90.22009,2021,90.22008974513571,23.68845977402114,0.06250034541475243,0.006600043440103708,0.9097994819340899,0.021100129211053937,0.0,0.0,3,0,0,1,0,0,0,0,0.9988152208786011,998815.2208786011
Y2021_LAT23.68864_LON90.22989,2021,90.22988649921702,23.68863547003125,0.42670042845347933,0.051100012308917545,0.5183995849772809,0.0037999742603222705,0.0,0.0,3,0,0,1,0,0,0,0,0.9988291846847535,998829.1846847534
Y2021_LAT23.68881_LON90.23968,2021,90.23968334785647,23.688810547539706,0.11569993027581256,0.14289998680356314,0.7414000829206243,0.0,0.0,0.0,3,0,0,1,0,0,0,0,0.9988430983505249,998843.0983505249
Y2021_LAT23.68899_LON90.24948,2021,90.24948029079363,23.68898500645863,0.04009982086875388,0.0011999953279237998,0.9411001323932647,0.01760005141005759,0.0,0.0,3,0,0,1,0,0,0,0,0.9988569620666504,998856.9620666504
Y2021_LAT23.68916_LON90.25928,2021,90.25927732741697,23.689158846767523,0.022800118536918552,0.0,0.9767998832366662,0.00039999822641519637,0.0,0.0,3,0,0,1,0,0,0,0,0.9988707772216797,998870.7772216797
Y2021_LAT23.68933_LON90.26907,2021,90.26907445770107,23.689332068321665,0.3411000822474067,0.01649995752942724,0.3548989581056112,0.2875010021175549,0.0,0.0,3,0,0,1,0,0,0,1,0.9988845439071655,998884.5439071655
Y2021_LAT23.6895_LON90.27887,2021,90.2788716810474,23.689504671203686,0.252899742912439,0.02469990057835616,0.6959005125654423,0.026499843943762626,0.0,0.0,3,0,0,1,0,0,0,0,0.9988982604598999,998898.2604598999
Y2021_LAT23.68968_LON90.28867,2021,90.28866899734574,23.68967665544883,0.720401200214577,0.03510002575192664,0.24449877403349643,0.0,0.0,0.0,1,1,0,0,0,0,0,0,0.998911928642273,998911.928642273
Y2021_LAT23.68985_LON90.29847,2021,90.29846640613246,23.689848020978896,0.9946000329878594,0.004699970704916782,0.0,0.0006999963072238441,0.0,0.0,1,1,0,0,0,0,0,0,0.9989255469131469,998925.546913147
Y2021_LAT23.69002_LON90.30826,2021,90.30826390708313,23.69001876778733,0.9927999551353873,0.0,0.00720004486461268,0.0,0.0,0.0,1,1,0,0,0,0,0,0,0.9989391175842285,998939.1175842285
Y2021_LAT23.69019_LON90.31806,2021,90.31806149997757,23.6901888957526,0.32339948740020696,0.00030000013734477756,0.676200512752712,9.999970973627175e-05,0.0,0.0,3,0,0,1,0,0,0,0,0.9989526371459961,998952.6371459961
Y2021_LAT23.69036_LON90.32786,2021,90.32785918429643,23.69035840492038,0.28950032917311214,0.044599996141972215,0.6658996746849156,0.0,0.0,0.0,3,0,0,1,0,0,0,0,0.9989661081008911,998966.1081008911
Y2021_LAT23.69053_LON90.33766,2021,90.33765695983121,23.690527295348776,0.21080007442044751,0.0,0.7891999255795525,0.0,0.0,0.0,3,0,0,1,0,0,0,0,0.9989795315475464,998979.5315475464
Y2021_LAT23.6907_LON90.34745,2021,90.34745482628604,23.690695566908847,0.14959964098823203,0.0,0.8504003590117679,0.0,0.0,0.0,3,0,0,1,0,0,0,0,0.9989929008483887,998992.9008483887
Y2021_LAT23.69086_LON90.35725,2021,90.35725278308364,23.69086321959695,0.2961009549656183,0.0,0.7038990450343817,0.0,0.0,0.0,3,0,0,1,0,0,0,0,0.9990062286453247,999006.2286453247
Y2021_LAT23.69103_LON90.36705,2021,90.36705083033317,23.69103025338073,0.9675001466662897,0.0,0.03249985333371026,0.0,0.0,0.0,1,1,0,0,0,0,0,0,0.999019502609253,999019.5026092529
Y2021_LAT23.6912_LON90.37685,2021,90.37684896729039,23.691196668292005,0.8517001211009609,0.0,0.14039987141966784,0.00790000747937127,0.0,0.0,1,1,0,0,0,0,0,0,0.9990327285690308,999032.7285690308
Y2021_LAT23.69136_LON90.38665,2021,90.38664719373304,23.691362464298813,1.0,0.0,0.0,0.0,0.0,0.0,1,1,0,0,0,0,0,0,0.9990459057922363,999045.9057922363
Y2021_LAT23.69153_LON90.39645,2021,90.39644550946858,23.69152764137907,1.0,0.0,0.0,0.0,0.0,0.0,1,1,0,0,0,0,0,0,0.9990590336990356,999059.0336990356
Y2021_LAT23.69169_LON90.40624,2021,90.4062439140388,23.69169219937678,1.0,0.0,0.0,0.0,0.0,0.0,1,1,0,0,0,0,0,0,0.9990721120147705,999072.1120147705
Y2021_LAT23.69186_LON90.41604,2021,90.41604240708742,23.691856138478396,0.8106992082759218,0.0,0.0,0.1893007917240782,0.0,0.0,1,1,0,0,0,0,0,0,0.9990851405639648,999085.1405639648
Y2021_LAT23.69202_LON90.42584,2021,90.42584098839943,23.69201945854091,0.6679009001906222,0.03129996057263296,0.0,0.30079913923674484,0.0,0.0,1,1,0,0,0,0,0,0,0.9990981207809448,999098.1207809448
Y2021_LAT23.69218_LON90.43564,2021,90.43563965751427,23.692182159512154,1.0,0.0,0.0,0.0,0.0,0.0,1,1,0,0,0,0,0,0,0.9991110517501831,999111.0517501831
Y2021_LAT23.69234_LON90.44544,2021,90.4454384141069,23.69234424143475,1.0,0.0,0.0,0.0,0.0,0.0,1,1,0,0,0,0,0,0,0.9991239349365234,999123.9349365234
Y2021_LAT23.69251_LON90.45524,2021,90.45523725805928,23.692505704334405,1.0,0.0,0.0,0.0,0.0,0.0,1,1,0,0,0,0,0,0,0.9991367661590577,999136.7661590576
Y2021_LAT23.69267_LON90.46504,2021,90.46503618872939,23.692666548096195,0.880900036530673,0.006099996269354594,0.0,0.1129999671999724,0.0,0.0,1,1,0,0,0,0,0,0,0.9991495521011352,999149.5521011353
Y2021_LAT23.69283_LON90.47484,2021,90.47483520593858,23.692826772691703,1.0,0.0,0.0,0.0,0.0,0.0,1,1,0,0,0,0,0,0,0.7905364627914429,790536.4627914429
Y2021_LAT23.69299_LON90.48463,2021,90.48463430943491,23.6929863781478,0.9161528063591052,0.06863962958468559,0.0,0.01520756405620923,0.0,0.0,1,1,0,0,0,0,0,0,0.2430989380722046,243098.9380722046
Y2021_LAT23.69315_LON90.49443,2021,90.49443349867948,23.69314536447778,0.0,0.0,0.0,0.0,0.0,0.0,1,1,0,0,0,0,0,1,0.0,0.0
Y2021_LAT23.69402_LON90.03377,2021,90.03376589630383,23.694024545291867,0.0,0.0,1.0,0.0,0.0,0.0,3,0,0,1,0,0,0,0,0.07948433137512206,79484.33137512207
Y2021_LAT23.69421_LON90.04356,2021,90.04356146245503,23.694212069656356,0.05973981083734036,0.000556238020240982,0.9371452531299014,0.0025586980125173317,0.0,0.0,3,0,0,1,0,0,0,0,0.8976020648345947,897602.0648345947
Y2021_LAT23.6944_LON90.05336,2021,90.05335712933497,23.694398975621432,0.28979942986743157,0.027199934164533878,0.682100633523123,0.0009000024449115075,0.0,0.0,3,0,0,1,0,0,0,0,0.998570361656189,998570.361656189
Y2021_LAT23.69459_LON90.06315,2021,90.06315289686664,23.69458526312828,0.16860065473359898,0.09310030348056887,0.7382990417858322,0.0,0.0,0.0,3,0,0,1,0,0,0,0,0.998585155128479,998585.155128479
Y2021_LAT23.69477_LON90.07295,2021,90.07294876450825,23.694770932261218,0.4612007199411777,0.21370013043508748,0.2684990301702826,0.056600119453452356,0.0,0.0,1,1,0,0,0,0,0,1,0.9985999040527344,998599.9040527344
Y2021_LAT23.69496_LON90.08274,2021,90.08274473214368,23.694955982978474,0.49619880896885493,0.01569996538018571,0.46390133659285676,0.0241998890581026,0.0,0.0,1,1,0,0,0,0,0,1,0.998614603225708,998614.603225708
Y2021_LAT23.69514_LON90.09254,2021,90.09254079914159,23.695140415116487,0.39380091346212703,0.0,0.5896991148517353,0.016499971686137666,0.0,0.0,3,0,0,1,0,0,0,0,0.9986292502975463,998629.2502975464
Y2021_LAT23.69532_LON90.10234,2021,90.10233696563171,23.695324228819757,0.652899148455706,0.04850013216558727,0.2900007328519193,0.008599986526787517,0.0,0.0,1,1,0,0,0,0,0,0,0.9986438507843017,998643.8507843018
Y2021_LAT23.69551_LON90.11213,2021,90.1121332307547,23.695507423993153,0.8610002956634841,0.09330000706070324,0.04569969727581263,0.0,0.0,0.0,1,1,0,0,0,0,0,0,0.9986584027633667,998658.4027633667
Y2021_LAT23.69569_LON90.12193,2021,90.12192959448173,23.695690000641797,0.7473991402842317,0.03489993891040391,0.21770092080536438,0.0,0.0,0.0,1,1,0,0,0,0,0,0,0.9986729038772583,998672.9038772583
Y2021_LAT23.69587_LON90.13173,2021,90.1317260564157,23.69587195872346,0.005699960704912191,0.0,0.9943000392950878,0.0,0.0,0.0,3,0,0,1,0,0,0,0,0.9986873569488526,998687.3569488525
Y2021_LAT23.69605_LON90.14152,2021,90.14152261628611,23.69605329816605,0.17030033350942708,0.011800039098688857,0.8156996211631266,0.0022000062287575025,0.0,0.0,3,0,0,1,0,0,0,0,0.9987017601852417,998701.7601852417
Y2021_LAT23.69623_LON90.15132,2021,90.15131927360359,23.696234018988964,0.09340023778178255,0.0,0.9040997587883302,0.0025000034298872796,0.0,0.0,3,0,0,1,0,0,0,0,0.9987161163787842,998716.1163787842
Y2021_LAT23.69641_LON90.16112,2021,90.16111602820861,23.696414121209525,0.39300000787986195,0.30000063796204224,0.29909934118389564,0.007900012974200338,0.0,0.0,1,1,0,0,0,0,0,1,0.9987304220123291,998730.4220123291
Y2021_LAT23.69659_LON90.17091,2021,90.17091287964736,23.696593604758856,0.09199963047371731,0.4519995844424225,0.45600078508386016,0.0,0.0,0.0,3,0,0,1,0,0,0,1,0.9987446786422729,998744.678642273
Y2021_LAT23.69677_LON90.18071,2021,90.18070982763672,23.6967724695766,0.13169976559384297,0.21060008737367972,0.6577001470324774,0.0,0.0,0.0,3,0,0,1,0,0,0,0,0.9987588852005005,998758.8852005005
Y2021_LAT23.69695_LON90.19051,2021,90.19050687187254,23.696950715695937,0.17959995914565907,0.18799998199007914,0.6324000588642618,0.0,0.0,0.0,3,0,0,1,0,0,0,0,0.9987730447769165,998773.0447769165
Y2021_LAT23.69713_LON90.2003,2021,90.20030401193569,23.697128343056402,0.4924009993086692,0.15409968849468492,0.3534993121966459,0.0,0.0,0.0,1,1,0,0,0,0,0,1,0.9987871536712647,998787.1536712646
Y2021_LAT23.69731_LON90.2101,2021,90.21010124755631,23.697305351576016,0.15009989943557123,0.01630005584894706,0.8336000447154817,0.0,0.0,0.0,3,0,0,1,0,0,0,0,0.998801214553833,998801.214553833
Y2021_LAT23.69748_LON90.2199,2021,90.21989857844044,23.69748174142072,0.4108002619749436,0.05130001605764159,0.505299548014164,0.03260017395325075,0.0,0.0,3,0,0,1,0,0,0,0,0.998815227722168,998815.227722168
Y2021_LAT23.69766_LON90.2297,2021,90.22969600417127,23.697657512448863,0.33660026858947856,0.12750051762277423,0.372899337155523,0.1629998766322242,0.0,0.0,3,0,0,1,0,0,0,1,0.9988291876449585,998829.1876449585
Y2021_LAT23.69783_LON90.23949,2021,90.23949352444232,23.69783266458546,0.265799917996089,0.0702000311405018,0.6640000508634092,0.0,0.0,0.0,3,0,0,1,0,0,0,0,0.9988431016616821,998843.1016616821
Y2021_LAT23.69801_LON90.24929,2021,90.24929113900173,23.698007197833338,0.191599648414474,0.053399725762270846,0.7550006258232552,0.0,0.0,0.0,3,0,0,1,0,0,0,0,0.9988569657974243,998856.9657974243
Y2021_LAT23.69818_LON90.25909,2021,90.25908884727923,23.698181112204736,0.4432002392562324,0.04279991281317718,0.5139998479305904,0.0,0.0,0.0,3,0,0,1,0,0,0,0,0.9988707804183959,998870.780418396
Y2021_LAT23.69835_LON90.26889,2021,90.26888664922271,23.698354407670063,0.20019985822503503,0.14420013728387138,0.5593995497755045,0.09620045471558909,0.0,0.0,3,0,0,1,0,0,0,0,0.9988845443725586,998884.5443725586
Y2021_LAT23.69853_LON90.27868,2021,90.27868454438945,23.69852708423566,0.5869010802509583,0.12509961779013282,0.038000169950118685,0.2426991527776284,0.0,0.00729997923116179,1,1,0,0,0,0,0,0,0.9988982633972168,998898.2633972168
Y2021_LAT23.6987_LON90.28848,2021,90.28848253237545,23.698699141794624,0.940999943674531,0.007800016704636676,0.014499911137705752,0.03670012848312662,0.0,0.0,1,1,0,0,0,0,0,0,0.9989119308395386,998911.9308395386
Y2021_LAT23.69887_LON90.29828,2021,90.29828061301143,23.698870580392295,0.8828999093205985,0.007400004486703979,0.1097000861926975,0.0,0.0,0.0,1,1,0,0,0,0,0,0,0.9989255498428344,998925.5498428345
Y2021_LAT23.69904_LON90.30808,2021,90.30807878576685,23.699041399959277,0.7697993094624509,0.05270004230296705,0.17380066782294237,0.003699980411639445,0.0,0.0,1,1,0,0,0,0,0,0,0.9989391198272705,998939.1198272705
Y2021_LAT23.69921_LON90.31788,2021,90.31787705044069,23.69921160050114,0.19010014818211507,0.00810003412439258,0.8012998192376283,0.0004999984558641173,0.0,0.0,3,0,0,1,0,0,0,0,0.9989526394805908,998952.6394805908
Y2021_LAT23.69938_LON90.32768,2021,90.32767540668374,23.69938118206402,0.43550055174151336,0.0,0.5644994482584866,0.0,0.0,0.0,3,0,0,1,0,0,0,0,0.9989661110687256,998966.1110687256
Y2021_LAT23.69955_LON90.33747,2021,90.33747385416156,23.699550144481268,0.3999003859021146,0.014099998091025284,0.5646996407838486,0.021299975223011514,0.0,0.0,3,0,0,1,0,0,0,0,0.9989795338287354,998979.5338287354
Y2021_LAT23.69972_LON90.34727,2021,90.34727239251424,23.699718487758588,0.8125997238448824,0.003300005332494374,0.18200028103919888,0.0020999897834242743,0.0,0.0,1,1,0,0,0,0,0,0,0.9989929008789062,998992.9008789062
Y2021_LAT23.69989_LON90.35707,2021,90.35707102129193,23.69988621195301,0.6494001178578873,0.0,0.3397998640013219,0.010800018140790808,0.0,0.0,1,1,0,0,0,0,0,0,0.9990062315292358,999006.2315292358
Y2021_LAT23.70005_LON90.36687,2021,90.36686974047907,23.700053317093538,1.0,0.0,0.0,0.0,0.0,0.0,1,1,0,0,0,0,0,0,0.9990195055160522,999019.5055160522
Y2021_LAT23.70022_LON90.37667,2021,90.376668549419,23.700219802920405,0.9959000009752635,0.0,0.004099999024736438,0.0,0.0,0.0,1,1,0,0,0,0,0,0,0.9990327317886353,999032.7317886353
Y2021_LAT23.70039_LON90.38647,2021,90.38646744800242,23.70038566959848,1.0,0.0,0.0,0.0,0.0,0.0,1,1,0,0,0,0,0,0,0.9990459079666137,999045.9079666138
Y2021_LAT23.70055_LON90.39627,2021,90.39626643575552,23.70055091708713,1.0,0.0,0.0,0.0,0.0,0.0,1,1,0,0,0,0,0,0,0.9990590367736817,999059.0367736816
Y2021_LAT23.70072_LON90.40607,2021,90.40606551238739,23.700715545377125,0.8901995643285489,0.0,0.0,0.10980043567145117,0.0,0.0,1,1,0,0,0,0,0,0,0.9990721150283813,999072.1150283813
Y2021_LAT23.70088_LON90.41586,2021,90.41586467759917,23.70087955431993,0.7054004273774929,0.0,0.0,0.29459957262250713,0.0,0.0,1,1,0,0,0,0,0,0,0.9990851430892944,999085.1430892944
Y2021_LAT23.70104_LON90.42566,2021,90.4256639310151,23.701042944001834,0.9934999750081077,0.006500024991892289,0.0,0.0,0.0,0.0,1,1,0,0,0,0,0,0,0.9990981248321533,999098.1248321533
Y2021_LAT23.70121_LON90.43546,2021,90.43546327232818,23.701205714455323,0.9629999309829821,0.0019000059252646387,0.0,0.035100063091753265,0.0,0.0,1,1,0,0,0,0,0,0,0.9991110552902221,999111.0552902222
Y2021_LAT23.70137_LON90.44526,2021,90.44526270110596,23.70136786549647,1.0,0.0,0.0,0.0,0.0,0.0,1,1,0,0,0,0,0,0,0.9991239372406006,999123.9372406006
Y2021_LAT23.70153_LON90.45506,2021,90.45506221733368,23.701529397245388,1.0,0.0,0.0,0.0,0.0,0.0,1,1,0,0,0,0,0,0,0.9991367690200805,999136.7690200806
Y2021_LAT23.70169_LON90.46486,2021,90.46486182016598,23.701690309568644,1.0,0.0,0.0,0.0,0.0,0.0,1,1,0,0,0,0,0,0,0.9991495536270142,999149.5536270142
Y2021_LAT23.70185_LON90.47466,2021,90.47466150978964,23.701850602500215,0.9895000254512374,0.0,0.0,0.010499974548762595,0.0,0.0,1,1,0,0,0,0,0,0,0.9991622795104981,999162.279510498
Y2021_LAT23.70201_LON90.48446,2021,90.48446128543061,23.702010276103653,0.9285000932019131,0.04219997251958715,0.0,0.029299934278499744,0.0,0.0,1,1,0,0,0,0,0,0,0.9991749737167358,999174.9737167358
Y2021_LAT23.70217_LON90.49426,2021,90.49426114712661,23.702169330188557,1.0,0.0,0.0,0.0,0.0,0.0,1,1,0,0,0,0,0,0,0.571035258972168,571035.258972168
Y2021_LAT23.70233_LON90.50406,2021,90.5040610942863,23.7023277648228,1.0,0.0,0.0,0.0,0.0,0.0,1,1,0,0,0,0,0,0,0.1402871014251709,140287.1014251709
Y2021_LAT23.70305_LON90.03356,2021,90.03356187373416,23.70304502686462,0.0,0.0,1.0,0.0,0.0,0.0,3,0,0,1,0,0,0,0,0.01607660913848877,16076.60913848877
Y2021_LAT23.70323_LON90.04336,2021,90.04335811133733,23.703232631056487,0.014265743536490755,0.00027972123109401727,0.9854545352324152,0.0,0.0,0.0,3,0,0,1,0,0,0,0,0.7139684827041626,713968.4827041626
Y2021_LAT23.70342_LON90.05315,2021,90.05315444958619,23.703419616701094,0.2463002437536493,0.016999933796458727,0.7154998783410296,0.021199944108862532,0.0,0.0,3,0,0,1,0,0,0,0,0.9985703645706177,998570.3645706177
Y2021_LAT23.70361_LON90.06295,2021,90.06295088851031,23.703605983712084,0.49580010506957806,0.13690015609565598,0.35249965702980074,0.014800081804965252,0.0,0.0,1,1,0,0,0,0,0,1,0.998585159111023,998585.159111023
Y2021_LAT23.70379_LON90.07275,2021,90.0727474277177,23.703791731950638,0.42059976689456274,0.04399993187086044,0.5080001787763044,0.02740012245827241,0.0,0.0,3,0,0,1,0,0,0,0,0.9985999071502686,998599.9071502686
Y2021_LAT23.70398_LON90.08254,2021,90.08254406670223,23.703976861512988,0.11329973159457049,0.0,0.8788002734629817,0.007899994942447797,0.0,0.0,3,0,0,1,0,0,0,0,0.9986146062393189,998614.6062393188
Y2021_LAT23.70416_LON90.09234,2021,90.09234080530119,23.704161372368265,0.0,0.0,0.9241997722504658,0.07580022774953425,0.0,0.0,3,0,0,1,0,0,0,0,0.998629253692627,998629.253692627
Y2021_LAT23.70435_LON90.10214,2021,90.10213764327416,23.704345264440022,0.38110150749835886,0.004100015453284927,0.5504988119482513,0.06429966510010504,0.0,0.0,3,0,0,1,0,0,0,0,0.9986438551254272,998643.8551254272
Y2021_LAT23.70453_LON90.11193,2021,90.11193457993346,23.70452853772212,0.9970999913013533,0.0029000086986466743,0.0,0.0,0.0,0.0,1,1,0,0,0,0,0,0,0.998658406173706,998658.406173706
Y2021_LAT23.70471_LON90.12173,2021,90.12173161533806,23.704711192214116,0.42709840024364953,0.05439991256051001,0.5185016871958404,0.0,0.0,0.0,3,0,0,1,0,0,0,0,0.998672907585144,998672.907585144
Y2021_LAT23.70489_LON90.13153,2021,90.13152874887366,23.70489322782501,0.03460013171563947,0.015800067162316033,0.9495998011220445,0.0,0.0,0.0,3,0,0,1,0,0,0,0,0.9986873614425659,998687.3614425659
Y2021_LAT23.70507_LON90.14133,2021,90.14132598034229,23.705074644616523,0.24220043569258978,0.035600098471030225,0.6133995413352255,0.10879992450115455,0.0,0.0,3,0,0,1,0,0,0,0,0.9987017633590698,998701.7633590698
Y2021_LAT23.70526_LON90.15112,2021,90.15112330948841,23.70525544246932,0.5361008165142066,0.02110002656445838,0.33809884498770126,0.1047003119336338,0.0,0.0,1,1,0,0,0,0,0,0,0.9987161192016601,998716.1192016602
Y2021_LAT23.70544_LON90.16092,2021,90.1609207356397,23.705435621453674,0.7567994676050414,0.14760034345248177,0.05500012457573033,0.04060006436674653,0.0,0.0,1,1,0,0,0,0,0,0,0.998730424407959,998730.424407959
Y2021_LAT23.70562_LON90.17072,2021,90.17071825891627,23.705615181468307,0.25129972280271834,0.14269977101527748,0.6047005128733178,0.0012999933086863063,0.0,0.0,3,0,0,1,0,0,0,0,0.9987446825637818,998744.6825637817
Y2021_LAT23.70579_LON90.18052,2021,90.1805158787244,23.705794122595467,0.29240022145506006,0.24850079824411733,0.4586989776269078,0.00040000267391494284,0.0,0.0,3,0,0,1,0,0,0,1,0.99875888747406,998758.8874740601
Y2021_LAT23.70597_LON90.19031,2021,90.19031359471971,23.705972444710646,0.22909916763614618,0.25939987386493735,0.5115009584989165,0.0,0.0,0.0,3,0,0,1,0,0,0,0,0.9987730472564698,998773.0472564697
Y2021_LAT23.70615_LON90.20011,2021,90.200111406591,23.706150147759647,0.18340044188686397,0.12409987175452768,0.6924996863586084,0.0,0.0,0.0,3,0,0,1,0,0,0,0,0.9987871572418213,998787.1572418213
Y2021_LAT23.70633_LON90.20991,2021,90.20990931416321,23.706327231822428,0.4588008817685297,0.03339990346340262,0.4896990991887067,0.01810011557936113,0.0,0.0,3,0,0,1,0,0,0,1,0.9988012172393799,998801.2172393799
Y2021_LAT23.7065_LON90.21971,2021,90.21970731686756,23.706503696800265,0.3271500781037877,0.2250617168113338,0.1573708962919565,0.289680210410101,0.0,0.0007370983828210014,1,1,0,0,0,0,0,1,0.8130350692443847,813035.0692443848
Y2021_LAT23.70668_LON90.22951,2021,90.2295054145585,23.706679542700364,0.3857633419999665,0.2015311318438483,0.36582204423476516,0.04688348192142006,0.0,0.0,1,1,0,0,0,0,0,1,0.7563140974197388,756314.0974197388
Y2021_LAT23.70685_LON90.2393,2021,90.2393036067637,23.70685476956079,0.4343746346660967,0.07112825144869367,0.30712280178732243,0.1873743120978872,0.0,0.0,1,1,0,0,0,0,0,1,0.9984435694503784,998443.5694503784
Y2021_LAT23.70703_LON90.2491,2021,90.24910189330109,23.707029377219417,0.2560999088072025,0.25810040126678213,0.4857996899260154,0.0,0.0,0.0,3,0,0,1,0,0,0,1,0.9988569683761597,998856.9683761597
Y2021_LAT23.7072_LON90.2589,2021,90.25890027361427,23.707203365769384,0.27920021222809743,0.20940012528309002,0.5113996624888125,0.0,0.0,0.0,3,0,0,1,0,0,0,0,0.9988707838973999,998870.7838973999
Y2021_LAT23.70738_LON90.2687,2021,90.26869874760163,23.70737673517037,0.06099981613585831,0.2172997810168072,0.7217004028473345,0.0,0.0,0.0,3,0,0,1,0,0,0,0,0.9988845475692749,998884.5475692749
Y2021_LAT23.70755_LON90.2785,2021,90.27849731481605,23.707549485322676,0.3147011688194021,0.30649907364861523,0.12099941028431851,0.25180035142348367,0.0,0.0059999958241804836,1,1,0,0,0,0,0,1,0.9988982654953003,998898.2654953003
Y2021_LAT23.70772_LON90.2883,2021,90.28829597489661,23.707721616278636,0.6746987419185899,0.0007000046704618677,0.3246012534109482,0.0,0.0,0.0,1,1,0,0,0,0,0,0,0.9989119338912964,998911.9338912964
Y2021_LAT23.70789_LON90.29809,2021,90.29809472761363,23.707893127929356,0.6548998858419206,0.030899905154235647,0.3142002090038437,0.0,0.0,0.0,1,1,0,0,0,0,0,0,0.9989255526809693,998925.5526809692
Y2021_LAT23.70806_LON90.30789,2021,90.30789357256529,23.708064020333538,0.08990009200365247,0.010200001782064809,0.8998999062142827,0.0,0.0,0.0,3,0,0,1,0,0,0,0,0.9989391219711303,998939.1219711304
Y2021_LAT23.70823_LON90.31769,2021,90.31769250940437,23.708234293467843,0.20050078521392048,0.0037000193285988865,0.791899170287603,0.0039000251698776164,0.0,0.0,3,0,0,1,0,0,0,0,0.9989526433486938,998952.6433486938
Y2021_LAT23.7084_LON90.32749,2021,90.32749153792315,23.708403947261555,0.1606994873232969,0.0,0.8368005289835788,0.002499983693124372,0.0,0.0,3,0,0,1,0,0,0,0,0.99896611378479,998966.11378479
Y2021_LAT23.70857_LON90.33729,2021,90.33729065753963,23.708572981673683,0.7167007960341031,0.0,0.2832992039658969,0.0,0.0,0.0,1,1,0,0,0,0,0,0,0.9989795359039306,998979.5359039307
Y2021_LAT23.70874_LON90.34709,2021,90.3470898681642,23.708741396848097,0.9966000215674571,0.0,0.0033999784325429096,0.0,0.0,0.0,1,1,0,0,0,0,0,0,0.9989929087982178,998992.9087982178
Y2021_LAT23.70891_LON90.35689,2021,90.35688916925412,23.708909192542208,0.9226995916564719,0.0,0.0,0.07730040834352819,0.0,0.0,1,1,0,0,0,0,0,0,0.9990062343292236,999006.2343292236
Y2021_LAT23.70908_LON90.36669,2021,90.36668856079342,23.709076368790804,0.6950001672273348,0.0,0.0,0.3049998327726651,0.0,0.0,1,1,0,0,0,0,0,0,0.9990195076446533,999019.5076446533
Y2021_LAT23.70924_LON90.37649,2021,90.37648804206883,23.709242925688343,0.7522999607587145,0.0,0.0,0.24770003924128545,0.0,0.0,1,1,0,0,0,0,0,0,0.9990327344436646,999032.7344436646
Y2021_LAT23.70941_LON90.38629,2021,90.38628761298692,23.709408863131618,0.6558999283936716,0.0,0.0,0.34410007160632844,0.0,0.0,1,1,0,0,0,0,0,0,0.9990459114074707,999045.9114074707
Y2021_LAT23.70957_LON90.39609,2021,90.39608727311314,23.709574181012975,0.7935000690944761,0.0,0.0,0.20649993090552388,0.0,0.0,1,1,0,0,0,0,0,0,0.9990590388717652,999059.0388717651
Y2021_LAT23.70974_LON90.40589,2021,90.40588702224204,23.70973887951858,0.8540003287170899,0.0,0.0,0.14599967128291014,0.0,0.0,1,1,0,0,0,0,0,0,0.9990721169891358,999072.1169891357
Y2021_LAT23.7099_LON90.41569,2021,90.4156868598344,23.709902958425765,1.0,0.0,0.0,0.0,0.0,0.0,1,1,0,0,0,0,0,0,0.9990851458587646,999085.1458587646
Y2021_LAT23.71007_LON90.42549,2021,90.4254867857843,23.710066417710696,1.0,0.0,0.0,0.0,0.0,0.0,1,1,0,0,0,0,0,0,0.9990981264877319,999098.1264877319
Y2021_LAT23.71023_LON90.43529,2021,90.43528679955445,23.710229257514577,0.9996999993992791,0.0,0.0,0.0003000006007209269,0.0,0.0,1,1,0,0,0,0,0,0,0.9991110568313598,999111.0568313599
Y2021_LAT23.71039_LON90.44509,2021,90.44508690096607,23.710391477780355,0.9991000012660758,0.0,0.0,0.0008999987339242589,0.0,0.0,1,1,0,0,0,0,0,0,0.9991239403762817,999123.9403762817
Y2021_LAT23.71055_LON90.45489,2021,90.4548870896483,23.71055307833751,1.0,0.0,0.0,0.0,0.0,0.0,1,1,0,0,0,0,0,0,0.9991367719268799,999136.7719268799
Y2021_LAT23.71071_LON90.46469,2021,90.4646873651295,23.71071405931008,1.0,0.0,0.0,0.0,0.0,0.0,1,1,0,0,0,0,0,0,0.99914955493927,999149.55493927
Y2021_LAT23.71087_LON90.47449,2021,90.47448772728887,23.710874420619206,1.0,0.0,0.0,0.0,0.0,0.0,1,1,0,0,0,0,0,0,0.9991622852020263,999162.2852020264
Y2021_LAT23.71103_LON90.48429,2021,90.48428817568954,23.71103416224019,1.0,0.0,0.0,0.0,0.0,0.0,1,1,0,0,0,0,0,0,0.9991749759140015,999174.9759140015
Y2021_LAT23.71119_LON90.49409,2021,90.49408870998201,23.71119328417151,1.0,0.0,0.0,0.0,0.0,0.0,1,1,0,0,0,0,0,0,0.9991876124572754,999187.6124572754
Y2021_LAT23.71135_LON90.50389,2021,90.50388932976809,23.71135178637137,0.811481108290255,0.0,0.0,0.18851889170974503,0.0,0.0,1,1,0,0,0,0,0,0,0.9259585441513062,925958.5441513062
Y2021_LAT23.71151_LON90.51369,2021,90.51369003493744,23.711509668848223,0.4023718887190138,0.0,0.0,0.5976281112809861,0.0,0.0,4,0,0,0,1,0,0,0,0.21902658640289308,219026.58640289307
Y2021_LAT23.71225_LON90.04315,2021,90.0431546592458,23.71225318042141,0.4140778608108179,0.18531743479803475,0.16167173805384435,0.23893296633730302,0.0,0.0,1,1,0,0,0,0,0,1,0.3631758915786743,363175.8915786743
Y2021_LAT23.71244_LON90.05295,2021,90.0529516692942,23.712440245680874,0.8081970463239159,0.10608900047612249,0.05714270563106143,0.02857124756890023,0.0,0.0,1,1,0,0,0,0,0,0,0.8527797693099975,852779.7693099976
Y2021_LAT23.71263_LON90.06275,2021,90.06274877995331,23.71262669208791,0.7575994576699229,0.06869972313208536,0.1734008171148947,0.00030000208309708385,0.0,0.0,1,1,0,0,0,0,0,0,0.9985851631317139,998585.1631317139
Y2021_LAT23.71281_LON90.07255,2021,90.07254599089818,23.712812519580314,0.18111427660246163,0.017497922264079757,0.7951529155605103,0.006234885572948338,0.0,0.0,3,0,0,1,0,0,0,0,0.9930077147445678,993007.7147445679
Y2021_LAT23.713_LON90.08234,2021,90.08234330177807,23.712997728017378,0.042323805828090914,0.0,0.9563276398015534,0.0013485543703555996,0.0,0.0,3,0,0,1,0,0,0,0,0.9626646095581055,962664.6095581055
Y2021_LAT23.71318_LON90.09214,2021,90.09214071218643,23.713182317510785,0.17720029237564383,0.03680019398246513,0.7546996123232501,0.03129990131864095,0.0,0.0,3,0,0,1,0,0,0,0,0.9986292565765381,998629.2565765381
Y2021_LAT23.71337_LON90.10194,2021,90.10193822196155,23.713366287951914,0.8093606539468714,0.08177501513448535,0.10835892667740635,0.0005054042412369273,0.0,0.0,1,1,0,0,0,0,0,0,0.9879582972564698,987958.2972564697
Y2021_LAT23.71355_LON90.11174,2021,90.11173583065977,23.71354963932032,0.5229100492340044,0.02061336984065897,0.45647658092533666,0.0,0.0,0.0,1,1,0,0,0,0,0,0,0.8042194160690308,804219.4160690308
Y2021_LAT23.71373_LON90.12153,2021,90.12153353788551,23.713732371656334,0.11397825413645939,0.10615614202996708,0.7798656038335735,0.0,0.0,0.0,3,0,0,1,0,0,0,0,0.9830937078552247,983093.7078552246
Y2021_LAT23.71391_LON90.13133,2021,90.1313313433938,23.713914484883787,0.3543997985000118,0.14890039401445193,0.48439984350820314,0.0122999639773331,0.0,0.0,3,0,0,1,0,0,0,1,0.9986873635177612,998687.3635177612
Y2021_LAT23.7141_LON90.14113,2021,90.14112924693023,23.714095978984354,0.4168001133675205,0.03479984297114911,0.3116995116700477,0.23670053199128266,0.0,0.0,1,1,0,0,0,0,0,1,0.998701766960144,998701.766960144
Y2021_LAT23.71428_LON90.15093,2021,90.15092724796132,23.714276853931995,0.16410002903679527,0.004299991382318976,0.6509004659046413,0.18069951367624454,0.0,0.0,3,0,0,1,0,0,0,0,0.9987161220932007,998716.1220932007
Y2021_LAT23.71446_LON90.16073,2021,90.16072534631115,23.714457109668174,0.5929002684008556,0.013200053046386752,0.181000340378913,0.21289933817384463,0.0,0.0,1,1,0,0,0,0,0,0,0.9987304276733399,998730.4276733398
Y2021_LAT23.71464_LON90.17052,2021,90.1705235416538,23.714636746284214,0.27960016935713694,0.16959958086609134,0.4203998835878963,0.1304003661888754,0.0,0.0,3,0,0,1,0,0,0,1,0.9987446852340698,998744.6852340698
Y2021_LAT23.71482_LON90.18032,2021,90.18032183351082,23.71481576361268,0.39617963075120516,0.1035209236831532,0.31426229109680553,0.18603715446883615,0.0,0.0,1,1,0,0,0,0,0,1,0.9985591408233643,998559.1408233643
Y2021_LAT23.71499_LON90.19012,2021,90.19012022163874,23.714994161695245,0.330433865588172,0.20440051580638097,0.40251507761683814,0.0626505409886089,0.0,0.0,3,0,0,1,0,0,0,1,0.9533289357147217,953328.9357147217
Y2021_LAT23.71517_LON90.19992,2021,90.19991870576271,23.715171940552505,0.4113996897109142,0.08079995296395501,0.4898004375501623,0.01799991977496855,0.0,0.0,3,0,0,1,0,0,0,1,0.9987871600265503,998787.1600265503
Y2021_LAT23.71535_LON90.20972,2021,90.20971728540066,23.715349100104703,0.273507971461043,0.04793539990479459,0.4507347798188705,0.22782184881529188,0.0,0.0,3,0,0,1,0,0,0,1,0.9772269788589477,977226.9788589478
Y2021_LAT23.71553_LON90.21952,2021,90.21951596044218,23.715525640303582,0.35655755952886115,0.21311480013509665,0.10245893284103919,0.327868707495003,0.0,0.0,1,1,0,0,0,0,0,1,0.04874188944244385,48741.88944244385
Y2021_LAT23.71588_LON90.23911,2021,90.2391135948237,23.715876862690298,0.7427964642659616,0.0,0.0,0.2572035357340384,0.0,0.0,1,1,0,0,0,0,0,0,0.18718338969421386,187183.38969421387
Y2021_LAT23.71605_LON90.24891,2021,90.24891255363129,23.716051544785955,0.2744543525142649,0.0013908222278683842,0.7241548252578667,0.0,0.0,0.0,3,0,0,1,0,0,0,0,0.21545353811645507,215453.53811645508
Y2021_LAT23.71623_LON90.25871,2021,90.25871160641132,23.716225607492657,0.4628318411352771,0.273066483277491,0.2624829433393653,0.0016187322478666696,0.0,0.0,1,1,0,0,0,0,0,1,0.802194110420227,802194.110420227
Y2021_LAT23.7164_LON90.26851,2021,90.2685107526447,23.71639905068736,0.2561998769608232,0.014299920760204705,0.4971997771121199,0.2323004251668522,0.0,0.0,3,0,0,1,0,0,0,1,0.9988845545272828,998884.5545272827
Y2021_LAT23.71657_LON90.27831,2021,90.27830999232893,23.716571874457628,0.749400971707249,0.010499956578213697,0.07999963021087772,0.16009944150365965,0.0,0.0,1,1,0,0,0,0,0,0,0.9988982682800293,998898.2682800293
Y2021_LAT23.71674_LON90.28811,2021,90.28810932485533,23.716744078749503,0.5758988151034623,0.010600022464651384,0.41350116243188634,0.0,0.0,0.0,1,1,0,0,0,0,0,0,0.9989119372940064,998911.9372940063
Y2021_LAT23.71692_LON90.29791,2021,90.29790875005806,23.716915663553387,0.21259996187754235,0.020700002200385127,0.7667000359220725,0.0,0.0,0.0,3,0,0,1,0,0,0,0,0.9989255556488037,998925.5556488037
Y2021_LAT23.71709_LON90.30771,2021,90.30770826742575,23.717086628802917,0.23270058146701572,0.00020000113165708836,0.7670994174013271,0.0,0.0,0.0,3,0,0,1,0,0,0,0,0.998939126159668,998939.126159668
Y2021_LAT23.71726_LON90.31751,2021,90.31750787684767,23.71725697455599,0.3238013633813265,0.0,0.6761986366186735,0.0,0.0,0.0,3,0,0,1,0,0,0,0,0.9989526454849244,998952.6454849243
Y2021_LAT23.71743_LON90.32731,2021,90.32730757780034,23.717426700638914,0.788899695791027,0.0,0.211100304208973,0.0,0.0,0.0,1,1,0,0,0,0,0,0,0.9989661169281006,998966.1169281006
Y2021_LAT23.7176_LON90.33711,2021,90.337107370018,23.717595807212458,0.703200875363997,0.0,0.29349912908753584,0.0032999955484671766,0.0,0.0,1,1,0,0,0,0,0,0,0.9989795381393433,998979.5381393433
Y2021_LAT23.71776_LON90.34691,2021,90.34690725329281,23.717764294035227,1.0,0.0,0.0,0.0,0.0,0.0,1,1,0,0,0,0,0,0,0.9989929161300659,998992.9161300659
Y2021_LAT23.71793_LON90.35671,2021,90.3567072269702,23.71793216122946,0.5782991508363973,0.0015999992158833712,0.0,0.38250086761839885,0.03759998232932063,0.0,1,1,0,0,0,0,0,0,0.9990062364273071,999006.2364273071
Y2021_LAT23.7181_LON90.36651,2021,90.36650729109517,23.71809940882346,1.0,0.0,0.0,0.0,0.0,0.0,1,1,0,0,0,0,0,0,0.9990195111846923,999019.5111846924
Y2021_LAT23.71827_LON90.37631,2021,90.37630744514527,23.718266036666293,0.9732999174881657,0.026700082511834273,0.0,0.0,0.0,0.0,1,1,0,0,0,0,0,0,0.9990327369232178,999032.7369232178
Y2021_LAT23.71843_LON90.38611,2021,90.38610768873669,23.71843204480628,0.9986999954771905,0.0013000045228095671,0.0,0.0,0.0,0.0,1,1,0,0,0,0,0,0,0.9990459134140015,999045.9134140015
Y2021_LAT23.7186_LON90.39591,2021,90.39590802158581,23.718597433251112,1.0,0.0,0.0,0.0,0.0,0.0,1,1,0,0,0,0,0,0,0.9990590405731201,999059.0405731201
Y2021_LAT23.71876_LON90.40571,2021,90.40570844351673,23.718762201758146,1.0,0.0,0.0,0.0,0.0,0.0,1,1,0,0,0,0,0,0,0.9990721187591552,999072.1187591553
Y2021_LAT23.71893_LON90.41551,2021,90.41550895383028,23.718926350686807,0.9984999917062759,0.0,0.0,0.0015000082937241513,0.0,0.0,1,1,0,0,0,0,0,0,0.9990851487197876,999085.1487197876
Y2021_LAT23.71909_LON90.42531,2021,90.4253095526263,23.71908987978192,1.0,0.0,0.0,0.0,0.0,0.0,1,1,0,0,0,0,0,0,0.9990981292572021,999098.1292572021
Y2021_LAT23.71925_LON90.43511,2021,90.43511023925069,23.71925278900053,0.9331997942184825,0.05540024227045728,0.0,0.011399963511060228,0.0,0.0,1,1,0,0,0,0,0,0,0.9991110600433349,999111.060043335
Y2021_LAT23.71942_LON90.44491,2021,90.44491101354788,23.71941507830304,0.8896998653308473,0.05849996371685586,0.01570008476191193,0.03470008347804183,0.0014000027123432092,0.0,1,1,0,0,0,0,0,0,0.999123942779541,999123.942779541
Y2021_LAT23.71958_LON90.45471,2021,90.4547118750091,23.719576747776486,0.41279982530557147,0.08079969637084647,0.08519973653174116,0.4212007417918409,0.0,0.0,4,0,0,0,1,0,0,1,0.999136774887085,999136.774887085
Y2021_LAT23.71974_LON90.46451,2021,90.46451282353627,23.719737797353705,0.7173004481016068,0.003599993003039958,0.01570000483243155,0.26339955406292176,0.0,0.0,1,1,0,0,0,0,0,0,0.9991495563201904,999149.5563201904
Y2021_LAT23.7199_LON90.47431,2021,90.47431385862512,23.71989822703764,0.8492998090773614,0.0012000021480427082,0.0004999968824095945,0.14900019189218638,0.0,0.0,1,1,0,0,0,0,0,0,0.9991622968521118,999162.2968521118
Y2021_LAT23.72006_LON90.48411,2021,90.48411497992795,23.720058036749826,0.865699930724286,0.003299983055998399,0.001799991158344174,0.12920009506137142,0.0,0.0,1,1,0,0,0,0,0,0,0.9991749782028199,999174.9782028198
Y2021_LAT23.72022_LON90.49392,2021,90.49391618722424,23.720217226468566,0.8058996768902937,0.026600089864190855,0.028400104361893868,0.13910012888362158,0.0,0.0,1,1,0,0,0,0,0,0,0.9991876148681641,999187.6148681641
Y2021_LAT23.72038_LON90.50372,2021,90.50371748011912,23.72037579625026,0.24596292726183097,0.0,0.0,0.754037072738169,0.0,0.0,4,0,0,0,1,0,0,0,0.2660859427185059,266085.94271850586
Y2021_LAT23.72146_LON90.05275,2021,90.05274878835718,23.721460862546273,0.1866696138033142,0.08658665191756913,0.7267437342791166,0.0,0.0,0.0,3,0,0,1,0,0,0,0,0.48091288206481936,480912.88206481934
Y2021_LAT23.72165_LON90.06255,2021,90.0625465711389,23.721647388393826,0.14247933325810022,0.03742867386632353,0.8200919928755762,0.0,0.0,0.0,3,0,0,1,0,0,0,0,0.7176832333068848,717683.2333068848
Y2021_LAT23.72183_LON90.07234,2021,90.07234445423342,23.721833295021217,0.22417844912997892,0.2702557684952307,0.5055657823747903,0.0,0.0,0.0,3,0,0,1,0,0,0,0,0.38575797618103025,385757.9761810303
Y2021_LAT23.72202_LON90.08214,2021,90.08214243713324,23.722018582365706,0.08689817059842646,0.0006718940747770492,0.9124299353267965,0.0,0.0,0.0,3,0,0,1,0,0,0,0,0.44588313291168213,445883.1329116821
Y2021_LAT23.7222_LON90.09194,2021,90.09194051985853,23.722203250488853,0.1338685891338079,0.1586470443891561,0.7074843664770359,0.0,0.0,0.0,3,0,0,1,0,0,0,0,0.9712668439941406,971266.8439941406
Y2021_LAT23.72239_LON90.10174,2021,90.10173870173205,23.7223872993001,0.6643689057082761,0.10852177675172285,0.22612474005034433,0.000984577489656759,0.0,0.0,1,1,0,0,0,0,0,0,0.9128598093338013,912859.8093338013
Y2021_LAT23.72257_LON90.11154,2021,90.11153698272662,23.72257072886301,0.36279037129271136,0.0,0.6372096287072887,0.0,0.0,0.0,3,0,0,1,0,0,0,0,0.02147105185699463,21471.05185699463
Y2021_LAT23.72275_LON90.12134,2021,90.12133536216156,23.72275353900374,0.28221471773379475,0.09164228185572292,0.6261430004104823,0.0,0.0,0.0,3,0,0,1,0,0,0,0,0.6440454950180053,644045.4950180054
Y2021_LAT23.72294_LON90.13113,2021,90.13113384009418,23.72293572985883,0.33900010219597443,0.0730000334418461,0.397799151864077,0.18610068472367491,0.0,0.004100027774427601,3,0,0,1,0,0,0,1,0.9986873670043945,998687.3670043945
Y2021_LAT23.72312_LON90.14093,2021,90.14093241580831,23.723117301227123,0.46149926142554465,0.032199898959775035,0.35470150048266097,0.14639937037420245,0.0,0.005199968757816925,1,1,0,0,0,0,0,1,0.9987017699890137,998701.7699890137
Y2021_LAT23.7233_LON90.15073,2021,90.15073108925895,23.723298253311683,0.33760128576449244,0.0,0.6619987114245042,0.0004000028110033832,0.0,0.0,3,0,0,1,0,0,0,0,0.9987161260452271,998716.126045227
Y2021_LAT23.72348_LON90.16053,2021,90.1605298599987,23.72347858590026,0.29390601205203915,0.007238149008110686,0.5577127767191885,0.14114306222066167,0.0,0.0,3,0,0,1,0,0,0,0,0.5243324732742309,524332.473274231
Y2021_LAT23.72366_LON90.17033,2021,90.1703287277202,23.72365829896056,0.3309201527574341,0.011135801918258626,0.3717532239109909,0.28619082141331637,0.0,0.0,3,0,0,1,0,0,0,1,0.5381236379776001,538123.6379776001
Y2021_LAT23.72384_LON90.18013,2021,90.18012769201802,23.723837392558153,0.23361683928165505,0.0,0.7378556134626608,0.028527547255684214,0.0,0.0,3,0,0,1,0,0,0,0,0.1295385901184082,129538.5901184082
Y2021_LAT23.72402_LON90.18993,2021,90.18992675266574,23.72401586668338,0.0,0.0,0.0,1.0,0.0,0.0,4,0,0,0,1,0,0,0,0.005892776298522949,5892.776298522949
Y2021_LAT23.72419_LON90.19973,2021,90.19972590930401,23.724193721281,0.027149270914512084,0.004524862183046258,0.8959281438669057,0.07239772303553595,0.0,0.0,3,0,0,1,0,0,0,0,0.06621964122772217,66219.64122772217
Y2021_LAT23.72437_LON90.20953,2021,90.20952516150587,23.724370956323977,0.15547008557517747,0.0,0.6420339302618606,0.20249598416296205,0.0,0.0,3,0,0,1,0,0,0,0,0.10407475458526612,104074.75458526611
Y2021_LAT23.7249_LON90.23892,2021,90.2389234886081,23.724898943763282,0.0,0.0,0.0,1.0,0.0,0.0,4,0,0,0,1,0,0,0,0.00239723908996582,2397.2390899658203
Y2021_LAT23.72507_LON90.24872,2021,90.24872312015214,23.725073700305945,0.7480837322820981,0.155651782939746,0.07543132289454717,0.020833161883608696,0.0,0.0,1,1,0,0,0,0,0,0,0.4171235576324463,417123.5576324463
Y2021_LAT23.72525_LON90.25852,2021,90.25852284547274,23.725247837177246,0.3324547148912959,0.045030222056092105,0.32738283022615294,0.29513223282645906,0.0,0.0,1,1,0,0,0,0,0,1,0.9848866849288941,984886.684928894
Y2021_LAT23.72542_LON90.26832,2021,90.26832266450006,23.725421354334042,0.8321004563385684,0.017599980375094394,0.03530007167820279,0.11499949160813437,0.0,0.0,1,1,0,0,0,0,0,0,0.9988845566864014,998884.5566864014
Y2021_LAT23.72559_LON90.27812,2021,90.27812257691255,23.72559425172567,0.7025993921598972,0.002699990661443019,0.29200062524170267,0.002699991936957175,0.0,0.0,1,1,0,0,0,0,0,0,0.9988982721252442,998898.2721252441
Y2021_LAT23.72577_LON90.28792,2021,90.28792258221351,23.7257665294433,0.617200265292976,0.0006999993122124613,0.38089973746421407,0.0011999979305974868,0.0,0.0,1,1,0,0,0,0,0,0,0.9989119399108887,998911.9399108887
Y2021_LAT23.72594_LON90.29772,2021,90.29772268015779,23.72593818741592,0.8267994888894741,0.017199997895318602,0.15600051321520741,0.0,0.0,0.0,1,1,0,0,0,0,0,0,0.9989255588302612,998925.5588302612
Y2021_LAT23.72611_LON90.30752,2021,90.30752287032713,23.726109225468498,0.6744004903545723,0.0,0.3255995096454278,0.0,0.0,0.0,1,1,0,0,0,0,0,0,0.9989391281814575,998939.1281814575
Y2021_LAT23.72628_LON90.31732,2021,90.31732315264439,23.726279643711912,0.802299679721427,0.0,0.19770032027857296,0.0,0.0,0.0,1,1,0,0,0,0,0,0,0.9989526492767334,998952.6492767334
Y2021_LAT23.72645_LON90.32712,2021,90.32712352645731,23.726449442188336,0.9841001007929897,0.0,0.015899899207010345,0.0,0.0,0.0,1,1,0,0,0,0,0,0,0.9989661193847656,998966.1193847656
Y2021_LAT23.72662_LON90.33692,2021,90.3369239916274,23.72661862069591,1.0,0.0,0.0,0.0,0.0,0.0,1,1,0,0,0,0,0,0,0.9989795417709351,998979.5417709351
Y2021_LAT23.72679_LON90.34672,2021,90.34672454770153,23.72678717936387,0.973299855301638,0.00040000243655109404,0.0,0.026300142261810867,0.0,0.0,1,1,0,0,0,0,0,0,0.9989929191207886,998992.9191207886
Y2021_LAT23.72696_LON90.35653,2021,90.35652519444098,23.726955118153832,0.6180001308282849,9.999940762818147e-05,0.0,0.38189986976408696,0.0,0.0,1,1,0,0,0,0,0,0,0.9990062382659912,999006.2382659912
Y2021_LAT23.72712_LON90.36633,2021,90.36632593158285,23.72712243702517,1.0,0.0,0.0,0.0,0.0,0.0,1,1,0,0,0,0,0,0,0.9990195142593383,999019.5142593384
Y2021_LAT23.72729_LON90.37613,2021,90.37612675854025,23.72728913584262,1.0,0.0,0.0,0.0,0.0,0.0,1,1,0,0,0,0,0,0,0.9990327402114868,999032.7402114868
Y2021_LAT23.72746_LON90.38593,2021,90.38592767522476,23.727455214696075,1.0,0.0,0.0,0.0,0.0,0.0,1,1,0,0,0,0,0,0,0.9990459159698486,999045.9159698486
Y2021_LAT23.72762_LON90.39573,2021,90.39572868114443,23.727620673589268,0.9971000039148554,0.002899996085144574,0.0,0.0,0.0,0.0,1,1,0,0,0,0,0,0,0.9990590447921753,999059.0447921753
Y2021_LAT23.72779_LON90.40553,2021,90.40552977606448,23.727785512503033,0.9996999984068805,0.0003000015931194547,0.0,0.0,0.0,0.0,1,1,0,0,0,0,0,0,0.9990721227111816,999072.1227111816
Y2021_LAT23.72795_LON90.41533,2021,90.41533095963892,23.727949731229227,0.9444997489455208,0.039200177836356695,0.0,0.016300073218122574,0.0,0.0,1,1,0,0,0,0,0,0,0.9990851513137817,999085.1513137817
Y2021_LAT23.72811_LON90.42513,2021,90.42513223150547,23.72811332992402,0.9968000200706034,0.003199979929396532,0.0,0.0,0.0,0.0,1,1,0,0,0,0,0,0,0.9990981324234008,999098.1324234009
Y2021_LAT23.72828_LON90.43493,2021,90.43493359134165,23.72827630857057,0.9984999944319591,0.0015000055680409168,0.0,0.0,0.0,0.0,1,1,0,0,0,0,0,0,0.9991110627975464,999111.0627975464
Y2021_LAT23.72844_LON90.44474,2021,90.44473503880128,23.728438667083,1.0,0.0,0.0,0.0,0.0,0.0,1,1,0,0,0,0,0,0,0.9991239452972412,999123.9452972412
Y2021_LAT23.7286_LON90.45454,2021,90.45453657352789,23.728600405447963,0.7322992263838781,0.06200009155490809,0.05740020444031869,0.07760032102895652,0.0,0.07070015659193864,1,1,0,0,0,0,0,0,0.9991367777023316,999136.7777023315
Y2021_LAT23.72876_LON90.46434,2021,90.46433819532483,23.728761523703355,0.15129999206156625,0.0,0.40240026487727043,0.4423997664583997,0.0,0.003899976602763632,4,0,0,0,1,0,0,1,0.9991495594406128,999149.5594406128
Y2021_LAT23.72892_LON90.47414,2021,90.47413990361059,23.728922021642596,0.6593003379757495,0.0002000006090566536,0.11690003723751782,0.22359962417767604,0.0,0.0,1,1,0,0,0,0,0,0,0.9991623015060425,999162.3015060425
Y2021_LAT23.72908_LON90.48394,2021,90.4839416982806,23.729081899506085,0.8044001939646879,0.0,0.0295001074820464,0.16609969855326584,0.0,0.0,1,1,0,0,0,0,0,0,0.9991749802246094,999174.9802246094
Y2021_LAT23.72924_LON90.49374,2021,90.49374357886872,23.729241157069886,0.7191444936737718,0.0042377184693102084,0.04650897138025223,0.23010881647666578,0.0,0.0,1,1,0,0,0,0,0,0,0.9431329385147095,943132.9385147095
Y2021_LAT23.7294_LON90.50355,2021,90.5035455452018,23.729399794413194,0.47203378094093584,0.0,0.0,0.5279662190590642,0.0,0.0,4,0,0,0,1,0,0,0,0.11790500700378417,117905.00700378418
Y2021_LAT23.73104_LON90.08194,2021,90.0819414729446,23.73103942460765,0.0,0.0,1.0,0.0,0.0,0.0,3,0,0,1,0,0,0,0,0.0007988970947265626,798.8970947265625
Y2021_LAT23.73122_LON90.09174,2021,90.09174022812813,23.731224171396043,0.3185841458305778,0.5221246760603675,0.15929117810905463,0.0,0.0,0.0,2,0,1,0,0,0,0,0,0.011284570083618163,11284.570083618164
Y2021_LAT23.73141_LON90.10154,2021,90.10153908266986,23.731408298646656,0.7250829627301658,0.2749170372698342,0.0,0.0,0.0,0.0,1,1,0,0,0,0,0,0,0.09117593395996093,91175.93395996094
Y2021_LAT23.73177_LON90.12114,2021,90.12113708814977,23.731774694321228,0.08292969477729556,0.03631950133926328,0.8807508038834412,0.0,0.0,0.0,3,0,0,1,0,0,0,0,0.16498160977172852,164981.60977172852
Y2021_LAT23.73196_LON90.13094,2021,90.13093623872265,23.731956962746025,0.5172556760731248,0.05363829255542274,0.2931364631577045,0.13558182147265824,0.0,0.0003877467410897486,1,1,0,0,0,0,0,0,0.7726852063598633,772685.2063598633
Y2021_LAT23.73214_LON90.14074,2021,90.14073548710536,23.732138611550607,0.17519917197037316,0.032799845157017095,0.7920009828726098,0.0,0.0,0.0,3,0,0,1,0,0,0,0,0.9987017736740113,998701.7736740112
Y2021_LAT23.73232_LON90.15053,2021,90.15053483332763,23.73231964059836,0.06890031866321039,0.0,0.9310996813367897,0.0,0.0,0.0,3,0,0,1,0,0,0,0,0.9987161286773681,998716.1286773682
Y2021_LAT23.7325_LON90.16033,2021,90.16033427670362,23.732500049998492,0.19818682558383713,0.0,0.7902763006485555,0.01153687376760737,0.0,0.0,3,0,0,1,0,0,0,0,0.24239067287445068,242390.67287445068
Y2021_LAT23.73375_LON90.22893,2021,90.22893307815539,23.733745562088824,0.21434227035519443,0.1909672906260686,0.594690439018737,0.0,0.0,0.0,3,0,0,1,0,0,0,0,0.2521049069747925,252104.90697479248
Y2021_LAT23.73392_LON90.23873,2021,90.23873328809033,23.733921012938882,0.7829012127568359,0.04744328310664859,0.1512145146508002,0.01844098948571535,0.0,0.0,1,1,0,0,0,0,0,0,0.5958107975158692,595810.7975158691
Y2021_LAT23.7341_LON90.24853,2021,90.24853359265417,23.734095843945234,0.5774994193576747,0.059300078300901116,0.09310042376380301,0.2701000785776212,0.0,0.0,1,1,0,0,0,0,0,0,0.9988569768066407,998856.9768066406
Y2021_LAT23.73427_LON90.25833,2021,90.25833399097574,23.73427005493822,0.7326004962325127,0.011400001465355556,0.1267999342578283,0.12919956804430344,0.0,0.0,1,1,0,0,0,0,0,0,0.9988707928237915,998870.7928237915
Y2021_LAT23.73444_LON90.26813,2021,90.26813448312147,23.734443646002624,0.989500059696402,0.00849995366747313,0.001999986636124872,0.0,0.0,0.0,1,1,0,0,0,0,0,0,0.9988845583953857,998884.5583953857
Y2021_LAT23.73462_LON90.27794,2021,90.27793506845595,23.734616617136854,0.884099593437327,0.0,0.0,0.115900406562673,0.0,0.0,1,1,0,0,0,0,0,0,0.9988982755203247,998898.2755203247
Y2021_LAT23.73479_LON90.28774,2021,90.28773574690774,23.73478896818103,0.8659997821971154,0.04280017659527987,0.04930027114762491,0.041899770059979864,0.0,0.0,1,1,0,0,0,0,0,0,0.9989119430770874,998911.9430770874
Y2021_LAT23.73496_LON90.29754,2021,90.29753651797753,23.734960699166475,0.27740000039535284,0.014199944839812118,0.5962995646889775,0.11190049035255274,0.00019999972330500307,0.0,3,0,0,1,0,0,0,0,0.9989255610656739,998925.5610656738
Y2021_LAT23.73513_LON90.30734,2021,90.3073373813357,23.73513181012442,0.45230043091775773,0.02790014088345479,0.36500004250576357,0.15479938569302393,0.0,0.0,1,1,0,0,0,0,0,1,0.9989391304244996,998939.1304244995
Y2021_LAT23.7353_LON90.31714,2021,90.31713833677766,23.73530230101666,0.6903009726666453,0.009599956189271142,0.2999990714204894,0.0,0.0,9.999972359432647e-05,1,1,0,0,0,0,0,0,0.998952651298523,998952.651298523
Y2021_LAT23.73547_LON90.32694,2021,90.32693938381743,23.735472171768436,0.9634999413930934,0.006199995661339246,0.0,0.030300062945567363,0.0,0.0,1,1,0,0,0,0,0,0,0.9989661223983765,998966.1223983765
Y2021_LAT23.73564_LON90.33674,2021,90.3367405221601,23.73564142241116,0.9758999908796426,0.0,0.0,0.024100009120357323,0.0,0.0,1,1,0,0,0,0,0,0,0.9989795456237793,998979.5456237793
Y2021_LAT23.73581_LON90.34654,2021,90.34654175158667,23.735810052956612,0.8693994733771193,0.0,0.0,0.1306005266228807,0.0,0.0,1,1,0,0,0,0,0,0,0.998992919921875,998992.919921875
Y2021_LAT23.73598_LON90.35634,2021,90.35634307161267,23.735978063245454,0.6745012798929377,0.0,0.0,0.32549872010706227,0.0,0.0,1,1,0,0,0,0,0,0,0.9990062410888672,999006.2410888672
Y2021_LAT23.73615_LON90.36614,2021,90.36614448197618,23.73614545326336,1.0,0.0,0.0,0.0,0.0,0.0,1,1,0,0,0,0,0,0,0.9990195176010132,999019.5176010132
Y2021_LAT23.73631_LON90.37595,2021,90.37594598234861,23.736312223164685,0.9764999905639855,0.015000007495424445,0.0,0.008500001940590125,0.0,0.0,1,1,0,0,0,0,0,0,0.9990327425689697,999032.7425689697
Y2021_LAT23.73648_LON90.38575,2021,90.38574757239606,23.736478372819445,1.0,0.0,0.0,0.0,0.0,0.0,1,1,0,0,0,0,0,0,0.9990459190826416,999045.9190826416
Y2021_LAT23.73664_LON90.39555,2021,90.39554925172678,23.736643902159994,0.8533993906849628,0.13600054599495645,0.0,0.010600063320080757,0.0,0.0,1,1,0,0,0,0,0,0,0.9990590475692749,999059.0475692749
Y2021_LAT23.73681_LON90.40535,2021,90.40535102010895,23.73680881116065,0.8061008720743986,0.16349929139561606,0.0,0.030399836529985375,0.0,0.0,1,1,0,0,0,0,0,0,0.9990721254501342,999072.1254501343
Y2021_LAT23.73697_LON90.41515,2021,90.41515287707173,23.736973099955147,1.0,0.0,0.0,0.0,0.0,0.0,1,1,0,0,0,0,0,0,0.9990851545181274,999085.1545181274
Y2021_LAT23.73714_LON90.42495,2021,90.42495482246659,23.737136768441125,1.0,0.0,0.0,0.0,0.0,0.0,1,1,0,0,0,0,0,0,0.9990981340866089,999098.1340866089
Y2021_LAT23.7373_LON90.43476,2021,90.43475685581235,23.737299816444626,1.0,0.0,0.0,0.0,0.0,0.0,1,1,0,0,0,0,0,0,0.9991110654144287,999111.0654144287
Y2021_LAT23.73746_LON90.44456,2021,90.4445589767254,23.73746224412976,0.9826999980856628,0.006500014485353815,0.0,0.010799987428983464,0.0,0.0,1,1,0,0,0,0,0,0,0.9991239471893311,999123.947189331
Y2021_LAT23.73762_LON90.45436,2021,90.45436118509025,23.737624051376592,0.9677998493880675,0.0017999986869280543,0.025300149000794473,0.005100002924210027,0.0,0.0,1,1,0,0,0,0,0,0,0.999136780456543,999136.780456543
Y2021_LAT23.73779_LON90.46416,2021,90.4641634804006,23.737785238187897,0.6219996080214291,0.0,0.2681999984042658,0.1098003935743051,0.0,0.0,1,1,0,0,0,0,0,0,0.9991495632247924,999149.5632247925
Y2021_LAT23.73795_LON90.47397,2021,90.47396586232873,23.737945804640315,0.3774008593730795,0.0,0.16949972747916886,0.45309941314775165,0.0,0.0,4,0,0,0,1,0,0,1,0.9991623039550781,999162.3039550781
Y2021_LAT23.73811_LON90.48377,2021,90.48376833070704,23.738105750462978,0.5837996707034756,0.00039999852394397077,0.40280037087963644,0.012999959892943988,0.0,0.0,1,1,0,0,0,0,0,0,0.9991749822616577,999174.9822616577
Y2021_LAT23.73827_LON90.49357,2021,90.49357088492022,23.738265075925874,0.7727165410415266,0.0,0.046003157588205515,0.1808248235967573,0.0,0.00045547777351050514,1,1,0,0,0,0,0,0,0.4387417768936157,438741.7768936157
Y2021_LAT23.74098_LON90.13074,2021,90.13073853935036,23.740978183589952,0.7681287298549995,0.0,0.21396624567940514,0.01790502446559539,0.0,0.0,1,1,0,0,0,0,0,0,0.11155396456909179,111553.9645690918
Y2021_LAT23.74116_LON90.14054,2021,90.14053846080701,23.741159909708305,0.3445150673069805,0.09109724369789637,0.5643876889951231,0.0,0.0,0.0,3,0,0,1,0,0,0,0,0.8693700593032837,869370.0593032837
Y2021_LAT23.74134_LON90.15034,2021,90.15033847991525,23.74134101587991,0.22795298932670527,0.005573155602640792,0.7664738550706539,0.0,0.0,0.0,3,0,0,1,0,0,0,0,0.9139249920578003,913924.9920578003
Y2021_LAT23.74152_LON90.16014,2021,90.16013859644116,23.741521502119166,0.3842364908955207,0.030900174243928564,0.5848633348605508,0.0,0.0,0.0,3,0,0,1,0,0,0,0,0.22301533613586424,223015.33613586426
Y2021_LAT23.74259_LON90.21894,2021,90.2189413212678,23.742591398802176,0.8903765134521089,0.09497916089652403,0.012552279586312613,0.002092046065054467,0.0,0.0,1,1,0,0,0,0,0,0,0.23871803524017335,238718.03524017334
Y2021_LAT23.74277_LON90.22874,2021,90.22874211003742,23.742767544535354,0.5046510702516205,0.08922634365338508,0.40602255662208775,0.0001000294729067151,0.0,0.0,1,1,0,0,0,0,0,0,0.998529556854248,998529.556854248
Y2021_LAT23.74294_LON90.23854,2021,90.23854299330937,23.74294307013684,0.8209004365584822,0.010599997476765361,0.16659955746632066,0.0019000084984318562,0.0,0.0,1,1,0,0,0,0,0,0,0.9988431162872314,998843.1162872314
Y2021_LAT23.74312_LON90.24834,2021,90.24834397110874,23.743117975584173,0.7643993143389963,0.04920014329766963,0.13290048632439264,0.053500056038941465,0.0,0.0,1,1,0,0,0,0,0,0,0.9988569802627564,998856.9802627563
Y2021_LAT23.74329_LON90.25815,2021,90.25814504283447,23.743292260791677,0.16739986358660774,0.0769001541715812,0.7438999189997895,0.011800063242021706,0.0,0.0,3,0,0,1,0,0,0,0,0.9988707953643798,998870.7953643799
Y2021_LAT23.74347_LON90.26795,2021,90.2679462082662,23.743465925791845,0.5131000557447896,0.02939999451211284,0.414599952888933,0.04289999685416465,0.0,0.0,1,1,0,0,0,0,0,0,0.9988845595550537,998884.5595550537
Y2021_LAT23.74364_LON90.27775,2021,90.27774746711835,23.743638970502946,0.8501005237515683,0.044499890588905404,0.06229966002656626,0.04309992563296005,0.0,0.0,1,1,0,0,0,0,0,0,0.9988982785568238,998898.2785568237
Y2021_LAT23.74381_LON90.28755,2021,90.28754881893784,23.74381139494124,0.9048001718777411,0.0,0.016800099004627957,0.07839972911763092,0.0,0.0,1,1,0,0,0,0,0,0,0.998911945426941,998911.9454269409
Y2021_LAT23.74398_LON90.29735,2021,90.29735026348379,23.743983199142846,0.47939924125784883,0.0,0.519100752818451,0.0015000059237001435,0.0,0.0,3,0,0,1,0,0,0,0,0.9989255645904541,998925.5645904541
Y2021_LAT23.74415_LON90.30715,2021,90.30715180029921,23.744154383018248,0.6681009669272927,0.007099980388680657,0.29139913469024886,0.033399917993777894,0.0,0.0,1,1,0,0,0,0,0,0,0.9989391345901489,998939.1345901489
Y2021_LAT23.74432_LON90.31695,2021,90.31695342923865,23.744324946490167,0.9965000027352637,0.0,0.0034999972647362467,0.0,0.0,0.0,1,1,0,0,0,0,0,0,0.9989526544647217,998952.6544647217
Y2021_LAT23.74449_LON90.32676,2021,90.32675514983146,23.74449488957652,0.9863999236313349,0.0,0.0,0.0136000763686651,0.0,0.0,1,1,0,0,0,0,0,0,0.9989661253509522,998966.1253509521
Y2021_LAT23.74466_LON90.33656,2021,90.33655696174202,23.744664212253483,0.6987993771609199,0.07900021410315584,0.0,0.2222004087359243,0.0,0.0,1,1,0,0,0,0,0,0,0.998979549041748,998979.549041748
Y2021_LAT23.74483_LON90.34636,2021,90.34635886481725,23.744832914502528,0.7084005015426913,0.007599953810905759,0.0,0.2839995446464029,0.0,0.0,1,1,0,0,0,0,0,0,0.998992919921875,998992.919921875
Y2021_LAT23.745_LON90.35616,2021,90.35616085839337,23.745000996363345,0.8537999884373072,0.1418000388842286,0.0,0.00439997267846431,0.0,0.0,1,1,0,0,0,0,0,0,0.9990062445373535,999006.2445373535
Y2021_LAT23.74517_LON90.36596,2021,90.36596294242004,23.745168457777467,1.0,0.0,0.0,0.0,0.0,0.0,1,1,0,0,0,0,0,0,0.9990195198440551,999019.5198440552
Y2021_LAT23.74534_LON90.37577,2021,90.37576511650848,23.745335298684513,0.9321997792146991,0.009500033841552229,0.0,0.05830018694374876,0.0,0.0,1,1,0,0,0,0,0,0,0.9990327450485229,999032.745048523
Y2021_LAT23.7455_LON90.38557,2021,90.38556738022702,23.74550151904065,1.0,0.0,0.0,0.0,0.0,0.0,1,1,0,0,0,0,0,0,0.9990459216461182,999045.9216461182
Y2021_LAT23.74567_LON90.39537,2021,90.39536973336072,23.74566711889939,0.9599999424956349,0.007100032829629915,0.0,0.03290002467473519,0.0,0.0,1,1,0,0,0,0,0,0,0.999059049583435,999059.0495834351
Y2021_LAT23.74583_LON90.40517,2021,90.40517217541326,23.745832098274406,1.0,0.0,0.0,0.0,0.0,0.0,1,1,0,0,0,0,0,0,0.9990721275100708,999072.1275100708
Y2021_LAT23.746_LON90.41497,2021,90.41497470621646,23.74599645692936,1.0,0.0,0.0,0.0,0.0,0.0,1,1,0,0,0,0,0,0,0.999085157043457,999085.157043457
Y2021_LAT23.74616_LON90.42478,2021,90.42477732538151,23.74616019500123,1.0,0.0,0.0,0.0,0.0,0.0,1,1,0,0,0,0,0,0,0.99909813697052,999098.13697052
Y2021_LAT23.74632_LON90.43458,2021,90.43458003260486,23.746323312483675,1.0,0.0,0.0,0.0,0.0,0.0,1,1,0,0,0,0,0,0,0.9991110685424804,999111.0685424805
Y2021_LAT23.74649_LON90.44438,2021,90.44438282740863,23.746485809308016,1.0,0.0,0.0,0.0,0.0,0.0,1,1,0,0,0,0,0,0,0.9991239499893189,999123.9499893188
Y2021_LAT23.74665_LON90.45419,2021,90.45418570958167,23.746647685483648,0.980099942176908,0.0,0.0,0.019900057823091958,0.0,0.0,1,1,0,0,0,0,0,0,0.9991367832946777,999136.7832946777
Y2021_LAT23.74681_LON90.46399,2021,90.46398867887227,23.746808940955614,0.8303994272317097,0.0,0.00700002817776428,0.16260054459052606,0.0,0.0,1,1,0,0,0,0,0,0,0.9991495664596558,999149.5664596558
Y2021_LAT23.74697_LON90.47379,2021,90.47379173477945,23.74696957574721,0.38650006034058987,0.008400046331905858,0.3893003801828211,0.21579951314468318,0.0,0.0,3,0,0,1,0,0,0,1,0.99916230544281,999162.3054428101
Y2021_LAT23.74713_LON90.48359,2021,90.48359487702918,23.747129589822944,0.5358079234026696,0.009279436999624174,0.3605892250470511,0.09432341455065515,0.0,0.0,1,1,0,0,0,0,0,0,0.9152438592300415,915243.8592300415
Y2021_LAT23.74729_LON90.4934,2021,90.49339810537167,23.747288983116697,0.501307113860956,0.0026143725492334844,0.055555428137123705,0.44052308545268676,0.0,0.0,1,1,0,0,0,0,0,0,0.15287518077850343,152875.18077850342
Y2021_LAT23.75018_LON90.14034,2021,90.14034133676869,23.750181195814122,0.09999994525196731,0.9000000547480327,0.0,0.0,0.0,0.0,2,0,1,0,0,0,0,0,0.002996125602722168,2996.125602722168
Y2021_LAT23.75036_LON90.15014,2021,90.15014202923152,23.75036237916473,0.8108107496150221,0.0900899389172713,0.09909931146770665,0.0,0.0,0.0,1,1,0,0,0,0,0,0,0.011085689514160156,11085.689514160156
Y2021_LAT23.75161_LON90.21875,2021,90.21874958492761,23.75161329427381,0.9958711735641005,0.0,0.004128826435899542,0.0,0.0,0.0,1,1,0,0,0,0,0,0,0.1209571446685791,120957.1446685791
Y2021_LAT23.75179_LON90.22855,2021,90.22855104719278,23.751789515078023,0.7731613451309497,0.01095008827514726,0.21588856659390304,0.0,0.0,0.0,1,1,0,0,0,0,0,0,0.9304097875213623,930409.7875213623
Y2021_LAT23.75197_LON90.23835,2021,90.23835260418335,23.751965115434924,0.9237002928617728,0.0,0.06669964679358657,0.009600060344640629,0.0,0.0,1,1,0,0,0,0,0,0,0.9988431196670532,998843.1196670532
Y2021_LAT23.75214_LON90.24815,2021,90.24815425554752,23.75214009529253,0.7016997819057738,0.004800015237582828,0.0674002046988775,0.22609999815776596,0.0,0.0,1,1,0,0,0,0,0,0,0.9988569832839966,998856.9832839966
Y2021_LAT23.75231_LON90.25796,2021,90.25795600099448,23.752314454715368,0.750600380226418,0.005499998783779077,0.045699802492309885,0.1981998184974931,0.0,0.0,1,1,0,0,0,0,0,0,0.9988707986068726,998870.7986068726
Y2021_LAT23.75249_LON90.26776,2021,90.26775784009696,23.75248819362814,0.9779999862395492,0.000200001363686941,0.011500069536742862,0.01029994286002106,0.0,0.0,1,1,0,0,0,0,0,0,0.9988845618515014,998884.5618515015
Y2021_LAT23.75266_LON90.27756,2021,90.27755977270999,23.75266131205392,0.8788001403241016,0.017300083558998088,0.05349973198748995,0.05040004412941045,0.0,0.0,1,1,0,0,0,0,0,0,0.9988982809524536,998898.2809524536
Y2021_LAT23.75283_LON90.28736,2021,90.2873617982778,23.752833809943315,0.9860000863634227,0.013999913636577226,0.0,0.0,0.0,0.0,1,1,0,0,0,0,0,0,0.998911948890686,998911.948890686
Y2021_LAT23.75301_LON90.29716,2021,90.29716391660341,23.753005687179723,0.8979994588862766,0.0003000005758223869,0.10140053915249295,0.00030000138540805214,0.0,0.0,1,1,0,0,0,0,0,0,0.9989255678024292,998925.5678024292
Y2021_LAT23.75318_LON90.30697,2021,90.30696612725615,23.753176943869807,0.6671011532780976,9.999976283357341e-05,0.3325988480978639,0.00019999886120491902,0.0,0.0,1,1,0,0,0,0,0,0,0.9989391367263794,998939.1367263794
Y2021_LAT23.75335_LON90.31677,2021,90.31676843000305,23.753347579903046,0.988099930347331,0.0,0.0,0.011900069652669041,0.0,0.0,1,1,0,0,0,0,0,0,0.9989526566238404,998952.6566238403
Y2021_LAT23.75352_LON90.32657,2021,90.32657082453379,23.75351759537657,0.5611986696024661,0.014600074975856796,0.0,0.42410125493163114,0.0,0.0001000004900459819,1,1,0,0,0,0,0,0,0.9989661281661988,998966.1281661987
Y2021_LAT23.75369_LON90.33637,2021,90.33637331035054,23.75368699022577,0.7802007495961192,0.02069988887730021,0.0,0.19909936152658056,0.0,0.0,1,1,0,0,0,0,0,0,0.9989795516052246,998979.5516052246
Y2021_LAT23.75386_LON90.34618,2021,90.34617588725393,23.75385576431773,1.0,0.0,0.0,0.0,0.0,0.0,1,1,0,0,0,0,0,0,0.998992919921875,998992.919921875
Y2021_LAT23.75402_LON90.35598,2021,90.35597855490903,23.75402391774723,0.9024000273959137,0.08619996531476241,0.0,0.01140000728932386,0.0,0.0,1,1,0,0,0,0,0,0,0.9990062476196289,999006.2476196289
Y2021_LAT23.75419_LON90.36578,2021,90.36578131285476,23.7541914503989,1.0,0.0,0.0,0.0,0.0,0.0,1,1,0,0,0,0,0,0,0.999019522819519,999019.522819519
Y2021_LAT23.75436_LON90.37558,2021,90.3755841609681,23.754358362311134,0.9646999393501391,0.012100021490939427,0.0,0.02320003915892145,0.0,0.0,1,1,0,0,0,0,0,0,0.9990327484283448,999032.7484283447
Y2021_LAT23.75452_LON90.38539,2021,90.38538709874507,23.75452465347563,0.9987000072752517,0.001299992724748315,0.0,0.0,0.0,0.0,1,1,0,0,0,0,0,0,0.9990459246826172,999045.9246826172
Y2021_LAT23.75469_LON90.39519,2021,90.39519012585518,23.754690323823056,0.9883999496106337,0.0,0.0,0.01160005038936632,0.0,0.0,1,1,0,0,0,0,0,0,0.9990590513687134,999059.0513687134
Y2021_LAT23.75486_LON90.40499,2021,90.40499324208925,23.754855373354022,0.8393001322653788,0.0,0.0,0.16069986773462117,0.0,0.0,1,1,0,0,0,0,0,0,0.9990721291885376,999072.1291885376
Y2021_LAT23.75502_LON90.4148,2021,90.4147964469972,23.755019802046764,0.9981000118985112,0.0,0.0,0.0018999881014888792,0.0,0.0,1,1,0,0,0,0,0,0,0.9990851598434448,999085.1598434448
Y2021_LAT23.75518_LON90.4246,2021,90.42459974029687,23.755183609872024,0.9717999793466628,0.028200020653337113,0.0,0.0,0.0,0.0,1,1,0,0,0,0,0,0,0.9990981399230957,999098.1399230957
Y2021_LAT23.75535_LON90.4344,2021,90.43440312163821,23.755346796793834,1.0,0.0,0.0,0.0,0.0,0.0,1,1,0,0,0,0,0,0,0.9991110707931519,999111.0707931519
Y2021_LAT23.75551_LON90.44421,2021,90.4442065907246,23.75550936288066,1.0,0.0,0.0,0.0,0.0,0.0,1,1,0,0,0,0,0,0,0.9991239521331787,999123.9521331787
Y2021_LAT23.75567_LON90.45401,2021,90.45401014712743,23.755671308011888,0.9787998896673753,0.0,0.0,0.02120011033262468,0.0,0.0,1,1,0,0,0,0,0,0,0.9991367861785889,999136.7861785889
Y2021_LAT23.75583_LON90.46381,2021,90.46381379066433,23.755832632118793,0.8574002295017915,0.0011999943888316067,0.03430008681835202,0.10709968929102483,0.0,0.0,1,1,0,0,0,0,0,0,0.9991495694580078,999149.5694580078
Y2021_LAT23.75599_LON90.47362,2021,90.47361752085176,23.75599333524601,0.39769922162205074,0.0,0.5831007478549439,0.019200030523005483,0.0,0.0,3,0,0,1,0,0,0,0,0.9991623054504395,999162.3054504395
Y2021_LAT23.75615_LON90.48342,2021,90.48342133738953,23.75615341741678,0.531874927767674,0.0011893457812862836,0.30482778980984465,0.16210793664119505,0.0,0.0,1,1,0,0,0,0,0,0,0.8401056873550415,840105.6873550415
Y2021_LAT23.75631_LON90.49323,2021,90.49322524005832,23.75631287857084,0.0,0.0,0.0,1.0,0.0,0.0,4,0,0,0,1,0,0,0,0.013189197273254395,13189.197273254395
Y2021_LAT23.76081_LON90.22836,2021,90.22835988964839,23.76081147358909,0.7126003858029255,0.003932662524386736,0.28346695167268776,0.0,0.0,0.0,1,1,0,0,0,0,0,0,0.6349572957382202,634957.2957382202
Y2021_LAT23.76099_LON90.23816,2021,90.23816212063127,23.760987148633337,0.6371992550986288,0.0034000164625265657,0.05330003193437457,0.30610069650447,0.0,0.0,1,1,0,0,0,0,0,0,0.9988431228637695,998843.1228637695
Y2021_LAT23.76116_LON90.24796,2021,90.24796444596949,23.76116220300642,0.40239912667702393,0.00019999895679099615,0.5874009364409215,0.00999993792526354,0.0,0.0,3,0,0,1,0,0,0,0,0.9988569862060547,998856.9862060547
Y2021_LAT23.76134_LON90.25777,2021,90.2577668653888,23.761336636649737,0.11070036227968942,0.013200031088944684,0.8193993208665743,0.05670028576479164,0.0,0.0,3,0,0,1,0,0,0,0,0.9988708020477295,998870.8020477295
Y2021_LAT23.76151_LON90.26757,2021,90.267569378636,23.761510449573084,0.7525005121758537,0.00750000685004416,0.0020999873714522147,0.23789949360265,0.0,0.0,1,1,0,0,0,0,0,0,0.9988845694503784,998884.5694503784
Y2021_LAT23.76168_LON90.27737,2021,90.27737198516861,23.761683641645057,0.9688001403814367,0.007999956324257195,0.0,0.023199903294306115,0.0,0.0,1,1,0,0,0,0,0,0,0.9988982833480835,998898.2833480835
Y2021_LAT23.76186_LON90.28717,2021,90.28717468493964,23.761856212867453,0.9963999961141894,0.0,0.0036000038858105925,0.0,0.0,0.0,1,1,0,0,0,0,0,0,0.9989119513473511,998911.9513473511
Y2021_LAT23.76203_LON90.29698,2021,90.29697747732845,23.762028163307043,0.9998999993296669,0.0,0.00010000067033311045,0.0,0.0,0.0,1,1,0,0,0,0,0,0,0.9989255701065064,998925.5701065063
Y2021_LAT23.7622_LON90.30678,2021,90.3067803621389,23.762199492922328,0.8864003470871931,0.0,0.1135996529128069,0.0,0.0,0.0,1,1,0,0,0,0,0,0,0.9989391392822266,998939.1392822266
Y2021_LAT23.76237_LON90.31658,2021,90.31658333907187,23.7623702016381,0.6400987290702738,0.00010000022674046496,0.06930009677282159,0.29010117150336096,0.0,0.0004000024268031614,1,1,0,0,0,0,0,0,0.9989526605072021,998952.6605072021
Y2021_LAT23.76254_LON90.32639,2021,90.32638640785501,23.762540289467555,0.1543998543715279,0.1477006597671277,0.04139989012581644,0.6088995453128623,0.0055000292495738685,0.04210002117309183,4,0,0,0,1,0,0,0,0.9989661312637329,998966.1312637329
Y2021_LAT23.76271_LON90.33619,2021,90.33618956783583,23.76270975638854,0.39080091784744153,0.40009876378514014,0.0,0.20500034370094805,0.0036999768524778325,0.0003999978139924415,2,0,1,0,0,0,0,1,0.9989795538330078,998979.5538330078
Y2021_LAT23.76288_LON90.34599,2021,90.34599281907555,23.762878602320644,0.9806000572446174,0.005800021112865422,0.0,0.013599921642517235,0.0,0.0,1,1,0,0,0,0,0,0,0.9989929205551148,998992.9205551147
Y2021_LAT23.76305_LON90.3558,2021,90.35579616091748,23.763046827248367,1.0,0.0,0.0,0.0,0.0,0.0,1,1,0,0,0,0,0,0,0.9990062505493164,999006.2505493164
Y2021_LAT23.76321_LON90.3656,2021,90.36559959324714,23.763214431236197,0.9913999780892394,0.008600021910760598,0.0,0.0,0.0,0.0,1,1,0,0,0,0,0,0,0.9990195251541137,999019.5251541138
Y2021_LAT23.76338_LON90.3754,2021,90.37540311574566,23.76338141425583,0.5009989532251707,0.3724006197236004,0.006700028115354508,0.11640038368761645,0.0,0.003500015248257935,1,1,0,0,0,0,0,0,0.9990327504043579,999032.7504043579
Y2021_LAT23.76355_LON90.38521,2021,90.38520672780353,23.763547776116702,0.7458010112569914,0.22009918441768944,0.003199979810339641,0.03089982451497957,0.0,0.0,1,1,0,0,0,0,0,0,0.9990459269866944,999045.9269866943
Y2021_LAT23.76371_LON90.39501,2021,90.39501042940941,23.763713516978676,0.9883000689974362,0.011699931002563788,0.0,0.0,0.0,0.0,1,1,0,0,0,0,0,0,0.9990590551147461,999059.0551147461
Y2021_LAT23.76388_LON90.40481,2021,90.40481422003747,23.76387863676891,0.9228996188322082,0.0,0.0,0.07710038116779186,0.0,0.0,1,1,0,0,0,0,0,0,0.9990721333160401,999072.13331604
Y2021_LAT23.76404_LON90.41462,2021,90.41461809937496,23.764043135474466,0.8134007186652468,0.0,0.0,0.18659928133475323,0.0,0.0,1,1,0,0,0,0,0,0,0.999085162765503,999085.1627655029
Y2021_LAT23.76421_LON90.42442,2021,90.42442206719913,23.76420701298965,0.9853000640404794,0.0,0.0,0.014699935959520544,0.0,0.0,1,1,0,0,0,0,0,0,0.9990981413879394,999098.1413879395
Y2021_LAT23.76437_LON90.43423,2021,90.43422612299067,23.764370269393154,1.0,0.0,0.0,0.0,0.0,0.0,1,1,0,0,0,0,0,0,0.9991110741882324,999111.0741882324
Y2021_LAT23.76453_LON90.44403,2021,90.44403026665844,23.764532904578363,0.9936999947877954,0.0,0.0,0.0063000052122046775,0.0,0.0,1,1,0,0,0,0,0,0,0.9991239546813965,999123.9546813965
Y2021_LAT23.76469_LON90.45383,2021,90.45383449765932,23.7646949185797,0.9209996769260977,0.02390010323925543,0.019800027338676276,0.026300137486182283,0.0,0.009000055009788257,1,1,0,0,0,0,0,0,0.9991367882461548,999136.7882461548
Y2021_LAT23.76486_LON90.46364,2021,90.46363881566843,23.764856311400155,0.7868995932589553,0.01010000410365542,0.12060061213588345,0.046099945396533205,0.0037000167447035705,0.032599828360269076,1,1,0,0,0,0,0,0,0.999149572227478,999149.572227478
Y2021_LAT23.76502_LON90.47344,2021,90.47344322051242,23.765017082957712,0.2187997639550985,0.0,0.7565001602519638,0.02470007579293774,0.0,0.0,3,0,0,1,0,0,0,0,0.9991623054504395,999162.3054504395
Y2021_LAT23.76518_LON90.48325,2021,90.48324771171083,23.76517723326555,0.3279873851522856,0.0,0.4502799663376748,0.22173264851003957,0.0,0.0,3,0,0,1,0,0,0,1,0.49838690830993654,498386.9083099365
Y2021_LAT23.76983_LON90.22817,2021,90.2281686374244,23.769833420109688,0.8821655908275737,0.11783440917242621,0.0,0.0,0.0,0.0,1,1,0,0,0,0,0,0,0.1254535876083374,125453.5876083374
Y2021_LAT23.77001_LON90.23797,2021,90.23797154261824,23.770009169929704,0.6995303411630743,0.006684043939351215,0.0032376176775152647,0.2905479972200592,0.0,0.0,1,1,0,0,0,0,0,0,0.9563925403823853,956392.5403823853
Y2021_LAT23.77018_LON90.24777,2021,90.24777454231302,23.77018429874446,0.8023991864751249,0.0,0.19760081352487516,0.0,0.0,0.0,1,1,0,0,0,0,0,0,0.998856989074707,998856.989074707
Y2021_LAT23.77036_LON90.25758,2021,90.25757763609005,23.77035880664566,0.7134004256971364,0.0,0.20069938626443673,0.08590018803842686,0.0,0.0,1,1,0,0,0,0,0,0,0.9988708050460815,998870.8050460815
Y2021_LAT23.77053_LON90.26738,2021,90.26738082364982,23.77053269344452,0.8496993318699063,0.005200023633328441,0.01760006813333426,0.12750057636343104,0.0,0.0,1,1,0,0,0,0,0,0,0.9988845719375611,998884.571937561
Y2021_LAT23.77071_LON90.27718,2021,90.2771841046344,23.77070595921358,0.6675002282463999,0.008199975279196354,0.28470000468384143,0.03959979179056233,0.0,0.0,1,1,0,0,0,0,0,0,0.9988982871780395,998898.2871780396
Y2021_LAT23.77088_LON90.28699,2021,90.28698747876511,23.770878603944194,0.386399888740798,0.05119992184586075,0.5624001894133412,0.0,0.0,0.0,3,0,0,1,0,0,0,0,0.9989119547119141,998911.9547119141
Y2021_LAT23.77105_LON90.29679,2021,90.29679094568877,23.77105062758184,0.6779001124179558,0.00800005167368363,0.3139998359792283,9.999992913223182e-05,0.0,0.0,1,1,0,0,0,0,0,0,0.998925573638916,998925.573638916
Y2021_LAT23.77122_LON90.30659,2021,90.30659450499972,23.77122203003455,0.9347000709228227,0.028600006285362023,0.03669992279181524,0.0,0.0,0.0,1,1,0,0,0,0,0,0,0.9989391431045532,998939.1431045532
Y2021_LAT23.77139_LON90.3164,2021,90.31639815641589,23.771392811436197,0.49769912582640624,0.02959984446700561,0.11400037122533074,0.3587006584812574,0.0,0.0,1,1,0,0,0,0,0,1,0.9989526626663208,998952.6626663208
Y2021_LAT23.77156_LON90.3262,2021,90.32620189964746,23.771562971590182,0.13789992842942664,0.03690004950739434,0.05839978436995074,0.7108000932334514,0.012600028579028085,0.04340011588074876,4,0,0,0,1,0,0,0,0.9989661340637207,998966.1340637207
Y2021_LAT23.77173_LON90.33601,2021,90.3360057342898,23.77173251053388,0.3923005657308214,0.18379986155838018,0.0,0.3868997038907112,0.0013999970237145764,0.03559987179637265,1,1,0,0,0,0,0,1,0.9989795559997559,998979.5559997559
Y2021_LAT23.7719_LON90.34581,2021,90.34580966012521,23.771901428354806,0.8232007838114414,0.00019999944805407628,0.0,0.17659921674050455,0.0,0.0,1,1,0,0,0,0,0,0,0.9989929302902222,998992.9302902222
Y2021_LAT23.77207_LON90.35561,2021,90.35561367660894,23.77206972490677,1.0,0.0,0.0,0.0,0.0,0.0,1,1,0,0,0,0,0,0,0.9990062533035279,999006.2533035278
Y2021_LAT23.77224_LON90.36542,2021,90.36541778357672,23.77223740023536,1.0,0.0,0.0,0.0,0.0,0.0,1,1,0,0,0,0,0,0,0.9990195277862549,999019.5277862549
Y2021_LAT23.7724_LON90.37522,2021,90.37522198066777,23.77240445418439,0.9898999531444046,0.010100046855595391,0.0,0.0,0.0,0.0,1,1,0,0,0,0,0,0,0.9990327540359497,999032.7540359497
Y2021_LAT23.77257_LON90.38503,2021,90.3850262675189,23.77257088690493,0.8013001259568775,0.1986998740431225,0.0,0.0,0.0,0.0,1,1,0,0,0,0,0,0,0.999045929725647,999045.929725647
Y2021_LAT23.77274_LON90.39483,2021,90.39483064385604,23.772736698317658,0.9896000615088162,0.010399938491183851,0.0,0.0,0.0,0.0,1,1,0,0,0,0,0,0,0.9990590583343506,999059.0583343506
Y2021_LAT23.7729_LON90.40464,2021,90.40463510921352,23.772901888335102,0.9992999955874394,0.0,0.0,0.000700004412560592,0.0,0.0,1,1,0,0,0,0,0,0,0.9990721367263794,999072.1367263794
Y2021_LAT23.77307_LON90.41444,2021,90.41443966335169,23.773066456979556,0.6775991900130968,0.0,0.0,0.3224008099869032,0.0,0.0,1,1,0,0,0,0,0,0,0.9990851645202636,999085.1645202637
Y2021_LAT23.77323_LON90.42424,2021,90.42424430601035,23.773230404240934,0.8896005083934334,0.0,0.0,0.11039949160656655,0.0,0.0,1,1,0,0,0,0,0,0,0.9990981454467773,999098.1454467773
Y2021_LAT23.77339_LON90.43405,2021,90.43404903668139,23.773393730135094,0.9843999137989506,0.006000031420248955,0.0006000029007215278,0.009000051880078961,0.0,0.0,1,1,0,0,0,0,0,0,0.9991110755233764,999111.0755233765
Y2021_LAT23.77356_LON90.44385,2021,90.44385385510363,23.773556434526544,0.32149972620087536,0.05850018961740673,0.010700012544497806,0.5861000588025511,0.023200012834669,0.0,4,0,0,0,1,0,0,0,0.9991239581298829,999123.9581298828
Y2021_LAT23.77372_LON90.45366,2021,90.4536587610521,23.773718517509927,0.4504993380845577,0.4577008264746361,0.030999993656175562,0.044199785358573204,0.006499998763199349,0.010100057662858023,2,0,1,0,0,0,0,1,0.9991367903137207,999136.7903137207
Y2021_LAT23.77388_LON90.46346,2021,90.46346375401616,23.77387997896651,0.11190001787399947,0.12169944296619156,0.2695007039723368,0.42250001970507783,0.023500084716381636,0.05089973076601271,4,0,0,0,1,0,0,1,0.9991495749282837,999149.5749282837
Y2021_LAT23.77404_LON90.47327,2021,90.47326883383865,23.774040818918376,0.05290014983002535,0.0,0.9054996846391595,0.04160016553081514,0.0,0.0,3,0,0,1,0,0,0,0,0.9991623054504395,999162.3054504395
Y2021_LAT23.7742_LON90.48307,2021,90.48307399996906,23.77420103739619,0.2594787114889268,0.0,0.4275337084128691,0.3129875800982041,0.0,0.0,3,0,0,1,0,0,0,1,0.3715918806991577,371591.8806991577
Y2021_LAT23.77903_LON90.23778,2021,90.23778087022127,23.779031179344283,0.6655689453261282,0.0,0.0008990050996329211,0.33353204957423893,0.0,0.0,1,1,0,0,0,0,0,0,0.33331506922912596,333315.069229126
Y2021_LAT23.77921_LON90.24758,2021,90.24758454448153,23.779206382691346,1.0,0.0,0.0,0.0,0.0,0.0,1,1,0,0,0,0,0,0,0.9988569926681519,998856.9926681519
Y2021_LAT23.77938_LON90.25739,2021,90.25738831300704,23.779380964678936,0.9863000524326433,0.0,0.013699947567356725,0.0,0.0,0.0,1,1,0,0,0,0,0,0,0.9988708076705932,998870.8076705933
Y2021_LAT23.77955_LON90.26719,2021,90.26719217523798,23.779554925447666,0.860399355759846,0.0,0.1371006514435089,0.002499992796645059,0.0,0.0,1,1,0,0,0,0,0,0,0.9988845736846924,998884.5736846924
Y2021_LAT23.77973_LON90.277,2021,90.27699613105844,23.779728264952244,0.11059969588790912,0.0064000112035295575,0.7102001363794345,0.17280015652912686,0.0,0.0,3,0,0,1,0,0,0,0,0.9988982905731201,998898.2905731201
Y2021_LAT23.7799_LON90.2868,2021,90.28680017983285,23.779900983071705,0.02659988231481543,0.012099932409749018,0.8751004994290799,0.08619968584635575,0.0,0.0,3,0,0,1,0,0,0,0,0.9989119572601318,998911.9572601318
Y2021_LAT23.78007_LON90.2966,2021,90.29660432153942,23.780073079838317,0.3796011419171038,0.0078000486797975485,0.6058987959064694,0.006700013496629244,0.0,0.0,3,0,0,1,0,0,0,0,0.998925576133728,998925.576133728
Y2021_LAT23.78024_LON90.30641,2021,90.30640855571293,23.780244555240934,0.8172006855295302,0.02109987544695664,0.14819936209724008,0.013500076926273148,0.0,0.0,1,1,0,0,0,0,0,0,0.9989391450195313,998939.1450195312
Y2021_LAT23.78042_LON90.31621,2021,90.31621288197893,23.780415409229505,0.3219995798513003,0.008199978026933466,0.07320025188893073,0.5546002259612799,0.0,0.041999964271555626,4,0,0,0,1,0,0,0,0.9989526665267945,998952.6665267944
Y2021_LAT23.78059_LON90.32602,2021,90.32601730005294,23.78058564180539,0.25180097227427667,0.03700019590512241,0.14539981108529565,0.513998909194354,0.0,0.05180011154095132,4,0,0,0,1,0,0,0,0.9989661368026733,998966.1368026733
Y2021_LAT23.78076_LON90.33582,2021,90.33582180973559,23.780755252929673,0.7903002173825874,0.037999805246654327,0.0015999896070215227,0.17009998776373658,0.0,0.0,1,1,0,0,0,0,0,0,0.9989795581741333,998979.5581741333
Y2021_LAT23.78092_LON90.34563,2021,90.34562641031255,23.780924242562243,0.7857004710889497,0.016199960622381895,0.0017000023393622646,0.1963995659493061,0.0,0.0,1,1,0,0,0,0,0,0,0.9989929364547729,998992.936454773
Y2021_LAT23.78109_LON90.35543,2021,90.35543110183411,23.781092610670694,0.9853999655992113,0.0,0.0,0.014600034400788685,0.0,0.0,1,1,0,0,0,0,0,0,0.9990062554244995,999006.2554244995
Y2021_LAT23.78126_LON90.36524,2021,90.36523588379731,23.781260357304063,1.0,0.0,0.0,0.0,0.0,0.0,1,1,0,0,0,0,0,0,0.9990195310516358,999019.5310516357
Y2021_LAT23.78143_LON90.37504,2021,90.37504075589361,23.781427482373413,0.9542997366413435,0.004000025119450439,0.0,0.04170023823920613,0.0,0.0,1,1,0,0,0,0,0,0,0.9990327562866211,999032.7562866211
Y2021_LAT23.78159_LON90.38485,2021,90.38484571779861,23.781593985928232,0.6148012622529319,0.3318989188377975,0.009899985309812693,0.04339983359945796,0.0,0.0,1,1,0,0,0,0,0,0,0.9990459323730468,999045.9323730469
Y2021_LAT23.78176_LON90.39465,2021,90.39465076917666,23.781759867822373,1.0,0.0,0.0,0.0,0.0,0.0,1,1,0,0,0,0,0,0,0.9990590604019165,999059.0604019165
Y2021_LAT23.78193_LON90.40446,2021,90.40445590963886,23.781925128090453,0.9919000265689638,0.0,0.0,0.008099973431036163,0.0,0.0,1,1,0,0,0,0,0,0,0.999072138671875,999072.138671875
Y2021_LAT23.78209_LON90.41426,2021,90.41426113889632,23.782089766771552,0.8952000824010179,0.0,0.0,0.10479991759898213,0.0,0.0,1,1,0,0,0,0,0,0,0.9990851678619385,999085.1678619385
Y2021_LAT23.78225_LON90.42407,2021,90.42406645664691,23.782253783813083,0.8344008349726931,0.0,0.0,0.16559916502730682,0.0,0.0,1,1,0,0,0,0,0,0,0.9990981482925415,999098.1482925415
Y2021_LAT23.78242_LON90.43387,2021,90.43387186256976,23.78241717909984,0.9849999166553826,0.014500080165563969,0.0,0.0,0.0005000031790534964,0.0,1,1,0,0,0,0,0,0,0.9991110791854858,999111.0791854858
Y2021_LAT23.78258_LON90.44368,2021,90.44367735622691,23.782579952763438,0.3147000331768632,0.03689983554367462,0.002300001388734134,0.5563005443303913,0.08979958556033676,0.0,4,0,0,0,1,0,0,0,0.9991239601974488,999123.9601974487
Y2021_LAT23.78274_LON90.45348,2021,90.45348293729924,23.78274210462299,0.044799880835625173,0.03470017420443954,0.06680019762782041,0.8092995363541842,0.02250008619439878,0.02190012478353197,4,0,0,0,1,0,0,0,0.9991367923583985,999136.7923583984
Y2021_LAT23.7829_LON90.46329,2021,90.46328860563453,23.782903634787534,0.10070041920654162,0.13839944551934458,0.6828002862539441,0.06589989132768072,0.004099985461382522,0.008099972231106539,3,0,0,1,0,0,0,0,0.9991495774154663,999149.5774154663
Y2021_LAT23.78306_LON90.47309,2021,90.47309436063489,23.783064543192065,0.3401413989816766,0.0001731005212194617,0.21152831357918106,0.4301547118405033,0.0,0.018002475077419564,4,0,0,0,1,0,0,1,0.5772146720275879,577214.6720275879
Y2021_LAT23.78322_LON90.4829,2021,90.48290020211769,23.783224829733953,0.0,0.0,0.0,0.0,0.0,0.0,1,1,0,0,0,0,0,1,0.0,0.0
Y2021_LAT23.78805_LON90.23759,2021,90.23759010327602,23.788053176596694,1.0,0.0,0.0,0.0,0.0,0.0,1,1,0,0,0,0,0,0,0.015382285095214844,15382.285095214844
Y2021_LAT23.78823_LON90.24739,2021,90.24739445257156,23.788228454423088,0.990431667014271,0.0,0.0,0.009568332985729015,0.0,0.0,1,1,0,0,0,0,0,0,0.9604012449340821,960401.244934082
Y2021_LAT23.7884_LON90.2572,2021,90.25719889609486,23.788403110779644,1.0,0.0,0.0,0.0,0.0,0.0,1,1,0,0,0,0,0,0,0.9988708102188111,998870.810218811
Y2021_LAT23.78858_LON90.267,2021,90.26700343340796,23.788577145503037,0.9379999832858763,0.00529997899059222,0.02650015328249019,0.03019988444104129,0.0,0.0,1,1,0,0,0,0,0,0,0.9988845748519898,998884.5748519897
Y2021_LAT23.78875_LON90.27681,2021,90.2768080642003,23.788750558677886,0.8170999172693272,0.0,0.18260008071538034,0.00030000201529246516,0.0,0.0,1,1,0,0,0,0,0,0,0.9988982936248779,998898.2936248779
Y2021_LAT23.78892_LON90.28661,2021,90.28661278813766,23.788923350273937,0.08519959388089263,0.0,0.7278008948366117,0.18699951128249573,0.0,0.0,3,0,0,1,0,0,0,0,0.9989119608459472,998911.9608459473
Y2021_LAT23.7891_LON90.29642,2021,90.2964176049781,23.78909552023466,0.4241014251362824,0.0025000152320104317,0.43459867705619204,0.13879988257551512,0.0,0.0,3,0,0,1,0,0,0,1,0.998925578781128,998925.5787811279
Y2021_LAT23.78927_LON90.30622,2021,90.30622251429335,23.789267068570286,0.822899560600899,0.034900104835233564,0.025300051501628118,0.11690028306223946,0.0,0.0,1,1,0,0,0,0,0,0,0.9989391476898193,998939.1476898193
Y2021_LAT23.78944_LON90.31603,2021,90.31602751567405,23.789437995212978,0.48809981286907156,0.017999950845965108,0.006099999767773597,0.4474003181629569,0.0,0.04039991835423286,1,1,0,0,0,0,0,1,0.9989526684951783,998952.6684951782
Y2021_LAT23.78961_LON90.32583,2021,90.32583260912646,23.789608300122723,0.8005006509449281,9.999934326023206e-05,0.0008999958077324329,0.19849935390407933,0.0,0.0,1,1,0,0,0,0,0,0,0.9989661400756836,998966.1400756836
Y2021_LAT23.78978_LON90.33564,2021,90.33563779382342,23.789777983385996,0.7708997862521044,0.0,0.0,0.22910021374789558,0.0,0.0,1,1,0,0,0,0,0,0,0.9989795618286132,998979.5618286133
Y2021_LAT23.78995_LON90.34544,2021,90.34544306977054,23.78994704485746,1.0,0.0,0.0,0.0,0.0,0.0,1,1,0,0,0,0,0,0,0.9989929388122558,998992.9388122559
Y2021_LAT23.79012_LON90.35525,2021,90.35524843664986,23.790115484631492,0.9955999890563765,0.0,0.0,0.004400010943623556,0.0,0.0,1,1,0,0,0,0,0,0,0.9990062575302124,999006.2575302124
Y2021_LAT23.79028_LON90.36505,2021,90.36505389384061,23.790283302545735,1.0,0.0,0.0,0.0,0.0,0.0,1,1,0,0,0,0,0,0,0.9990195340881348,999019.5340881348
Y2021_LAT23.79045_LON90.37486,2021,90.37485944132104,23.790450498702594,0.9153995702524502,0.04410024968131152,0.0,0.040500180066238296,0.0,0.0,1,1,0,0,0,0,0,0,0.9990327585830688,999032.7585830688
Y2021_LAT23.79062_LON90.38467,2021,90.38466507857925,23.790617072987214,0.8689006087497625,0.09099954748514169,0.0,0.04009984376509586,0.0,0.0,1,1,0,0,0,0,0,0,0.9990459353637695,999045.9353637695
Y2021_LAT23.79078_LON90.39447,2021,90.39447080536442,23.790783025432102,0.9995999998759331,0.0004000001240669346,0.0,0.0,0.0,0.0,1,1,0,0,0,0,0,0,0.9990590620727539,999059.0620727539
Y2021_LAT23.79095_LON90.40428,2021,90.40427662128579,23.79094835604521,0.9993000027912595,0.0,0.0,0.0006999972087405171,0.0,0.0,1,1,0,0,0,0,0,0,0.9990721404647828,999072.1404647827
Y2021_LAT23.79111_LON90.41408,2021,90.41408252599528,23.791113064692745,0.9331001947440359,0.0040999864457819625,0.0,0.06279981881018212,0.0,0.0,1,1,0,0,0,0,0,0,0.9990851703796386,999085.1703796387
Y2021_LAT23.79128_LON90.42389,2021,90.42388851925058,23.79127715145555,0.9004003382019221,0.0,0.0,0.09959966179807785,0.0,0.0,1,1,0,0,0,0,0,0,0.9990981497879028,999098.1497879028
Y2021_LAT23.79144_LON90.43369,2021,90.43369460060386,23.791440616295244,1.0,0.0,0.0,0.0,0.0,0.0,1,1,0,0,0,0,0,0,0.9991110805664063,999111.0805664062
Y2021_LAT23.7916_LON90.4435,2021,90.44350076984269,23.791603459055196,0.8874000712172061,0.014599976587474701,0.07529989272542742,0.02270005946989182,0.0,0.0,1,1,0,0,0,0,0,0,0.9991239636764526,999123.9636764526
Y2021_LAT23.79177_LON90.45331,2021,90.45330702653833,23.79176567995715,0.2258995941229115,0.052300202106221785,0.33750091476057315,0.37709928187522834,0.0036999891065024404,0.0035000180285628332,4,0,0,0,1,0,0,1,0.9991367950439453,999136.7950439453
Y2021_LAT23.79193_LON90.46311,2021,90.4631133703461,23.791927278785167,0.29810069103894726,0.14879944700382947,0.3993997196284196,0.15240014961910017,0.0,0.0012999927097036535,3,0,0,1,0,0,0,1,0.9991495792160034,999149.5792160034
Y2021_LAT23.79209_LON90.47292,2021,90.47291980103026,23.79208825560265,0.21458610974854173,0.0,0.6410513655039782,0.13934644472589502,0.0,0.005016080021585168,3,0,0,1,0,0,0,0,0.9959649670562745,995964.9670562744
Y2021_LAT23.79225_LON90.48273,2021,90.48272631819844,23.792248610374624,0.037179052757255485,0.05370332181174089,0.3773971366808548,0.4853940799874561,0.0,0.04632640876269279,4,0,0,0,1,0,0,1,0.3386191935882568,338619.19358825684
Y2021_LAT23.79725_LON90.2472,2021,90.24720426657046,23.797250514334728,0.8763507334282754,0.0222391268661137,0.0,0.10141013970561089,0.0,0.0,1,1,0,0,0,0,0,0,0.7860017212905884,786001.7212905884
Y2021_LAT23.79743_LON90.25701,2021,90.2570093852763,23.797425244850526,0.8909997335307105,0.0010000040843238776,0.0,0.10800026238496564,0.0,0.0,1,1,0,0,0,0,0,0,0.9988708134765625,998870.8134765625
Y2021_LAT23.7976_LON90.26681,2021,90.26681459803983,23.797599353597747,0.980700011872269,0.0,0.009800038746589529,0.009499949381141525,0.0,0.0,1,1,0,0,0,0,0,0,0.9988845763473511,998884.5763473511
Y2021_LAT23.79777_LON90.27662,2021,90.27661990422847,23.797772840502898,0.8938001622352781,0.011900041250261239,0.07039981160795071,0.023899984906509873,0.0,0.0,1,1,0,0,0,0,0,0,0.9988982963256836,998898.2963256836
Y2021_LAT23.79795_LON90.28643,2021,90.28642530358069,23.797945705504517,0.8109001903179632,0.08249971965427064,0.042800130009796544,0.06089997016494589,0.0,0.0028999898530237397,1,1,0,0,0,0,0,0,0.9989119629364014,998911.9629364014
Y2021_LAT23.79812_LON90.29623,2021,90.29623079591124,23.79811794869052,0.4866993192022303,0.003500015399113438,0.2201002234737956,0.28970044192486066,0.0,0.0,1,1,0,0,0,0,0,1,0.998925582397461,998925.5823974609
Y2021_LAT23.79829_LON90.30604,2021,90.30603638069547,23.79828956991583,0.06890001245114977,0.0,0.2005998039447953,0.7101001199726418,0.0,0.020400063631413196,4,0,0,0,1,0,0,0,0.9989391515960694,998939.1515960693
Y2021_LAT23.79846_LON90.31584,2021,90.31584205758423,23.798460569204252,0.0017999883127183813,0.006999969120758359,0.22900023035711187,0.7477998539948737,0.0002000002450152173,0.01419995796952247,4,0,0,0,1,0,0,0,0.9989526717758179,998952.6717758179
Y2021_LAT23.79863_LON90.32565,2021,90.32564782657774,23.798630946577013,0.19820083269542052,0.015300022655760012,0.338299914132819,0.44279920146563706,0.0054000290503632194,0.0,4,0,0,0,1,0,0,1,0.9989661425094605,998966.1425094604
Y2021_LAT23.7988_LON90.33545,2021,90.33545368684976,23.798800701934066,0.9182999201893143,0.003999990923813298,0.010799941348429333,0.06580015471408135,0.0010999928243618437,0.0,1,1,0,0,0,0,0,0,0.9989795654678345,998979.5654678345
Y2021_LAT23.79897_LON90.34526,2021,90.3452596384617,23.798969835327316,0.8641004731613626,0.017300005687719458,0.0,0.11859952115091796,0.0,0.0,1,1,0,0,0,0,0,0,0.9989929389953613,998992.9389953613
Y2021_LAT23.79914_LON90.35507,2021,90.3550656808253,23.799138346639904,1.0,0.0,0.0,0.0,0.0,0.0,1,1,0,0,0,0,0,0,0.9990062610778808,999006.2610778809
Y2021_LAT23.79931_LON90.36487,2021,90.36487181381203,23.79930623593432,1.0,0.0,0.0,0.0,0.0,0.0,1,1,0,0,0,0,0,0,0.9990195365142822,999019.5365142822
Y2021_LAT23.79947_LON90.37468,2021,90.37467803692263,23.799473503148064,1.0,0.0,0.0,0.0,0.0,0.0,1,1,0,0,0,0,0,0,0.9990327621307373,999032.7621307373
Y2021_LAT23.79964_LON90.38448,2021,90.38448434990411,23.799640148313774,0.9802000466564241,0.00510001143965712,0.0,0.014699941903918759,0.0,0.0,1,1,0,0,0,0,0,0,0.9990459382476806,999045.9382476807
Y2021_LAT23.79981_LON90.39429,2021,90.39429075234119,23.799806171282878,0.7971991141458186,0.15070064938579944,0.0,0.052100236468381994,0.0,0.0,1,1,0,0,0,0,0,0,0.99905906615448,999059.06615448
Y2021_LAT23.79997_LON90.4041,2021,90.40409724415045,23.7999715721438,0.909800488990355,0.05419970575259422,0.0,0.03599980525705075,0.0,0.0,1,1,0,0,0,0,0,0,0.9990721441192627,999072.1441192627
Y2021_LAT23.80014_LON90.4139,2021,90.41390382455074,23.80013635084323,0.8748994757074959,0.0,0.0,0.1251005242925041,0.0,0.0,1,1,0,0,0,0,0,0,0.9990851726455688,999085.1726455688
Y2021_LAT23.8003_LON90.42371,2021,90.42371049370523,23.80030050734755,0.989300062098683,0.0,0.0,0.010699937901316927,0.0,0.0,1,1,0,0,0,0,0,0,0.9990981535568237,999098.1535568237
Y2021_LAT23.80046_LON90.43352,2021,90.43351725086663,23.80046404161673,0.9553997900355058,0.03720017683924482,0.0,0.007400033125249402,0.0,0.0,1,1,0,0,0,0,0,0,0.9991110838470459,999111.0838470459
Y2021_LAT23.80063_LON90.44332,2021,90.44332409596677,23.800626953769726,0.8710998866124049,0.048300209319090716,0.08059990406850438,0.0,0.0,0.0,1,1,0,0,0,0,0,0,0.9991239659347534,999123.9659347534
Y2021_LAT23.80079_LON90.45313,2021,90.45313102857797,23.800789243545246,0.5293001615459876,0.24429959107793425,0.221300261202965,0.0,0.0,0.00509998617311328,1,1,0,0,0,0,0,0,0.9991367979660034,999136.7979660034
Y2021_LAT23.80095_LON90.46294,2021,90.46293804828476,23.800950911096542,0.4166998762168233,0.003299987029458033,0.5719001359366687,0.0036000124329273286,0.0,0.00449998838412264,3,0,0,1,0,0,0,0,0.9991495805892945,999149.5805892944
Y2021_LAT23.80111_LON90.47275,2021,90.47274515495704,23.801111956381202,0.657700810149723,0.012300020226583311,0.2944990881552143,0.03550008146847941,0.0,0.0,1,1,0,0,0,0,0,0,0.9991623117599487,999162.3117599487
Y2021_LAT23.80127_LON90.48255,2021,90.48255234803564,23.80127237926544,0.6382066287013413,0.127812093625634,0.005964580095797911,0.21523547347024247,0.0,0.012781224106984405,1,1,0,0,0,0,0,0,0.5863144399108887,586314.4399108887
Y2021_LAT23.80627_LON90.24701,2021,90.24701398626884,23.806272562200945,0.6420400402333116,0.0,0.04567564419690241,0.312284315569786,0.0,0.0,1,1,0,0,0,0,0,0,0.6976031843338013,697603.1843338013
Y2021_LAT23.80645_LON90.25682,2021,90.25681978070389,23.8064473669836,0.9926000156284797,0.0063999871647058195,0.0,0.0009999972068145486,0.0,0.0,1,1,0,0,0,0,0,0,0.9988708167648316,998870.8167648315
Y2021_LAT23.80662_LON90.26663,2021,90.26662566909624,23.806621549782196,0.7450994817073283,0.0014999957736214022,0.25310052101490377,0.0003000015041466209,0.0,0.0,1,1,0,0,0,0,0,0,0.9988845842590331,998884.5842590332
Y2021_LAT23.8068_LON90.27643,2021,90.27643165107384,23.80679511037555,0.31950009972420806,0.0008000047031673263,0.3275998076923152,0.3521000878803094,0.0,0.0,4,0,0,0,1,0,0,1,0.9988982985076904,998898.2985076904
Y2021_LAT23.80697_LON90.28624,2021,90.28623772617412,23.806968048914335,0.8092003325284618,0.0013999991070591507,0.05699970995273693,0.13239995841174215,0.0,0.0,1,1,0,0,0,0,0,0,0.9989119661178589,998911.9661178589
Y2021_LAT23.80714_LON90.29604,2021,90.29604389433322,23.807140365213662,0.7110993719487692,0.0,0.11540052101485798,0.1735001070363729,0.0,0.0,1,1,0,0,0,0,0,0,0.9989255854187011,998925.5854187012
Y2021_LAT23.80731_LON90.30585,2021,90.3058501548795,23.807312059403436,0.15999936252900238,0.0010000065703016853,0.5626004456596921,0.2506002566551101,0.0,0.025799928585893736,3,0,0,1,0,0,0,0,0.9989391535263061,998939.1535263062
Y2021_LAT23.80748_LON90.31566,2021,90.3156565077168,23.807483131396015,9.999933183042093e-05,0.009499962132069968,0.4277992429458656,0.4830003776975287,0.0773004310457616,0.0022999868469437594,4,0,0,0,1,0,0,1,0.9989526738433838,998952.6738433838
Y2021_LAT23.80765_LON90.32546,2021,90.32546295244364,23.807653581130058,0.0,0.0,0.5413009764731864,0.30529961382032184,0.15339940970649174,0.0,3,0,0,1,0,0,0,0,0.9989661453704834,998966.1453704834
Y2021_LAT23.80782_LON90.33527,2021,90.33526948874199,23.807823408629595,0.09850028644585901,0.13759987013887237,0.4385990197157685,0.31330085042321165,0.011999973276288637,0.0,3,0,0,1,0,0,0,1,0.9989795685806274,998979.5685806274
Y2021_LAT23.80799_LON90.34508,2021,90.34507611622092,23.80799261387326,0.6340005723308276,0.13399976867267893,0.00020000030166487893,0.23179965869482858,0.0,0.0,1,1,0,0,0,0,0,0,0.9989929389953613,998992.9389953613
Y2021_LAT23.80816_LON90.35488,2021,90.35488283460089,23.80816119691099,0.9679000795664054,0.03209992043359453,0.0,0.0,0.0,0.0,1,1,0,0,0,0,0,0,0.9990062643661499,999006.2643661499
Y2021_LAT23.80833_LON90.36469,2021,90.36468964352085,23.808329157484692,0.9834000242624832,0.01659997573751682,0.0,0.0,0.0,0.0,1,1,0,0,0,0,0,0,0.9990195391616822,999019.5391616821
Y2021_LAT23.8085_LON90.3745,2021,90.37449654264427,23.808496495836255,1.0,0.0,0.0,0.0,0.0,0.0,1,1,0,0,0,0,0,0,0.9990327639770508,999032.7639770508
Y2021_LAT23.80866_LON90.3843,2021,90.3843035316802,23.808663211747557,0.9935999853467132,0.005800012635196204,0.0,0.0006000020180905388,0.0,0.0,1,1,0,0,0,0,0,0,0.9990459408721923,999045.9408721924
Y2021_LAT23.80883_LON90.39411,2021,90.39411061027911,23.80882930532484,0.910300053079709,0.0011999981185696702,0.0,0.08849994880172145,0.0,0.0,1,1,0,0,0,0,0,0,0.9990590691299438,999059.0691299438
Y2021_LAT23.80899_LON90.40392,2021,90.40391777799685,23.80899477641592,0.9857999393249082,0.0,0.0,0.014200060675091804,0.0,0.0,1,1,0,0,0,0,0,0,0.9990721471939087,999072.1471939087
Y2021_LAT23.80916_LON90.41373,2021,90.41372503471159,23.809159625195083,0.9789999235984792,0.0,0.0,0.021000076401520806,0.0,0.0,1,1,0,0,0,0,0,0,0.999085176399231,999085.176399231
Y2021_LAT23.80932_LON90.42353,2021,90.42353237987629,23.809323851498643,0.9996999980835859,0.00020000127760941915,0.0,0.00010000063880470957,0.0,0.0,1,1,0,0,0,0,0,0,0.9990981556777954,999098.1556777954
Y2021_LAT23.80949_LON90.43334,2021,90.43333981333951,23.80948745529724,0.997600014585139,0.00019999873493656428,0.0,0.002199986679924437,0.0,0.0,1,1,0,0,0,0,0,0,0.9991110865402222,999111.0865402222
Y2021_LAT23.80965_LON90.44315,2021,90.44314733453504,23.809650436574852,0.6249986130733385,0.07320033550976189,0.29690102415028863,0.0,0.0,0.004900027266611023,1,1,0,0,0,0,0,0,0.999123968383789,999123.9683837891
Y2021_LAT23.80981_LON90.45295,2021,90.45295494342636,23.809812795362046,0.04370000564075853,0.8440001983086616,0.07359972881906629,0.0005000022878520996,0.0,0.038200064943661544,2,0,1,0,0,0,0,0,0.9991368009262085,999136.8009262085
Y2021_LAT23.80997_LON90.46276,2021,90.46276263940196,23.809974531606617,0.01289993336377126,0.6249992772736785,0.2547005674068777,0.005100023706028106,0.0,0.10230019824964441,2,0,1,0,0,0,0,0,0.9991495819778442,999149.5819778442
Y2021_LAT23.81014_LON90.47257,2021,90.47257042239056,23.81013564529753,0.026599988092747738,0.6141003685689346,0.11829954505805354,0.1650000831766698,0.0,0.07600001510359432,2,0,1,0,0,0,0,0,0.9991623229980469,999162.3229980469
Y2021_LAT23.8103_LON90.48238,2021,90.48237829176247,23.81029613645159,0.01345586170417115,0.6588988960302995,0.00021879337102391908,0.3097041076385215,0.007220228715260505,0.01050211254072342,2,0,1,0,0,0,0,0,0.9133453850784302,913345.3850784302
Y2021_LAT23.81046_LON90.49219,2021,90.49218624742016,23.810456004938438,0.0,0.0,0.0,0.0,0.0,0.0,1,1,0,0,0,0,0,1,0.0,0.0
Y2021_LAT23.81387_LON90.16838,2021,90.16837526891346,23.813873164032902,0.0,0.0,1.0,0.0,0.0,0.0,3,0,0,1,0,0,0,0,0.012684135070800781,12684.135070800781
Y2021_LAT23.81405_LON90.17818,2021,90.17818097599711,23.814053020953978,0.0,0.0,1.0,0.0,0.0,0.0,3,0,0,1,0,0,0,0,0.00649189047241211,6491.890472412109
Y2021_LAT23.81423_LON90.18799,2021,90.18798677977081,23.814232255752742,0.0,0.0,1.0,0.0,0.0,0.0,3,0,0,1,0,0,0,0,0.008689298416137695,8689.298416137695
Y2021_LAT23.81529_LON90.24682,2021,90.24682361170247,23.815294598121127,0.6353588788029133,0.0,0.052180484821522426,0.3124606363755643,0.0,0.0,1,1,0,0,0,0,0,0,0.6412677857971192,641267.7857971191
Y2021_LAT23.81547_LON90.25663,2021,90.25663008224262,23.815469477254926,0.894000019097309,0.0018000116861022074,0.0,0.10419996921658886,0.0,0.0,1,1,0,0,0,0,0,0,0.9988708199768066,998870.8199768066
Y2021_LAT23.81564_LON90.26644,2021,90.26643664664127,23.815643733920098,0.8610998640704306,0.0,0.012100077797158793,0.1268000581324106,0.0,0.0,1,1,0,0,0,0,0,0,0.9988845871505737,998884.5871505737
Y2021_LAT23.81582_LON90.27624,2021,90.27624330468436,23.815817368283188,0.4786007400271545,0.0,0.4103991732223807,0.11100008675046476,0.0,0.0,1,1,0,0,0,0,0,1,0.998898302230835,998898.302230835
Y2021_LAT23.81599_LON90.28605,2021,90.28605005592944,23.8159903802583,0.8985000210162746,0.011899989142080292,0.02349998534055642,0.06610000450108873,0.0,0.0,1,1,0,0,0,0,0,0,0.9989119692382813,998911.9692382812
Y2021_LAT23.81616_LON90.29586,2021,90.29585690010072,23.81616276984901,0.6961994765313289,0.0014000077636514207,0.26760051588428946,0.03479999982073024,0.0,0.0,1,1,0,0,0,0,0,0,0.9989255877685547,998925.5877685547
Y2021_LAT23.81633_LON90.30566,2021,90.3056638368472,23.81633453695183,0.5512003271123287,0.0001999987273807242,0.31759958549818745,0.13100008866210316,0.0,0.0,1,1,0,0,0,0,0,0,0.9989391566390992,998939.1566390991
Y2021_LAT23.81651_LON90.31547,2021,90.31547086596213,23.81650568159982,0.17659909854957972,0.0007999971109146258,0.5886003126123548,0.18950035558020134,0.044500236146949694,0.0,3,0,0,1,0,0,0,0,0.9989526775512695,998952.6775512695
Y2021_LAT23.81668_LON90.32528,2021,90.32527798679773,23.816676203830262,0.0,0.0,0.6145000785764375,0.03499981019874746,0.35050011122481506,0.0,3,0,0,1,0,0,0,0,0.9989661485748291,998966.1485748291
Y2021_LAT23.81685_LON90.33509,2021,90.3350851993851,23.8168461034576,0.0409002256467398,0.0,0.7370992663329237,0.17070075241469668,0.0512997556056399,0.0,3,0,0,1,0,0,0,0,0.9989795709457397,998979.5709457397
Y2021_LAT23.81702_LON90.34489,2021,90.34489250309701,23.81701538055114,0.26789933672103,0.54940103210247,0.0019000019875515127,0.1807996291889486,0.0,0.0,2,0,1,0,0,0,0,0,0.9989929389953613,998992.9389953613
Y2021_LAT23.81718_LON90.3547,2021,90.35469989778336,23.817184035103416,0.8180008863316433,0.17759913466049412,0.0,0.004399979007862574,0.0,0.0,1,1,0,0,0,0,0,0,0.9990062674560547,999006.2674560547
Y2021_LAT23.81735_LON90.36451,2021,90.3645073830455,23.817352067175083,1.0,0.0,0.0,0.0,0.0,0.0,1,1,0,0,0,0,0,0,0.9990195421295166,999019.5421295166
Y2021_LAT23.81752_LON90.37431,2021,90.3743149585172,23.817519476505847,1.0,0.0,0.0,0.0,0.0,0.0,1,1,0,0,0,0,0,0,0.9990327677993774,999032.7677993774
Y2021_LAT23.81769_LON90.38412,2021,90.3841226239139,23.817686263274723,0.9835999645301247,0.015600031743297568,0.0,0.0008000037265778235,0.0,0.0,1,1,0,0,0,0,0,0,0.9990459443664551,999045.9443664551
Y2021_LAT23.81785_LON90.39393,2021,90.39393037889359,23.81785242739153,0.9886999678684665,0.0,0.0,0.011300032131533537,0.0,0.0,1,1,0,0,0,0,0,0,0.999059071105957,999059.071105957
Y2021_LAT23.81802_LON90.40374,2021,90.40373822309905,23.818017968948304,0.9369997915913645,0.02470013027718806,0.0,0.03830007813144742,0.0,0.0,1,1,0,0,0,0,0,0,0.9990721492233277,999072.1492233276
Y2021_LAT23.81818_LON90.41355,2021,90.41354615627209,23.81818288766922,0.8296002007244168,0.149399869561982,0.0,0.020999929713601196,0.0,0.0,1,1,0,0,0,0,0,0,0.9990851786117554,999085.1786117554
Y2021_LAT23.81835_LON90.42335,2021,90.42335417786755,23.81834718368165,0.9931000257074011,0.0,0.0,0.0068999742925989005,0.0,0.0,1,1,0,0,0,0,0,0,0.9990981574478149,999098.1574478149
Y2021_LAT23.81851_LON90.43316,2021,90.43316228784077,23.81851085701839,1.0,0.0,0.0,0.0,0.0,0.0,1,1,0,0,0,0,0,0,0.9991110893020629,999111.089302063
Y2021_LAT23.81867_LON90.44297,2021,90.44297048569709,23.818673907604865,0.9927999705394749,0.0,0.0072000294605250835,0.0,0.0,0.0,1,1,0,0,0,0,0,0,0.9991239705963135,999123.9705963135
Y2021_LAT23.81884_LON90.45278,2021,90.45277877104193,23.81883633543177,0.5726988504848912,0.4273011495151087,0.0,0.0,0.0,0.0,1,1,0,0,0,0,0,0,0.9991368037109375,999136.8037109375
Y2021_LAT23.819_LON90.46259,2021,90.46258714366351,23.81899814040087,0.025100029340722495,0.9677999565468527,0.006100017208647696,0.0,0.0,0.0009999969037771447,2,0,1,0,0,0,0,0,0.9991495855941772,999149.5855941772
Y2021_LAT23.81916_LON90.4724,2021,90.47239560320139,23.81915932247881,0.1180997224839111,0.5486997443041852,0.11650009113436996,0.09200043888680859,0.0,0.12470000319072515,2,0,1,0,0,0,0,0,0.999162327178955,999162.3271789551
Y2021_LAT23.81932_LON90.4822,2021,90.48220414929602,23.819319881781826,0.11750038927388089,0.3454996659591021,0.2743997136570487,0.23430021205125717,0.0,0.028300019058711153,2,0,1,0,0,0,0,1,0.999175005531311,999175.005531311
Y2021_LAT23.81948_LON90.49201,2021,90.49201278159279,23.819479818192317,0.08301910929116692,0.3528298052209736,0.3201258678341369,0.24402521765372256,0.0,0.0,2,0,1,0,0,0,0,1,0.15887009790039064,158870.09790039062
Y2021_LAT23.82289_LON90.16818,2021,90.16817939046098,23.822894584184766,0.010260450942769065,0.0,0.9897395490572309,0.0,0.0,0.0,3,0,0,1,0,0,0,0,0.1265417412261963,126541.74122619629
Y2021_LAT23.82307_LON90.17799,2021,90.17798577362207,23.82307451757543,0.09225287417499717,0.0,0.9077471258250028,0.0,0.0,0.0,3,0,0,1,0,0,0,0,0.7838260447616577,783826.0447616577
Y2021_LAT23.82325_LON90.18779,2021,90.18779225350809,23.82325382846832,0.06216891806442475,0.0031084418068144074,0.9347226401287608,0.0,0.0,0.0,3,0,0,1,0,0,0,0,0.8675339437561035,867533.9437561035
Y2021_LAT23.82343_LON90.1976,2021,90.19759882957655,23.823432516960516,0.005568275991318353,0.0,0.9944317240086816,0.0,0.0,0.0,3,0,0,1,0,0,0,0,0.30492857583618166,304928.57583618164
Y2021_LAT23.82432_LON90.24663,2021,90.24663314299448,23.82431662199299,0.5462449973584972,0.0038247667428698085,0.0,0.44993023589863307,0.0,0.0,1,1,0,0,0,0,0,0,0.5745442405471802,574544.2405471802
Y2021_LAT23.82449_LON90.25644,2021,90.25644028981523,23.824491575335806,0.9474003099070537,0.000999995444303442,0.0,0.05159969464864285,0.0,0.0,1,1,0,0,0,0,0,0,0.9988708225250245,998870.8225250244
Y2021_LAT23.82467_LON90.26625,2021,90.26624753054972,23.824665906139078,0.999799998641733,0.0,0.00020000135826704027,0.0,0.0,0.0,1,1,0,0,0,0,0,0,0.9988845889205933,998884.5889205933
Y2021_LAT23.82484_LON90.27605,2021,90.27605486503128,23.824839614245956,0.7120997940918686,0.009100011888546151,0.10009997729223458,0.17870021672735065,0.0,0.0,1,1,0,0,0,0,0,0,0.9988983057556152,998898.3057556152
Y2021_LAT23.82501_LON90.28586,2021,90.2858622927241,23.82501269965501,0.8397995545058554,0.0,0.05750020613418039,0.10270023935996414,0.0,0.0,1,1,0,0,0,0,0,0,0.9989119721755981,998911.9721755981
Y2021_LAT23.82519_LON90.29567,2021,90.29566981343716,23.825185162441457,0.7934000978616376,0.013300055395595386,0.18059984659706,0.012700000145707087,0.0,0.0,1,1,0,0,0,0,0,0,0.9989255913696289,998925.5913696289
Y2021_LAT23.82536_LON90.30548,2021,90.30547742655001,23.82535700253232,0.7129001476500962,0.011899946394359805,0.08710000589719226,0.1880999000583517,0.0,0.0,1,1,0,0,0,0,0,0,0.9989391600952149,998939.1600952148
Y2021_LAT23.82553_LON90.31529,2021,90.31528513222065,23.82552821986018,0.3706987732597095,0.0010999978597870156,0.6095012677386398,0.018699961141863827,0.0,0.0,3,0,0,1,0,0,0,0,0.9989526799163818,998952.6799163818
Y2021_LAT23.8257_LON90.32509,2021,90.3250929296269,23.825698814459958,0.028999848142066527,0.0,0.7896996684535529,0.03670005857371323,0.14460042483066715,0.0,3,0,0,1,0,0,0,0,0.9989661514663696,998966.1514663696
Y2021_LAT23.82587_LON90.3349,2021,90.33490081873747,23.82586878632221,0.034700200192326364,0.00030000111363180215,0.5023998778320016,0.23250039219383764,0.23009952866820266,0.0,3,0,0,1,0,0,0,0,0.998979573135376,998979.573135376
Y2021_LAT23.82604_LON90.34471,2021,90.34470879902204,23.8260381353976,0.681900118809427,0.12100037699214865,0.020699875950018702,0.17639962824840574,0.0,0.0,1,1,0,0,0,0,0,0,0.9989929413375854,998992.9413375854
Y2021_LAT23.82621_LON90.35452,2021,90.3545168704715,23.826206861579703,0.9013003590112691,0.08599965091986289,0.0,0.012699990068868018,0.0,0.0,1,1,0,0,0,0,0,0,0.999006270401001,999006.270401001
Y2021_LAT23.82637_LON90.36433,2021,90.36432503226546,23.82637496494445,0.9618998680425209,0.003600011753442675,0.0,0.03450012020403637,0.0,0.0,1,1,0,0,0,0,0,0,0.9990195443115234,999019.5443115234
Y2021_LAT23.82654_LON90.37413,2021,90.37413328450297,23.826542445464796,0.9948000222289529,0.004399979402116904,0.0,0.0007999983689301928,0.0,0.0,1,1,0,0,0,0,0,0,0.9990327699737549,999032.7699737549
Y2021_LAT23.82671_LON90.38394,2021,90.38394162659998,23.82670930309834,0.8753001917639467,0.05629986550266381,0.01870001642662158,0.04969992630676792,0.0,0.0,1,1,0,0,0,0,0,0,0.9990459466552735,999045.9466552734
Y2021_LAT23.82688_LON90.39375,2021,90.39375005825224,23.826875537835253,0.9619998237616171,0.0013000071856071101,0.0,0.0367001690527759,0.0,0.0,1,1,0,0,0,0,0,0,0.9990590729598999,999059.0729598999
Y2021_LAT23.82704_LON90.40356,2021,90.40355857927814,23.82704114951503,0.7593994981828972,0.1067003597359001,0.09250022969016097,0.04139991239104183,0.0,0.0,1,1,0,0,0,0,0,0,0.999072150894165,999072.150894165
Y2021_LAT23.82721_LON90.41337,2021,90.41336718923141,23.827206138417626,0.5414012708842042,0.29329890800058245,0.03279986882296559,0.13249995229224779,0.0,0.0,1,1,0,0,0,0,0,0,0.9990851816101074,999085.1816101074
Y2021_LAT23.82737_LON90.42318,2021,90.42317588773403,23.827370504238175,0.9961999865216001,0.0038000134783998493,0.0,0.0,0.0,0.0,1,1,0,0,0,0,0,0,0.9990981613006592,999098.1613006592
Y2021_LAT23.82753_LON90.43298,2021,90.4329846744285,23.827534247080532,0.9972999917877379,0.0,0.0,0.002700008212262101,0.0,0.0,1,1,0,0,0,0,0,0,0.9991110923461914,999111.0923461914
Y2021_LAT23.8277_LON90.44279,2021,90.44279354918528,23.82769736687845,0.884400135342132,0.06409991606166753,0.026099942424315736,0.0014000004550846403,0.0,0.02400000571680006,1,1,0,0,0,0,0,0,0.9991239733200074,999123.9733200073
Y2021_LAT23.82786_LON90.4526,2021,90.45260251151196,23.82785986361857,0.8660994866407531,0.12440046382760377,0.0,0.0,0.0,0.009500049531643174,1,1,0,0,0,0,0,0,0.9991368066024781,999136.806602478
Y2021_LAT23.82802_LON90.46241,2021,90.46241156101212,23.82802173732858,0.46070028877055147,0.5206997316807379,0.013800006822747023,0.0,0.0,0.004799972725963581,2,0,1,0,0,0,0,0,0.9991495892562866,999149.5892562866
Y2021_LAT23.82818_LON90.47222,2021,90.47222069748096,23.828182987947756,0.8616000547189565,0.05889988529275134,0.012500044616116576,0.0661000118932344,0.0,0.0009000034789411221,1,1,0,0,0,0,0,0,0.9991623296966553,999162.3296966553
Y2021_LAT23.82834_LON90.48203,2021,90.48202992058056,23.82834361542162,0.7971079731308286,0.061462970957143516,0.025414655484455758,0.11303695969106771,0.002977440736504387,0.0,1,1,0,0,0,0,0,0,0.9396239306716919,939623.9306716919
Y2021_LAT23.8285_LON90.49184,2021,90.49183922984152,23.828503619802646,0.5470590438271393,0.002941172542023736,0.0,0.4499997836308369,0.0,0.0,1,1,0,0,0,0,0,0,0.10191665102386474,101916.65102386475
Y2021_LAT23.83155_LON90.14837,2021,90.14836958690762,23.831554104892312,0.18818276504436002,0.00768918780640448,0.7256173234791056,0.07851072367012989,0.0,0.0,3,0,0,1,0,0,0,0,0.24678404809570312,246784.04809570312
Y2021_LAT23.83174_LON90.15818,2021,90.15817645227916,23.831735359912624,0.3019623549713253,0.0,0.6957421667986737,0.00229547823000099,0.0,0.0,3,0,0,1,0,0,0,0,0.4785912795791626,478591.2795791626
Y2021_LAT23.83192_LON90.16798,2021,90.16798341496239,23.831915992348627,0.30473629615679293,0.008007343109796672,0.6612896686417196,0.025966692091690842,0.0,0.0,3,0,0,1,0,0,0,0,0.8731030589904785,873103.0589904785
Y2021_LAT23.8321_LON90.17779,2021,90.17779047462967,23.832096002066017,0.1640996276450588,0.002999981302738441,0.8329003910522027,0.0,0.0,0.0,3,0,0,1,0,0,0,0,0.9987589331207275,998758.9331207275
Y2021_LAT23.83228_LON90.1876,2021,90.18759763096298,23.832275389176957,0.13070018135242226,0.0,0.8568998358999949,0.012399982747582864,0.0,0.0,3,0,0,1,0,0,0,0,0.9987730915527344,998773.0915527344
Y2021_LAT23.83245_LON90.1974,2021,90.19740488359427,23.83245415353002,0.1841124141079861,0.017640114862727107,0.7807241561485047,0.01752331488078221,0.0,0.0,3,0,0,1,0,0,0,0,0.854961383720398,854961.383720398
Y2021_LAT23.83263_LON90.20721,2021,90.20721223228351,23.832632295169052,0.3748466290881837,0.0,0.6251533709118163,0.0,0.0,0.0,3,0,0,1,0,0,0,0,0.1620048981704712,162004.8981704712
Y2021_LAT23.83299_LON90.22683,2021,90.22682721609848,23.832986710106077,0.5224452066403394,0.0,0.4775547933596605,0.0,0.0,0.0,1,1,0,0,0,0,0,0,0.20915537764739991,209155.3776473999
Y2021_LAT23.83316_LON90.23663,2021,90.23663485069268,23.83316298346713,0.710303292282221,0.001810613578254242,0.28788609413952476,0.0,0.0,0.0,1,1,0,0,0,0,0,0,0.5516612175750732,551661.2175750732
Y2021_LAT23.83334_LON90.24644,2021,90.24644257992824,23.83333863396304,0.690271171877413,0.004016651682593695,0.0,0.3057121764399932,0.0,0.0,1,1,0,0,0,0,0,0,0.6714328807449341,671432.8807449341
Y2021_LAT23.83351_LON90.25625,2021,90.25625040342625,23.833513661626004,1.0,0.0,0.0,0.0,0.0,0.0,1,1,0,0,0,0,0,0,0.9988708250579834,998870.8250579834
Y2021_LAT23.83369_LON90.26606,2021,90.26605832091322,23.83368806634147,0.979899936467828,0.0,0.0,0.02010006353217194,0.0,0.0,1,1,0,0,0,0,0,0,0.9988845901107788,998884.5901107788
Y2021_LAT23.83386_LON90.27587,2021,90.27586633211241,23.83386184824758,0.7640000032944314,0.09550017982775713,0.03600019453551557,0.10449962234229584,0.0,0.0,1,1,0,0,0,0,0,0,0.99889830884552,998898.30884552
Y2021_LAT23.83404_LON90.28567,2021,90.28567443656736,23.83403500725343,0.7820996120330536,0.06329984548012225,0.12290045608618218,0.022800068670033313,0.00890001773060879,0.0,1,1,0,0,0,0,0,0,0.9989119750823975,998911.9750823975
Y2021_LAT23.83421_LON90.29548,2021,90.29548263401729,23.83420754320387,0.7654006307736819,0.03769999071603691,0.16719942848426314,0.02969995002601803,0.0,0.0,1,1,0,0,0,0,0,0,0.9989255937652588,998925.5937652588
Y2021_LAT23.83438_LON90.30529,2021,90.30529092409135,23.8343794562463,0.5657000465782802,0.0624997680177212,0.37040019365521715,0.0013999917487815831,0.0,0.0,1,1,0,0,0,0,0,0,0.9989391618804931,998939.1618804932
Y2021_LAT23.83455_LON90.3151,2021,90.31509930647739,23.834550746341588,0.7515997597726339,0.00019999963163477396,0.206900207352959,0.04120003345368589,9.999978908651045e-05,0.0,1,1,0,0,0,0,0,0,0.9989526837081909,998952.6837081909
Y2021_LAT23.83472_LON90.32491,2021,90.32490778084507,23.834721413348195,0.3724988833810536,0.06459987085203239,0.454001235366213,0.10890001040070099,0.0,0.0,3,0,0,1,0,0,0,1,0.9989661543502808,998966.1543502808
Y2021_LAT23.83489_LON90.33472,2021,90.33471634678091,23.834891457360698,0.12640070929615882,0.00030000062420109817,0.6810987050926506,0.18820057647592423,0.004000008511065272,0.0,3,0,0,1,0,0,0,0,0.998979575302124,998979.575302124
Y2021_LAT23.83506_LON90.34453,2021,90.3445250041786,23.835060878266724,0.2757993395957775,0.028299899877148395,0.026999896863039736,0.6689008636640343,0.0,0.0,4,0,0,0,1,0,0,0,0.9989929512176514,998992.9512176514
Y2021_LAT23.83523_LON90.35433,2021,90.35433375241244,23.835229676161905,0.9097997719598558,0.0,0.0,0.09020022804014419,0.0,0.0,1,1,0,0,0,0,0,0,0.9990062730560303,999006.2730560303
Y2021_LAT23.8354_LON90.36414,2021,90.36414259129721,23.835397850930327,0.8302999398930647,0.020600020012420617,0.0,0.13779997275878783,0.0,0.011300067335727002,1,1,0,0,0,0,0,0,0.9990195470657348,999019.5470657349
Y2021_LAT23.83557_LON90.37395,2021,90.37395152049541,23.83556540250637,0.9734999537372626,0.0211000704528966,0.0,0.002399994954342116,0.0,0.0029999808554987306,1,1,0,0,0,0,0,0,0.9990327730331421,999032.7730331421
Y2021_LAT23.83573_LON90.38376,2021,90.38376053963883,23.835732330951657,0.9763000409620833,0.002200013735490528,0.0,0.021499945302426167,0.0,0.0,1,1,0,0,0,0,0,0,0.9990459489974975,999045.9489974976
Y2021_LAT23.8359_LON90.39357,2021,90.39356964845436,23.835898636245652,0.7444994159231801,0.07710028862865369,0.002099999750006627,0.17510028987575302,0.0,0.0012000058224065386,1,1,0,0,0,0,0,0,0.999059076713562,999059.076713562
Y2021_LAT23.83606_LON90.40338,2021,90.40337884653496,23.836064318426047,0.17929970650617438,0.7654002152703187,0.03610006452413844,0.006700022980746404,0.0,0.012499990718622206,2,0,1,0,0,0,0,0,0.9990721547851562,999072.1547851562
Y2021_LAT23.83623_LON90.41319,2021,90.41318813356696,23.836229377239338,0.7050011908955869,0.19589908340033088,0.0013999918853653032,0.02639996343488463,0.0,0.07129977038383245,1,1,0,0,0,0,0,0,0.9990851845245361,999085.1845245361
Y2021_LAT23.83639_LON90.423,2021,90.42299750922736,23.83639381286483,0.9768000974420211,0.0,0.0,0.02319990255797892,0.0,0.0,1,1,0,0,0,0,0,0,0.9990981632766723,999098.1632766724
Y2021_LAT23.83656_LON90.43281,2021,90.43280697318565,23.8365576252348,0.7519990817467481,0.0012999988452366473,0.1933008165796935,0.053400102828321756,0.0,0.0,1,1,0,0,0,0,0,0,0.9991110946807862,999111.0946807861
Y2021_LAT23.83672_LON90.44262,2021,90.44261652508888,23.836720814273363,0.6234010926885226,0.02159995576584573,0.2747988170477346,0.08020013449789705,0.0,0.0,1,1,0,0,0,0,0,0,0.9991239751815796,999123.9751815796
Y2021_LAT23.83688_LON90.45243,2021,90.45242616467249,23.836883380054967,0.7644994929402519,0.021600055663716124,0.09800043267827815,0.11590001871775382,0.0,0.0,1,1,0,0,0,0,0,0,0.9991368093643188,999136.8093643188
Y2021_LAT23.83705_LON90.46224,2021,90.46223589141553,23.837045322543688,0.2749997267159538,0.3535005039204773,0.24689944262559646,0.018500043809690326,0.0,0.1061002829282821,2,0,1,0,0,0,0,1,0.9991495924911499,999149.5924911499
Y2021_LAT23.83721_LON90.47205,2021,90.47204570520299,23.83720664164753,0.6471679182875903,0.0462260510554983,0.012067848036301475,0.1998360691590982,0.0,0.09470211346151165,1,1,0,0,0,0,0,0,0.9769808027877808,976980.8027877808
Y2021_LAT23.83737_LON90.48186,2021,90.4818556056201,23.83736733731328,0.7195822511036166,0.0516971995501431,0.0,0.2287205493462403,0.0,0.0,1,1,0,0,0,0,0,0,0.19134119912719727,191341.19912719727
Y2021_LAT23.84058_LON90.14817,2021,90.14817216103816,23.84057534732791,0.4338483424194577,0.0,0.559325721904552,0.006825935675990462,0.0,0.0,3,0,0,1,0,0,0,0,0.49746220937347413,497462.2093734741
Y2021_LAT23.84076_LON90.15798,2021,90.15797970307358,23.840756679297666,0.39340080168711344,0.017300064590540568,0.586199130021706,0.0031000037006399888,0.0,0.0,3,0,0,1,0,0,0,0,0.9987304726028442,998730.4726028442
Y2021_LAT23.84094_LON90.16779,2021,90.16778734252539,23.84093738833167,0.8412998629522378,0.0,0.1515000896206808,0.007200047427081458,0.0,0.0,1,1,0,0,0,0,0,0,0.9987447287673951,998744.728767395
Y2021_LAT23.84112_LON90.1776,2021,90.17759507896204,23.84111747451557,0.5737001265833689,0.02959993044494007,0.34120000612331597,0.055499936848375106,0.0,0.0,1,1,0,0,0,0,0,0,0.9987589380950928,998758.9380950928
Y2021_LAT23.8413_LON90.1874,2021,90.18740291207052,23.841296937722095,0.6713990772092103,0.015400084602962046,0.29360091861387405,0.01959991957395371,0.0,0.0,1,1,0,0,0,0,0,0,0.9987730955276489,998773.0955276489
Y2021_LAT23.84148_LON90.19721,2021,90.19721084163774,23.841475777990876,0.4359996138165198,0.08080003207712932,0.47230032571220615,0.010900028394144709,0.0,0.0,3,0,0,1,0,0,0,1,0.998787204032898,998787.204032898
Y2021_LAT23.84165_LON90.20702,2021,90.20701886708483,23.84165399523879,0.339931974445771,0.0338894278565461,0.5995437535248497,0.026634844172833183,0.0,0.0,3,0,0,1,0,0,0,0,0.963743245300293,963743.245300293
Y2021_LAT23.84183_LON90.21683,2021,90.21682698822377,23.84183158947361,0.5083176559336633,0.0454049495134776,0.41505296786282553,0.03122442669003358,0.0,0.0,1,1,0,0,0,0,0,0,0.7325311472244262,732531.1472244263
Y2021_LAT23.84201_LON90.22664,2021,90.22663520481896,23.842008560735078,0.47155947684085947,0.02904856757697175,0.4755053225444403,0.023886633037728512,0.0,0.0,3,0,0,1,0,0,0,1,0.9868433621444702,986843.3621444702
Y2021_LAT23.84218_LON90.23644,2021,90.23644351635009,23.84218490886131,0.8460000035199412,0.0027000046715297456,0.09779978600654332,0.05350020580198576,0.0,0.0,1,1,0,0,0,0,0,0,0.998843150390625,998843.150390625
Y2021_LAT23.84236_LON90.24625,2021,90.2462519225089,23.84236063386034,0.842707501471928,0.0,0.0,0.15729249852807203,0.0,0.0,1,1,0,0,0,0,0,0,0.9963598748168946,996359.8748168945
Y2021_LAT23.84254_LON90.25606,2021,90.25606042307881,23.842535735805026,1.0,0.0,0.0,0.0,0.0,0.0,1,1,0,0,0,0,0,0,0.9988708284072876,998870.8284072876
Y2021_LAT23.84271_LON90.26587,2021,90.26586901762857,23.842710214595492,0.9220998528732562,0.07730014309900297,0.0,0.0006000040277408696,0.0,0.0,1,1,0,0,0,0,0,0,0.9988845909729004,998884.5909729004
Y2021_LAT23.84288_LON90.27568,2021,90.27567770591823,23.842884070255604,0.9997000020226858,0.0,0.0,0.00029999797731417076,0.0,0.0,1,1,0,0,0,0,0,0,0.9988983109893799,998898.3109893799
Y2021_LAT23.84306_LON90.28549,2021,90.28548648737947,23.843057302676108,0.8436999301694919,0.09090008737261841,0.06060000339951021,0.004799979058379612,0.0,0.0,1,1,0,0,0,0,0,0,0.9989119782028199,998911.9782028198
Y2021_LAT23.84323_LON90.2953,2021,90.29529536203225,23.843229911984785,0.563900622345415,0.19789988424629187,0.21489952712437083,0.023299966283922256,0.0,0.0,1,1,0,0,0,0,0,0,0.9989255960769653,998925.5960769653
Y2021_LAT23.8434_LON90.3051,2021,90.30510432926752,23.843401897991527,0.2360001045714738,0.27260015223614487,0.46049964972968993,0.030900093462691392,0.0,0.0,3,0,0,1,0,0,0,1,0.9989391654434204,998939.1654434204
Y2021_LAT23.84357_LON90.31491,2021,90.31491338880836,23.84357326075308,0.7407010634085998,0.16359929397574108,0.09489964158575363,0.0008000010299055389,0.0,0.0,1,1,0,0,0,0,0,0,0.9989526858291626,998952.6858291626
Y2021_LAT23.84374_LON90.32472,2021,90.32472254042095,23.843744000271027,0.3585990456335944,0.0097999564112792,0.5352010721671008,0.09639992578802564,0.0,0.0,3,0,0,1,0,0,0,0,0.998966157371521,998966.157371521
Y2021_LAT23.84391_LON90.33453,2021,90.33453178359355,23.843914116423164,0.11290039601728231,0.0,0.8026992546753612,0.0844003493073565,0.0,0.0,3,0,0,1,0,0,0,0,0.9989795778198243,998979.5778198242
Y2021_LAT23.84408_LON90.34434,2021,90.34434111828988,23.844083609322848,0.1880992511843842,0.0009000027318870245,0.03759982775249748,0.7716009176100873,0.0018000007211440093,0.0,4,0,0,0,1,0,0,0,0.9989929562606812,998992.9562606812
Y2021_LAT23.84425_LON90.35415,2021,90.3541505437578,23.84425247880271,0.30040076827289397,0.0111000448320217,0.09120026668234284,0.5972989202127416,0.0,0.0,4,0,0,0,1,0,0,0,0.9990062752227783,999006.2752227783
Y2021_LAT23.84442_LON90.36396,2021,90.3639600599618,23.84442072486472,0.536500727952941,0.014000039309812052,0.0584998888319767,0.3902993426018973,0.0007000013033729236,0.0,1,1,0,0,0,0,0,0,0.9990195501251221,999019.5501251221
Y2021_LAT23.84459_LON90.37377,2021,90.37376966657489,23.844588347727708,0.6956996097925648,0.18700028284345827,0.030400156839626317,0.06319989396482303,0.0,0.023700056559527515,1,1,0,0,0,0,0,0,0.9990327758789063,999032.7758789062
Y2021_LAT23.84476_LON90.38358,2021,90.38357936304968,23.84475534708199,0.7067011685071259,0.16909937678941625,0.06529971213700587,0.05889974256645205,0.0,0.0,1,1,0,0,0,0,0,0,0.9990459521331787,999045.9521331787
Y2021_LAT23.84492_LON90.39339,2021,90.39338914935368,23.844921722962663,0.495398736366738,0.4959012201654412,0.0,0.0,0.0,0.008700043467820828,2,0,1,0,0,0,0,1,0.9990590798797607,999059.0798797607
Y2021_LAT23.84509_LON90.4032,2021,90.40319902480896,23.845087475305515,0.5386013284545712,0.44909868267244146,0.0,0.005100030482505044,0.0,0.0071999583904823125,1,1,0,0,0,0,0,0,0.9990721583709716,999072.1583709717
Y2021_LAT23.84525_LON90.41301,2021,90.41300898926613,23.845252604256814,0.9324997630285882,0.0,0.0,0.06410021625462818,0.0,0.003400020716783721,1,1,0,0,0,0,0,0,0.9990851864395142,999085.1864395142
Y2021_LAT23.84542_LON90.42282,2021,90.42281904246684,23.845417109739255,0.9796000576280727,0.00020000126810070984,0.0,0.020199941103826596,0.0,0.0,1,1,0,0,0,0,0,0,0.9990981650314331,999098.1650314331
Y2021_LAT23.84558_LON90.43263,2021,90.43262918394738,23.84558099160856,0.667999347166674,0.0085999986824027,0.2516003730162093,0.07180028113471416,0.0,0.0,1,1,0,0,0,0,0,0,0.9991110979537964,999111.0979537964
Y2021_LAT23.84574_LON90.44244,2021,90.44243941341043,23.845744249986087,0.5760998853717862,0.02959997719249571,0.15610008614184245,0.23820005129387561,0.0,0.0,1,1,0,0,0,0,0,0,0.9991239779205322,999123.9779205322
Y2021_LAT23.84591_LON90.45225,2021,90.45224973051488,23.845906884744103,0.38619946241918185,0.015400052583609774,0.2656004847725027,0.3328000002247057,0.0,0.0,1,1,0,0,0,0,0,1,0.9991368116455078,999136.8116455078
Y2021_LAT23.84607_LON90.46206,2021,90.46206013489734,23.846068895891545,0.005055182093128738,0.1509341952242028,0.4513558247502259,0.19199373944112982,0.0,0.20066105849131274,3,0,0,1,0,0,0,1,0.9684755185241699,968475.5185241699
Y2021_LAT23.84623_LON90.47187,2021,90.47187062633759,23.846230283472785,0.5084156698315087,0.0967089316655183,0.02763119989101927,0.3669930067644922,0.0,0.000251191847461555,1,1,0,0,0,0,0,0,0.39776610844421384,397766.10844421387
Y2021_LAT23.84941_LON90.13817,2021,90.13816651597831,23.84941454562656,0.79838236026819,0.0,0.20161763973181004,0.0,0.0,0.0,1,1,0,0,0,0,0,0,0.17287613026428222,172876.13026428223
Y2021_LAT23.8496_LON90.14797,2021,90.14797463737091,23.84959657766691,0.7043255360518098,0.011444772393049035,0.2842296915551412,0.0,0.0,0.0,1,1,0,0,0,0,0,0,0.9511775594711304,951177.5594711304
Y2021_LAT23.84978_LON90.15778,2021,90.15778285658212,23.84977798661439,0.3084001891180287,0.0011999943074674088,0.6903998165745039,0.0,0.0,0.0,3,0,0,1,0,0,0,0,0.9987304762802124,998730.4762802124
Y2021_LAT23.84996_LON90.16759,2021,90.16759117303923,23.849958772401788,0.44619934467207367,0.0,0.5538006553279263,0.0,0.0,0.0,3,0,0,1,0,0,0,0,0.9987447327651977,998744.7327651978
Y2021_LAT23.85014_LON90.1774,2021,90.17739958660057,23.850138934955222,0.10270010269207336,0.00019999859175967425,0.897099898716167,0.0,0.0,0.0,3,0,0,1,0,0,0,0,0.9987589398117065,998758.9398117065
Y2021_LAT23.85032_LON90.18721,2021,90.18720809689412,23.850318474339787,0.47879940503558316,0.012000048839095546,0.45270023783552776,0.05650030828979352,0.0,0.0,1,1,0,0,0,0,0,1,0.9987730988922119,998773.0988922119
Y2021_LAT23.8505_LON90.19702,2021,90.19701670362862,23.850497390413594,0.39100027064805676,0.017799893164438415,0.5245000403252467,0.06669979586225816,0.0,0.0,3,0,0,1,0,0,0,0,0.9987872066574097,998787.2066574097
Y2021_LAT23.85068_LON90.20683,2021,90.20682540624746,23.850675683339336,0.4636004213196187,0.003000018660262345,0.5159994948689702,0.017400065151148746,0.0,0.0,3,0,0,1,0,0,0,0,0.9988012672271729,998801.2672271729
Y2021_LAT23.85085_LON90.21663,2021,90.21663420470647,23.85085335291274,0.26699945384707213,0.009499970888224947,0.506299828894294,0.21720074637040904,0.0,0.0,3,0,0,1,0,0,0,0,0.9988152804870606,998815.2804870605
Y2021_LAT23.85103_LON90.22644,2021,90.22644309841827,23.851030399220175,0.26289993999258754,0.0,0.7304001047649642,0.006699955242448303,0.0,0.0,3,0,0,1,0,0,0,0,0.9988292404785156,998829.2404785156
Y2021_LAT23.85121_LON90.23625,2021,90.23625208732818,23.851206822175524,0.4869003165852883,0.0005000029570264795,0.42039910239718814,0.09220057806049704,0.0,0.0,1,1,0,0,0,0,0,1,0.9988431528472901,998843.15284729
Y2021_LAT23.85138_LON90.24606,2021,90.24606117077748,23.851382621866343,0.9255004755606895,0.0,0.0,0.0744995244393105,0.0,0.0,1,1,0,0,0,0,0,0,0.9988570172042847,998857.0172042847
Y2021_LAT23.85156_LON90.25587,2021,90.25587034877863,23.85155779805272,0.9941000294069091,0.0,0.0,0.005899970593090881,0.0,0.0,1,1,0,0,0,0,0,0,0.9988708315963745,998870.8315963745
Y2021_LAT23.85173_LON90.26568,2021,90.26567962067185,23.851732350935006,0.9774998981222778,0.02250010187772219,0.0,0.0,0.0,0.0,1,1,0,0,0,0,0,0,0.998884598991394,998884.598991394
Y2021_LAT23.85191_LON90.27549,2021,90.275488986266,23.85190628031888,0.9777000515187082,0.022299948481291833,0.0,0.0,0.0,0.0,1,1,0,0,0,0,0,0,0.9988983131103516,998898.3131103516
Y2021_LAT23.85208_LON90.2853,2021,90.28529844528776,23.85207958628689,0.7781996411027001,0.22060035192048594,0.0012000069768139231,0.0,0.0,0.0,1,1,0,0,0,0,0,0,0.9989119817733765,998911.9817733765
Y2021_LAT23.85225_LON90.29511,2021,90.29510799736741,23.852252268768797,0.5039994387533195,0.3805002534579996,0.11550030778868088,0.0,0.0,0.0,1,1,0,0,0,0,0,0,0.9989255994567872,998925.5994567871
Y2021_LAT23.85242_LON90.30492,2021,90.30491764209752,23.85242432778987,0.5702005177669037,0.047299916988827476,0.3824995652442688,0.0,0.0,0.0,1,1,0,0,0,0,0,0,0.9989391692886352,998939.1692886353
Y2021_LAT23.8526_LON90.31473,2021,90.31472737912624,23.852595763293294,0.9227999269869146,0.02110004783606191,0.05610002517702354,0.0,0.0,0.0,1,1,0,0,0,0,0,0,0.9989526890029907,998952.6890029907
Y2021_LAT23.85277_LON90.32454,2021,90.32453720834886,23.85276657516604,0.38659930945428367,0.033599922461158026,0.5016005704827935,0.07820019760176486,0.0,0.0,3,0,0,1,0,0,0,0,0.9989661597442627,998966.1597442627
Y2021_LAT23.85294_LON90.33435,2021,90.334347129107,23.85293676359464,0.30929969876556795,0.0,0.5732000205051798,0.08950029026660272,0.0,0.027999990462649504,3,0,0,1,0,0,0,0,0.99897958177948,998979.58177948
Y2021_LAT23.85311_LON90.34416,2021,90.34415714128566,23.85310632834217,0.4540999462505061,0.0019000102147468231,0.09609954552820581,0.4475004990222431,0.0003999989842981905,0.0,1,1,0,0,0,0,0,1,0.9989929579925537,998992.9579925537
Y2021_LAT23.85328_LON90.35397,2021,90.35396724451219,23.853275269547233,0.5480997471855936,0.015900100190511572,0.010200062308148084,0.4258000903157467,0.0,0.0,1,1,0,0,0,0,0,0,0.9990062775421142,999006.2775421143
Y2021_LAT23.85344_LON90.36378,2021,90.36377743835727,23.85344358714176,0.45070062552843554,0.16939987657449873,0.1314000574679501,0.24839944079636564,9.999963274997731e-05,0.0,1,1,0,0,0,0,0,1,0.9990195532989502,999019.5532989502
Y2021_LAT23.85361_LON90.37359,2021,90.37358772264568,23.853611280975656,0.8856004116868951,0.05389975002471852,0.004199973836347079,0.056299864452039425,0.0,0.0,1,1,0,0,0,0,0,0,0.9990327780685425,999032.7780685425
Y2021_LAT23.85378_LON90.3834,2021,90.38339809685728,23.853778351178395,0.896399984408477,0.07260011204887362,0.0015999979449265729,0.029399905597722775,0.0,0.0,1,1,0,0,0,0,0,0,0.9990459542541504,999045.9542541504
Y2021_LAT23.85394_LON90.39321,2021,90.3932085608357,23.853944797669996,0.2604000457339804,0.6695999585371587,0.0,0.00959998590971583,0.0,0.06040000981914501,2,0,1,0,0,0,0,0,0.9990590819549561,999059.081954956
Y2021_LAT23.85411_LON90.40302,2021,90.40301911406132,23.8541106204841,0.9901000601417692,0.009899939858230837,0.0,0.0,0.0,0.0,1,1,0,0,0,0,0,0,0.9990721604995727,999072.1604995728
Y2021_LAT23.85428_LON90.41283,2021,90.41282975646459,23.85427581947158,0.9745999897789585,0.0030999846106332545,0.0,0.022300025610408346,0.0,0.0,1,1,0,0,0,0,0,0,0.9990851894989013,999085.1894989014
Y2021_LAT23.85444_LON90.42264,2021,90.42264048732822,23.85444039471085,0.9946999770080066,0.0,0.0,0.00530002299199342,0.0,0.0,1,1,0,0,0,0,0,0,0.9990981697387695,999098.1697387695
Y2021_LAT23.8546_LON90.43245,2021,90.43245130676237,23.85460434618494,0.9241996366725367,0.008400029786822982,0.013100057512724349,0.054300276027915984,0.0,0.0,1,1,0,0,0,0,0,0,0.9991110994720459,999111.0994720459
Y2021_LAT23.85477_LON90.44226,2021,90.44226221400886,23.854767673863886,0.4479998821429708,0.006600014907996822,0.28670042661903733,0.258699676329995,0.0,0.0,1,1,0,0,0,0,0,1,0.9991239810028076,999123.9810028076
Y2021_LAT23.85493_LON90.45207,2021,90.45207320908156,23.854930377638144,0.603600706659524,0.032799985252987135,0.16049925101950221,0.20310005706798664,0.0,0.0,1,1,0,0,0,0,0,0,0.9991368138504029,999136.8138504028
Y2021_LAT23.85509_LON90.46188,2021,90.46188429141417,23.855092457552743,0.41183501009328277,0.018524045819920284,0.23921125320631492,0.30649847967781496,0.0,0.02393121120266715,1,1,0,0,0,0,0,1,0.9978506957702636,997850.6957702637
Y2021_LAT23.85525_LON90.4717,2021,90.47169546076705,23.8552539135842,0.06726626278859849,0.0,0.543605241048451,0.38912849616295053,0.0,0.0,3,0,0,1,0,0,0,0,0.2554849187927246,255484.9187927246
Y2021_LAT23.85825_LON90.12816,2021,90.1281595165627,23.85825295405436,0.0,0.0,1.0,0.0,0.0,0.0,3,0,0,1,0,0,0,0,0.01428132363128662,14281.323631286621
Y2021_LAT23.85844_LON90.13797,2021,90.13796821733465,23.858435686653383,0.7291335152804015,0.0040655513465544645,0.26133785538369714,0.005463077989346865,0.0,0.0,1,1,0,0,0,0,0,0,0.7860791742477417,786079.1742477417
Y2021_LAT23.85862_LON90.14778,2021,90.14777701605465,23.858617795927742,0.632299101155817,0.03179990976112815,0.3359009890830549,0.0,0.0,0.0,1,1,0,0,0,0,0,0,0.9987161750564575,998716.1750564575
Y2021_LAT23.8588_LON90.15759,2021,90.15758591263823,23.858799281843947,0.16219976343196119,0.0011000056026578844,0.8367002309653809,0.0,0.0,0.0,3,0,0,1,0,0,0,0,0.99873047971344,998730.4797134399
Y2021_LAT23.85898_LON90.16739,2021,90.16739490654933,23.858980144268955,0.052599767505127105,0.0,0.947300231792091,0.00010000070278189621,0.0,0.0,3,0,0,1,0,0,0,0,0.9987447357635498,998744.7357635498
Y2021_LAT23.85916_LON90.1772,2021,90.17720399753132,23.85916038322108,0.15529952113096257,0.02139994410253044,0.8076005750782259,0.015699959688281043,0.0,0.0,3,0,0,1,0,0,0,0,0.9987589415435791,998758.9415435791
Y2021_LAT23.85934_LON90.18701,2021,90.18701318533337,23.859339998785764,0.007899960050378569,0.0,0.9921000399496215,0.0,0.0,0.0,3,0,0,1,0,0,0,0,0.9987731014709472,998773.1014709473
Y2021_LAT23.85952_LON90.19682,2021,90.1968224695223,23.85951899083173,9.999994861092416e-05,0.0,0.9999000000513891,0.0,0.0,0.0,3,0,0,1,0,0,0,0,0.9987872106552124,998787.2106552124
Y2021_LAT23.8597_LON90.20663,2021,90.20663184970567,23.859697359340366,0.1935002706679063,0.0,0.7886996931620098,0.017800036170083924,0.0,0.0,3,0,0,1,0,0,0,0,0.9988012703018189,998801.2703018188
Y2021_LAT23.85988_LON90.21644,2021,90.21644132573505,23.859875104366267,0.07899981210022967,0.0,0.7340996316380588,0.18690055626171154,0.0,0.0,3,0,0,1,0,0,0,0,0.9988152824325561,998815.2824325562
Y2021_LAT23.86005_LON90.22625,2021,90.22625089712375,23.86005222573555,0.0,0.0,0.9967000224229651,0.0032999775770349003,0.0,0.0,3,0,0,1,0,0,0,0,0.9988292430114746,998829.2430114746
Y2021_LAT23.86023_LON90.23606,2021,90.23606056358047,23.860228723536842,0.3921006869771774,0.0,0.425398514754533,0.18250079826828955,0.0,0.0,3,0,0,1,0,0,0,1,0.9988431565551757,998843.1565551758
Y2021_LAT23.8604_LON90.24587,2021,90.24587032471145,23.86040459774019,0.5687995963305634,0.004000021353538746,0.3852004545355437,0.041999927780354177,0.0,0.0,1,1,0,0,0,0,0,0,0.9988570200881958,998857.0200881958
Y2021_LAT23.86058_LON90.25568,2021,90.25568018036557,23.860579848309182,0.8949004368404314,0.000499997020951042,0.03579979518287863,0.06879977095573886,0.0,0.0,1,1,0,0,0,0,0,0,0.9988708347930908,998870.8347930908
Y2021_LAT23.86075_LON90.26549,2021,90.26549013001554,23.860754475204757,0.6435995249075129,0.07890020121555245,0.27670027627589355,0.0007999976010412483,0.0,0.0,1,1,0,0,0,0,0,0,0.9988846024093628,998884.6024093628
Y2021_LAT23.86093_LON90.2753,2021,90.27530017327409,23.860928478411353,0.22689983434881433,0.017800060151897626,0.755300105499288,0.0,0.0,0.0,3,0,0,1,0,0,0,0,0.9988983164825439,998898.316482544
Y2021_LAT23.8611_LON90.28511,2021,90.28511031017463,23.86110185790649,0.26870075282360434,0.27779985196701246,0.45349939520938326,0.0,0.0,0.0,3,0,0,1,0,0,0,1,0.9989119842910766,998911.9842910767
Y2021_LAT23.86127_LON90.29492,2021,90.29492053998196,23.861274613670293,0.3435994876805771,0.15309988587969497,0.49740064598019396,0.005899980459534024,0.0,0.0,3,0,0,1,0,0,0,1,0.9989256020965576,998925.6020965576
Y2021_LAT23.86145_LON90.30473,2021,90.30473086251274,23.861446745670065,0.6957010130313904,0.1367997999651349,0.16719918735108388,0.00029999965239079813,0.0,0.0,1,1,0,0,0,0,0,0,0.9989391711807251,998939.1711807251
Y2021_LAT23.86162_LON90.31454,2021,90.31454127752333,23.86161825385268,0.8800995281805245,0.057200260476507225,0.055700167359228364,0.005400033485599243,0.0,0.0016000104981407914,1,1,0,0,0,0,0,0,0.9989526912155151,998952.6912155151
Y2021_LAT23.86179_LON90.32435,2021,90.32435178451567,23.861789138329993,0.8028999536340008,0.17450010277863107,0.016099982834107966,0.0011999930158783103,0.0,0.005299967737381637,1,1,0,0,0,0,0,0,0.9989661628494263,998966.1628494263
Y2021_LAT23.86196_LON90.33416,2021,90.33416238322182,23.861959398862254,0.17169949545311566,0.10469958174166623,0.39230096706394857,0.28239999434238366,0.0,0.04889996139888601,3,0,0,1,0,0,0,1,0.9989795853881835,998979.5853881836
Y2021_LAT23.86213_LON90.34397,2021,90.3439730733091,23.862129035637217,0.0867003773445709,0.19560042178858936,0.532398580823332,0.1845006150412168,0.0007000044333280727,0.00010000056896286203,3,0,0,1,0,0,0,0,0.9989929580688477,998992.9580688477
Y2021_LAT23.8623_LON90.35378,2021,90.3537838545608,23.86229804845084,0.925600299175739,0.005999964483841438,0.0,0.06839973634041956,0.0,0.0,1,1,0,0,0,0,0,0,0.999006280960083,999006.280960083
Y2021_LAT23.86247_LON90.36359,2021,90.3635947263993,23.862466437383123,0.8120001670728633,0.09290012853465754,0.0026999987684641785,0.09239970562401503,0.0,0.0,1,1,0,0,0,0,0,0,0.9990195557250977,999019.5557250977
Y2021_LAT23.86263_LON90.37341,2021,90.37340568866655,23.862634202412984,0.7110001257551318,0.10939967810329476,0.0,0.17920019862262912,0.0,0.00039999751894427056,1,1,0,0,0,0,0,0,0.9990327812652587,999032.7812652588
Y2021_LAT23.8628_LON90.38322,2021,90.38321674099215,23.862801343461857,0.8526003743756623,0.0038999981821088866,0.0,0.14349962744222888,0.0,0.0,1,1,0,0,0,0,0,0,0.9990459580001831,999045.9580001831
Y2021_LAT23.86297_LON90.39303,2021,90.39302788297688,23.862967860621602,0.9299999751640857,0.02539999633322437,0.0,0.019199996773917653,0.0,0.02540003172877227,1,1,0,0,0,0,0,0,0.9990590836410522,999059.0836410522
Y2021_LAT23.86313_LON90.40284,2021,90.40283911440984,23.86313375376649,1.0,0.0,0.0,0.0,0.0,0.0,1,1,0,0,0,0,0,0,0.9990721621627807,999072.1621627808
Y2021_LAT23.8633_LON90.41265,2021,90.41265043476572,23.86329902286202,1.0,0.0,0.0,0.0,0.0,0.0,1,1,0,0,0,0,0,0,0.9990851920700073,999085.1920700073
Y2021_LAT23.86346_LON90.42246,2021,90.42246184397733,23.863463667901403,1.0,0.0,0.0,0.0,0.0,0.0,1,1,0,0,0,0,0,0,0.99909817162323,999098.17162323
Y2021_LAT23.86363_LON90.43227,2021,90.43227334149898,23.86362768893338,0.9867999216721196,0.0,0.0,0.013200078327880421,0.0,0.0,1,1,0,0,0,0,0,0,0.9991111030197144,999111.1030197144
Y2021_LAT23.86379_LON90.44208,2021,90.44208492704509,23.863791085843058,0.9705999405713909,0.007200043296320629,0.010200043523379583,0.011999972608909004,0.0,0.0,1,1,0,0,0,0,0,0,0.9991239834213257,999123.9834213257
Y2021_LAT23.86395_LON90.4519,2021,90.4518966002369,23.863953858680702,0.8789002411056015,0.04429987349749682,0.007299963801298571,0.06949992159560307,0.0,0.0,1,1,0,0,0,0,0,0,0.9991368160934448,999136.8160934448
Y2021_LAT23.86412_LON90.46171,2021,90.46170836094092,23.864116007374196,0.6983993425804819,0.09259994163005586,0.17160061496367499,0.037400100825787326,0.0,0.0,1,1,0,0,0,0,0,0,0.9991496009216309,999149.6009216309
Y2021_LAT23.86428_LON90.47152,2021,90.4715202084976,23.864277531886,0.08231596630618791,0.0008515446690520856,0.5455573652044068,0.32671072071976714,0.04456440310058609,0.0,3,0,0,1,0,0,0,0,0.7040084608383179,704008.4608383179
Y2021_LAT23.86709_LON90.11815,2021,90.11815116225434,23.86709057165913,0.6923076602128397,0.0,0.3076923397871603,0.0,0.0,0.0,1,1,0,0,0,0,0,0,0.0025965678787231447,2596.5678787231445
Y2021_LAT23.86727_LON90.12796,2021,90.12796044215904,23.867274005416917,0.34523278668289853,0.008344947082423788,0.6464222662346777,0.0,0.0,0.0,3,0,0,1,0,0,0,0,0.6462517286682129,646251.7286682129
Y2021_LAT23.86746_LON90.13777,2021,90.13776982052174,23.867456815575864,0.5458002320487042,0.06909995172537269,0.35519991730321626,0.02989989892270683,0.0,0.0,1,1,0,0,0,0,0,0,0.9987018231048584,998701.8231048584
Y2021_LAT23.86764_LON90.14758,2021,90.14757929699556,23.86763900211706,0.28679983033889916,0.1669004714946495,0.5462996981664513,0.0,0.0,0.0,3,0,0,1,0,0,0,0,0.9987161775817871,998716.1775817871
Y2021_LAT23.86782_LON90.15739,2021,90.15738887130888,23.867820564896334,0.09390004581184626,0.076399620517804,0.8222003576929848,0.007499975977364915,0.0,0.0,3,0,0,1,0,0,0,0,0.998730481666565,998730.4816665649
Y2021_LAT23.868_LON90.1672,2021,90.16719854295404,23.868001504038673,0.14559950951595513,0.0,0.8544004904840449,0.0,0.0,0.0,3,0,0,1,0,0,0,0,0.9987447389678955,998744.7389678955
Y2021_LAT23.86818_LON90.17701,2021,90.17700831176992,23.868181819566637,0.05170018349998345,9.999985273166099e-05,0.9457998149109015,0.0024000017363834582,0.0,0.0,3,0,0,1,0,0,0,0,0.9987589476623535,998758.9476623535
Y2021_LAT23.86836_LON90.18682,2021,90.18681817732606,23.868361511226762,0.12129992647357327,0.0012000070273932388,0.8775000664990334,0.0,0.0,0.0,3,0,0,1,0,0,0,0,0.9987731045761108,998773.1045761108
Y2021_LAT23.86854_LON90.19663,2021,90.19662813932348,23.868540579182,0.2556999263269482,0.0017999911646538703,0.7425000825083979,0.0,0.0,0.0,3,0,0,1,0,0,0,0,0.9987872130584717,998787.2130584717
Y2021_LAT23.86872_LON90.20644,2021,90.20643819748497,23.868719023351957,0.27320048696525034,0.0,0.6431994086054843,0.08360010442926533,0.0,0.0,3,0,0,1,0,0,0,0,0.9988012739715576,998801.2739715576
Y2021_LAT23.8689_LON90.21625,2021,90.21624835134534,23.868896843680513,0.1703996101668199,0.0,0.8286003950326689,0.000999994800511217,0.0,0.0,3,0,0,1,0,0,0,0,0.9988152824401856,998815.2824401855
Y2021_LAT23.86907_LON90.22606,2021,90.22605860068604,23.86907404025717,0.22120087055417456,0.0,0.7717991680029216,0.0,0.0,0.0069999614429038775,3,0,0,1,0,0,0,0,0.9988292463455201,998829.24634552
Y2021_LAT23.86925_LON90.23587,2021,90.23586894514035,23.869250612924038,0.49759899167462857,0.000599998821480573,0.30450142056356705,0.1972995889403238,0.0,0.0,1,1,0,0,0,0,0,1,0.9988431586227416,998843.1586227417
Y2021_LAT23.86943_LON90.24568,2021,90.24567938423829,23.86942656165754,0.15670052335707607,0.015500093713152877,0.8261993727441546,0.0014000088073902477,0.00020000137822628108,0.0,3,0,0,1,0,0,0,0,0.9988570236053467,998857.0236053467
Y2021_LAT23.8696_LON90.25549,2021,90.25548991786187,23.86960188653584,0.8759005659090451,0.038999928331160706,0.0779995478113812,0.0067999599917107295,0.00029999795670233653,0.0,1,1,0,0,0,0,0,0,0.9988708373184204,998870.8373184204
Y2021_LAT23.86978_LON90.2653,2021,90.26530054560041,23.869776587524374,0.4359991003927305,0.35870090155376666,0.09309990984732845,0.10770008808225308,0.004500000123921333,0.0,1,1,0,0,0,0,0,1,0.9988846041793823,998884.6041793823
Y2021_LAT23.86995_LON90.27511,2021,90.27511126699628,23.869950664526883,0.20709974158775274,0.3479997575336304,0.4165005767769145,0.02839992410170236,0.0,0.0,3,0,0,1,0,0,0,1,0.9988983200454712,998898.3200454712
Y2021_LAT23.87012_LON90.28492,2021,90.28492208194724,23.870124117603833,0.8473006333439658,0.00689997500821818,0.14389939398418067,0.0018999976636353748,0.0,0.0,1,1,0,0,0,0,0,0,0.998911987701416,998911.987701416
Y2021_LAT23.8703_LON90.29473,2021,90.29473298987483,23.87029694660796,0.9331996344653372,0.03160014814510694,0.03520021738955595,0.0,0.0,0.0,1,1,0,0,0,0,0,0,0.9989256048049927,998925.6048049927
Y2021_LAT23.87047_LON90.30454,2021,90.30454399062427,23.87046915158999,0.6259010873353575,0.1074996866686478,0.20739923520516587,0.05919999079082883,0.0,0.0,1,1,0,0,0,0,0,0,0.9989391748046875,998939.1748046875
Y2021_LAT23.87064_LON90.31436,2021,90.31435508377945,23.870640732568653,0.6423992916768339,0.008399982527379541,0.316300824484477,0.03289990131130956,0.0,0.0,1,1,0,0,0,0,0,0,0.9989526946411132,998952.6946411133
Y2021_LAT23.87081_LON90.32417,2021,90.32416626898653,23.870811689406047,0.3929987403412995,0.07870009951550536,0.5283011601431952,0.0,0.0,0.0,3,0,0,1,0,0,0,0,0.9989661659317016,998966.1659317017
Y2021_LAT23.87098_LON90.33398,2021,90.33397754595464,23.87098202223192,0.1460000804467281,0.17490040095105194,0.5634992343376626,0.11560028426455733,0.0,0.0,3,0,0,1,0,0,0,0,0.9989795879440307,998979.5879440308
Y2021_LAT23.87115_LON90.34379,2021,90.34378891436967,23.87115173086457,0.30139999990071786,0.35380014445547026,0.3197998170765306,0.025000038567281252,0.0,0.0,2,0,1,0,0,0,0,1,0.9989929580688477,998992.9580688477
Y2021_LAT23.87132_LON90.3536,2021,90.3536003738261,23.871320815399113,0.6935010027116814,0.1114998285412887,0.053199752834930183,0.14169941621123736,9.999970086241025e-05,0.0,1,1,0,0,0,0,0,0,0.9990062843017579,999006.2843017578
Y2021_LAT23.87149_LON90.36341,2021,90.3634119239931,23.871489275819783,0.9241003026130724,0.0061999600445861325,0.0,0.06969973734234149,0.0,0.0,1,1,0,0,0,0,0,0,0.9990195586929321,999019.5586929321
Y2021_LAT23.87166_LON90.37322,2021,90.37322356466466,23.871657111953418,0.9006997215191269,0.004000013194585745,0.0,0.09530026528628734,0.0,0.0,1,1,0,0,0,0,0,0,0.9990327839508056,999032.7839508057
Y2021_LAT23.87182_LON90.38304,2021,90.3830352954085,23.871824323942175,0.9888000678880468,0.001699990403730063,0.0,0.009499941708223244,0.0,0.0,1,1,0,0,0,0,0,0,0.9990459603805542,999045.9603805542
Y2021_LAT23.87199_LON90.39285,2021,90.39284711576238,23.871990911643305,0.9499999901862312,0.0,0.0,0.05000000981376881,0.0,0.0,1,1,0,0,0,0,0,0,0.9990590876617431,999059.0876617432
Y2021_LAT23.87216_LON90.40266,2021,90.40265902563388,23.872156875110026,1.0,0.0,0.0,0.0,0.0,0.0,1,1,0,0,0,0,0,0,0.9990721655502319,999072.1655502319
Y2021_LAT23.87232_LON90.41247,2021,90.41247102448115,23.87232221434821,1.0,0.0,0.0,0.0,0.0,0.0,1,1,0,0,0,0,0,0,0.9990851946334839,999085.1946334839
Y2021_LAT23.87249_LON90.42228,2021,90.42228311228459,23.872486929258873,1.0,0.0,0.0,0.0,0.0,0.0,1,1,0,0,0,0,0,0,0.9990981738357544,999098.1738357544
Y2021_LAT23.87265_LON90.4321,2021,90.43209528816465,23.872651019847073,1.0,0.0,0.0,0.0,0.0,0.0,1,1,0,0,0,0,0,0,0.999111104347229,999111.104347229
Y2021_LAT23.87281_LON90.44191,2021,90.44190755230505,23.872814486063863,0.9304996977029076,0.019000068579890422,0.043100207549462075,0.007400026167739873,0.0,0.0,1,1,0,0,0,0,0,0,0.9991239868850708,999123.9868850708
Y2021_LAT23.87298_LON90.45172,2021,90.45171990412088,23.87297732796217,0.6359992251932614,0.007599978231234009,0.26620095356927675,0.09019984300622776,0.0,0.0,1,1,0,0,0,0,0,0,0.999136818145752,999136.818145752
Y2021_LAT23.87314_LON90.46153,2021,90.46153234339499,23.873139545423033,0.15294123248089225,0.008120808019274683,0.7847992581278256,0.05413870137200752,0.0,0.0,3,0,0,1,0,0,0,0,0.9596829937896728,959682.9937896729
Y2021_LAT23.8733_LON90.47134,2021,90.47134486957339,23.87330113850181,0.17518925736876864,0.02979095638681763,0.48199178652716873,0.3130279997172451,0.0,0.0,3,0,0,1,0,0,0,1,0.224710787109375,224710.787109375
Y2021_LAT23.87611_LON90.11795,2021,90.11795131140572,23.876111533191573,0.8873406209376807,0.015127336657137695,0.09275499221896641,0.0047770501862151185,0.0,0.0,1,1,0,0,0,0,0,0,0.5017347626647949,501734.7626647949
Y2021_LAT23.8763_LON90.12776,2021,90.12776126930459,23.87629504467789,0.886799703101631,0.007200004341208426,0.10470029023664039,0.0013000023205202275,0.0,0.0,1,1,0,0,0,0,0,0,0.9986874227905274,998687.4227905273
Y2021_LAT23.87648_LON90.13757,2021,90.13757132562863,23.87647793234283,0.5570996380359299,0.15730027510438127,0.28250008724195164,0.0030999996177372468,0.0,0.0,1,1,0,0,0,0,0,0,0.9987018266220092,998701.8266220093
Y2021_LAT23.87666_LON90.14738,2021,90.14738148015802,23.876660196036052,0.16109954368660445,0.06259995770331439,0.775400497369335,0.000900001240746183,0.0,0.0,3,0,0,1,0,0,0,0,0.9987161812820434,998716.1812820435
Y2021_LAT23.87684_LON90.15719,2021,90.15719173245301,23.876841835856744,0.06080013973854504,0.0,0.9252998841385867,0.013899976122868345,0.0,0.0,3,0,0,1,0,0,0,0,0.9987304861221313,998730.4861221313
Y2021_LAT23.87702_LON90.167,2021,90.1670020822725,23.877022851766043,0.24020020921719903,0.0027000147622926814,0.7421997142045345,0.014900061815973852,0.0,0.0,3,0,0,1,0,0,0,0,0.9987447427978515,998744.7427978516
Y2021_LAT23.8772_LON90.17681,2021,90.1768125292479,23.877203243636924,0.16230034909290364,0.0,0.8346996562106755,0.0029999946964209233,0.0,0.0,3,0,0,1,0,0,0,0,0.998758950012207,998758.950012207
Y2021_LAT23.87738_LON90.18662,2021,90.18662307287266,23.877383011559388,0.4128992303643367,0.0,0.5871007696356634,0.0,0.0,0.0,3,0,0,1,0,0,0,0,0.9987731086196899,998773.1086196899
Y2021_LAT23.87756_LON90.19643,2021,90.19643371308563,23.877562155447613,0.07329995041437128,0.0005000020622812215,0.9006000102149901,0.02560003730835731,0.0,0.0,3,0,0,1,0,0,0,0,0.9987872164993287,998787.2164993286
Y2021_LAT23.87774_LON90.20624,2021,90.20624444951497,23.87774067529816,0.10440010002775774,0.0017999878715774101,0.8874999538550358,0.00629995824562908,0.0,0.0,3,0,0,1,0,0,0,0,0.9988012771224976,998801.2771224976
Y2021_LAT23.87792_LON90.21606,2021,90.21605528152162,23.877918571034517,0.03289987508978817,0.0,0.9462002255181644,0.020899899392047377,0.0,0.0,3,0,0,1,0,0,0,0,0.9988152876358032,998815.2876358032
Y2021_LAT23.8781_LON90.22587,2021,90.22586620914839,23.87809584265005,0.29540104571521547,0.0,0.702798942096374,0.0018000121884105174,0.0,0.0,3,0,0,1,0,0,0,0,0.9988292495346069,998829.2495346069
Y2021_LAT23.87827_LON90.23568,2021,90.2356772318903,23.878272490204925,0.48139919629868194,0.0647003351044168,0.2708010477971706,0.17249936945148936,0.010600051348241258,0.0,1,1,0,0,0,0,0,1,0.9988431631622314,998843.1631622314
Y2021_LAT23.87845_LON90.24549,2021,90.24548834935878,23.87844851361742,0.2817006791865957,0.04209981054516852,0.6699995048053283,0.006200005462907471,0.0,0.0,3,0,0,1,0,0,0,0,0.9988570266036987,998857.0266036987
Y2021_LAT23.87862_LON90.2553,2021,90.25529956130038,23.87862391286281,0.8297005954196309,0.05829990285234851,0.10569947012189,0.006300031606130581,0.0,0.0,1,1,0,0,0,0,0,0,0.998870839920044,998870.839920044
Y2021_LAT23.8788_LON90.26511,2021,90.26511086741313,23.87879868783402,0.40419925749252494,0.3943012084423336,0.17279966255023388,0.028699871514907566,0.0,0.0,1,1,0,0,0,0,0,1,0.9988846053848267,998884.6053848267
Y2021_LAT23.87897_LON90.27492,2021,90.2749222672763,23.878972838658918,0.2113997089444479,0.31289936361369525,0.4757009274418568,0.0,0.0,0.0,3,0,0,1,0,0,0,1,0.9988983231964111,998898.3231964111
Y2021_LAT23.87915_LON90.28473,2021,90.28473376064218,23.87914636522047,0.3623006855800573,0.0022999897702137306,0.635399324649729,0.0,0.0,0.0,3,0,0,1,0,0,0,0,0.9989119898910522,998911.9898910522
Y2021_LAT23.87932_LON90.29455,2021,90.29454534703868,23.879319267562146,1.0,0.0,0.0,0.0,0.0,0.0,1,1,0,0,0,0,0,0,0.9989256082839966,998925.6082839966
Y2021_LAT23.87949_LON90.30436,2021,90.30435702627162,23.87949154556289,0.9947999976534005,0.005200002346599432,0.0,0.0,0.0,0.0,1,1,0,0,0,0,0,0,0.998939177810669,998939.177810669
Y2021_LAT23.87966_LON90.31417,2021,90.3141687979401,23.87966319926252,0.7621991203875319,0.14620044205809804,0.09160043755437006,0.0,0.0,0.0,1,1,0,0,0,0,0,0,0.998952697265625,998952.697265625
Y2021_LAT23.87983_LON90.32398,2021,90.32398066168815,23.879834228672898,0.6722990276181237,0.07170010830228461,0.25260086625192135,0.00339999782767056,0.0,0.0,1,1,0,0,0,0,0,0,0.9989661686553956,998966.1686553955
Y2021_LAT23.88_LON90.33379,2021,90.33379261727517,23.8800046336642,0.8661999155892235,0.02800002161305759,0.05739984354419925,0.04840021925351968,0.0,0.0,1,1,0,0,0,0,0,0,0.9989795902862549,998979.5902862549
Y2021_LAT23.88017_LON90.3436,2021,90.34360466428737,23.88017441428874,0.4270990048381319,0.023200008851381976,0.10880016810752377,0.38840078652051385,0.007400025492591055,0.04510000618985772,1,1,0,0,0,0,0,1,0.9989929580688477,998992.9580688477
Y2021_LAT23.88034_LON90.35342,2021,90.35341680239053,23.880343570500127,0.327733902556665,0.006650361903583519,0.02076769014607407,0.4113860323858607,0.2320619342791031,0.0014000787287137637,4,0,0,0,1,0,0,1,0.856248426498413,856248.4264984131
Y2021_LAT23.88051_LON90.36323,2021,90.3632290312946,23.880512102303292,0.9605001816172966,0.010999971307821831,0.0017000027855236994,0.02519985427123929,0.0,0.0015999900181186489,1,1,0,0,0,0,0,0,0.9990195611114502,999019.5611114502
Y2021_LAT23.88068_LON90.37304,2021,90.37304135059024,23.880680009676105,0.9547000727322212,0.0,0.0,0.045299927267778796,0.0,0.0,1,1,0,0,0,0,0,0,0.9990327866134644,999032.7866134644
Y2021_LAT23.88085_LON90.38285,2021,90.38285375997341,23.880847292532742,1.0,0.0,0.0,0.0,0.0,0.0,1,1,0,0,0,0,0,0,0.9990459630889893,999045.9630889893
Y2021_LAT23.88101_LON90.39267,2021,90.3926662592164,23.88101395091788,0.9245529498256814,0.004074666696138921,0.000131440842385788,0.07124094263579389,0.0,0.0,1,1,0,0,0,0,0,0,0.7600832523422241,760083.2523422241
Y2021_LAT23.88118_LON90.40248,2021,90.40247884781476,23.881179984723175,0.9944803661345937,0.0,0.0,0.005519633865406301,0.0,0.0,1,1,0,0,0,0,0,0,0.524912664932251,524912.664932251
Y2021_LAT23.88135_LON90.41229,2021,90.41229152548857,23.881345394028912,0.9883017257516422,0.0,0.0,0.011698274248357753,0.0,0.0,1,1,0,0,0,0,0,0,0.7430201359024048,743020.1359024048
Y2021_LAT23.88151_LON90.4221,2021,90.42210429199648,23.881510178827096,0.9906999731854937,0.00930002681450631,0.0,0.0,0.0,0.0,1,1,0,0,0,0,0,0,0.9990981781158448,999098.1781158447
Y2021_LAT23.88167_LON90.43192,2021,90.43191714687842,23.88167433892366,1.0,0.0,0.0,0.0,0.0,0.0,1,1,0,0,0,0,0,0,0.999111107849121,999111.1078491211
Y2021_LAT23.88184_LON90.44173,2021,90.4417300898672,23.881837874453563,0.9694999459026757,0.004600028683632425,0.00029999994770657073,0.02560002546598524,0.0,0.0,1,1,0,0,0,0,0,0,0.9991239890594482,999123.9890594482
Y2021_LAT23.882_LON90.45154,2021,90.45154312060482,23.882000785354826,0.5960994610361121,0.03559982625664766,0.24510064408137786,0.12320006862586237,0.0,0.0,1,1,0,0,0,0,0,0,0.9991368210678101,999136.8210678101
Y2021_LAT23.88216_LON90.46136,2021,90.46135623874355,23.882163071670725,0.3443475595225929,0.0011337910127401376,0.4154513426085797,0.23906730685608732,0.0,0.0,3,0,0,1,0,0,0,1,0.6168735284347534,616873.5284347534
Y2021_LAT23.88495_LON90.10794,2021,90.1079408243858,23.884948269152503,0.5454545635043316,0.0,0.4545454364956684,0.0,0.0,0.0,1,1,0,0,0,0,0,0,0.01867504242706299,18675.04242706299
Y2021_LAT23.88513_LON90.11775,2021,90.11775136173655,23.885132482546023,0.672444446700604,0.11658352629865656,0.08857445813784814,0.1223975688628913,0.0,0.0,1,1,0,0,0,0,0,0,0.9448448193359374,944844.8193359375
Y2021_LAT23.88532_LON90.12756,2021,90.12756199790492,23.88531607182513,0.6905993412414589,0.007699986344570142,0.2910007171093495,0.008599969105921422,0.002099986198699966,0.0,1,1,0,0,0,0,0,0,0.998687426574707,998687.426574707
Y2021_LAT23.8855_LON90.13737,2021,90.13737273262448,23.885499036974014,0.04639980646914964,0.0,0.8824004752240876,0.07119971830676279,0.0,0.0,3,0,0,1,0,0,0,0,0.9987018291778564,998701.8291778564
Y2021_LAT23.88568_LON90.14718,2021,90.14718356554981,23.885681377994782,0.2582010036463166,0.0,0.7342989734381214,0.0075000229155620796,0.0,0.0,3,0,0,1,0,0,0,0,0.9987161847610474,998716.1847610474
Y2021_LAT23.88586_LON90.15699,2021,90.15699449619838,23.88586309480321,0.47339934173445436,0.0003999987388775074,0.5151006915741276,0.011099967952540512,0.0,0.0,3,0,0,1,0,0,0,0,0.9987304895019531,998730.4895019531
Y2021_LAT23.88604_LON90.16681,2021,90.16680552442375,23.88604418734486,0.2631996435388788,0.004400008771019625,0.7323003471105471,0.00010000057955439238,0.0,0.0,3,0,0,1,0,0,0,0,0.9987447457885742,998744.7457885742
Y2021_LAT23.88622_LON90.17662,2021,90.17661664989039,23.886224655769425,0.17220085978412839,0.0,0.8204991031660649,0.007300037049806756,0.0,0.0,3,0,0,1,0,0,0,0,0.9987589513015747,998758.9513015747
Y2021_LAT23.8864_LON90.18643,2021,90.18642787194865,23.886404499819488,0.6185988903171898,0.0010999986922324901,0.38030111099057773,0.0,0.0,0.0,1,1,0,0,0,0,0,0,0.9987731115264893,998773.1115264893
Y2021_LAT23.88658_LON90.19624,2021,90.19623919080364,23.886583719668685,0.5927005895431048,0.0,0.40729941045689516,0.0,0.0,0.0,1,1,0,0,0,0,0,0,0.9987872189865112,998787.2189865112
Y2021_LAT23.88676_LON90.20605,2021,90.20605060561063,23.886762315116666,0.2608997223831979,9.99998691340524e-05,0.7390002777476681,0.0,0.0,0.0,3,0,0,1,0,0,0,0,0.9988012796249389,998801.279624939
Y2021_LAT23.88694_LON90.21586,2021,90.21586211628791,23.886940286283938,0.13720020256384657,0.0,0.8627997974361534,0.0,0.0,0.0,3,0,0,1,0,0,0,0,0.9988152931594849,998815.2931594849
Y2021_LAT23.88712_LON90.22567,2021,90.22567372246279,23.887117633117875,0.5484004043654082,0.01039995920510813,0.35759922937923067,0.08360040705025305,0.0,0.0,1,1,0,0,0,0,0,0,0.9988292523956299,998829.2523956299
Y2021_LAT23.88729_LON90.23549,2021,90.23548542389499,23.887294355553557,0.5117999009726762,0.006599997870629321,0.3250005355984656,0.15659956555822885,0.0,0.0,1,1,0,0,0,0,0,0,0.9988431650543212,998843.1650543213
Y2021_LAT23.88747_LON90.2453,2021,90.24529721995884,23.88747045352495,0.5296996926773739,0.11130026389588486,0.3567000319748795,0.0023000114518617236,0.0,0.0,1,1,0,0,0,0,0,0,0.9988570294494629,998857.0294494629
Y2021_LAT23.88765_LON90.25511,2021,90.25510911064661,23.887645927094212,0.7334005681870479,0.22359960299022394,0.03429982329250983,0.00870000553021833,0.0,0.0,1,1,0,0,0,0,0,0,0.9988708434371948,998870.8434371948
Y2021_LAT23.88782_LON90.26492,2021,90.26492109544404,23.887820776227763,0.747599211500447,0.13910054975536243,0.05080000450035354,0.06250023424383726,0.0,0.0,1,1,0,0,0,0,0,0,0.9988846057662963,998884.6057662964
Y2021_LAT23.888_LON90.27473,2021,90.27473317411365,23.88799500083301,0.272599175165862,0.22739945751358714,0.4813012872708326,0.018700080049718255,0.0,0.0,3,0,0,1,0,0,0,1,0.9988983257446289,998898.3257446289
Y2021_LAT23.88817_LON90.28455,2021,90.28454534613876,23.888168600941068,0.10870043215533574,0.0,0.8912995678446642,0.0,0.0,0.0,3,0,0,1,0,0,0,0,0.9989119933242798,998911.9933242798
Y2021_LAT23.88834_LON90.29436,2021,90.2943576114211,23.888341576523093,0.9084005068594261,0.0,0.0915994931405739,0.0,0.0,0.0,1,1,0,0,0,0,0,0,0.9989256113128662,998925.6113128662
Y2021_LAT23.88851_LON90.30417,2021,90.30416996947874,23.888513927549504,1.0,0.0,0.0,0.0,0.0,0.0,1,1,0,0,0,0,0,0,0.9989391795883179,998939.1795883179
Y2021_LAT23.88869_LON90.31398,2021,90.31398242003155,23.888685654084437,0.9863999671073729,0.013600032892627133,0.0,0.0,0.0,0.0,1,1,0,0,0,0,0,0,0.9989527007904053,998952.7007904053
Y2021_LAT23.88886_LON90.32379,2021,90.32379496267446,23.888856755916844,0.9830999034028001,0.004000025849874963,0.012900070747324993,0.0,0.0,0.0,1,1,0,0,0,0,0,0,0.9989661718521118,998966.1718521118
Y2021_LAT23.88903_LON90.33361,2021,90.33360759717443,23.889027233146987,0.37019861930270764,0.029799960003220802,0.4995011217010725,0.10020029854964044,0.00030000044335859536,0.0,3,0,0,1,0,0,0,1,0.9989795925750733,998979.5925750732
Y2021_LAT23.8892_LON90.34342,2021,90.34342032308831,23.88919708579177,0.00500002290239706,0.0,0.2829994059962376,0.5390002782522563,0.17300029284910914,0.0,4,0,0,0,1,0,0,0,0.998992962890625,998992.962890625
Y2021_LAT23.88937_LON90.35323,2021,90.35323314018162,23.889366313710504,0.0,0.0,0.5868395278830538,0.24687578693886242,0.16628468517808376,0.0,3,0,0,1,0,0,0,0,0.3917101365890503,391710.1365890503
Y2021_LAT23.88953_LON90.36305,2021,90.36304604804593,23.889534916892327,0.8172312108007153,0.026656228822523314,0.04307732365484131,0.08604181867470354,0.026993418047216625,0.0,1,1,0,0,0,0,0,0,0.8882287384490967,888228.7384490967
Y2021_LAT23.8897_LON90.37286,2021,90.37285904640676,23.889702895410892,0.9387002796823807,0.04159980493126161,0.0006999955395281018,0.01899991984682959,0.0,0.0,1,1,0,0,0,0,0,0,0.9990327898025513,999032.7898025513
Y2021_LAT23.88987_LON90.38267,2021,90.38267213491461,23.88987024920516,1.0,0.0,0.0,0.0,0.0,0.0,1,1,0,0,0,0,0,0,0.9464959260177612,946495.9260177612
Y2021_LAT23.89004_LON90.39249,2021,90.39248531317736,23.890036978215416,0.8456505822043252,0.0,0.004263791438586887,0.15008562635708794,0.0,0.0,1,1,0,0,0,0,0,0,0.3514677157211304,351467.7157211304
Y2021_LAT23.89037_LON90.41211,2021,90.41211193771267,23.890368561891528,0.08000001710538648,0.0,0.0,0.9199999828946135,0.0,0.0,4,0,0,0,1,0,0,0,0.002497728385925293,2497.728385925293
Y2021_LAT23.89053_LON90.42193,2021,90.42192538340866,23.890533416462034,0.4522852194382453,0.4296166214529035,0.0,0.11809815910885119,0.0,0.0,1,1,0,0,0,0,0,1,0.27325393497467043,273253.9349746704
Y2021_LAT23.8907_LON90.43174,2021,90.4317389174173,23.89069764620837,0.8926794756819818,0.051672830684847286,0.04372321652749259,0.011924477105678398,0.0,0.0,1,1,0,0,0,0,0,0,0.9048953443069458,904895.3443069458
Y2021_LAT23.89086_LON90.44155,2021,90.44155253969976,23.890861251127227,0.6416000940293554,0.0413001133011043,0.1846000211142314,0.132499771555309,0.0,0.0,1,1,0,0,0,0,0,0,0.9991239922561646,999123.9922561646
Y2021_LAT23.89102_LON90.45137,2021,90.45136624966206,23.891024231067785,0.36390064359269125,0.06829996004257498,0.4954992175369035,0.07230017882783021,0.0,0.0,3,0,0,1,0,0,0,1,0.9991368239059448,999136.8239059448
Y2021_LAT23.89119_LON90.46118,2021,90.46118004704978,23.89118658605238,0.07507133679730131,0.0016832124534687386,0.6699212626842735,0.25332418806495643,0.0,0.0,3,0,0,1,0,0,0,0,0.5935932569046021,593593.256904602
Y2021_LAT23.89397_LON90.10774,2021,90.10774009725942,23.893969128205097,0.5809902538390233,0.03291916355787644,0.3804223876546744,0.005668194948425916,0.0,0.0,1,1,0,0,0,0,0,0,0.4580860647506714,458086.0647506714
Y2021_LAT23.89415_LON90.11755,2021,90.11755131324067,23.894153419720762,0.3853999501253893,0.025099909095790997,0.3809992767093198,0.20850086406949989,0.0,0.0,1,1,0,0,0,0,0,1,0.9986729763031006,998672.9763031006
Y2021_LAT23.89434_LON90.12736,2021,90.12736262809105,23.894337086837012,0.44680001117103485,0.004099988225786977,0.5215001632463462,0.024799854971444085,0.002799982385387891,0.0,3,0,0,1,0,0,0,0,0.9986874301147461,998687.4301147461
Y2021_LAT23.89452_LON90.13717,2021,90.13717404147403,23.894520129493834,0.27549923828225825,0.0017999904056937893,0.6803008278246442,0.042299943118133225,0.0,0.0001000003692705737,3,0,0,1,0,0,0,0,0.9987018327178955,998701.8327178955
Y2021_LAT23.8947_LON90.14699,2021,90.14698555296566,23.89470254771746,0.3482001779992621,0.005100026209096951,0.5986000407038905,0.04809975508775057,0.0,0.0,3,0,0,1,0,0,0,0,0.9987161870193482,998716.1870193481
Y2021_LAT23.89488_LON90.1568,2021,90.15679716252203,23.894884341551684,0.35790015508407,0.04269978040686386,0.5994000645090661,0.0,0.0,0.0,3,0,0,1,0,0,0,0,0.9987304916152954,998730.4916152954
Y2021_LAT23.89507_LON90.16661,2021,90.16660886942951,23.895065510930642,0.07930012478609341,0.0015999964340003383,0.9190998787799063,0.0,0.0,0.0,3,0,0,1,0,0,0,0,0.9987447491455078,998744.7491455078
Y2021_LAT23.89525_LON90.17642,2021,90.17642067361078,23.895246055751066,0.3323004932701496,0.04100016565884463,0.6266993410710058,0.0,0.0,0.0,3,0,0,1,0,0,0,0,0.9987589559249878,998758.9559249878
Y2021_LAT23.89543_LON90.18623,2021,90.18623257462549,23.895425976084976,0.434299133594393,0.056599812568585824,0.5091010538370212,0.0,0.0,0.0,3,0,0,1,0,0,0,0,0.9987731140823364,998773.1140823364
Y2021_LAT23.89561_LON90.19604,2021,90.19604457221276,23.895605271762815,0.19849988092957635,0.0017999961959877775,0.7997001228744358,0.0,0.0,0.0,3,0,0,1,0,0,0,0,0.998787222946167,998787.222946167
Y2021_LAT23.89578_LON90.20586,2021,90.20585666596335,23.895783942940227,0.4622003618375739,0.0,0.537799638162426,0.0,0.0,0.0,3,0,0,1,0,0,0,0,0.998801282836914,998801.2828369141
Y2021_LAT23.89596_LON90.21567,2021,90.21566885558094,23.89596198955111,0.756000112851958,0.00010000044426564245,0.24389988670377638,0.0,0.0,0.0,1,1,0,0,0,0,0,0,0.9988152952728272,998815.2952728271
Y2021_LAT23.89614_LON90.22548,2021,90.22548114066961,23.896139411474614,0.5488007818732231,0.0,0.3830988815031316,0.06810033662364523,0.0,0.0,1,1,0,0,0,0,0,0,0.9988292551498413,998829.2551498413
Y2021_LAT23.89632_LON90.23529,2021,90.23529352095693,23.896316208759604,0.7107997752230184,0.007200045616094105,0.1150006524238652,0.16699952673702229,0.0,0.0,1,1,0,0,0,0,0,0,0.9988431686019897,998843.1686019897
Y2021_LAT23.89649_LON90.24511,2021,90.24510599620038,23.8964923814092,0.6390000877633203,0.0659002850892189,0.22769954473212942,0.06740008241533144,0.0,0.0,1,1,0,0,0,0,0,0,0.9988570328216553,998857.0328216553
Y2021_LAT23.89667_LON90.25492,2021,90.25491856579885,23.89666792931216,0.47070087950609624,0.22539949407142618,0.13329980401240507,0.1705998224100725,0.0,0.0,1,1,0,0,0,0,0,1,0.9988708466033935,998870.8466033936
Y2021_LAT23.89684_LON90.26473,2021,90.26473122968167,23.896842852476585,0.6934996315675177,0.06730000924813723,0.16450022023028393,0.07470013895406127,0.0,0.0,1,1,0,0,0,0,0,0,0.9988846136016846,998884.6136016846
Y2021_LAT23.89702_LON90.27454,2021,90.27454398739351,23.89701715097527,0.2946988911052457,0.042299783242073834,0.6518013844324756,0.011199941220204861,0.0,0.0,3,0,0,1,0,0,0,0,0.9988983276214599,998898.32762146
Y2021_LAT23.89719_LON90.28436,2021,90.28435683859396,23.89719082467666,0.00840005566148766,0.0,0.9915999443385123,0.0,0.0,0.0,3,0,0,1,0,0,0,0,0.9989119959106445,998911.9959106445
Y2021_LAT23.89736_LON90.29417,2021,90.29416978297067,23.89736387356079,0.9692001921393573,0.0,0.030799807860642712,0.0,0.0,0.0,1,1,0,0,0,0,0,0,0.9989256138076782,998925.6138076782
Y2021_LAT23.89754_LON90.30398,2021,90.30398282021284,23.897536297686035,0.8084994033212916,0.19080059244514108,0.0007000042335674225,0.0,0.0,0.0,1,1,0,0,0,0,0,0,0.9989391837692261,998939.1837692261
Y2021_LAT23.89771_LON90.3138,2021,90.31379594998613,23.897708096881722,0.695001040631896,0.30499895936810395,0.0,0.0,0.0,0.0,1,1,0,0,0,0,0,0,0.9989527031784058,998952.7031784058
Y2021_LAT23.89788_LON90.32361,2021,90.32360917176304,23.897879271249717,1.0,0.0,0.0,0.0,0.0,0.0,1,1,0,0,0,0,0,0,0.9989661745147705,998966.1745147705
Y2021_LAT23.89805_LON90.33342,2021,90.33342248560791,23.89804982071534,0.4848988381864052,0.09470014792492487,0.14070065736072576,0.25970030791281573,0.01950005062913493,0.0004999979859934503,1,1,0,0,0,0,0,1,0.998979594581604,998979.594581604
Y2021_LAT23.89822_LON90.34324,2021,90.34323589076368,23.898219745291847,0.027508493453873656,0.03162924402786269,0.8069945315951094,0.13364498976353614,0.00022274115961813586,0.0,3,0,0,1,0,0,0,0,0.8969952746124268,896995.2746124268
Y2021_LAT23.89839_LON90.35305,2021,90.35304938719793,23.8983890449456,0.0,0.0,0.8342696715794126,0.1657303284205874,0.0,0.0,3,0,0,1,0,0,0,0,0.0355644084777832,35564.4084777832
Y2021_LAT23.89856_LON90.36286,2021,90.36286297439925,23.898557719634137,0.13750010239330818,0.0,0.0,0.8624998976066918,0.0,0.0,4,0,0,0,1,0,0,0,0.007992201301574707,7992.201301574707
Y2021_LAT23.89873_LON90.37268,2021,90.37267665208984,23.898725769381308,0.736455831428933,0.06997753343030066,0.0,0.19356663514076633,0.0,0.0,1,1,0,0,0,0,0,0,0.1770288427734375,177028.8427734375
Y2021_LAT23.89889_LON90.38249,2021,90.38249041995805,23.898893194050075,0.8791115046018698,0.00548245144872418,0.0,0.11540604394940604,0.0,0.0,1,1,0,0,0,0,0,0,0.36445165724182127,364451.6572418213
Y2021_LAT23.89972_LON90.43156,2021,90.43156059994247,23.899720941671603,0.7756896281265322,0.02506260301622253,0.14786939856011627,0.05137837029712895,0.0,0.0,1,1,0,0,0,0,0,0,0.07972941591644288,79729.41591644287
Y2021_LAT23.89988_LON90.44137,2021,90.44137490170496,23.89988461582114,0.4437924862043123,0.04009531686799325,0.1746619259730964,0.3407179393886061,0.0007323315659919223,0.0,1,1,0,0,0,0,0,1,0.5457212988891602,545721.2988891602
Y2021_LAT23.90005_LON90.45119,2021,90.45118929121746,23.900047664867294,0.007260704259396596,0.0,0.5399344170698724,0.452804878670731,0.0,0.0,3,0,0,1,0,0,0,0,0.15136885875701905,151368.85875701904
Y2021_LAT23.90021_LON90.461,2021,90.46100376824633,23.900210088725718,0.0,0.0,0.8625954745622679,0.13740452543773213,0.0,0.0,3,0,0,1,0,0,0,0,0.0392664382019043,39266.4382019043
Y2021_LAT23.90262_LON90.08792,2021,90.0879157791817,23.902619362338964,0.2710843532134609,0.16265058790408465,0.5662650588824544,0.0,0.0,0.0,3,0,0,1,0,0,0,0,0.016577361328125,16577.361328125
Y2021_LAT23.9028_LON90.09773,2021,90.09772747525341,23.902804981119317,0.3268206134142501,0.051509696127002715,0.5751922932131671,0.04647739724558007,0.0,0.0,3,0,0,1,0,0,0,0,0.6746843717803955,674684.3717803955
Y2021_LAT23.90299_LON90.10754,2021,90.10753927086296,23.902989975272064,0.6165407734891514,0.0067574472142974875,0.321936349531514,0.05476542976503712,0.0,0.0,1,1,0,0,0,0,0,0,0.9901699400253295,990169.9400253296
Y2021_LAT23.90317_LON90.11735,2021,90.117351165922,23.90317434474127,0.6070998083800282,0.08570004271534117,0.28120007542768494,0.025900074137677347,9.999933926830716e-05,0.0,1,1,0,0,0,0,0,0,0.9986729803848267,998672.9803848267
Y2021_LAT23.90336_LON90.12716,2021,90.12716315965166,23.903358089657306,0.43129997122137986,0.00019999981794646725,0.5603000461727707,0.008199982787902956,0.0,0.0,3,0,0,1,0,0,0,0,0.998687432510376,998687.432510376
Y2021_LAT23.90354_LON90.13698,2021,90.1369752521041,23.903541209896854,0.3251005395391747,0.002100013653661433,0.5908994874384431,0.08189995936872076,0.0,0.0,3,0,0,1,0,0,0,0,0.9987018356704712,998701.8356704712
Y2021_LAT23.90372_LON90.14679,2021,90.14678744263458,23.903723705509165,0.45259880263149205,0.006399996378859449,0.5086011219509741,0.03230007832715699,0.00010000071151754805,0.0,3,0,0,1,0,0,0,0,0.998716191078186,998716.191078186
Y2021_LAT23.90391_LON90.1566,2021,90.15659973118292,23.903905576283538,0.5273012259835831,0.02069993121885806,0.42039901516387934,0.03149982822461463,9.999940906502174e-05,0.0,1,1,0,0,0,0,0,0,0.9987304959640503,998730.4959640503
Y2021_LAT23.90409_LON90.16641,2021,90.16641211732265,23.904086822345192,0.40549952549900753,0.032800145495859585,0.5617003290051329,0.0,0.0,0.0,3,0,0,1,0,0,0,0,0.9987447528152466,998744.7528152466
Y2021_LAT23.90427_LON90.17622,2021,90.17622460057505,23.904267443647793,0.39550013147325647,0.03299985021877097,0.536700046073079,0.03479997223489359,0.0,0.0,3,0,0,1,0,0,0,0,0.9987589600906372,998758.9600906372
Y2021_LAT23.90445_LON90.18604,2021,90.18603718066718,23.904447440157497,0.8698994444187418,0.0043000245871197,0.12580053099413863,0.0,0.0,0.0,1,1,0,0,0,0,0,0,0.9987731175460816,998773.1175460815
Y2021_LAT23.90463_LON90.19585,2021,90.19584985746877,23.90462681183442,0.41049850385223174,0.007899984264213008,0.5816015118835552,0.0,0.0,0.0,3,0,0,1,0,0,0,0,0.9987872256698609,998787.2256698608
Y2021_LAT23.90481_LON90.20566,2021,90.20566263040493,23.904805558715854,0.604899898862458,0.042099896773595394,0.33630014982347206,0.016700054540474542,0.0,0.0,1,1,0,0,0,0,0,0,0.9988012863616943,998801.2863616943
Y2021_LAT23.90498_LON90.21548,2021,90.21547549934206,23.90498368074312,0.9489003183645337,0.003599978259155631,0.04749970337631072,0.0,0.0,0.0,1,1,0,0,0,0,0,0,0.9988152954101562,998815.2954101562
Y2021_LAT23.90516_LON90.22529,2021,90.22528846368476,23.905161177870863,0.9059998455107071,0.015799984139831805,0.0,0.07820017034946113,0.0,0.0,1,1,0,0,0,0,0,0,0.9988292584915162,998829.2584915161
Y2021_LAT23.90534_LON90.2351,2021,90.23510152327206,23.905338050015168,0.7727996156343344,0.07190035654633971,0.008300050311356357,0.14529996727832784,0.0017000102296417094,0.0,1,1,0,0,0,0,0,0,0.9988431716537476,998843.1716537476
Y2021_LAT23.90551_LON90.24491,2021,90.24491467778242,23.905514297286,0.7853010657865344,0.047999751386986804,0.021099877612537843,0.1285993753832152,0.01699992983072585,0.0,1,1,0,0,0,0,0,0,0.9988570357894897,998857.0357894897
Y2021_LAT23.90569_LON90.25473,2021,90.25472792678477,23.905689919539597,0.9281999631111103,0.04429998101019294,0.005700013900976902,0.021800041977719897,0.0,0.0,1,1,0,0,0,0,0,0,0.9988708496475219,998870.849647522
Y2021_LAT23.90586_LON90.26454,2021,90.26454127011213,23.905864916919537,0.6695006034228488,0.11419970339860108,0.13279985254693483,0.08349984063161527,0.0,0.0,1,1,0,0,0,0,0,0,0.9988846176452637,998884.6176452637
Y2021_LAT23.90604_LON90.27435,2021,90.2743547071995,23.906039289179162,0.46479847953970804,0.0,0.5138015671756897,0.02139995328460229,0.0,0.0,3,0,0,1,0,0,0,0,0.9988983308792114,998898.3308792114
Y2021_LAT23.90621_LON90.28417,2021,90.28416823784664,23.90621303643246,0.6754007188655339,0.018399951703789132,0.30619932943067696,0.0,0.0,0.0,1,1,0,0,0,0,0,0,0.9989119991607666,998911.9991607666
Y2021_LAT23.90639_LON90.29398,2021,90.29398186171044,23.9063861586221,1.0,0.0,0.0,0.0,0.0,0.0,1,1,0,0,0,0,0,0,0.9989256173553467,998925.6173553467
Y2021_LAT23.90656_LON90.3038,2021,90.30379557837136,23.906558655724737,0.9131996205629851,0.08630037609607606,0.0,0.0005000033409388256,0.0,0.0,1,1,0,0,0,0,0,0,0.9989391870269776,998939.1870269775
Y2021_LAT23.90673_LON90.31361,2021,90.31360938776986,23.90673052774132,0.8389002306857952,0.09219958544967735,0.0,0.06890018386452751,0.0,0.0,1,1,0,0,0,0,0,0,0.9989527062301635,998952.7062301636
Y2021_LAT23.9069_LON90.32342,2021,90.32342328913411,23.90690177465613,0.7608989293595592,0.1143005061772473,0.07590033954489597,0.038200187917150526,0.010700037001147068,0.0,1,1,0,0,0,0,0,0,0.9989661772537232,998966.1772537231
Y2021_LAT23.90707_LON90.33324,2021,90.333237282474,23.90707239642108,0.03319982232604061,0.17339974821574272,0.00819995618779974,0.6447999608811646,0.13890051936045802,0.0014999930287943129,4,0,0,0,1,0,0,0,0.9989795979690552,998979.5979690552
Y2021_LAT23.90724_LON90.34305,2021,90.3430513673091,23.90724239291627,0.0,0.017188518234027474,0.5668718884124311,0.18012668387603245,0.23581290947750896,0.0,3,0,0,1,0,0,0,0,0.8485438510589599,848543.85105896
Y2021_LAT23.90741_LON90.35287,2021,90.35286554335765,23.907411764313114,0.0,0.0,1.0,0.0,0.0,0.0,3,0,0,1,0,0,0,0,0.003796199546813965,3796.199546813965
Y2021_LAT23.91127_LON90.06809,2021,90.06808904466558,23.91126677102015,0.976695985078169,0.0005937319310806542,0.018405689693393082,0.004304593297357264,0.0,0.0,1,1,0,0,0,0,0,0,0.6727576366119384,672757.6366119385
Y2021_LAT23.91145_LON90.0779,2021,90.07790121972816,23.911453717917812,0.7539066467777259,0.04195396631943438,0.17978359451562828,0.02435579238721141,0.0,0.0,1,1,0,0,0,0,0,0,0.7093154868545533,709315.4868545532
Y2021_LAT23.91164_LON90.08771,2021,90.08771349515781,23.911640040135758,0.7742752316271726,0.07693475667266791,0.14864062420638013,0.0001493874937793878,0.0,0.0,1,1,0,0,0,0,0,0,0.6684832994537353,668483.2994537354
Y2021_LAT23.91183_LON90.09753,2021,90.09752587051575,23.91182573750446,0.6922995365823301,0.028799964925727922,0.22250025878763252,0.05640023970430948,0.0,0.0,1,1,0,0,0,0,0,0,0.9986439320831298,998643.9320831299
Y2021_LAT23.91201_LON90.10734,2021,90.10733834534837,23.912010810047803,0.5209993972027891,0.00019999880106036431,0.4463006844583821,0.03249991953776855,0.0,0.0,1,1,0,0,0,0,0,0,0.9986584829940796,998658.4829940796
Y2021_LAT23.9122_LON90.11715,2021,90.11715091963796,23.91219525767759,0.12039956027176833,0.0,0.8507003393771634,0.01040006422169173,0.01850003612937661,0.0,3,0,0,1,0,0,0,0,0.998672983833313,998672.983833313
Y2021_LAT23.91238_LON90.12696,2021,90.12696359274051,23.91237908044121,0.2854008410277802,0.0,0.3881001955844291,0.3259989634709879,0.0004999999168028774,0.0,3,0,0,1,0,0,0,1,0.9986874372940063,998687.4372940063
Y2021_LAT23.91256_LON90.13678,2021,90.13677636442543,23.912562278162426,0.4817002835509325,0.006899978310323682,0.5063997061996606,0.005000031939083232,0.0,0.0,3,0,0,1,0,0,0,0,0.9987018388595581,998701.8388595581
Y2021_LAT23.91274_LON90.14659,2021,90.1465892344035,23.912744850949142,0.40670133670293257,0.003900018691022157,0.5446987797764612,0.04469986482958408,0.0,0.0,3,0,0,1,0,0,0,0,0.9987161944961548,998716.1944961548
Y2021_LAT23.91293_LON90.1564,2021,90.15640220230281,23.912926798820372,0.7604005532383014,0.0009999966310456812,0.23369947618510287,0.004899973945550111,0.0,0.0,1,1,0,0,0,0,0,0,0.9987304993820191,998730.499382019
Y2021_LAT23.91311_LON90.16622,2021,90.16621526786511,23.91310812164716,0.6009996594662084,0.00020000050017312756,0.3746003445127791,0.024199995520839353,0.0,0.0,1,1,0,0,0,0,0,0,0.9987447556915283,998744.7556915283
Y2021_LAT23.91329_LON90.17603,2021,90.17602843061748,23.913288819419428,0.44560010505314107,0.0006000013614521876,0.5437998963829154,0.009999997202491319,0.0,0.0,3,0,0,1,0,0,0,0,0.998758961654663,998758.9616546631
Y2021_LAT23.91347_LON90.18584,2021,90.1858416902509,23.91346889217719,0.8269004187688608,0.0022999966230289525,0.17079958460811023,0.0,0.0,0.0,1,1,0,0,0,0,0,0,0.9987731206588745,998773.1206588745
Y2021_LAT23.91365_LON90.19566,2021,90.19565504645585,23.91364833989669,0.672799900977302,0.010699965380506715,0.3165001336421913,0.0,0.0,0.0,1,1,0,0,0,0,0,0,0.9987872294082641,998787.2294082642
Y2021_LAT23.91383_LON90.20547,2021,90.20546849906933,23.913827162437812,0.5695008279060891,0.0,0.4048990271028111,0.025600144991099694,0.0,0.0,1,1,0,0,0,0,0,0,0.9988012896499634,998801.2896499634
Y2021_LAT23.91401_LON90.21528,2021,90.21528204752694,23.914005359860333,0.9107999271064531,0.004099975573646934,0.0,0.08510009731990001,0.0,0.0,1,1,0,0,0,0,0,0,0.9988152998352051,998815.2998352051
Y2021_LAT23.91418_LON90.2251,2021,90.2250956914889,23.914182932130917,0.7864998876696265,0.01729995926928658,0.0006000041064478959,0.19560014895463898,0.0,0.0,1,1,0,0,0,0,0,0,0.9988292616500855,998829.2616500854
Y2021_LAT23.91436_LON90.23491,2021,90.23490943068843,23.9143598792406,0.8825002410353857,0.05479991482619107,0.012599919701980739,0.05009992443644252,0.0,0.0,1,1,0,0,0,0,0,0,0.9988431746749878,998843.1746749878
Y2021_LAT23.91454_LON90.24472,2021,90.24472326483668,23.914536201075844,0.7045995921713231,0.04589980783039024,0.15090050117889917,0.09860009881938754,0.0,0.0,1,1,0,0,0,0,0,0,0.9988570379562378,998857.0379562378
Y2021_LAT23.91471_LON90.25454,2021,90.25453719364454,23.914711897814605,0.6917003570141383,0.22169988231339746,0.032499830078672146,0.05409993059379204,0.0,0.0,1,1,0,0,0,0,0,0,0.9988708528442383,998870.8528442383
Y2021_LAT23.91489_LON90.26435,2021,90.26435121656667,23.914886969171487,0.908799813050599,0.02840007637543731,0.048900157656278115,0.01389995291768565,0.0,0.0,1,1,0,0,0,0,0,0,0.9988846194534302,998884.6194534302
Y2021_LAT23.91506_LON90.27417,2021,90.27416533341056,23.915061415326353,0.5151992877067461,0.03890004240617634,0.3963006965239663,0.049599973363111095,0.0,0.0,1,1,0,0,0,0,0,0,0.9988983344268799,998898.3344268799
Y2021_LAT23.91524_LON90.28398,2021,90.28397954394259,23.915235236174293,0.9601002495403639,0.0025999827603540157,0.0372997676992821,0.0,0.0,0.0,1,1,0,0,0,0,0,0,0.9989120019073486,998912.0019073486
Y2021_LAT23.91541_LON90.29379,2021,90.29379384759811,23.915408431741415,1.0,0.0,0.0,0.0,0.0,0.0,1,1,0,0,0,0,0,0,0.9989256195831299,998925.6195831299
Y2021_LAT23.91558_LON90.30361,2021,90.30360824405261,23.91558100194907,1.0,0.0,0.0,0.0,0.0,0.0,1,1,0,0,0,0,0,0,0.9989391888275146,998939.1888275146
Y2021_LAT23.91575_LON90.31342,2021,90.31342273330336,23.91575294667953,0.9541997603877586,0.0,0.008700029885470549,0.0371002097267709,0.0,0.0,1,1,0,0,0,0,0,0,0.9989527085876465,998952.7085876465
Y2021_LAT23.91592_LON90.32324,2021,90.32323731459819,23.915924266079113,0.7853993438825833,0.041900006301318043,0.07720035302327224,0.08210025867522605,0.013400038117600379,0.0,1,1,0,0,0,0,0,0,0.9989661806106568,998966.1806106567
Y2021_LAT23.91609_LON90.33305,2021,90.33305198782428,23.916094960058114,0.02579984082984532,0.0,0.3287993066942916,0.4128001298902669,0.23260072258559628,0.0,4,0,0,0,1,0,0,1,0.9989796017379761,998979.6017379761
Y2021_LAT23.91627_LON90.34287,2021,90.34286675264342,23.91626502868802,0.0,0.0318999090716846,0.6702007803078108,0.19879976853977496,0.09909954208072959,0.0,3,0,0,1,0,0,0,0,0.9989929771194458,998992.9771194458
Y2021_LAT23.91643_LON90.35268,2021,90.35268160865735,23.91643447168935,0.010869569262683891,0.0,0.8822463853768872,0.10688404536042892,0.0,0.0,3,0,0,1,0,0,0,0,0.05514480278015137,55144.80278015137
Y2021_LAT23.92029_LON90.06789,2021,90.06788530166486,23.920287278680778,0.6504061430734134,0.06582760019089405,0.27406257800481765,0.009703678730874911,0.0,0.0,1,1,0,0,0,0,0,0,0.38076738818359374,380767.38818359375
Y2021_LAT23.92047_LON90.0777,2021,90.07769815627326,23.9204743048637,0.38891621693525535,0.027208042338222212,0.5824753211164614,0.0014004196100610624,0.0,0.0,3,0,0,1,0,0,0,0,0.9983151056442261,998315.1056442261
Y2021_LAT23.92066_LON90.08751,2021,90.08751111120989,23.920660705930626,0.2666000464728861,0.002899980005648791,0.49139947510608484,0.2391004984153803,0.0,0.0,3,0,0,1,0,0,0,1,0.9986293348312378,998629.3348312378
Y2021_LAT23.92085_LON90.09732,2021,90.09732416609907,23.920846481884332,0.5051997210456487,0.03119998251919651,0.26460002823325224,0.1830001982463816,0.01600006995552095,0.0,1,1,0,0,0,0,0,0,0.9986439353103638,998643.9353103638
Y2021_LAT23.92103_LON90.10714,2021,90.10713732057745,23.921031632675962,0.5457996054435409,0.011699968607788484,0.346000707879119,0.09559971293989564,0.0,0.0009000051296560119,1,1,0,0,0,0,0,0,0.9986584858169556,998658.4858169556
Y2021_LAT23.92122_LON90.11695,2021,90.11695057441243,23.9212161584309,0.5015006191638319,0.004300006884728164,0.47959936370081324,0.01460001025062664,0.0,0.0,1,1,0,0,0,0,0,0,0.998672987121582,998672.987121582
Y2021_LAT23.9214_LON90.12676,2021,90.12676392713566,23.92140005884229,0.8587001719044237,0.0,0.1412998280955763,0.0,0.0,0.0,1,1,0,0,0,0,0,0,0.9986874396820068,998687.4396820068
Y2021_LAT23.92158_LON90.13658,2021,90.13657737851427,23.92158333424252,0.7192993009057199,0.005800039620307005,0.27090063688046473,0.0040000225935084045,0.0,0.0,1,1,0,0,0,0,0,0,0.9987018422470093,998701.8422470093
Y2021_LAT23.92177_LON90.14639,2021,90.14639092831253,23.921765984405816,0.6031006517436939,0.008299951694037043,0.36329945171748684,0.025299944844782214,0.0,0.0,1,1,0,0,0,0,0,0,0.9987161966629028,998716.1966629028
Y2021_LAT23.92195_LON90.1562,2021,90.15620457582648,23.92194800928787,0.7423991349098137,0.0,0.2502008369916078,0.007400028098578514,0.0,0.0,1,1,0,0,0,0,0,0,0.9987305014724731,998730.5014724731
Y2021_LAT23.92213_LON90.16602,2021,90.16601832120915,23.92212940888181,0.7367002094035784,0.0009000045620703376,0.24699982318085859,0.01539996285349274,0.0,0.0,1,1,0,0,0,0,0,0,0.9987447593765258,998744.7593765259
Y2021_LAT23.92231_LON90.17583,2021,90.1758321637197,23.922310183174623,0.5549992895257236,0.0,0.44280071317697606,0.002099997476747551,9.999982055290395e-05,0.0,1,1,0,0,0,0,0,0,0.9987589638748169,998758.9638748169
Y2021_LAT23.92249_LON90.18565,2021,90.18564610317314,23.922490332105067,0.5519000496648725,0.05570001504579393,0.38349987844227906,0.008900056847054517,0.0,0.0,1,1,0,0,0,0,0,0,0.9987731231384277,998773.1231384277
Y2021_LAT23.92267_LON90.19546,2021,90.19546013933434,23.922669855775112,0.35290004060894464,0.07039969965765394,0.5490003284999261,0.027699931233475354,0.0,0.0,3,0,0,1,0,0,0,0,0.9987872323913575,998787.2323913574
Y2021_LAT23.92285_LON90.20527,2021,90.20527427174963,23.92284875408763,0.920900322399545,0.0026999890464409577,0.0424997593041235,0.033899929249890534,0.0,0.0,1,1,0,0,0,0,0,0,0.9988012920913696,998801.2920913696
Y2021_LAT23.92303_LON90.21509,2021,90.21508850003481,23.923027026919705,0.8198994650733303,0.007500044691522299,0.1551004827391033,0.017500007496044065,0.0,0.0,1,1,0,0,0,0,0,0,0.9988153057174682,998815.3057174683
Y2021_LAT23.9232_LON90.2249,2021,90.22490282406788,23.92320467432769,0.5907993031723675,0.00889996396893394,0.18090057465663562,0.2194001582020631,0.0,0.0,1,1,0,0,0,0,0,0,0.9988292643814087,998829.2643814087
Y2021_LAT23.92338_LON90.23472,2021,90.23471724324297,23.923381696391417,0.8153003998059888,0.00919998872649714,0.1485995500459689,0.026900061421545125,0.0,0.0,1,1,0,0,0,0,0,0,0.9988431780700684,998843.1780700684
Y2021_LAT23.92356_LON90.24453,2021,90.24453175737668,23.923558092970506,0.6718996458874426,0.06269999064877546,0.1222001716283479,0.14320019183543425,0.0,0.0,1,1,0,0,0,0,0,0,0.9988570416564941,998857.0416564941
Y2021_LAT23.92373_LON90.25435,2021,90.25434636613188,23.923733864000745,0.9831001066356437,0.0001999987003467738,0.007299952417534884,0.009399942246474634,0.0,0.0,1,1,0,0,0,0,0,0,0.9988708555526733,998870.8555526733
Y2021_LAT23.92391_LON90.26416,2021,90.26416106918333,23.92390900959236,0.9444998192513195,0.0037000206415465624,0.0,0.05180016010713397,0.0,0.0,1,1,0,0,0,0,0,0,0.9988846206436157,998884.6206436157
Y2021_LAT23.92408_LON90.27398,2021,90.27397586616041,23.924083529555933,0.8811002406380779,0.030499898695605772,0.000899996069486582,0.0874998645968298,0.0,0.0,1,1,0,0,0,0,0,0,0.9988983375778199,998898.3375778198
Y2021_LAT23.92426_LON90.28379,2021,90.28379075668033,23.92425742400911,1.0,0.0,0.0,0.0,0.0,0.0,1,1,0,0,0,0,0,0,0.9989120052108764,998912.0052108765
Y2021_LAT23.92443_LON90.29361,2021,90.29360574058808,23.924430692811434,0.9512001381528961,0.04879986184710391,0.0,0.0,0.0,0.0,1,1,0,0,0,0,0,0,0.9989256228027343,998925.6228027344
Y2021_LAT23.9246_LON90.30342,2021,90.30342081724636,23.924603336051717,1.0,0.0,0.0,0.0,0.0,0.0,1,1,0,0,0,0,0,0,0.998939193069458,998939.193069458
Y2021_LAT23.92478_LON90.31324,2021,90.31323598658379,23.924775353693278,0.8642994493118458,0.015600055811529985,0.09910037712642142,0.020000112838053124,0.0010000049121497469,0.0,1,1,0,0,0,0,0,0,0.9989527117080689,998952.7117080688
Y2021_LAT23.92495_LON90.32305,2021,90.32305124818397,23.924946745615596,0.9356997212729518,0.004499972553591828,0.009900002364349975,0.0,0.04990030380910646,0.0,1,1,0,0,0,0,0,0,0.998966182685852,998966.182685852
Y2021_LAT23.92512_LON90.33287,2021,90.33286660165298,23.925117511913353,0.06149966577917924,0.004400005282874748,0.2723999138007329,0.2791003473456299,0.38260006779158323,0.0,5,0,0,0,0,1,0,1,0.9989796053619385,998979.6053619385
Y2021_LAT23.92529_LON90.34268,2021,90.34268204675328,23.925287652394083,0.003000019486023017,0.0,0.8570002474453806,0.08679999117152945,0.05319974189706687,0.0,3,0,0,1,0,0,0,0,0.998992977142334,998992.977142334
Y2021_LAT23.92546_LON90.3525,2021,90.35249758308623,23.925457167267773,0.1117057103006728,0.0,0.08160539979047783,0.8066888899088493,0.0,0.0,4,0,0,0,1,0,0,0,0.1493506028060913,149350.6028060913
Y2021_LAT23.92931_LON90.06768,2021,90.06768145809569,23.929307774073976,0.36355979467089417,0.09574453396149063,0.5406956713676152,0.0,0.0,0.0,3,0,0,1,0,0,0,0,0.5913717108001709,591371.7108001709
Y2021_LAT23.92949_LON90.07749,2021,90.07749499252702,23.929494879382744,0.5883294839906976,0.03272951354727822,0.37503750191143465,0.0039035005505893283,0.0,0.0,1,1,0,0,0,0,0,0,0.9977159447555543,997715.9447555542
Y2021_LAT23.92968_LON90.08731,2021,90.087308627227,23.929681359353225,0.24009954689763538,0.042099885369545995,0.6420002852406845,0.07580028249213415,0.0,0.0,3,0,0,1,0,0,0,0,0.9986293389053345,998629.3389053345
Y2021_LAT23.92987_LON90.09712,2021,90.09712236204335,23.929867213933377,0.45279998797407295,0.006900004326198926,0.4875002564098335,0.05279975128989456,0.0,0.0,3,0,0,1,0,0,0,1,0.9986439389495849,998643.938949585
Y2021_LAT23.93005_LON90.10694,2021,90.10693619648808,23.93005244316714,0.22669990625131262,0.0001000005764026754,0.7644000867740591,0.008800006398225622,0.0,0.0,3,0,0,1,0,0,0,0,0.9986584893112183,998658.4893112183
Y2021_LAT23.93024_LON90.11675,2021,90.11675013021846,23.930237046914957,0.1080002151967924,0.002800016779013334,0.8770996964136231,0.01210007161057122,0.0,0.0,3,0,0,1,0,0,0,0,0.9986729912338257,998672.9912338257
Y2021_LAT23.93042_LON90.12656,2021,90.12656416296095,23.930421025345918,0.3057997133094322,0.018099916167369647,0.675900371944864,0.00019999857833417735,0.0,0.0,3,0,0,1,0,0,0,0,0.9986874426269531,998687.4426269531
Y2021_LAT23.9306_LON90.13638,2021,90.13637829439352,23.93060437825002,0.33810055360325525,0.0023999938519370756,0.6581994519773682,0.0013000005674396581,0.0,0.0,3,0,0,1,0,0,0,0,0.9987018451461792,998701.8451461792
Y2021_LAT23.93079_LON90.14619,2021,90.1461925241393,23.93078710563794,0.38759978578743,0.015600040411710234,0.5311003341583479,0.06569983964251194,0.0,0.0,3,0,0,1,0,0,0,0,0.9987162007827759,998716.2007827759
Y2021_LAT23.93097_LON90.15601,2021,90.15600685180057,23.93096920752683,0.750099696363379,0.011400007689915195,0.1985003095076222,0.03999998643908331,0.0,0.0,1,1,0,0,0,0,0,0,0.9987305057907104,998730.5057907104
Y2021_LAT23.93115_LON90.16582,2021,90.16582127721317,23.93115068394927,0.7408999000314387,0.017000067570366793,0.19439997960552804,0.04770005279266658,0.0,0.0,1,1,0,0,0,0,0,0,0.998744762435913,998744.7624359131
Y2021_LAT23.93133_LON90.17564,2021,90.17563579988057,23.931331534773076,0.4332003914312032,0.019400092511542677,0.48069922389264197,0.06670029216461212,0.0,0.0,3,0,0,1,0,0,0,1,0.9987589701919556,998758.9701919556
Y2021_LAT23.93151_LON90.18545,2021,90.18545041952031,23.931511760021223,0.37719999548756683,0.008099986715849244,0.461100176128838,0.15359984166774587,0.0,0.0,3,0,0,1,0,0,0,1,0.9987731265258789,998773.1265258789
Y2021_LAT23.93169_LON90.19527,2021,90.1952651358384,23.93169135961054,0.43830051365722095,0.05200007159702318,0.47769938715382165,0.03200002759193419,0.0,0.0,3,0,0,1,0,0,0,1,0.9987872357025146,998787.2357025146
Y2021_LAT23.93187_LON90.20508,2021,90.2050799485535,23.931870333553213,0.8277991023217196,0.003799994646480355,0.1598008831188144,0.008600019912985694,0.0,0.0,1,1,0,0,0,0,0,0,0.9988012953414916,998801.2953414917
Y2021_LAT23.93205_LON90.21489,2021,90.21489485700756,23.932048681916946,0.27120028497505894,0.0008000041400365056,0.7053996419555882,0.022600068929316285,0.0,0.0,3,0,0,1,0,0,0,0,0.9988153076171875,998815.3076171875
Y2021_LAT23.93223_LON90.22471,2021,90.2247098613294,23.932226404588842,0.42610014454618256,0.0,0.40619925929272094,0.16770059616109653,0.0,0.0,1,1,0,0,0,0,0,1,0.9988292678375245,998829.2678375244
Y2021_LAT23.9324_LON90.23452,2021,90.23452496077734,23.93240350150703,0.40710004348264495,0.1971004670537713,0.28429985965946913,0.11149962980411478,0.0,0.0,1,1,0,0,0,0,0,1,0.9988431803054809,998843.180305481
Y2021_LAT23.93258_LON90.24434,2021,90.24434015536129,23.932579972702,0.5255996452712514,0.0743998700454435,0.38490039467024734,0.015100090013057805,0.0,0.0,1,1,0,0,0,0,0,0,0.998857044090271,998857.044090271
Y2021_LAT23.93276_LON90.25416,2021,90.25415544442185,23.932755818203784,0.8699006452586509,0.0026999994625981536,0.10199949592979612,0.025399859348954928,0.0,0.0,1,1,0,0,0,0,0,0,0.9988708591003418,998870.8591003418
Y2021_LAT23.93293_LON90.26397,2021,90.26397082788185,23.93293103780714,0.9323996206315387,0.06750037868487802,0.0,0.00010000068358334701,0.0,0.0,1,1,0,0,0,0,0,0,0.9988846207656861,998884.620765686
Y2021_LAT23.93311_LON90.27379,2021,90.2737863052287,23.933105631695824,0.9583002466944172,0.02469984247308981,9.999937884450662e-05,0.01689991145364834,0.0,0.0,1,1,0,0,0,0,0,0,0.9988983403320313,998898.3403320312
Y2021_LAT23.93328_LON90.2836,2021,90.28360187622492,23.933279599675004,0.9969999916058727,0.0,0.0,0.003000008394127254,0.0,0.0,1,1,0,0,0,0,0,0,0.9989120075531006,998912.0075531006
Y2021_LAT23.93345_LON90.29342,2021,90.29341754061193,23.933452941930838,1.0,0.0,0.0,0.0,0.0,0.0,1,1,0,0,0,0,0,0,0.9989256260299683,998925.6260299683
Y2021_LAT23.93363_LON90.30323,2021,90.30323329778979,23.93362565818366,0.987299922354038,0.012700077645962003,0.0,0.0,0.0,0.0,1,1,0,0,0,0,0,0,0.9989391955184936,998939.1955184937
Y2021_LAT23.9338_LON90.31305,2021,90.31304914771525,23.933797748639137,0.9894999973595088,0.010500002640491177,0.0,0.0,0.0,0.0,1,1,0,0,0,0,0,0,0.9989527146606445,998952.7146606445
Y2021_LAT23.93397_LON90.32287,2021,90.32286508978149,23.933969213145012,0.8313993846490783,0.03199996380999835,0.0559001632168859,0.007600048845696988,0.07310043947834051,0.0,1,1,0,0,0,0,0,0,0.9989661852340698,998966.1852340698
Y2021_LAT23.93414_LON90.33268,2021,90.33268112394374,23.93414005168791,0.0,0.0,0.0010000029769298467,0.021599874334283942,0.9774001226887862,0.0,5,0,0,0,0,1,0,0,0.9989796082000733,998979.6082000732
Y2021_LAT23.93431_LON90.3425,2021,90.34249724964799,23.9343102642848,0.0002003419008720921,0.0,0.8884103750155709,0.05459307816028256,0.05679620492327449,0.0,3,0,0,1,0,0,0,0,0.9972946778945923,997294.6778945923
Y2021_LAT23.93448_LON90.35231,2021,90.35231346652779,23.93447985089774,0.13746954347104037,0.0,0.09854008817059826,0.7639903683583613,0.0,0.0,4,0,0,0,1,0,0,0,0.08211785152435302,82117.85152435303
Y2021_LAT23.93833_LON90.06748,2021,90.06747751374381,23.938328257289868,0.38277466555209977,0.19445710480595094,0.42276822964194927,0.0,0.0,0.0,3,0,0,1,0,0,0,1,0.6342125400848388,634212.5400848389
Y2021_LAT23.93852_LON90.07729,2021,90.07729172849382,23.938515441780826,0.13569979064764856,0.0,0.8643002093523514,0.0,0.0,0.0,3,0,0,1,0,0,0,0,0.9986146943588257,998614.6943588257
Y2021_LAT23.9387_LON90.08711,2021,90.08710604327219,23.93870200062673,0.09510035049741099,0.006099997085154984,0.7452992932783382,0.15350035913909588,0.0,0.0,3,0,0,1,0,0,0,0,0.9986293424148559,998629.342414856
Y2021_LAT23.93889_LON90.09692,2021,90.09692045835139,23.93888793381668,0.041299730311277705,0.0,0.779400488539493,0.17929978114922937,0.0,0.0,3,0,0,1,0,0,0,0,0.9986439419403076,998643.9419403076
Y2021_LAT23.93907_LON90.10673,2021,90.10673497305355,23.93907324143512,0.3341011694701435,0.022399996625306808,0.6434988339045496,0.0,0.0,0.0,3,0,0,1,0,0,0,0,0.9986584921340942,998658.4921340942
Y2021_LAT23.93926_LON90.11655,2021,90.1165495870376,23.93925792338812,0.30140030108446675,0.001700003145014365,0.6713996333773552,0.02550006239316369,0.0,0.0,3,0,0,1,0,0,0,0,0.9986729939346314,998672.9939346313
Y2021_LAT23.93944_LON90.12636,2021,90.1263643001284,23.939441979566045,0.3326997720238961,0.0,0.6673002279761039,0.0,0.0,0.0,3,0,0,1,0,0,0,0,0.9986874462356568,998687.4462356567
Y2021_LAT23.93963_LON90.13618,2021,90.1361791119022,23.939625410110324,0.2503007606586496,0.001300008927440759,0.7483992304139097,0.0,0.0,0.0,3,0,0,1,0,0,0,0,0.9987018490219116,998701.8490219116
Y2021_LAT23.93981_LON90.14599,2021,90.14599402204058,23.939808214784712,0.5741001535538365,0.1717999707606499,0.16429995134370895,0.08979992434180464,0.0,0.0,1,1,0,0,0,0,0,0,0.9987162040710449,998716.2040710449
Y2021_LAT23.93999_LON90.15581,2021,90.15580903008622,23.93999039378588,0.6409996780389586,0.04470018219133126,0.28030002997586306,0.034000109793846996,0.0,0.0,1,1,0,0,0,0,0,0,0.998730509223938,998730.509223938
Y2021_LAT23.94017_LON90.16562,2021,90.1656241359553,23.94017194692044,0.5028995065553508,0.0280999664688167,0.3897005399645676,0.0792999870112649,0.0,0.0,1,1,0,0,0,0,0,0,0.9987447649002075,998744.7649002075
Y2021_LAT23.94035_LON90.17544,2021,90.17543933906119,23.940352874256657,0.5557003596909412,0.054200123959789945,0.34859937672997926,0.041500139619289576,0.0,0.0,1,1,0,0,0,0,0,0,0.9987589726333618,998758.9726333618
Y2021_LAT23.94053_LON90.18525,2021,90.18525463915722,23.94053317575236,0.1312996038963389,0.0,0.8687003961036611,0.0,0.0,0.0,3,0,0,1,0,0,0,0,0.9987731298141479,998773.129814148
Y2021_LAT23.94071_LON90.19507,2021,90.19507003612762,23.940712851385594,0.08930016053679861,0.0,0.8773999167496155,0.033299922713585894,0.0,0.0,3,0,0,1,0,0,0,0,0.9987872391891479,998787.239189148
Y2021_LAT23.94089_LON90.20489,2021,90.20488552924164,23.9408919011051,0.44209994033607664,0.0008999972161118024,0.5204999001287125,0.036500162319099076,0.0,0.0,3,0,0,1,0,0,0,0,0.9988012987976074,998801.2987976074
Y2021_LAT23.94107_LON90.2147,2021,90.21470111838693,23.941070324893516,0.029199985280718918,0.0,0.9287002424518427,0.04209977226743841,0.0,0.0,3,0,0,1,0,0,0,0,0.9988153076171875,998815.3076171875
Y2021_LAT23.94125_LON90.22452,2021,90.22451680327538,23.941248122760346,0.15200038208721303,0.0,0.8432996368189358,0.004699981093851137,0.0,0.0,3,0,0,1,0,0,0,0,0.9988292713012695,998829.2713012695
Y2021_LAT23.94143_LON90.23433,2021,90.23433258344133,23.941425294599956,0.21699951402646414,0.00550000128142393,0.6420010046888358,0.1354994800032761,0.0,0.0,3,0,0,1,0,0,0,0,0.9988431843643188,998843.1843643188
Y2021_LAT23.9416_LON90.24415,2021,90.24414845858257,23.94160184052209,0.1571005322032171,0.006800021185786613,0.7333990469026349,0.10270039970836135,0.0,0.0,3,0,0,1,0,0,0,0,0.9988570474853515,998857.0474853516
Y2021_LAT23.94178_LON90.25396,2021,90.25396442841975,23.941777760279727,0.6464007455500075,0.0017999921023251135,0.32179937962883687,0.02999988271883074,0.0,0.0,1,1,0,0,0,0,0,0,0.9988708623046875,998870.8623046875
Y2021_LAT23.94195_LON90.26378,2021,90.26378049259982,23.94195305417155,0.9067000182484086,0.04100008304816548,0.0,0.05229989870342595,0.0,0.0,1,1,0,0,0,0,0,0,0.9988846280822754,998884.6280822754
Y2021_LAT23.94213_LON90.2736,2021,90.27359665073752,23.942127721924884,1.0,0.0,0.0,0.0,0.0,0.0,1,1,0,0,0,0,0,0,0.99889834249115,998898.3424911499
Y2021_LAT23.9423_LON90.28341,2021,90.2834129024596,23.942301763599044,1.0,0.0,0.0,0.0,0.0,0.0,1,1,0,0,0,0,0,0,0.9989120105819702,998912.0105819702
Y2021_LAT23.94248_LON90.29323,2021,90.29322924770673,23.942475179096554,1.0,0.0,0.0,0.0,0.0,0.0,1,1,0,0,0,0,0,0,0.9989256288223266,998925.6288223267
Y2021_LAT23.94265_LON90.30305,2021,90.30304568573182,23.942647968534864,0.9863000499429332,0.013699950057066793,0.0,0.0,0.0,0.0,1,1,0,0,0,0,0,0,0.9989391973876953,998939.1973876953
Y2021_LAT23.94282_LON90.31286,2021,90.3128622164774,23.94282013170401,0.992900011704912,0.007099988295088,0.0,0.0,0.0,0.0,1,1,0,0,0,0,0,0,0.9989527179336548,998952.7179336548
Y2021_LAT23.94299_LON90.32268,2021,90.3226788395049,23.9429916687113,0.8163991210281067,0.013799944872131096,0.022700128360888534,0.014300084992536983,0.13280072074633661,0.0,1,1,0,0,0,0,0,0,0.9989661884307861,998966.1884307861
Y2021_LAT23.94316_LON90.3325,2021,90.33249555454867,23.943162579535592,0.0,0.0,0.18229980178917843,0.016199957818555176,0.8015002403922664,0.0,5,0,0,0,0,1,0,0,0.9989796104736328,998979.6104736328
Y2021_LAT23.94333_LON90.34231,2021,90.34231236125888,23.943332864139528,0.018723229393588444,0.0,0.7628397624249436,0.136996871588302,0.08144013659316576,0.0,3,0,0,1,0,0,0,0,0.9764155916900634,976415.5916900635
Y2021_LAT23.9435_LON90.35213,2021,90.35212925915538,23.943502522502445,0.0,0.0,0.16666666666666666,0.8333333333333334,0.0,0.0,4,0,0,0,1,0,0,0,0.0011987996520996093,1198.7996520996094
Y2021_LAT23.94716_LON90.05746,2021,90.05745867441148,23.94716083880053,0.0,0.0,0.0,0.0,0.0,0.0,1,1,0,0,0,0,0,1,0.0,0.0
Y2021_LAT23.94735_LON90.06727,2021,90.06727346881212,23.94734872828129,0.39804316212058216,0.09770843770931603,0.5023174080336178,0.0019309921364840286,0.0,0.0,3,0,0,1,0,0,0,0,0.7757135784072876,775713.5784072876
Y2021_LAT23.94754_LON90.07709,2021,90.0770883639626,23.947535991881036,0.11820006290541085,0.007100047345693703,0.8746998897488955,0.0,0.0,0.0,3,0,0,1,0,0,0,0,0.9986146974182128,998614.6974182129
Y2021_LAT23.94772_LON90.0869,2021,90.08690335936376,23.947722629610396,0.43420011689844756,0.11020030023506576,0.4322994882346124,0.023300094631874303,0.0,0.0,1,1,0,0,0,0,0,1,0.9986293460083008,998629.3460083008
Y2021_LAT23.94791_LON90.09672,2021,90.09671845492376,23.947908641546487,0.2809000640292175,0.04219988616617655,0.6769000498046059,0.0,0.0,0.0,3,0,0,1,0,0,0,0,0.9986439458465576,998643.9458465576
Y2021_LAT23.94809_LON90.10653,2021,90.10653365026796,23.94809402750827,0.24420004795398656,0.0073999574863102885,0.7483999945597032,0.0,0.0,0.0,3,0,0,1,0,0,0,0,0.9986584955978394,998658.4955978394
Y2021_LAT23.94828_LON90.11635,2021,90.11634894491192,23.948278787560028,0.7400997315655988,0.02370000043805765,0.2126002299051379,0.02360003809120566,0.0,0.0,1,1,0,0,0,0,0,0,0.998672998374939,998672.998374939
Y2021_LAT23.94846_LON90.12616,2021,90.12616433860141,23.948462921631766,0.30159957530866566,0.14430021516813782,0.4773002843284257,0.07679992519477082,0.0,0.0,3,0,0,1,0,0,0,1,0.9986874484024048,998687.4484024048
Y2021_LAT23.94865_LON90.13598,2021,90.13597983105984,23.948646429658158,0.35440058238417615,0.1793000727740728,0.4331993417902519,0.0331000030514993,0.0,0.0,3,0,0,1,0,0,0,1,0.9987018524246216,998701.8524246216
Y2021_LAT23.94883_LON90.1458,2021,90.14579542184372,23.948829311813448,0.0881995626075564,0.03699976460608983,0.5440993294640962,0.33070134332225753,0.0,0.0,3,0,0,1,0,0,0,0,0.9987162063064575,998716.2063064575
Y2021_LAT23.94901_LON90.15561,2021,90.15561111075377,23.949011567798742,0.3521999891437025,0.0,0.4902003547616742,0.1575996560946233,0.0,0.0,3,0,0,1,0,0,0,1,0.9987305114059448,998730.5114059448
Y2021_LAT23.94919_LON90.16543,2021,90.1654268972933,23.949193197765204,0.32770018495840303,0.022600000755962947,0.6320998069243187,0.017600007361315347,0.0,0.0,3,0,0,1,0,0,0,0,0.9987447688140869,998744.7688140869
Y2021_LAT23.94937_LON90.17524,2021,90.17524278123004,23.949374201629876,0.3764002574941877,0.08419970731533363,0.4928002198193592,0.04659981537111947,0.0,0.0,3,0,0,1,0,0,0,1,0.9987589739761352,998758.9739761353
Y2021_LAT23.94955_LON90.18506,2021,90.18505876224124,23.94955457943429,0.20329999224739853,0.0,0.7967000077526015,0.0,0.0,0.0,3,0,0,1,0,0,0,0,0.99877313256073,998773.13256073
Y2021_LAT23.94973_LON90.19487,2021,90.19487484000675,23.94973433102749,0.1836006014835585,0.0005000018508278274,0.7927992718763313,0.023100124789282448,0.0,0.0,3,0,0,1,0,0,0,0,0.9987872421646118,998787.2421646118
Y2021_LAT23.94991_LON90.20469,2021,90.2046910139725,23.94991345649013,0.20599947244884817,0.0,0.7783006263347484,0.01569990121640354,0.0,0.0,3,0,0,1,0,0,0,0,0.9988013022079468,998801.3022079468
Y2021_LAT23.95009_LON90.21451,2021,90.21450728412792,23.950091955740824,0.012299967674557655,9.999977047775189e-05,0.9706000634922733,0.016999969062691266,0.0,0.0,3,0,0,1,0,0,0,0,0.998815311302185,998815.3113021851
Y2021_LAT23.95027_LON90.22432,2021,90.22432364984135,23.950269828758806,0.09800043549683154,0.0005000030528255775,0.8449995985735809,0.05649996287676212,0.0,0.0,3,0,0,1,0,0,0,0,0.9988292744216919,998829.2744216919
Y2021_LAT23.95045_LON90.23414,2021,90.23414011108873,23.950447075576243,0.08119981300804427,0.00030000083077825535,0.7489000615872469,0.16960012457393062,0.0,0.0,3,0,0,1,0,0,0,0,0.9988431862945557,998843.1862945557
Y2021_LAT23.95062_LON90.24396,2021,90.24395666719467,23.95062369614407,0.33249988915378015,0.05600011455549169,0.43089940790395564,0.18060058838677248,0.0,0.0,3,0,0,1,0,0,0,1,0.9988570505065918,998857.0505065918
Y2021_LAT23.9508_LON90.25377,2021,90.25377331807911,23.9507996904635,0.3125004979272247,0.0416998472422758,0.22239966741661948,0.42339998741388,0.0,0.0,4,0,0,0,1,0,0,1,0.9988708654632569,998870.8654632568
Y2021_LAT23.95098_LON90.26359,2021,90.26359006333092,23.950975058390522,0.6572005760479528,0.025500148009204738,0.054299878855019315,0.26299939708782316,0.0,0.0,1,1,0,0,0,0,0,0,0.9988846321182251,998884.6321182251
Y2021_LAT23.95115_LON90.27341,2021,90.27340690258569,23.951149800035324,0.8480998106780958,0.13910021158695993,0.0,0.012799977734944266,0.0,0.0,1,1,0,0,0,0,0,0,0.9988983458938598,998898.3458938599
Y2021_LAT23.95132_LON90.28322,2021,90.28322383542117,23.951323915316387,0.7414005730641153,0.25679943794087395,0.0,0.0017999889950106724,0.0,0.0,1,1,0,0,0,0,0,0,0.9989120139083862,998912.0139083862
Y2021_LAT23.9515_LON90.29304,2021,90.29304086174535,23.951497404204595,1.0,0.0,0.0,0.0,0.0,0.0,1,1,0,0,0,0,0,0,0.998925631729126,998925.631729126
Y2021_LAT23.95167_LON90.30286,2021,90.30285798102922,23.951670266684594,0.6916948234738678,0.15814127864459945,0.15016389788153278,0.0,0.0,0.0,1,1,0,0,0,0,0,0,0.4257470512237549,425747.0512237549
Y2021_LAT23.95184_LON90.31268,2021,90.31267519299199,23.951842502758858,1.0,0.0,0.0,0.0,0.0,0.0,1,1,0,0,0,0,0,0,0.29099511734771727,290995.1173477173
Y2021_LAT23.95201_LON90.32249,2021,90.32249249722054,23.952014112410495,0.6396955599205184,0.037668538240508385,0.2275725947734438,0.007578310837310131,0.0874849962282193,0.0,1,1,0,0,0,0,0,0,0.8963726201019288,896372.6201019287
Y2021_LAT23.95219_LON90.33231,2021,90.33230989353223,23.952185095488655,0.0,0.0,0.9209580146115409,0.0,0.07904198538845904,0.0,3,0,0,1,0,0,0,0,0.44614313147735596,446143.13147735596
Y2021_LAT23.95236_LON90.34213,2021,90.34212738156036,23.95235545215825,0.16194364765528838,0.0,0.7004040139096487,0.08842997676264225,0.049222361672420736,0.0,3,0,0,1,0,0,0,0,0.4688269426498413,468826.9426498413
Y2021_LAT23.95599_LON90.04744,2021,90.04743847386032,23.955992623041222,0.9593749967058748,0.015624947931929384,0.02500005536219588,0.0,0.0,0.0,1,1,0,0,0,0,0,0,0.03195440189361572,31954.401893615723
Y2021_LAT23.95618_LON90.05725,2021,90.0572538479042,23.95618121808232,0.47890153929966245,0.45449957217478354,0.0066090776798094965,0.05998981084574459,0.0,0.0,1,1,0,0,0,0,0,1,0.19642220934295654,196422.20934295654
Y2021_LAT23.95637_LON90.06707,2021,90.0670693231132,23.95636918701092,0.49947200763095245,0.1525869859465747,0.294614655042041,0.053326351380431875,0.0,0.0,1,1,0,0,0,0,0,1,0.3782701325759888,378270.13257598877
Y2021_LAT23.95656_LON90.07688,2021,90.07688489904977,23.95655652980384,0.31727769615043155,0.23599646300968008,0.4360818663469462,0.010643974492941967,0.0,0.0,3,0,0,1,0,0,0,1,0.9288119347000122,928811.9347000122
Y2021_LAT23.95674_LON90.0867,2021,90.08670057538667,23.956743246538494,0.3439005596935944,0.1681996246869367,0.48789981561946894,0.0,0.0,0.0,3,0,0,1,0,0,0,1,0.9986293499526978,998629.3499526978
Y2021_LAT23.95693_LON90.09652,2021,90.0965163518197,23.95692933711432,0.3213997573692331,0.0,0.6472000782206891,0.031400164410077716,0.0,0.0,3,0,0,1,0,0,0,0,0.9986439486618042,998643.9486618042
Y2021_LAT23.95711_LON90.10633,2021,90.10633222804873,23.957114801435633,0.27300004651486864,0.0053000069086041445,0.7216999465765273,0.0,0.0,0.0,3,0,0,1,0,0,0,0,0.9986584986419678,998658.4986419678
Y2021_LAT23.9573_LON90.11615,2021,90.11614820366373,23.957299639577904,0.7233004117784061,0.07689970108876366,0.15999997742151545,0.039799909711314904,0.0,0.0,1,1,0,0,0,0,0,0,0.9986730005493164,998673.0005493164
Y2021_LAT23.95748_LON90.12596,2021,90.12596427832622,23.957483851547643,0.028299814476816856,0.0,0.9717001855231832,0.0,0.0,0.0,3,0,0,1,0,0,0,0,0.9986874532470703,998687.4532470703
Y2021_LAT23.95767_LON90.13578,2021,90.1357804518744,23.957667437216376,0.18300090167959684,0.0005000034009030526,0.8164990949195001,0.0,0.0,0.0,3,0,0,1,0,0,0,0,0.9987018557052613,998701.8557052612
Y2021_LAT23.95785_LON90.1456,2021,90.14559672367382,23.95785039657476,0.300399539304496,0.0,0.6703003066107005,0.029300154084803562,0.0,0.0,3,0,0,1,0,0,0,0,0.9987162105636597,998716.2105636597
Y2021_LAT23.95803_LON90.15541,2021,90.15541309367222,23.958032729743756,0.35969943814237326,0.0006999967586628834,0.6045004879294316,0.03510007716953228,0.0,0.0,3,0,0,1,0,0,0,0,0.9987305157165527,998730.5157165527
Y2021_LAT23.95821_LON90.16523,2021,90.16522956127949,23.958214436509994,0.5296998185134466,0.022999994038720845,0.4376001778204709,0.009700009627361637,0.0,0.0,1,1,0,0,0,0,0,0,0.9987447716674804,998744.7716674805
Y2021_LAT23.9584_LON90.17505,2021,90.17504612638228,23.95839551692667,0.28140067593340157,0.0,0.7185993240665984,0.0,0.0,0.0,3,0,0,1,0,0,0,0,0.9987589791793823,998758.9791793823
Y2021_LAT23.95858_LON90.18486,2021,90.18486278855273,23.958575970887413,0.11620014781354475,0.0,0.8837998521864553,0.0,0.0,0.0,3,0,0,1,0,0,0,0,0.9987731355514526,998773.1355514526
Y2021_LAT23.95876_LON90.19468,2021,90.19467954748016,23.958755798558954,0.46500011265817975,0.006799996282921906,0.3945995604106193,0.1336003306482791,0.0,0.0,1,1,0,0,0,0,0,1,0.9987872455978394,998787.2455978394
Y2021_LAT23.95893_LON90.2045,2021,90.20449640273638,23.958934999793204,0.2901998506528936,0.09300001397527871,0.6081001780941294,0.008699957277698275,0.0,0.0,3,0,0,1,0,0,0,0,0.9988013045959473,998801.3045959473
Y2021_LAT23.95911_LON90.21431,2021,90.21431335410698,23.95911357454339,0.23889969235401715,0.002100001926853938,0.6963003057029827,0.06270000001614615,0.0,0.0,3,0,0,1,0,0,0,0,0.9988153175811768,998815.3175811768
Y2021_LAT23.95929_LON90.22413,2021,90.22413040111796,23.95929152284852,0.24580055326496375,0.050599979162783436,0.46969969701180175,0.23389977056045105,0.0,0.0,3,0,0,1,0,0,0,1,0.9988292773971558,998829.2773971558
Y2021_LAT23.95947_LON90.23395,2021,90.23394754365036,23.95946884464746,0.1334993776712319,0.0011999922576481899,0.6618005587149652,0.2035000713561546,0.0,0.0,3,0,0,1,0,0,0,0,0.9988431907119751,998843.1907119751
Y2021_LAT23.95965_LON90.24376,2021,90.24376478116957,23.959645539859693,0.26890043861425783,0.032300105383427605,0.4721995078239296,0.22659994817838508,0.0,0.0,3,0,0,1,0,0,0,1,0.9988570526809692,998857.0526809692
Y2021_LAT23.95982_LON90.25358,2021,90.25358211341174,23.95982160857462,0.47470046783163244,0.11029991805169718,0.3912995666039479,0.023700047512722516,0.0,0.0,1,1,0,0,0,0,0,1,0.998870868423462,998870.8684234619
Y2021_LAT23.96_LON90.2634,2021,90.26339954000085,23.95999705072584,0.9084000019145683,0.014300082782898717,0.011499928740778985,0.065799986561754,0.0,0.0,1,1,0,0,0,0,0,0,0.998884634048462,998884.6340484619
Y2021_LAT23.96017_LON90.27322,2021,90.27321706069397,23.960171866216925,0.9539611000019772,0.02285453243307062,0.0,0.0231843675649522,0.0,0.0,1,1,0,0,0,0,0,0,0.9090975727767945,909097.5727767944
Y2021_LAT23.96035_LON90.28303,2021,90.28303467507726,23.960346055135613,0.5301883009665515,0.4157236472603035,0.02348018055579807,0.030607871217346993,0.0,0.0,1,1,0,0,0,0,0,0,0.9529618675537109,952961.8675537109
Y2021_LAT23.96052_LON90.29285,2021,90.29285238283336,23.96051961737,0.826142528683812,0.10006981162567137,0.07378765969051664,0.0,0.0,0.0,1,1,0,0,0,0,0,0,0.710735286239624,710735.286239624
Y2021_LAT23.96069_LON90.30267,2021,90.30267018363574,23.960692552967732,0.3996415750549255,0.15591394692099508,0.44444447802407944,0.0,0.0,0.0,3,0,0,1,0,0,0,1,0.055740474609375,55740.474609375
Y2021_LAT23.96086_LON90.31249,2021,90.31248807713283,23.960864861880953,1.0,0.0,0.0,0.0,0.0,0.0,1,1,0,0,0,0,0,0,0.0006992715682983398,699.2715682983398
Y2021_LAT23.96104_LON90.32231,2021,90.32230606293201,23.961036544030545,1.0,0.0,0.0,0.0,0.0,0.0,1,1,0,0,0,0,0,0,0.03076803345489502,30768.03345489502
Y2021_LAT23.96482_LON90.03742,2021,90.0374169114705,23.96482360939133,0.7739130181393609,0.16521739658472964,0.026086967775769517,0.034782617500140015,0.0,0.0,1,1,0,0,0,0,0,0,0.01148346900177002,11483.46900177002
Y2021_LAT23.96501_LON90.04723,2021,90.04723286513152,23.965012910462278,0.2673937508117829,0.09756071219752718,0.6016695659422284,0.03337597104846148,0.0,0.0,3,0,0,1,0,0,0,0,0.7778874535980225,777887.4535980225
Y2021_LAT23.9652_LON90.05705,2021,90.0570489202927,23.965201585135084,0.1970996613549528,0.0,0.8029003386450472,0.0,0.0,0.0,3,0,0,1,0,0,0,0,0.9985852616729737,998585.2616729736
Y2021_LAT23.96539_LON90.06687,2021,90.0668650766283,23.96538963354469,0.2420004151840534,0.0012999998846934607,0.745599516856427,0.011100068074826249,0.0,0.0,3,0,0,1,0,0,0,0,0.9986000066452027,998600.0066452026
Y2021_LAT23.96558_LON90.07668,2021,90.0766813337264,23.965577055523735,0.4929003474096421,0.01169995170664828,0.47719980110402943,0.01819989977968016,0.0,0.0,1,1,0,0,0,0,0,1,0.9986147035369873,998614.7035369873
Y2021_LAT23.96576_LON90.0865,2021,90.08649769135138,23.965763851197416,0.26889961423747594,0.0167999820421586,0.7143004037203655,0.0,0.0,0.0,3,0,0,1,0,0,0,0,0.9986293531799316,998629.3531799316
Y2021_LAT23.96595_LON90.09631,2021,90.09631414892887,23.965950020418315,0.24920020814039948,0.0612001449015379,0.6812996051715557,0.008300041786506857,0.0,0.0,3,0,0,1,0,0,0,0,0.9986439526901245,998643.9526901245
Y2021_LAT23.96614_LON90.10613,2021,90.10613070638702,23.966135563209384,0.2314003526609695,0.02779983503725071,0.7313998589872324,0.009399953314547443,0.0,0.0,3,0,0,1,0,0,0,0,0.9986585016021728,998658.5016021729
Y2021_LAT23.96632_LON90.11595,2021,90.11594736339083,23.96632047948856,0.6102996785753082,0.03779986204279817,0.3133006293677057,0.03859983001418797,0.0,0.0,1,1,0,0,0,0,0,0,0.9986730049438477,998673.0049438477
Y2021_LAT23.9665_LON90.12576,2021,90.12576411935206,23.966504769321375,0.10869998879372557,0.034300021835758025,0.8569999893705164,0.0,0.0,0.0,3,0,0,1,0,0,0,0,0.9986874558029175,998687.4558029175
Y2021_LAT23.96669_LON90.13558,2021,90.13558097420615,23.966688432623673,0.44469985426130043,0.026099940244234936,0.5292002054944647,0.0,0.0,0.0,3,0,0,1,0,0,0,0,0.9987018591461182,998701.8591461182
Y2021_LAT23.96687_LON90.1454,2021,90.14539792742968,23.966871469406158,0.30559988563765583,0.0,0.6942001142883142,0.0002000000740299752,0.0,0.0,3,0,0,1,0,0,0,0,0.9987162135772705,998716.2135772705
Y2021_LAT23.96705_LON90.15521,2021,90.15521497878699,23.967053879535577,0.40970058094490286,0.004200017939272895,0.5860994011158243,0.0,0.0,0.0,3,0,0,1,0,0,0,0,0.9987305189743042,998730.5189743042
Y2021_LAT23.96724_LON90.16503,2021,90.16503212789496,23.967235663102,0.3766999664384979,0.06390022583603029,0.5593998077254718,0.0,0.0,0.0,3,0,0,1,0,0,0,0,0.9987447742080688,998744.7742080688
Y2021_LAT23.96742_LON90.17485,2021,90.17484937448165,23.96741682006917,0.07379980626984059,0.004199972942944555,0.9220002207872149,0.0,0.0,0.0,3,0,0,1,0,0,0,0,0.9987589827423096,998758.9827423096
Y2021_LAT23.9676_LON90.18467,2021,90.18466671810931,23.967597350439622,0.13930023888299617,0.0,0.8606997611170039,0.0,0.0,0.0,3,0,0,1,0,0,0,0,0.9987731394958496,998773.1394958496
Y2021_LAT23.96778_LON90.19448,2021,90.19448415860019,23.967777254098802,0.4525011577362912,0.039500229764762036,0.5074986139588777,0.0004999985400690663,0.0,0.0,3,0,0,1,0,0,0,0,0.9987872485961914,998787.2485961914
Y2021_LAT23.96796_LON90.2043,2021,90.20430169539499,23.96795653107621,0.3357996624316372,0.3136000812343623,0.32930032070399096,0.02129993563000954,0.0,0.0,1,1,0,0,0,0,0,1,0.9988013078536987,998801.3078536987
Y2021_LAT23.96814_LON90.21412,2021,90.21411932833963,23.968135181290638,0.2205001640107027,0.10139974481082484,0.5390995905886915,0.13900050058978108,0.0,0.0,3,0,0,1,0,0,0,0,0.998815319770813,998815.319770813
Y2021_LAT23.96831_LON90.22394,2021,90.22393705702409,23.968313204799912,0.3018003537516668,0.112499975012995,0.5661997726621059,0.019499898573232356,0.0,0.0,3,0,0,1,0,0,0,0,0.9988292806167602,998829.2806167603
Y2021_LAT23.96849_LON90.23375,2021,90.23375488123223,23.968490601540427,0.12750039686022907,0.03010013210765402,0.6727991509207086,0.16560031213599571,0.004000007975412538,0.0,3,0,0,1,0,0,0,0,0.998843192779541,998843.192779541
Y2021_LAT23.96867_LON90.24357,2021,90.24357280032979,23.968667371477327,0.10399969286093243,0.01789990598055376,0.7921007323161221,0.08599966884239171,0.0,0.0,3,0,0,1,0,0,0,0,0.998857056274414,998857.0562744141
Y2021_LAT23.96884_LON90.25339,2021,90.25339081434804,23.9688435146407,0.10240033429056762,0.10989995949487345,0.774899683723783,0.012800022490775853,0.0,0.0,3,0,0,1,0,0,0,0,0.9988708707199097,998870.8707199097
Y2021_LAT23.96902_LON90.26321,2021,90.2632089227061,23.96901903092033,0.6033940647111639,0.0050435539058572626,0.3232450721756179,0.06831730920736104,0.0,0.0,1,1,0,0,0,0,0,0,0.6535695346069336,653569.5346069336
Y2021_LAT23.96919_LON90.27303,2021,90.27302712510023,23.96919392036781,0.9732247588417174,0.0,0.0,0.026775241158282517,0.0,0.0,1,1,0,0,0,0,0,0,0.08580520124816894,85805.20124816895
Y2021_LAT23.96937_LON90.28285,2021,90.28284542132822,23.96936818290565,0.7931417572354955,0.0,0.20685824276450449,0.0,0.0,0.0,1,1,0,0,0,0,0,0,0.09030131080627442,90301.31080627441
Y2021_LAT23.97384_LON90.03721,2021,90.03721051980621,23.973843804404627,0.8294175791711265,0.0,0.13942814241058332,0.03115427841829025,0.0,0.0,1,1,0,0,0,0,0,0,0.19551819928741454,195518.19928741455
Y2021_LAT23.97403_LON90.04703,2021,90.04702715495428,23.97403318543268,0.4285559539640271,0.010495722566576325,0.5458801938063342,0.01506812966306241,0.0,0.0,3,0,0,1,0,0,0,0,0.9609245925598144,960924.5925598145
Y2021_LAT23.97422_LON90.05684,2021,90.05684389160568,23.97422193991786,0.11859969981155413,0.0011999915387283977,0.8478003244007883,0.03239998424892918,0.0,0.0,3,0,0,1,0,0,0,0,0.9985852652664184,998585.2652664185
Y2021_LAT23.97441_LON90.06666,2021,90.0666607293828,23.974410067818702,0.16030051735546227,0.0,0.8396994826445378,0.0,0.0,0.0,3,0,0,1,0,0,0,0,0.9986000101547241,998600.0101547241
Y2021_LAT23.9746_LON90.07648,2021,90.07647766792115,23.9745975691074,0.28009957581796147,0.007800002294500882,0.7072004405727613,0.004899981314776349,0.0,0.0,3,0,0,1,0,0,0,0,0.9986147070388794,998614.7070388794
Y2021_LAT23.97478_LON90.08629,2021,90.08629470713392,23.97478444364828,0.25789998160946953,0.0034999888610714697,0.738600029529459,0.0,0.0,0.0,3,0,0,1,0,0,0,0,0.9986293574752808,998629.3574752808
Y2021_LAT23.97497_LON90.09611,2021,90.09611184630502,23.97497069152586,0.353299255723849,0.12259992750422545,0.48770083158916194,0.03639998518276361,0.0,0.0,3,0,0,1,0,0,0,1,0.9986439552917481,998643.955291748
Y2021_LAT23.97516_LON90.10593,2021,90.10592908534069,23.975156312692146,0.2286003306447179,0.013099980837898876,0.7497996335149785,0.008500055002404834,0.0,0.0,3,0,0,1,0,0,0,0,0.998658505065918,998658.505065918
Y2021_LAT23.97534_LON90.11575,2021,90.11574642392185,23.975341307190906,0.5002004039961463,0.051299916170258794,0.42939979982695,0.019099880006644948,0.0,0.0,1,1,0,0,0,0,0,0,0.9986730073852539,998673.0073852539
Y2021_LAT23.97553_LON90.12556,2021,90.12556386161538,23.975525674822016,0.23179999429114276,0.033500057143645054,0.7285999616119951,0.006099986953217051,0.0,0.0,3,0,0,1,0,0,0,0,0.9986874587554931,998687.4587554932
Y2021_LAT23.97571_LON90.13538,2021,90.13538139813804,23.975709415773085,0.17039934726350417,9.999928915214235e-05,0.8295006534473437,0.0,0.0,0.0,3,0,0,1,0,0,0,0,0.9987018624343872,998701.8624343872
Y2021_LAT23.97589_LON90.1452,2021,90.14519903300263,23.975892529839115,0.16039993203629666,0.0024999947698970053,0.8371000731938063,0.0,0.0,0.0,3,0,0,1,0,0,0,0,0.9987162159423828,998716.2159423828
Y2021_LAT23.97608_LON90.15502,2021,90.1550167662372,23.976075017126078,0.2162004216638776,0.0014000033333377412,0.7823995750027847,0.0,0.0,0.0,3,0,0,1,0,0,0,0,0.9987305213241577,998730.5213241577
Y2021_LAT23.97626_LON90.16483,2021,90.16483459705708,23.976256877577896,0.1332001236354878,0.060400262815022976,0.8063996135494892,0.0,0.0,0.0,3,0,0,1,0,0,0,0,0.9987447782287597,998744.7782287598
Y2021_LAT23.97644_LON90.17465,2021,90.17465252544086,23.976438111140663,0.42329936552567193,0.05779976236894499,0.518900872105383,0.0,0.0,0.0,3,0,0,1,0,0,0,0,0.9987589842224122,998758.9842224121
Y2021_LAT23.97662_LON90.18447,2021,90.18447055094862,23.97661871773302,0.5043006913134782,0.0004999996970006996,0.4951993089895211,0.0,0.0,0.0,1,1,0,0,0,0,0,0,0.9987731424865722,998773.1424865723
Y2021_LAT23.9768_LON90.19429,2021,90.19428867327345,23.976798697442877,0.6063988928429181,0.008700052118075143,0.3845010538558274,0.00040000118317928243,0.0,0.0,1,1,0,0,0,0,0,0,0.9987872525482178,998787.2525482178
Y2021_LAT23.97698_LON90.20411,2021,90.20410689194429,23.976978050127602,0.1649996390756878,0.13629985295743696,0.6975005061838633,0.0012000017830119099,0.0,0.0,3,0,0,1,0,0,0,0,0.9988013113479615,998801.3113479614
Y2021_LAT23.97716_LON90.21393,2021,90.21392520685909,23.977156775856212,0.14129969822739588,0.018899942602901232,0.6254000486519974,0.21440031051770547,0.0,0.0,3,0,0,1,0,0,0,0,0.9988153198242188,998815.3198242188
Y2021_LAT23.97733_LON90.22374,2021,90.22374361752135,23.977334874639187,0.31299969778851494,0.12390005485756521,0.5583002306279786,0.004800016725941188,0.0,0.0,3,0,0,1,0,0,0,0,0.9988292841339111,998829.2841339111
Y2021_LAT23.97751_LON90.23356,2021,90.23356212365879,23.97751234636371,0.14529986769974157,0.012200045668498742,0.7719998887004413,0.07050019793131831,0.0,0.0,3,0,0,1,0,0,0,0,0.998843196220398,998843.196220398
Y2021_LAT23.97769_LON90.24338,2021,90.2433807248103,23.97768919106518,0.20300041775213945,0.0268999052710624,0.7443997891668732,0.02569988780992493,0.0,0.0,3,0,0,1,0,0,0,0,0.9988570591583252,998857.0591583252
Y2021_LAT23.97787_LON90.2532,2021,90.2531994208296,23.977865408604853,0.7384883663949622,0.024844685532558284,0.145855161852376,0.09081178622010354,0.0,0.0,1,1,0,0,0,0,0,0,0.9327452479476929,932745.2479476929
Y2021_LAT23.97804_LON90.26302,2021,90.26301821130762,23.97804099904468,0.41404805482213924,0.0,0.5175599309810179,0.06839201419684285,0.0,0.0,3,0,0,1,0,0,0,0,0.10807878334808349,108078.7833480835
Y2021_LAT23.98286_LON90.037,2021,90.03700402643314,23.982863987226168,0.4148245252927121,0.004604039001088175,0.5768881939030543,0.0036832418031454406,0.0,0.0,3,0,0,1,0,0,0,0,0.2168873693008423,216887.36930084229
Y2021_LAT23.98305_LON90.04682,2021,90.04682134327881,23.98305344830636,0.25398384741965585,0.008604240908690615,0.6978960464531004,0.03951586521855312,0.0,0.0,3,0,0,1,0,0,0,0,0.940054517501831,940054.517501831
Y2021_LAT23.98324_LON90.05664,2021,90.05663876174621,23.98324228254006,0.3373997156471801,0.00019999881064648603,0.596800640711476,0.06559964483069741,0.0,0.0,3,0,0,1,0,0,0,0,0.9985852687988281,998585.2687988281
Y2021_LAT23.98343_LON90.06646,2021,90.06645628125234,23.983430489840416,0.4477008564465638,0.0005000003702005875,0.5517991431832356,0.0,0.0,0.0,3,0,0,1,0,0,0,0,0.9986000144195557,998600.0144195557
Y2021_LAT23.98362_LON90.07627,2021,90.07627390172335,23.98361807027664,0.1404004055718046,0.0,0.858399588107944,0.001200006320251352,0.0,0.0,3,0,0,1,0,0,0,0,0.998614710105896,998614.710105896
Y2021_LAT23.98381_LON90.08609,2021,90.08609162271958,23.9838050238103,0.15439968793079828,0.0,0.8456003120692017,0.0,0.0,0.0,3,0,0,1,0,0,0,0,0.9986293603210449,998629.3603210449
Y2021_LAT23.98399_LON90.09591,2021,90.09590944385178,23.983991350348965,0.17790062588459174,0.06290023441567161,0.7200990113652186,0.03910012833451805,0.0,0.0,3,0,0,1,0,0,0,0,0.9986439589767456,998643.9589767456
Y2021_LAT23.98418_LON90.10573,2021,90.10572736484106,23.984177050035534,0.3745991218151018,0.033900046707119796,0.5894008196276456,0.002100011850132998,0.0,0.0,3,0,0,1,0,0,0,0,0.9986585085296631,998658.5085296631
Y2021_LAT23.98436_LON90.11555,2021,90.1155453852895,23.984362122632884,0.3459005003621999,0.06190012951691225,0.5902993753682251,0.0018999947526628475,0.0,0.0,3,0,0,1,0,0,0,0,0.9986730108413696,998673.0108413696
Y2021_LAT23.98455_LON90.12536,2021,90.12536350504517,23.984546568254345,0.09829990281575264,0.04139989351291733,0.8603002036713301,0.0,0.0,0.0,3,0,0,1,0,0,0,0,0.9986874631347656,998687.4631347656
Y2021_LAT23.98473_LON90.13518,2021,90.13518172355465,23.984730386793192,0.23229979190842692,0.014100071400971236,0.7536001366906019,0.0,0.0,0.0,3,0,0,1,0,0,0,0,0.998701866355896,998701.866355896
Y2021_LAT23.98491_LON90.145,2021,90.14500004052871,23.98491357826769,0.2840007729542475,0.061700192232924396,0.654299034812828,0.0,0.0,0.0,3,0,0,1,0,0,0,0,0.9987162203292846,998716.2203292847
Y2021_LAT23.9851_LON90.15482,2021,90.15481845585259,23.985096142652324,0.012199953241118399,0.0,0.9878000467588816,0.0,0.0,0.0,3,0,0,1,0,0,0,0,0.9987305256576539,998730.5256576538
Y2021_LAT23.98528_LON90.16464,2021,90.16463696874172,23.9852780798837,0.40240026959452807,0.018700097067677064,0.5788996333377948,0.0,0.0,0.0,3,0,0,1,0,0,0,0,0.9987447810516358,998744.7810516357
Y2021_LAT23.98546_LON90.17446,2021,90.17445557927796,23.985459389940257,0.17709992027594776,0.03469996991379408,0.7882001098102581,0.0,0.0,0.0,3,0,0,1,0,0,0,0,0.9987589874191284,998758.9874191284
Y2021_LAT23.98564_LON90.18427,2021,90.18427428698745,23.98564007295918,0.2664006704436492,0.04110012666758002,0.6827992431342926,0.00969995975447819,0.0,0.0,3,0,0,1,0,0,0,0,0.9987731450576782,998773.1450576782
Y2021_LAT23.98582_LON90.19409,2021,90.19409309146386,23.98582012866716,0.3146987521479568,0.0012999936903483372,0.6840012541616949,0.0,0.0,0.0,3,0,0,1,0,0,0,0,0.9987872550125122,998787.2550125122
Y2021_LAT23.986_LON90.20391,2021,90.20391199242617,23.98599955722351,0.10610035730613351,0.007200017007221025,0.8679995936076816,0.018700032078963914,0.0,0.0,3,0,0,1,0,0,0,0,0.9988013145675659,998801.3145675659
Y2021_LAT23.98618_LON90.21373,2021,90.21373098960477,23.986178358566498,0.23099946962524773,0.003399990461007724,0.6022005556905954,0.16339998422314914,0.0,0.0,3,0,0,1,0,0,0,0,0.9988153229064941,998815.3229064941
Y2021_LAT23.98636_LON90.22355,2021,90.22355008251714,23.986356532495638,0.40720088836150664,0.004099992953135491,0.5321990351281743,0.05650008355718349,0.0,0.0,3,0,0,1,0,0,0,0,0.9988292872085571,998829.2872085571
Y2021_LAT23.98653_LON90.23337,2021,90.23336927093084,23.986534079154005,0.6847999382122519,0.0826001001978303,0.20519983532674219,0.027400126263175582,0.0,0.0,1,1,0,0,0,0,0,0,0.9988431993408203,998843.1993408203
Y2021_LAT23.98671_LON90.24319,2021,90.24318855456185,23.986710998531812,0.7963006015170705,0.05529981748366278,0.13139966767975045,0.01699991331951632,0.0,0.0,1,1,0,0,0,0,0,0,0.9988570621261597,998857.0621261597
Y2021_LAT23.98689_LON90.25301,2021,90.25300793290211,23.986887290588154,0.9184634840388171,0.029491923457830766,0.00793059322650813,0.04411399927684408,0.0,0.0,1,1,0,0,0,0,0,0,0.4030429231491089,403042.9231491089
Y2021_LAT23.99207_LON90.04662,2021,90.0466154300794,23.992073698782793,0.08629970413426338,0.2556622024454199,0.6580380934203167,0.0,0.0,0.0,3,0,0,1,0,0,0,0,0.09256783625793458,92567.83625793457
Y2021_LAT23.99226_LON90.05643,2021,90.05643353062,23.992262612744398,0.2884103548752113,0.00022075180392987136,0.7113688933208588,0.0,0.0,0.0,3,0,0,1,0,0,0,0,0.9047187324447632,904718.7324447632
Y2021_LAT23.99245_LON90.06625,2021,90.0662517323497,23.99245089958671,0.200000265768189,0.004200028923572025,0.795799705308239,0.0,0.0,0.0,3,0,0,1,0,0,0,0,0.9986000174331665,998600.0174331665
Y2021_LAT23.99264_LON90.07607,2021,90.07607003497604,23.992638559336502,0.3022999899380717,0.0,0.6368996966658221,0.06080031339610614,0.0,0.0,3,0,0,1,0,0,0,0,0.9986147139511108,998614.7139511108
Y2021_LAT23.99283_LON90.08589,2021,90.08588843813719,23.992825591785948,0.35640057202315595,0.00490000355044819,0.6132995896658566,0.025399834760539267,0.0,0.0,3,0,0,1,0,0,0,0,0.9986293641281128,998629.3641281128
Y2021_LAT23.99301_LON90.09571,2021,90.0957069415336,23.993011997099362,0.6394005044095524,0.006500001061509485,0.3174994859188112,0.03660000861012689,0.0,0.0,1,1,0,0,0,0,0,0,0.9986439620437622,998643.9620437622
Y2021_LAT23.9932_LON90.10553,2021,90.10552554481855,23.99319777510471,0.028899965973937583,0.0,0.9711000340260624,0.0,0.0,0.0,3,0,0,1,0,0,0,0,0.9986585121765137,998658.5121765137
Y2021_LAT23.99338_LON90.11534,2021,90.11534424754532,23.993382925942004,0.12359967275354161,0.002499993572556079,0.87170034284546,0.0021999908284422672,0.0,0.0,3,0,0,1,0,0,0,0,0.9986730143432617,998673.0143432617
Y2021_LAT23.99357_LON90.12516,2021,90.1251630496369,23.993567449479496,0.02850004752235857,0.052800120289109215,0.9186998321885322,0.0,0.0,0.0,3,0,0,1,0,0,0,0,0.9986874652862548,998687.4652862549
Y2021_LAT23.99375_LON90.13498,2021,90.13498195046746,23.99375134562406,0.16679970461310992,0.14109983863548248,0.6921004567514076,0.0,0.0,0.0,3,0,0,1,0,0,0,0,0.9987018694381714,998701.8694381714
Y2021_LAT23.99393_LON90.1448,2021,90.14480094988735,23.99393461451832,0.12020001398585481,0.004300027921074685,0.8754999580930705,0.0,0.0,0.0,3,0,0,1,0,0,0,0,0.9987162231216431,998716.2231216431
Y2021_LAT23.99412_LON90.15462,2021,90.15462004754488,23.99411725601785,0.12789982117326917,0.04980003660287957,0.8223001422238513,0.0,0.0,0.0,3,0,0,1,0,0,0,0,0.9987305287246704,998730.5287246704
Y2021_LAT23.9943_LON90.16444,2021,90.16443924297548,23.994299270116578,0.39749869852916486,0.02359991492035203,0.5789013865504831,0.0,0.0,0.0,3,0,0,1,0,0,0,0,0.998744783744812,998744.783744812
Y2021_LAT23.99448_LON90.17426,2021,90.17425853599198,23.994480656836377,0.19139939300730563,0.0,0.8086006069926944,0.0,0.0,0.0,3,0,0,1,0,0,0,0,0.9987589925613404,998758.9925613403
Y2021_LAT23.99466_LON90.18408,2021,90.184077926109,23.99466141604853,0.44400059066829595,0.08930019419511871,0.46669921513658535,0.0,0.0,0.0,3,0,0,1,0,0,0,1,0.9987731491622924,998773.1491622925
Y2021_LAT23.99484_LON90.1939,2021,90.193897413242,23.994841547842743,0.14529957418147119,0.012799953799793842,0.8413004705301071,0.0006000014886278307,0.0,0.0,3,0,0,1,0,0,0,0,0.998787258392334,998787.258392334
Y2021_LAT23.99502_LON90.20372,2021,90.20371699670896,23.99502105212122,0.21120038091121796,0.08390035594308567,0.7048992631456964,0.0,0.0,0.0,3,0,0,1,0,0,0,0,0.9988013177947999,998801.3177947998
Y2021_LAT23.9952_LON90.21354,2021,90.21353667653915,23.9951999288836,0.16839971035437817,0.19900035231602192,0.5462997991099141,0.08630013821968581,0.0,0.0,3,0,0,1,0,0,0,0,0.9988153294296265,998815.3294296265
Y2021_LAT23.99538_LON90.22336,2021,90.22335645206535,23.99537817820095,0.024699977068965116,0.17549982008009557,0.6395007907733191,0.16029941207762016,0.0,0.0,3,0,0,1,0,0,0,0,0.9988292904434204,998829.2904434204
Y2021_LAT23.99556_LON90.23318,2021,90.23317632314846,23.99555579993395,0.24370034876835017,0.3233008096034819,0.4049988125938487,0.028000029034319265,0.0,0.0,3,0,0,1,0,0,0,1,0.9988432019958496,998843.2019958496
Y2021_LAT23.99573_LON90.243,2021,90.24299628938434,23.995732794019407,0.9031004742983841,0.04739979430785929,0.048099735056758255,0.0013999963369984263,0.0,0.0,1,1,0,0,0,0,0,0,0.9988570652999877,998857.0652999878
Y2021_LAT23.99591_LON90.25282,2021,90.2528163505708,23.99590916055527,0.9960858038005058,0.0,0.0,0.003914196199494128,0.0,0.0,1,1,0,0,0,0,0,0,0.6379774355926514,637977.4355926514
Y2021_LAT24.00071_LON90.02677,2021,90.02677215453764,24.000714067488964,0.2757738040147292,0.0012886598478661305,0.7229375361374047,0.0,0.0,0.0,3,0,0,1,0,0,0,0,0.07748695835876465,77486.95835876465
Y2021_LAT24.0009_LON90.03659,2021,90.03659073394734,24.000904315890693,0.0,0.0,1.0,0.0,0.0,0.0,3,0,0,1,0,0,0,0,0.009686047241210938,9686.047241210938
Y2021_LAT24.00109_LON90.04641,2021,90.04640941533675,24.00109393706591,0.19194897673897957,0.06651543642257657,0.7415355868384439,0.0,0.0,0.0,3,0,0,1,0,0,0,0,0.7491284092941284,749128.4092941284
Y2021_LAT24.00128_LON90.05623,2021,90.05622819828714,24.001282930860743,0.4491060887121191,0.1811685087391724,0.36972540254870856,0.0,0.0,0.0,1,1,0,0,0,0,0,1,0.8378136173934937,837813.6173934937
Y2021_LAT24.00147_LON90.06605,2021,90.06604708253283,24.001471297199046,0.1671991733128149,0.0501999356824314,0.7817008915831919,0.0008999994215618722,0.0,0.0,3,0,0,1,0,0,0,0,0.9986000206069946,998600.0206069946
Y2021_LAT24.00166_LON90.07587,2021,90.07586606760358,24.00165903601108,0.4558005962857104,0.0,0.5441994037142895,0.0,0.0,0.0,3,0,0,1,0,0,0,0,0.9986147175598145,998614.7175598145
Y2021_LAT24.00185_LON90.08569,2021,90.08568515340238,24.00184614755451,0.15419993935563767,0.0038999821026704062,0.8418000783723657,0.00010000016932616976,0.0,0.0,3,0,0,1,0,0,0,0,0.9986293667984009,998629.3667984009
Y2021_LAT24.00203_LON90.0955,2021,90.09550433933367,24.00203263159932,0.31350008205318053,0.05260004734522133,0.5899999121639877,0.04389995843761047,0.0,0.0,3,0,0,1,0,0,0,0,0.9986439658889771,998643.965888977
Y2021_LAT24.00222_LON90.10532,2021,90.10532362525339,24.002218488129675,0.254800600995041,0.0008000021991965264,0.73859936262385,0.005800034181912557,0.0,0.0,3,0,0,1,0,0,0,0,0.9986585152969361,998658.515296936
Y2021_LAT24.0024_LON90.11514,2021,90.11514301061867,24.00240371702454,0.15560031025508703,0.024600078793155813,0.7983997006104666,0.021399910341290528,0.0,0.0,3,0,0,1,0,0,0,0,0.9986730169677734,998673.0169677734
Y2021_LAT24.00259_LON90.12496,2021,90.12496249532208,24.00258831841588,0.12540021323925649,0.08619978760256197,0.7854999986746177,0.0029000004835639226,0.0,0.0,3,0,0,1,0,0,0,0,0.9986874697494507,998687.4697494507
Y2021_LAT24.00277_LON90.13478,2021,90.134782078878,24.0027722923261,0.2698004293937863,0.06970021928205974,0.6604993513241539,0.0,0.0,0.0,3,0,0,1,0,0,0,0,0.9987018727035523,998701.8727035522
Y2021_LAT24.00296_LON90.1446,2021,90.14460176105324,24.002955638562252,0.26399989821008396,0.13729986735767127,0.5987002344322447,0.0,0.0,0.0,3,0,0,1,0,0,0,0,0.9987162255859375,998716.2255859375
Y2021_LAT24.00314_LON90.15442,2021,90.15442154138915,24.00313835715581,0.38389959867219425,0.14029980933010552,0.47580059199770025,0.0,0.0,0.0,3,0,0,1,0,0,0,1,0.9987305312728881,998730.5312728882
Y2021_LAT24.00332_LON90.16424,2021,90.16424141964353,24.00332044815204,0.20048856449471186,0.13023081106981835,0.6692806244354698,0.0,0.0,0.0,3,0,0,1,0,0,0,0,0.9808671385192871,980867.1385192871
Y2021_LAT24.0035_LON90.17406,2021,90.17406139549763,24.003501911410066,0.43691524766309786,0.03816182340009345,0.5249229289368087,0.0,0.0,0.0,3,0,0,1,0,0,0,0,0.2564809611053467,256480.96110534668
Y2021_LAT24.00368_LON90.18388,2021,90.18388146851682,24.003682747021745,0.5862070985226554,0.05989907099484684,0.3396250913023556,0.014268739180142194,0.0,0.0,1,1,0,0,0,0,0,0,0.6719757221679687,671975.7221679688
Y2021_LAT24.00386_LON90.1937,2021,90.19370163840667,24.003862954888493,0.25900518596165983,0.1387640697076557,0.6009004202535131,0.001330324077171384,0.0,0.0,3,0,0,1,0,0,0,0,0.9760148206787109,976014.8206787109
Y2021_LAT24.00404_LON90.20352,2021,90.20352190485733,24.004042534991154,0.313686539055793,0.106749427450688,0.5677290338046601,0.01183499968885894,0.0,0.0,3,0,0,1,0,0,0,0,0.8523765694580078,852376.5694580078
Y2021_LAT24.00422_LON90.21334,2021,90.21334226759073,24.004221487327847,0.08612791287329713,0.38671015296020483,0.4235852730875316,0.10357666107896643,0.0,0.0,3,0,0,1,0,0,0,1,0.8071421149368286,807142.1149368286
Y2021_LAT24.0044_LON90.22316,2021,90.22316272609173,24.004399811826477,0.11507292652059002,0.5918919838982756,0.2698543042275417,0.023180785353592838,0.0,0.0,2,0,1,0,0,0,0,0,0.9608739478302002,960873.9478302002
Y2021_LAT24.00458_LON90.23298,2021,90.23298328019666,24.004577508556643,0.28865509071106016,0.4398236979798549,0.27120779593384126,0.00031341537524374595,0.0,0.0,2,0,1,0,0,0,0,1,0.9560926986541748,956092.6986541748
Y2021_LAT24.00475_LON90.2428,2021,90.24280392946517,24.00475457745128,0.8034174307284196,0.13373319143413867,0.06142560790912842,0.0014237699283132556,0.0,0.0,1,1,0,0,0,0,0,0,0.9821762474136353,982176.2474136353
Y2021_LAT24.00493_LON90.25262,2021,90.25262467365299,24.00493101841668,0.40974219975951753,0.28334446467583374,0.24687376874794717,0.06003956681670169,0.0,0.0,1,1,0,0,0,0,0,1,0.7586413481063843,758641.3481063843
Y2021_LAT24.00511_LON90.26245,2021,90.26244551226918,24.00510683146488,0.0,0.0,1.0,0.0,0.0,0.0,3,0,0,1,0,0,0,0,0.028567949981689454,28567.949981689453
Y2021_LAT24.00935_LON90.00693,2021,90.00692645554592,24.0093515928125,0.335973970266658,0.1533083796158466,0.4552657163952306,0.05545193372226482,0.0,0.0,3,0,0,1,0,0,0,1,0.2142814344406128,214281.4344406128
Y2021_LAT24.00954_LON90.01675,2021,90.01674551276676,24.009543176731796,0.21957020016655038,0.043793234986971845,0.7366365648464778,0.0,0.0,0.0,3,0,0,1,0,0,0,0,0.3306114072036743,330611.4072036743
Y2021_LAT24.00973_LON90.02656,2021,90.02656467274207,24.00973413306322,0.190897370570657,0.029444341422970585,0.7796582880063724,0.0,0.0,0.0,3,0,0,1,0,0,0,0,0.813911564086914,813911.5640869141
Y2021_LAT24.00992_LON90.03638,2021,90.03638393485849,24.009924461940013,0.11020900475170327,0.025985920478846392,0.8637023637238278,0.00010271104562256256,0.0,0.0,3,0,0,1,0,0,0,0,0.972193871925354,972193.871925354
Y2021_LAT24.01011_LON90.0462,2021,90.04620329896227,24.01011416303674,0.07920023282565063,0.0,0.9207997671743494,0.0,0.0,0.0,3,0,0,1,0,0,0,0,0.9985704824371338,998570.4824371338
Y2021_LAT24.0103_LON90.05602,2021,90.05602276475587,24.010303236516076,0.2718005544094464,0.0,0.7225994711389718,0.0055999744515819365,0.0,0.0,3,0,0,1,0,0,0,0,0.9985852785720826,998585.2785720825
Y2021_LAT24.01049_LON90.06584,2021,90.06584233178513,24.010491682452262,0.35270048962329087,0.010000006017258853,0.6199995057440585,0.017299998615391752,0.0,0.0,3,0,0,1,0,0,0,0,0.9986000247268677,998600.0247268677
Y2021_LAT24.01068_LON90.07566,2021,90.07566199969214,24.010679500681952,0.6251001400332193,0.06180035539081256,0.305699469715899,0.007400034860069193,0.0,0.0,1,1,0,0,0,0,0,0,0.9986147206802368,998614.7206802368
Y2021_LAT24.01087_LON90.08548,2021,90.08548176839925,24.010866691120324,0.25889937338531777,0.062299740195103155,0.677700894072986,0.0010999923465931467,0.0,0.0,3,0,0,1,0,0,0,0,0.9986293707580567,998629.3707580566
Y2021_LAT24.01105_LON90.0953,2021,90.09530163723639,24.011053253815835,0.1594999736768943,0.02239998937374965,0.8178000376039447,0.00029999934541133805,0.0,0.0,3,0,0,1,0,0,0,0,0.9986439687576294,998643.9687576294
Y2021_LAT24.01124_LON90.10512,2021,90.10512160607054,24.01123918877232,0.22940013029064543,0.05250022062670071,0.7180996490826539,0.0,0.0,0.0,3,0,0,1,0,0,0,0,0.998658519317627,998658.519317627
Y2021_LAT24.01142_LON90.11494,2021,90.11494167441529,24.011424495946347,0.29060051623301614,0.11750012945706512,0.5918993543099187,0.0,0.0,0.0,3,0,0,1,0,0,0,0,0.998673021118164,998673.0211181641
Y2021_LAT24.01161_LON90.12476,2021,90.12476184212282,24.011609175270305,0.3289995467186774,0.07159988179871807,0.5994005714826045,0.0,0.0,0.0,3,0,0,1,0,0,0,0,0.998687472694397,998687.472694397
Y2021_LAT24.01179_LON90.13458,2021,90.13458210876576,24.011793226786885,0.11930046902878065,0.02870005038198987,0.8519994805892295,0.0,0.0,0.0,3,0,0,1,0,0,0,0,0.9987018765716553,998701.8765716553
Y2021_LAT24.01198_LON90.1444,2021,90.14440247393608,24.01197665041393,0.26089978904458244,0.07540016838991966,0.6637000425654979,0.0,0.0,0.0,3,0,0,1,0,0,0,0,0.9987162300262451,998716.2300262451
Y2021_LAT24.01216_LON90.15422,2021,90.15422293740608,24.012159446180302,0.1229997111364031,0.1950997315004236,0.6819005573631733,0.0,0.0,0.0,3,0,0,1,0,0,0,0,0.9987305355453491,998730.5355453491
Y2021_LAT24.01234_LON90.16404,2021,90.1640434987886,24.012341614016616,0.18774993741323645,0.14999182437556083,0.6622582382112027,0.0,0.0,0.0,3,0,0,1,0,0,0,0,0.5739772430114746,573977.2430114746
Y2021_LAT24.0127_LON90.18368,2021,90.18368491396357,24.012704065812414,0.5101639797125931,0.2590162998166035,0.2308197204708034,0.0,0.0,0.0,1,1,0,0,0,0,0,0,0.15231357847595214,152313.57847595215
Y2021_LAT24.01288_LON90.19351,2021,90.19350576709635,24.012884349778297,0.16902377147432895,0.17114590060976412,0.6598303279159069,0.0,0.0,0.0,3,0,0,1,0,0,0,0,0.2824561531143189,282456.15311431885
Y2021_LAT24.01306_LON90.20333,2021,90.20332671680983,24.01306400570573,0.0,0.0,1.0,0.0,0.0,0.0,3,0,0,1,0,0,0,0,0.0652215040359497,65221.50403594971
Y2021_LAT24.01324_LON90.21315,2021,90.21314776275689,24.01324303362963,0.0,0.0,1.0,0.0,0.0,0.0,3,0,0,1,0,0,0,0,0.03136264914703369,31362.64914703369
Y2021_LAT24.01342_LON90.22297,2021,90.22296890457554,24.013421433403458,0.09375020377917878,0.12500044237471325,0.7812493538461079,0.0,0.0,0.0,3,0,0,1,0,0,0,0,0.025570021812438965,25570.021812438965
Y2021_LAT24.01378_LON90.24261,2021,90.2426114746769,24.01377634871463,0.6522689556597862,0.21315049167919947,0.08305540893913771,0.05152514372187665,0.0,0.0,1,1,0,0,0,0,0,0,0.7793094709320069,779309.4709320068
Y2021_LAT24.01395_LON90.25243,2021,90.2524329021486,24.01395286415045,0.3802649990740615,0.07687627826535423,0.5427376574586775,0.0001210652019068321,0.0,0.0,3,0,0,1,0,0,0,0,0.8250668649902344,825066.8649902344
Y2021_LAT24.01413_LON90.26225,2021,90.26225442429609,24.01412875144877,0.0,0.0,1.0,0.0,0.0,0.0,3,0,0,1,0,0,0,0,0.12116408152770997,121164.08152770996
Y2021_LAT24.01837_LON90.00672,2021,90.00671750541282,24.0183714847521,0.37128773563853357,0.20358871556508873,0.4251235487963777,0.0,0.0,0.0,3,0,0,1,0,0,0,1,0.16135979586791993,161359.79586791992
Y2021_LAT24.01856_LON90.01654,2021,90.01653724561469,24.0185631494832,0.1388555458391199,0.06908803089740127,0.7903589171599199,0.0016975061035589697,0.0,0.0,3,0,0,1,0,0,0,0,0.5882329226074219,588232.9226074219
Y2021_LAT24.01875_LON90.02636,2021,90.02635708857962,24.018754186457038,0.15475769667938116,0.016978217547155703,0.8281419403783374,0.00012214539512572027,0.0,0.0,3,0,0,1,0,0,0,0,0.8175051090164185,817505.1090164185
Y2021_LAT24.01894_LON90.03618,2021,90.0361770338412,24.01894459548847,0.11513951048385411,0.10241348350258246,0.7824470060135634,0.0,0.0,0.0,3,0,0,1,0,0,0,0,0.9886700053482056,988670.0053482056
Y2021_LAT24.01913_LON90.046,2021,90.0459970809783,24.019134376755595,0.09189995160073902,0.0,0.908100048399261,0.0,0.0,0.0,3,0,0,1,0,0,0,0,0.9985704858856201,998570.4858856201
Y2021_LAT24.01932_LON90.05582,2021,90.05581722994174,24.01932353010134,0.3206996684503721,0.005099995956462151,0.6680003531373463,0.006199982455819577,0.0,0.0,3,0,0,1,0,0,0,0,0.9985852817382812,998585.2817382812
Y2021_LAT24.01951_LON90.06564,2021,90.06563748007403,24.019512055474273,0.35250038450514304,0.020700002052485088,0.6177996133993658,0.009000000043006069,0.0,0.0,3,0,0,1,0,0,0,0,0.9986000276107788,998600.0276107788
Y2021_LAT24.0197_LON90.07546,2021,90.07545783122595,24.019699952917573,0.4149995469536593,0.12540025345667663,0.4430002395193765,0.016599960070287564,0.0,0.0,3,0,0,1,0,0,0,1,0.9986147250518799,998614.7250518799
Y2021_LAT24.01989_LON90.08528,2021,90.08527828307327,24.019887222368435,0.1896004103218585,0.08199961774037753,0.7044999362335915,0.02390003570417238,0.0,0.0,3,0,0,1,0,0,0,0,0.9986293733978272,998629.3733978271
Y2021_LAT24.02007_LON90.0951,2021,90.09509883521426,24.02007386384001,0.17087666690790856,0.0027594959879921766,0.8254086323009796,0.0009552048031196615,0.0,0.0,3,0,0,1,0,0,0,0,0.9409220185775757,940922.0185775757
Y2021_LAT24.02026_LON90.10492,2021,90.1049194872924,24.02025987727862,0.1315057321555054,0.0,0.8684942678444946,0.0,0.0,0.0,3,0,0,1,0,0,0,0,0.3204692573928833,320469.2573928833
Y2021_LAT24.02045_LON90.11474,2021,90.11474023897387,24.02044526268811,0.45890433593467866,0.01852037430022882,0.5197722138252038,0.0028030759398887336,0.0,0.0,3,0,0,1,0,0,0,0,0.997574490951538,997574.4909515381
Y2021_LAT24.02063_LON90.12456,2021,90.12456108996413,24.02063001998886,0.13230043381018777,0.016100048953856565,0.8515995172359556,0.0,0.0,0.0,3,0,0,1,0,0,0,0,0.9986874754257202,998687.4754257202
Y2021_LAT24.02081_LON90.13438,2021,90.1343820400036,24.020814149124835,0.764400051400122,0.07519982729846886,0.15910012165722995,0.001299999644179215,0.0,0.0,1,1,0,0,0,0,0,0,0.9987018795166016,998701.8795166016
Y2021_LAT24.021_LON90.1442,2021,90.1442030886186,24.02099765017474,0.14824397462045658,0.26277949595518113,0.5889765294243623,0.0,0.0,0.0,3,0,0,1,0,0,0,0,0.998416616355896,998416.616355896
Y2021_LAT24.02118_LON90.15402,2021,90.15402423550923,24.021180523111386,0.2874215253003408,0.3061666555981019,0.40641181910155727,0.0,0.0,0.0,3,0,0,1,0,0,0,1,0.7352647973632812,735264.7973632812
Y2021_LAT24.02136_LON90.16385,2021,90.16384548031928,24.0213627678007,0.005086461331456825,0.4720244033443874,0.5228891353241558,0.0,0.0,0.0,3,0,0,1,0,0,0,0,0.0981760906677246,98176.09066772461
Y2021_LAT24.0228_LON90.24242,2021,90.2424189249463,24.02279810803366,0.8652810797270296,0.020430125009516565,0.09445936962477167,0.019829425638682174,0.0,0.0,1,1,0,0,0,0,0,0,0.8311499176559448,831149.9176559448
Y2021_LAT24.02297_LON90.25224,2021,90.25224103613151,24.022974697941272,0.754554708180796,0.21828820940389998,0.027157082415304026,0.0,0.0,0.0,1,1,0,0,0,0,0,0,0.2905701661148071,290570.1661148071
Y2021_LAT24.02739_LON90.00651,2021,90.0065084522817,24.027391364280003,0.460317561568097,0.5238094119997134,0.015873026432189602,0.0,0.0,0.0,2,0,1,0,0,0,0,0,0.01258132022857666,12581.32022857666
Y2021_LAT24.02758_LON90.01633,2021,90.01632887574814,24.027583109938558,0.3874213802492574,0.04923911081689714,0.5096241644460017,0.05371534448784385,0.0,0.0,3,0,0,1,0,0,0,0,0.44614263244628904,446142.63244628906
Y2021_LAT24.02777_LON90.02615,2021,90.02614940218974,24.02777422745088,0.5226405783738558,0.05782844699130614,0.4195309746348381,0.0,0.0,0.0,1,1,0,0,0,0,0,0,0.18303205152893065,183032.05152893066
Y2021_LAT24.02796_LON90.03597,2021,90.03597003071583,24.027964716920376,0.20667629922232397,0.037642020651197594,0.7556816801264784,0.0,0.0,0.0,3,0,0,1,0,0,0,0,0.14059707320404052,140597.07320404053
Y2021_LAT24.02815_LON90.04579,2021,90.04579076145403,24.028154578179574,0.22537614225767516,0.04717526819729673,0.7274485895450281,0.0,0.0,0.0,3,0,0,1,0,0,0,0,0.6752337200775147,675233.7200775146
Y2021_LAT24.02834_LON90.05561,2021,90.05561159370076,24.028343811289034,0.4553957913679965,0.04251543111493011,0.5020887775170734,0.0,0.0,0.0,3,0,0,1,0,0,0,0,0.7891819902648926,789181.9902648926
Y2021_LAT24.02853_LON90.06543,2021,90.06543252746386,24.028532416179694,0.1630412658603743,0.12497280909034672,0.7052156532415882,0.006770271807690774,0.0,0.0,3,0,0,1,0,0,0,0,0.8997389232025147,899738.9232025146
Y2021_LAT24.02872_LON90.07525,2021,90.07525356210074,24.02872039296402,0.5952600786827027,0.01461529217700633,0.390124629140291,0.0,0.0,0.0,1,1,0,0,0,0,0,0,0.9565732304611206,956573.2304611206
Y2021_LAT24.02891_LON90.08507,2021,90.08507469747711,24.02890774142831,0.14133791357487557,0.015648542450774242,0.8430135439743501,0.0,0.0,0.0,3,0,0,1,0,0,0,0,0.9955336113662719,995533.611366272
Y2021_LAT24.02909_LON90.0949,2021,90.0948959331981,24.029094461614562,0.0,0.0007151352459150016,0.999284864754085,0.0,0.0,0.0,3,0,0,1,0,0,0,0,0.41892969788360596,418929.69788360596
Y2021_LAT24.02928_LON90.10472,2021,90.10471726886135,24.029280553518188,0.0,0.0,0.0,0.0,0.0,0.0,1,1,0,0,0,0,0,1,0.0,0.0
Y2021_LAT24.02947_LON90.11454,2021,90.11453870425207,24.029466017066447,0.022526431390580214,0.012367447260193105,0.9651061213492267,0.0,0.0,0.0,3,0,0,1,0,0,0,0,0.2260991318511963,226099.1318511963
Y2021_LAT24.02965_LON90.12436,2021,90.1243602389302,24.02965085236639,0.15071373957341527,0.0,0.8492862604265847,0.0,0.0,0.0,3,0,0,1,0,0,0,0,0.6228819507522583,622881.9507522583
Y2021_LAT24.02984_LON90.13418,2021,90.13418187258462,24.029835059246516,0.14048299555217034,0.0046740917006521535,0.8548429127471775,0.0,0.0,0.0,3,0,0,1,0,0,0,0,0.769200195137024,769200.1951370239
Y2021_LAT24.03002_LON90.144,2021,90.14400360500903,24.030018637753553,0.2568294783386576,0.0,0.7431705216613425,0.0,0.0,0.0,3,0,0,1,0,0,0,0,0.6470675158386231,647067.515838623
Y2021_LAT24.0302_LON90.15383,2021,90.15382543554587,24.030201587748444,0.0,0.0,1.0,0.0,0.0,0.0,3,0,0,1,0,0,0,0,0.0034955336380004883,3495.5336380004883
Y2021_LAT24.03164_LON90.2324,2021,90.23240357988286,24.03164256199779,1.0,0.0,0.0,0.0,0.0,0.0,1,1,0,0,0,0,0,0,0.005094134674072266,5094.134674072266
Y2021_LAT24.03182_LON90.24223,2021,90.24222628034163,24.03181985508753,0.8517833962829356,0.14177243086040753,0.0,0.006444172856656859,0.0,0.0,1,1,0,0,0,0,0,0,0.43400328407287597,434003.284072876
Y2021_LAT24.032_LON90.25205,2021,90.25204907560126,24.031996519674784,1.0,0.0,0.0,0.0,0.0,0.0,1,1,0,0,0,0,0,0,0.006093073814392089,6093.07381439209
Y2021_LAT24.03641_LON90.0063,2021,90.0062992960744,24.036411231514084,0.844559560270386,0.108808279140192,0.010362698499850826,0.036269462089571165,0.0,0.0,1,1,0,0,0,0,0,0,0.09635688662719727,96356.88662719727
Y2021_LAT24.0366_LON90.01612,2021,90.01612040329275,24.036603057987957,0.5239821013850713,0.07506861520917223,0.3541094613438269,0.04683982206192959,0.0,0.0,1,1,0,0,0,0,0,0,0.7994188454666138,799418.8454666138
Y2021_LAT24.03679_LON90.02594,2021,90.02594161342284,24.036794256201645,0.367958404269198,0.0,0.5897880656406678,0.042253530090134224,0.0,0.0,3,0,0,1,0,0,0,0,0.056716989601135255,56716.989601135254
Y2021_LAT24.03755_LON90.06523,2021,90.06522747377883,24.03755276480753,0.6618468457467308,0.17463838837256912,0.1635147658807001,0.0,0.0,0.0,1,1,0,0,0,0,0,0,0.0897743159942627,89774.3159942627
Y2021_LAT24.03774_LON90.07505,2021,90.07504919227634,24.03774082072983,0.5837083158696017,0.00042872358789165945,0.4158629605425067,0.0,0.0,0.0,1,1,0,0,0,0,0,0,0.4658553452377319,465855.34523773193
Y2021_LAT24.03793_LON90.08487,2021,90.0848710115662,24.037928248246708,0.1518273420444055,0.10059370158786762,0.7475789563677269,0.0,0.0,0.0,3,0,0,1,0,0,0,0,0.31965987990570066,319659.8799057007
Y2021_LAT24.04562_LON90.01591,2021,90.01591182811815,24.045622993824633,0.0,0.005213787788993193,0.9947862122110068,0.0,0.0,0.0,3,0,0,1,0,0,0,0,0.09575872640228271,95758.72640228271
