grid_id,year,longitude,latitude,frac_built,frac_vegetation,frac_cropland,frac_water,frac_wetland,frac_bare,dominant_class,oh_built,oh_vegetation,oh_cropland,oh_water,oh_wetland,oh_bare,mixed_flag,valid_obs_ratio,a_valid
Y2022_LAT23.52482_LON90.15502,2022,90.15502415698468,23.524824690620612,0.0,0.0,0.0,1.0,0.0,0.0,4,0,0,0,1,0,0,0,0.08778755969238282,87787.55969238281
Y2022_LAT23.525_LON90.16481,2022,90.16480821194499,23.52500333582075,0.0,0.0,0.0,1.0,0.0,0.0,4,0,0,0,1,0,0,0,0.4589164562301636,458916.4562301636
Y2022_LAT23.52518_LON90.17459,2022,90.17459236327528,23.5251813673849,0.32741456658288537,0.36099398664789767,0.19179846324703997,0.11494958190389953,0.0006457861753510913,0.0041976154429263605,2,0,1,0,0,0,0,1,0.30931080532836913,309310.80532836914
Y2022_LAT23.53385_LON90.15483,2022,90.15483003468516,23.533846342091746,0.0,0.0,0.0,1.0,0.0,0.0,4,0,0,0,1,0,0,0,0.6275947598495484,627594.7598495483
Y2022_LAT23.53403_LON90.16461,2022,90.16461475513425,23.53402506394596,0.17850074863733284,0.03580017240310237,0.009800061510019747,0.775899017449545,0.0,0.0,4,0,0,0,1,0,0,0,0.9987303644256592,998730.3644256592
Y2022_LAT23.5342_LON90.1744,2022,90.17439957193227,23.534203171844304,0.6751929106562802,0.0813673358243985,0.2248068801053189,0.015876525765124147,0.0027563476488783644,0.0,1,1,0,0,0,0,0,0,0.9058607890701293,905860.7890701294
Y2022_LAT23.53438_LON90.18418,2022,90.18418448473497,23.53438066576062,1.0,0.0,0.0,0.0,0.0,0.0,1,1,0,0,0,0,0,0,0.016579294891357423,16579.294891357422
Y2022_LAT23.54269_LON90.14485,2022,90.14485052638558,23.542688569006817,0.0,0.0,0.0,1.0,0.0,0.0,4,0,0,0,1,0,0,0,0.21572049773406982,215720.49773406982
Y2022_LAT23.54287_LON90.15464,2022,90.15463581577698,23.542867981597322,0.07373217623554323,0.0023618949840501775,0.0,0.9239059287804066,0.0,0.0,4,0,0,0,1,0,0,0,0.972549864227295,972549.8642272949
Y2022_LAT23.54305_LON90.16442,2022,90.16442120199689,23.543046780077745,0.7449006912911541,0.13109991797760223,0.0,0.12399939073124366,0.0,0.0,1,1,0,0,0,0,0,0,0.9987303672103882,998730.3672103882
Y2022_LAT23.54322_LON90.17421,2022,90.17420668451803,23.54322496427895,0.5824986844839393,0.03840004281550492,0.3632012641704931,0.0011000051952365746,0.014800003334826109,0.0,1,1,0,0,0,0,0,0,0.9987446240844726,998744.6240844727
Y2022_LAT23.5434_LON90.18399,2022,90.18399226315104,23.543402534303326,0.6022621666469233,0.0004712530962763048,0.3972665802568004,0.0,0.0,0.0,1,1,0,0,0,0,0,0,0.21193544891357421,211935.44891357422
Y2022_LAT23.55153_LON90.13487,2022,90.13486968623559,23.551530015836853,0.0,0.0,0.0,1.0,0.0,0.0,4,0,0,0,1,0,0,0,0.08099400813293457,80994.00813293457
Y2022_LAT23.55171_LON90.14466,2022,90.14465554458269,23.551710119708087,0.0018820002892530317,0.0,0.0,0.998117999710747,0.0,0.0,4,0,0,0,1,0,0,0,0.9021277667770385,902127.7667770386
Y2022_LAT23.55189_LON90.15444,2022,90.15444150021044,23.551889609170125,0.38350035948271693,0.22740064956306882,0.014400091694121035,0.340698704670592,0.034000194589501216,0.0,1,1,0,0,0,0,0,1,0.9987160634460449,998716.0634460449
Y2022_LAT23.55207_LON90.16423,2022,90.16422755244805,23.552068484213372,0.5601005956917391,0.23779927078582538,0.19640017144352437,0.0018999880955363683,0.0037999739833747574,0.0,1,1,0,0,0,0,0,0,0.9987303698120117,998730.3698120117
Y2022_LAT23.55225_LON90.17401,2022,90.1740137011059,23.552246744855402,0.7762874760046999,0.016288075893122873,0.16110845330532972,0.02293642539001418,0.023379569406833247,0.0,1,1,0,0,0,0,0,0,0.9013664519577026,901366.4519577026
Y2022_LAT23.55242_LON90.1838,2022,90.18379994580019,23.552424390933815,0.3206523386864393,0.14130441566728646,0.426630287328828,0.11141295831744624,0.0,0.0,3,0,0,1,0,0,0,1,0.07350824320220947,73508.24320220947
Y2022_LAT23.55946_LON90.07596,2022,90.07595685000386,23.55945748442499,0.0,1.0,0.0,0.0,0.0,0.0,2,0,1,0,0,0,0,0,0.10395469815063477,103954.69815063477
Y2022_LAT23.55964_LON90.08574,2022,90.08574278524303,23.559641352957325,0.0,0.8591995153969075,0.0,0.0,0.0,0.14080048460309244,2,0,1,0,0,0,0,0,0.06241312474822998,62413.12474822998
Y2022_LAT23.56055_LON90.13467,2022,90.1346739410854,23.560551477377906,0.0,0.0,0.0,1.0,0.0,0.0,4,0,0,0,1,0,0,0,0.38000215110778807,380002.1511077881
Y2022_LAT23.56073_LON90.14446,2022,90.14446046595044,23.560731658431777,0.2765013686442267,0.0,0.0,0.7234986313557733,0.0,0.0,4,0,0,0,1,0,0,0,0.9987017121124268,998701.7121124268
Y2022_LAT23.56091_LON90.15425,2022,90.15424708780246,23.56091122487003,0.6076994642019847,0.20340035473409077,0.11070012358949492,0.007799998282782086,0.07040005919164749,0.0,1,1,0,0,0,0,0,0,0.9987160675735474,998716.0675735474
Y2022_LAT23.56109_LON90.16403,2022,90.16403380648616,23.56109017648935,0.6230004221558608,0.03519985259396521,0.3373997032679895,0.0015000075673660554,0.002900014414818609,0.0,1,1,0,0,0,0,0,0,0.9987303740921021,998730.374092102
Y2022_LAT23.56127_LON90.17382,2022,90.1738206215853,23.561268513405874,0.43299986616198566,0.012100040966056136,0.5549000928719582,0.0,0.0,0.0,3,0,0,1,0,0,0,0,0.9987446305694581,998744.630569458
Y2022_LAT23.56145_LON90.18361,2022,90.18360753279721,23.561446235584405,0.5853398663801062,0.17897631395919852,0.22890652969155548,0.006362354117462498,0.0004149358516773607,0.0,1,1,0,0,0,0,0,0,0.7221016843185425,722101.6843185425
Y2022_LAT23.56162_LON90.19339,2022,90.193394539743,23.561623342994867,0.3050427426080635,0.3498681129698124,0.33388281211343834,0.0,0.011206332308685727,0.0,2,0,1,0,0,0,0,1,0.6060551046066284,606055.1046066284
Y2022_LAT23.5618_LON90.20318,2022,90.20318164221113,23.561799835632396,0.30801712244751644,0.08157532888376672,0.6071257907303428,0.0004688240257973147,0.002812933912576886,0.0,3,0,0,1,0,0,0,0,0.21304068893432618,213040.68893432617
Y2022_LAT23.56811_LON90.05618,2022,90.0561841032653,23.56810872663883,0.0,0.0,0.0,1.0,0.0,0.0,4,0,0,0,1,0,0,0,0.07509282682037353,75092.82682037354
Y2022_LAT23.56829_LON90.06597,2022,90.0659705057738,23.56829390346477,0.0,0.11556132882666066,0.0,0.7645028544673027,0.0,0.11993581670603659,4,0,0,0,1,0,0,0,0.4337858655395508,433785.8655395508
Y2022_LAT23.56848_LON90.07576,2022,90.07575700812465,23.56847846549364,0.0,0.5783441087503457,0.0,0.12907544393906695,0.0,0.29258044731058735,2,0,1,0,0,0,0,0,0.8788682603988648,878868.2603988647
Y2022_LAT23.56866_LON90.08554,2022,90.08554360972573,23.56866241285735,0.0,0.6585542072485883,0.0,0.1133216920485862,0.0,0.22812410070282552,2,0,1,0,0,0,0,0,0.9437903206634521,943790.3206634521
Y2022_LAT23.56885_LON90.09533,2022,90.09533031066343,23.568845745324147,0.0,0.5419706743267136,0.0,0.25346471173153273,0.011409914018446024,0.19315469992330764,2,0,1,0,0,0,0,0,0.6126586168670655,612658.6168670654
Y2022_LAT23.56903_LON90.10512,2022,90.10511711033375,23.569028462994325,0.0,0.0,0.0,0.9911881009333264,0.0,0.008811899066673613,4,0,0,0,1,0,0,0,0.6346385269851684,634638.5269851685
Y2022_LAT23.56921_LON90.1149,2022,90.11490400835534,23.56921056583318,0.0,0.0,0.0,1.0,0.0,0.0,4,0,0,0,1,0,0,0,0.877021916267395,877021.916267395
Y2022_LAT23.56939_LON90.12469,2022,90.12469100463397,23.56939205383484,0.0,0.0,0.0,0.9271262905807218,0.0,0.07287370941927813,4,0,0,0,1,0,0,0,0.9181797448043824,918179.7448043823
Y2022_LAT23.56957_LON90.13448,2022,90.1344780985673,23.56957292699432,0.0,0.0,0.0,0.7302042100430672,0.0,0.2697957899569327,4,0,0,0,1,0,0,0,0.9724219916381835,972421.9916381836
Y2022_LAT23.56975_LON90.14427,2022,90.1442652900807,23.56975318514655,0.43660173249836154,0.0,0.0,0.526798503446327,0.0,0.036599764055311526,4,0,0,0,1,0,0,0,0.9987017156448365,998701.7156448364
Y2022_LAT23.56993_LON90.15405,2022,90.15405257867346,23.569932828379407,0.7140990277636983,0.054600138677735076,0.212100824615346,0.0003999994720516437,0.018800009471169107,0.0,1,1,0,0,0,0,0,0,0.9987160703735352,998716.0703735352
Y2022_LAT23.57011_LON90.16384,2022,90.16383996414751,23.570111856688687,0.31450009104646853,0.2031004166031759,0.41409915782342815,0.00890004052569781,0.05940029400122939,0.0,3,0,0,1,0,0,0,1,0.998730376991272,998730.376991272
Y2022_LAT23.57029_LON90.17363,2022,90.1736274458886,23.570290270004396,0.2591999806729298,0.18819949250736848,0.4619003730017991,0.018600023020684076,0.07210013079721854,0.0,3,0,0,1,0,0,0,1,0.9987446329345703,998744.6329345703
Y2022_LAT23.57047_LON90.18342,2022,90.18341502396615,23.570468068336094,0.7750003733538636,0.16969956476490383,0.04980009452176594,0.0011999962364787767,0.004299971122987792,0.0,1,1,0,0,0,0,0,0,0.9987588417053223,998758.8417053223
Y2022_LAT23.57065_LON90.1932,2022,90.19320269775938,23.57064525159108,0.5114991092593376,0.13670011669188922,0.3329007878017313,0.017699986427906527,0.001199999819135379,0.0,1,1,0,0,0,0,0,0,0.9987730005722046,998773.0005722046
Y2022_LAT23.57082_LON90.20299,2022,90.2029904670772,23.570821819783017,0.10083925067648707,0.013989211473277295,0.714035426166526,0.06959674627543418,0.10153936540827543,0.0,3,0,0,1,0,0,0,0,0.856758760231018,856758.7602310181
Y2022_LAT23.57694_LON90.0462,2022,90.04619585909796,23.576943666385603,0.0,0.0,0.0,1.0,0.0,0.0,4,0,0,0,1,0,0,0,0.13360740531921386,133607.40531921387
Y2022_LAT23.57713_LON90.05598,2022,90.05598282827117,23.577129537391478,0.0,0.351977238517054,0.0,0.422908461095559,0.0,0.225114300387387,4,0,0,0,1,0,0,1,0.9319660593185425,931966.0593185425
Y2022_LAT23.57731_LON90.06577,2022,90.065769897539,23.577314793497933,0.0,0.0052999983633978945,0.0,0.9723998659587721,0.0,0.02230013567782997,4,0,0,0,1,0,0,0,0.9985851132507324,998585.1132507324
Y2022_LAT23.5775_LON90.07556,2022,90.07555706663567,23.577499434562377,0.0,0.33199979954223746,0.0,0.1472995624250969,0.0,0.5207006380326656,6,0,0,0,0,0,1,0,0.998599859550476,998599.8595504761
Y2022_LAT23.57768_LON90.08534,2022,90.08534433523448,23.5776834605988,0.0,0.24689970574750558,0.0,0.5348007825028024,0.0022999868328807474,0.2159995249168113,4,0,0,0,1,0,0,0,0.9986145565185547,998614.5565185547
Y2022_LAT23.57787_LON90.09513,2022,90.0951317028898,23.57786687159305,0.0,0.058399707464185845,0.0,0.938900305671254,0.0,0.0026999868645601124,4,0,0,0,1,0,0,0,0.9986292078323364,998629.2078323364
Y2022_LAT23.57805_LON90.10492,2022,90.10491916941976,23.578049667496614,0.0,0.0,0.0,1.0,0.0,0.0,4,0,0,0,1,0,0,0,0.9986438070220948,998643.8070220947
Y2022_LAT23.57823_LON90.11471,2022,90.11470673447899,23.57823184828701,0.0,0.0,0.0,0.8260998850215236,0.0,0.17390011497847635,4,0,0,0,1,0,0,0,0.9986583585891724,998658.3585891724
Y2022_LAT23.57841_LON90.12449,2022,90.12449439763861,23.578413414009635,0.0,0.0,0.0,0.4742992446462419,0.0,0.525700755353758,6,0,0,0,0,0,1,0,0.9986728618240357,998672.8618240356
Y2022_LAT23.57859_LON90.13428,2022,90.13428215864754,23.57859436451453,0.04300023091663123,0.0,0.0,0.6545000027699095,0.0,0.30249976631345926,4,0,0,0,1,0,0,0,0.9986873137054444,998687.3137054443
Y2022_LAT23.57877_LON90.14407,2022,90.14407001710569,23.578774699885162,0.7849010155266903,0.0,0.0,0.2150989844733096,0.0,0.0,1,1,0,0,0,0,0,0,0.9987017188186645,998701.7188186646
Y2022_LAT23.57895_LON90.15386,2022,90.15385797276721,23.57895442004642,0.8830995228326843,0.04050005400826937,0.07640042315904631,0.0,0.0,0.0,1,1,0,0,0,0,0,0,0.9987160729522705,998716.0729522705
Y2022_LAT23.57913_LON90.16365,2022,90.16364602520018,23.579133524951896,0.44579924850901886,0.0698001474215979,0.47000052413843363,0.005600024387744186,0.00880005554320556,0.0,3,0,0,1,0,0,0,1,0.9987303795242309,998730.379524231
Y2022_LAT23.57931_LON90.17343,2022,90.17343417417264,23.57931201463274,0.328800055729965,0.3294000734890068,0.2806997317103907,0.01780007838463319,0.0433000606860043,0.0,2,0,1,0,0,0,0,1,0.9987446366500855,998744.6366500854
Y2022_LAT23.57949_LON90.18322,2022,90.18322241933929,23.579489889063357,0.8200006873794825,0.04339976401565898,0.07069971156573145,0.04509982361833169,0.0208000134207955,0.0,1,1,0,0,0,0,0,0,0.9987588431625366,998758.8431625366
Y2022_LAT23.57967_LON90.19301,2022,90.19301076029917,23.579667148169737,0.6752994255037575,0.013400085620959342,0.05790037090078342,0.004599979899100303,0.24880013807539952,0.0,1,1,0,0,0,0,0,0,0.9987730033416748,998773.0033416748
Y2022_LAT23.57984_LON90.2028,2022,90.20279919675204,23.579843791963405,0.05747997143948503,0.011142924761341011,0.7198806189192505,0.08770976539090841,0.12378671948901508,0.0,3,0,0,1,0,0,0,0,0.9053000693664551,905300.0693664551
Y2022_LAT23.58002_LON90.21259,2022,90.21258772841915,23.580019820434256,0.0,0.0,0.04615383606546619,0.0,0.9538461639345338,0.0,5,0,0,0,0,1,0,0,0.006492164047241211,6492.164047241211
Y2022_LAT23.58596_LON90.04599,2022,90.04599381691534,23.58596438550922,0.0,0.0,0.0,1.0,0.0,0.0,4,0,0,0,1,0,0,0,0.005591948699951172,5591.948699951172
Y2022_LAT23.58615_LON90.05578,2022,90.05578145311696,23.586150336100093,0.0,0.4357150933751933,0.0,0.5617452319777682,0.0,0.002539674647038671,4,0,0,0,1,0,0,0,0.6291007388534546,629100.7388534546
Y2022_LAT23.58634_LON90.06557,2022,90.06556918952256,23.586335671448463,0.0,0.07349951262919854,0.0,0.9264004880266458,0.0,9.999934415567496e-05,4,0,0,0,1,0,0,0,0.9985851166687012,998585.1166687012
Y2022_LAT23.58652_LON90.07536,2022,90.07535702573853,23.58652039155245,0.0,0.00760000517970408,0.0,0.9242000204916901,0.0,0.06819997432860578,4,0,0,0,1,0,0,0,0.9985998625869751,998599.8625869751
Y2022_LAT23.5867_LON90.08514,2022,90.08514496146475,23.586704496283456,0.0,0.0,0.0,1.0,0.0,0.0,4,0,0,0,1,0,0,0,0.9986145607376099,998614.5607376099
Y2022_LAT23.58689_LON90.09493,2022,90.0949329963622,23.586887985781267,0.0,0.0,0.0,1.0,0.0,0.0,4,0,0,0,1,0,0,0,0.9986292118606568,998629.2118606567
Y2022_LAT23.58707_LON90.10472,2022,90.10472113013071,23.58707085993436,0.0,0.0,0.0,1.0,0.0,0.0,4,0,0,0,1,0,0,0,0.9986438112792969,998643.8112792969
Y2022_LAT23.58725_LON90.11451,2022,90.11450936239324,23.587253118705235,0.03690021226649496,0.0004000025401602962,0.03380011134791618,0.9288996738454286,0.0,0.0,4,0,0,0,1,0,0,0,0.9986583614883423,998658.3614883423
Y2022_LAT23.58743_LON90.1243,2022,90.12429769287054,23.587434762095437,0.33850081133968596,0.014899998434969043,0.10809972738550655,0.5384994628398384,0.0,0.0,4,0,0,0,1,0,0,0,0.9986728641891479,998672.864189148
Y2022_LAT23.58762_LON90.13409,2022,90.13408612110976,23.58761579005396,0.9027003468052228,0.001099997978531606,0.0,0.09619965521624568,0.0,0.0,1,1,0,0,0,0,0,0,0.9986873183517456,998687.3183517456
Y2022_LAT23.5878_LON90.14387,2022,90.14387464704231,23.58779620262227,0.9989000075125855,0.0010999924874145492,0.0,0.0,0.0,0.0,1,1,0,0,0,0,0,0,0.99870172265625,998701.72265625
Y2022_LAT23.58798_LON90.15366,2022,90.15366326991588,23.58797599966816,0.9228995842072583,0.040900200722387973,0.03620021507035372,0.0,0.0,0.0,1,1,0,0,0,0,0,0,0.9987160771179199,998716.0771179199
Y2022_LAT23.58816_LON90.16345,2022,90.16345198990635,23.58815518125924,0.23059947422266694,0.13930047389533812,0.6301000518819949,0.0,0.0,0.0,3,0,0,1,0,0,0,0,0.9987303838272095,998730.3838272095
Y2022_LAT23.58833_LON90.17324,2022,90.17324080625525,23.588333747325716,0.12109980679815728,0.19029988970814737,0.5798001196026896,0.10880018389100571,0.0,0.0,3,0,0,1,0,0,0,0,0.9987446397399903,998744.6397399902
Y2022_LAT23.58851_LON90.18303,2022,90.183029718879,23.58851169786459,0.07849984134047887,0.0,0.47910093746628685,0.2865988436356085,0.1558003775576258,0.0,3,0,0,1,0,0,0,1,0.998758849029541,998758.849029541
Y2022_LAT23.58869_LON90.19282,2022,90.19281872730237,23.588689032843238,0.0,0.0,0.3159996447028161,0.014799946111158408,0.6692004091860255,0.0,5,0,0,0,0,1,0,0,0.9987730065689087,998773.0065689087
Y2022_LAT23.58887_LON90.20261,2022,90.20260783126669,23.588865752282388,0.004900032851139915,0.0,0.49560033252896274,0.004899992427354725,0.49459964219254265,0.0,3,0,0,1,0,0,0,1,0.9987871167831421,998787.1167831421
Y2022_LAT23.58904_LON90.2124,2022,90.21239703050647,23.589041856029944,0.19857331013431093,0.0,0.13323790786449474,0.0,0.6681887820011944,0.0,5,0,0,0,0,1,0,0,0.35007886922454834,350078.86922454834
Y2022_LAT23.5948_LON90.036,2022,90.03600347111704,23.59479844691392,0.0,0.0,0.0,0.0,0.0,1.0,6,0,0,0,0,0,1,0,0.00029956439208984377,299.56439208984375
Y2022_LAT23.59499_LON90.04579,2022,90.04579167419091,23.59498509252726,0.0,0.10497731763432935,0.0,0.3582449020282685,0.0,0.5367777803374022,6,0,0,0,0,0,1,0,0.6801172602539063,680117.2602539062
Y2022_LAT23.59517_LON90.05558,2022,90.05557997778936,23.59517112263364,0.0,0.02849986597882595,0.0,0.8197004968582827,0.0,0.15179963716289133,4,0,0,0,1,0,0,0,0.9985703222198486,998570.3222198486
Y2022_LAT23.59536_LON90.06537,2022,90.06536838164709,23.595356537252762,0.0,0.0,0.0,1.0,0.0,0.0,4,0,0,0,1,0,0,0,0.9985851197967529,998585.1197967529
Y2022_LAT23.59554_LON90.07516,2022,90.07515688533432,23.59554133638684,0.0,0.0,0.0,1.0,0.0,0.0,4,0,0,0,1,0,0,0,0.9985998668136596,998599.8668136597
Y2022_LAT23.59573_LON90.08495,2022,90.08494548853858,23.595725519964397,0.0,0.0,0.0,1.0,0.0,0.0,4,0,0,0,1,0,0,0,0.9986145637664795,998614.5637664795
Y2022_LAT23.59591_LON90.09473,2022,90.09473419102342,23.595909087928014,0.059900302798785006,0.0,0.00990005982808998,0.9263996565174403,0.0,0.003799980855684737,4,0,0,0,1,0,0,0,0.9986292143249512,998629.2143249512
Y2022_LAT23.59609_LON90.10452,2022,90.10452299225352,23.596092040304715,0.23550006245953892,0.008000001888730904,0.34330061721593846,0.4131993184357917,0.0,0.0,4,0,0,0,1,0,0,1,0.998643813873291,998643.813873291
Y2022_LAT23.59627_LON90.11431,2022,90.11431189212549,23.596274377093007,0.7273006322536251,0.0040000224365041755,0.23699949611184623,0.03169984919802448,0.0,0.0,1,1,0,0,0,0,0,0,0.9986583655319213,998658.3655319214
Y2022_LAT23.59646_LON90.1241,2022,90.12410089023778,23.596456098183445,0.5757995432324691,0.11880020400906473,0.17160011474243944,0.13380013801602675,0.0,0.0,1,1,0,0,0,0,0,0,0.9986728685302735,998672.8685302734
Y2022_LAT23.59664_LON90.13389,2022,90.13388998618139,23.596637203605646,0.9045005127462679,0.07799960106073223,0.014299905866982226,0.003199980326017629,0.0,0.0,1,1,0,0,0,0,0,0,0.9986873205261231,998687.320526123
Y2022_LAT23.59682_LON90.14368,2022,90.1436791796325,23.596817693356176,0.7781993453670365,0.08340016767457997,0.11570045085566585,0.007700003246378539,0.015000032856339093,0.0,1,1,0,0,0,0,0,0,0.9987017257919312,998701.7257919312
Y2022_LAT23.597_LON90.15347,2022,90.1534684703842,23.59699756729302,0.5577000609876326,0.023300006153533583,0.4166999444263255,0.002299988432508494,0.0,0.0,1,1,0,0,0,0,0,0,0.9987160798034668,998716.0798034668
Y2022_LAT23.59718_LON90.16326,2022,90.16325785798442,23.597176825579254,0.27929904160120195,0.1430003399862928,0.5777006184125052,0.0,0.0,0.0,3,0,0,1,0,0,0,0,0.998730386795044,998730.386795044
Y2022_LAT23.59736_LON90.17305,2022,90.1730473421215,23.597355468053422,0.05339986491112494,0.19319940991048984,0.7332006872271754,0.020200037951209858,0.0,0.0,3,0,0,1,0,0,0,0,0.9987446420135498,998744.6420135498
Y2022_LAT23.59753_LON90.18284,2022,90.18283692257297,23.597533494740503,0.0,0.0,0.7858995604211297,0.14020023762169223,0.0739002019571781,0.0,3,0,0,1,0,0,0,0,0.9987588518447876,998758.8518447876
Y2022_LAT23.59771_LON90.19263,2022,90.19262659872543,23.597710905631754,0.0,0.0,0.6596000756806463,0.026599871693463367,0.3138000526258904,0.0,3,0,0,1,0,0,0,0,0.9987730102996826,998773.0102996826
Y2022_LAT23.59789_LON90.20242,2022,90.20241637070119,23.597887700577804,0.0,0.0,0.5723001815706317,0.0158000375470828,0.4118997808822855,0.0,3,0,0,1,0,0,0,0,0.9987871192245483,998787.1192245483
Y2022_LAT23.59806_LON90.21221,2022,90.2122062376602,23.598063879734603,0.0,0.0,0.3661296199717382,0.0,0.6338703800282618,0.0,5,0,0,0,0,1,0,0,0.997902252861023,997902.252861023
Y2022_LAT23.59824_LON90.222,2022,90.22199619966455,23.598239442940674,0.26188921214777283,0.0022398390552652377,0.1181941393230934,0.01722956771929387,0.6004472417545746,0.0,5,0,0,0,0,1,0,0,0.5797111211776733,579711.1211776733
Y2022_LAT23.60382_LON90.0358,2022,90.03580056023165,23.603819061985668,0.0,0.01027397040341539,0.0,0.002283103972006249,0.0,0.9874429256245784,6,0,0,0,0,0,1,0,0.08747274250030518,87472.74250030518
Y2022_LAT23.60401_LON90.04559,2022,90.04558943091567,23.604005787425084,0.0,0.05229994449992933,0.0,0.00749997623957669,0.0,0.940200079260494,6,0,0,0,0,0,1,0,0.9985554807815552,998555.4807815552
Y2022_LAT23.60419_LON90.05538,2022,90.05537840228902,23.60419189714959,0.0,0.0,0.0,0.33980142166728217,0.0,0.6601985783327179,6,0,0,0,0,0,1,0,0.9985703257522583,998570.3257522583
Y2022_LAT23.60438_LON90.06517,2022,90.06516747388737,23.604377391111335,0.0,0.0,0.0,1.0,0.0,0.0,4,0,0,0,1,0,0,0,0.9985851228179932,998585.1228179932
Y2022_LAT23.60456_LON90.07496,2022,90.07495664535803,23.604562269246284,0.0,0.0,0.0,0.9979999855620145,0.0,0.002000014437985447,4,0,0,0,1,0,0,0,0.9985998696670533,998599.8696670532
Y2022_LAT23.60475_LON90.08475,2022,90.08474591641308,23.60474653158036,0.024700146876712414,0.004100024522566127,0.09460027323699717,0.7883998217614152,0.0,0.08819973360230919,4,0,0,0,1,0,0,0,0.9986145675125122,998614.5675125122
Y2022_LAT23.60493_LON90.09454,2022,90.09453528668544,23.604930178071733,0.5168002009959562,0.019199891475284166,0.3379005106001968,0.12609939692856292,0.0,0.0,1,1,0,0,0,0,0,0,0.9986292183609009,998629.2183609009
Y2022_LAT23.60511_LON90.10432,2022,90.1043247559147,23.605113208680958,0.5754996888041123,0.03320002447777641,0.346600213198835,0.044700073519276455,0.0,0.0,1,1,0,0,0,0,0,0,0.9986438179016113,998643.8179016113
Y2022_LAT23.6053_LON90.11411,2022,90.11411432372446,23.60529562340362,0.857400403887877,0.0007000031798032334,0.14189959293231977,0.0,0.0,0.0,1,1,0,0,0,0,0,0,0.9986583685302735,998658.3685302734
Y2022_LAT23.60548_LON90.1239,2022,90.12390398965758,23.605477422241357,0.9916999928123452,0.0018999933692671763,0.006400013818387616,0.0,0.0,0.0,1,1,0,0,0,0,0,0,0.9986728706359863,998672.8706359863
Y2022_LAT23.60566_LON90.13369,2022,90.13369375359669,23.605658605116787,1.0,0.0,0.0,0.0,0.0,0.0,1,1,0,0,0,0,0,0,0.9986873244476319,998687.3244476318
Y2022_LAT23.60584_LON90.14348,2022,90.14348361519569,23.605839172024595,0.5807989271358424,0.1840005058439174,0.22810054761136458,0.001900006067818775,0.005200013341056881,0.0,1,1,0,0,0,0,0,0,0.9987017288665772,998701.7288665771
Y2022_LAT23.60602_LON90.15327,2022,90.15327357382665,23.606019123018413,0.19160058353289952,0.32579945050842635,0.4795999481141079,0.003000017844566225,0.0,0.0,3,0,0,1,0,0,0,1,0.9987160824584961,998716.0824584961
Y2022_LAT23.6062_LON90.16306,2022,90.16306362953624,23.606198457881845,0.19099984441223583,0.05280000091480891,0.7481001005321258,0.008100054140829451,0.0,0.0,3,0,0,1,0,0,0,0,0.9987303893127442,998730.3893127441
Y2022_LAT23.60638_LON90.17285,2022,90.17285378180443,23.60637717677695,0.10919989339096958,0.02170000934377855,0.6240005193486828,0.22879964673104636,0.011399946962934785,0.0048999842225880205,3,0,0,1,0,0,0,0,0.9987446460037231,998744.6460037231
Y2022_LAT23.60656_LON90.18264,2022,90.18264403032298,23.606555279582388,0.0011000068027593234,0.0,0.5652993641321035,0.4217005565716479,0.011900072493489153,0.0,3,0,0,1,0,0,0,0,0.9987588532562256,998758.8532562256
Y2022_LAT23.60673_LON90.19243,2022,90.19243437472318,23.606732766304486,0.15379945061799927,0.0021999940414865905,0.7497009957126475,0.00029999789999595453,0.09399956172787087,0.0,3,0,0,1,0,0,0,0,0.9987730131530762,998773.0131530762
Y2022_LAT23.60691_LON90.20222,2022,90.2022248147192,23.606909636959887,0.19910014290578715,0.0,0.7332997383723064,0.02550007369660078,0.04210004502530564,0.0,3,0,0,1,0,0,0,0,0.9987871231842042,998787.1231842041
Y2022_LAT23.60709_LON90.21202,2022,90.21201535005709,23.607085891444353,0.28570019436062727,0.0,0.6661998751229393,0.003499980953118432,0.044599949563314964,0.0,3,0,0,1,0,0,0,0,0.9988011834716797,998801.1834716797
Y2022_LAT23.60726_LON90.22181,2022,90.22180598019388,23.607261529761217,0.5954607240156377,0.01157772443201385,0.22440344313848332,0.0,0.1685581084138652,0.0,1,1,0,0,0,0,0,0,0.8799554725189209,879955.4725189209
Y2022_LAT23.61081_LON90.42743,2022,90.4274305541086,23.610807560186927,0.3399209563794271,0.16469007391048543,0.0,0.49407145097645455,0.0,0.0013175187336329055,4,0,0,0,1,0,0,1,0.07583186631774902,75831.86631774902
Y2022_LAT23.61097_LON90.43722,2022,90.43722318872717,23.610969637114824,0.05817167592591308,0.0,0.0,0.9418283240740869,0.0,0.0,4,0,0,0,1,0,0,0,0.03606773405456543,36067.73405456543
Y2022_LAT23.61284_LON90.0356,2022,90.03559754830985,23.612839664946023,0.0,0.0,0.0,0.0,0.0,1.0,6,0,0,0,0,0,1,0,0.014279223342895508,14279.223342895508
Y2022_LAT23.61303_LON90.04539,2022,90.04538708714924,23.613026470206158,0.0,0.0,0.0,0.26411357126896584,0.0,0.7358864287310342,6,0,0,0,0,0,1,0,0.4457563989028931,445756.39890289307
Y2022_LAT23.61321_LON90.05518,2022,90.05517672655843,23.61321265948055,0.0,0.0,0.0,0.9575002618236969,0.0,0.04249973817630314,4,0,0,0,1,0,0,0,0.9985703291397094,998570.3291397095
Y2022_LAT23.6134_LON90.06497,2022,90.06496646621665,23.61339823274285,0.0,0.0,0.0,1.0,0.0,0.0,4,0,0,0,1,0,0,0,0.9985851262435913,998585.1262435913
Y2022_LAT23.61358_LON90.07476,2022,90.0747563058962,23.61358318994972,0.19140071450035762,0.021099995055771238,0.04970024327938697,0.6980989321189928,0.0,0.03970011504549144,4,0,0,0,1,0,0,0,0.9985998730926514,998599.8730926514
Y2022_LAT23.61377_LON90.08455,2022,90.08454624501395,23.61376753104904,0.4910007699583011,0.029599902333861658,0.4162996765455147,0.06019967102100983,0.0,0.002899980141312733,1,1,0,0,0,0,0,1,0.9986145711746216,998614.5711746216
Y2022_LAT23.61395_LON90.09434,2022,90.09433628353942,23.61395125610378,0.7170003786423031,0.0038999876463280203,0.267199697892738,0.01189993581863086,0.0,0.0,1,1,0,0,0,0,0,0,0.9986292208175659,998629.2208175659
Y2022_LAT23.61413_LON90.10413,2022,90.10412642097,23.614134364971328,0.51099964826861,0.029199986928983568,0.4311003456837949,0.02870001911861168,0.0,0.0,1,1,0,0,0,0,0,0,0.9986438207550049,998643.8207550049
Y2022_LAT23.61432_LON90.11392,2022,90.11391665697448,23.614316857740192,0.8581005421853967,0.017100057916982967,0.12399940037995083,0.0007999995176695425,0.0,0.0,1,1,0,0,0,0,0,0,0.9986583722610474,998658.3722610474
Y2022_LAT23.6145_LON90.12371,2022,90.12370699129812,23.61449873431452,1.0,0.0,0.0,0.0,0.0,0.0,1,1,0,0,0,0,0,0,0.9986728748474121,998672.8748474121
Y2022_LAT23.61468_LON90.1335,2022,90.13349742343316,23.61467999466885,0.9998999992860547,0.00010000071394529373,0.0,0.0,0.0,0.0,1,1,0,0,0,0,0,0,0.9986873279266357,998687.3279266357
Y2022_LAT23.61486_LON90.14329,2022,90.14328795335798,23.61486063877238,0.8973997364450821,0.09000024678263956,0.0,0.01260001677227844,0.0,0.0,1,1,0,0,0,0,0,0,0.9987017328643799,998701.7328643799
Y2022_LAT23.61504_LON90.15308,2022,90.15307858043687,23.615040666645115,0.3902990733218086,0.16559966990435968,0.42630128801574724,0.017799968758084504,0.0,0.0,3,0,0,1,0,0,0,1,0.9987160867767334,998716.0867767334
Y2022_LAT23.61522_LON90.16287,2022,90.16286930451557,23.615220078290914,0.00789994742719243,9.999946515958617e-05,0.7630989845217346,0.020600122967998413,0.20830094561791496,0.0,3,0,0,1,0,0,0,0,0.9987303934936523,998730.3934936523
Y2022_LAT23.6154_LON90.17266,2022,90.17266012520611,23.61539887357998,0.0,0.0,0.4978006553023067,0.058099820065976006,0.44409952463171726,0.0,3,0,0,1,0,0,0,1,0.9987446488800049,998744.6488800049
Y2022_LAT23.61558_LON90.18245,2022,90.18245104215279,23.615577052584186,0.24590096252311539,0.013800029313319886,0.6182993480897647,0.0,0.12199966007380002,0.0,3,0,0,1,0,0,0,0,0.9987588570709228,998758.8570709229
Y2022_LAT23.61575_LON90.19224,2022,90.1922420550847,23.615754615174378,0.38089878769687296,0.0,0.6077011627017044,0.006300027840691615,0.005100021760730988,0.0,3,0,0,1,0,0,0,0,0.9987730157546997,998773.0157546997
Y2022_LAT23.61593_LON90.20203,2022,90.2020331635949,23.615931561389,0.1822000224342534,0.015200047924764907,0.7902999779117779,0.004999972618461995,0.007299979110741833,0.0,3,0,0,1,0,0,0,0,0.9987871255493164,998787.1255493164
Y2022_LAT23.61611_LON90.21182,2022,90.21182436738655,23.616107891202397,0.07619996697074802,0.1860005616282894,0.7364994798328337,0.0,0.0012999915681289114,0.0,3,0,0,1,0,0,0,0,0.9988011865310669,998801.1865310669
Y2022_LAT23.61628_LON90.22162,2022,90.22161566619138,23.616283604691276,0.5409023789405187,0.0040395895708926766,0.4550580314885886,0.0,0.0,0.0,1,1,0,0,0,0,0,0,0.9890267427825927,989026.7427825928
Y2022_LAT23.61646_LON90.23141,2022,90.23140705959227,23.616458701651823,0.9058184484474412,0.045196345852920095,0.04411377250959756,0.004871433190041191,0.0,0.0,1,1,0,0,0,0,0,0,0.3690664388809204,369066.4388809204
Y2022_LAT23.61967_LON90.41746,2022,90.41746107053739,23.61966838825803,0.01145036770472676,0.019083949866412677,0.9236642183136087,0.04580146411525185,0.0,0.0,3,0,0,1,0,0,0,0,0.02617617839050293,26176.17839050293
Y2022_LAT23.61983_LON90.42725,2022,90.4272542864896,23.619831151377753,0.06813941586860893,0.1809564716239831,0.6196171216985737,0.11718484963595345,0.0,0.014102141172880755,3,0,0,1,0,0,0,0,0.800578106552124,800578.106552124
Y2022_LAT23.61999_LON90.43705,2022,90.4370475903296,23.619993297595872,0.5022270098469602,0.2817854664936312,0.011578701327323207,0.20195948862660243,0.0,0.002449333705483029,1,1,0,0,0,0,0,0,0.8974011365432739,897401.1365432739
Y2022_LAT23.62015_LON90.44684,2022,90.44684098128893,23.620154826879592,0.5033138653846981,0.04971589969388417,0.0,0.3906255273757965,0.0,0.05634470754562125,1,1,0,0,0,0,0,0,0.21101419497680665,211014.19497680664
Y2022_LAT23.62205_LON90.04518,2022,90.04518464271203,23.622047140918905,0.0,0.0,0.0,0.6870550044464901,0.0,0.31294499555350985,4,0,0,0,1,0,0,0,0.5322318859786987,532231.8859786987
Y2022_LAT23.62223_LON90.05497,2022,90.05497495053406,23.622233409833044,0.0,0.0,0.0,1.0,0.0,0.0,4,0,0,0,1,0,0,0,0.9985703326950073,998570.3326950073
Y2022_LAT23.62242_LON90.06477,2022,90.06476535865332,23.622419062320585,0.26130098279532227,0.15320006942064554,0.041000160484358256,0.5172986579216379,0.0009999973403225946,0.026200132037713462,4,0,0,0,1,0,0,0,0.9985851296691894,998585.1296691895
Y2022_LAT23.6226_LON90.07456,2022,90.07455586674224,23.622604098558412,0.8698004770258754,0.07129964797815118,0.022700000744158677,0.03579987716441949,0.0,0.00039999708739538376,1,1,0,0,0,0,0,0,0.9985998769073486,998599.8769073486
Y2022_LAT23.62279_LON90.08435,2022,90.08434647443278,23.622788518511836,0.8459005172766804,0.009499940966511362,0.11169946817157357,0.032900073585234696,0.0,0.0,1,1,0,0,0,0,0,0,0.9986145741653443,998614.5741653442
Y2022_LAT23.62297_LON90.09414,2022,90.09413718140415,23.622972322092547,0.9619998135375843,0.005100024992106155,0.03280016134788066,0.00010000012242886982,0.0,0.0,1,1,0,0,0,0,0,0,0.9986292247772217,998629.2247772217
Y2022_LAT23.62316_LON90.10393,2022,90.10392798739593,23.62315550928535,0.8873000677435101,0.0840999888612634,0.02399994162646268,0.0046000017687638055,0.0,0.0,1,1,0,0,0,0,0,0,0.9986438245010376,998643.8245010376
Y2022_LAT23.62334_LON90.11372,2022,90.11371889198318,23.623338079937007,1.0,0.0,0.0,0.0,0.0,0.0,1,1,0,0,0,0,0,0,0.9986583757247924,998658.3757247925
Y2022_LAT23.62352_LON90.12351,2022,90.12350989493636,23.623520034224157,1.0,0.0,0.0,0.0,0.0,0.0,1,1,0,0,0,0,0,0,0.998672877456665,998672.877456665
Y2022_LAT23.6237_LON90.1333,2022,90.13330099572634,23.623701372131254,0.9336996293110205,0.0003000018585286544,0.028800140145243742,0.037200228685207115,0.0,0.0,1,1,0,0,0,0,0,0,0.9986873300857544,998687.3300857544
Y2022_LAT23.62388_LON90.14309,2022,90.14309219432819,23.623882093479704,0.6184002840134696,0.0839999782305571,0.24050007406670493,0.05649966755719753,0.0005999961320709952,0.0,1,1,0,0,0,0,0,0,0.998701735420227,998701.735420227
Y2022_LAT23.62406_LON90.15288,2022,90.15288349003131,23.624062198306426,0.1254999659021863,0.0776000307773266,0.6997002156767914,0.09519979495152497,0.0019999926921707477,0.0,3,0,0,1,0,0,0,0,0.9987160897140503,998716.0897140503
Y2022_LAT23.62424_LON90.16267,2022,90.16267488295445,23.62424168658617,0.0,0.0,0.45019826214383024,0.012100017766055614,0.5377017200901141,0.0,5,0,0,0,0,1,0,0,0.9987303958129883,998730.3958129883
Y2022_LAT23.62442_LON90.17247,2022,90.1724663722966,23.62442055832163,0.0,0.0,0.0,0.0,1.0,0.0,5,0,0,0,0,1,0,0,0.9987446520309449,998744.6520309448
Y2022_LAT23.6246_LON90.18226,2022,90.18225795806664,23.62459881340563,0.03440019737080064,0.0,0.5344013654961735,0.0,0.43119843713302597,0.0,3,0,0,1,0,0,0,0,0.9987588617019654,998758.8617019653
Y2022_LAT23.62478_LON90.19205,2022,90.19204963976729,23.624776451971467,0.4925005893431073,0.0,0.4513994520621272,0.004599998162968167,0.05149996043179729,0.0,1,1,0,0,0,0,0,1,0.9987730200195313,998773.0200195312
Y2022_LAT23.62495_LON90.20184,2022,90.2018414171403,23.624953473877497,0.867100560393081,0.0002999992363624719,0.13259944037055654,0.0,0.0,0.0,1,1,0,0,0,0,0,0,0.9987871289596557,998787.1289596558
Y2022_LAT23.62513_LON90.21163,2022,90.21163328989275,23.62512987910263,0.7043990122951896,0.20080055242124473,0.09370043662421994,0.0010999986593455684,0.0,0.0,1,1,0,0,0,0,0,0,0.9988011898498536,998801.1898498535
Y2022_LAT23.62531_LON90.22143,2022,90.22142525748927,23.62530566764233,0.5163000608105713,0.05769969095301242,0.32810023806131994,0.008999971412899802,0.08890003876219654,0.0,1,1,0,0,0,0,0,0,0.998815202949524,998815.2029495239
Y2022_LAT23.62548_LON90.23122,2022,90.23121731985778,23.625480839488127,0.29149074588576557,0.10254884991511277,0.6002409862511681,0.0038129467012203897,0.001906471246733247,0.0,3,0,0,1,0,0,0,0,0.995433122215271,995433.122215271
Y2022_LAT23.62566_LON90.24101,2022,90.24100947647247,23.62565539458282,0.15980874574751844,0.21531112478717035,0.6248801294653112,0.0,0.0,0.0,3,0,0,1,0,0,0,0,0.10437848424530029,104378.4842453003
Y2022_LAT23.62853_LON90.40749,2022,90.40749024821635,23.62852844827597,0.30188675755557604,0.08805035649737382,0.4339623429710724,0.17610054297597777,0.0,0.0,3,0,0,1,0,0,0,1,0.01588533822631836,15885.33822631836
Y2022_LAT23.62869_LON90.41728,2022,90.41728404575049,23.62869189815991,0.47282380985751427,0.026961158480251733,0.31292051677759936,0.18313560207917734,0.0,0.004158912805457299,1,1,0,0,0,0,0,1,0.6966629853744507,696662.9853744507
Y2022_LAT23.62885_LON90.42708,2022,90.42707793130677,23.628854730892737,0.2523995666159133,0.37000053387642945,0.1780997527254259,0.19930014575374336,0.0,0.0002000010284880149,2,0,1,0,0,0,0,1,0.9990981031646728,999098.1031646729
Y2022_LAT23.62902_LON90.43687,2022,90.43687190455779,23.629016946425544,0.5284007120960974,0.11309959948388824,0.07829984288493777,0.2791998455529605,0.0,0.0009999999821160598,1,1,0,0,0,0,0,0,0.9991110331878662,999111.0331878662
Y2022_LAT23.62918_LON90.44667,2022,90.44666596515947,23.629178544765832,0.2816305993177259,0.09687410084258809,0.0633698176400858,0.52033921204019,0.0,0.037786270159410294,4,0,0,0,1,0,0,0,0.9333812489013672,933381.2489013672
Y2022_LAT23.62934_LON90.45646,2022,90.45646011268121,23.629339525812657,0.2188805342856168,0.006537663872032414,0.06223825150759007,0.7123435503347607,0.0,0.0,4,0,0,0,1,0,0,0,0.38206938999176027,382069.38999176025
Y2022_LAT23.6295_LON90.46625,2022,90.4662543470598,23.629499889615214,0.0,0.0,0.0,1.0,0.0,0.0,4,0,0,0,1,0,0,0,0.07703419909667969,77034.19909667969
Y2022_LAT23.63032_LON90.00582,2022,90.00581920137908,23.630316240577596,0.0,0.0,1.0,0.0,0.0,0.0,3,0,0,1,0,0,0,0,0.022965541114807128,22965.54111480713
Y2022_LAT23.63051_LON90.01561,2022,90.01560977336864,23.63050505498827,0.0,0.09946326646026434,0.18661079484721854,0.35206885782379793,0.0,0.3618570808687193,6,0,0,0,0,0,1,1,0.316228695930481,316228.69593048096
Y2022_LAT23.63069_LON90.0254,2022,90.02540044685855,23.630693252966037,0.0,0.0,0.0,0.5555340936162859,0.0,0.4444659063837141,4,0,0,0,1,0,0,0,0.5232276231307983,523227.62313079834
Y2022_LAT23.63088_LON90.03519,2022,90.03519122181311,23.630880834439807,0.0,0.0,0.0,0.8981582209215382,0.0,0.10184177907846177,4,0,0,0,1,0,0,0,0.5745602910232543,574560.2910232544
Y2022_LAT23.63107_LON90.04498,2022,90.04498209769812,23.631067799470767,0.0,0.0,0.0,0.991871923991798,0.0,0.008128076008201953,4,0,0,0,1,0,0,0,0.8353921760406494,835392.1760406494
Y2022_LAT23.63125_LON90.05477,2022,90.05477307424252,23.631254147911996,0.3951010004193582,0.05780011873648446,0.0,0.5470988808441574,0.0,0.0,4,0,0,0,1,0,0,0,0.9985703366317749,998570.3366317749
Y2022_LAT23.63144_LON90.06456,2022,90.06456415107301,23.63143987984279,0.9450002624949613,0.052799753114605906,0.0,0.0021999843904328418,0.0,0.0,1,1,0,0,0,0,0,0,0.9985851325378418,998585.1325378418
Y2022_LAT23.63162_LON90.07436,2022,90.07435532800123,23.631624995172196,0.9697999249965961,0.01770010272939182,0.003599995030979175,0.008899977243032988,0.0,0.0,1,1,0,0,0,0,0,0,0.9985998797683716,998599.8797683716
Y2022_LAT23.63181_LON90.08415,2022,90.08414660453354,23.631809493901137,0.9959000103225515,0.0010999941933637473,0.0,0.002799995591090288,0.0001999998929944524,0.0,1,1,0,0,0,0,0,0,0.9986145784759521,998614.5784759521
Y2022_LAT23.63199_LON90.09394,2022,90.09393798034814,23.631993375974673,0.9951999792764145,0.004500021571821649,0.0,0.0002999991517638969,0.0,0.0,1,1,0,0,0,0,0,0,0.9986292273864746,998629.2273864746
Y2022_LAT23.63218_LON90.10373,2022,90.10372945516869,23.632176641414723,0.9988000081557139,0.0011999918442861261,0.0,0.0,0.0,0.0,1,1,0,0,0,0,0,0,0.9986438276672364,998643.8276672363
Y2022_LAT23.63236_LON90.11352,2022,90.11352102872527,23.632359290226457,0.9850999297296633,0.014900070270336638,0.0,0.0,0.0,0.0,1,1,0,0,0,0,0,0,0.9986583791046143,998658.3791046143
Y2022_LAT23.63254_LON90.12331,2022,90.1233127005404,23.632541322280527,0.9556999824411573,0.044300017558842684,0.0,0.0,0.0,0.0,1,1,0,0,0,0,0,0,0.9986728806991577,998672.8806991577
Y2022_LAT23.63272_LON90.1331,2022,90.1331044703737,23.632722737589727,0.7368990850810437,0.07080020007048991,0.1755006066281439,0.016800108220322414,0.0,0.0,1,1,0,0,0,0,0,0,0.9986873349533081,998687.3349533081
Y2022_LAT23.6329_LON90.1429,2022,90.14289633789178,23.632903536121397,0.1889000746768871,0.14730009533682678,0.5993999214033855,0.06439990858290055,0.0,0.0,3,0,0,1,0,0,0,0,0.9987017384719848,998701.7384719849
Y2022_LAT23.63308_LON90.15269,2022,90.15268830281009,23.633083717928397,0.18479970506100468,0.09790011151492697,0.6111004597552817,0.10619972366878663,0.0,0.0,3,0,0,1,0,0,0,0,0.9987160928573608,998716.0928573608
Y2022_LAT23.63326_LON90.16248,2022,90.16248036461046,23.63326328294432,0.03560003282067614,0.14220023097405407,0.71479943855744,0.06300006529266587,0.0444002323551639,0.0,3,0,0,1,0,0,0,0,0.9987303983688355,998730.3983688354
Y2022_LAT23.63344_LON90.17227,2022,90.17227252310705,23.633442231082565,0.14280041511529282,0.2129999858716149,0.4454995014479028,0.0,0.19870009756518953,0.0,3,0,0,1,0,0,0,1,0.9987446559677124,998744.6559677124
Y2022_LAT23.63362_LON90.18206,2022,90.18206477796052,23.63362056242173,0.31469912160781627,0.037799958985732046,0.5270012974839968,0.0006999964614819342,0.11979962546097295,0.0,3,0,0,1,0,0,0,0,0.9987588634490967,998758.8634490967
Y2022_LAT23.6338_LON90.19186,2022,90.19185712892651,23.633798276907896,0.005600037315530169,0.0,0.3787989159345098,0.011900029528933806,0.6037010172210262,0.0,5,0,0,0,0,1,0,0,0.9987730230331421,998773.0230331421
Y2022_LAT23.63398_LON90.20165,2022,90.20164957542866,23.633975374415314,0.5883014945937248,0.0185000170208997,0.29369900025993145,0.00019999945474486624,0.0992994886706993,0.0,1,1,0,0,0,0,0,0,0.9987871315383912,998787.1315383911
Y2022_LAT23.63415_LON90.21144,2022,90.21144211727994,23.634151855080056,0.7588988760012846,0.014500041190064993,0.21980109743912898,0.006799985369521419,0.0,0.0,1,1,0,0,0,0,0,0,0.9988011925048829,998801.1925048828
Y2022_LAT23.63433_LON90.22123,2022,90.2212347542373,23.63432771869168,0.07719962589248351,0.0018999898586434553,0.8819002694058528,0.001099992595773109,0.037900122247247175,0.0,3,0,0,1,0,0,0,0,0.9988152059173584,998815.2059173584
Y2022_LAT23.6345_LON90.23103,2022,90.2310274857601,23.63450296536963,0.022900081192885946,0.0,0.8448000123999676,0.07080006155245712,0.06149984485468945,0.0,3,0,0,1,0,0,0,0,0.9988291662445068,998829.1662445068
Y2022_LAT23.63468_LON90.24082,2022,90.24082031171682,23.6346775950961,0.3605404385230532,0.003687758758966899,0.63577180271798,0.0,0.0,0.0,3,0,0,1,0,0,0,0,0.8125584328308105,812558.4328308105
Y2022_LAT23.63485_LON90.25061,2022,90.25061323168539,23.63485160776511,0.10795465810711216,0.0,0.8920453418928879,0.0,0.0,0.0,3,0,0,1,0,0,0,0,0.14063826360321044,140638.26360321045
Y2022_LAT23.63639_LON90.33875,2022,90.33875368702479,23.636389951974817,0.1673149090035472,0.0,0.8326850909964528,0.0,0.0,0.0,3,0,0,1,0,0,0,0,0.025673895767211914,25673.895767211914
Y2022_LAT23.63656_LON90.34855,2022,90.34854752886153,23.63655779316477,0.601006052988545,0.005034646631672244,0.06859620885610168,0.3253630915236811,0.0,0.0,1,1,0,0,0,0,0,0,0.15873993330383301,158739.933303833
Y2022_LAT23.63673_LON90.35834,2022,90.35834146102766,23.636725017055053,0.014925365036254063,0.8656717249324084,0.0,0.11940291003133754,0.0,0.0,2,0,1,0,0,0,0,0,0.0066933027114868164,6693.302711486816
Y2022_LAT23.63739_LON90.39752,2022,90.39751808667401,23.637387739401863,0.7842468160881481,0.0,0.21575318391185197,0.0,0.0,0.0,1,1,0,0,0,0,0,0,0.029172682411193848,29172.682411193848
Y2022_LAT23.63755_LON90.40731,2022,90.40731246568988,23.637551876547917,0.5086559128367002,0.027586116118960682,0.1289235485104791,0.33483442253386,0.0,0.0,1,1,0,0,0,0,0,0,0.7098415767898559,709841.576789856
Y2022_LAT23.63772_LON90.41711,2022,90.41710693302514,23.637715396337033,0.7543996376832838,0.021100044514660292,0.10090034530694363,0.12359997249511234,0.0,0.0,1,1,0,0,0,0,0,0,0.9990851248474121,999085.1248474121
Y2022_LAT23.63788_LON90.4269,2022,90.42690148839867,23.637878298641105,0.22509971772841783,0.0030999959668168995,0.6840001906093486,0.0878000956954167,0.0,0.0,3,0,0,1,0,0,0,0,0.9990981050567627,999098.1050567627
Y2022_LAT23.63804_LON90.4367,2022,90.4366961315126,23.638040583553735,0.608100552695566,0.019799932072853448,0.1256001096676627,0.24649940556391786,0.0,0.0,1,1,0,0,0,0,0,0,0.9991110362167358,999111.0362167358
Y2022_LAT23.6382_LON90.44649,2022,90.44649086197253,23.638202250888767,0.40039986468774513,0.03999992761755634,0.3857999228977308,0.17380028479696774,0.0,0.0,1,1,0,0,0,0,0,1,0.99912391872406,999123.9187240601
Y2022_LAT23.63836_LON90.45629,2022,90.456285679369,23.638363300742633,0.703899831741786,0.1109003164517607,0.043699810199957036,0.1376000198370828,0.0,0.0039000217694134393,1,1,0,0,0,0,0,0,0.9991367518157959,999136.7518157959
Y2022_LAT23.63852_LON90.46608,2022,90.46608058368504,23.638523733097685,0.7471178484111018,0.05987930262718606,0.0003060271940600363,0.19269682176765202,0.0,0.0,1,1,0,0,0,0,0,0,0.9794661780090332,979466.1780090332
Y2022_LAT23.63868_LON90.47588,2022,90.47587557416632,23.638683547945472,0.0,0.0,0.0,1.0,0.0,0.0,4,0,0,0,1,0,0,0,0.05265554526519775,52655.545265197754
Y2022_LAT23.63934_LON90.00561,2022,90.00561387970349,23.639336565967717,0.0,0.0,0.2758000449482589,0.7241999550517412,0.0,0.0,4,0,0,0,1,0,0,0,0.2776831385269165,277683.1385269165
Y2022_LAT23.63953_LON90.01541,2022,90.01540512064885,23.63952546108223,0.0,0.0012999934945500807,0.018999875245931257,0.9602001637571527,0.0,0.019499967502366045,4,0,0,0,1,0,0,0,0.9985106624450684,998510.6624450684
Y2022_LAT23.63971_LON90.0252,2022,90.02519646314518,23.63971373938418,0.0,0.0,0.0,0.8743000529592247,0.0,0.12569994704077525,4,0,0,0,1,0,0,0,0.9985256575164795,998525.6575164795
Y2022_LAT23.6399_LON90.03499,2022,90.034987907132,23.639901401038887,0.0,0.0,0.0,0.897200383099697,0.0,0.10279961690030298,4,0,0,0,1,0,0,0,0.998540598083496,998540.5980834961
Y2022_LAT23.64009_LON90.04478,2022,90.04477945199663,23.640088445885237,0.4978013791945798,0.005100034417425516,0.0,0.4970985863879947,0.0,0.0,1,1,0,0,0,0,0,1,0.9985554943542481,998555.494354248
Y2022_LAT23.64027_LON90.05457,2022,90.05457109763331,23.640274873941813,0.9852000398706122,0.011299935052199853,0.003500025077187903,0.0,0.0,0.0,1,1,0,0,0,0,0,0,0.9985703403625489,998570.3403625488
Y2022_LAT23.64046_LON90.06436,2022,90.06436284356948,23.640460685216226,0.6646996825477957,0.03700019843588834,0.298300119016316,0.0,0.0,0.0,1,1,0,0,0,0,0,0,0.9985851356735229,998585.135673523
Y2022_LAT23.64065_LON90.07415,2022,90.07415468952574,23.64064587967984,0.2113005760869973,0.04909990626376187,0.7395995176492408,0.0,0.0,0.0,3,0,0,1,0,0,0,0,0.9985998836593628,998599.8836593628
Y2022_LAT23.64083_LON90.08395,2022,90.08394663525623,23.640830457145512,0.8822999370683118,0.04040006594244737,0.07549998695601538,0.0,0.0018000100332254735,0.0,1,1,0,0,0,0,0,0,0.9986145814132691,998614.581413269
Y2022_LAT23.64101_LON90.09374,2022,90.09373868027556,23.641014417801408,0.7066001852770556,0.14570009899671849,0.14439971526727785,0.0017000102680362862,0.001599990190911918,0.0,1,1,0,0,0,0,0,0,0.9986292311401367,998629.2311401367
Y2022_LAT23.6412_LON90.10353,2022,90.1035308243253,23.641197761553297,0.9977000148113976,0.0,0.0,0.0022999851886023603,0.0,0.0,1,1,0,0,0,0,0,0,0.9986438310928345,998643.8310928345
Y2022_LAT23.64138_LON90.11332,2022,90.1133230671203,23.64138048836323,0.832399113455659,0.04570023178115969,0.12190065476318135,0.0,0.0,0.0,1,1,0,0,0,0,0,0,0.9986583826141358,998658.3826141357
Y2022_LAT23.64156_LON90.12312,2022,90.12311540817527,23.641562598137853,0.4314004118347634,0.0043999881503691395,0.5623995980142968,0.0004000024681986809,0.0013999995323719571,0.0,3,0,0,1,0,0,0,0,0.9986728843231201,998672.8843231201
Y2022_LAT23.64174_LON90.13291,2022,90.13290784739192,23.641744090980474,0.25429883180660967,0.05200006558367836,0.6888010707816432,0.004900031828068733,0.0,0.0,3,0,0,1,0,0,0,0,0.9986873373031616,998687.3373031616
Y2022_LAT23.64192_LON90.1427,2022,90.14270038415933,23.641924966825982,0.11079999577395075,0.1993999526395729,0.6238001305743074,0.06599992101216899,0.0,0.0,3,0,0,1,0,0,0,0,0.9987017419586182,998701.7419586182
Y2022_LAT23.64211_LON90.15249,2022,90.15249301844727,23.642105225591944,0.015400061365678739,0.061900143694101524,0.5830991043726624,0.16019998143597547,0.1794007091315818,0.0,3,0,0,1,0,0,0,0,0.9987160972518921,998716.0972518921
Y2022_LAT23.64228_LON90.16229,2022,90.16228574963881,23.642284867320626,0.5345006051735239,0.1577992955330336,0.2750003015768815,0.006399963970810165,0.026299833745750803,0.0,1,1,0,0,0,0,0,0,0.9987304024963379,998730.4024963379
Y2022_LAT23.64246_LON90.17208,2022,90.17207857758389,23.642463891953792,0.9137002202957335,0.028699877235490556,0.008799984658457194,0.04879991781031878,0.0,0.0,1,1,0,0,0,0,0,0,0.9987446588363648,998744.6588363647
Y2022_LAT23.64264_LON90.18187,2022,90.18187150194369,23.642642299414003,0.690498697676144,0.03420010111639569,0.2700011763240209,0.005300024883439549,0.0,0.0,1,1,0,0,0,0,0,0,0.9987588652496338,998758.8652496338
Y2022_LAT23.64282_LON90.19166,2022,90.19166452228174,23.64282008978363,0.14260030056959835,0.06410002592388023,0.7727996505021566,0.0015000047128557645,0.019000018291509067,0.0,3,0,0,1,0,0,0,0,0.9987730256881714,998773.0256881714
Y2022_LAT23.643_LON90.20146,2022,90.20145763829525,23.64299726296808,0.7295011322581904,0.11099964190847973,0.14799925929862037,0.0045999906730672694,0.006899975861642167,0.0,1,1,0,0,0,0,0,0,0.9987871352767944,998787.1352767944
Y2022_LAT23.64317_LON90.21125,2022,90.21125084981313,23.643173818962985,0.6940987199572619,0.0076000055252119034,0.29780127118081967,0.0005000033367065088,0.0,0.0,1,1,0,0,0,0,0,0,0.9988011959152222,998801.1959152222
Y2022_LAT23.64335_LON90.22104,2022,90.22104415620227,23.64334975780315,0.0026999817205148194,0.0,0.9792999198627107,0.0009999933262910287,0.01700010509048346,0.0,3,0,0,1,0,0,0,0,0.9988152061462402,998815.2061462402
Y2022_LAT23.64353_LON90.23084,2022,90.23083755736806,23.643525079329393,0.0,0.0,0.8116999612432516,0.0032000105554739052,0.18510002820127452,0.0,3,0,0,1,0,0,0,0,0.9988291694946289,998829.1694946289
Y2022_LAT23.6437_LON90.24063,2022,90.24063105301244,23.64369978365415,0.0,0.0,0.986400032637362,0.0,0.013599967362637992,0.0,3,0,0,1,0,0,0,0,0.9988430824813843,998843.0824813843
Y2022_LAT23.64387_LON90.25042,2022,90.25042464250843,23.64387387067206,0.007396467634460528,0.005917173847690081,0.8465234736694354,0.02403850772200432,0.11612437712640965,0.0,3,0,0,1,0,0,0,0,0.27008957106018067,270089.57106018066
Y2022_LAT23.64524_LON90.32878,2022,90.32877670502518,23.645244341727786,0.024077947429718236,0.0,0.9592725514994062,0.016649501070875584,0.0,0.0,3,0,0,1,0,0,0,0,0.3899973263320923,389997.3263320923
Y2022_LAT23.64541_LON90.33857,2022,90.33857112606012,23.64541287210143,0.2696043723867375,0.0051211153490529696,0.6473908780351878,0.07788363422902184,0.0,0.0,3,0,0,1,0,0,0,0,0.9363437696380615,936343.7696380615
Y2022_LAT23.64558_LON90.34837,2022,90.34836563780057,23.645580784953946,0.5911006139092013,0.06540010138029045,0.11469972194020327,0.228799562770305,0.0,0.0,1,1,0,0,0,0,0,0,0.9989928874053955,998992.8874053955
Y2022_LAT23.64575_LON90.35816,2022,90.35816023993993,23.64574808031333,0.8305328502878142,0.1316195499552626,0.037847599756923235,0.0,0.0,0.0,1,1,0,0,0,0,0,0,0.7073952833557129,707395.2833557129
Y2022_LAT23.64591_LON90.36795,2022,90.3679549321608,23.64591475808523,1.0,0.0,0.0,0.0,0.0,0.0,1,1,0,0,0,0,0,0,0.005994079727172852,5994.079727172852
Y2022_LAT23.64625_LON90.38754,2022,90.38754458532914,23.646246260840886,1.0,0.0,0.0,0.0,0.0,0.0,1,1,0,0,0,0,0,0,0.000599431396484375,599.431396484375
Y2022_LAT23.64641_LON90.39734,2022,90.39733954566749,23.646411085800302,0.3324281385805766,0.013005592332334169,0.4026014320012329,0.20251532085580712,0.0,0.04944951623004921,3,0,0,1,0,0,0,1,0.6990427157821655,699042.7157821655
Y2022_LAT23.64658_LON90.40713,2022,90.4071345948111,23.646575293117806,0.6755003043881402,0.008099969101886803,0.277999892442861,0.03649984404066391,0.0,0.0018999900264480272,1,1,0,0,0,0,0,0,0.9990720971374512,999072.0971374512
Y2022_LAT23.64674_LON90.41693,2022,90.41692973228972,23.64673888274929,0.6434993591506928,0.04520010989578902,0.2941004531144312,0.017200077839086968,0.0,0.0,1,1,0,0,0,0,0,0,0.9990851277236938,999085.1277236938
Y2022_LAT23.6469_LON90.42672,2022,90.42672495781879,23.646901854634045,0.41139975171684867,0.07049993383072245,0.3962001902493506,0.12190012420307829,0.0,0.0,1,1,0,0,0,0,0,1,0.9990981089401245,999098.1089401245
Y2022_LAT23.64706_LON90.43652,2022,90.4365202710943,23.647064208803844,0.4759002242037212,0.003199998566438022,0.2936003736480888,0.22729940358175202,0.0,0.0,1,1,0,0,0,0,0,1,0.9991110390014648,999111.0390014648
Y2022_LAT23.64723_LON90.44632,2022,90.44631567171159,23.647225945272186,0.7293004416738146,0.005900008462807303,0.2647995498633781,0.0,0.0,0.0,1,1,0,0,0,0,0,0,0.9991239214553833,999123.9214553833
Y2022_LAT23.64739_LON90.45611,2022,90.456111159433,23.647387064043077,0.7893996927869085,0.0455000702640166,0.011099937506469927,0.154000299442605,0.0,0.0,1,1,0,0,0,0,0,0,0.9991367546844483,999136.7546844482
Y2022_LAT23.64755_LON90.46591,2022,90.46590673389129,23.647547564951147,0.3124543337554021,0.13732622738808026,0.0010956905138147575,0.5491237483427028,0.0,0.0,4,0,0,0,1,0,0,0,0.5471330102233887,547133.0102233887
Y2022_LAT23.64836_LON90.00541,2022,90.00540845614941,23.64835687910562,0.0,0.0,0.0,1.0,0.0,0.0,4,0,0,0,1,0,0,0,0.046530157821655274,46530.15782165527
Y2022_LAT23.64855_LON90.0152,2022,90.01520036621756,23.64854585489665,0.0,0.0,0.0,1.0,0.0,0.0,4,0,0,0,1,0,0,0,0.524518486755371,524518.4867553711
Y2022_LAT23.64873_LON90.02499,2022,90.02499237812492,23.648734213692826,0.0,0.0,0.0,0.9722999441463644,0.0,0.027700055853635535,4,0,0,0,1,0,0,0,0.9985256602554321,998525.6602554321
Y2022_LAT23.64892_LON90.03478,2022,90.03478449128586,23.648921955469756,0.12640070688752622,0.016500064016039928,0.014400075086876556,0.8421991518541213,0.0005000021554359831,0.0,4,0,0,0,1,0,0,0,0.9985406020355224,998540.6020355225
Y2022_LAT23.64911_LON90.04458,2022,90.04457670567825,23.649109080184143,0.9758000161299953,0.0,0.010800075945861192,0.013399907924143436,0.0,0.0,1,1,0,0,0,0,0,0,0.9985554977722167,998555.4977722168
Y2022_LAT23.6493_LON90.05437,2022,90.0543690206215,23.649295587869982,0.529799393431213,0.0023000080924302944,0.46790059847635673,0.0,0.0,0.0,1,1,0,0,0,0,0,0,0.9985703437652588,998570.3437652588
Y2022_LAT23.64948_LON90.06416,2022,90.06416143605601,23.649481478469284,0.0,0.0,1.0,0.0,0.0,0.0,3,0,0,1,0,0,0,0,0.9985851394500732,998585.1394500732
Y2022_LAT23.64967_LON90.07395,2022,90.07395395145528,23.649666751984714,0.0,0.0006000009425733714,0.9906999766192877,0.0,0.008700022438138954,0.0,3,0,0,1,0,0,0,0,0.998599886932373,998599.886932373
Y2022_LAT23.64985_LON90.08375,2022,90.08374656656957,23.64985140835832,0.07549998739772465,0.008500006983406909,0.9006000187625631,0.0061000140751533045,0.009299972781151999,0.0,3,0,0,1,0,0,0,0,0.9986145853729248,998614.5853729248
Y2022_LAT23.65004_LON90.09354,2022,90.09353928121038,23.650035447580883,0.07220047576710681,0.2072008031772743,0.7066986497086796,0.013900071346939366,0.0,0.0,3,0,0,1,0,0,0,0,0.9986292339477539,998629.2339477539
Y2022_LAT23.65022_LON90.10333,2022,90.10333209478911,23.650218869606544,0.9764001238431349,0.014499914864079566,0.005399964205833407,0.003699997086952135,0.0,0.0,1,1,0,0,0,0,0,0,0.9986438345031738,998643.8345031738
Y2022_LAT23.6504_LON90.11313,2022,90.11312500715422,23.65040167444693,0.4120989724372711,0.013700059331547828,0.5574009405281268,0.0005000035679009126,0.016300024135153347,0.0,3,0,0,1,0,0,0,0,0.9986583858566285,998658.3858566284
Y2022_LAT23.65058_LON90.12292,2022,90.12291801780252,23.6505838620648,0.43480076213441526,0.029400140358905508,0.46089897632009486,0.07430011736358938,0.0006000038229949945,0.0,3,0,0,1,0,0,0,1,0.9986728868789673,998672.8868789673
Y2022_LAT23.65077_LON90.13271,2022,90.13271112660111,23.650765432392348,0.8382999001602393,0.023299943897231726,0.13680016217162855,0.001599993770900463,0.0,0.0,1,1,0,0,0,0,0,0,0.9986873406829834,998687.3406829834
Y2022_LAT23.65095_LON90.1425,2022,90.14250433313053,23.65094638545509,0.6334992171972917,0.162300272882257,0.20230050932936247,0.0019000005910887342,0.0,0.0,1,1,0,0,0,0,0,0,0.9987017445831299,998701.7445831299
Y2022_LAT23.65113_LON90.1523,2022,90.15229763709117,23.651126721282534,0.7679004105532514,0.026799892221379504,0.17479955120417132,0.0,0.03050014602119777,0.0,1,1,0,0,0,0,0,0,0.9987161000442505,998716.1000442505
Y2022_LAT23.65131_LON90.16209,2022,90.16209103798133,23.651306439662648,0.9536997589033362,0.0,0.0,0.04330026223301064,0.002999978863653067,0.0,1,1,0,0,0,0,0,0,0.9987304048309327,998730.4048309326
Y2022_LAT23.65149_LON90.17188,2022,90.17188453565397,23.65148554072681,0.9569998365838667,0.025700123810139277,0.005400036170893446,0.011900003435100634,0.0,0.0,1,1,0,0,0,0,0,0,0.9987446621932984,998744.6621932983
Y2022_LAT23.65166_LON90.18168,2022,90.18167812979748,23.65166402444983,0.5562999881202029,0.31700008277211866,0.0117999276007774,0.11490000150690108,0.0,0.0,1,1,0,0,0,0,0,0,0.9987588712615967,998758.8712615967
Y2022_LAT23.65184_LON90.19147,2022,90.19147182000454,23.651841890691543,0.6178000813445783,0.07449968255572982,0.12280014532142959,0.06090003592375652,0.12400005485450583,0.0,1,1,0,0,0,0,0,0,0.9987730288925171,998773.0288925171
Y2022_LAT23.65202_LON90.20127,2022,90.20126560585283,23.65201913957036,0.9824000080966733,0.010000041842665282,0.007599950060661544,0.0,0.0,0.0,1,1,0,0,0,0,0,0,0.9987871377944947,998787.1377944946
Y2022_LAT23.6522_LON90.21106,2022,90.21105948714879,23.652195770994364,0.5187991222034737,0.18080016757622017,0.28970067231044727,0.010700037909859069,0.0,0.0,1,1,0,0,0,0,0,0,0.9988011989669799,998801.19896698
Y2022_LAT23.65237_LON90.22085,2022,90.2208534635432,23.652371784935802,0.6253997045845647,0.019499878493124678,0.3477004087117161,0.003999986593307763,0.0034000216172867773,0.0,1,1,0,0,0,0,0,0,0.9988152087402343,998815.2087402344
Y2022_LAT23.65255_LON90.23065,2022,90.23064753466687,23.65254718137857,0.0008999938999845535,0.0,0.9792999306279853,0.0,0.019800075472030172,0.0,3,0,0,1,0,0,0,0,0.9988291728134155,998829.1728134155
Y2022_LAT23.65272_LON90.24044,2022,90.24044170015313,23.652721960284474,0.0,0.0,0.6670991767223585,0.07760037080052327,0.2553004524771182,0.0,3,0,0,1,0,0,0,0,0.9988430869369507,998843.0869369507
Y2022_LAT23.6529_LON90.25024,2022,90.25023595969363,23.652896121651573,0.0,0.0,0.38577017163680755,0.5575562701407958,0.056673558222396676,0.0,4,0,0,0,1,0,0,0,0.5657518930740356,565751.8930740356
Y2022_LAT23.65307_LON90.26003,2022,90.26003031308993,23.65306966545825,0.011443125089358915,0.036872332855841766,0.6090273730813516,0.34138571237014753,0.0012714566033003335,0.0,3,0,0,1,0,0,0,0,0.31424441891479493,314244.4189147949
Y2022_LAT23.65324_LON90.26982,2022,90.26982475978058,23.653242591653335,0.15732506026651027,0.0,0.5187477347027546,0.32392720503073513,0.0,0.0,3,0,0,1,0,0,0,0,0.25841062744903565,258410.62744903564
Y2022_LAT23.65393_LON90.309,2022,90.30900347412292,23.65392811999907,0.0,0.0,0.0,1.0,0.0,0.0,4,0,0,0,1,0,0,0,0.005394304824829102,5394.304824829102
Y2022_LAT23.6541_LON90.3188,2022,90.31879838284914,23.654097957912555,0.0,0.3613835218871282,0.08394104072453784,0.522807118631763,0.03186831875657096,0.0,4,0,0,0,1,0,0,0,0.47959806758117673,479598.06758117676
Y2022_LAT23.65427_LON90.32859,2022,90.32859338312579,23.654267178018465,0.15089628387213003,0.0541571416872025,0.47835716644858506,0.3165894079920824,0.0,0.0,3,0,0,1,0,0,0,1,0.9923729619522095,992372.9619522095
Y2022_LAT23.65444_LON90.33839,2022,90.33838847432703,23.65443578045313,0.40449973582351034,0.039400171285843014,0.30180041455587303,0.24489964029212638,0.0,0.009400038042647217,1,1,0,0,0,0,0,1,0.9989795179672242,998979.5179672241
Y2022_LAT23.6546_LON90.34818,2022,90.34818365641897,23.65460376508775,0.6310010224790149,0.05880002115461484,0.3020989929301035,0.008099963436266884,0.0,0.0,1,1,0,0,0,0,0,0,0.9989928960494995,998992.8960494995
Y2022_LAT23.65477_LON90.35798,2022,90.35797892875856,23.654771131862596,0.9852000152239673,0.014299983916627712,0.0,0.0005000008594050873,0.0,0.0,1,1,0,0,0,0,0,0,0.9990062174682617,999006.2174682617
Y2022_LAT23.65494_LON90.36777,2022,90.36777429133626,23.654937880784992,1.0,0.0,0.0,0.0,0.0,0.0,1,1,0,0,0,0,0,0,0.7181946359481811,718194.6359481812
Y2022_LAT23.6551_LON90.37757,2022,90.37756974355645,23.655104011925015,0.6416509146359267,0.0,0.32725814500374795,0.03109094036032529,0.0,0.0,1,1,0,0,0,0,0,0,0.7454783599777222,745478.3599777222
Y2022_LAT23.65527_LON90.38737,2022,90.38736528525558,23.655269525170006,0.6075110497310098,0.22626645377565802,0.14222794313260206,0.023994553360730246,0.0,0.0,1,1,0,0,0,0,0,0,0.8618770925827026,861877.0925827026
Y2022_LAT23.65543_LON90.39716,2022,90.39716091605396,23.655434420477103,0.5511999716854172,0.0009000035755034449,0.42340002885705197,0.02449999588202749,0.0,0.0,1,1,0,0,0,0,0,0,0.9990590226287842,999059.0226287842
Y2022_LAT23.6556_LON90.40696,2022,90.4069566355684,23.65559869789448,0.27210020386166284,0.0,0.7278997961383372,0.0,0.0,0.0,3,0,0,1,0,0,0,0,0.9990721012954712,999072.1012954712
Y2022_LAT23.65576_LON90.41675,2022,90.41675244347262,23.65576235737984,0.8877002177784991,0.007700042090423739,0.10449974026567295,9.99998654042062e-05,0.0,0.0,1,1,0,0,0,0,0,0,0.9990851307373046,999085.1307373047
Y2022_LAT23.65593_LON90.42655,2022,90.42654833944502,23.6559253989286,0.2374999250003556,0.573799752981732,0.16340028007028493,0.025300041947627493,0.0,0.0,2,0,1,0,0,0,0,0,0.9990981108169555,999098.1108169556
Y2022_LAT23.65609_LON90.43634,2022,90.43634432324464,23.656087822467907,0.6187993431477995,0.1833006762487492,0.16769997604898138,0.03020000455446988,0.0,0.0,1,1,0,0,0,0,0,0,0.9991110415344239,999111.0415344238
Y2022_LAT23.65625_LON90.44614,2022,90.44614039448588,23.656249628012446,0.5583012041554261,0.3015988297584763,0.1400999660860977,0.0,0.0,0.0,1,1,0,0,0,0,0,0,0.9991239233932495,999123.9233932495
Y2022_LAT23.65641_LON90.45594,2022,90.45593655269141,23.65641081546605,0.5291831575798834,0.013171431014599388,0.013300553879475235,0.4443448575260419,0.0,0.0,1,1,0,0,0,0,0,0,0.7737305947418213,773730.5947418213
Y2022_LAT23.65657_LON90.46573,2022,90.46573279774167,23.656571384915978,0.0,0.0,0.0,1.0,0.0,0.0,4,0,0,0,1,0,0,0,0.015386814949035644,15386.814949035645
Y2022_LAT23.65757_LON90.015,2022,90.01499551017915,23.657566236566307,0.0,0.0,0.0,1.0,0.0,0.0,4,0,0,0,1,0,0,0,0.0011982215576171874,1198.2215576171875
Y2022_LAT23.65775_LON90.02479,2022,90.02478819164048,23.65775467575426,0.0,0.0,0.0,0.9947848924097138,0.0,0.005215107590286244,4,0,0,0,1,0,0,0,0.9190435606384277,919043.5606384277
Y2022_LAT23.65794_LON90.03458,2022,90.03458097454474,23.657942497728577,0.4485006327261922,0.17850035917236737,0.07760036910716646,0.29539863899427393,0.0,0.0,1,1,0,0,0,0,0,1,0.9985406059570312,998540.6059570312
Y2022_LAT23.65813_LON90.04437,2022,90.04437385854851,23.658129702363212,0.2611998390893085,0.0,0.7388001609106916,0.0,0.0,0.0,3,0,0,1,0,0,0,0,0.9985555013046264,998555.5013046265
Y2022_LAT23.65832_LON90.05417,2022,90.05416684324668,23.658316289721874,0.10469970913882572,0.0,0.8953002908611742,0.0,0.0,0.0,3,0,0,1,0,0,0,0,0.9985703471603393,998570.3471603394
Y2022_LAT23.6585_LON90.06396,2022,90.06395992843409,23.658502259648635,0.0,0.019699977338800207,0.9803000226611998,0.0,0.0,0.0,3,0,0,1,0,0,0,0,0.9985851423568726,998585.1423568726
Y2022_LAT23.65869_LON90.07375,2022,90.07375311363549,23.65868761223123,0.0,0.13680031477596266,0.7648991459655005,0.0,0.09830053925853689,0.0,3,0,0,1,0,0,0,0,0.9985998900146484,998599.8900146484
Y2022_LAT23.65887_LON90.08355,2022,90.08354639862759,23.65887234750067,0.0,0.010700011454361585,0.6888008503260188,0.008600011720933443,0.2918991264986862,0.0,3,0,0,1,0,0,0,0,0.9986145887527466,998614.5887527466
Y2022_LAT23.65906_LON90.09334,2022,90.09333978300259,23.659056465300775,0.32860143041798523,0.02170008781322309,0.6326983810770639,0.017000100691727745,0.0,0.0,3,0,0,1,0,0,0,0,0.9986292375564575,998629.2375564575
Y2022_LAT23.65924_LON90.10313,2022,90.10313326652143,23.659239965665787,0.9454999347523606,0.0008999949991544736,0.0,0.0536000702484849,0.0,0.0,1,1,0,0,0,0,0,0,0.9986438376693726,998643.8376693726
Y2022_LAT23.65942_LON90.11293,2022,90.11292684873005,23.65942284849785,0.9264001341217849,0.0024000168846032423,0.01309999864745757,0.05809985034615431,0.0,0.0,1,1,0,0,0,0,0,0,0.9986583896331787,998658.3896331787
Y2022_LAT23.65961_LON90.12272,2022,90.12272052944736,23.659605113927626,0.805499654152045,0.12250024518256172,0.033299959017767874,0.03870014164762539,0.0,0.0,1,1,0,0,0,0,0,0,0.9986728909912109,998672.8909912109
Y2022_LAT23.65979_LON90.13251,2022,90.13251430809983,23.65978676176679,0.9405000343220803,0.0005999957327270939,0.0101000283789701,0.048799941566222624,0.0,0.0,1,1,0,0,0,0,0,0,0.9986873446884156,998687.3446884155
Y2022_LAT23.65997_LON90.14231,2022,90.14230818473796,23.659967792088718,0.8738998465259374,0.03730015068959438,0.012500004681466058,0.07629999810300216,0.0,0.0,1,1,0,0,0,0,0,0,0.998701748161316,998701.7481613159
Y2022_LAT23.66015_LON90.1521,2022,90.15210215855805,23.660148204837075,0.9048001716646563,0.013099978005725389,0.03649988740041281,0.028999966922581742,0.016599996006623707,0.0,1,1,0,0,0,0,0,0,0.9987161028518676,998716.1028518677
Y2022_LAT23.66033_LON90.1619,2022,90.16189622963945,23.66032799999945,0.9350998371902455,0.0006000029394175913,0.0,0.06430015987033691,0.0,0.0,1,1,0,0,0,0,0,0,0.9987304078903199,998730.4078903198
Y2022_LAT23.66051_LON90.17169,2022,90.171690397392,23.660507177542893,0.4548984800468596,0.07549989676471522,0.46440159295605815,0.005200030232367007,0.0,0.0,3,0,0,1,0,0,0,1,0.9987446658172607,998744.6658172607
Y2022_LAT23.66069_LON90.18148,2022,90.18148466160724,23.660685737444066,0.0757002871788572,0.16660031935748665,0.7410993358300804,0.01660005763357584,0.0,0.0,3,0,0,1,0,0,0,0,0.9987588736419678,998758.8736419678
Y2022_LAT23.66086_LON90.19128,2022,90.19127902196914,23.66086367968809,0.6760009483282711,0.05829979903198405,0.18209925307111216,0.08359999956863272,0.0,0.0,1,1,0,0,0,0,0,0,0.9987730327835083,998773.0327835083
Y2022_LAT23.66104_LON90.20107,2022,90.20107347794811,23.66104100422481,0.7452994498043425,0.015000028255552965,0.13210050843497972,0.10760001350512495,0.0,0.0,1,1,0,0,0,0,0,0,0.9987871408996583,998787.1408996582
Y2022_LAT23.66122_LON90.21087,2022,90.21086802953347,23.66121771105298,0.3614993332180125,0.12760037500287294,0.3860001936877589,0.12490009809135574,0.0,0.0,3,0,0,1,0,0,0,1,0.9988012021789551,998801.2021789551
Y2022_LAT23.66139_LON90.22066,2022,90.22066267606631,23.66139380014104,0.02370001062896648,0.022199874174775223,0.46289947542217497,0.4907006377495557,0.0005000020245276881,0.0,4,0,0,0,1,0,0,1,0.998815215385437,998815.215385437
Y2022_LAT23.66157_LON90.23046,2022,90.23045741748071,23.661569271449984,0.0,0.0,0.4268990044051196,0.4488006628037917,0.12430033279108874,0.0,4,0,0,0,1,0,0,1,0.9988291756515503,998829.1756515503
Y2022_LAT23.66174_LON90.24025,2022,90.2402522533002,23.66174412497075,0.0,0.002499992588490513,0.32780061698584223,0.425399910346216,0.24429948007945126,0.0,4,0,0,0,1,0,0,1,0.9988430887374878,998843.0887374878
Y2022_LAT23.66192_LON90.25005,2022,90.25004718316151,23.661918360714164,0.05980033300903371,0.0,0.6581998682308347,0.2818997986445217,0.00010000011560990014,0.0,3,0,0,1,0,0,0,0,0.998856953742981,998856.953742981
Y2022_LAT23.66209_LON90.25984,2022,90.25984220682595,23.662091978628148,0.17249956072448766,0.00019999922191646843,0.7356006881082379,0.09169975194535805,0.0,0.0,3,0,0,1,0,0,0,0,0.9988707683486938,998870.7683486938
Y2022_LAT23.66226_LON90.26964,2022,90.26963732391111,23.66226497864561,0.00034098795188107126,0.00034098835990816037,0.9578311770158349,0.041486846672375934,0.0,0.0,3,0,0,1,0,0,0,0,0.8788179817962647,878817.9817962646
Y2022_LAT23.66244_LON90.27943,2022,90.2794325341656,23.662437360798467,0.4464291761114331,0.0,0.5535708238885669,0.0,0.0,0.0,3,0,0,1,0,0,0,0,0.10068850269317627,100688.50269317627
Y2022_LAT23.66278_LON90.29902,2022,90.29902323249809,23.662780271433803,0.981308370940617,0.0,0.0,0.018691629059382986,0.0,0.0,1,1,0,0,0,0,0,0,0.11757402460479736,117574.02460479736
Y2022_LAT23.66295_LON90.30882,2022,90.30881872007676,23.662950799805053,0.6672265020106672,0.062465213750577606,0.001540622535421141,0.26806737847888307,0.0007002832244510039,0.0,1,1,0,0,0,0,0,0,0.7132432492599488,713243.2492599487
Y2022_LAT23.66312_LON90.31861,2022,90.31861429929954,23.66312071017582,0.5687001911204234,0.05049976927375134,0.1869002915221771,0.19319975156016767,0.0006999965234805254,0.0,1,1,0,0,0,0,0,0,0.9989526279678345,998952.6279678345
Y2022_LAT23.66329_LON90.32841,2022,90.32840997011043,23.66329000255966,0.9785001254292492,0.0011999964895040443,0.017099897595074205,0.0031999804861723167,0.0,0.0,1,1,0,0,0,0,0,0,0.9989661003875733,998966.1003875732
Y2022_LAT23.66346_LON90.33821,2022,90.33820573193998,23.66345867691498,0.8127991777334164,0.0,0.1872008222665836,0.0,0.0,0.0,1,1,0,0,0,0,0,0,0.9989795212402344,998979.5212402344
Y2022_LAT23.66363_LON90.348,2022,90.34800158450707,23.663626733183868,0.798600710141363,0.0011999995353933006,0.1979993003217058,0.0021999900015379076,0.0,0.0,1,1,0,0,0,0,0,0,0.9989928998031616,998992.8998031616
Y2022_LAT23.66379_LON90.3578,2022,90.3577975276047,23.663794171446803,0.7375996827256657,9.999983720317536e-05,0.26230031743713117,0.0,0.0,0.0,1,1,0,0,0,0,0,0,0.9990062192459106,999006.2192459106
Y2022_LAT23.66396_LON90.36759,2022,90.36759356076453,23.663960991623302,0.542399252097818,0.2572009411662697,0.20039980673591246,0.0,0.0,0.0,1,1,0,0,0,0,0,0,0.9990194944915771,999019.4944915771
Y2022_LAT23.66413_LON90.37739,2022,90.37738968368167,23.664127193689648,0.7589006354489912,0.16889958479366074,0.07109977340695114,0.0011000063503969104,0.0,0.0,1,1,0,0,0,0,0,0,0.9990327207107544,999032.7207107544
Y2022_LAT23.66429_LON90.38719,2022,90.38718589607517,23.664292777606878,0.914499978426946,0.06889996936912783,0.0018000094843435275,0.0148000427195827,0.0,0.0,1,1,0,0,0,0,0,0,0.999045897819519,999045.897819519
Y2022_LAT23.66446_LON90.39698,2022,90.39698219758391,23.664457743416822,0.7779994912169573,0.049399861680468,0.16860065089245682,0.003999996210117899,0.0,0.0,1,1,0,0,0,0,0,0,0.9990590253448486,999059.0253448486
Y2022_LAT23.66462_LON90.40678,2022,90.40677858784863,23.66462209094527,0.5165997515658902,0.07979989343091239,0.3905004061632845,0.007399966531053692,0.0,0.005699982308859129,1,1,0,0,0,0,0,0,0.9990721045532227,999072.1045532227
Y2022_LAT23.66479_LON90.41658,2022,90.41657506658078,23.664785820286717,0.9749000959803241,0.01689995169507818,0.008199952324597741,0.0,0.0,0.0,1,1,0,0,0,0,0,0,0.9990851324996948,999085.1324996948
Y2022_LAT23.66495_LON90.42637,2022,90.42637163342931,23.66494893146759,0.9412998962838347,0.05870010371616527,0.0,0.0,0.0,0.0,1,1,0,0,0,0,0,0,0.9990981126327515,999098.1126327515
Y2022_LAT23.66511_LON90.43617,2022,90.43616828794282,23.66511142432253,0.9041000194750907,0.06509990017790157,0.028900078846008388,0.0019000015009993907,0.0,0.0,1,1,0,0,0,0,0,0,0.9991110447769165,999111.0447769165
Y2022_LAT23.66527_LON90.44597,2022,90.4459650301101,23.66527329895515,0.8034489071426102,0.0,0.0,0.19655109285738986,0.0,0.0,1,1,0,0,0,0,0,0,0.9963263615722656,996326.3615722656
Y2022_LAT23.66543_LON90.45576,2022,90.455761859255,23.66543455528528,0.17894715508674525,0.0,0.0,0.8210528449132548,0.0,0.0,4,0,0,0,1,0,0,0,0.17085160498046875,170851.60498046875
Y2022_LAT23.66659_LON90.01479,2022,90.01479055228913,23.666586606128025,0.0,0.0,0.0,1.0,0.0,0.0,4,0,0,0,1,0,0,0,0.04303610417175293,43036.10417175293
Y2022_LAT23.66678_LON90.02458,2022,90.0245839038036,23.666775125771643,0.051610468281294106,0.01699365397214389,0.15944693368332,0.771948944063242,0.0,0.0,4,0,0,0,1,0,0,0,0.9518948298416138,951894.8298416138
Y2022_LAT23.66696_LON90.03438,2022,90.0343773566803,23.666963027846926,0.31910025045968415,0.029399978577019512,0.6513997717004752,9.99992628211106e-05,0.0,0.0,3,0,0,1,0,0,0,0,0.9985406099319458,998540.6099319458
Y2022_LAT23.66715_LON90.04417,2022,90.04417091068814,23.667150312410396,0.14729966354117266,0.11279982826585297,0.7393005088368443,0.0005999993561301749,0.0,0.0,3,0,0,1,0,0,0,0,0.9985555047531128,998555.5047531128
Y2022_LAT23.66734_LON90.05396,2022,90.05396456549875,23.66733697933665,0.12000032568595355,0.1590998614639897,0.7198998169073022,0.0009999959427545552,0.0,0.0,3,0,0,1,0,0,0,0,0.9985703508834839,998570.3508834839
Y2022_LAT23.66752_LON90.06376,2022,90.06375832072634,23.667523028751464,0.20220001610435578,0.08509977513361218,0.7060002195995504,0.006699989162481734,0.0,0.0,3,0,0,1,0,0,0,0,0.9985851452789307,998585.1452789307
Y2022_LAT23.66771_LON90.07355,2022,90.07355217606052,23.66770846043795,0.267000216064583,0.022700031191778183,0.7102997527436388,0.0,0.0,0.0,3,0,0,1,0,0,0,0,0.9985998939666748,998599.8939666748
Y2022_LAT23.66789_LON90.08335,2022,90.08334613121336,23.66789327448936,0.21039990961235558,0.04289992732956243,0.7356002181892899,0.011099944868792145,0.0,0.0,3,0,0,1,0,0,0,0,0.9986145920944214,998614.5920944214
Y2022_LAT23.66808_LON90.09314,2022,90.09314018580726,23.668077470870962,0.6872999665243927,0.031000035165230356,0.2153999391095774,0.06630005920079957,0.0,0.0,1,1,0,0,0,0,0,0,0.9986292405014038,998629.2405014038
Y2022_LAT23.66826_LON90.10293,2022,90.10293433949884,23.668261049537524,0.6335992330710433,0.0047999971368519806,0.3265008178366362,0.035099951955468535,0.0,0.0,1,1,0,0,0,0,0,0,0.9986438413772583,998643.8413772583
Y2022_LAT23.66844_LON90.11273,2022,90.11272859192228,23.668444010476485,0.7376003430866792,0.05690008318204059,0.13719940857292207,0.0683001651583582,0.0,0.0,1,1,0,0,0,0,0,0,0.9986583927993774,998658.3927993774
Y2022_LAT23.66863_LON90.12252,2022,90.12252294293911,23.668626353654744,0.8531001172959001,0.04439993021149086,0.0018000112667068847,0.10069994122590216,0.0,0.0,1,1,0,0,0,0,0,0,0.9986728931427002,998672.8931427002
Y2022_LAT23.66881_LON90.13232,2022,90.13231739188161,23.66880807905234,0.265198728121147,0.004799992995150764,0.7137012948487117,0.014899990490793007,0.0013999935441975835,0.0,3,0,0,1,0,0,0,0,0.998687346672058,998687.3466720581
Y2022_LAT23.66899_LON90.14211,2022,90.14211193878464,23.668989186677955,0.14960046018656026,0.007000046833583022,0.8283995334048818,0.014999959574974919,0.0,0.0,3,0,0,1,0,0,0,0,0.9987017510528564,998701.7510528564
Y2022_LAT23.66917_LON90.15191,2022,90.15190658308181,23.66916967639828,0.8692004820975598,0.02659988428448875,0.0887996784687128,0.015399955149238614,0.0,0.0,1,1,0,0,0,0,0,0,0.9987161067276001,998716.1067276001
Y2022_LAT23.66935_LON90.1617,2022,90.16170132444506,23.669349548306652,0.6105997345287202,0.015299924581850137,0.35140043593379067,0.022699904955638995,0.0,0.0,1,1,0,0,0,0,0,0,0.9987304122314453,998730.4122314453
Y2022_LAT23.66953_LON90.1715,2022,90.17149616267439,23.669528802331403,0.4911004487734027,0.1354999410864291,0.369999610194564,0.0007000001233818139,0.0026999998222225095,0.0,1,1,0,0,0,0,0,1,0.9987446686706543,998744.6686706543
Y2022_LAT23.66971_LON90.18129,2022,90.181291097336,23.669707438463153,0.3307992534087598,0.05619998915332411,0.613000757437916,0.0,0.0,0.0,3,0,0,1,0,0,0,0,0.9987588749313354,998758.8749313354
Y2022_LAT23.66989_LON90.19109,2022,90.19108612817423,23.669885456656257,0.17549988321214752,0.05489997180742761,0.7696001449804248,0.0,0.0,0.0,3,0,0,1,0,0,0,0,0.9987730355911255,998773.0355911255
Y2022_LAT23.67006_LON90.20088,2022,90.20088125469215,23.670062856937736,0.27739960414731846,0.13409981449250413,0.5885005813601775,0.0,0.0,0.0,3,0,0,1,0,0,0,0,0.9987871440200806,998787.1440200806
Y2022_LAT23.67024_LON90.21068,2022,90.21067647670718,23.670239639173236,0.12869955652951628,0.016099952484357753,0.8455004339396154,0.009700057046510554,0.0,0.0,3,0,0,1,0,0,0,0,0.9988012048492432,998801.2048492432
Y2022_LAT23.67042_LON90.22047,2022,90.22047179392902,23.67041580338254,0.2460993721238867,0.0,0.6305003070550009,0.1234003208211124,0.0,0.0,3,0,0,1,0,0,0,0,0.9988152186584472,998815.2186584473
Y2022_LAT23.67059_LON90.23027,2022,90.23026720583478,23.670591349684884,0.10330007830707823,0.0,0.5129998317839602,0.3822000925370767,0.0014999973718847984,0.0,3,0,0,1,0,0,0,0,0.9988291782073975,998829.1782073975
Y2022_LAT23.67077_LON90.24006,2022,90.24006271224383,23.670766277818203,0.001299994444428735,0.0,0.5441003061304418,0.45459969942512946,0.0,0.0,3,0,0,1,0,0,0,0,0.9988430923309326,998843.0923309326
Y2022_LAT23.67094_LON90.24986,2022,90.24985831290394,23.67094058795108,0.0,0.0,0.9521001409333661,0.047899859066633826,0.0,0.0,3,0,0,1,0,0,0,0,0.9988569568328858,998856.9568328857
Y2022_LAT23.67111_LON90.25965,2022,90.2596540071639,23.671114279915606,0.0,0.0,1.0,0.0,0.0,0.0,3,0,0,1,0,0,0,0,0.998870771560669,998870.771560669
Y2022_LAT23.67129_LON90.26945,2022,90.26944979498077,23.67128735378411,0.0,0.0,1.0,0.0,0.0,0.0,3,0,0,1,0,0,0,0,0.9988845400543213,998884.5400543213
Y2022_LAT23.67146_LON90.27925,2022,90.2792456759283,23.671459809556552,0.3910048351254741,0.00295750002147135,0.5325929475890312,0.07344471726402346,0.0,0.0,3,0,0,1,0,0,0,0,0.81060508984375,810605.08984375
Y2022_LAT23.67163_LON90.28904,2022,90.28904164971378,23.67163164707944,0.469107479495984,0.09449971832675395,0.2839828745441663,0.15240992763309572,0.0,0.0,1,1,0,0,0,0,0,1,0.41225145290374754,412251.45290374756
Y2022_LAT23.6718_LON90.29884,2022,90.29883771584848,23.67180286643217,0.7932163776776199,0.008930494831283624,0.16415105218071885,0.03370207531037765,0.0,0.0,1,1,0,0,0,0,0,0,0.9395896532287598,939589.6532287598
Y2022_LAT23.67197_LON90.30863,2022,90.3086338742287,23.6719734675823,0.9454001343444899,0.010399946217662165,0.03639996263675336,0.007799956801094599,0.0,0.0,1,1,0,0,0,0,0,0,0.998939111328125,998939.111328125
Y2022_LAT23.67214_LON90.31843,2022,90.3184301243405,23.67214345053694,0.9522998391400439,0.0,0.04770016085995613,0.0,0.0,0.0,1,1,0,0,0,0,0,0,0.9989526312561036,998952.6312561035
Y2022_LAT23.67231_LON90.32823,2022,90.32822646598497,23.67231281518136,0.9851999964165771,0.010500006873049934,0.0034999931517254368,0.0008000035586475367,0.0,0.0,1,1,0,0,0,0,0,0,0.998966103012085,998966.103012085
Y2022_LAT23.67248_LON90.33802,2022,90.33802289865336,23.672481561486364,0.7082994380482028,0.0,0.29170056195179717,0.0,0.0,0.0,1,1,0,0,0,0,0,0,0.9989795249862671,998979.5249862671
Y2022_LAT23.67265_LON90.34782,2022,90.347819422269,23.67264968961687,0.39899875207344493,0.0,0.6010012479265551,0.0,0.0,0.0,3,0,0,1,0,0,0,0,0.9989929008483887,998992.9008483887
Y2022_LAT23.67282_LON90.35762,2022,90.35761603619699,23.672817199345946,0.02489992466174931,0.000299999342766503,0.9748000759954842,0.0,0.0,0.0,3,0,0,1,0,0,0,0,0.9990062220077515,999006.2220077515
Y2022_LAT23.67298_LON90.36741,2022,90.36741274047239,23.672984090720792,0.058500132122015734,0.000400000798518545,0.9211998484271454,0.0,0.01990001865232032,0.0,3,0,0,1,0,0,0,0,0.9990194976654053,999019.4976654053
Y2022_LAT23.67315_LON90.37721,2022,90.37720953437174,23.67315036372105,0.18220049475887137,0.011900005621382105,0.7045996169609267,0.0047000035347629365,0.09599987773592376,0.0006000013881331758,3,0,0,1,0,0,0,0,0.9990327228622436,999032.7228622437
Y2022_LAT23.67332_LON90.38701,2022,90.38700641776765,23.673316018313184,0.3644991165582809,0.20220077437586664,0.4121000679202081,0.015800056470142508,0.005399984675501882,0.0,3,0,0,1,0,0,0,1,0.9990458999862671,999045.8999862671
Y2022_LAT23.67348_LON90.3968,2022,90.39680339036659,23.67348105445784,0.2426004168480654,0.6824997692425498,0.07489981390938477,0.0,0.0,0.0,2,0,1,0,0,0,0,0,0.9990590272827149,999059.0272827148
Y2022_LAT23.67365_LON90.4066,2022,90.40660045175213,23.673645472221292,0.8035006008304483,0.18179941231579091,0.013999989392165115,0.0,0.0,0.0006999974615957422,1,1,0,0,0,0,0,0,0.999072106552124,999072.106552124
Y2022_LAT23.67381_LON90.4164,2022,90.4163976015287,23.673809271455447,0.8463002887549927,0.11699988682922624,0.03499982922460016,0.0016999951911808745,0.0,0.0,1,1,0,0,0,0,0,0,0.9990851356277466,999085.1356277466
Y2022_LAT23.67397_LON90.42619,2022,90.42619483956582,23.673972452224067,1.0,0.0,0.0,0.0,0.0,0.0,1,1,0,0,0,0,0,0,0.9990981164855957,999098.1164855957
Y2022_LAT23.67414_LON90.43599,2022,90.43599216531646,23.67413501452833,0.7868992778891573,0.0,0.0,0.21310072211084277,0.0,0.0,1,1,0,0,0,0,0,0,0.9991110469589234,999111.0469589233
Y2022_LAT23.6743_LON90.44579,2022,90.44578957854675,23.674296958143618,0.6674005123058474,0.014700026877293972,0.009200050083842812,0.30789941036891505,0.0008000003641007163,0.0,1,1,0,0,0,0,0,0,0.9991239291992188,999123.9291992188
Y2022_LAT23.67446_LON90.45559,2022,90.45558707901341,23.674458283331234,0.40304311118452385,0.06064114970220506,0.051648692899001584,0.4846670462142695,0.0,0.0,4,0,0,0,1,0,0,1,0.43332419115447995,433324.19115448
Y2022_LAT23.6758_LON90.02438,2022,90.02437951447082,23.67579556360516,0.3151575529243112,0.01756006547601811,0.18391973979352633,0.48336264180614436,0.0,0.0,4,0,0,0,1,0,0,1,0.2160810047302246,216081.0047302246
Y2022_LAT23.67598_LON90.03417,2022,90.03417363771479,23.6759835458416,0.2693875971934236,0.16482017791618778,0.5637574154759403,0.002034809414448489,0.0,0.0,3,0,0,1,0,0,0,0,0.8833096795425415,883309.6795425415
Y2022_LAT23.67617_LON90.04397,2022,90.04396786208045,23.676170910287578,0.4485007840109383,0.08960009443148607,0.4548991154447265,0.0070000061128491255,0.0,0.0,3,0,0,1,0,0,0,1,0.9985555081329346,998555.5081329346
Y2022_LAT23.67636_LON90.05376,2022,90.05376218728698,23.676357656909072,0.2524989737844932,0.004699969273839822,0.7384010657549505,0.004399991186716537,0.0,0.0,3,0,0,1,0,0,0,0,0.998570354675293,998570.354675293
Y2022_LAT23.67654_LON90.06356,2022,90.06355661291529,23.676543785630265,0.6536004997222363,0.005600033213318803,0.33509943184377466,0.005700035220670166,0.0,0.0,1,1,0,0,0,0,0,0,0.998585148979187,998585.148979187
Y2022_LAT23.67673_LON90.07335,2022,90.07335113867751,23.67672929647067,0.6113996738315065,0.1773006772148874,0.19319959306666804,0.018100055886938117,0.0,0.0,1,1,0,0,0,0,0,0,0.998599896949768,998599.8969497681
Y2022_LAT23.67691_LON90.08315,2022,90.0831457643995,23.67691418943131,0.43400064701761176,0.21589987838133431,0.33659950476892053,0.013499969832133392,0.0,0.0,1,1,0,0,0,0,0,1,0.9986145961532593,998614.5961532593
Y2022_LAT23.6771_LON90.09294,2022,90.09294048937929,23.677098464394223,0.8837001035921606,0.051399798556412406,0.017400093134477698,0.04750000471694934,0.0,0.0,1,1,0,0,0,0,0,0,0.998629243965149,998629.2439651489
Y2022_LAT23.67728_LON90.10274,2022,90.102735313684,23.67728212138585,0.06469998225311599,0.012300041199786598,0.7595992330937141,0.16340074345338326,0.0,0.0,3,0,0,1,0,0,0,0,0.9986438442230224,998643.8442230225
Y2022_LAT23.67747_LON90.11253,2022,90.11253023667851,23.67746516043704,0.23800022842597915,0.06579997772926305,0.6664999886695945,0.029699805175163324,0.0,0.0,3,0,0,1,0,0,0,0,0.9986583966140747,998658.3966140747
Y2022_LAT23.67765_LON90.12233,2022,90.12232525824136,23.677647581381592,0.21249907089575598,0.005799964490144367,0.7812009635903832,0.0005000010237165176,0.0,0.0,3,0,0,1,0,0,0,0,0.9986728973007202,998672.8973007202
Y2022_LAT23.67783_LON90.13212,2022,90.13212037793532,23.677829384331158,0.4261006973375211,0.0018000061244699418,0.5672992849399845,0.004800011598024425,0.0,0.0,3,0,0,1,0,0,0,0,0.9986873512573242,998687.3512573242
Y2022_LAT23.67801_LON90.14192,2022,90.1419155954399,23.678010569231475,0.10239941544029207,0.03090018846246543,0.8652004061235495,0.0014999899736929823,0.0,0.0,3,0,0,1,0,0,0,0,0.9987017540588379,998701.7540588379
Y2022_LAT23.67819_LON90.15171,2022,90.1517109104151,23.67819113600104,0.4693001293310883,0.07559992247407056,0.45439995124708676,0.0006999969477543776,0.0,0.0,1,1,0,0,0,0,0,1,0.9987161096878052,998716.1096878052
Y2022_LAT23.67837_LON90.16151,2022,90.16150632255399,23.67837108468376,0.15129980220342595,0.020500025525471647,0.8174001272492277,0.010800045021874689,0.0,0.0,3,0,0,1,0,0,0,0,0.9987304146270752,998730.4146270752
Y2022_LAT23.67855_LON90.1713,2022,90.17130183151394,23.678550415217572,0.3922014680635703,0.021300042509016126,0.5792984840133174,0.0,0.00720000541409627,0.0,3,0,0,1,0,0,0,0,0.9987446724090576,998744.6724090576
Y2022_LAT23.67873_LON90.1811,2022,90.1810974369278,23.678729127524555,0.2736988520685145,0.007499988251906322,0.7188011596795791,0.0,0.0,0.0,3,0,0,1,0,0,0,0,0.9987588795318604,998758.8795318604
Y2022_LAT23.67891_LON90.19089,2022,90.19089313852575,23.678907221657223,0.12169971467521572,0.0002999982973043207,0.87800028702748,0.0,0.0,0.0,3,0,0,1,0,0,0,0,0.9987730382766724,998773.0382766724
Y2022_LAT23.67908_LON90.20069,2022,90.20068893596161,23.679084697594206,0.00039999960591546613,0.0,0.9996000003940846,0.0,0.0,0.0,3,0,0,1,0,0,0,0,0.9987871473464965,998787.1473464966
Y2022_LAT23.67926_LON90.21048,2022,90.21048482882942,23.679261555294072,0.08409988991687666,0.002699984766085244,0.9132001253170381,0.0,0.0,0.0,3,0,0,1,0,0,0,0,0.9988012083435058,998801.2083435059
Y2022_LAT23.67944_LON90.22028,2022,90.2202808169129,23.67943779475141,0.08269986362565773,0.0,0.9173001363743423,0.0,0.0,0.0,3,0,0,1,0,0,0,0,0.998815219116211,998815.2191162109
Y2022_LAT23.67961_LON90.23008,2022,90.23007689982374,23.67961341583715,0.2613007709739222,0.06580013787322109,0.6670990595092054,0.005800031643651448,0.0,0.0,3,0,0,1,0,0,0,0,0.9988291816177368,998829.1816177368
Y2022_LAT23.67979_LON90.23987,2022,90.23987307712183,23.679788418657314,0.07240024763927215,0.02490005873546385,0.902699693625264,0.0,0.0,0.0,3,0,0,1,0,0,0,0,0.9988430952606201,998843.0952606201
Y2022_LAT23.67996_LON90.24967,2022,90.24966934876005,23.67996280312878,0.0461997412545824,0.0,0.9538002587454176,0.0,0.0,0.0,3,0,0,1,0,0,0,0,0.998856960067749,998856.960067749
Y2022_LAT23.68014_LON90.25947,2022,90.25946571403094,23.680136569215893,0.0,9.999978602928333e-05,0.994000001136797,0.0058999990771737105,0.0,0.0,3,0,0,1,0,0,0,0,0.9988707743759155,998870.7743759155
Y2022_LAT23.68031_LON90.26926,2022,90.26926217288214,23.680309717012452,0.1775008345577373,0.0,0.8109990939846021,0.011500071457660575,0.0,0.0,3,0,0,1,0,0,0,0,0.9988845422821044,998884.5422821045
Y2022_LAT23.68048_LON90.27906,2022,90.27905872496201,23.68048224632503,0.409899350787547,0.0013000057201403192,0.18890056532821892,0.39990007816409373,0.0,0.0,1,1,0,0,0,0,0,1,0.9988982571868896,998898.2571868896
Y2022_LAT23.68065_LON90.28886,2022,90.2888553697017,23.68065415725346,0.26420127356234824,0.02600001904696964,0.6983987792872154,0.011399928103466768,0.0,0.0,3,0,0,1,0,0,0,0,0.9989119254455566,998911.9254455566
Y2022_LAT23.68083_LON90.29865,2022,90.29865210710203,23.680825449623452,0.8942996335038087,0.0017000064842520508,0.10380035935331687,0.00020000065862239505,0.0,0.0,1,1,0,0,0,0,0,0,0.9989255434341431,998925.5434341431
Y2022_LAT23.681_LON90.30845,2022,90.30844893653449,23.680996123618623,0.9894000523774827,0.0,0.010599947622517222,0.0,0.0,0.0,1,1,0,0,0,0,0,0,0.9989391132125854,998939.1132125854
Y2022_LAT23.68117_LON90.31825,2022,90.31824585795898,23.681166179057755,0.6649987175156784,0.0,0.33500128248432165,0.0,0.0,0.0,1,1,0,0,0,0,0,0,0.9989526333999634,998952.6333999634
Y2022_LAT23.68134_LON90.32804,2022,90.32804287068859,23.68133561598389,0.41629917406815836,0.0016999985555019332,0.5820008273763396,0.0,0.0,0.0,3,0,0,1,0,0,0,0,0.9989661054611206,998966.1054611206
Y2022_LAT23.6815_LON90.33784,2022,90.33783997470627,23.68150443436738,0.013500005955639634,0.0,0.9864999940443604,0.0,0.0,0.0,3,0,0,1,0,0,0,0,0.9989795284576416,998979.5284576416
Y2022_LAT23.68167_LON90.34764,2022,90.34763716947079,23.68167263416561,0.16650011229761938,0.0093999890827858,0.8240998986195949,0.0,0.0,0.0,3,0,0,1,0,0,0,0,0.9989929008483887,998992.9008483887
Y2022_LAT23.68184_LON90.35743,2022,90.35743445478417,23.681840215417694,0.10100026022498221,0.0,0.8946997287101285,0.004300011064889285,0.0,0.0,3,0,0,1,0,0,0,0,0.9990062254867553,999006.2254867554
Y2022_LAT23.68201_LON90.36723,2022,90.36723183031991,23.682007177967904,0.18799960018189193,0.0,0.8006004204108305,0.0,0.01139997940727771,0.0,3,0,0,1,0,0,0,0,0.9990194999847413,999019.4999847412
Y2022_LAT23.68217_LON90.37703,2022,90.37702929556154,23.682173521934047,0.455900249440302,9.999996372070634e-05,0.5273996792959285,0.014300069774707118,0.002300001525341695,0.0,3,0,0,1,0,0,0,0,0.9990327263336182,999032.7263336182
Y2022_LAT23.68234_LON90.38683,2022,90.38682685035715,23.68233924722738,0.7881997101328031,0.08730026155073256,0.11880005840923454,9.999934732421425e-05,0.005599970559905694,0.0,1,1,0,0,0,0,0,0,0.999045903465271,999045.903465271
Y2022_LAT23.6825_LON90.39662,2022,90.39662449431165,23.682504353804134,0.4927995727867621,0.5072004272132379,0.0,0.0,0.0,0.0,2,0,1,0,0,0,0,0,0.9990590291519165,999059.0291519165
Y2022_LAT23.68267_LON90.40642,2022,90.4064222271138,23.68266884167841,0.6069008334047722,0.3147990433388632,0.0,0.0,0.0,0.07830012325636455,1,1,0,0,0,0,0,0,0.9990721083145142,999072.1083145142
Y2022_LAT23.68283_LON90.41622,2022,90.41622004843472,23.682832710833175,0.9479002532991142,0.01949989918357333,0.015399930413863634,0.0025999948010282663,0.0,0.014599922302420567,1,1,0,0,0,0,0,0,0.9990851382217407,999085.1382217407
Y2022_LAT23.683_LON90.42602,2022,90.42601795782869,23.682995961220236,0.7670993084995105,0.0164999190613451,0.0,0.21640077243914446,0.0,0.0,1,1,0,0,0,0,0,0,0.9990981182785034,999098.1182785034
Y2022_LAT23.68316_LON90.43582,2022,90.43581595517679,23.683158592791173,0.6108007339848547,0.0,0.0,0.3891992660151453,0.0,0.0,1,1,0,0,0,0,0,0,0.9991110503997803,999111.0503997803
Y2022_LAT23.68332_LON90.44561,2022,90.44561403991838,23.683320605739755,0.9717998434394414,0.0046000255349436,0.006300030564587949,0.016300095459086453,0.001000005001940636,0.0,1,1,0,0,0,0,0,0,0.9991239315795899,999123.9315795898
Y2022_LAT23.68348_LON90.45541,2022,90.45541221193358,23.683481999713646,0.6229482556357878,0.2064663650577827,0.06284201728511457,0.10004016222036011,0.007703199800954929,0.0,1,1,0,0,0,0,0,0,0.9857482493362427,985748.2493362427
Y2022_LAT23.68364_LON90.46521,2022,90.46521047076008,23.683642774852633,0.9768160010274833,0.0,0.0,0.023183998972516662,0.0,0.0,1,1,0,0,0,0,0,0,0.32322485633850095,323224.856338501
Y2022_LAT23.6838_LON90.47501,2022,90.47500881598002,23.683802931209467,1.0,0.0,0.0,0.0,0.0,0.0,1,1,0,0,0,0,0,0,0.07343803986358642,73438.03986358643
Y2022_LAT23.685_LON90.03397,2022,90.03396981755542,23.68500405169941,0.16567168948142275,0.0004975110548192401,0.833830799463758,0.0,0.0,0.0,3,0,0,1,0,0,0,0,0.20070771918487548,200707.7191848755
Y2022_LAT23.68519_LON90.04376,2022,90.04376471264946,23.685191496040034,0.3657099785763276,0.029027768131199887,0.6008427867910399,0.004419466501432635,0.0,0.0,3,0,0,1,0,0,0,0,0.9941618983840942,994161.8983840942
Y2022_LAT23.68538_LON90.05356,2022,90.05355970859381,23.685378322299123,0.36299935532393446,0.03050006438355695,0.6050005693745637,0.0015000109179448696,0.0,0.0,3,0,0,1,0,0,0,0,0.9985703583221436,998570.3583221436
Y2022_LAT23.68556_LON90.06335,2022,90.06335480496062,23.685564530452844,0.7866004095809916,0.06529999307022855,0.13469956570339145,0.013400031645388338,0.0,0.0,1,1,0,0,0,0,0,0,0.9985851521530151,998585.1521530151
Y2022_LAT23.68575_LON90.07315,2022,90.07315000156721,23.685750120436253,0.6057993418102621,0.16930048163246023,0.14120008617184546,0.08370009038543227,0.0,0.0,1,1,0,0,0,0,0,0,0.9985999004211426,998599.9004211426
Y2022_LAT23.68594_LON90.08295,2022,90.08294529795054,23.685935092191453,0.6072000253619065,0.06279997057316637,0.27340014667154305,0.054299844376780725,0.0023000130166034674,0.0,1,1,0,0,0,0,0,0,0.9986145989837647,998614.5989837646
Y2022_LAT23.68612_LON90.09274,2022,90.09274069395413,23.686119445769236,0.8729001952921625,0.0575000090003171,0.017699894184918116,0.050399911462187565,0.001499990060414744,0.0,1,1,0,0,0,0,0,0,0.9986292471084595,998629.2471084595
Y2022_LAT23.6863_LON90.10254,2022,90.10253618903371,23.686303181147174,0.7021998547693875,0.10550010557049964,0.14820017143580416,0.044099868224308836,0.0,0.0,1,1,0,0,0,0,0,0,0.9986438482513428,998643.8482513428
Y2022_LAT23.68649_LON90.11233,2022,90.1123317830009,23.686486298260636,0.9661998981594202,0.02770007607972437,0.006100025760855479,0.0,0.0,0.0,1,1,0,0,0,0,0,0,0.9986583997421264,998658.3997421265
Y2022_LAT23.68667_LON90.12213,2022,90.12212747545509,23.686668797078124,0.6120994723215426,0.09109990094085459,0.27970060900207105,0.01710001773553176,0.0,0.0,1,1,0,0,0,0,0,0,0.9986729000396729,998672.9000396729
Y2022_LAT23.68685_LON90.13192,2022,90.1319232660632,23.686850677571027,0.3593003140931349,0.0007000011519080129,0.639999684754957,0.0,0.0,0.0,3,0,0,1,0,0,0,0,0.9986873541183472,998687.3541183472
Y2022_LAT23.68703_LON90.14172,2022,90.14171915461574,23.68703193971143,0.11429977843672545,0.019900066227009596,0.865800155336265,0.0,0.0,0.0,3,0,0,1,0,0,0,0,0.9987017575988769,998701.757598877
Y2022_LAT23.68721_LON90.15152,2022,90.15151514060925,23.687212583529078,0.0,0.03029991242993133,0.8944000483686428,0.0753000392014258,0.0,0.0,3,0,0,1,0,0,0,0,0.9987161124572754,998716.1124572754
Y2022_LAT23.68739_LON90.16131,2022,90.16131122379636,23.68739260891942,0.2849006548349847,0.20960067947981856,0.4962986929763331,0.009199972708863621,0.0,0.0,3,0,0,1,0,0,0,1,0.9987304178009033,998730.4178009033
Y2022_LAT23.68757_LON90.17111,2022,90.17110740382451,23.68757201592602,0.32180029107884595,0.27269985421946014,0.4054998547016939,0.0,0.0,0.0,3,0,0,1,0,0,0,1,0.9987446755599976,998744.6755599976
Y2022_LAT23.68775_LON90.1809,2022,90.18090368039647,23.68775080454604,0.21219914665396292,0.0038999842243216108,0.7824008743284416,0.0014999947932738704,0.0,0.0,3,0,0,1,0,0,0,0,0.9987588837127686,998758.8837127686
Y2022_LAT23.68793_LON90.1907,2022,90.19070005308562,23.687928974645676,0.10379976241111896,0.07889985126440398,0.8048004282265514,0.011999961024016471,0.0004999970739091982,0.0,3,0,0,1,0,0,0,0,0.9987730416564942,998773.0416564941
Y2022_LAT23.68811_LON90.2005,2022,90.20049652177411,23.68810652627268,0.1158005103698181,0.11360005583652012,0.7705994337936618,0.0,0.0,0.0,3,0,0,1,0,0,0,0,0.9987871505355835,998787.1505355835
Y2022_LAT23.68828_LON90.21029,2022,90.21029308576458,23.688283459428458,0.100499475615018,0.01389991939674074,0.8856006049882412,0.0,0.0,0.0,3,0,0,1,0,0,0,0,0.9988012114410401,998801.21144104
Y2022_LAT23.68846_LON90.22009,2022,90.22008974511502,23.688459774039266,0.05750032731282315,0.001700011712235329,0.9191995295817024,0.021600131393239106,0.0,0.0,3,0,0,1,0,0,0,0,0.9988152208786011,998815.2208786011
Y2022_LAT23.68864_LON90.22989,2022,90.22988649921624,23.688635470068228,0.34540043365643613,0.055700098393616435,0.5949994831631519,0.0038999847867955384,0.0,0.0,3,0,0,1,0,0,0,0,0.9988291846847535,998829.1846847534
Y2022_LAT23.68881_LON90.23968,2022,90.23968334787638,23.68881054755855,0.16299986824294815,0.1046000101160719,0.732200122836496,0.00019999880448390986,0.0,0.0,3,0,0,1,0,0,0,0,0.9988430983505249,998843.0983505249
Y2022_LAT23.68899_LON90.24948,2022,90.24948029079363,23.68898500645863,0.04239980542153474,0.0006000028655251598,0.9544001814190632,0.0026000102938768875,0.0,0.0,3,0,0,1,0,0,0,0,0.9988569620666504,998856.9620666504
Y2022_LAT23.68916_LON90.25928,2022,90.25927732741697,23.689158846767523,0.01770009307642971,0.0,0.9773999311323405,0.0048999757912297996,0.0,0.0,3,0,0,1,0,0,0,0,0.9988707772216797,998870.7772216797
Y2022_LAT23.68933_LON90.26907,2022,90.26907445768036,23.689332068339798,0.3036999018148081,0.02520011408399091,0.4076991459312479,0.2634008381699531,0.0,0.0,3,0,0,1,0,0,0,1,0.9988845439071655,998884.5439071655
Y2022_LAT23.6895_LON90.27887,2022,90.27887168106732,23.689504671222522,0.14359988588072475,0.055799817502479886,0.7771004274271321,0.023499869189663274,0.0,0.0,3,0,0,1,0,0,0,0,0.9988982604598999,998898.2604598999
Y2022_LAT23.68968_LON90.28867,2022,90.2886689973465,23.689676655411855,0.5795009607680978,0.12710040224027766,0.29159864799572277,0.001799988995901817,0.0,0.0,1,1,0,0,0,0,0,0,0.998911928642273,998911.928642273
Y2022_LAT23.68985_LON90.29847,2022,90.29846640613323,23.68984802094192,0.9260003855391369,0.07399961446086309,0.0,0.0,0.0,0.0,1,1,0,0,0,0,0,0,0.9989255469131469,998925.546913147
Y2022_LAT23.69002_LON90.30826,2022,90.30826390710382,23.690018767769185,0.9977999865781988,0.0,0.0022000134218012088,0.0,0.0,0.0,1,1,0,0,0,0,0,0,0.9989391175842285,998939.1175842285
Y2022_LAT23.69019_LON90.31806,2022,90.31806149997833,23.690188895715618,0.3138995013196013,0.004000012943671467,0.6805004907475418,0.0015999949891854527,0.0,0.0,3,0,0,1,0,0,0,0,0.9989526371459961,998952.6371459961
Y2022_LAT23.69036_LON90.32786,2022,90.3278591842765,23.69035840490154,0.3582002838608169,0.006600003629556707,0.6237997806130229,0.011399931896603526,0.0,0.0,3,0,0,1,0,0,0,0,0.9989661081008911,998966.1081008911
Y2022_LAT23.69053_LON90.33766,2022,90.33765695983121,23.690527295348776,0.22120005264946993,0.0,0.7676998877290261,0.011100059621503943,0.0,0.0,3,0,0,1,0,0,0,0,0.9989795315475464,998979.5315475464
Y2022_LAT23.6907_LON90.34745,2022,90.34745482628604,23.690695566908847,0.2863997744844924,0.0,0.7130002294600625,0.0005999960554451668,0.0,0.0,3,0,0,1,0,0,0,0,0.9989929008483887,998992.9008483887
Y2022_LAT23.69086_LON90.35725,2022,90.35725278310356,23.69086321961578,0.30510098813602565,0.007500037803013262,0.684098955361984,0.0033000186989772533,0.0,0.0,3,0,0,1,0,0,0,0,0.9990062286453247,999006.2286453247
Y2022_LAT23.69103_LON90.36705,2022,90.36705083031248,23.691030253398875,0.9198000392041592,0.0,0.08019996079584082,0.0,0.0,0.0,1,1,0,0,0,0,0,0,0.999019502609253,999019.5026092529
Y2022_LAT23.6912_LON90.37685,2022,90.37684896726971,23.69119666831015,0.8397001019371301,0.003499991070338271,0.07709987680112973,0.07970003019140191,0.0,0.0,1,1,0,0,0,0,0,0,0.9990327285690308,999032.7285690308
Y2022_LAT23.69136_LON90.38665,2022,90.38664719377365,23.691362464299498,1.0,0.0,0.0,0.0,0.0,0.0,1,1,0,0,0,0,0,0,0.9990459057922363,999045.9057922363
Y2022_LAT23.69153_LON90.39645,2022,90.39644550944865,23.691527641360246,1.0,0.0,0.0,0.0,0.0,0.0,1,1,0,0,0,0,0,0,0.9990590336990356,999059.0336990356
Y2022_LAT23.69169_LON90.40624,2022,90.40624391405873,23.6916921993956,1.0,0.0,0.0,0.0,0.0,0.0,1,1,0,0,0,0,0,0,0.9990721120147705,999072.1120147705
Y2022_LAT23.69186_LON90.41604,2022,90.41604240706675,23.691856138496544,0.8191992595685443,0.0,0.0,0.18080074043145564,0.0,0.0,1,1,0,0,0,0,0,0,0.9990851405639648,999085.1405639648
Y2022_LAT23.69202_LON90.42584,2022,90.42584098837877,23.692019458559063,0.6584009130228321,0.03709995297037411,0.0,0.3044991340067938,0.0,0.0,1,1,0,0,0,0,0,0,0.9990981207809448,999098.1207809448
Y2022_LAT23.69218_LON90.43564,2022,90.43563965751353,23.69218215954913,1.0,0.0,0.0,0.0,0.0,0.0,1,1,0,0,0,0,0,0,0.9991110517501831,999111.0517501831
Y2022_LAT23.69234_LON90.44544,2022,90.44543841412684,23.69234424145357,1.0,0.0,0.0,0.0,0.0,0.0,1,1,0,0,0,0,0,0,0.9991239349365234,999123.9349365234
Y2022_LAT23.69251_LON90.45524,2022,90.45523725805928,23.692505704334405,1.0,0.0,0.0,0.0,0.0,0.0,1,1,0,0,0,0,0,0,0.9991367661590577,999136.7661590576
Y2022_LAT23.69267_LON90.46504,2022,90.46503618870872,23.692666548114357,0.8815000581779907,0.009899992631973165,0.0,0.10859994919003615,0.0,0.0,1,1,0,0,0,0,0,0,0.9991495521011352,999149.5521011353
Y2022_LAT23.69283_LON90.47484,2022,90.47483520593858,23.692826772691703,1.0,0.0,0.0,0.0,0.0,0.0,1,1,0,0,0,0,0,0,0.7905364627914429,790536.4627914429
Y2022_LAT23.69299_LON90.48463,2022,90.4846343094755,23.692986378148444,0.8997122413025516,0.10028775869744842,0.0,0.0,0.0,0.0,1,1,0,0,0,0,0,0,0.2430989380722046,243098.9380722046
Y2022_LAT23.69315_LON90.49443,2022,90.49443349863819,23.693145364514095,0.0,0.0,0.0,0.0,0.0,0.0,1,1,0,0,0,0,0,1,0.0,0.0
Y2022_LAT23.69402_LON90.03377,2022,90.03376589628226,23.694024545346963,0.0,0.0,1.0,0.0,0.0,0.0,3,0,0,1,0,0,0,0,0.07948433137512206,79484.33137512207
Y2022_LAT23.69421_LON90.04356,2022,90.04356146241442,23.694212069655585,0.11313841580913554,0.008343577868393598,0.8679494737041914,0.01056853261827951,0.0,0.0,3,0,0,1,0,0,0,0,0.8976020648345947,897602.0648345947
Y2022_LAT23.6944_LON90.05336,2022,90.05335712937642,23.69439897558522,0.3216995247545835,0.06449985159009268,0.6135006243836975,0.00029999927162638324,0.0,0.0,3,0,0,1,0,0,0,0,0.998570361656189,998570.361656189
Y2022_LAT23.69459_LON90.06315,2022,90.06315289686664,23.69458526312828,0.25800087423897244,0.06400011516849977,0.6773990102569074,0.0006000003356204196,0.0,0.0,3,0,0,1,0,0,0,0,0.998585155128479,998585.155128479
Y2022_LAT23.69477_LON90.07295,2022,90.07294876450825,23.694770932261218,0.5627007271966974,0.1358001655719411,0.25679901710191233,0.04470009012944915,0.0,0.0,1,1,0,0,0,0,0,0,0.9985999040527344,998599.9040527344
Y2022_LAT23.69496_LON90.08274,2022,90.08274473212296,23.694955982996586,0.5120988128648118,0.00010000072329666958,0.46560125000465286,0.022199936407238764,0.0,0.0,1,1,0,0,0,0,0,0,0.998614603225708,998614.603225708
Y2022_LAT23.69514_LON90.09254,2022,90.09254079918136,23.69514041515422,0.37490084644900035,0.001299991099375552,0.5658992917961021,0.047399832956579784,0.010500037698942201,0.0,3,0,0,1,0,0,0,0,0.9986292502975463,998629.2502975464
Y2022_LAT23.69532_LON90.10234,2022,90.10233696561099,23.695324228837872,0.7008992515627586,0.0853002925194035,0.136100108088471,0.014800008443549102,0.06290033938581781,0.0,1,1,0,0,0,0,0,0,0.9986438507843017,998643.8507843018
Y2022_LAT23.69551_LON90.11213,2022,90.1121332307547,23.695507423993153,0.9709000696296981,0.018200007129014643,0.005199963408639234,0.0,0.005699959832647999,0.0,1,1,0,0,0,0,0,0,0.9986584027633667,998658.4027633667
Y2022_LAT23.69569_LON90.12193,2022,90.12192959448173,23.695690000641797,0.7502991264942231,0.028799976180840858,0.22010090251894446,0.000799994805991573,0.0,0.0,1,1,0,0,0,0,0,0,0.9986729038772583,998672.9038772583
Y2022_LAT23.69587_LON90.13173,2022,90.1317260564157,23.69587195872346,0.006199957376988823,0.0,0.9938000426230111,0.0,0.0,0.0,3,0,0,1,0,0,0,0,0.9986873569488526,998687.3569488525
Y2022_LAT23.69605_LON90.14152,2022,90.14152261628611,23.69605329816605,0.18400035173361212,0.020800067318315726,0.7879995606443021,0.007200020303770051,0.0,0.0,3,0,0,1,0,0,0,0,0.9987017601852417,998701.7601852417
Y2022_LAT23.69623_LON90.15132,2022,90.1513192735837,23.696234018970106,0.06860021849576667,0.0031000200735427836,0.9159997339319592,0.012300027498731379,0.0,0.0,3,0,0,1,0,0,0,0,0.9987161163787842,998716.1163787842
Y2022_LAT23.69641_LON90.16112,2022,90.1611160282094,23.696414121172545,0.4147999933697623,0.32500067080364864,0.2486993185511699,0.011500017275419125,0.0,0.0,1,1,0,0,0,0,0,1,0.9987304220123291,998730.4220123291
Y2022_LAT23.69659_LON90.17091,2022,90.17091287966808,23.69659360474074,0.15329934516213936,0.5591000395518102,0.28610061028846306,0.001500004997587513,0.0,0.0,2,0,1,0,0,0,0,0,0.9987446786422729,998744.678642273
Y2022_LAT23.69677_LON90.18071,2022,90.18070982763672,23.6967724695766,0.0954998608854216,0.29609990009606924,0.6084002390185091,0.0,0.0,0.0,3,0,0,1,0,0,0,0,0.9987588852005005,998758.8852005005
Y2022_LAT23.69695_LON90.19051,2022,90.19050687186817,23.696950715691802,0.1466000679547382,0.22710006931243354,0.6262998627328282,0.0,0.0,0.0,3,0,0,1,0,0,0,0,0.9987730447769165,998773.0447769165
Y2022_LAT23.69713_LON90.2003,2022,90.20030401191951,23.69712834307055,0.446001033453463,0.24489946261659742,0.3090995039299396,0.0,0.0,0.0,1,1,0,0,0,0,0,1,0.9987871536712647,998787.1536712646
Y2022_LAT23.69731_LON90.2101,2022,90.21010124757622,23.69730535159487,0.1239000633527973,0.03179996811019931,0.8442999685370034,0.0,0.0,0.0,3,0,0,1,0,0,0,0,0.998801214553833,998801.214553833
Y2022_LAT23.69748_LON90.2199,2022,90.21989857844044,23.69748174142072,0.4353003240186967,0.009299947358817489,0.5247995647210001,0.03060016390148574,0.0,0.0,3,0,0,1,0,0,0,0,0.998815227722168,998815.227722168
Y2022_LAT23.69766_LON90.2297,2022,90.22969600417127,23.697657512448863,0.37710056459063096,0.08540020482379308,0.37729934730041775,0.16019988328515822,0.0,0.0,3,0,0,1,0,0,0,1,0.9988291876449585,998829.1876449585
Y2022_LAT23.69783_LON90.23949,2022,90.23949352444232,23.69783266458546,0.29690000431609787,0.041100041604199486,0.6619999540797027,0.0,0.0,0.0,3,0,0,1,0,0,0,0,0.9988431016616821,998843.1016616821
Y2022_LAT23.69801_LON90.24929,2022,90.2492911389818,23.698007197814498,0.1568996356104457,0.049999736010735985,0.7931006283788183,0.0,0.0,0.0,3,0,0,1,0,0,0,0,0.9988569657974243,998856.9657974243
Y2022_LAT23.69818_LON90.25909,2022,90.25908884729992,23.698181112186607,0.3653003257531748,0.042999870321452326,0.5916998039253729,0.0,0.0,0.0,3,0,0,1,0,0,0,0,0.9988707804183959,998870.780418396
Y2022_LAT23.69835_LON90.26889,2022,90.26888664922271,23.698354407670063,0.23229976385478507,0.0602998849691919,0.6038998774993117,0.1035004736767113,0.0,0.0,3,0,0,1,0,0,0,0,0.9988845443725586,998884.5443725586
Y2022_LAT23.69853_LON90.27868,2022,90.27868454438945,23.69852708423566,0.31550080281556736,0.23639960602841045,0.21460036364811147,0.23349922750791072,0.0,0.0,1,1,0,0,0,0,0,1,0.9988982633972168,998898.2633972168
Y2022_LAT23.6987_LON90.28848,2022,90.28848253235476,23.698699141812764,0.8848999747523819,0.07360025414091498,0.040099764610366156,0.0014000064963369575,0.0,0.0,1,1,0,0,0,0,0,0,0.9989119308395386,998911.9308395386
Y2022_LAT23.69887_LON90.29828,2022,90.29828061303134,23.698870580411132,0.6622995618936358,0.07380021317634197,0.2639002249300222,0.0,0.0,0.0,1,1,0,0,0,0,0,0,0.9989255498428344,998925.5498428345
Y2022_LAT23.69904_LON90.30808,2022,90.30807878574694,23.699041399940448,0.6752996785038088,0.09719994151112538,0.20890047109765875,0.016799918563850148,0.0017999903235570856,0.0,1,1,0,0,0,0,0,0,0.9989391198272705,998939.1198272705
Y2022_LAT23.69921_LON90.31788,2022,90.3178770504813,23.699211600501837,0.2940998955092724,0.0043000180963719435,0.6999000913557242,0.0016999950386314784,0.0,0.0,3,0,0,1,0,0,0,0,0.9989526394805908,998952.6394805908
Y2022_LAT23.69938_LON90.32768,2022,90.32767540665867,23.699381182078024,0.42340051340178736,0.0009999985480746761,0.5737994953131861,0.0017999927369518746,0.0,0.0,3,0,0,1,0,0,0,0,0.9989661110687256,998966.1110687256
Y2022_LAT23.69955_LON90.33747,2022,90.33747385414618,23.699550144458456,0.5049001099010892,0.027000035525403473,0.4417998917707783,0.026299962802729004,0.0,0.0,1,1,0,0,0,0,0,0,0.9989795338287354,998979.5338287354
Y2022_LAT23.69972_LON90.34727,2022,90.34727239253493,23.69971848774044,0.9357001455820037,0.017500032470445098,0.045899826673025564,0.0008999952745256469,0.0,0.0,1,1,0,0,0,0,0,0,0.9989929008789062,998992.9008789062
Y2022_LAT23.69989_LON90.35707,2022,90.35707102131262,23.699886211934867,0.6934003046640433,0.06450014632273712,0.2197994996292106,0.021900049131313402,0.0004000002526955789,0.0,1,1,0,0,0,0,0,0,0.9990062315292358,999006.2315292358
Y2022_LAT23.70005_LON90.36687,2022,90.36686974043921,23.70005331705588,0.9976000152822021,0.0012999916451352802,0.0,0.0010999930726625874,0.0,0.0,1,1,0,0,0,0,0,0,0.9990195055160522,999019.5055160522
Y2022_LAT23.70022_LON90.37667,2022,90.37666854943967,23.70021980290226,0.9777000205683594,0.0036999947197942054,0.013599983078377125,0.005000001633469346,0.0,0.0,1,1,0,0,0,0,0,0,0.9990327317886353,999032.7317886353
Y2022_LAT23.70039_LON90.38647,2022,90.3864674479825,23.700385669579653,1.0,0.0,0.0,0.0,0.0,0.0,1,1,0,0,0,0,0,0,0.9990459079666137,999045.9079666138
Y2022_LAT23.70055_LON90.39627,2022,90.3962664357762,23.70055091706898,1.0,0.0,0.0,0.0,0.0,0.0,1,1,0,0,0,0,0,0,0.9990590367736817,999059.0367736816
Y2022_LAT23.70072_LON90.40607,2022,90.40606551240806,23.700715545358978,0.8980995954543699,0.0,0.0,0.10190040454563014,0.0,0.0,1,1,0,0,0,0,0,0,0.9990721150283813,999072.1150283813
Y2022_LAT23.70088_LON90.41586,2022,90.41586467757924,23.700879554301107,0.6973004096212849,0.0,0.0,0.3026995903787151,0.0,0.0,1,1,0,0,0,0,0,0,0.9990851430892944,999085.1430892944
Y2022_LAT23.70104_LON90.42566,2022,90.4256639310151,23.701042944001834,0.9890999537138725,0.010900046286127549,0.0,0.0,0.0,0.0,1,1,0,0,0,0,0,0,0.9990981248321533,999098.1248321533
Y2022_LAT23.70121_LON90.43546,2022,90.43546327232818,23.701205714455323,0.9605999245088248,0.0,0.0,0.03940007549117517,0.0,0.0,1,1,0,0,0,0,0,0,0.9991110552902221,999111.0552902222
Y2022_LAT23.70137_LON90.44526,2022,90.44526270110596,23.70136786549647,1.0,0.0,0.0,0.0,0.0,0.0,1,1,0,0,0,0,0,0,0.9991239372406006,999123.9372406006
Y2022_LAT23.70153_LON90.45506,2022,90.45506221733368,23.701529397245388,1.0,0.0,0.0,0.0,0.0,0.0,1,1,0,0,0,0,0,0,0.9991367690200805,999136.7690200806
Y2022_LAT23.70169_LON90.46486,2022,90.46486182016598,23.701690309568644,1.0,0.0,0.0,0.0,0.0,0.0,1,1,0,0,0,0,0,0,0.9991495536270142,999149.5536270142
Y2022_LAT23.70185_LON90.47466,2022,90.47466150976898,23.70185060251837,0.9998000006617177,0.0,0.0,0.0001999993382823355,0.0,0.0,1,1,0,0,0,0,0,0,0.9991622795104981,999162.279510498
Y2022_LAT23.70201_LON90.48446,2022,90.48446128547123,23.70201027610431,0.9369001107937737,0.027899968921774047,0.0,0.035199920284452305,0.0,0.0,1,1,0,0,0,0,0,0,0.9991749737167358,999174.9737167358
Y2022_LAT23.70217_LON90.49426,2022,90.49426114708672,23.70216933015094,1.0,0.0,0.0,0.0,0.0,0.0,1,1,0,0,0,0,0,0,0.571035258972168,571035.258972168
Y2022_LAT23.70233_LON90.50406,2022,90.50406109430696,23.70232776480464,1.0,0.0,0.0,0.0,0.0,0.0,1,1,0,0,0,0,0,0,0.1402871014251709,140287.1014251709
Y2022_LAT23.70305_LON90.03356,2022,90.03356187373501,23.70304502682764,0.0,0.0,1.0,0.0,0.0,0.0,3,0,0,1,0,0,0,0,0.01607660913848877,16076.60913848877
Y2022_LAT23.70323_LON90.04336,2022,90.04335811127598,23.70323263107383,0.028531524484311146,0.01482523924650957,0.9528669934729609,0.0037762427962183985,0.0,0.0,3,0,0,1,0,0,0,0,0.7139684827041626,713968.4827041626
Y2022_LAT23.70342_LON90.05315,2022,90.05315444962596,23.703419616738838,0.27140008927325043,0.041899794145648546,0.6628001964859662,0.023899920095134832,0.0,0.0,3,0,0,1,0,0,0,0,0.9985703645706177,998570.3645706177
Y2022_LAT23.70361_LON90.06295,2022,90.06295088851031,23.703605983712084,0.5300002048969065,0.08880009020040365,0.3604996769187804,0.020700027983909648,0.0,0.0,1,1,0,0,0,0,0,0,0.998585159111023,998585.159111023
Y2022_LAT23.70379_LON90.07275,2022,90.0727474277177,23.703791731950638,0.44709971154748707,0.012199972505098945,0.5087001485832668,0.032000167364147125,0.0,0.0,3,0,0,1,0,0,0,0,0.9985999071502686,998599.9071502686
Y2022_LAT23.70398_LON90.08254,2022,90.08254406670223,23.703976861512988,0.09809973302148017,0.0,0.8353002593183362,0.0666000076601836,0.0,0.0,3,0,0,1,0,0,0,0,0.9986146062393189,998614.6062393188
Y2022_LAT23.70416_LON90.09234,2022,90.09234080534179,23.704161372369022,0.0,0.0,0.8987998275319006,0.10120017246809947,0.0,0.0,3,0,0,1,0,0,0,0,0.998629253692627,998629.253692627
Y2022_LAT23.70435_LON90.10214,2022,90.10213764325344,23.70434526445813,0.37910146275810386,0.06480023405796216,0.47599867783032895,0.08009962535360506,0.0,0.0,3,0,0,1,0,0,0,1,0.9986438551254272,998643.8551254272
Y2022_LAT23.70453_LON90.11193,2022,90.11193457991276,23.70452853774023,1.0,0.0,0.0,0.0,0.0,0.0,1,1,0,0,0,0,0,0,0.998658406173706,998658.406173706
Y2022_LAT23.70471_LON90.12173,2022,90.12173161533806,23.704711192214116,0.35309847528205995,0.05489989875838365,0.5920016259595564,0.0,0.0,0.0,3,0,0,1,0,0,0,0,0.998672907585144,998672.907585144
Y2022_LAT23.70489_LON90.13153,2022,90.13152874889356,23.704893227843872,0.023900117798730396,0.012500065217843937,0.9628998158137331,0.0007000011696925797,0.0,0.0,3,0,0,1,0,0,0,0,0.9986873614425659,998687.3614425659
Y2022_LAT23.70507_LON90.14133,2022,90.14132598032158,23.70507464463464,0.2695003856131774,0.028299997746295196,0.5952996591963571,0.10689995744417034,0.0,0.0,3,0,0,1,0,0,0,0,0.9987017633590698,998701.7633590698
Y2022_LAT23.70526_LON90.15112,2022,90.15112330946769,23.70525544248744,0.5114009185406981,0.020599967869319325,0.3584988061409028,0.10950030744907978,0.0,0.0,1,1,0,0,0,0,0,0,0.9987161192016601,998716.1192016602
Y2022_LAT23.70544_LON90.16092,2022,90.16092073565879,23.705435621509512,0.771399205201093,0.07190021683475774,0.11780052223630338,0.03890005572784606,0.0,0.0,1,1,0,0,0,0,0,0,0.998730424407959,998730.424407959
Y2022_LAT23.70562_LON90.17072,2022,90.17071825891546,23.705615181505287,0.10750001766860688,0.18979990473680333,0.6970000693390491,0.005700008255540785,0.0,0.0,3,0,0,1,0,0,0,0,0.9987446825637818,998744.6825637817
Y2022_LAT23.70579_LON90.18052,2022,90.1805158787244,23.705794122595467,0.25780042015370447,0.249000647418731,0.49079891642990825,0.002400015997656406,0.0,0.0,3,0,0,1,0,0,0,1,0.99875888747406,998758.8874740601
Y2022_LAT23.70597_LON90.19031,2022,90.19031359471515,23.70597244471462,0.28609903505426976,0.2718000886629387,0.44210087628279154,0.0,0.0,0.0,3,0,0,1,0,0,0,1,0.9987730472564698,998773.0472564697
Y2022_LAT23.70615_LON90.20011,2022,90.20011140659537,23.70615014776379,0.21310051082470904,0.11869978839750527,0.6681997007777857,0.0,0.0,0.0,3,0,0,1,0,0,0,0,0.9987871572418213,998787.1572418213
Y2022_LAT23.70633_LON90.20991,2022,90.20990931418312,23.706327231841282,0.32830049350518126,0.08789997861561996,0.5646994067859187,0.019100121093280076,0.0,0.0,3,0,0,1,0,0,0,0,0.9988012172393799,998801.2172393799
Y2022_LAT23.7065_LON90.21971,2022,90.21970731686676,23.706503696837245,0.263390927598076,0.278255802567363,0.17542979535415476,0.2829234744804063,0.0,0.0,4,0,0,0,1,0,0,1,0.8130350692443847,813035.0692443848
Y2022_LAT23.70668_LON90.22951,2022,90.2295054145378,23.706679542718494,0.3979133379979072,0.2538289887329316,0.2986008100023271,0.04965686326683418,0.0,0.0,1,1,0,0,0,0,0,1,0.7563140974197388,756314.0974197388
Y2022_LAT23.70685_LON90.2393,2022,90.2393036067637,23.70685476956079,0.45778370150842246,0.05982371560742802,0.29911990351018103,0.18327267937396852,0.0,0.0,1,1,0,0,0,0,0,1,0.9984435694503784,998443.5694503784
Y2022_LAT23.70703_LON90.2491,2022,90.24910189328038,23.70702937723754,0.21250001115328582,0.25870046864776036,0.5287995201989538,0.0,0.0,0.0,3,0,0,1,0,0,0,0,0.9988569683761597,998856.9683761597
Y2022_LAT23.7072_LON90.2589,2022,90.25890027363418,23.707203365788224,0.23800027256191644,0.17580018977549597,0.5861995376625876,0.0,0.0,0.0,3,0,0,1,0,0,0,0,0.9988707838973999,998870.7838973999
Y2022_LAT23.70738_LON90.2687,2022,90.26869874760163,23.70737673517037,0.14609983913241975,0.27109997751328613,0.5828001833542941,0.0,0.0,0.0,3,0,0,1,0,0,0,0,0.9988845475692749,998884.5475692749
Y2022_LAT23.70755_LON90.2785,2022,90.27849731481605,23.707549485322676,0.2799012261505865,0.3930988314750431,0.07489956647962433,0.2521003758947461,0.0,0.0,2,0,1,0,0,0,0,1,0.9988982654953003,998898.2654953003
Y2022_LAT23.70772_LON90.2883,2022,90.28829597489661,23.707721616278636,0.554898711068985,0.0014000070648876874,0.44370128186612734,0.0,0.0,0.0,1,1,0,0,0,0,0,0,0.9989119338912964,998911.9338912964
Y2022_LAT23.70789_LON90.29809,2022,90.29809472761363,23.707893127929356,0.5122001741831207,0.07639983979267585,0.4113999860242034,0.0,0.0,0.0,1,1,0,0,0,0,0,0,0.9989255526809693,998925.5526809692
Y2022_LAT23.70806_LON90.30789,2022,90.3078935725446,23.708064020351678,0.07600010704547748,0.0075000221681214025,0.9164998707864012,0.0,0.0,0.0,3,0,0,1,0,0,0,0,0.9989391219711303,998939.1219711304
Y2022_LAT23.70823_LON90.31769,2022,90.3176925094649,23.70823429348737,0.22980092524200607,0.0018000103978210742,0.7633990322093807,0.005000032150792181,0.0,0.0,3,0,0,1,0,0,0,0,0.9989526433486938,998952.6433486938
Y2022_LAT23.7084_LON90.32749,2022,90.327491537878,23.70840394726484,0.29359988675870263,0.0,0.7018001429942234,0.004599970247073943,0.0,0.0,3,0,0,1,0,0,0,0,0.99896611378479,998966.11378479
Y2022_LAT23.70857_LON90.33729,2022,90.33729065754324,23.70857298171479,0.8750004789376065,0.0,0.12389952227902053,0.0010999987833730388,0.0,0.0,1,1,0,0,0,0,0,0,0.9989795359039306,998979.5359039307
Y2022_LAT23.70874_LON90.34709,2022,90.34708986814353,23.708741396866237,0.9983000110242968,0.0,0.001699988975703253,0.0,0.0,0.0,1,1,0,0,0,0,0,0,0.9989929087982178,998992.9087982178
Y2022_LAT23.70891_LON90.35689,2022,90.35688916927478,23.708909192524068,0.9220995909545383,0.0,0.0,0.07790040904546171,0.0,0.0,1,1,0,0,0,0,0,0,0.9990062343292236,999006.2343292236
Y2022_LAT23.70908_LON90.36669,2022,90.36668856077274,23.709076368808944,0.6964001613937617,0.0,0.0,0.3035998386062383,0.0,0.0,1,1,0,0,0,0,0,0,0.9990195076446533,999019.5076446533
Y2022_LAT23.70924_LON90.37649,2022,90.37648804206883,23.709242925688336,0.7527999472776229,0.0,0.0,0.24720005272237716,0.0,0.0,1,1,0,0,0,0,0,0,0.9990327344436646,999032.7344436646
Y2022_LAT23.70941_LON90.38629,2022,90.38628761296698,23.70940886311279,0.666199935429269,0.0,0.0,0.33380006457073097,0.0,0.0,1,1,0,0,0,0,0,0,0.9990459114074707,999045.9114074707
Y2022_LAT23.70957_LON90.39609,2022,90.39608727315374,23.709574181013647,0.7991000590407594,0.0,0.0,0.20089994095924063,0.0,0.0,1,1,0,0,0,0,0,0,0.9990590388717652,999059.0388717651
Y2022_LAT23.70974_LON90.40589,2022,90.40588702222212,23.709738879499763,0.8612003161036893,0.0,0.0,0.13879968389631067,0.0,0.0,1,1,0,0,0,0,0,0,0.9990721169891358,999072.1169891357
Y2022_LAT23.7099_LON90.41569,2022,90.41568685985507,23.709902958407614,1.0,0.0,0.0,0.0,0.0,0.0,1,1,0,0,0,0,0,0,0.9990851458587646,999085.1458587646
Y2022_LAT23.71007_LON90.42549,2022,90.42548678580424,23.71006641772951,1.0,0.0,0.0,0.0,0.0,0.0,1,1,0,0,0,0,0,0,0.9990981264877319,999098.1264877319
Y2022_LAT23.71023_LON90.43529,2022,90.43528679955372,23.710229257551543,0.999399998836739,0.0,0.0,0.0006000011632609405,0.0,0.0,1,1,0,0,0,0,0,0,0.9991110568313598,999111.0568313599
Y2022_LAT23.71039_LON90.44509,2022,90.44508690096535,23.71039147781732,0.9998000003254698,0.00019999967453023773,0.0,0.0,0.0,0.0,1,1,0,0,0,0,0,0,0.9991239403762817,999123.9403762817
Y2022_LAT23.71055_LON90.45489,2022,90.45488708964757,23.71055307837448,1.0,0.0,0.0,0.0,0.0,0.0,1,1,0,0,0,0,0,0,0.9991367719268799,999136.7719268799
Y2022_LAT23.71071_LON90.46469,2022,90.46468736510884,23.71071405932823,1.0,0.0,0.0,0.0,0.0,0.0,1,1,0,0,0,0,0,0,0.99914955493927,999149.55493927
Y2022_LAT23.71087_LON90.47449,2022,90.47448772728887,23.710874420619206,1.0,0.0,0.0,0.0,0.0,0.0,1,1,0,0,0,0,0,0,0.9991622852020263,999162.2852020264
Y2022_LAT23.71103_LON90.48429,2022,90.48428817568954,23.71103416224019,1.0,0.0,0.0,0.0,0.0,0.0,1,1,0,0,0,0,0,0,0.9991749759140015,999174.9759140015
Y2022_LAT23.71119_LON90.49409,2022,90.49408870996135,23.711193284189665,1.0,0.0,0.0,0.0,0.0,0.0,1,1,0,0,0,0,0,0,0.9991876124572754,999187.6124572754
Y2022_LAT23.71135_LON90.50389,2022,90.50388932978802,23.71135178639017,0.8164450007166097,0.009280246191523336,0.0,0.17427475309186694,0.0,0.0,1,1,0,0,0,0,0,0,0.9259585441513062,925958.5441513062
Y2022_LAT23.71151_LON90.51369,2022,90.51369003493744,23.711509668848223,0.41423319791003177,0.0,0.0,0.5857668020899682,0.0,0.0,4,0,0,0,1,0,0,0,0.21902658640289308,219026.58640289307
Y2022_LAT23.71225_LON90.04315,2022,90.04315465926568,23.712253180440282,0.46521881311624796,0.05471540021112895,0.19879027673637878,0.28127550993624434,0.0,0.0,1,1,0,0,0,0,0,1,0.3631758915786743,363175.8915786743
Y2022_LAT23.71244_LON90.05295,2022,90.05295166927347,23.712440245698982,0.8377051642018608,0.05901645166178352,0.05245893221763917,0.05081945191871655,0.0,0.0,1,1,0,0,0,0,0,0,0.8527797693099975,852779.7693099976
Y2022_LAT23.71263_LON90.06275,2022,90.06274877995331,23.71262669208791,0.8497993236600969,0.027600070226806987,0.1210005966025945,0.0016000095105017072,0.0,0.0,1,1,0,0,0,0,0,0,0.9985851631317139,998585.1631317139
Y2022_LAT23.71281_LON90.07255,2022,90.07254599089818,23.712812519580314,0.17347149768746112,0.04294022154567904,0.7696100686625801,0.0139782121042798,0.0,0.0,3,0,0,1,0,0,0,0,0.9930077147445678,993007.7147445679
Y2022_LAT23.713_LON90.08234,2022,90.08234330177807,23.712997728017378,0.05176376356533606,0.0,0.9436718989181385,0.004564337516525367,0.0,0.0,3,0,0,1,0,0,0,0,0.9626646095581055,962664.6095581055
Y2022_LAT23.71318_LON90.09214,2022,90.09214071220715,23.71318231749268,0.24180032069584478,0.023100111729188123,0.6938996462458968,0.0411999213290703,0.0,0.0,3,0,0,1,0,0,0,0,0.9986292565765381,998629.2565765381
Y2022_LAT23.71337_LON90.10194,2022,90.10193822196237,23.713366287914933,0.891540041627328,0.014454592644537642,0.09309563126731932,0.0009097344608149845,0.0,0.0,1,1,0,0,0,0,0,0,0.9879582972564698,987958.2972564697
Y2022_LAT23.71355_LON90.11174,2022,90.11173583063987,23.71354963930146,0.5159560412210099,0.00794740572640576,0.4759723751603609,0.0001241778922234876,0.0,0.0,1,1,0,0,0,0,0,0,0.8042194160690308,804219.4160690308
Y2022_LAT23.71373_LON90.12153,2022,90.12153353788551,23.713732371656334,0.06724920119773786,0.15014238059752089,0.7826084182047413,0.0,0.0,0.0,3,0,0,1,0,0,0,0,0.9830937078552247,983093.7078552246
Y2022_LAT23.71391_LON90.13133,2022,90.1313313434145,23.713914484865672,0.3130997399406641,0.1338002411929735,0.5416000529708559,0.011499965895506482,0.0,0.0,3,0,0,1,0,0,0,0,0.9986873635177612,998687.3635177612
Y2022_LAT23.7141_LON90.14113,2022,90.14112924691034,23.714095978965492,0.23569994096825211,0.03059992658033266,0.4811995980872415,0.2525005343641737,0.0,0.0,3,0,0,1,0,0,0,1,0.998701766960144,998701.766960144
Y2022_LAT23.71428_LON90.15093,2022,90.15092724798122,23.714276853950853,0.09459988192159052,0.010300005985952902,0.7082006114810891,0.18689950061136748,0.0,0.0,3,0,0,1,0,0,0,0,0.9987161220932007,998716.1220932007
Y2022_LAT23.71446_LON90.16073,2022,90.16072534631115,23.714457109668174,0.5167000886815635,0.015000039522833346,0.25630053775332834,0.21199933404227486,0.0,0.0,1,1,0,0,0,0,0,0,0.9987304276733399,998730.4276733398
Y2022_LAT23.71464_LON90.17052,2022,90.17052354161397,23.714636746246512,0.1797001232326598,0.18409957423504467,0.5099999445231783,0.1262003580091172,0.0,0.0,3,0,0,1,0,0,0,0,0.9987446852340698,998744.6852340698
Y2022_LAT23.71482_LON90.18032,2022,90.18032183351161,23.714815763575718,0.435087729791361,0.05281055820699344,0.33296593159384974,0.17913578040779582,0.0,0.0,1,1,0,0,0,0,0,1,0.9985591408233643,998559.1408233643
Y2022_LAT23.71499_LON90.19012,2022,90.19012022165946,23.714994161677122,0.3904653011270409,0.2105820438236112,0.33232095108309956,0.06663170396624836,0.0,0.0,1,1,0,0,0,0,0,1,0.9533289357147217,953328.9357147217
Y2022_LAT23.71517_LON90.19992,2022,90.19991870576271,23.715171940552505,0.4723996040969845,0.12029981645164288,0.3822006877525771,0.025099891698795524,0.0,0.0,1,1,0,0,0,0,0,1,0.9987871600265503,998787.1600265503
Y2022_LAT23.71535_LON90.20972,2022,90.20971728542136,23.715349100086577,0.240188340750178,0.08391245217818873,0.44439787535003344,0.2315013317215998,0.0,0.0,3,0,0,1,0,0,0,1,0.9772269788589477,977226.9788589478
Y2022_LAT23.71553_LON90.21952,2022,90.21951596044296,23.71552564026661,0.36885264142486757,0.2745901515438187,0.03483603625809996,0.32172117077321377,0.0,0.0,1,1,0,0,0,0,0,1,0.04874188944244385,48741.88944244385
Y2022_LAT23.71588_LON90.23911,2022,90.2391135948237,23.715876862690298,0.735859451312733,0.0,0.0,0.264140548687267,0.0,0.0,1,1,0,0,0,0,0,0,0.18718338969421386,187183.38969421387
Y2022_LAT23.71605_LON90.24891,2022,90.24891255363129,23.716051544785955,0.490494927444454,0.014371836911788229,0.4951332356437578,0.0,0.0,0.0,3,0,0,1,0,0,0,1,0.21545353811645507,215453.53811645508
Y2022_LAT23.71623_LON90.25871,2022,90.25871160641132,23.716225607492657,0.5258381534662497,0.26621804980779473,0.20495536835718453,0.0029884283687709973,0.0,0.0,1,1,0,0,0,0,0,0,0.802194110420227,802194.110420227
Y2022_LAT23.7164_LON90.26851,2022,90.2685107526447,23.71639905068736,0.4615995483442434,0.02010004590956915,0.27899998188783975,0.23930042385834766,0.0,0.0,1,1,0,0,0,0,0,1,0.9988845545272828,998884.5545272827
Y2022_LAT23.71657_LON90.27831,2022,90.27830999232893,23.716571874457628,0.6752011282551805,0.1203994682562631,0.03399999289775384,0.16989941388201096,0.0004999967087915738,0.0,1,1,0,0,0,0,0,0,0.9988982682800293,998898.2682800293
Y2022_LAT23.71674_LON90.28811,2022,90.28810932485533,23.716744078749503,0.46119885803913696,0.03680002653051481,0.5020011154303482,0.0,0.0,0.0,3,0,0,1,0,0,0,0,0.9989119372940064,998911.9372940063
Y2022_LAT23.71692_LON90.29791,2022,90.29790875007798,23.716915663572223,0.19159988275986575,0.008799979846021452,0.7996001373941128,0.0,0.0,0.0,3,0,0,1,0,0,0,0,0.9989255556488037,998925.5556488037
Y2022_LAT23.71709_LON90.30771,2022,90.30770826742497,23.717086628839887,0.32520056701824623,0.0007000039149748276,0.6740994290667789,0.0,0.0,0.0,3,0,0,1,0,0,0,0,0.998939126159668,998939.126159668
Y2022_LAT23.71726_LON90.31751,2022,90.31750787684767,23.71725697455599,0.4717013901355966,0.009299956912225798,0.5189986529521776,0.0,0.0,0.0,3,0,0,1,0,0,0,0,0.9989526454849244,998952.6454849243
Y2022_LAT23.71743_LON90.32731,2022,90.32730757777604,23.717426700615942,0.9171998465859129,0.0021999866260990976,0.08060016678798798,0.0,0.0,0.0,1,1,0,0,0,0,0,0,0.9989661169281006,998966.1169281006
Y2022_LAT23.7176_LON90.33711,2022,90.33710737004323,23.717595807190335,0.9575000625407606,0.019899993906610756,0.014999951516495807,0.0075999920361328206,0.0,0.0,1,1,0,0,0,0,0,0,0.9989795381393433,998979.5381393433
Y2022_LAT23.71776_LON90.34691,2022,90.34690725325221,23.717764294034538,1.0,0.0,0.0,0.0,0.0,0.0,1,1,0,0,0,0,0,0,0.9989929161300659,998992.9161300659
Y2022_LAT23.71793_LON90.35671,2022,90.35670722699012,23.717932161248285,0.5666991608475942,0.005000001297485379,0.0,0.3695008908919011,0.058799946963019496,0.0,1,1,0,0,0,0,0,0,0.9990062364273071,999006.2364273071
Y2022_LAT23.7181_LON90.36651,2022,90.36650729109517,23.71809940882346,1.0,0.0,0.0,0.0,0.0,0.0,1,1,0,0,0,0,0,0,0.9990195111846923,999019.5111846924
Y2022_LAT23.71827_LON90.37631,2022,90.37630744512458,23.718266036684437,0.9666998957439613,0.03330010425603863,0.0,0.0,0.0,0.0,1,1,0,0,0,0,0,0,0.9990327369232178,999032.7369232178
Y2022_LAT23.71843_LON90.38611,2022,90.38610768871601,23.71843204482442,0.983299943829023,0.016700056170977078,0.0,0.0,0.0,0.0,1,1,0,0,0,0,0,0,0.9990459134140015,999045.9134140015
Y2022_LAT23.7186_LON90.39591,2022,90.39590802162641,23.71859743325179,0.9919999969952195,0.008000003004780501,0.0,0.0,0.0,0.0,1,1,0,0,0,0,0,0,0.9990590405731201,999059.0405731201
Y2022_LAT23.71876_LON90.40571,2022,90.40570844351599,23.718762201795112,1.0,0.0,0.0,0.0,0.0,0.0,1,1,0,0,0,0,0,0,0.9990721187591552,999072.1187591553
Y2022_LAT23.71893_LON90.41551,2022,90.41550895382954,23.718926350723773,0.9965999810944917,0.001400007964300616,0.0,0.002000010941207698,0.0,0.0,1,1,0,0,0,0,0,0,0.9990851487197876,999085.1487197876
Y2022_LAT23.71909_LON90.42531,2022,90.42530955264697,23.71908987976377,1.0,0.0,0.0,0.0,0.0,0.0,1,1,0,0,0,0,0,0,0.9990981292572021,999098.1292572021
Y2022_LAT23.71925_LON90.43511,2022,90.43511023925143,23.71925278896357,0.9234997919975858,0.06360024973201263,0.0,0.012899958270401536,0.0,0.0,1,1,0,0,0,0,0,0,0.9991110600433349,999111.060043335
Y2022_LAT23.71942_LON90.44491,2022,90.4449110135486,23.719415078266074,0.8752998099338299,0.12300018007685554,0.0017000099893145655,0.0,0.0,0.0,1,1,0,0,0,0,0,0,0.999123942779541,999123.942779541
Y2022_LAT23.71958_LON90.45471,2022,90.45471187502976,23.71957674775833,0.4304999005441903,0.1409994993658289,0.04419986051478879,0.3816007400140062,0.0,0.0026999995611858407,1,1,0,0,0,0,0,1,0.999136774887085,999136.774887085
Y2022_LAT23.71974_LON90.46451,2022,90.46451282347572,23.719737797334236,0.6445006403505895,0.002799992174674347,0.10939986969606556,0.2432994977786706,0.0,0.0,1,1,0,0,0,0,0,0,0.9991495563201904,999149.5563201904
Y2022_LAT23.7199_LON90.47431,2022,90.47431385864579,23.719898227019485,0.8478998137947699,0.005899986863532436,0.005599976365632324,0.1406002229760654,0.0,0.0,1,1,0,0,0,0,0,0,0.9991622968521118,999162.2968521118
Y2022_LAT23.72006_LON90.48411,2022,90.48411497992795,23.720058036749826,0.8970998741122554,0.0026999987217382225,0.0,0.10020012716600635,0.0,0.0,1,1,0,0,0,0,0,0,0.9991749782028199,999174.9782028198
Y2022_LAT23.72022_LON90.49392,2022,90.49391618722424,23.720217226468566,0.7361994458310269,0.030600103331674608,0.07620030013192085,0.1570001507053776,0.0,0.0,1,1,0,0,0,0,0,0,0.9991876148681641,999187.6148681641
Y2022_LAT23.72038_LON90.50372,2022,90.50371748011912,23.72037579625026,0.23582400986088642,0.0,0.0,0.7641759901391135,0.0,0.0,4,0,0,0,1,0,0,0,0.2660859427185059,266085.94271850586
Y2022_LAT23.72146_LON90.05275,2022,90.05274878835802,23.721460862509293,0.1675666103646996,0.12022457168740362,0.7122088179478968,0.0,0.0,0.0,3,0,0,1,0,0,0,0,0.48091288206481936,480912.88206481934
Y2022_LAT23.72165_LON90.06255,2022,90.0625465711389,23.721647388393826,0.1911782197889036,0.050925247200503954,0.7578965330105925,0.0,0.0,0.0,3,0,0,1,0,0,0,0,0.7176832333068848,717683.2333068848
Y2022_LAT23.72183_LON90.07234,2022,90.07234445423342,23.721833295021217,0.13512789671743725,0.24255705720584922,0.6223150460767135,0.0,0.0,0.0,3,0,0,1,0,0,0,0,0.38575797618103025,385757.9761810303
Y2022_LAT23.72202_LON90.08214,2022,90.08214243713324,23.722018582365706,0.09608069559932816,0.0026875640307009053,0.9012317403699709,0.0,0.0,0.0,3,0,0,1,0,0,0,0,0.44588313291168213,445883.1329116821
Y2022_LAT23.7222_LON90.09194,2022,90.09194051985853,23.722203250488853,0.18260404220190748,0.12307222601179436,0.6915476546372049,0.0027760771490933814,0.0,0.0,3,0,0,1,0,0,0,0,0.9712668439941406,971266.8439941406
Y2022_LAT23.72239_LON90.10174,2022,90.10173870171215,23.72238729928123,0.8005682863325448,0.03369423047868858,0.15654809003137832,0.00918939315738836,0.0,0.0,1,1,0,0,0,0,0,0,0.9128598093338013,912859.8093338013
Y2022_LAT23.72257_LON90.11154,2022,90.11153698272746,23.722570728826035,0.5395342684080655,0.0,0.46046573159193444,0.0,0.0,0.0,1,1,0,0,0,0,0,0,0.02147105185699463,21471.05185699463
Y2022_LAT23.72275_LON90.12134,2022,90.12133536220219,23.722753539004486,0.1859205029194147,0.16653775758763853,0.6475417394929468,0.0,0.0,0.0,3,0,0,1,0,0,0,0,0.6440454950180053,644045.4950180054
Y2022_LAT23.72294_LON90.13113,2022,90.13113384005356,23.722935729858083,0.3141002710817769,0.09729999015838894,0.3983990183396507,0.19020072042018343,0.0,0.0,3,0,0,1,0,0,0,1,0.9986873670043945,998687.3670043945
Y2022_LAT23.72312_LON90.14093,2022,90.14093241582901,23.72311730120901,0.4667991472063787,0.021599960433301292,0.361001536350035,0.150599356010285,0.0,0.0,1,1,0,0,0,0,0,1,0.9987017699890137,998701.7699890137
Y2022_LAT23.7233_LON90.15073,2022,90.15073108927966,23.723298253293567,0.29950109583697404,0.0,0.699898899992356,0.0006000041706698608,0.0,0.0,3,0,0,1,0,0,0,0,0.9987161260452271,998716.126045227
Y2022_LAT23.72348_LON90.16053,2022,90.16052985997881,23.72347858588141,0.1956201765231001,0.012190525972601753,0.6211415464651684,0.17104775103912973,0.0,0.0,3,0,0,1,0,0,0,0,0.5243324732742309,524332.473274231
Y2022_LAT23.72366_LON90.17033,2022,90.17032872769948,23.723658298978677,0.29639903768676906,0.01874529109821886,0.3951385070915862,0.28971716412342585,0.0,0.0,3,0,0,1,0,0,0,1,0.5381236379776001,538123.6379776001
Y2022_LAT23.72384_LON90.18013,2022,90.18012769201721,23.723837392595122,0.2390138886013127,0.0,0.7255194357353074,0.03546667566337991,0.0,0.0,3,0,0,1,0,0,0,0,0.1295385901184082,129538.5901184082
Y2022_LAT23.72402_LON90.18993,2022,90.18992675270556,23.72401586672108,0.0,0.0,0.0,1.0,0.0,0.0,4,0,0,0,1,0,0,0,0.005892776298522949,5892.776298522949
Y2022_LAT23.72419_LON90.19973,2022,90.19972590928332,23.72419372129912,0.01206632150620286,0.022624301352513428,0.9034696588381674,0.06183971830311625,0.0,0.0,3,0,0,1,0,0,0,0,0.06621964122772217,66219.64122772217
Y2022_LAT23.72437_LON90.20953,2022,90.20952516150587,23.724370956323977,0.1458731965601737,0.0,0.650671135433538,0.2034556680062884,0.0,0.0,3,0,0,1,0,0,0,0,0.10407475458526612,104074.75458526611
Y2022_LAT23.7249_LON90.23892,2022,90.2389234886288,23.724898943745163,0.0,0.0,0.0,1.0,0.0,0.0,4,0,0,0,1,0,0,0,0.00239723908996582,2397.2390899658203
Y2022_LAT23.72507_LON90.24872,2022,90.24872312013223,23.725073700287105,0.6922886080913507,0.21767294431217485,0.06992367107149625,0.02011477652497831,0.0,0.0,1,1,0,0,0,0,0,0,0.4171235576324463,417123.5576324463
Y2022_LAT23.72525_LON90.25852,2022,90.25852284549343,23.72524783715912,0.29533507793800334,0.05172405481529145,0.34188570005506896,0.3110551671916363,0.0,0.0,3,0,0,1,0,0,0,1,0.9848866849288941,984886.684928894
Y2022_LAT23.72542_LON90.26832,2022,90.26832266450006,23.725421354334042,0.8606005284213912,0.018799939497460356,0.006600041491804828,0.11399949058934354,0.0,0.0,1,1,0,0,0,0,0,0,0.9988845566864014,998884.5566864014
Y2022_LAT23.72559_LON90.27812,2022,90.27812257691255,23.72559425172567,0.6324993268422104,0.002899989799403198,0.36310068841069043,0.0014999949476960652,0.0,0.0,1,1,0,0,0,0,0,0,0.9988982721252442,998898.2721252441
Y2022_LAT23.72577_LON90.28792,2022,90.28792258221351,23.7257665294433,0.5329002381251131,0.015400031680166947,0.451099731183595,0.0005999990111249723,0.0,0.0,1,1,0,0,0,0,0,0,0.9989119399108887,998911.9399108887
Y2022_LAT23.72594_LON90.29772,2022,90.29772268015856,23.725938187378954,0.927299953758734,0.03720008717932885,0.03549995906193716,0.0,0.0,0.0,1,1,0,0,0,0,0,0,0.9989255588302612,998925.5588302612
Y2022_LAT23.72611_LON90.30752,2022,90.30752287034858,23.726109225413403,0.8584002751814159,0.057900104490267446,0.08369962032831672,0.0,0.0,0.0,1,1,0,0,0,0,0,0,0.9989391281814575,998939.1281814575
Y2022_LAT23.72628_LON90.31732,2022,90.31732315262447,23.72627964369308,1.0,0.0,0.0,0.0,0.0,0.0,1,1,0,0,0,0,0,0,0.9989526492767334,998952.6492767334
Y2022_LAT23.72645_LON90.32712,2022,90.32712352645275,23.726449442192326,1.0,0.0,0.0,0.0,0.0,0.0,1,1,0,0,0,0,0,0,0.9989661193847656,998966.1193847656
Y2022_LAT23.72662_LON90.33692,2022,90.33692399163178,23.72661862070005,1.0,0.0,0.0,0.0,0.0,0.0,1,1,0,0,0,0,0,0,0.9989795417709351,998979.5417709351
Y2022_LAT23.72679_LON90.34672,2022,90.34672454770153,23.72678717936387,0.9725998504438902,0.0,0.0,0.02740014955610979,0.0,0.0,1,1,0,0,0,0,0,0,0.9989929191207886,998992.9191207886
Y2022_LAT23.72696_LON90.35653,2022,90.35652519444098,23.726955118153832,0.620100122458989,0.0008999990981042799,0.0,0.37809987977247345,0.000899998670433183,0.0,1,1,0,0,0,0,0,0,0.9990062382659912,999006.2382659912
Y2022_LAT23.72712_LON90.36633,2022,90.36632593158285,23.72712243702517,1.0,0.0,0.0,0.0,0.0,0.0,1,1,0,0,0,0,0,0,0.9990195142593383,999019.5142593384
Y2022_LAT23.72729_LON90.37613,2022,90.37612675854025,23.72728913584262,1.0,0.0,0.0,0.0,0.0,0.0,1,1,0,0,0,0,0,0,0.9990327402114868,999032.7402114868
Y2022_LAT23.72746_LON90.38593,2022,90.38592767518416,23.7274552146954,0.9991999968463442,0.0,0.0,0.0008000031536558253,0.0,0.0,1,1,0,0,0,0,0,0,0.9990459159698486,999045.9159698486
Y2022_LAT23.72762_LON90.39573,2022,90.39572868118505,23.72762067358994,0.9927000092552962,0.007299990744703809,0.0,0.0,0.0,0.0,1,1,0,0,0,0,0,0,0.9990590447921753,999059.0447921753
Y2022_LAT23.72779_LON90.40553,2022,90.40552977608516,23.72778551248489,0.9452997708243374,0.05470022917566264,0.0,0.0,0.0,0.0,1,1,0,0,0,0,0,0,0.9990721227111816,999072.1227111816
Y2022_LAT23.72795_LON90.41533,2022,90.41533095961898,23.727949731210405,0.9316997192140241,0.04900020448931525,0.0,0.01930007629666071,0.0,0.0,1,1,0,0,0,0,0,0,0.9990851513137817,999085.1513137817
Y2022_LAT23.72811_LON90.42513,2022,90.42513223150547,23.72811332992402,0.9956000274586722,0.004399972541327833,0.0,0.0,0.0,0.0,1,1,0,0,0,0,0,0,0.9990981324234008,999098.1324234009
Y2022_LAT23.72828_LON90.43493,2022,90.43493359134165,23.72827630857057,0.9922999682351381,0.007700031764861876,0.0,0.0,0.0,0.0,1,1,0,0,0,0,0,0,0.9991110627975464,999111.0627975464
Y2022_LAT23.72844_LON90.44474,2022,90.44473503880128,23.728438667083,0.997700005533438,0.0022999944665620126,0.0,0.0,0.0,0.0,1,1,0,0,0,0,0,0,0.9991239452972412,999123.9452972412
Y2022_LAT23.7286_LON90.45454,2022,90.45453657354857,23.72860040542981,0.5611992557663104,0.11350011614323764,0.17080012366348432,0.04580021933379947,0.0,0.10870028509316834,1,1,0,0,0,0,0,0,0.9991367777023316,999136.7777023315
Y2022_LAT23.72876_LON90.46434,2022,90.46433819528421,23.728761523702694,0.20130003344235445,0.0,0.1580000575464221,0.6214000193143917,0.0,0.019299889696831683,4,0,0,0,1,0,0,0,0.9991495594406128,999149.5594406128
Y2022_LAT23.72892_LON90.47414,2022,90.47413990363053,23.728922021661404,0.7272005849071084,0.0002999982028791676,0.05329977606474513,0.21919964082526733,0.0,0.0,1,1,0,0,0,0,0,0,0.9991623015060425,999162.3015060425
Y2022_LAT23.72908_LON90.48394,2022,90.48394169826065,23.729081899487273,0.899300099935244,0.0043000246332501645,0.015100080614445524,0.08129979481706034,0.0,0.0,1,1,0,0,0,0,0,0,0.9991749802246094,999174.9802246094
Y2022_LAT23.72924_LON90.49374,2022,90.49374357888938,23.729241157051728,0.7163898438081544,0.034219703457452046,0.02585019997550077,0.20807258803085554,0.015467664728037215,0.0,1,1,0,0,0,0,0,0,0.9431329385147095,943132.9385147095
Y2022_LAT23.7294_LON90.50355,2022,90.5035455452018,23.729399794413194,0.4228812491496733,0.020338965456200023,0.0,0.5567797853941266,0.0,0.0,4,0,0,0,1,0,0,0,0.11790500700378417,117905.00700378418
Y2022_LAT23.73104_LON90.08194,2022,90.0819414729446,23.73103942460765,0.0,0.0,1.0,0.0,0.0,0.0,3,0,0,1,0,0,0,0,0.0007988970947265626,798.8970947265625
Y2022_LAT23.73122_LON90.09174,2022,90.09174022814801,23.731224171414905,0.6194694685385757,0.2389384557004691,0.14159207576095528,0.0,0.0,0.0,1,1,0,0,0,0,0,0,0.011284570083618163,11284.570083618164
Y2022_LAT23.73141_LON90.10154,2022,90.10153908262842,23.731408298682876,0.7721803186016846,0.22781968139831543,0.0,0.0,0.0,0.0,1,1,0,0,0,0,0,0,0.09117593395996093,91175.93395996094
Y2022_LAT23.73177_LON90.12114,2022,90.1211370882111,23.731774694303866,0.05205805127773188,0.04479405635784651,0.9031478923644216,0.0,0.0,0.0,3,0,0,1,0,0,0,0,0.16498160977172852,164981.60977172852
Y2022_LAT23.73196_LON90.13094,2022,90.13093623868204,23.731956962745272,0.480936984339054,0.12188168790427063,0.2538445884354074,0.1433367393212679,0.0,0.0,1,1,0,0,0,0,0,1,0.7726852063598633,772685.2063598633
Y2022_LAT23.73214_LON90.14074,2022,90.14073548712526,23.732138611569457,0.13549928043711756,0.04129982990534823,0.8232008896575342,0.0,0.0,0.0,3,0,0,1,0,0,0,0,0.9987017736740113,998701.7736740112
Y2022_LAT23.73232_LON90.15053,2022,90.15053483332763,23.73231964059836,0.056200271608081775,0.0,0.9437997283919183,0.0,0.0,0.0,3,0,0,1,0,0,0,0,0.9987161286773681,998716.1286773682
Y2022_LAT23.7325_LON90.16033,2022,90.16033427668371,23.732500049979638,0.17428905668759195,0.0,0.7812115758222867,0.044499367490121344,0.0,0.0,3,0,0,1,0,0,0,0,0.24239067287445068,242390.67287445068
Y2022_LAT23.73375_LON90.22893,2022,90.22893307807338,23.733745562124344,0.3114104881740739,0.15729061503085393,0.5312988967950721,0.0,0.0,0.0,3,0,0,1,0,0,0,0,0.2521049069747925,252104.90697479248
Y2022_LAT23.73392_LON90.23873,2022,90.23873328811024,23.73392101295773,0.7480312362304266,0.05398144409411826,0.17267288878171377,0.02531443089374145,0.0,0.0,1,1,0,0,0,0,0,0,0.5958107975158692,595810.7975158691
Y2022_LAT23.7341_LON90.24853,2022,90.24853359265339,23.7340958439822,0.40879925944372475,0.21850031498417974,0.07960036340324454,0.293100062168851,0.0,0.0,1,1,0,0,0,0,0,1,0.9988569768066407,998856.9768066406
Y2022_LAT23.73427_LON90.25833,2022,90.25833399097498,23.734270054975184,0.7110006014174444,0.07110015595458788,0.07189968585705725,0.14599955677091064,0.0,0.0,1,1,0,0,0,0,0,0,0.9988707928237915,998870.7928237915
Y2022_LAT23.73444_LON90.26813,2022,90.2681344831414,23.734443646021468,0.9979000129642884,0.0020999870357115177,0.0,0.0,0.0,0.0,1,1,0,0,0,0,0,0,0.9988845583953857,998884.5583953857
Y2022_LAT23.73462_LON90.27794,2022,90.27793506841533,23.734616617136147,0.9077996417539154,0.0,0.0,0.09220035824608466,0.0,0.0,1,1,0,0,0,0,0,0,0.9988982755203247,998898.2755203247
Y2022_LAT23.73479_LON90.28774,2022,90.28773574692843,23.734788968162896,0.88749983687266,0.05310022746322704,0.022600143083327154,0.03679979258078581,0.0,0.0,1,1,0,0,0,0,0,0,0.9989119430770874,998911.9430770874
Y2022_LAT23.73496_LON90.29754,2022,90.29753651795686,23.73496069918461,0.3103999418254955,0.030399930714314086,0.4331996668413822,0.11670057520269118,0.10929988541611696,0.0,3,0,0,1,0,0,0,1,0.9989255610656739,998925.5610656738
Y2022_LAT23.73513_LON90.30734,2022,90.30733738135562,23.73513181014325,0.46410048407095267,0.03630016469331172,0.3112001245784689,0.18839922665726672,0.0,0.0,1,1,0,0,0,0,0,1,0.9989391304244996,998939.1304244995
Y2022_LAT23.7353_LON90.31714,2022,90.31713833675774,23.73530230099782,0.939100296196298,0.03979982659253811,0.021099877211163964,0.0,0.0,0.0,1,1,0,0,0,0,0,0,0.998952651298523,998952.651298523
Y2022_LAT23.73547_LON90.32694,2022,90.32693938385805,23.735472171769125,0.9776999555843325,0.012100005285772613,0.0,0.010200039129894915,0.0,0.0,1,1,0,0,0,0,0,0,0.9989661223983765,998966.1223983765
Y2022_LAT23.73564_LON90.33674,2022,90.33674052213941,23.735641422429293,0.9746999820235962,0.0,0.0,0.025300017976403792,0.0,0.0,1,1,0,0,0,0,0,0,0.9989795456237793,998979.5456237793
Y2022_LAT23.73581_LON90.34654,2022,90.34654175156675,23.735810052937783,0.866699471483122,9.999933557354514e-05,0.0,0.13320052918130443,0.0,0.0,1,1,0,0,0,0,0,0,0.998992919921875,998992.919921875
Y2022_LAT23.73598_LON90.35634,2022,90.35634307163333,23.735978063227318,0.6777012689391935,0.0002000000518826135,0.0,0.32209873100892394,0.0,0.0,1,1,0,0,0,0,0,0,0.9990062410888672,999006.2410888672
Y2022_LAT23.73615_LON90.36614,2022,90.36614448197618,23.73614545326336,1.0,0.0,0.0,0.0,0.0,0.0,1,1,0,0,0,0,0,0,0.9990195176010132,999019.5176010132
Y2022_LAT23.73631_LON90.37595,2022,90.37594598234861,23.736312223164685,0.9672999880181331,0.024100012171659302,0.0,0.008599999810207658,0.0,0.0,1,1,0,0,0,0,0,0,0.9990327425689697,999032.7425689697
Y2022_LAT23.73648_LON90.38575,2022,90.38574757237537,23.736478372837592,1.0,0.0,0.0,0.0,0.0,0.0,1,1,0,0,0,0,0,0,0.9990459190826416,999045.9190826416
Y2022_LAT23.73664_LON90.39555,2022,90.39554925174671,23.73664390217882,0.8326993460865563,0.15650058985640697,0.0,0.010800064057036709,0.0,0.0,1,1,0,0,0,0,0,0,0.9990590475692749,999059.0475692749
Y2022_LAT23.73681_LON90.40535,2022,90.40535102012889,23.736808811179472,0.7895009390082104,0.1828992111319034,0.0,0.027599849859886196,0.0,0.0,1,1,0,0,0,0,0,0,0.9990721254501342,999072.1254501343
Y2022_LAT23.73697_LON90.41515,2022,90.41515287705107,23.73697309997329,1.0,0.0,0.0,0.0,0.0,0.0,1,1,0,0,0,0,0,0,0.9990851545181274,999085.1545181274
Y2022_LAT23.73714_LON90.42495,2022,90.42495482246659,23.737136768441125,1.0,0.0,0.0,0.0,0.0,0.0,1,1,0,0,0,0,0,0,0.9990981340866089,999098.1340866089
Y2022_LAT23.7373_LON90.43476,2022,90.43475685579241,23.73729981642581,1.0,0.0,0.0,0.0,0.0,0.0,1,1,0,0,0,0,0,0,0.9991110654144287,999111.0654144287
Y2022_LAT23.73746_LON90.44456,2022,90.44455897672613,23.737462244092796,0.9657999401713204,0.022600073462675663,0.0,0.011599986366003897,0.0,0.0,1,1,0,0,0,0,0,0,0.9991239471893311,999123.947189331
Y2022_LAT23.73762_LON90.45436,2022,90.45436118513084,23.737624051377253,0.9325998421819691,0.03459999187038715,0.002600008561247658,0.030200157386396122,0.0,0.0,1,1,0,0,0,0,0,0,0.999136780456543,999136.780456543
Y2022_LAT23.73779_LON90.46416,2022,90.46416348037994,23.737785238206047,0.6064998275688009,0.0041999797456976655,0.13829990156191987,0.23860035344947714,0.012399937674104532,0.0,1,1,0,0,0,0,0,0,0.9991495632247924,999149.5632247925
Y2022_LAT23.73795_LON90.47397,2022,90.47396586232873,23.737945804640315,0.3659008642851533,0.0,0.11659979893155355,0.5174993367832932,0.0,0.0,4,0,0,0,1,0,0,0,0.9991623039550781,999162.3039550781
Y2022_LAT23.73811_LON90.48377,2022,90.48376833068637,23.73810575048113,0.6576995166837178,0.0014999992752771825,0.297000470811745,0.025499966330311357,0.01830004689894866,0.0,1,1,0,0,0,0,0,0,0.9991749822616577,999174.9822616577
Y2022_LAT23.73827_LON90.49357,2022,90.49357088494017,23.738265075944682,0.752447875135222,0.0,0.06353895906188299,0.18401316580289492,0.0,0.0,1,1,0,0,0,0,0,0,0.4387417768936157,438741.7768936157
Y2022_LAT23.74098_LON90.13074,2022,90.13073853935036,23.740978183589952,0.6284687686836496,0.0,0.35631196132761944,0.015219269988730928,0.0,0.0,1,1,0,0,0,0,0,0,0.11155396456909179,111553.9645690918
Y2022_LAT23.74116_LON90.14054,2022,90.14053846080701,23.741159909708305,0.34566392852512456,0.052498704970700104,0.6018373665041753,0.0,0.0,0.0,3,0,0,1,0,0,0,0,0.8693700593032837,869370.0593032837
Y2022_LAT23.74134_LON90.15034,2022,90.15033847991525,23.74134101587991,0.19079863786218274,0.004917498674940199,0.8042838634628771,0.0,0.0,0.0,3,0,0,1,0,0,0,0,0.9139249920578003,913924.9920578003
Y2022_LAT23.74152_LON90.16014,2022,90.16013859642045,23.74152150213728,0.3533363054990738,0.045230682512850055,0.6014330119880761,0.0,0.0,0.0,3,0,0,1,0,0,0,0,0.22301533613586424,223015.33613586426
Y2022_LAT23.74259_LON90.21894,2022,90.21894132132913,23.74259139878478,0.9426778609604408,0.04351463052942756,0.0,0.01380750851013159,0.0,0.0,1,1,0,0,0,0,0,0,0.23871803524017335,238718.03524017334
Y2022_LAT23.74277_LON90.22874,2022,90.2287421100175,23.74276754451651,0.8011397808275711,0.022506704188648877,0.17635351498378005,0.0,0.0,0.0,1,1,0,0,0,0,0,0,0.998529556854248,998529.556854248
Y2022_LAT23.74294_LON90.23854,2022,90.23854299328866,23.74294307015497,0.8403004347955998,0.037699956575414355,0.11139956291679123,0.010600045712194606,0.0,0.0,1,1,0,0,0,0,0,0,0.9988431162872314,998843.1162872314
Y2022_LAT23.74312_LON90.24834,2022,90.24834397112943,23.743117975566047,0.7184991586065652,0.08180030234623926,0.14280048747806803,0.05690005156912748,0.0,0.0,1,1,0,0,0,0,0,0,0.9988569802627564,998856.9802627563
Y2022_LAT23.74329_LON90.25815,2022,90.25814504281456,23.743292260772836,0.2545999282805711,0.04579980407439894,0.667100100432936,0.03250016721209396,0.0,0.0,3,0,0,1,0,0,0,0,0.9988707953643798,998870.7953643799
Y2022_LAT23.74347_LON90.26795,2022,90.2679462082869,23.743465925773716,0.7886006206086796,0.025599892382217073,0.09249959476607193,0.09329989224303137,0.0,0.0,1,1,0,0,0,0,0,0,0.9988845595550537,998884.5595550537
Y2022_LAT23.74364_LON90.27775,2022,90.27774746707775,23.743638970502243,0.928800149524555,0.015199952030445593,0.0009999944613127657,0.054999903983686683,0.0,0.0,1,1,0,0,0,0,0,0,0.9988982785568238,998898.2785568237
Y2022_LAT23.74381_LON90.28755,2022,90.28754881895775,23.743811394960073,0.9402002194950925,0.0004999989287698985,0.0020000130679448335,0.057299768508192794,0.0,0.0,1,1,0,0,0,0,0,0,0.998911945426941,998911.9454269409
Y2022_LAT23.74398_LON90.29735,2022,90.29735026346388,23.743983199124013,0.28689943057399636,0.0,0.6940004572724071,0.019100112153596582,0.0,0.0,3,0,0,1,0,0,0,0,0.9989255645904541,998925.5645904541
Y2022_LAT23.74415_LON90.30715,2022,90.3071518003199,23.74415438300012,0.7428009717572434,0.008299971817127064,0.15589935611456904,0.0784997124364308,0.01299998683114528,0.0015000010434844686,1,1,0,0,0,0,0,0,0.9989391345901489,998939.1345901489
Y2022_LAT23.74432_LON90.31695,2022,90.31695342921796,23.74432494650829,1.0,0.0,0.0,0.0,0.0,0.0,1,1,0,0,0,0,0,0,0.9989526544647217,998952.6544647217
Y2022_LAT23.74449_LON90.32676,2022,90.32675514987204,23.74449488957721,0.987599929897133,0.0,0.0,0.012400070102866981,0.0,0.0,1,1,0,0,0,0,0,0,0.9989661253509522,998966.1253509521
Y2022_LAT23.74466_LON90.33656,2022,90.33655696174202,23.744664212253483,0.6615992289018284,0.1154003336919506,0.0,0.21920042699915943,0.0,0.0038000104070615463,1,1,0,0,0,0,0,0,0.998979549041748,998979.549041748
Y2022_LAT23.74483_LON90.34636,2022,90.3463588647759,23.7448329145388,0.6882005733236597,0.01929988827707347,0.0,0.29249953839926685,0.0,0.0,1,1,0,0,0,0,0,0,0.998992919921875,998992.919921875
Y2022_LAT23.745_LON90.35616,2022,90.35616085841329,23.74500099638217,0.8272000270153355,0.16820000163730212,0.0,0.0045999713473624665,0.0,0.0,1,1,0,0,0,0,0,0,0.9990062445373535,999006.2445373535
Y2022_LAT23.74517_LON90.36596,2022,90.36596294242004,23.745168457777467,0.9977999864621827,0.0022000135378173235,0.0,0.0,0.0,0.0,1,1,0,0,0,0,0,0,0.9990195198440551,999019.5198440552
Y2022_LAT23.74534_LON90.37577,2022,90.37576511650848,23.745335298684513,0.9307997796419205,0.0117000384701305,0.0,0.05750018188794909,0.0,0.0,1,1,0,0,0,0,0,0,0.9990327450485229,999032.745048523
Y2022_LAT23.7455_LON90.38557,2022,90.38556738024695,23.745501519059466,1.0,0.0,0.0,0.0,0.0,0.0,1,1,0,0,0,0,0,0,0.9990459216461182,999045.9216461182
Y2022_LAT23.74567_LON90.39537,2022,90.39536973334006,23.74566711891753,0.9526999149318043,0.012900060909849922,0.0,0.03440002415834582,0.0,0.0,1,1,0,0,0,0,0,0,0.999059049583435,999059.0495834351
Y2022_LAT23.74583_LON90.40517,2022,90.40517217543393,23.745832098256265,0.9971000173844571,0.002899982615542872,0.0,0.0,0.0,0.0,1,1,0,0,0,0,0,0,0.9990721275100708,999072.1275100708
Y2022_LAT23.746_LON90.41497,2022,90.41497470619652,23.74599645691055,0.9997999998162748,0.0,0.0,0.0002000001837252086,0.0,0.0,1,1,0,0,0,0,0,0,0.999085157043457,999085.157043457
Y2022_LAT23.74616_LON90.42478,2022,90.42477732538151,23.74616019500123,1.0,0.0,0.0,0.0,0.0,0.0,1,1,0,0,0,0,0,0,0.99909813697052,999098.13697052
Y2022_LAT23.74632_LON90.43458,2022,90.43458003258418,23.74632331250182,1.0,0.0,0.0,0.0,0.0,0.0,1,1,0,0,0,0,0,0,0.9991110685424804,999111.0685424805
Y2022_LAT23.74649_LON90.44438,2022,90.4443828274079,23.74648580934497,1.0,0.0,0.0,0.0,0.0,0.0,1,1,0,0,0,0,0,0,0.9991239499893189,999123.9499893188
Y2022_LAT23.74665_LON90.45419,2022,90.45418570962228,23.7466476854843,0.9744999472256387,0.0,0.0,0.02550005277436125,0.0,0.0,1,1,0,0,0,0,0,0,0.9991367832946777,999136.7832946777
Y2022_LAT23.74681_LON90.46399,2022,90.46398867885233,23.746808940936813,0.8816995958144282,0.00449997962067304,0.00110000609212171,0.11270041847277705,0.0,0.0,1,1,0,0,0,0,0,0,0.9991495664596558,999149.5664596558
Y2022_LAT23.74697_LON90.47379,2022,90.47379173479939,23.746969575766016,0.3947000094027489,0.0009000051577546135,0.39020058469580693,0.21419940074368954,0.0,0.0,1,1,0,0,0,0,0,1,0.99916230544281,999162.3054428101
Y2022_LAT23.74713_LON90.48359,2022,90.48359487702845,23.74712958985989,0.6447597538227992,0.002947595753921331,0.24923564989902272,0.10305700052425676,0.0,0.0,1,1,0,0,0,0,0,0,0.9152438592300415,915243.8592300415
Y2022_LAT23.74729_LON90.4934,2022,90.493398105351,23.747288983134844,0.4954248452066738,0.000653592925207711,0.07254885741762418,0.43137270445049436,0.0,0.0,1,1,0,0,0,0,0,1,0.15287518077850343,152875.18077850342
Y2022_LAT23.75018_LON90.14034,2022,90.14034133672807,23.750181195813376,0.23333339826704652,0.7666666017329535,0.0,0.0,0.0,0.0,2,0,1,0,0,0,0,0,0.002996125602722168,2996.125602722168
Y2022_LAT23.75036_LON90.15014,2022,90.15014202925222,23.75036237914662,0.7927924291459634,0.009008993341151036,0.19819857751288558,0.0,0.0,0.0,1,1,0,0,0,0,0,0,0.011085689514160156,11085.689514160156
Y2022_LAT23.75161_LON90.21875,2022,90.21874958492761,23.75161329427381,1.0,0.0,0.0,0.0,0.0,0.0,1,1,0,0,0,0,0,0,0.1209571446685791,120957.1446685791
Y2022_LAT23.75179_LON90.22855,2022,90.22855104721349,23.751789515059894,0.878367901267993,0.04433718246039079,0.0751478458503188,0.002147070421297336,0.0,0.0,1,1,0,0,0,0,0,0,0.9304097875213623,930409.7875213623
Y2022_LAT23.75197_LON90.23835,2022,90.23835260414353,23.75196511539724,0.9071002827512342,0.0,0.08239965125827241,0.010500065990493341,0.0,0.0,1,1,0,0,0,0,0,0,0.9988431196670532,998843.1196670532
Y2022_LAT23.75214_LON90.24815,2022,90.24815425556822,23.752140095274402,0.6786997844859247,0.018300022952658153,0.07980017116627733,0.2232000213951398,0.0,0.0,1,1,0,0,0,0,0,0,0.9988569832839966,998856.9832839966
Y2022_LAT23.75231_LON90.25796,2022,90.25795600099448,23.752314454715368,0.7466003653113519,0.002199993849156448,0.03789981048058593,0.21329983035890562,0.0,0.0,1,1,0,0,0,0,0,0,0.9988707986068726,998870.7986068726
Y2022_LAT23.75249_LON90.26776,2022,90.26775784009696,23.75248819362814,0.9820000958652784,0.00010000068184347048,0.0,0.017899903452878185,0.0,0.0,1,1,0,0,0,0,0,0,0.9988845618515014,998884.5618515015
Y2022_LAT23.75266_LON90.27756,2022,90.27755977269007,23.752661312035087,0.9072999593293433,0.014699977525206286,0.0006999995582543176,0.07730006358719618,0.0,0.0,1,1,0,0,0,0,0,0,0.9988982809524536,998898.2809524536
Y2022_LAT23.75283_LON90.28736,2022,90.28736179827857,23.752833809906356,1.0,0.0,0.0,0.0,0.0,0.0,1,1,0,0,0,0,0,0,0.998911948890686,998911.948890686
Y2022_LAT23.75301_LON90.29716,2022,90.29716391659903,23.753005687175584,0.7265992973719675,0.0,0.2729007002222762,0.0005000024057563614,0.0,0.0,1,1,0,0,0,0,0,0,0.9989255678024292,998925.5678024292
Y2022_LAT23.75318_LON90.30697,2022,90.3069661272607,23.753176943865817,0.7466010593593747,0.09639968042425202,0.15619926197622974,0.0007999982401435309,0.0,0.0,1,1,0,0,0,0,0,0,0.9989391367263794,998939.1367263794
Y2022_LAT23.75335_LON90.31677,2022,90.31676843004367,23.753347579903743,0.9891999359923583,0.0,0.0,0.010800064007641616,0.0,0.0,1,1,0,0,0,0,0,0,0.9989526566238404,998952.6566238403
Y2022_LAT23.75352_LON90.32657,2022,90.32657082451311,23.753517595394705,0.5356986266652409,0.015900084370821608,0.0,0.448301288351695,0.00010000061224263008,0.0,1,1,0,0,0,0,0,0,0.9989661281661988,998966.1281661987
Y2022_LAT23.75369_LON90.33637,2022,90.33637331037123,23.75368699020764,0.7687007617740889,0.01519991644628071,0.0,0.21609932177963048,0.0,0.0,1,1,0,0,0,0,0,0,0.9989795516052246,998979.5516052246
Y2022_LAT23.75386_LON90.34618,2022,90.34617588723401,23.75385576429891,1.0,0.0,0.0,0.0,0.0,0.0,1,1,0,0,0,0,0,0,0.998992919921875,998992.919921875
Y2022_LAT23.75402_LON90.35598,2022,90.35597855490903,23.75402391774723,0.8912000217762056,0.09899996947564779,0.0,0.009800008748146617,0.0,0.0,1,1,0,0,0,0,0,0,0.9990062476196289,999006.2476196289
Y2022_LAT23.75419_LON90.36578,2022,90.36578131285476,23.7541914503989,1.0,0.0,0.0,0.0,0.0,0.0,1,1,0,0,0,0,0,0,0.999019522819519,999019.522819519
Y2022_LAT23.75436_LON90.37558,2022,90.37558416098803,23.754358362329956,0.9594999276589175,0.01750003378485283,0.0,0.02300003855622973,0.0,0.0,1,1,0,0,0,0,0,0,0.9990327484283448,999032.7484283447
Y2022_LAT23.75452_LON90.38539,2022,90.38538709874506,23.754524653475627,0.9984000091174634,0.0015999908825366047,0.0,0.0,0.0,0.0,1,1,0,0,0,0,0,0,0.9990459246826172,999045.9246826172
Y2022_LAT23.75469_LON90.39519,2022,90.39519012585518,23.754690323823056,0.97879991431144,0.010800041694240073,0.0,0.01040004399431998,0.0,0.0,1,1,0,0,0,0,0,0,0.9990590513687134,999059.0513687134
Y2022_LAT23.75486_LON90.40499,2022,90.40499324206858,23.75485537337216,0.8386001552166819,0.0013999920965194353,0.0,0.1599998526867987,0.0,0.0,1,1,0,0,0,0,0,0,0.9990721291885376,999072.1291885376
Y2022_LAT23.75502_LON90.4148,2022,90.4147964469972,23.755019802046764,0.9984000100579807,0.0,0.0,0.0015999899420192584,0.0,0.0,1,1,0,0,0,0,0,0,0.9990851598434448,999085.1598434448
Y2022_LAT23.75518_LON90.4246,2022,90.42459974029687,23.755183609872024,0.9684999758309709,0.013399937316008094,0.0,0.018100086853021044,0.0,0.0,1,1,0,0,0,0,0,0,0.9990981399230957,999098.1399230957
Y2022_LAT23.75535_LON90.4344,2022,90.43440312163821,23.755346796793834,0.9968000050785746,0.0031999949214254484,0.0,0.0,0.0,0.0,1,1,0,0,0,0,0,0,0.9991110707931519,999111.0707931519
Y2022_LAT23.75551_LON90.44421,2022,90.44420659070467,23.755509362861847,1.0,0.0,0.0,0.0,0.0,0.0,1,1,0,0,0,0,0,0,0.9991239521331787,999123.9521331787
Y2022_LAT23.75567_LON90.45401,2022,90.4540101471481,23.75567130799374,0.9718998667760805,0.0,0.0,0.02810013322391949,0.0,0.0,1,1,0,0,0,0,0,0,0.9991367861785889,999136.7861785889
Y2022_LAT23.75583_LON90.46381,2022,90.46381379066433,23.755832632118793,0.841500169198518,0.015699980740933515,0.03840014205859173,0.1043997080019567,0.0,0.0,1,1,0,0,0,0,0,0,0.9991495694580078,999149.5694580078
Y2022_LAT23.75599_LON90.47362,2022,90.47361752085249,23.755993335209055,0.47199903271785026,0.0,0.45670093615263346,0.07130003112951637,0.0,0.0,1,1,0,0,0,0,0,1,0.9991623054504395,999162.3054504395
Y2022_LAT23.75615_LON90.48342,2022,90.48342133741092,23.756153417361674,0.4953620816546257,0.00035680369715185837,0.28460911162908614,0.21967200301913634,0.0,0.0,1,1,0,0,0,0,0,1,0.8401056873550415,840105.6873550415
Y2022_LAT23.75631_LON90.49323,2022,90.49322524001843,23.756312878533233,0.0,0.0,0.0,1.0,0.0,0.0,4,0,0,0,1,0,0,0,0.013189197273254395,13189.197273254395
Y2022_LAT23.76081_LON90.22836,2022,90.22835988964839,23.76081147358909,0.5156522450524008,0.0007865367319663406,0.48356121821563286,0.0,0.0,0.0,1,1,0,0,0,0,0,0,0.6349572957382202,634957.2957382202
Y2022_LAT23.76099_LON90.23816,2022,90.23816212061057,23.760987148651456,0.4634990853348196,0.0067000355570347786,0.22630018423764595,0.3035006948704997,0.0,0.0,1,1,0,0,0,0,0,1,0.9988431228637695,998843.1228637695
Y2022_LAT23.76116_LON90.24796,2022,90.2479644459894,23.761162203025258,0.31599929912461,0.006899990444840039,0.6673007723404618,0.009799938090088167,0.0,0.0,3,0,0,1,0,0,0,0,0.9988569862060547,998856.9862060547
Y2022_LAT23.76134_LON90.25777,2022,90.2577668653888,23.761336636649737,0.013500075862022799,0.0036000052888884616,0.8798994564197031,0.10300046242938563,0.0,0.0,3,0,0,1,0,0,0,0,0.9988708020477295,998870.8020477295
Y2022_LAT23.76151_LON90.26757,2022,90.26756937861607,23.761510449554255,0.5811010682495439,0.015499966603613977,0.06359963712229506,0.3397993280245471,0.0,0.0,1,1,0,0,0,0,0,0,0.9988845694503784,998884.5694503784
Y2022_LAT23.76168_LON90.27737,2022,90.27737198516861,23.76168364164506,0.9601001795589414,0.005999964508857191,0.0,0.03389985593220142,0.0,0.0,1,1,0,0,0,0,0,0,0.9988982833480835,998898.2833480835
Y2022_LAT23.76186_LON90.28717,2022,90.28717468493886,23.761856212904412,1.0,0.0,0.0,0.0,0.0,0.0,1,1,0,0,0,0,0,0,0.9989119513473511,998911.9513473511
Y2022_LAT23.76203_LON90.29698,2022,90.29697747734382,23.762028163329866,1.0,0.0,0.0,0.0,0.0,0.0,1,1,0,0,0,0,0,0,0.9989255701065064,998925.5701065063
Y2022_LAT23.7622_LON90.30678,2022,90.30678036212258,23.762199492944596,1.0,0.0,0.0,0.0,0.0,0.0,1,1,0,0,0,0,0,0,0.9989391392822266,998939.1392822266
Y2022_LAT23.76237_LON90.31658,2022,90.31658333913239,23.762370201657625,0.6523985991249774,0.0,0.007800044515919545,0.3395013543881621,0.0,0.0003000019709408922,1,1,0,0,0,0,0,0,0.9989526605072021,998952.6605072021
Y2022_LAT23.76254_LON90.32639,2022,90.32638640779447,23.762540289448026,0.08749977077254946,0.17300078841306943,0.009099986514922487,0.63289932046211,0.009300051968400593,0.08820008186894808,4,0,0,0,1,0,0,0,0.9989661312637329,998966.1312637329
Y2022_LAT23.76271_LON90.33619,2022,90.3361895678366,23.762709756351583,0.23610104094345233,0.5516985871833577,0.0,0.20180041518392675,0.004999981094905146,0.005399975594358052,2,0,1,0,0,0,0,0,0.9989795538330078,998979.5538330078
Y2022_LAT23.76288_LON90.34599,2022,90.34599281907632,23.762878602283685,0.9726000184838415,0.015200052579337068,0.0,0.01219992893682149,0.0,0.0,1,1,0,0,0,0,0,0,0.9989929205551148,998992.9205551147
Y2022_LAT23.76305_LON90.3558,2022,90.35579616093816,23.763046827230234,1.0,0.0,0.0,0.0,0.0,0.0,1,1,0,0,0,0,0,0,0.9990062505493164,999006.2505493164
Y2022_LAT23.76321_LON90.3656,2022,90.36559959324714,23.763214431236197,0.9774999392793207,0.02240006061926232,0.0,0.00010000010141703329,0.0,0.0,1,1,0,0,0,0,0,0,0.9990195251541137,999019.5251541138
Y2022_LAT23.76338_LON90.3754,2022,90.37540311576633,23.763381414237692,0.47849890605179957,0.40040068605280243,0.005700023003759013,0.11530038443393692,0.0,0.00010000045770208105,1,1,0,0,0,0,0,1,0.9990327504043579,999032.7504043579
Y2022_LAT23.76355_LON90.38521,2022,90.3852067277836,23.763547776097877,0.7471010452320895,0.21759915494281382,0.0015999900235383678,0.033699809801558345,0.0,0.0,1,1,0,0,0,0,0,0,0.9990459269866944,999045.9269866943
Y2022_LAT23.76371_LON90.39501,2022,90.39501042943009,23.763713516960536,0.9857000834613266,0.014299916538673301,0.0,0.0,0.0,0.0,1,1,0,0,0,0,0,0,0.9990590551147461,999059.0551147461
Y2022_LAT23.76388_LON90.40481,2022,90.40481422001753,23.7638786367501,0.9196996063122417,0.0,0.0,0.08030039368775832,0.0,0.0,1,1,0,0,0,0,0,0,0.9990721333160401,999072.13331604
Y2022_LAT23.76404_LON90.41462,2022,90.41461809937496,23.764043135474466,0.8197007096401124,0.0,0.0,0.1802992903598875,0.0,0.0,1,1,0,0,0,0,0,0,0.999085162765503,999085.1627655029
Y2022_LAT23.76421_LON90.42442,2022,90.42442206719913,23.76420701298965,0.9878000531055536,0.0,0.0,0.012199946894446386,0.0,0.0,1,1,0,0,0,0,0,0,0.9990981413879394,999098.1413879395
Y2022_LAT23.76437_LON90.43423,2022,90.43422612297073,23.764370269374343,1.0,0.0,0.0,0.0,0.0,0.0,1,1,0,0,0,0,0,0,0.9991110741882324,999111.0741882324
Y2022_LAT23.76453_LON90.44403,2022,90.44403026665844,23.764532904578363,0.9946999956889448,0.0,0.0,0.005300004311055122,0.0,0.0,1,1,0,0,0,0,0,0,0.9991239546813965,999123.9546813965
Y2022_LAT23.76469_LON90.45383,2022,90.45383449767927,23.76469491859851,0.9631998101053312,0.017300086393654844,0.0,0.01940010291847148,0.0,0.00010000058254249987,1,1,0,0,0,0,0,0,0.9991367882461548,999136.7882461548
Y2022_LAT23.76486_LON90.46364,2022,90.46363881566843,23.764856311400155,0.7773995084467201,0.01430005519179366,0.13510053064874164,0.054199979489849774,0.00240001170921932,0.016599914513675484,1,1,0,0,0,0,0,0,0.999149572227478,999149.572227478
Y2022_LAT23.76502_LON90.47344,2022,90.47344322047181,23.765017082957055,0.225199835846987,0.0,0.7265000191807252,0.04830014497228783,0.0,0.0,3,0,0,1,0,0,0,0,0.9991623054504395,999162.3054504395
Y2022_LAT23.76518_LON90.48325,2022,90.48324771175145,23.76517723326621,0.36688073275308763,0.0,0.4017636025102836,0.23135566473662877,0.0,0.0,3,0,0,1,0,0,0,1,0.49838690830993654,498386.9083099365
Y2022_LAT23.76983_LON90.22817,2022,90.2281686374244,23.769833420109688,0.9673566886520241,0.0007961782291471903,0.031847133118828724,0.0,0.0,0.0,1,1,0,0,0,0,0,0,0.1254535876083374,125453.5876083374
Y2022_LAT23.77001_LON90.23797,2022,90.23797154263815,23.770009169948537,0.7087208291381597,0.0,0.018381291012160846,0.27289787984967945,0.0,0.0,1,1,0,0,0,0,0,0,0.9563925403823853,956392.5403823853
Y2022_LAT23.77018_LON90.24777,2022,90.24777454231223,23.77018429878142,0.5455988247812604,0.0008000015992889422,0.45360117361945057,0.0,0.0,0.0,1,1,0,0,0,0,0,0,0.998856989074707,998856.989074707
Y2022_LAT23.77036_LON90.25758,2022,90.25757763606937,23.770358806663783,0.45400111613470806,0.0,0.4034986740310085,0.14250020983428344,0.0,0.0,1,1,0,0,0,0,0,1,0.9988708050460815,998870.8050460815
Y2022_LAT23.77053_LON90.26738,2022,90.26738082362911,23.77053269346265,0.7008991975466042,0.0017999998433967928,0.12460010223210662,0.17270070037789248,0.0,0.0,1,1,0,0,0,0,0,0,0.9988845719375611,998884.571937561
Y2022_LAT23.77071_LON90.27718,2022,90.27718410465431,23.77070595923242,0.6645002666713855,0.015299968590700385,0.2665000355757658,0.05369972916214837,0.0,0.0,1,1,0,0,0,0,0,0,0.9988982871780395,998898.2871780396
Y2022_LAT23.77088_LON90.28699,2022,90.28698747876511,23.770878603944194,0.502999842165427,0.1378998532285873,0.35910030460598563,0.0,0.0,0.0,1,1,0,0,0,0,0,0,0.9989119547119141,998911.9547119141
Y2022_LAT23.77105_LON90.29679,2022,90.29679094568877,23.77105062758184,0.7608001227659483,0.022900072756965338,0.214599795821696,0.0017000086553902777,0.0,0.0,1,1,0,0,0,0,0,0,0.998925573638916,998925.573638916
Y2022_LAT23.77122_LON90.30659,2022,90.30659450499972,23.77122203003455,0.9792000711539143,0.014199948466883779,0.006599980379201926,0.0,0.0,0.0,1,1,0,0,0,0,0,0,0.9989391431045532,998939.1431045532
Y2022_LAT23.77139_LON90.3164,2022,90.31639815643658,23.77139281141807,0.5506990606775078,0.0017999919721692406,0.02780009851055446,0.4197008488397685,0.0,0.0,1,1,0,0,0,0,0,0,0.9989526626663208,998952.6626663208
Y2022_LAT23.77156_LON90.3262,2022,90.32620189962677,23.771562971608304,0.1275996527230667,0.056400200359781875,0.0048999845901809835,0.6994998023527423,0.0028000127042722097,0.10880034726995587,4,0,0,0,1,0,0,0,0.9989661340637207,998966.1340637207
Y2022_LAT23.77173_LON90.33601,2022,90.33600573426834,23.771732510588965,0.17550044044516191,0.31410006882532576,0.0,0.3214000143335536,0.00840001725807721,0.18059945913788153,4,0,0,0,1,0,0,1,0.9989795559997559,998979.5559997559
Y2022_LAT23.7719_LON90.34581,2022,90.34580966010452,23.77190142837294,0.8157007817508984,0.008999997539094267,0.0,0.17529922071000734,0.0,0.0,1,1,0,0,0,0,0,0,0.9989929302902222,998992.9302902222
Y2022_LAT23.77207_LON90.35561,2022,90.35561367664954,23.772069724907464,1.0,0.0,0.0,0.0,0.0,0.0,1,1,0,0,0,0,0,0,0.9990062533035279,999006.2533035278
Y2022_LAT23.77224_LON90.36542,2022,90.36541778357672,23.77223740023536,1.0,0.0,0.0,0.0,0.0,0.0,1,1,0,0,0,0,0,0,0.9990195277862549,999019.5277862549
Y2022_LAT23.7724_LON90.37522,2022,90.37522198066777,23.77240445418439,0.9865999440929257,0.012900055521939914,0.0,0.0005000003851343299,0.0,0.0,1,1,0,0,0,0,0,0,0.9990327540359497,999032.7540359497
Y2022_LAT23.77257_LON90.38503,2022,90.3850262675189,23.77257088690493,0.8234000335069787,0.17659996649302132,0.0,0.0,0.0,0.0,1,1,0,0,0,0,0,0,0.999045929725647,999045.929725647
Y2022_LAT23.77274_LON90.39483,2022,90.39483064385604,23.772736698317658,0.9867000770323997,0.013299922967600318,0.0,0.0,0.0,0.0,1,1,0,0,0,0,0,0,0.9990590583343506,999059.0583343506
Y2022_LAT23.7729_LON90.40464,2022,90.40463510921352,23.772901888335102,0.9989999937388881,0.0,0.0,0.001000006261111885,0.0,0.0,1,1,0,0,0,0,0,0,0.9990721367263794,999072.1367263794
Y2022_LAT23.77307_LON90.41444,2022,90.41443966335169,23.773066456979556,0.6761991921662324,0.0020000091837556293,0.0,0.32180079865001204,0.0,0.0,1,1,0,0,0,0,0,0,0.9990851645202636,999085.1645202637
Y2022_LAT23.77323_LON90.42424,2022,90.42424430601035,23.773230404240934,0.8914005051723278,0.0,0.0,0.1085994948276722,0.0,0.0,1,1,0,0,0,0,0,0,0.9990981454467773,999098.1454467773
Y2022_LAT23.77339_LON90.43405,2022,90.43404903666072,23.773393730153238,0.9723999103297718,0.008299982672010514,0.0,0.019300106998217735,0.0,0.0,1,1,0,0,0,0,0,0,0.9991110755233764,999111.0755233765
Y2022_LAT23.77356_LON90.44385,2022,90.44385385512356,23.773556434545352,0.28310029392765895,0.028899886823948742,0.0013000060854091982,0.5873000434576263,0.09939976970535674,0.0,4,0,0,0,1,0,0,0,0.9991239581298829,999123.9581298828
Y2022_LAT23.77372_LON90.45366,2022,90.4536587610521,23.773718517509927,0.4223993825823345,0.308600756073579,0.2217000504956605,0.0399998020126281,0.004799993613078056,0.002500015222719867,1,1,0,0,0,0,0,1,0.9991367903137207,999136.7903137207
Y2022_LAT23.77388_LON90.46346,2022,90.46346375401616,23.77387997896651,0.14239992043172278,0.08989960070915819,0.10069964387240643,0.6201010537219744,0.006899995584268891,0.03999978568046923,4,0,0,0,1,0,0,0,0.9991495749282837,999149.5749282837
Y2022_LAT23.77404_LON90.47327,2022,90.47326883379803,23.77404081891772,0.04600009517097176,0.0,0.809400292802194,0.1444996126466313,9.99993802028452e-05,0.0,3,0,0,1,0,0,0,0,0.9991623054504395,999162.3054504395
Y2022_LAT23.7742_LON90.48307,2022,90.48307400000965,23.774201037396843,0.2473787245458799,0.0,0.44420484402350996,0.30841643143061015,0.0,0.0,3,0,0,1,0,0,0,1,0.3715918806991577,371591.8806991577
Y2022_LAT23.77903_LON90.23778,2022,90.23778087024198,23.77903117932616,0.6757577146214133,0.0,0.0,0.3242422853785867,0.0,0.0,1,1,0,0,0,0,0,0,0.33331506922912596,333315.069229126
Y2022_LAT23.77921_LON90.24758,2022,90.24758454448232,23.77920638265439,0.94509986088294,0.0,0.05490013911706007,0.0,0.0,0.0,1,1,0,0,0,0,0,0,0.9988569926681519,998856.9926681519
Y2022_LAT23.77938_LON90.25739,2022,90.25738831298713,23.779380964660106,0.7195007847384423,0.0,0.2738992154656441,0.0065999997959136514,0.0,0.0,1,1,0,0,0,0,0,0,0.9988708076705932,998870.8076705933
Y2022_LAT23.77955_LON90.26719,2022,90.2671921752579,23.779554925466496,0.6522989253024397,0.0,0.34220106194706335,0.005500012750496959,0.0,0.0,1,1,0,0,0,0,0,0,0.9988845736846924,998884.5736846924
Y2022_LAT23.77973_LON90.277,2022,90.27699613101784,23.77972826495153,0.02390006605075183,0.0003000002442372792,0.7867998010839101,0.18900013262110077,0.0,0.0,3,0,0,1,0,0,0,0,0.9988982905731201,998898.2905731201
Y2022_LAT23.7799_LON90.2868,2022,90.28680017985353,23.779900983053583,0.033099835691188066,0.02849985015765146,0.8169006360921214,0.12149967805903912,0.0,0.0,3,0,0,1,0,0,0,0,0.9989119572601318,998911.9572601318
Y2022_LAT23.78007_LON90.2966,2022,90.29660432153942,23.780073079838317,0.3850013133902409,0.004700028666660587,0.5901985794943361,0.020100078448762472,0.0,0.0,3,0,0,1,0,0,0,0,0.998925576133728,998925.576133728
Y2022_LAT23.78024_LON90.30641,2022,90.30640855569301,23.780244555222104,0.7864005942444331,0.00569999581303871,0.1799993083110181,0.027900101631510143,0.0,0.0,1,1,0,0,0,0,0,0,0.9989391450195313,998939.1450195312
Y2022_LAT23.78042_LON90.31621,2022,90.31621288199962,23.780415409211372,0.33799938094675286,0.0014999997719436135,0.03700010074822481,0.620200507732988,0.0,0.003300010800090746,4,0,0,0,1,0,0,0,0.9989526665267945,998952.6665267944
Y2022_LAT23.78059_LON90.32602,2022,90.32601730007362,23.780585641787265,0.32330111896345076,0.03730015332077543,0.043099915113675766,0.552798722837285,0.003500001678748994,0.040000088086064055,4,0,0,0,1,0,0,0,0.9989661368026733,998966.1368026733
Y2022_LAT23.78076_LON90.33582,2022,90.33582180971567,23.78075525291085,0.7841001950333029,0.03609983065124875,0.0,0.17919997629492657,0.0,0.0005999980205218668,1,1,0,0,0,0,0,0,0.9989795581741333,998979.5581741333
Y2022_LAT23.78092_LON90.34563,2022,90.34562641029187,23.780924242580376,0.7831004938064857,0.05049990947431417,0.008300004589994579,0.15799959221486853,9.99999143371024e-05,0.0,1,1,0,0,0,0,0,0,0.9989929364547729,998992.936454773
Y2022_LAT23.78109_LON90.35543,2022,90.35543110185843,23.781092610693655,0.976899946798817,0.005100011254270876,0.0,0.01800004194691218,0.0,0.0,1,1,0,0,0,0,0,0,0.9990062554244995,999006.2554244995
Y2022_LAT23.78126_LON90.36524,2022,90.36523588379275,23.781260357308057,1.0,0.0,0.0,0.0,0.0,0.0,1,1,0,0,0,0,0,0,0.9990195310516358,999019.5310516357
Y2022_LAT23.78143_LON90.37504,2022,90.37504075589361,23.781427482373413,0.9575997564914333,0.0025000158342547924,0.0,0.039900227674312005,0.0,0.0,1,1,0,0,0,0,0,0,0.9990327562866211,999032.7562866211
Y2022_LAT23.78159_LON90.38485,2022,90.38484571781854,23.781593985947048,0.7783008188195515,0.18109935399844132,0.0,0.04059982718200716,0.0,0.0,1,1,0,0,0,0,0,0,0.9990459323730468,999045.9323730469
Y2022_LAT23.78176_LON90.39465,2022,90.39465076911613,23.781759867802887,0.9996999984784076,0.0,0.0,0.0003000015215924016,0.0,0.0,1,1,0,0,0,0,0,0,0.9990590604019165,999059.0604019165
Y2022_LAT23.78193_LON90.40446,2022,90.4044559096802,23.781925128054173,0.9855000274051889,0.0,0.0,0.014499972594811042,0.0,0.0,1,1,0,0,0,0,0,0,0.999072138671875,999072.138671875
Y2022_LAT23.78209_LON90.41426,2022,90.41426113889632,23.782089766771552,0.8951000654338371,0.0,0.0,0.10489993456616288,0.0,0.0,1,1,0,0,0,0,0,0,0.9990851678619385,999085.1678619385
Y2022_LAT23.78225_LON90.42407,2022,90.42406645664691,23.782253783813083,0.83580083225807,0.0,0.0,0.16419916774193,0.0,0.0,1,1,0,0,0,0,0,0,0.9990981482925415,999098.1482925415
Y2022_LAT23.78242_LON90.43387,2022,90.43387186256976,23.78241717909984,0.9813998999362329,0.004500019845143967,0.0,0.006200031852806506,0.007900048365816717,0.0,1,1,0,0,0,0,0,0,0.9991110791854858,999111.0791854858
Y2022_LAT23.78258_LON90.44368,2022,90.44367735622691,23.782579952763438,0.30210013812688613,0.02489990157695575,0.0007999985753449631,0.3472008622295051,0.32499909949130806,0.0,4,0,0,0,1,0,0,1,0.9991239601974488,999123.9601974487
Y2022_LAT23.78274_LON90.45348,2022,90.45348293729924,23.78274210462299,0.048499948908167646,0.029700148389003606,0.07670006780296162,0.727099515474845,0.11780031831421219,0.00020000111080993385,4,0,0,0,1,0,0,0,0.9991367923583985,999136.7923583984
Y2022_LAT23.7829_LON90.46329,2022,90.4632886056146,23.78290363476873,0.2704998781031576,0.08239963577525872,0.2027000024556276,0.36510075528589664,0.0790997288052425,0.00019999957481694255,4,0,0,0,1,0,0,1,0.9991495774154663,999149.5774154663
Y2022_LAT23.78306_LON90.47309,2022,90.47309436063489,23.78306454319206,0.37822347251677685,0.014886654883469786,0.08949279671638707,0.4940284715494986,0.009001238245851556,0.014367366088016151,4,0,0,0,1,0,0,1,0.5772146720275879,577214.6720275879
Y2022_LAT23.78322_LON90.4829,2022,90.48290020213764,23.78322482975275,0.0,0.0,0.0,0.0,0.0,0.0,1,1,0,0,0,0,0,1,0.0,0.0
Y2022_LAT23.78805_LON90.23759,2022,90.23759010331662,23.78805317659742,1.0,0.0,0.0,0.0,0.0,0.0,1,1,0,0,0,0,0,0,0.015382285095214844,15382.285095214844
Y2022_LAT23.78823_LON90.24739,2022,90.24739445257077,23.788228454460032,0.952886302323798,0.03525728645036361,0.0,0.01185641122583838,0.0,0.0,1,1,0,0,0,0,0,0,0.9604012449340821,960401.244934082
Y2022_LAT23.7884_LON90.2572,2022,90.25719889607419,23.78840311079776,1.0,0.0,0.0,0.0,0.0,0.0,1,1,0,0,0,0,0,0,0.9988708102188111,998870.810218811
Y2022_LAT23.78858_LON90.267,2022,90.26700343342867,23.788577145484922,0.9167999232113451,0.0,0.0404002325103397,0.04279984427831522,0.0,0.0,1,1,0,0,0,0,0,0,0.9988845748519898,998884.5748519897
Y2022_LAT23.78875_LON90.27681,2022,90.2768080641597,23.788750558677172,0.7832999039520401,0.0,0.21460008202492856,0.0017000114174446994,0.0004000026055866559,0.0,1,1,0,0,0,0,0,0,0.9988982936248779,998898.2936248779
Y2022_LAT23.78892_LON90.28661,2022,90.28661278815758,23.788923350292766,0.05209977975519841,0.05110018946101466,0.6164003623852194,0.2726997062257998,0.007699962172767661,0.0,3,0,0,1,0,0,0,0,0.9989119608459472,998911.9608459473
Y2022_LAT23.7891_LON90.29642,2022,90.2964176049781,23.78909552023466,0.4228014295699141,0.019300050745618667,0.38199897700081303,0.17549954237345153,0.0004000003102026731,0.0,1,1,0,0,0,0,0,1,0.998925578781128,998925.5787811279
Y2022_LAT23.78927_LON90.30622,2022,90.30622251427266,23.789267068588416,0.7687993608220121,0.008699984456898211,0.1108002617230169,0.11170039299807288,0.0,0.0,1,1,0,0,0,0,0,0,0.9989391476898193,998939.1476898193
Y2022_LAT23.78944_LON90.31603,2022,90.31602751569397,23.78943799523181,0.5400997898073512,0.0005999999198150065,0.013500060799551461,0.44430015035347287,0.0,0.0014999991198095025,1,1,0,0,0,0,0,0,0.9989526684951783,998952.6684951782
Y2022_LAT23.78961_LON90.32583,2022,90.32583260912646,23.789608300122723,0.7784007265621621,0.0,0.002000001910666768,0.2195992715271712,0.0,0.0,1,1,0,0,0,0,0,0,0.9989661400756836,998966.1400756836
Y2022_LAT23.78978_LON90.33564,2022,90.33563779382342,23.789777983385996,0.7548997809828114,0.0,0.0,0.24510021901718856,0.0,0.0,1,1,0,0,0,0,0,0,0.9989795618286132,998979.5618286133
Y2022_LAT23.78995_LON90.34544,2022,90.34544306975062,23.789947044838637,0.9996000006949015,0.00039999930509853157,0.0,0.0,0.0,0.0,1,1,0,0,0,0,0,0,0.9989929388122558,998992.9388122559
Y2022_LAT23.79012_LON90.35525,2022,90.35524843665517,23.790115484590547,0.9959999860147583,0.0,0.0,0.004000013985241723,0.0,0.0,1,1,0,0,0,0,0,0,0.9990062575302124,999006.2575302124
Y2022_LAT23.79028_LON90.36505,2022,90.36505389383696,23.790283302504637,1.0,0.0,0.0,0.0,0.0,0.0,1,1,0,0,0,0,0,0,0.9990195340881348,999019.5340881348
Y2022_LAT23.79045_LON90.37486,2022,90.37485944136164,23.790450498703276,0.9092995302782638,0.03720021638462271,0.0,0.05140024068784934,0.0,0.0021000126492641586,1,1,0,0,0,0,0,0,0.9990327585830688,999032.7585830688
Y2022_LAT23.79062_LON90.38467,2022,90.38466507857925,23.790617072987214,0.8538006866094154,0.10079949022048554,0.0,0.045399823170098996,0.0,0.0,1,1,0,0,0,0,0,0,0.9990459353637695,999045.9353637695
Y2022_LAT23.79078_LON90.39447,2022,90.39447080530314,23.79078302544955,0.9963999979593714,0.003600002040628601,0.0,0.0,0.0,0.0,1,1,0,0,0,0,0,0,0.9990590620727539,999059.0620727539
Y2022_LAT23.79095_LON90.40428,2022,90.40427662132565,23.790948356082836,0.9984000064738413,0.0,0.0,0.001599993526158712,0.0,0.0,1,1,0,0,0,0,0,0,0.9990721404647828,999072.1404647827
Y2022_LAT23.79111_LON90.41408,2022,90.41408252599528,23.791113064692745,0.9258002283105071,0.006999974371054615,0.0,0.06719979731843834,0.0,0.0,1,1,0,0,0,0,0,0,0.9990851703796386,999085.1703796387
Y2022_LAT23.79128_LON90.42389,2022,90.42388851925058,23.79127715145555,0.9077003166780728,0.0,0.0,0.09229968332192716,0.0,0.0,1,1,0,0,0,0,0,0,0.9990981497879028,999098.1497879028
Y2022_LAT23.79144_LON90.43369,2022,90.43369460060386,23.791440616295244,1.0,0.0,0.0,0.0,0.0,0.0,1,1,0,0,0,0,0,0,0.9991110805664063,999111.0805664062
Y2022_LAT23.7916_LON90.4435,2022,90.44350076984269,23.791603459055196,0.9018001301845374,0.028699915796955747,0.05449992592157388,0.015000028096932965,0.0,0.0,1,1,0,0,0,0,0,0,0.9991239636764526,999123.9636764526
Y2022_LAT23.79177_LON90.45331,2022,90.45330702655826,23.79176567997596,0.2530995446982288,0.0,0.45010094823062674,0.2797995463506562,0.01669995898253786,0.0003000017379504027,3,0,0,1,0,0,0,1,0.9991367950439453,999136.7950439453
Y2022_LAT23.79193_LON90.46311,2022,90.46311337030475,23.791927278821454,0.44780060560133034,0.007499966681927917,0.32879919861250806,0.21560022996780756,0.00029999913642609076,0.0,1,1,0,0,0,0,0,1,0.9991495792160034,999149.5792160034
Y2022_LAT23.79209_LON90.47292,2022,90.47291980105021,23.79208825562145,0.25973052323189194,0.0016051452404383048,0.5039122977860971,0.22080733067532946,0.009329909155599734,0.004614793910643498,3,0,0,1,0,0,0,0,0.9959649670562745,995964.9670562744
Y2022_LAT23.79225_LON90.48273,2022,90.48272631819844,23.792248610374624,0.02950718422943972,0.10180023537813807,0.19828839841253437,0.5497196713076278,0.10091469461458707,0.019769816057673,4,0,0,0,1,0,0,0,0.3386191935882568,338619.19358825684
Y2022_LAT23.79725_LON90.2472,2022,90.24720426655135,23.797250514278943,0.8670738433941652,0.027195285024377562,0.0,0.1057308715814573,0.0,0.0,1,1,0,0,0,0,0,0,0.7860017212905884,786001.7212905884
Y2022_LAT23.79743_LON90.25701,2022,90.25700938527707,23.79742524481358,0.8868997122861892,0.0060000307385669974,0.0,0.10710025697524378,0.0,0.0,1,1,0,0,0,0,0,0,0.9988708134765625,998870.8134765625
Y2022_LAT23.7976_LON90.26681,2022,90.26681459801992,23.79759935357892,0.989600038201687,0.0,0.0,0.010399961798313007,0.0,0.0,1,1,0,0,0,0,0,0,0.9988845763473511,998884.5763473511
Y2022_LAT23.79777_LON90.27662,2022,90.27661990422925,23.797772840465942,0.9206000207838718,0.040800025985073166,0.026699980270445272,0.011899972960609774,0.0,0.0,1,1,0,0,0,0,0,0,0.9988982963256836,998898.2963256836
Y2022_LAT23.79795_LON90.28643,2022,90.28642530362129,23.797945705505228,0.8381000594266228,0.049999787096691936,0.035700085569984726,0.06830009126713497,0.0,0.007899976639565586,1,1,0,0,0,0,0,0,0.9989119629364014,998911.9629364014
Y2022_LAT23.79812_LON90.29623,2022,90.29623079589055,23.798117948708644,0.4172992646251469,0.010600067503239559,0.34110030788260115,0.23100035998901242,0.0,0.0,1,1,0,0,0,0,0,1,0.998925582397461,998925.5823974609
Y2022_LAT23.79829_LON90.30604,2022,90.30603638069547,23.79828956991583,0.03239988574085502,0.13019970055944774,0.2472996195624672,0.5790007706863405,0.0018999992308414491,0.009200024220048047,4,0,0,0,1,0,0,0,0.9989391515960694,998939.1515960693
Y2022_LAT23.79846_LON90.31584,2022,90.31584205760416,23.798460569223078,0.0,0.004499976845886304,0.1380000218191928,0.8475000289666283,0.002400003245678343,0.007599969122614245,4,0,0,0,1,0,0,0,0.9989526717758179,998952.6717758179
Y2022_LAT23.79863_LON90.32565,2022,90.32564782655705,23.79863094659514,0.18660086917630983,0.013100057462773644,0.1085000325649213,0.6895990275033539,0.0022000132926413172,0.0,4,0,0,0,1,0,0,0,0.9989661425094605,998966.1425094604
Y2022_LAT23.7988_LON90.33545,2022,90.33545368682985,23.798800701915248,0.9289998099558756,0.0022999943325078633,9.999933586633194e-05,0.06860019637575022,0.0,0.0,1,1,0,0,0,0,0,0,0.9989795654678345,998979.5654678345
Y2022_LAT23.79897_LON90.34526,2022,90.3452596384617,23.798969835327316,0.831700535693819,0.04259998120131394,0.0,0.12569948310486706,0.0,0.0,1,1,0,0,0,0,0,0,0.9989929389953613,998992.9389953613
Y2022_LAT23.79914_LON90.35507,2022,90.35506568082454,23.799138346676852,1.0,0.0,0.0,0.0,0.0,0.0,1,1,0,0,0,0,0,0,0.9990062610778808,999006.2610778809
Y2022_LAT23.79931_LON90.36487,2022,90.36487181381128,23.799306235971265,1.0,0.0,0.0,0.0,0.0,0.0,1,1,0,0,0,0,0,0,0.9990195365142822,999019.5365142822
Y2022_LAT23.79947_LON90.37468,2022,90.37467803696323,23.79947350314875,0.9988999928704371,0.0011000071295629145,0.0,0.0,0.0,0.0,1,1,0,0,0,0,0,0,0.9990327621307373,999032.7621307373
Y2022_LAT23.79964_LON90.38448,2022,90.38448434988418,23.79964014829496,0.985300066511703,0.0028999817274689157,0.0,0.011799951760828048,0.0,0.0,1,1,0,0,0,0,0,0,0.9990459382476806,999045.9382476807
Y2022_LAT23.79981_LON90.39429,2022,90.39429075234119,23.799806171282878,0.7828990486456626,0.16490072888374474,0.0,0.052200222470592625,0.0,0.0,1,1,0,0,0,0,0,0,0.99905906615448,999059.06615448
Y2022_LAT23.79997_LON90.4041,2022,90.40409724415045,23.7999715721438,0.9036005154756442,0.05949967599634549,0.0,0.036899808528010225,0.0,0.0,1,1,0,0,0,0,0,0,0.9990721441192627,999072.1441192627
Y2022_LAT23.80014_LON90.4139,2022,90.4139038245308,23.800136350824417,0.8783994959811583,0.0,0.0,0.12160050401884169,0.0,0.0,1,1,0,0,0,0,0,0,0.9990851726455688,999085.1726455688
Y2022_LAT23.8003_LON90.42371,2022,90.4237104937259,23.800300507329418,0.9895000608796531,0.0,0.0,0.01049993912034691,0.0,0.0,1,1,0,0,0,0,0,0,0.9990981535568237,999098.1535568237
Y2022_LAT23.80046_LON90.43352,2022,90.43351725086663,23.80046404161673,0.9606998161031067,0.01770009457197091,0.0,0.021600089324922387,0.0,0.0,1,1,0,0,0,0,0,0,0.9991110838470459,999111.0838470459
Y2022_LAT23.80063_LON90.44332,2022,90.44332409596677,23.800626953769726,0.8677999313699971,0.022099947984276357,0.11010012064572654,0.0,0.0,0.0,1,1,0,0,0,0,0,0,0.9991239659347534,999123.9659347534
Y2022_LAT23.80079_LON90.45313,2022,90.45313102860304,23.80078924353125,0.5443998731227089,0.184299659190776,0.23540050055141445,0.0,0.0,0.03589996713510065,1,1,0,0,0,0,0,0,0.9991367979660034,999136.7979660034
Y2022_LAT23.80095_LON90.46294,2022,90.46293804826024,23.800950911081745,0.39059984691703975,0.11050014808367022,0.4799000541034959,0.014699962093489125,0.0,0.004299988802305114,3,0,0,1,0,0,0,1,0.9991495805892945,999149.5805892944
Y2022_LAT23.80111_LON90.47275,2022,90.47274515495704,23.801111956381202,0.6521007797986086,0.06139988239997876,0.2558992792450228,0.030600058556389954,0.0,0.0,1,1,0,0,0,0,0,0,0.9991623117599487,999162.3117599487
Y2022_LAT23.80127_LON90.48255,2022,90.48255234803564,23.80127237926544,0.6472386507000463,0.1341175647350676,0.00289708849829731,0.21489461440220167,0.00017041609865310457,0.0006816655657340231,1,1,0,0,0,0,0,0,0.5863144399108887,586314.4399108887
Y2022_LAT23.80627_LON90.24701,2022,90.24701398626348,23.806272562241883,0.6411809311856534,0.002577318295280014,0.036655061223315674,0.31915713680065794,0.0,0.0004295524950931735,1,1,0,0,0,0,0,0,0.6976031843338013,697603.1843338013
Y2022_LAT23.80645_LON90.25682,2022,90.25681978070311,23.806447367020546,1.0,0.0,0.0,0.0,0.0,0.0,1,1,0,0,0,0,0,0,0.9988708167648316,998870.8167648315
Y2022_LAT23.80662_LON90.26663,2022,90.26662566907555,23.80662154980031,0.8920998457721949,0.06710003368091845,0.010000048788855893,0.030800071758030758,0.0,0.0,1,1,0,0,0,0,0,0,0.9988845842590331,998884.5842590332
Y2022_LAT23.8068_LON90.27643,2022,90.27643165109296,23.806795110431324,0.34740009407132955,0.02510006313926124,0.24590000309641516,0.38159983969299405,0.0,0.0,4,0,0,0,1,0,0,1,0.9988982985076904,998898.2985076904
Y2022_LAT23.80697_LON90.28624,2022,90.28623772619403,23.80696804893316,0.7404004316623727,0.0,0.10329960184847566,0.1562999664891517,0.0,0.0,1,1,0,0,0,0,0,0,0.9989119661178589,998911.9661178589
Y2022_LAT23.80714_LON90.29604,2022,90.29604389431331,23.80714036519484,0.5205989641409703,0.0002000013528756685,0.28210102233821305,0.19710001216794096,0.0,0.0,1,1,0,0,0,0,0,0,0.9989255854187011,998925.5854187012
Y2022_LAT23.80731_LON90.30585,2022,90.3058501548795,23.807312059403436,0.11409975884904112,0.005799988354040994,0.480200044263676,0.3274005058991584,0.0005000006387582213,0.0719997019953252,3,0,0,1,0,0,0,1,0.9989391535263061,998939.1535263062
Y2022_LAT23.80748_LON90.31566,2022,90.31565650773749,23.807483131377893,0.00469997051301552,0.0031999938398984623,0.3404993793100105,0.5512001298269869,0.09980053012196169,0.000599996388126981,4,0,0,0,1,0,0,0,0.9989526738433838,998952.6738433838
Y2022_LAT23.80765_LON90.32546,2022,90.32546295242372,23.807653581111232,0.0,0.005000026860121145,0.23799981894101568,0.37110017537596507,0.3858999788228981,0.0,5,0,0,0,0,1,0,1,0.9989661453704834,998966.1453704834
Y2022_LAT23.80782_LON90.33527,2022,90.33526948874122,23.80782340866654,0.17350034696312572,0.09849980612020935,0.03539990112545266,0.44650052569203796,0.23639938301395358,0.009700037085220702,4,0,0,0,1,0,0,1,0.9989795685806274,998979.5685806274
Y2022_LAT23.80799_LON90.34508,2022,90.34507611620025,23.80799261389139,0.6365006124541658,0.13289976482931562,0.0,0.23059962271651857,0.0,0.0,1,1,0,0,0,0,0,0,0.9989929389953613,998992.9389953613
Y2022_LAT23.80816_LON90.35488,2022,90.35488283462158,23.808161196892865,0.9347001866029747,0.06529981339702523,0.0,0.0,0.0,0.0,1,1,0,0,0,0,0,0,0.9990062643661499,999006.2643661499
Y2022_LAT23.80833_LON90.36469,2022,90.36468964352085,23.808329157484692,0.9832000252385332,0.016799974761466763,0.0,0.0,0.0,0.0,1,1,0,0,0,0,0,0,0.9990195391616822,999019.5391616821
Y2022_LAT23.8085_LON90.3745,2022,90.37449654264427,23.808496495836255,1.0,0.0,0.0,0.0,0.0,0.0,1,1,0,0,0,0,0,0,0.9990327639770508,999032.7639770508
Y2022_LAT23.80866_LON90.3843,2022,90.3843035316802,23.808663211747557,0.999199997324486,0.0,0.0,0.0008000026755140243,0.0,0.0,1,1,0,0,0,0,0,0,0.9990459408721923,999045.9408721924
Y2022_LAT23.80883_LON90.39411,2022,90.39411061027911,23.80882930532484,0.877000023283986,0.0421999988389359,0.0,0.08079997787707814,0.0,0.0,1,1,0,0,0,0,0,0,0.9990590691299438,999059.0691299438
Y2022_LAT23.80899_LON90.40392,2022,90.40391777799685,23.80899477641592,0.9848999385996663,0.0,0.0,0.015100061400333662,0.0,0.0,1,1,0,0,0,0,0,0,0.9990721471939087,999072.1471939087
Y2022_LAT23.80916_LON90.41373,2022,90.41372503467097,23.809159625194418,0.9776999230632705,0.0,0.0,0.022300076936729515,0.0,0.0,1,1,0,0,0,0,0,0,0.999085176399231,999085.176399231
Y2022_LAT23.80932_LON90.42353,2022,90.42353237991689,23.80932385149931,0.9986999918024467,0.0007000044487241232,0.0,0.0006000037488291635,0.0,0.0,1,1,0,0,0,0,0,0,0.9990981556777954,999098.1556777954
Y2022_LAT23.80949_LON90.43334,2022,90.43333981333951,23.80948745529724,0.994500032842018,0.00039999745460076374,0.0,0.005099969703381276,0.0,0.0,1,1,0,0,0,0,0,0,0.9991110865402222,999111.0865402222
Y2022_LAT23.80965_LON90.44315,2022,90.44314733453504,23.809650436574852,0.6411992056800295,0.0840000703141609,0.27480072400580957,0.0,0.0,0.0,1,1,0,0,0,0,0,0,0.999123968383789,999123.9683837891
Y2022_LAT23.80981_LON90.45295,2022,90.45295494343091,23.80981279535805,0.16939979407420275,0.7838001609840709,0.018799987668686065,0.0026000118754501574,0.0,0.025400045397590172,2,0,1,0,0,0,0,0,0.9991368009262085,999136.8009262085
Y2022_LAT23.80997_LON90.46276,2022,90.46276263939755,23.80997453160247,0.035499982404473863,0.873699819444358,0.008399992290229974,0.0,0.0,0.08240020586093823,2,0,1,0,0,0,0,0,0.9991495819778442,999149.5819778442
Y2022_LAT23.81014_LON90.47257,2022,90.47257042239056,23.81013564529753,0.018900024842281975,0.6751000748811467,0.06309980708632545,0.042100072361335644,0.0,0.2008000208289103,2,0,1,0,0,0,0,0,0.9991623229980469,999162.3229980469
Y2022_LAT23.8103_LON90.48238,2022,90.48237829174252,23.810296136432793,0.03664810270845956,0.6538666367855048,0.00010939670639506317,0.21080912715440117,0.004922885760410831,0.09364385088482859,2,0,1,0,0,0,0,0,0.9133453850784302,913345.3850784302
Y2022_LAT23.81046_LON90.49219,2022,90.49218624744012,23.810456004957235,0.0,0.0,0.0,0.0,0.0,0.0,1,1,0,0,0,0,0,1,0.0,0.0
Y2022_LAT23.81387_LON90.16838,2022,90.16837526889276,23.813873164051003,0.07086619253223375,0.0,0.9291338074677662,0.0,0.0,0.0,3,0,0,1,0,0,0,0,0.012684135070800781,12684.135070800781
Y2022_LAT23.81405_LON90.17818,2022,90.17818097601702,23.814053020972818,0.06153843709390153,0.0,0.9384615629060985,0.0,0.0,0.0,3,0,0,1,0,0,0,0,0.00649189047241211,6491.890472412109
Y2022_LAT23.81423_LON90.18799,2022,90.1879867797294,23.81423225578895,0.0,0.0,1.0,0.0,0.0,0.0,3,0,0,1,0,0,0,0,0.008689298416137695,8689.298416137695
Y2022_LAT23.81529_LON90.24682,2022,90.24682361169884,23.81529459808003,0.5735210227365044,0.0012461023765545254,0.01074761647532229,0.41448525841161876,0.0,0.0,1,1,0,0,0,0,0,0,0.6412677857971192,641267.7857971191
Y2022_LAT23.81547_LON90.25663,2022,90.25663008222348,23.81546947719915,0.8763999732740941,0.008800049106194363,0.0,0.11479997761971153,0.0,0.0,1,1,0,0,0,0,0,0,0.9988708199768066,998870.8199768066
Y2022_LAT23.81564_LON90.26644,2022,90.26643664668188,23.815643733920812,0.8464997846732625,0.0007999946879408277,0.024600157815096065,0.12810006282370062,0.0,0.0,1,1,0,0,0,0,0,0,0.9988845871505737,998884.5871505737
Y2022_LAT23.81582_LON90.27624,2022,90.27624330468434,23.81581736828319,0.17700064138662217,0.0,0.6298990745856902,0.19310028402768778,0.0,0.0,3,0,0,1,0,0,0,0,0.998898302230835,998898.302230835
Y2022_LAT23.81599_LON90.28605,2022,90.28605005590951,23.815990380239477,0.711600419072211,0.006900005442163917,0.2577996668881622,0.02369990859746285,0.0,0.0,1,1,0,0,0,0,0,0,0.9989119692382813,998911.9692382812
Y2022_LAT23.81616_LON90.29586,2022,90.29585690010072,23.81616276984901,0.6133995507015334,0.005599990773900843,0.3442005386487381,0.036799919875827675,0.0,0.0,1,1,0,0,0,0,0,0,0.9989255877685547,998925.5877685547
Y2022_LAT23.81633_LON90.30566,2022,90.3056638368472,23.81633453695183,0.560600305036094,0.03450000781853976,0.2474994491081063,0.15740023803725994,0.0,0.0,1,1,0,0,0,0,0,0,0.9989391566390992,998939.1566390991
Y2022_LAT23.81651_LON90.31547,2022,90.3154708659422,23.816505681581,0.15409916561673836,0.0,0.4471998657925592,0.17769995932285812,0.2210010092678443,0.0,3,0,0,1,0,0,0,1,0.9989526775512695,998952.6775512695
Y2022_LAT23.81668_LON90.32528,2022,90.32527798681842,23.81667620381214,0.0,0.0,0.0005999962988499524,9.999937295860492e-05,0.9993000043281914,0.0,5,0,0,0,0,1,0,0,0.9989661485748291,998966.1485748291
Y2022_LAT23.81685_LON90.33509,2022,90.33508519938587,23.81684610342066,0.046300255670478394,0.0014000062361288468,0.014900058318996025,0.22460097663939976,0.7127987031349969,0.0,5,0,0,0,0,1,0,0,0.9989795709457397,998979.5709457397
Y2022_LAT23.81702_LON90.34489,2022,90.34489250309701,23.81701538055114,0.267199342821152,0.5599009931437874,0.0032000107071939302,0.1696996533278667,0.0,0.0,2,0,1,0,0,0,0,0,0.9989929389953613,998992.9389953613
Y2022_LAT23.81718_LON90.3547,2022,90.3546998977826,23.817184035140357,0.8174008868104272,0.17779913456199536,0.0,0.0047999786275774465,0.0,0.0,1,1,0,0,0,0,0,0,0.9990062674560547,999006.2674560547
Y2022_LAT23.81735_LON90.36451,2022,90.36450738306544,23.817352067193895,1.0,0.0,0.0,0.0,0.0,0.0,1,1,0,0,0,0,0,0,0.9990195421295166,999019.5421295166
Y2022_LAT23.81752_LON90.37431,2022,90.37431495851645,23.817519476542795,1.0,0.0,0.0,0.0,0.0,0.0,1,1,0,0,0,0,0,0,0.9990327677993774,999032.7677993774
Y2022_LAT23.81769_LON90.38412,2022,90.38412262389322,23.817686263292853,0.991599973792196,0.00820002615437778,0.0,0.00020000005342621572,0.0,0.0,1,1,0,0,0,0,0,0,0.9990459443664551,999045.9443664551
Y2022_LAT23.81785_LON90.39393,2022,90.39393037889359,23.81785242739153,0.982399979190295,0.004099976446276341,0.0,0.013500044363428623,0.0,0.0,1,1,0,0,0,0,0,0,0.999059071105957,999059.071105957
Y2022_LAT23.81802_LON90.40374,2022,90.40373822309905,23.818017968948304,0.9181997137005541,0.04510019760225028,0.0,0.03670008869719568,0.0,0.0,1,1,0,0,0,0,0,0,0.9990721492233277,999072.1492233276
Y2022_LAT23.81818_LON90.41355,2022,90.41354615625141,23.818182887687353,0.7849003063442311,0.19189977949417727,0.0,0.023199914161591596,0.0,0.0,1,1,0,0,0,0,0,0,0.9990851786117554,999085.1786117554
Y2022_LAT23.81835_LON90.42335,2022,90.42335417790741,23.81834718371926,0.9941000226399603,0.0,0.0,0.005899977360039626,0.0,0.0,1,1,0,0,0,0,0,0,0.9990981574478149,999098.1574478149
Y2022_LAT23.81851_LON90.43316,2022,90.43316228784003,23.81851085705533,1.0,0.0,0.0,0.0,0.0,0.0,1,1,0,0,0,0,0,0,0.9991110893020629,999111.089302063
Y2022_LAT23.81867_LON90.44297,2022,90.44297048569636,23.8186739076418,0.9913999892395085,0.005899999039864765,0.0027000117206268056,0.0,0.0,0.0,1,1,0,0,0,0,0,0,0.9991239705963135,999123.9705963135
Y2022_LAT23.81884_LON90.45278,2022,90.45277877102127,23.818836335449905,0.9147997011151972,0.08520029888480289,0.0,0.0,0.0,0.0,1,1,0,0,0,0,0,0,0.9991368037109375,999136.8037109375
Y2022_LAT23.819_LON90.46259,2022,90.46258714368346,23.81899814041967,0.46649918689764125,0.4719008007028432,0.06160001239951568,0.0,0.0,0.0,2,0,1,0,0,0,0,1,0.9991495855941772,999149.5855941772
Y2022_LAT23.81916_LON90.4724,2022,90.47239560318073,23.81915932249695,0.17489949445379735,0.5541996167252852,0.07120016904253007,0.027600116441802828,0.038900205319411754,0.13320039801717282,2,0,1,0,0,0,0,0,0.999162327178955,999162.3271789551
Y2022_LAT23.81932_LON90.4822,2022,90.48220414927536,23.81931988179996,0.18630045276345428,0.3591996084726159,0.15569986756039675,0.1676004440608821,0.07569964756078304,0.05549997958186808,2,0,1,0,0,0,0,1,0.999175005531311,999175.005531311
Y2022_LAT23.81948_LON90.49201,2022,90.49201278165333,23.81947981821177,0.15911986790717156,0.4622637979999294,0.1150942980346741,0.25220127259401803,0.010691833582649775,0.0006289298815571704,2,0,1,0,0,0,0,1,0.15887009790039064,158870.09790039062
Y2022_LAT23.82289_LON90.16818,2022,90.16817939044108,23.822894584165926,0.0007892654988763684,0.0,0.9439621115961172,0.05524862290500642,0.0,0.0,3,0,0,1,0,0,0,0,0.1265417412261963,126541.74122619629
Y2022_LAT23.82307_LON90.17799,2022,90.17798577362288,23.823074517538494,0.0973496305107949,0.004587152744942225,0.8909276881723359,0.0071355285719270556,0.0,0.0,3,0,0,1,0,0,0,0,0.7838260447616577,783826.0447616577
Y2022_LAT23.82325_LON90.18779,2022,90.18779225350889,23.823253828431376,0.027976051479379514,0.004720251123996792,0.9633893604862761,0.00391433691034759,0.0,0.0,3,0,0,1,0,0,0,0,0.8675339437561035,867533.9437561035
Y2022_LAT23.82343_LON90.1976,2022,90.19759882957575,23.823432516997453,0.0075335503975045804,0.008516200360934112,0.9839502492415613,0.0,0.0,0.0,3,0,0,1,0,0,0,0,0.30492857583618166,304928.57583618164
Y2022_LAT23.82432_LON90.24663,2022,90.24663314295388,23.824316621992267,0.434284267045376,0.006258674400383115,0.0,0.5594570585542409,0.0,0.0,4,0,0,0,1,0,0,0,0.5745442405471802,574544.2405471802
Y2022_LAT23.82449_LON90.25644,2022,90.25644028981523,23.824491575335806,0.9449003261387993,0.0,0.0,0.05509967386120072,0.0,0.0,1,1,0,0,0,0,0,0,0.9988708225250245,998870.8225250244
Y2022_LAT23.82467_LON90.26625,2022,90.26624753061103,23.824665906121677,0.9984999899963072,0.0,0.0015000100036928674,0.0,0.0,0.0,1,1,0,0,0,0,0,0,0.9988845889205933,998884.5889205933
Y2022_LAT23.82484_LON90.27605,2022,90.27605486501137,23.824839614227137,0.643400000177104,0.03949999057529878,0.12509961265234534,0.1920003965952519,0.0,0.0,1,1,0,0,0,0,0,0,0.9988983057632447,998898.3057632446
Y2022_LAT23.82501_LON90.28586,2022,90.2858622927241,23.82501269965501,0.8534000153860963,0.004000009630626095,0.059499882341073326,0.08310009264220432,0.0,0.0,1,1,0,0,0,0,0,0,0.9989119721755981,998911.9721755981
Y2022_LAT23.82519_LON90.29567,2022,90.29566981343716,23.825185162441457,0.9149002861505762,0.014099929595994291,0.049499810083091525,0.02149997417033799,0.0,0.0,1,1,0,0,0,0,0,0,0.9989255913696289,998925.5913696289
Y2022_LAT23.82536_LON90.30548,2022,90.30547742655001,23.82535700253232,0.7805002109968747,0.05390001055037072,0.0782998640429845,0.08709991446108185,0.00019999994868824222,0.0,1,1,0,0,0,0,0,0,0.9989391600952149,998939.1600952148
Y2022_LAT23.82553_LON90.31529,2022,90.31528513220435,23.825528219882454,0.34639870703271464,0.008199982507097423,0.5411013473682471,0.09729993027890382,0.007000032813037018,0.0,3,0,0,1,0,0,0,0,0.9989526799163818,998952.6799163818
Y2022_LAT23.8257_LON90.32509,2022,90.32509292964225,23.825698814482774,0.01519992528930709,0.0070999601869926095,0.374999527145761,0.08190001208166252,0.5208005752962768,0.0,5,0,0,0,0,1,0,0,0.9989661514663696,998966.1514663696
Y2022_LAT23.82587_LON90.3349,2022,90.33490081871678,23.82586878634034,0.03040017469651453,0.00020000132793892685,0.33999984117398924,0.24120062018445812,0.3881993626170992,0.0,5,0,0,0,0,1,0,1,0.998979573135376,998979.573135376
Y2022_LAT23.82604_LON90.34471,2022,90.34470879908258,23.82603813541711,0.6474001938502189,0.13680040469681734,0.010199951026185561,0.20559945042677824,0.0,0.0,1,1,0,0,0,0,0,0,0.9989929413375854,998992.9413375854
Y2022_LAT23.82621_LON90.35452,2022,90.3545168704309,23.826206861579013,0.8821003618032037,0.11419965694966774,0.0,0.0036999812471285717,0.0,0.0,1,1,0,0,0,0,0,0,0.999006270401001,999006.270401001
Y2022_LAT23.82637_LON90.36433,2022,90.36432503228613,23.826374964926323,0.9422997810229614,0.04510015918308612,0.0,0.01260005979395247,0.0,0.0,1,1,0,0,0,0,0,0,0.9990195443115234,999019.5443115234
Y2022_LAT23.82654_LON90.37413,2022,90.37413328450373,23.826542445427858,0.9885000635998686,0.011499936400131331,0.0,0.0,0.0,0.0,1,1,0,0,0,0,0,0,0.9990327699737549,999032.7699737549
Y2022_LAT23.82671_LON90.38394,2022,90.38394162658005,23.82670930307954,0.891900180581464,0.061799902618763024,0.00959998600141511,0.03669993079835782,0.0,0.0,1,1,0,0,0,0,0,0,0.9990459466552735,999045.9466552734
Y2022_LAT23.82688_LON90.39375,2022,90.39375005825224,23.826875537835253,0.9667998455725081,0.00100000637798761,0.0,0.03220014804950428,0.0,0.0,1,1,0,0,0,0,0,0,0.9990590729598999,999059.0729598999
Y2022_LAT23.82704_LON90.40356,2022,90.40355857929806,23.827041149533837,0.7511994050230977,0.12110040669679448,0.09260026613529093,0.035099922144816886,0.0,0.0,1,1,0,0,0,0,0,0,0.999072150894165,999072.150894165
Y2022_LAT23.82721_LON90.41337,2022,90.4133671891908,23.82720613841696,0.5233012390628295,0.2823989316952904,0.012499931688377023,0.17569991045773659,0.0,0.006099987095766381,1,1,0,0,0,0,0,0,0.9990851816101074,999085.1816101074
Y2022_LAT23.82737_LON90.42318,2022,90.4231758877953,23.827370504220717,0.9910999499545787,0.008500048744803762,0.0,0.0,0.0,0.00040000130061752727,1,1,0,0,0,0,0,0,0.9990981613006592,999098.1613006592
Y2022_LAT23.82753_LON90.43298,2022,90.43298467440856,23.827534247061728,0.9903000067063337,0.0034999781846792393,0.0,0.006200015108987135,0.0,0.0,1,1,0,0,0,0,0,0,0.9991110923461914,999111.0923461914
Y2022_LAT23.8277_LON90.44279,2022,90.442793549186,23.82769736684151,0.9055001555335103,0.08879986520881752,0.005599978904450644,0.0,0.0,0.00010000035322157141,1,1,0,0,0,0,0,0,0.9991239733200074,999123.9733200073
Y2022_LAT23.82786_LON90.4526,2022,90.45260251149202,23.827859863599773,0.9672998413711025,0.005200029929414585,0.0,0.0,0.0,0.027500128699482894,1,1,0,0,0,0,0,0,0.9991368066024781,999136.806602478
Y2022_LAT23.82802_LON90.46241,2022,90.46241156103278,23.828021737310443,0.6183996767643076,0.29090036034720934,0.0799000046995555,0.0,0.0,0.010799958188927669,1,1,0,0,0,0,0,0,0.9991495892562866,999149.5892562866
Y2022_LAT23.82818_LON90.47222,2022,90.47222069746103,23.828182987928958,0.7906999303689595,0.08809987215584973,0.013700039501254617,0.05869993891872386,0.00740004505805935,0.041400173997153004,1,1,0,0,0,0,0,0,0.9991623296966553,999162.3296966553
Y2022_LAT23.82834_LON90.48203,2022,90.48202992058056,23.82834361542162,0.7925353530123593,0.08241151690864476,0.0,0.10899621909090268,0.014461854382987173,0.0015950566051060526,1,1,0,0,0,0,0,0,0.9396239306716919,939623.9306716919
Y2022_LAT23.8285_LON90.49184,2022,90.49183922986218,23.828503619784502,0.5254904081303494,0.0,0.0,0.4745095918696506,0.0,0.0,1,1,0,0,0,0,0,0,0.10191665102386474,101916.65102386475
Y2022_LAT23.83155_LON90.14837,2022,90.14836958692833,23.831554104874208,0.1813029043427917,0.002023469277809816,0.6199920773682365,0.19668154901116205,0.0,0.0,3,0,0,1,0,0,0,0,0.24678404809570312,246784.04809570312
Y2022_LAT23.83174_LON90.15818,2022,90.15817645223937,23.83173535987494,0.23685368096682652,0.0,0.7184887879406329,0.044657531092540705,0.0,0.0,3,0,0,1,0,0,0,0,0.4785912795791626,478591.2795791626
Y2022_LAT23.83192_LON90.16798,2022,90.1679834149831,23.83191599233053,0.2945556063069852,0.019217602434034805,0.5916258434330286,0.0946009478259514,0.0,0.0,3,0,0,1,0,0,0,0,0.8731030589904785,873103.0589904785
Y2022_LAT23.8321_LON90.17779,2022,90.17779047460897,23.832096002084114,0.1597996319976332,0.002699984895030884,0.8325004143916606,0.004999968715675404,0.0,0.0,3,0,0,1,0,0,0,0,0.9987589331207275,998758.9331207275
Y2022_LAT23.83228_LON90.1876,2022,90.18759763098288,23.83227538919579,0.14120014823158583,0.0003000002139099088,0.8180998246958554,0.0404000268586489,0.0,0.0,3,0,0,1,0,0,0,0,0.9987730915527344,998773.0915527344
Y2022_LAT23.83245_LON90.1974,2022,90.197404883615,23.83245415351192,0.1980143325994716,0.03644849211501335,0.73037373070194,0.03516344458357502,0.0,0.0,3,0,0,1,0,0,0,0,0.854961383720398,854961.383720398
Y2022_LAT23.83263_LON90.20721,2022,90.2072122322437,23.83263229513139,0.2607894231914025,0.0,0.704685145341651,0.03452543146694643,0.0,0.0,3,0,0,1,0,0,0,0,0.1620048981704712,162004.8981704712
Y2022_LAT23.83299_LON90.22683,2022,90.22682721609769,23.83298671014301,0.549188479982584,0.023877803484777423,0.42693371653263856,0.0,0.0,0.0,1,1,0,0,0,0,0,0,0.20915537764739991,209155.3776473999
Y2022_LAT23.83316_LON90.23663,2022,90.23663485065207,23.833162983466416,0.9880499446856218,0.002896961505959087,0.0,0.009053093808419083,0.0,0.0,1,1,0,0,0,0,0,0,0.5516612175750732,551661.2175750732
Y2022_LAT23.83334_LON90.24644,2022,90.24644257992824,23.83333863396304,0.6600718478361527,0.00044629448494472264,0.0,0.3394818576789026,0.0,0.0,1,1,0,0,0,0,0,0,0.6714328807449341,671432.8807449341
Y2022_LAT23.83351_LON90.25625,2022,90.25625040340556,23.833513661644123,1.0,0.0,0.0,0.0,0.0,0.0,1,1,0,0,0,0,0,0,0.9988708250579834,998870.8250579834
Y2022_LAT23.83369_LON90.26606,2022,90.26605832095383,23.833688066342177,0.9736999438320679,0.0016000099858697833,0.0,0.024700046182062313,0.0,0.0,1,1,0,0,0,0,0,0,0.9988845901107788,998884.5901107788
Y2022_LAT23.83386_LON90.27587,2022,90.27586633211241,23.83386184824758,0.7617000780610595,0.09739994423678547,0.00619999759676797,0.13469998010538714,0.0,0.0,1,1,0,0,0,0,0,0,0.99889830884552,998898.30884552
Y2022_LAT23.83404_LON90.28567,2022,90.28567443656736,23.83403500725343,0.826299765040981,0.04600008835096508,0.055099911754918685,0.017300027786976542,0.05530020706615845,0.0,1,1,0,0,0,0,0,0,0.998911975074768,998911.9750747681
Y2022_LAT23.83421_LON90.29548,2022,90.2954826340372,23.834207543222686,0.8461002631539913,0.07089990926757236,0.03319999966285188,0.04559985553917516,0.004199972376409298,0.0,1,1,0,0,0,0,0,0,0.9989255937652588,998925.5937652588
Y2022_LAT23.83438_LON90.30529,2022,90.30529092407066,23.834379456264415,0.4749003296575181,0.06949972718932892,0.4201999372603691,0.03540000589278388,0.0,0.0,1,1,0,0,0,0,0,1,0.9989391618804931,998939.1618804932
Y2022_LAT23.83455_LON90.3151,2022,90.31509930648197,23.834550746337584,0.7638996978810644,0.020199954730024845,0.16030036304893053,0.05559998433998023,0.0,0.0,1,1,0,0,0,0,0,0,0.9989526837081909,998952.6837081909
Y2022_LAT23.83472_LON90.32491,2022,90.32490778084068,23.834721413344035,0.37439884195343,0.08389987283458207,0.1286003209472442,0.4096009714685453,0.0034999927961984686,0.0,4,0,0,0,1,0,0,1,0.9989661543502808,998966.1543502808
Y2022_LAT23.83489_LON90.33472,2022,90.33471634680083,23.834891457379513,0.12130068152397937,0.002400006948728838,0.16659967748965554,0.7070996336964404,0.002600000341195943,0.0,4,0,0,0,1,0,0,0,0.998979575302124,998979.575302124
Y2022_LAT23.83506_LON90.34453,2022,90.3445250041786,23.835060878266724,0.2733993811021517,0.03729985225290978,0.01479993304788968,0.6745008335970489,0.0,0.0,4,0,0,0,1,0,0,0,0.9989929512176514,998992.9512176514
Y2022_LAT23.83523_LON90.35433,2022,90.3543337523925,23.835229676143097,0.904799754166524,0.006500025588148885,0.0,0.08870022024532703,0.0,0.0,1,1,0,0,0,0,0,0,0.9990062730560303,999006.2730560303
Y2022_LAT23.8354_LON90.36414,2022,90.36414259131713,23.835397850949132,0.81049986123658,0.059300103477241156,0.0,0.10529990111240435,0.0,0.02490013417377443,1,1,0,0,0,0,0,0,0.9990195470657348,999019.5470657349
Y2022_LAT23.83557_LON90.37395,2022,90.37395152049466,23.8355654025433,0.9849000654072555,0.007399970187230264,0.0,0.003099993590879631,0.0,0.004599970814634592,1,1,0,0,0,0,0,0,0.9990327730331421,999032.7730331421
Y2022_LAT23.83573_LON90.38376,2022,90.38376053961815,23.83573233096978,0.9824000371527185,0.00029999918143874685,0.0,0.017299963665842716,0.0,0.0,1,1,0,0,0,0,0,0,0.9990459489974975,999045.9489974976
Y2022_LAT23.8359_LON90.39357,2022,90.39356964845436,23.835898636245652,0.7391993636271619,0.10150032924920177,0.013700069921663267,0.14550023672186355,0.0,0.00010000048010949156,1,1,0,0,0,0,0,0,0.999059076713562,999059.076713562
Y2022_LAT23.83606_LON90.40338,2022,90.40337884655563,23.83606431840792,0.2561999313638798,0.5854996383526797,0.13460042723409021,0.014799996136051085,0.0,0.008900006913299237,2,0,1,0,0,0,0,0,0.9990721547851562,999072.1547851562
Y2022_LAT23.83623_LON90.41319,2022,90.41318813352635,23.83622937723867,0.7852007715655875,0.08479959342117065,0.007799952686615055,0.005899990313210214,0.0,0.11629969201341667,1,1,0,0,0,0,0,0,0.9990851845245361,999085.1845245361
Y2022_LAT23.83639_LON90.423,2022,90.42299750926796,23.83639381286551,0.9884000544978573,0.007499963342585681,0.0,0.0038999834492592675,0.0,0.00019999871029777563,1,1,0,0,0,0,0,0,0.9990981632766723,999098.1632766724
Y2022_LAT23.83656_LON90.43281,2022,90.43280697316571,23.836557625216,0.7503990835873979,0.0,0.21150082381026938,0.038100092602332714,0.0,0.0,1,1,0,0,0,0,0,0,0.9991110946807862,999111.0946807861
Y2022_LAT23.83672_LON90.44262,2022,90.44261652508888,23.836720814273363,0.6328010672439838,0.023499951859358822,0.2715988703289684,0.07210011056768904,0.0,0.0,1,1,0,0,0,0,0,0,0.9991239751815796,999123.9751815796
Y2022_LAT23.83688_LON90.45243,2022,90.45242616467249,23.836883380054967,0.793899582018732,0.014200054465552057,0.10500039760513377,0.0865999640471198,0.0,0.0003000018634623135,1,1,0,0,0,0,0,0,0.9991368093643188,999136.8093643188
Y2022_LAT23.83705_LON90.46224,2022,90.46223589141553,23.837045322543688,0.3812996954115759,0.4522005659032959,0.08389961425807287,0.014900057335850666,0.0,0.06770006709120481,2,0,1,0,0,0,0,1,0.9991495924911499,999149.5924911499
Y2022_LAT23.83721_LON90.47205,2022,90.47204570518304,23.837206641628736,0.6819397242248525,0.046021480017814406,0.004704420172434726,0.2135403241050642,0.0,0.05379405147983416,1,1,0,0,0,0,0,0,0.9769808027877808,976980.8027877808
Y2022_LAT23.83737_LON90.48186,2022,90.48185560564076,23.837367337295152,0.6370756888961204,0.1138382333144509,0.0,0.24908607778942873,0.0,0.0,1,1,0,0,0,0,0,0,0.19134119912719727,191341.19912719727
Y2022_LAT23.84058_LON90.14817,2022,90.14817216103816,23.84057534732791,0.3756271053005398,0.0,0.6149370422263095,0.009435852473150732,0.0,0.0,3,0,0,1,0,0,0,0,0.49746220937347413,497462.2093734741
Y2022_LAT23.84076_LON90.15798,2022,90.15797970307277,23.8407566793346,0.40160080883622695,0.005300022789884378,0.5728991371926483,0.02020003118124041,0.0,0.0,3,0,0,1,0,0,0,0,0.9987304726028442,998730.4726028442
Y2022_LAT23.84094_LON90.16779,2022,90.16778734254447,23.840937388387445,0.7809998311363808,0.0,0.20880010215778286,0.010200066705836274,0.0,0.0,1,1,0,0,0,0,0,0,0.9987447287673951,998744.728767395
Y2022_LAT23.84112_LON90.1776,2022,90.17759507896123,23.841117474552508,0.5729002476841873,0.005299981963621902,0.3458998502275554,0.0758999201246353,0.0,0.0,1,1,0,0,0,0,0,0,0.9987589380950928,998758.9380950928
Y2022_LAT23.8413_LON90.1874,2022,90.18740291206971,23.841296937759036,0.625399076293643,0.03220010193094179,0.3134009412161852,0.028999880559229984,0.0,0.0,1,1,0,0,0,0,0,0,0.9987730955276489,998773.0955276489
Y2022_LAT23.84148_LON90.19721,2022,90.19721084159713,23.841475777990155,0.3456996765799567,0.014799953764546556,0.56030041638449,0.0791999532710067,0.0,0.0,3,0,0,1,0,0,0,0,0.998787204032898,998787.204032898
Y2022_LAT23.84165_LON90.20702,2022,90.20701886710472,23.84165399525762,0.2614781639739589,0.012332937530960174,0.6808992520107131,0.045289646484367826,0.0,0.0,3,0,0,1,0,0,0,0,0.963743245300293,963743.245300293
Y2022_LAT23.84183_LON90.21683,2022,90.21682698822377,23.84183158947361,0.4049633372797695,0.07212960690222275,0.43918737486549014,0.08371968095251757,0.0,0.0,3,0,0,1,0,0,0,1,0.7325311472244262,732531.1472244263
Y2022_LAT23.84201_LON90.22664,2022,90.22663520484046,23.842008560680036,0.25799657441434587,0.01062752054395745,0.6783394764044759,0.0530364286372208,0.0,0.0,3,0,0,1,0,0,0,0,0.9868433621444702,986843.3621444702
Y2022_LAT23.84218_LON90.23644,2022,90.23644351630509,23.842184908856428,0.9000999318888204,0.0021000026370472497,0.02089988015900604,0.07690018531512638,0.0,0.0,1,1,0,0,0,0,0,0,0.998843150390625,998843.150390625
Y2022_LAT23.84236_LON90.24625,2022,90.24625192253338,23.84236063387516,0.8340859826193951,0.0,0.0,0.16591401738060485,0.0,0.0,1,1,0,0,0,0,0,0,0.9963598748168946,996359.8748168945
Y2022_LAT23.84254_LON90.25606,2022,90.25606042303819,23.842535735804308,1.0,0.0,0.0,0.0,0.0,0.0,1,1,0,0,0,0,0,0,0.9988708284072876,998870.8284072876
Y2022_LAT23.84271_LON90.26587,2022,90.26586901766919,23.84271021459621,0.9062998320408948,0.0686001396668269,0.0,0.02510002829227829,0.0,0.0,1,1,0,0,0,0,0,0,0.9988845909729004,998884.5909729004
Y2022_LAT23.84288_LON90.27568,2022,90.27567770591823,23.842884070255604,0.999800001358641,0.0,0.0,0.00019999864135903514,0.0,0.0,1,1,0,0,0,0,0,0,0.9988983109893799,998898.3109893799
Y2022_LAT23.84306_LON90.28549,2022,90.28548648737947,23.843057302676108,0.8503999853487991,0.06949983369596112,0.06390016513811426,0.016200015817125452,0.0,0.0,1,1,0,0,0,0,0,0,0.9989119782028199,998911.9782028198
Y2022_LAT23.84323_LON90.2953,2022,90.29529536205294,23.843229911966674,0.6633007334715393,0.19099976740887087,0.08759963690887418,0.04759990327935322,0.010499958931362451,0.0,1,1,0,0,0,0,0,0,0.9989255960845947,998925.5960845947
Y2022_LAT23.8434_LON90.3051,2022,90.3051043292476,23.843401897972704,0.30019971190783257,0.4369005179627136,0.241299715832419,0.021600054297034987,0.0,0.0,2,0,1,0,0,0,0,1,0.9989391654434204,998939.1654434204
Y2022_LAT23.84357_LON90.31491,2022,90.31491338880836,23.84357326075308,0.797600907473915,0.19829909768431714,0.0006999981326122821,0.0033999967091556866,0.0,0.0,1,1,0,0,0,0,0,0,0.9989526858291626,998952.6858291626
Y2022_LAT23.84374_LON90.32472,2022,90.32472254042095,23.843744000271027,0.3392990452521477,0.0640000311413872,0.13620048547367616,0.4600004387444558,0.0004999993883332396,0.0,4,0,0,0,1,0,0,1,0.998966157371521,998966.157371521
Y2022_LAT23.84391_LON90.33453,2022,90.33453178363415,23.843914116423864,0.09820035650241823,0.0,0.5621998458499895,0.33959979764759224,0.0,0.0,3,0,0,1,0,0,0,0,0.9989795778198243,998979.5778198242
Y2022_LAT23.84408_LON90.34434,2022,90.34434111824926,23.844083609322155,0.17009928473206895,0.004700012750983956,0.004699983638414372,0.8161007347251581,0.004399984153374641,0.0,4,0,0,0,1,0,0,0,0.9989929562606812,998992.9562606812
Y2022_LAT23.84425_LON90.35415,2022,90.3541505437578,23.84425247880271,0.31250079309979134,0.05330016004849576,0.030300083064936572,0.6033989638879894,0.0004999998987870566,0.0,4,0,0,0,1,0,0,0,0.9990062752227783,999006.2752227783
Y2022_LAT23.84442_LON90.36396,2022,90.36396005998247,23.844420724846596,0.5509007152999592,0.0644999896934701,0.018399948926658548,0.3607993505746724,0.005399995505239719,0.0,1,1,0,0,0,0,0,0,0.9990195501251221,999019.5501251221
Y2022_LAT23.84459_LON90.37377,2022,90.37376966657563,23.844588347690777,0.7365995284639019,0.20140052072460465,0.010200053688097857,0.05179989712339566,0.0,0.0,1,1,0,0,0,0,0,0,0.9990327758789063,999032.7758789062
Y2022_LAT23.84476_LON90.38358,2022,90.38357936302975,23.844755347063185,0.7209010553258759,0.18299931741095696,0.050399789729237816,0.04569983753392934,0.0,0.0,1,1,0,0,0,0,0,0,0.9990459521331787,999045.9521331787
Y2022_LAT23.84492_LON90.39339,2022,90.39338914935368,23.844921722962663,0.49659872811876127,0.4816011938083003,0.00010000022778543387,0.017200055345734367,0.0,0.004500022499418753,1,1,0,0,0,0,0,1,0.9990590798797607,999059.0798797607
Y2022_LAT23.84509_LON90.4032,2022,90.40319902480896,23.845087475305515,0.5583012761518814,0.43019872298773915,0.0,0.0,0.0,0.011500000860379288,1,1,0,0,0,0,0,0,0.9990721583709716,999072.1583709717
Y2022_LAT23.84525_LON90.41301,2022,90.41300898926613,23.845252604256814,0.9237997451055902,0.03400015705027267,0.0,0.029600116330425776,0.0,0.012599981513711356,1,1,0,0,0,0,0,0,0.9990851864395142,999085.1864395142
Y2022_LAT23.84542_LON90.42282,2022,90.42281904246684,23.845417109739255,0.9581002021505781,0.03019984480367714,0.0,0.006399969416718243,0.0,0.0052999836290265195,1,1,0,0,0,0,0,0,0.9990981650314331,999098.1650314331
Y2022_LAT23.84558_LON90.43263,2022,90.43262918394738,23.84558099160856,0.6728992644425978,0.002100002011026039,0.24830044783126523,0.0767002857151109,0.0,0.0,1,1,0,0,0,0,0,0,0.9991110979537964,999111.0979537964
Y2022_LAT23.84574_LON90.44244,2022,90.44243941341043,23.845744249986087,0.5713999173345993,0.011899990595363931,0.17250003531028288,0.24420005675975393,0.0,0.0,1,1,0,0,0,0,0,0,0.9991239779205322,999123.9779205322
Y2022_LAT23.84591_LON90.45225,2022,90.45224973051488,23.845906884744103,0.36289939729262843,0.0013999935686184282,0.2682006189103715,0.36749999022838165,0.0,0.0,4,0,0,0,1,0,0,1,0.9991368116455078,999136.8116455078
Y2022_LAT23.84607_LON90.46206,2022,90.46206013489734,23.846068895891545,0.10151666922536533,0.23687255513694763,0.29351007728164935,0.2344986086188296,0.0,0.13360208973720808,3,0,0,1,0,0,0,1,0.9684755185241699,968475.5185241699
Y2022_LAT23.84623_LON90.47187,2022,90.47187062631693,23.846230283490918,0.5232359753285946,0.09771370281476308,0.027128842991401076,0.34664644627078883,0.0,0.005275032594452406,1,1,0,0,0,0,0,0,0.39776610844421384,397766.10844421387
Y2022_LAT23.84941_LON90.13817,2022,90.13816651599821,23.849414545645395,0.7850952051030927,0.01502016388062149,0.1998846310162858,0.0,0.0,0.0,1,1,0,0,0,0,0,0,0.17287613026428222,172876.13026428223
Y2022_LAT23.8496_LON90.14797,2022,90.14797463735019,23.849596577685013,0.7118854550496068,0.006719868199709647,0.2813946767506836,0.0,0.0,0.0,1,1,0,0,0,0,0,0,0.9511775594711304,951177.5594711304
Y2022_LAT23.84978_LON90.15778,2022,90.15778285658293,23.849777986577454,0.28090026961223535,0.00019999902068819795,0.7188997313670765,0.0,0.0,0.0,3,0,0,1,0,0,0,0,0.9987304762802124,998730.4762802124
Y2022_LAT23.84996_LON90.16759,2022,90.16759117304086,23.849958772327916,0.3753993253347539,0.00919999649798746,0.6154006781672586,0.0,0.0,0.0,3,0,0,1,0,0,0,0,0.9987447327651977,998744.7327651978
Y2022_LAT23.85014_LON90.1774,2022,90.1773995866221,23.850138934900187,0.06290023874813568,0.0008000038697989914,0.9362997573820653,0.0,0.0,0.0,3,0,0,1,0,0,0,0,0.9987589398117065,998758.9398117065
Y2022_LAT23.85032_LON90.18721,2022,90.18720809689493,23.85031847430285,0.3547994769059265,0.0099000513369554,0.5482000250384437,0.08710044671867442,0.0,0.0,3,0,0,1,0,0,0,0,0.9987730988922119,998773.0988922119
Y2022_LAT23.8505_LON90.19702,2022,90.19701670358802,23.850497390412862,0.33430032650026126,0.11479960259103225,0.4771003492707757,0.07379972163793076,0.0,0.0,3,0,0,1,0,0,0,1,0.9987872066574097,998787.2066574097
Y2022_LAT23.85068_LON90.20683,2022,90.20682540628808,23.85067568334006,0.3877001791781458,0.0,0.5762996812894188,0.03600013953243544,0.0,0.0,3,0,0,1,0,0,0,0,0.9988012672271729,998801.2672271729
Y2022_LAT23.85085_LON90.21663,2022,90.21663420466585,23.850853352912015,0.1847996028402437,0.007199984636058292,0.5726997125082279,0.23530070001547007,0.0,0.0,3,0,0,1,0,0,0,0,0.9988152804870606,998815.2804870605
Y2022_LAT23.85103_LON90.22644,2022,90.22644309843818,23.851030399238997,0.1004999059269725,0.0,0.8930001373239814,0.006499956749046152,0.0,0.0,3,0,0,1,0,0,0,0,0.9988292404785156,998829.2404785156
Y2022_LAT23.85121_LON90.23625,2022,90.2362520873236,23.851206822179524,0.3772004099884847,0.004000016476274887,0.44779880527305016,0.17100076826219027,0.0,0.0,3,0,0,1,0,0,0,1,0.9988431528472901,998843.15284729
Y2022_LAT23.85138_LON90.24606,2022,90.24606117078189,23.85138262187051,0.9249004789533566,0.0,0.0,0.07509952104664339,0.0,0.0,1,1,0,0,0,0,0,0,0.9988570172042847,998857.0172042847
Y2022_LAT23.85156_LON90.25587,2022,90.25587034873803,23.85155779805201,0.9944000282055121,0.0,0.0,0.005599971794487897,0.0,0.0,1,1,0,0,0,0,0,0,0.9988708315963745,998870.8315963745
Y2022_LAT23.85173_LON90.26568,2022,90.26567962069254,23.851732350916897,0.9736998793116556,0.025500118975368056,0.0,0.0008000017129763294,0.0,0.0,1,1,0,0,0,0,0,0,0.998884598991394,998884.598991394
Y2022_LAT23.85191_LON90.27549,2022,90.27548898628667,23.851906280300767,0.9869000389911494,0.013099961008850603,0.0,0.0,0.0,0.0,1,1,0,0,0,0,0,0,0.9988983131103516,998898.3131103516
Y2022_LAT23.85208_LON90.2853,2022,90.28529844528776,23.85207958628689,0.8474996395036895,0.14670036914520895,0.0041999949182151275,0.0015999964328864936,0.0,0.0,1,1,0,0,0,0,0,0,0.9989119817733765,998911.9817733765
Y2022_LAT23.85225_LON90.29511,2022,90.29510799736741,23.852252268768797,0.6333992763118184,0.3246006043676618,0.04200011932051981,0.0,0.0,0.0,1,1,0,0,0,0,0,0,0.9989255994567872,998925.5994567871
Y2022_LAT23.85242_LON90.30492,2022,90.30491764209752,23.85242432778987,0.5878005041077972,0.34809958204688973,0.0532999333958352,0.010799980449478103,0.0,0.0,1,1,0,0,0,0,0,0,0.9989391692886352,998939.1692886353
Y2022_LAT23.8526_LON90.31473,2022,90.31472737912624,23.852595763293294,0.9571001277048046,0.042899872295195464,0.0,0.0,0.0,0.0,1,1,0,0,0,0,0,0,0.9989526890029907,998952.6890029907
Y2022_LAT23.85277_LON90.32454,2022,90.32453720834886,23.85276657516604,0.44749906873727346,0.06819984421594308,0.2636006054281316,0.2207004816186519,0.0,0.0,1,1,0,0,0,0,0,1,0.9989661597442627,998966.1597442627
Y2022_LAT23.85294_LON90.33435,2022,90.33434712912769,23.852936763576526,0.31599964699553124,0.0,0.4614999729842544,0.19850038866422778,0.0,0.02399999135598662,3,0,0,1,0,0,0,1,0.99897958177948,998979.58177948
Y2022_LAT23.85311_LON90.34416,2022,90.34415714126574,23.853106328323356,0.40329997849803817,0.032000033048112386,0.06679969320810701,0.49490028808956443,0.00300000715617813,0.0,4,0,0,0,1,0,0,1,0.9989929579925537,998992.9579925537
Y2022_LAT23.85328_LON90.35397,2022,90.35396724451219,23.853275269547233,0.5371997566999692,0.02320012782178256,0.0017000105743431063,0.43710010040303354,0.0008000045008715429,0.0,1,1,0,0,0,0,0,0,0.9990062775421142,999006.2775421143
Y2022_LAT23.85344_LON90.36378,2022,90.36377743835727,23.85344358714176,0.4550006431633175,0.2452000130115059,0.018299963951724767,0.27869938809449446,0.0027999917789575286,0.0,1,1,0,0,0,0,0,1,0.9990195532989502,999019.5532989502
Y2022_LAT23.85361_LON90.37359,2022,90.37358772264568,23.853611280975656,0.8947004560259562,0.045699767384293204,0.00019999889375576097,0.059399777695994964,0.0,0.0,1,1,0,0,0,0,0,0,0.9990327780685425,999032.7780685425
Y2022_LAT23.85378_LON90.3834,2022,90.38339809685728,23.853778351178395,0.8961001200465704,0.07589992752115032,0.00370000174216198,0.02169993405301068,0.0,0.0026000166371066918,1,1,0,0,0,0,0,0,0.9990459542541504,999045.9542541504
Y2022_LAT23.85394_LON90.39321,2022,90.3932085608357,23.853944797669996,0.30400035788098717,0.581099722407349,0.001299998384198963,0.034799985610759,0.0,0.07879993571670585,2,0,1,0,0,0,0,0,0.9990590819549561,999059.081954956
Y2022_LAT23.85411_LON90.40302,2022,90.40301911406132,23.8541106204841,0.996900019314835,0.0030999806851650233,0.0,0.0,0.0,0.0,1,1,0,0,0,0,0,0,0.9990721604995727,999072.1604995728
Y2022_LAT23.85428_LON90.41283,2022,90.41282975646459,23.85427581947158,0.9789000563909562,0.01949994959087098,0.0,0.0015999940181727812,0.0,0.0,1,1,0,0,0,0,0,0,0.9990851894989013,999085.1894989014
Y2022_LAT23.85444_LON90.42264,2022,90.42264048734816,23.854440394729643,0.9954999801522972,0.0044000194546663885,0.0,0.00010000039303633683,0.0,0.0,1,1,0,0,0,0,0,0,0.9990981697387695,999098.1697387695
Y2022_LAT23.8546_LON90.43245,2022,90.4324513067417,23.85460434620307,0.9265996346331262,0.005800019173125154,0.03630017637222383,0.031300169821524816,0.0,0.0,1,1,0,0,0,0,0,0,0.9991110994720459,999111.0994720459
Y2022_LAT23.85477_LON90.44226,2022,90.44226221400886,23.854767673863886,0.40819991711495524,0.014899973779778695,0.35770000524390805,0.21920010386135805,0.0,0.0,1,1,0,0,0,0,0,1,0.9991239810028076,999123.9810028076
Y2022_LAT23.85493_LON90.45207,2022,90.45207320908156,23.854930377638144,0.6006007515468648,0.01139996124507359,0.0979995211582494,0.2899997660498122,0.0,0.0,1,1,0,0,0,0,0,0,0.9991368138504029,999136.8138504028
Y2022_LAT23.85509_LON90.46188,2022,90.46188429141417,23.855092457552743,0.4028232960319543,0.018524032065076173,0.10954272046336135,0.44487834151404926,0.0,0.024231609925558863,4,0,0,0,1,0,0,1,0.9978506957702636,997850.6957702637
Y2022_LAT23.85525_LON90.4717,2022,90.47169546076705,23.8552539135842,0.05240511871325598,0.0,0.2667182561759642,0.6793122961091107,0.0,0.0015643290016691353,4,0,0,0,1,0,0,0,0.2554849187927246,255484.9187927246
Y2022_LAT23.85825_LON90.12816,2022,90.1281595165627,23.85825295405436,0.0,0.0,1.0,0.0,0.0,0.0,3,0,0,1,0,0,0,0,0.01428132363128662,14281.323631286621
Y2022_LAT23.85844_LON90.13797,2022,90.13796821735538,23.858435686635293,0.7525104486936313,0.03506533846967535,0.20734228387353001,0.005081928963163466,0.0,0.0,1,1,0,0,0,0,0,0,0.7860791742477417,786079.1742477417
Y2022_LAT23.85862_LON90.14778,2022,90.14777701605465,23.858617795927742,0.6802989845139428,0.007700014315658921,0.3120010011703983,0.0,0.0,0.0,1,1,0,0,0,0,0,0,0.9987161750564575,998716.1750564575
Y2022_LAT23.8588_LON90.15759,2022,90.1575859125968,23.858799281880138,0.1391997217840184,0.004500022867879351,0.8551002500368277,0.0012000053112746312,0.0,0.0,3,0,0,1,0,0,0,0,0.99873047971344,998730.4797134399
Y2022_LAT23.85898_LON90.16739,2022,90.16739490654852,23.858980144305885,0.04799979305009868,0.0,0.9486001840178288,0.0034000229320725536,0.0,0.0,3,0,0,1,0,0,0,0,0.9987447357635498,998744.7357635498
Y2022_LAT23.85916_LON90.1772,2022,90.17720399757113,23.859160383258743,0.10699965900443213,0.03169988821304045,0.8065005109283654,0.05479994185416208,0.0,0.0,3,0,0,1,0,0,0,0,0.9987589415435791,998758.9415435791
Y2022_LAT23.85934_LON90.18701,2022,90.18701318531267,23.859339998803858,0.0,0.0,0.9986000013225638,0.0013999986774361863,0.0,0.0,3,0,0,1,0,0,0,0,0.9987731014709472,998773.1014709473
Y2022_LAT23.85952_LON90.19682,2022,90.1968224695223,23.85951899083173,0.0,0.0,1.0,0.0,0.0,0.0,3,0,0,1,0,0,0,0,0.9987872106552124,998787.2106552124
Y2022_LAT23.8597_LON90.20663,2022,90.20663184970567,23.859697359340366,0.13610011440451908,0.0005999977308874302,0.856799878497106,0.006500009367487478,0.0,0.0,3,0,0,1,0,0,0,0,0.9988012703018189,998801.2703018188
Y2022_LAT23.85988_LON90.21644,2022,90.21644132573505,23.859875104366267,0.064099838436172,0.0,0.7387995770805853,0.1971005844832427,0.0,0.0,3,0,0,1,0,0,0,0,0.9988152824325561,998815.2824325562
Y2022_LAT23.86005_LON90.22625,2022,90.22625089712375,23.86005222573555,0.0,0.0,0.9965000237773034,0.0034999762226966134,0.0,0.0,3,0,0,1,0,0,0,0,0.9988292430114746,998829.2430114746
Y2022_LAT23.86023_LON90.23606,2022,90.23606056358047,23.860228723536842,0.3714006715286357,0.0007000027715228684,0.4250985037101463,0.20280082198969512,0.0,0.0,3,0,0,1,0,0,0,1,0.9988431565551757,998843.1565551758
Y2022_LAT23.8604_LON90.24587,2022,90.24587032471145,23.86040459774019,0.5683996915622049,0.04160014882718657,0.22829989234034823,0.15930025323603722,0.0024000140342232087,0.0,1,1,0,0,0,0,0,0,0.9988570200881958,998857.0200881958
Y2022_LAT23.86058_LON90.25568,2022,90.25568018032497,23.860579848308465,0.889200500983986,0.004899985697929885,0.013299922701937382,0.08769961843751076,0.0048999721786360485,0.0,1,1,0,0,0,0,0,0,0.9988708347930908,998870.8347930908
Y2022_LAT23.86075_LON90.26549,2022,90.26549013003545,23.86075447522358,0.6152995136628088,0.14580010274444863,0.23650039084308425,0.0023999927496583476,0.0,0.0,1,1,0,0,0,0,0,0,0.9988846024093628,998884.6024093628
Y2022_LAT23.86093_LON90.2753,2022,90.275300173294,23.860928478430182,0.23499978447302197,0.057800247258970344,0.7071999682680077,0.0,0.0,0.0,3,0,0,1,0,0,0,0,0.9988983164825439,998898.316482544
Y2022_LAT23.8611_LON90.28511,2022,90.28511031017463,23.86110185790649,0.2660007155236029,0.43909934724545463,0.29439993655731617,0.0005000006736264404,0.0,0.0,2,0,1,0,0,0,0,1,0.9989119842910766,998911.9842910767
Y2022_LAT23.86127_LON90.29492,2022,90.29492053998196,23.861274613670293,0.3422995010576309,0.19509984631115113,0.45400068166979307,0.008599970961424917,0.0,0.0,3,0,0,1,0,0,0,1,0.9989256020965576,998925.6020965576
Y2022_LAT23.86145_LON90.30473,2022,90.30473086251274,23.861446745670065,0.8247007577342806,0.07789975540149163,0.09669948324811369,0.0007000036161140626,0.0,0.0,1,1,0,0,0,0,0,0,0.9989391711807251,998939.1711807251
Y2022_LAT23.86162_LON90.31454,2022,90.31454127750341,23.86161825383387,0.9137996446758289,0.0819003281634234,0.0,0.004300027160747784,0.0,0.0,1,1,0,0,0,0,0,0,0.9989526912155151,998952.6912155151
Y2022_LAT23.86179_LON90.32435,2022,90.32435178453636,23.861789138311877,0.7992998726896396,0.1666000194091024,0.033700110567885085,0.0003999973333729026,0.0,0.0,1,1,0,0,0,0,0,0,0.9989661628494263,998966.1628494263
Y2022_LAT23.86196_LON90.33416,2022,90.3341623832019,23.86195939884345,0.2734994303874174,0.10649960373685213,0.267400816739492,0.3023001892197489,0.0035999953567609944,0.046699964559728566,4,0,0,0,1,0,0,1,0.9989795853881835,998979.5853881836
Y2022_LAT23.86213_LON90.34397,2022,90.34397307332979,23.8621290356191,0.07280032487397568,0.04500017297998423,0.5767992177868024,0.30540028435923766,0.0,0.0,3,0,0,1,0,0,0,0,0.9989929580688477,998992.9580688477
Y2022_LAT23.8623_LON90.35378,2022,90.3537838545608,23.86229804845084,0.9251003022047882,0.001799989283292865,0.0,0.07309970851191899,0.0,0.0,1,1,0,0,0,0,0,0,0.999006280960083,999006.280960083
Y2022_LAT23.86247_LON90.36359,2022,90.3635947263993,23.862466437383123,0.8289002535191974,0.08030001750371538,0.0,0.0907997289770872,0.0,0.0,1,1,0,0,0,0,0,0,0.9990195557250977,999019.5557250977
Y2022_LAT23.86263_LON90.37341,2022,90.37340568866655,23.862634202412984,0.795999951369162,0.025899960763094556,0.0,0.17730008463558886,0.0,0.0008000032321545207,1,1,0,0,0,0,0,0,0.9990327812652587,999032.7812652588
Y2022_LAT23.8628_LON90.38322,2022,90.38321674099215,23.862801343461857,0.799000304575299,0.05730002526564272,0.0017000014198734483,0.14109966779701932,0.0,0.0009000009421654975,1,1,0,0,0,0,0,0,0.9990459580001831,999045.9580001831
Y2022_LAT23.86297_LON90.39303,2022,90.39302788295696,23.8629678606028,0.9138000003557746,0.02729998977186804,0.0,0.016899996812751953,0.0,0.04200001305960551,1,1,0,0,0,0,0,0,0.9990590836410522,999059.0836410522
Y2022_LAT23.86313_LON90.40284,2022,90.40283911441058,23.863133753729567,1.0,0.0,0.0,0.0,0.0,0.0,1,1,0,0,0,0,0,0,0.9990721621627807,999072.1621627808
Y2022_LAT23.8633_LON90.41265,2022,90.41265043480634,23.863299022862698,1.0,0.0,0.0,0.0,0.0,0.0,1,1,0,0,0,0,0,0,0.9990851920700073,999085.1920700073
Y2022_LAT23.86346_LON90.42246,2022,90.4224618439574,23.863463667882602,1.0,0.0,0.0,0.0,0.0,0.0,1,1,0,0,0,0,0,0,0.99909817162323,999098.17162323
Y2022_LAT23.86363_LON90.43227,2022,90.43227334149971,23.86362768889646,0.9785998719839318,0.007700046956324449,0.0,0.013700081059743734,0.0,0.0,1,1,0,0,0,0,0,0,0.9991111030197144,999111.1030197144
Y2022_LAT23.86379_LON90.44208,2022,90.44208492704509,23.863791085843058,0.9313998876242819,0.014599975489522373,0.028100115892726495,0.02590002099346921,0.0,0.0,1,1,0,0,0,0,0,0,0.9991239834213257,999123.9834213257
Y2022_LAT23.86395_LON90.4519,2022,90.4518966002369,23.863953858680702,0.8125005379423134,0.012299968056108036,0.10199952752782332,0.0731999664737554,0.0,0.0,1,1,0,0,0,0,0,0,0.9991368160934448,999136.8160934448
Y2022_LAT23.86412_LON90.46171,2022,90.46170836094092,23.864116007374196,0.6578994210844822,0.049199857755573555,0.14990039872965244,0.14300032243029184,0.0,0.0,1,1,0,0,0,0,0,0,0.9991496009216309,999149.6009216309
Y2022_LAT23.86428_LON90.47152,2022,90.47152020851755,23.86427753190479,0.08302562139608004,0.02214030962490572,0.11197837357450888,0.7828556954045054,0.0,0.0,4,0,0,0,1,0,0,0,0.7040084608383179,704008.4608383179
Y2022_LAT23.86709_LON90.11815,2022,90.11815116227423,23.867090571677974,0.8461538271681587,0.0,0.1538461728318413,0.0,0.0,0.0,1,1,0,0,0,0,0,0,0.0025965678787231447,2596.5678787231445
Y2022_LAT23.86727_LON90.12796,2022,90.12796044213833,23.867274005435014,0.3115439066771472,0.009890324535262346,0.6785657687875905,0.0,0.0,0.0,3,0,0,1,0,0,0,0,0.6462517286682129,646251.7286682129
Y2022_LAT23.86746_LON90.13777,2022,90.13776982052174,23.867456815575864,0.5922004212392289,0.009699979717836728,0.369199699170218,0.028899899872716354,0.0,0.0,1,1,0,0,0,0,0,0,0.9987018231048584,998701.8231048584
Y2022_LAT23.86764_LON90.14758,2022,90.14757929701629,23.867639002098965,0.34139954665859684,0.1867004741821635,0.47189997915923965,0.0,0.0,0.0,3,0,0,1,0,0,0,1,0.9987161775817871,998716.1775817871
Y2022_LAT23.86782_LON90.15739,2022,90.15738887128897,23.867820564877498,0.06569999171746597,0.07109963421448982,0.8404004559713414,0.022799918096702804,0.0,0.0,3,0,0,1,0,0,0,0,0.998730481666565,998730.4816665649
Y2022_LAT23.868_LON90.1672,2022,90.16719854295404,23.868001504038673,0.11929951491063427,0.0020999908111080596,0.8772004875757862,0.0014000067024715793,0.0,0.0,3,0,0,1,0,0,0,0,0.9987447389678955,998744.7389678955
Y2022_LAT23.86818_LON90.17701,2022,90.17700831177075,23.868181819529703,0.052900206826467025,0.0,0.9370997909267872,0.01000000224674585,0.0,0.0,3,0,0,1,0,0,0,0,0.9987589476623535,998758.9476623535
Y2022_LAT23.86836_LON90.18682,2022,90.18681817732688,23.86836151118984,0.09539996898790509,0.0,0.8976999953062447,0.006900035705850345,0.0,0.0,3,0,0,1,0,0,0,0,0.9987731045761108,998773.1045761108
Y2022_LAT23.86854_LON90.19663,2022,90.19662813934337,23.86854057920083,0.22619998805422264,0.0016999903072831908,0.7721000216384941,0.0,0.0,0.0,3,0,0,1,0,0,0,0,0.9987872130584717,998787.2130584717
Y2022_LAT23.86872_LON90.20644,2022,90.20643819746425,23.868719023370055,0.22060028800859485,0.0,0.7127996334041677,0.0666000785872374,0.0,0.0,3,0,0,1,0,0,0,0,0.9988012739715576,998801.2739715576
Y2022_LAT23.8689_LON90.21625,2022,90.21624835134534,23.868896843680513,0.12139977262353693,0.0,0.8772002348879561,0.0013999924885070081,0.0,0.0,3,0,0,1,0,0,0,0,0.9988152824401856,998815.2824401855
Y2022_LAT23.86907_LON90.22606,2022,90.22605860070595,23.869074040275994,0.17900065430849163,0.0,0.8131993873694885,0.0,0.0,0.0077999583220198666,3,0,0,1,0,0,0,0,0.9988292463455201,998829.24634552
Y2022_LAT23.86925_LON90.23587,2022,90.23586894511965,23.869250612942142,0.5115991713577589,0.003499998123252332,0.2825012608077863,0.20239956971120238,0.0,0.0,1,1,0,0,0,0,0,0,0.9988431586227416,998843.1586227417
Y2022_LAT23.86943_LON90.24568,2022,90.24567938423829,23.86942656165754,0.14850049555387132,0.0,0.7965992366237651,0.04290018907005923,0.012000078752304508,0.0,3,0,0,1,0,0,0,0,0.9988570236053467,998857.0236053467
Y2022_LAT23.8696_LON90.25549,2022,90.25548991784117,23.86960188655395,0.9077005238864193,0.005399988036566106,0.01469990877670674,0.025099852749960766,0.04709972655034723,0.0,1,1,0,0,0,0,0,0,0.9988708373184204,998870.8373184204
Y2022_LAT23.86978_LON90.2653,2022,90.26530054560041,23.869776587524374,0.4614991998964587,0.43100075162717255,0.003399995213681441,0.08930006300879674,0.014799990253890583,0.0,1,1,0,0,0,0,0,1,0.9988846041793823,998884.6041793823
Y2022_LAT23.86995_LON90.27511,2022,90.27511126701698,23.869950664508774,0.170299781413305,0.477500004369686,0.3221002798350335,0.030099934381975533,0.0,0.0,2,0,1,0,0,0,0,1,0.9988983200454712,998898.3200454712
Y2022_LAT23.87012_LON90.28492,2022,90.28492208192733,23.870124117585018,0.8698005603032998,0.028299860481505994,0.09619958923354369,0.0056999899816505715,0.0,0.0,1,1,0,0,0,0,0,0,0.998911987701416,998911.987701416
Y2022_LAT23.8703_LON90.29473,2022,90.29473298989551,23.870296946589846,0.9680998799770103,0.030300109292136845,0.0016000107308529073,0.0,0.0,0.0,1,1,0,0,0,0,0,0,0.9989256048049927,998925.6048049927
Y2022_LAT23.87047_LON90.30454,2022,90.30454399062427,23.87046915158999,0.7587006573591474,0.17129946321706616,0.022699886076779214,0.04729999334700728,0.0,0.0,1,1,0,0,0,0,0,0,0.9989391748046875,998939.1748046875
Y2022_LAT23.87064_LON90.31436,2022,90.31435508375876,23.870640732586768,0.7886996436788677,0.024500011822654145,0.15100043917766554,0.03579990532081268,0.0,0.0,1,1,0,0,0,0,0,0,0.9989526946411132,998952.6946411133
Y2022_LAT23.87081_LON90.32417,2022,90.32416626902638,23.870811689443677,0.4249986774357505,0.3063007826916784,0.2687005398725712,0.0,0.0,0.0,1,1,0,0,0,0,0,1,0.9989661659317016,998966.1659317017
Y2022_LAT23.87098_LON90.33398,2022,90.33397754591326,23.870982022268148,0.17030026005055082,0.26730021940202453,0.4340992463288063,0.11300026527570303,0.0,0.015300008942915284,3,0,0,1,0,0,0,1,0.9989795879440307,998979.5879440308
Y2022_LAT23.87115_LON90.34379,2022,90.34378891438959,23.87115173088338,0.3914000448220542,0.32519998794867927,0.2524998458187015,0.03090012141056509,0.0,0.0,1,1,0,0,0,0,0,1,0.9989929580688477,998992.9580688477
Y2022_LAT23.87132_LON90.3536,2022,90.3536003738261,23.871320815399113,0.6861010993771852,0.07809995266248144,0.01879991516162984,0.21669903461255435,0.00029999818614920813,0.0,1,1,0,0,0,0,0,0,0.9990062843017579,999006.2843017578
Y2022_LAT23.87149_LON90.36341,2022,90.3634119239931,23.871489275819783,0.9221003237610803,0.00959994029232683,0.0,0.06829973594659285,0.0,0.0,1,1,0,0,0,0,0,0,0.9990195586929321,999019.5586929321
Y2022_LAT23.87166_LON90.37322,2022,90.37322356466466,23.871657111953418,0.8840998131983981,0.014799966574891157,0.0,0.10110022022671072,0.0,0.0,1,1,0,0,0,0,0,0,0.9990327839508056,999032.7839508057
Y2022_LAT23.87182_LON90.38304,2022,90.3830352954085,23.871824323942175,0.9894000644341946,0.0003999977636165236,0.0,0.010199937802188839,0.0,0.0,1,1,0,0,0,0,0,0,0.9990459603805542,999045.9603805542
Y2022_LAT23.87199_LON90.39285,2022,90.3928471157417,23.87199091166142,0.9547999927204882,0.0,0.0,0.045200007279511734,0.0,0.0,1,1,0,0,0,0,0,0,0.9990590876617431,999059.0876617432
Y2022_LAT23.87216_LON90.40266,2022,90.40265902563314,23.872156875146953,1.0,0.0,0.0,0.0,0.0,0.0,1,1,0,0,0,0,0,0,0.9990721655502319,999072.1655502319
Y2022_LAT23.87232_LON90.41247,2022,90.41247102454169,23.87232221436768,1.0,0.0,0.0,0.0,0.0,0.0,1,1,0,0,0,0,0,0,0.9990851946334839,999085.1946334839
Y2022_LAT23.87249_LON90.42228,2022,90.42228311222333,23.872486929276324,1.0,0.0,0.0,0.0,0.0,0.0,1,1,0,0,0,0,0,0,0.9990981738357544,999098.1738357544
Y2022_LAT23.87265_LON90.4321,2022,90.43209528818458,23.872651019865874,1.0,0.0,0.0,0.0,0.0,0.0,1,1,0,0,0,0,0,0,0.999111104347229,999111.104347229
Y2022_LAT23.87281_LON90.44191,2022,90.44190755228512,23.87281448604507,0.9333996945056328,0.024200098666925157,0.02920015253151695,0.013200054295925148,0.0,0.0,1,1,0,0,0,0,0,0,0.9991239868850708,999123.9868850708
Y2022_LAT23.87298_LON90.45172,2022,90.45171990414154,23.87297732794404,0.6163993330832407,0.012599979352654882,0.12560030702682418,0.24540038053728025,0.0,0.0,1,1,0,0,0,0,0,0,0.999136818145752,999136.818145752
Y2022_LAT23.87314_LON90.46153,2022,90.46153234339499,23.873139545423033,0.16647586960469626,0.007183783561310978,0.31525200900320105,0.5110883378307917,0.0,0.0,4,0,0,0,1,0,0,0,0.9596829937896728,959682.9937896729
Y2022_LAT23.8733_LON90.47134,2022,90.471344869614,23.87330113850247,0.2080927526902354,0.0031125042695939993,0.08136964324957438,0.7012001099589944,0.006224989831601946,0.0,4,0,0,0,1,0,0,0,0.224710787109375,224710.787109375
Y2022_LAT23.87611_LON90.11795,2022,90.11795131142644,23.876111533173482,0.9826830715882835,0.0,0.017316928411716535,0.0,0.0,0.0,1,1,0,0,0,0,0,0,0.5017347626647949,501734.7626647949
Y2022_LAT23.8763_LON90.12776,2022,90.12776126928469,23.876295044659045,0.8990997872046068,0.0,0.10020021142423916,0.0007000013711539935,0.0,0.0,1,1,0,0,0,0,0,0,0.9986874227905274,998687.4227905273
Y2022_LAT23.87648_LON90.13757,2022,90.13757132564852,23.876477932361663,0.6887998201543527,0.07470020039687397,0.2323999742605952,0.004100005188178178,0.0,0.0,1,1,0,0,0,0,0,0,0.9987018266220092,998701.8266220093
Y2022_LAT23.87666_LON90.14738,2022,90.14738148013728,23.876660196054146,0.17279949346219728,0.07160004810702743,0.7519004648023135,0.003699993628461793,0.0,0.0,3,0,0,1,0,0,0,0,0.9987161812820434,998716.1812820435
Y2022_LAT23.87684_LON90.15719,2022,90.15719173245301,23.876841835856744,0.04170012101887792,0.0001999985985672362,0.9484999193179336,0.009599961064621292,0.0,0.0,3,0,0,1,0,0,0,0,0.9987304861221313,998730.4861221313
Y2022_LAT23.87702_LON90.167,2022,90.1670020822725,23.877022851766043,0.18790019345441952,0.00010000056457587543,0.7950997522612532,0.01690005371975144,0.0,0.0,3,0,0,1,0,0,0,0,0.9987447427978515,998744.7427978516
Y2022_LAT23.8772_LON90.17681,2022,90.17681252922719,23.87720324365502,0.15080032139895763,0.00029999974846102093,0.7434000544073782,0.10549962444520312,0.0,0.0,3,0,0,1,0,0,0,0,0.998758950012207,998758.950012207
Y2022_LAT23.87738_LON90.18662,2022,90.18662307289256,23.877383011578214,0.34999914798306436,0.00030000061363815177,0.6497008514032975,0.0,0.0,0.0,3,0,0,1,0,0,0,0,0.9987731086196899,998773.1086196899
Y2022_LAT23.87756_LON90.19643,2022,90.19643371310634,23.877562155429512,0.04699993870796126,0.0014000014111856449,0.9473000605039866,0.004299999376866497,0.0,0.0,3,0,0,1,0,0,0,0,0.9987872164993287,998787.2164993286
Y2022_LAT23.87774_LON90.20624,2022,90.20624444949506,23.877740675279334,0.10630010895806032,0.0,0.8936998910419397,0.0,0.0,0.0,3,0,0,1,0,0,0,0,0.9988012771224976,998801.2771224976
Y2022_LAT23.87792_LON90.21606,2022,90.21605528152162,23.877918571034517,0.030299884494168487,0.0,0.9320003048266776,0.03769981067915393,0.0,0.0,3,0,0,1,0,0,0,0,0.9988152876358032,998815.2876358032
Y2022_LAT23.8781_LON90.22587,2022,90.22586620916908,23.87809584263195,0.22950090129206172,0.001000004152238249,0.7679990843821415,0.001500010173558495,0.0,0.0,3,0,0,1,0,0,0,0,0.9988292495346069,998829.2495346069
Y2022_LAT23.87827_LON90.23568,2022,90.235677231866,23.87827249018192,0.4929993565674669,0.023500117220665303,0.16990060222994746,0.21559946554322584,0.09800045843869448,0.0,1,1,0,0,0,0,0,1,0.9988431631622314,998843.1631622314
Y2022_LAT23.87845_LON90.24549,2022,90.24548834936337,23.87844851361341,0.26940081949703165,0.011400023927362071,0.664599386179381,0.02759994094911102,0.026999829447114286,0.0,3,0,0,1,0,0,0,0,0.9988570266036987,998857.0266036987
Y2022_LAT23.87862_LON90.2553,2022,90.25529956130038,23.87862391286281,0.8848005565190242,0.08709956618050511,0.022799869412451764,0.004400012591946596,0.0008999952960724851,0.0,1,1,0,0,0,0,0,0,0.998870839920044,998870.839920044
Y2022_LAT23.8788_LON90.26511,2022,90.26511086739242,23.878798687852132,0.47589910166468635,0.4799009909638645,0.033099922076470285,0.011099985294978866,0.0,0.0,2,0,1,0,0,0,0,1,0.9988846053848267,998884.6053848267
Y2022_LAT23.87897_LON90.27492,2022,90.27492226729622,23.878972838677736,0.21099968688956583,0.42919977974143436,0.3598005333689998,0.0,0.0,0.0,2,0,1,0,0,0,0,1,0.9988983231964111,998898.3231964111
Y2022_LAT23.87915_LON90.28473,2022,90.28473376062148,23.87914636523858,0.3861006772269428,0.05919970126288604,0.5546996215101712,0.0,0.0,0.0,3,0,0,1,0,0,0,0,0.9989119898910522,998911.9898910522
Y2022_LAT23.87932_LON90.29455,2022,90.2945453470586,23.879319267580957,1.0,0.0,0.0,0.0,0.0,0.0,1,1,0,0,0,0,0,0,0.9989256082839966,998925.6082839966
Y2022_LAT23.87949_LON90.30436,2022,90.30435702627162,23.87949154556289,0.9997999998486462,0.00020000015135379677,0.0,0.0,0.0,0.0,1,1,0,0,0,0,0,0,0.998939177810669,998939.177810669
Y2022_LAT23.87966_LON90.31417,2022,90.3141687979401,23.87966319926252,0.77189917746193,0.21200073131528593,0.016100091222783965,0.0,0.0,0.0,1,1,0,0,0,0,0,0,0.998952697265625,998952.697265625
Y2022_LAT23.87983_LON90.32398,2022,90.32398066170884,23.879834228654786,0.6829991053570267,0.10350016321192361,0.20870073331408776,0.004799998116961948,0.0,0.0,1,1,0,0,0,0,0,0,0.9989661686553956,998966.1686553955
Y2022_LAT23.88_LON90.33379,2022,90.33379261725966,23.880004633649552,0.855699864725623,0.028500003456186338,0.03429979911883025,0.08150033269936058,0.0,0.0,1,1,0,0,0,0,0,0,0.9989795902862549,998979.5902862549
Y2022_LAT23.88017_LON90.3436,2022,90.3436046642828,23.880174414292746,0.4149990230716732,0.00030000134030848705,0.020800061241787793,0.5431009251527064,0.019899991305178277,0.0008999978883458879,4,0,0,0,1,0,0,0,0.9989929580688477,998992.9580688477
Y2022_LAT23.88034_LON90.35342,2022,90.35341680239053,23.880343570500127,0.3271505679672124,0.0022167891871991505,0.0007000392618889129,0.455838175244648,0.21409442833905154,0.0,4,0,0,0,1,0,0,1,0.856248426498413,856248.4264984131
Y2022_LAT23.88051_LON90.36323,2022,90.3632290312946,23.880512102303292,0.9289001088644055,0.00480001319510252,0.03880002813226337,0.025699859609748216,0.0017999901984804192,0.0,1,1,0,0,0,0,0,0,0.9990195611114502,999019.5611114502
Y2022_LAT23.88068_LON90.37304,2022,90.37304135059024,23.880680009676105,0.9681000723392799,0.0,0.0,0.031899927660720195,0.0,0.0,1,1,0,0,0,0,0,0,0.9990327866134644,999032.7866134644
Y2022_LAT23.88085_LON90.38285,2022,90.38285375999334,23.880847292551543,1.0,0.0,0.0,0.0,0.0,0.0,1,1,0,0,0,0,0,0,0.9990459630889893,999045.9630889893
Y2022_LAT23.88101_LON90.39267,2022,90.39266625919572,23.881013950935998,0.9207411632384144,0.006440602451300176,0.0,0.07281823431028543,0.0,0.0,1,1,0,0,0,0,0,0,0.7600832523422241,760083.2523422241
Y2022_LAT23.88118_LON90.40248,2022,90.40247884781476,23.881179984723175,0.9857250915167608,0.0,0.0,0.014274908483239179,0.0,0.0,1,1,0,0,0,0,0,0,0.524912664932251,524912.664932251
Y2022_LAT23.88135_LON90.41229,2022,90.41229152550925,23.88134539401079,0.9638295347027277,0.0034960429016594216,0.0,0.03267442239561293,0.0,0.0,1,1,0,0,0,0,0,0,0.7430201359024048,743020.1359024048
Y2022_LAT23.88151_LON90.4221,2022,90.42210429197655,23.881510178808302,0.9919999778335254,0.006200015977448974,0.0,0.0018000061890256127,0.0,0.0,1,1,0,0,0,0,0,0,0.9990981781158448,999098.1781158447
Y2022_LAT23.88167_LON90.43192,2022,90.43191714687842,23.88167433892366,1.0,0.0,0.0,0.0,0.0,0.0,1,1,0,0,0,0,0,0,0.999111107849121,999111.1078491211
Y2022_LAT23.88184_LON90.44173,2022,90.44173008984653,23.881837874471696,0.957099947588155,0.010600009723511189,0.0,0.03230004268833386,0.0,0.0,1,1,0,0,0,0,0,0,0.9991239890594482,999123.9890594482
Y2022_LAT23.882_LON90.45154,2022,90.45154312062475,23.88200078537362,0.6012994951587576,0.03759980046364699,0.2002005148755653,0.1609001895020301,0.0,0.0,1,1,0,0,0,0,0,0,0.9991368210678101,999136.8210678101
Y2022_LAT23.88216_LON90.46136,2022,90.46135623874355,23.882163071670725,0.36475565449519776,0.015549076991632422,0.243763908649683,0.3759313598634868,0.0,0.0,4,0,0,0,1,0,0,1,0.6168735284347534,616873.5284347534
Y2022_LAT23.88495_LON90.10794,2022,90.1079408244057,23.884948269171346,0.5240641903874602,0.0,0.47593580961253984,0.0,0.0,0.0,1,1,0,0,0,0,0,0,0.01867504242706299,18675.04242706299
Y2022_LAT23.88513_LON90.11775,2022,90.11775136173655,23.885132482546023,0.8141840429813832,0.02209078578281541,0.018602654375458345,0.14026042414739287,0.004862092712950098,0.0,1,1,0,0,0,0,0,0,0.9448448193359374,944844.8193359375
Y2022_LAT23.88532_LON90.12756,2022,90.12756199790492,23.88531607182513,0.7214991964681632,0.020699922090248717,0.18750073563430572,0.07010014710350285,0.00019999870377957255,0.0,1,1,0,0,0,0,0,0,0.998687426574707,998687.426574707
Y2022_LAT23.8855_LON90.13737,2022,90.13737273264519,23.885499036955927,0.029399893638416805,0.0,0.8863004955217341,0.08429961083984912,0.0,0.0,3,0,0,1,0,0,0,0,0.9987018291778564,998701.8291778564
Y2022_LAT23.88568_LON90.14718,2022,90.14718356552991,23.885681377975942,0.2592009991180345,0.0,0.7406990012927781,9.999958918740576e-05,0.0,0.0,3,0,0,1,0,0,0,0,0.9987161847610474,998716.1847610474
Y2022_LAT23.88586_LON90.15699,2022,90.15699449619838,23.88586309480321,0.373999504159649,0.00509997775594062,0.6151005358130328,0.005799982271377605,0.0,0.0,3,0,0,1,0,0,0,0,0.9987304895019531,998730.4895019531
Y2022_LAT23.88604_LON90.16681,2022,90.16680552444365,23.886044187363694,0.24969967208438473,0.002500004894296663,0.746100322824569,0.0017000001967496564,0.0,0.0,3,0,0,1,0,0,0,0,0.9987447457885742,998744.7457885742
Y2022_LAT23.88622_LON90.17662,2022,90.17661664984978,23.886224655768682,0.17190087706310647,0.0,0.8197990790752347,0.008200043657903203,0.00010000020375552556,0.0,3,0,0,1,0,0,0,0,0.9987589513015747,998758.9513015747
Y2022_LAT23.8864_LON90.18643,2022,90.18642787196937,23.88640449980139,0.5708988567705524,0.0,0.4291011432294476,0.0,0.0,0.0,1,1,0,0,0,0,0,0,0.9987731115264893,998773.1115264893
Y2022_LAT23.88658_LON90.19624,2022,90.19623919080364,23.886583719668685,0.547600519040973,0.0009000058929936209,0.4514994750660335,0.0,0.0,0.0,1,1,0,0,0,0,0,0,0.9987872189865112,998787.2189865112
Y2022_LAT23.88676_LON90.20605,2022,90.20605060561063,23.886762315116666,0.19899979400144027,0.0,0.7876001684530053,0.01340003754555441,0.0,0.0,3,0,0,1,0,0,0,0,0.9988012796249389,998801.279624939
Y2022_LAT23.88694_LON90.21586,2022,90.21586211628791,23.886940286283938,0.1020003430676437,0.002700010862757031,0.8864996626856896,0.008799983383909776,0.0,0.0,3,0,0,1,0,0,0,0,0.9988152931594849,998815.2931594849
Y2022_LAT23.88712_LON90.22567,2022,90.22567372246279,23.887117633117875,0.46980033035543656,0.00669997577074407,0.44339926205094965,0.08010043182286974,0.0,0.0,1,1,0,0,0,0,0,1,0.9988292523956299,998829.2523956299
Y2022_LAT23.88729_LON90.23549,2022,90.2354854238705,23.887294355538742,0.5029999325315846,0.007500024350870439,0.30740036010559335,0.18209968301195162,0.0,0.0,1,1,0,0,0,0,0,0,0.9988431650543212,998843.1650543213
Y2022_LAT23.88747_LON90.2453,2022,90.24529721996404,23.887470453492192,0.5666993755281691,0.225500758349819,0.17669975239293542,0.03110011372907651,0.0,0.0,1,1,0,0,0,0,0,0,0.9988570294494629,998857.0294494629
Y2022_LAT23.88765_LON90.25511,2022,90.25510911064741,23.887645927057292,0.7593005469377206,0.20199937279962032,0.017800049787664907,0.02090003047499408,0.0,0.0,1,1,0,0,0,0,0,0,0.9988708434371948,998870.8434371948
Y2022_LAT23.88782_LON90.26492,2022,90.26492109546471,23.887820776209647,0.7761992987395971,0.15900046196796655,0.00039999941020946064,0.06440023988222696,0.0,0.0,1,1,0,0,0,0,0,0,0.9988846057662963,998884.6057662964
Y2022_LAT23.888_LON90.27473,2022,90.27473317411365,23.88799500083301,0.2798991812618295,0.33639985949629714,0.3474007890720836,0.03630017016978979,0.0,0.0,3,0,0,1,0,0,0,1,0.9988983257446289,998898.3257446289
Y2022_LAT23.88817_LON90.28455,2022,90.28454534613876,23.888168600941068,0.12400040282905829,0.0014999969817052414,0.8730996095828842,0.0013999906063522193,0.0,0.0,3,0,0,1,0,0,0,0,0.9989119933242798,998911.9933242798
Y2022_LAT23.88834_LON90.29436,2022,90.2943576114211,23.888341576523093,0.9258004262947158,0.0,0.07419957370528418,0.0,0.0,0.0,1,1,0,0,0,0,0,0,0.9989256113128662,998925.6113128662
Y2022_LAT23.88851_LON90.30417,2022,90.30416996947874,23.888513927549504,1.0,0.0,0.0,0.0,0.0,0.0,1,1,0,0,0,0,0,0,0.9989391795883179,998939.1795883179
Y2022_LAT23.88869_LON90.31398,2022,90.31398242003155,23.888685654084437,0.9809999546381768,0.019000045361823197,0.0,0.0,0.0,0.0,1,1,0,0,0,0,0,0,0.9989527007904053,998952.7007904053
Y2022_LAT23.88886_LON90.32379,2022,90.32379496267446,23.888856755916844,0.9803998892127752,0.011600068993040204,0.008000041794184566,0.0,0.0,0.0,1,1,0,0,0,0,0,0,0.9989661718521118,998966.1718521118
Y2022_LAT23.88903_LON90.33361,2022,90.3336075971591,23.88902723312417,0.3527986156059209,0.04679993169456454,0.18300016906507813,0.3903012583139657,0.02710002532047068,0.0,4,0,0,0,1,0,0,1,0.9989795925750733,998979.5925750732
Y2022_LAT23.8892_LON90.34342,2022,90.34342032310458,23.8891970857695,0.0,0.0,0.004199999865171841,0.9699998908351964,0.025800109299631776,0.0,4,0,0,0,1,0,0,0,0.998992962890625,998992.962890625
Y2022_LAT23.88937_LON90.35323,2022,90.35323314018162,23.889366313710504,0.0,0.0,0.21091459498807064,0.32721192453584896,0.4618734804760804,0.0,5,0,0,0,0,1,0,1,0.3917101365890503,391710.1365890503
Y2022_LAT23.88953_LON90.36305,2022,90.36304604804593,23.889534916892327,0.7834893018691764,0.013384318403233564,0.09650203993909995,0.06995828026597942,0.036666059522510626,0.0,1,1,0,0,0,0,0,0,0.8882287384490967,888228.7384490967
Y2022_LAT23.8897_LON90.37286,2022,90.37285904640676,23.889702895410892,0.9583002248413588,0.008599950192189452,0.0,0.03309982496645177,0.0,0.0,1,1,0,0,0,0,0,0,0.9990327898025513,999032.7898025513
Y2022_LAT23.88987_LON90.38267,2022,90.38267213493529,23.88987024918704,1.0,0.0,0.0,0.0,0.0,0.0,1,1,0,0,0,0,0,0,0.9464959260177612,946495.9260177612
Y2022_LAT23.89004_LON90.39249,2022,90.39248531317736,23.890036978215416,0.8487773904097284,0.0,0.0,0.1512226095902716,0.0,0.0,1,1,0,0,0,0,0,0,0.3514677157211304,351467.7157211304
Y2022_LAT23.89037_LON90.41211,2022,90.41211193769273,23.890368561872727,0.0,0.0,0.0,1.0,0.0,0.0,4,0,0,0,1,0,0,0,0.002497728385925293,2497.728385925293
Y2022_LAT23.89053_LON90.42193,2022,90.42192538342933,23.890533416443915,0.44424159344685005,0.4069473497172663,0.0003656322320710716,0.14661727257347032,0.0018281520303422367,0.0,1,1,0,0,0,0,0,1,0.27325393497467043,273253.9349746704
Y2022_LAT23.8907_LON90.43174,2022,90.4317389174173,23.89069764620837,0.8977584926641289,0.06437020233161835,0.018328413060153457,0.01954289194409942,0.0,0.0,1,1,0,0,0,0,0,0,0.9048953443069458,904895.3443069458
Y2022_LAT23.89086_LON90.44155,2022,90.44155253969976,23.890861251127227,0.6518003030204731,0.05950004515351128,0.031200000898877027,0.2486996593744373,0.008799991552701421,0.0,1,1,0,0,0,0,0,0,0.9991239922561646,999123.9922561646
Y2022_LAT23.89102_LON90.45137,2022,90.45136624966206,23.891024231067785,0.4137007356231689,0.09719968981627476,0.3817994288454528,0.1072001450826782,0.00010000063242531946,0.0,1,1,0,0,0,0,0,1,0.9991368239059448,999136.8239059448
Y2022_LAT23.89119_LON90.46118,2022,90.46118004702986,23.891186586033598,0.060427354912481794,0.0,0.4411720160911559,0.49520252404305526,0.003198104953307013,0.0,4,0,0,0,1,0,0,1,0.5935932569046021,593593.256904602
Y2022_LAT23.89397_LON90.10774,2022,90.10774009725942,23.893969128205097,0.5639855060751522,0.03640727490784924,0.3187264378870899,0.08088078112990874,0.0,0.0,1,1,0,0,0,0,0,0,0.4580860647506714,458086.0647506714
Y2022_LAT23.89415_LON90.11755,2022,90.11755131324067,23.894153419720762,0.4464002192099642,0.030999939373817027,0.31729903332218373,0.20410079963111388,0.0012000084629211708,0.0,1,1,0,0,0,0,0,1,0.9986729763031006,998672.9763031006
Y2022_LAT23.89434_LON90.12736,2022,90.12736262809105,23.894337086837012,0.5387995792589051,0.0008999970286010519,0.40760057850145004,0.05189985090296305,0.0007999943080807159,0.0,1,1,0,0,0,0,0,0,0.9986874301147461,998687.4301147461
Y2022_LAT23.89452_LON90.13717,2022,90.13717404147403,23.894520129493834,0.37659967673230066,0.005099973730303363,0.5596005086449805,0.05869984089241567,0.0,0.0,3,0,0,1,0,0,0,0,0.9987018327178955,998701.8327178955
Y2022_LAT23.8947_LON90.14699,2022,90.14698555298556,23.894702547736294,0.4087002044772513,0.013000034240086713,0.5089000963664037,0.06939966491625832,0.0,0.0,3,0,0,1,0,0,0,0,0.9987161870193482,998716.1870193481
Y2022_LAT23.89488_LON90.1568,2022,90.15679716250132,23.894884341569774,0.37410002979110296,0.0278999410444158,0.5980000291644813,0.0,0.0,0.0,3,0,0,1,0,0,0,0,0.9987304916152954,998730.4916152954
Y2022_LAT23.89507_LON90.16661,2022,90.16660886945022,23.895065510912552,0.08230011590745583,0.008100001067502091,0.9095998830250421,0.0,0.0,0.0,3,0,0,1,0,0,0,0,0.9987447491455078,998744.7491455078
Y2022_LAT23.89525_LON90.17642,2022,90.17642067357016,23.895246055750324,0.30820032051922164,0.08240031385103251,0.6093993656297458,0.0,0.0,0.0,3,0,0,1,0,0,0,0,0.9987589559249878,998758.9559249878
Y2022_LAT23.89543_LON90.18623,2022,90.1862325746454,23.8954259761038,0.38869920174876865,0.042299804283646214,0.5689009938297886,0.00010000013779647144,0.0,0.0,3,0,0,1,0,0,0,0,0.9987731140823364,998773.1140823364
Y2022_LAT23.89561_LON90.19604,2022,90.19604457221276,23.895605271762815,0.19699985287529673,0.0,0.8030001471247032,0.0,0.0,0.0,3,0,0,1,0,0,0,0,0.998787222946167,998787.222946167
Y2022_LAT23.89578_LON90.20586,2022,90.20585666596777,23.895783942944398,0.29570009971593014,0.0,0.7042999002840699,0.0,0.0,0.0,3,0,0,1,0,0,0,0,0.998801282836914,998801.2828369141
Y2022_LAT23.89596_LON90.21567,2022,90.21566885557635,23.895961989555126,0.7007002901136926,0.0,0.29929970988630733,0.0,0.0,0.0,1,1,0,0,0,0,0,0,0.9988152952728272,998815.2952728271
Y2022_LAT23.89614_LON90.22548,2022,90.22548114066961,23.896139411474614,0.5800005459350186,0.0,0.3451990893817347,0.07260036086322431,0.002200003820022504,0.0,1,1,0,0,0,0,0,0,0.9988292551498413,998829.2551498413
Y2022_LAT23.89632_LON90.23529,2022,90.23529352093622,23.896316208777705,0.7210998331705433,0.005700035783342468,0.10810058100171469,0.16509955004439958,0.0,0.0,1,1,0,0,0,0,0,0,0.9988431686019897,998843.1686019897
Y2022_LAT23.89649_LON90.24511,2022,90.24510599617967,23.8964923814273,0.5710998345175347,0.11090015742354109,0.1474996615975845,0.1705003464613397,0.0,0.0,1,1,0,0,0,0,0,0,0.9988570328216553,998857.0328216553
Y2022_LAT23.89667_LON90.25492,2022,90.25491856583866,23.896667929349793,0.44910098196622306,0.2595994601622482,0.09939958139197883,0.1918999764795499,0.0,0.0,1,1,0,0,0,0,0,1,0.9988708466033935,998870.8466033936
Y2022_LAT23.89684_LON90.26473,2022,90.26473122968088,23.896842852513508,0.7741998960167485,0.11130004330363934,0.07189988736429229,0.04240017220640774,0.0002000011089120363,0.0,1,1,0,0,0,0,0,0,0.9988846136016846,998884.6136016846
Y2022_LAT23.89702_LON90.27454,2022,90.27454398737359,23.897017150956458,0.29419886406586704,0.09829976036310895,0.5977014105114059,0.009799965059618108,0.0,0.0,3,0,0,1,0,0,0,0,0.9988983276214599,998898.32762146
Y2022_LAT23.89719_LON90.28436,2022,90.28435683861467,23.897190824658555,0.013300072553590704,0.0,0.9791999543575552,0.007499973088854109,0.0,0.0,3,0,0,1,0,0,0,0,0.9989119959106445,998911.9959106445
Y2022_LAT23.89736_LON90.29417,2022,90.29416978297067,23.89736387356079,0.9734001661117705,0.0,0.0265998338882295,0.0,0.0,0.0,1,1,0,0,0,0,0,0,0.9989256138076782,998925.6138076782
Y2022_LAT23.89754_LON90.30398,2022,90.30398282021284,23.897536297686035,0.8247992856723139,0.17520071432768616,0.0,0.0,0.0,0.0,1,1,0,0,0,0,0,0,0.9989391837692261,998939.1837692261
Y2022_LAT23.89771_LON90.3138,2022,90.31379594996622,23.897708096862914,0.7260011032658441,0.27399889673415584,0.0,0.0,0.0,0.0,1,1,0,0,0,0,0,0,0.9989527031784058,998952.7031784058
Y2022_LAT23.89788_LON90.32361,2022,90.32360917178374,23.897879271231613,1.0,0.0,0.0,0.0,0.0,0.0,1,1,0,0,0,0,0,0,0.9989661745147705,998966.1745147705
Y2022_LAT23.89805_LON90.33342,2022,90.33342248558723,23.89804982073345,0.4607987861729278,0.019800012473545032,0.12150060773186157,0.3528004930573726,0.04460010360168283,0.0004999969626103175,1,1,0,0,0,0,0,1,0.998979594581604,998979.594581604
Y2022_LAT23.89822_LON90.34324,2022,90.34323589076368,23.89821974529185,0.022719568180080533,0.0004454812985761081,0.6871592249200326,0.2744179635459909,0.015257762055319873,0.0,3,0,0,1,0,0,0,0,0.8969952746124268,896995.2746124268
Y2022_LAT23.89839_LON90.35305,2022,90.35304938721862,23.898389044927477,0.0,0.0,0.5898876100980057,0.4073033989758436,0.002808990926150637,0.0,3,0,0,1,0,0,0,0,0.0355644084777832,35564.4084777832
Y2022_LAT23.89856_LON90.36286,2022,90.36286297439925,23.898557719634137,0.1500001189915009,0.0,0.0,0.8499998810084991,0.0,0.0,4,0,0,0,1,0,0,0,0.007992201301574707,7992.201301574707
Y2022_LAT23.89873_LON90.37268,2022,90.37267665208984,23.898725769381308,0.7279907849585444,0.0011286740521929538,0.0,0.2708805409892627,0.0,0.0,1,1,0,0,0,0,0,0,0.1770288427734375,177028.8427734375
Y2022_LAT23.89889_LON90.38249,2022,90.38249041997798,23.898893194068872,0.8382672027507243,0.013431959448419552,0.0,0.14830083780085615,0.0,0.0,1,1,0,0,0,0,0,0,0.36445165724182127,364451.6572418213
Y2022_LAT23.89972_LON90.43156,2022,90.43156059992621,23.899720941693886,0.813283563176323,0.0025062621197529194,0.0902253950682463,0.09398477963567778,0.0,0.0,1,1,0,0,0,0,0,0,0.07972941591644288,79729.41591644287
Y2022_LAT23.89988_LON90.44137,2022,90.44137490170039,23.89988461582515,0.46411468712214204,0.022885474660900535,0.08769725374720684,0.42402100214269206,0.0012815823270585084,0.0,1,1,0,0,0,0,0,1,0.5457212988891602,545721.2988891602
Y2022_LAT23.90005_LON90.45119,2022,90.45118929121746,23.900047664867294,0.013861347358999711,0.003960385406137846,0.30297058869847243,0.6792076785363901,0.0,0.0,4,0,0,0,1,0,0,0,0.15136885875701905,151368.85875701904
Y2022_LAT23.90021_LON90.461,2022,90.46100376822567,23.900210088743844,0.0,0.0,0.6081426869900112,0.3918573130099889,0.0,0.0,3,0,0,1,0,0,0,0,0.0392664382019043,39266.4382019043
Y2022_LAT23.90262_LON90.08792,2022,90.0879157791817,23.902619362338964,0.4578312668797538,0.04819276934322728,0.49397596377701897,0.0,0.0,0.0,3,0,0,1,0,0,0,1,0.016577361328125,16577.361328125
Y2022_LAT23.9028_LON90.09773,2022,90.09772747523351,23.902804981100473,0.43413238335786525,0.030935438851656005,0.46358802054634307,0.07134415724413566,0.0,0.0,3,0,0,1,0,0,0,1,0.6746843717803955,674684.3717803955
Y2022_LAT23.90299_LON90.10754,2022,90.10753927088368,23.902989975253977,0.6021179772962396,0.006959162756187716,0.21401870800122264,0.11255688351962484,0.0643472684267252,0.0,1,1,0,0,0,0,0,0,0.9901699400253295,990169.9400253296
Y2022_LAT23.90317_LON90.11735,2022,90.117351165922,23.90317434474127,0.6116999839023249,0.05110009613111171,0.24280019698474545,0.0411999451155981,0.051899783613825565,0.0012999942523940237,1,1,0,0,0,0,0,0,0.9986729803848267,998672.9803848267
Y2022_LAT23.90336_LON90.12716,2022,90.12716315965166,23.903358089657306,0.46220010199408224,0.016399961114383587,0.5138999690355854,0.005399981356513663,0.002099986499435054,0.0,3,0,0,1,0,0,0,0,0.998687432510376,998687.432510376
Y2022_LAT23.90354_LON90.13698,2022,90.1369752521041,23.903541209896854,0.3453006797090762,0.001200007468145197,0.6480993089559653,0.005400003866813277,0.0,0.0,3,0,0,1,0,0,0,0,0.9987018356704712,998701.8356704712
Y2022_LAT23.90372_LON90.14679,2022,90.1467874426553,23.903723705491075,0.5230987912407661,0.00410000363436783,0.386700992313523,0.053000048160270666,0.03310016465107244,0.0,1,1,0,0,0,0,0,0,0.998716191078186,998716.191078186
Y2022_LAT23.90391_LON90.1566,2022,90.15659973118292,23.903905576283538,0.6320011319351652,0.0321999018616694,0.2252993808771902,0.024299939439734557,0.08619964588624064,0.0,1,1,0,0,0,0,0,0,0.9987304959640503,998730.4959640503
Y2022_LAT23.90409_LON90.16641,2022,90.16641211728204,23.904086822344457,0.432399417008005,0.02750016598267561,0.5401004170093193,0.0,0.0,0.0,3,0,0,1,0,0,0,0,0.9987447528152466,998744.7528152466
Y2022_LAT23.90427_LON90.17622,2022,90.17622460057586,23.904267443610873,0.4446001373714249,0.03529984829255921,0.49910003950425175,0.020999974831764176,0.0,0.0,3,0,0,1,0,0,0,1,0.9987589600906372,998758.9600906372
Y2022_LAT23.90445_LON90.18604,2022,90.1860371806879,23.904447440139403,0.9467998197889089,0.0005000024899972251,0.05270017772109389,0.0,0.0,0.0,1,1,0,0,0,0,0,0,0.9987731175460816,998773.1175460815
Y2022_LAT23.90463_LON90.19585,2022,90.19584985746877,23.90462681183442,0.5248984488355639,0.08860020169167528,0.38620134919603444,0.00030000027672644533,0.0,0.0,1,1,0,0,0,0,0,0,0.9987872256698609,998787.2256698608
Y2022_LAT23.90481_LON90.20566,2022,90.20566263040952,23.904805558711846,0.607899843646291,0.029299956386655942,0.3480001604195921,0.014800039547461013,0.0,0.0,1,1,0,0,0,0,0,0,0.9988012863616943,998801.2863616943
Y2022_LAT23.90498_LON90.21548,2022,90.21547549931775,23.90498368072012,0.951200307393284,0.009999936547447099,0.037899761502118434,0.000899994557150464,0.0,0.0,1,1,0,0,0,0,0,0,0.9988152954101562,998815.2954101562
Y2022_LAT23.90516_LON90.22529,2022,90.22528846370547,23.905161177852765,0.9040997794259621,0.004200003674118032,0.0,0.09170021689991992,0.0,0.0,1,1,0,0,0,0,0,0,0.9988292584915162,998829.2584915161
Y2022_LAT23.90534_LON90.2351,2022,90.23510152327206,23.905338050015168,0.7621995419045333,0.07300038451437432,0.008500050277450252,0.1552000162643595,0.0011000070392826154,0.0,1,1,0,0,0,0,0,0,0.9988431716537476,998843.1716537476
Y2022_LAT23.90551_LON90.24491,2022,90.24491467776171,23.905514297304098,0.7513011409107745,0.1214993838058096,0.014999909641558435,0.11219956564185748,0.0,0.0,1,1,0,0,0,0,0,0,0.9988570357894897,998857.0357894897
Y2022_LAT23.90569_LON90.25473,2022,90.25472792682538,23.90568991954032,0.9063999714221073,0.04360000206823805,0.008200013496066418,0.04150001357881289,0.0002999994347751367,0.0,1,1,0,0,0,0,0,0,0.9988708496475219,998870.849647522
Y2022_LAT23.90586_LON90.26454,2022,90.26454127009222,23.90586491690071,0.5889007893837637,0.22919952411033875,0.10369982611193516,0.07809986027527228,0.0,0.00010000011869012413,1,1,0,0,0,0,0,0,0.9988846176452637,998884.6176452637
Y2022_LAT23.90604_LON90.27435,2022,90.27435470717882,23.906039289197267,0.46039849136234867,0.0024999971200686927,0.5005015646165081,0.03659994690107438,0.0,0.0,3,0,0,1,0,0,0,0,0.9988983308792114,998898.3308792114
Y2022_LAT23.90621_LON90.28417,2022,90.28416823786657,23.906213036451277,0.6752007006168493,0.02929992182708617,0.29309938616780223,0.002399991388262258,0.0,0.0,1,1,0,0,0,0,0,0,0.9989119991607666,998911.9991607666
Y2022_LAT23.90639_LON90.29398,2022,90.29398186171044,23.9063861586221,1.0,0.0,0.0,0.0,0.0,0.0,1,1,0,0,0,0,0,0,0.9989256173553467,998925.6173553467
Y2022_LAT23.90656_LON90.3038,2022,90.30379557837136,23.906558655724737,0.922999634945952,0.0764003610540863,0.0,0.000600003999961595,0.0,0.0,1,1,0,0,0,0,0,0,0.9989391870269776,998939.1870269775
Y2022_LAT23.90673_LON90.31361,2022,90.31360938772924,23.906730527740624,0.8339002803407266,0.10369955085399345,0.00019999943619083721,0.06220016936908909,0.0,0.0,1,1,0,0,0,0,0,0,0.9989527062301635,998952.7062301636
Y2022_LAT23.9069_LON90.32342,2022,90.32342328917473,23.90690177465683,0.7724990288237614,0.09040036248439427,0.02030006991835634,0.0684003181519871,0.048400220621500886,0.0,1,1,0,0,0,0,0,0,0.9989661772537232,998966.1772537231
Y2022_LAT23.90707_LON90.33324,2022,90.333237282474,23.90707239642108,0.04329976167885565,0.07809971601227753,0.011899997792902444,0.6879999926368348,0.17860053226394076,9.999961518885037e-05,4,0,0,0,1,0,0,0,0.9989795979690552,998979.5979690552
Y2022_LAT23.90724_LON90.34305,2022,90.34305136728841,23.907242392934382,0.0,0.001177295262869746,0.37544219474519264,0.22168641014293777,0.40169409984899984,0.0,5,0,0,0,0,1,0,1,0.8485438510589599,848543.85105896
Y2022_LAT23.90741_LON90.35287,2022,90.35286554337758,23.90741176433192,0.0,0.0,0.7368421381595166,0.2631578618404834,0.0,0.0,3,0,0,1,0,0,0,0,0.003796199546813965,3796.199546813965
Y2022_LAT23.91127_LON90.06809,2022,90.06808904464485,23.911266771038225,0.9522045175779543,0.00029686664029888787,0.02404614619698298,0.023452469584763828,0.0,0.0,1,1,0,0,0,0,0,0,0.6727576366119384,672757.6366119385
Y2022_LAT23.91145_LON90.0779,2022,90.07790121976794,23.911453717955496,0.7565814269397556,0.04969722814969437,0.16570509651368578,0.028016248396864393,0.0,0.0,1,1,0,0,0,0,0,0,0.7093154868545533,709315.4868545532
Y2022_LAT23.91164_LON90.08771,2022,90.08771349513708,23.911640040153838,0.7157152664550881,0.10397397637299151,0.1580520169238082,0.0222587402481122,0.0,0.0,1,1,0,0,0,0,0,0,0.6684832994537353,668483.2994537354
Y2022_LAT23.91183_LON90.09753,2022,90.09752587049503,23.911825737522538,0.7042994182914875,0.051799893885804686,0.16270043444443552,0.0812002533782722,0.0,0.0,1,1,0,0,0,0,0,0,0.9986439320831298,998643.9320831299
Y2022_LAT23.91201_LON90.10734,2022,90.10733834536826,23.912010810066647,0.5060994504417569,0.0011999915458210508,0.4768005826461439,0.015099972430717824,0.0008000029355604187,0.0,1,1,0,0,0,0,0,0,0.9986584829940796,998658.4829940796
Y2022_LAT23.9122_LON90.11715,2022,90.11715091963796,23.91219525767759,0.11169966103285953,0.0036000051550555637,0.3348990518090471,0.016500046677080247,0.5333012353259575,0.0,5,0,0,0,0,1,0,0,0.998672983833313,998672.983833313
Y2022_LAT23.91238_LON90.12696,2022,90.12696359272061,23.912379080422376,0.32220093342703854,0.012000038576237979,0.19770031106423844,0.31279904648941825,0.1552996704430668,0.0,1,1,0,0,0,0,0,1,0.9986874372940063,998687.4372940063
Y2022_LAT23.91256_LON90.13678,2022,90.13677636446604,23.91256227816318,0.4850002244876263,0.012900000949133282,0.4983997582645026,0.003700016298737887,0.0,0.0,3,0,0,1,0,0,0,1,0.9987018388595581,998701.8388595581
Y2022_LAT23.91274_LON90.14659,2022,90.14658923438279,23.912744850967222,0.3853013400913998,0.00040000158423294363,0.5344989445331045,0.07979971379126269,0.0,0.0,3,0,0,1,0,0,0,0,0.9987161944961548,998716.1944961548
Y2022_LAT23.91293_LON90.1564,2022,90.15640220232353,23.912926798802285,0.7973005152326442,0.0,0.1676996327176681,0.0,0.03499985204968767,0.0,1,1,0,0,0,0,0,0,0.9987304993820191,998730.499382019
Y2022_LAT23.91311_LON90.16622,2022,90.16621526782451,23.91310812164641,0.5786997137211816,0.016600041262283143,0.3777002154283544,0.02680002826299772,0.0,0.0002000013251833263,1,1,0,0,0,0,0,0,0.9987447556915283,998744.7556915283
Y2022_LAT23.91329_LON90.17603,2022,90.17602843061668,23.91328881945634,0.4337001017760776,0.00029999958454757903,0.5615999181974667,0.001899995510008498,0.0,0.00249998493189958,3,0,0,1,0,0,0,0,0.998758961654663,998758.9616546631
Y2022_LAT23.91347_LON90.18584,2022,90.18584169027079,23.91346889219602,0.8355004755092309,9.999957186929705e-05,0.16439952491889978,0.0,0.0,0.0,1,1,0,0,0,0,0,0,0.9987731206588745,998773.1206588745
Y2022_LAT23.91365_LON90.19566,2022,90.19565504647575,23.913648339915518,0.7298997803724001,0.00600000610788659,0.25830022284232457,0.005799990677388574,0.0,0.0,1,1,0,0,0,0,0,0,0.9987872294082641,998787.2294082642
Y2022_LAT23.91383_LON90.20547,2022,90.20546849904862,23.91382716245591,0.5358007977327963,0.0,0.43139901695972827,0.03280018530747545,0.0,0.0,1,1,0,0,0,0,0,0,0.9988012896499634,998801.2896499634
Y2022_LAT23.91401_LON90.21528,2022,90.21528204750622,23.914005359878427,0.9098000027498092,0.008299950437697717,0.0,0.08190004681249308,0.0,0.0,1,1,0,0,0,0,0,0,0.9988152998352051,998815.2998352051
Y2022_LAT23.91418_LON90.2251,2022,90.2250956914889,23.914182932130917,0.7601999190040168,0.010799967185578872,0.0044000009278654635,0.22460011288253895,0.0,0.0,1,1,0,0,0,0,0,0,0.9988292616500855,998829.2616500854
Y2022_LAT23.91436_LON90.23491,2022,90.23490943068923,23.91435987920369,0.912000137404192,0.026499954096819454,0.007099990510292055,0.05439991798869658,0.0,0.0,1,1,0,0,0,0,0,0,0.9988431746749878,998843.1746749878
Y2022_LAT23.91454_LON90.24472,2022,90.24472326485738,23.914536201057746,0.6922996547203204,0.05969977754087087,0.11660041190441996,0.13140015583438874,0.0,0.0,1,1,0,0,0,0,0,0,0.9988570379562378,998857.0379562378
Y2022_LAT23.91471_LON90.25454,2022,90.25453719364454,23.914711897814605,0.680500299161864,0.2069999690754332,0.024199851110104056,0.08249989107436412,0.0057999895782347355,0.0,1,1,0,0,0,0,0,0,0.9988708528442383,998870.8528442383
Y2022_LAT23.91489_LON90.26435,2022,90.26435121660649,23.91488696920912,0.9287999462801027,0.0401000124564894,0.015400090130808165,0.015699951132599813,0.0,0.0,1,1,0,0,0,0,0,0,0.9988846194534302,998884.6194534302
Y2022_LAT23.91506_LON90.27417,2022,90.27416533338909,23.915061415381363,0.5524991845743528,0.021800066408594023,0.38740087356960506,0.03829987544744813,0.0,0.0,1,1,0,0,0,0,0,0,0.9988983344268799,998898.3344268799
Y2022_LAT23.91524_LON90.28398,2022,90.2839795439219,23.915235236192398,0.961600240658699,0.0009999932794770242,0.03409978495686447,0.003299981104959505,0.0,0.0,1,1,0,0,0,0,0,0,0.9989120019073486,998912.0019073486
Y2022_LAT23.91541_LON90.29379,2022,90.2937938475782,23.91540843172261,1.0,0.0,0.0,0.0,0.0,0.0,1,1,0,0,0,0,0,0,0.9989256195831299,998925.6195831299
Y2022_LAT23.91558_LON90.30361,2022,90.3036082440733,23.915581001930963,1.0,0.0,0.0,0.0,0.0,0.0,1,1,0,0,0,0,0,0,0.9989391888275146,998939.1888275146
Y2022_LAT23.91575_LON90.31342,2022,90.31342273328266,23.91575294669763,0.9606997920277216,0.0027000132933867713,0.00480001746506836,0.031000173231197716,0.0008000039826255593,0.0,1,1,0,0,0,0,0,0,0.9989527085876465,998952.7085876465
Y2022_LAT23.91592_LON90.32324,2022,90.32323731461811,23.915924266097917,0.77629926273292,0.014400011461739505,0.06890029560129461,0.09150025158694254,0.04890017861710335,0.0,1,1,0,0,0,0,0,0,0.9989661806106568,998966.1806106567
Y2022_LAT23.91609_LON90.33305,2022,90.33305198782428,23.916094960058114,0.0274998317079099,9.999948497938719e-05,0.19999954056360156,0.5353998537951442,0.23700077444836495,0.0,4,0,0,0,1,0,0,0,0.9989796017379761,998979.6017379761
Y2022_LAT23.91627_LON90.34287,2022,90.34286675264342,23.91626502868802,0.0,0.0,0.5419005784815287,0.38369980385216573,0.07439961766630569,0.0,3,0,0,1,0,0,0,0,0.9989929771194458,998992.9771194458
Y2022_LAT23.91643_LON90.35268,2022,90.35268160867729,23.916434471708154,0.08514497476590005,0.0,0.6557970404951876,0.2590579847389123,0.0,0.0,3,0,0,1,0,0,0,0,0.05514480278015137,55144.80278015137
Y2022_LAT23.92029_LON90.06789,2022,90.06788530164413,23.92028727869885,0.6711248342614125,0.06792564744525201,0.2512458388611695,0.009703679432166086,0.0,0.0,1,1,0,0,0,0,0,0,0.38076738818359374,380767.38818359375
Y2022_LAT23.92047_LON90.0777,2022,90.077698156294,23.920474304845623,0.4009195706516786,0.0028008258920015875,0.5945790910710619,0.0017005123852579308,0.0,0.0,3,0,0,1,0,0,0,0,0.9983151056442261,998315.1056442261
Y2022_LAT23.92066_LON90.08751,2022,90.08751111119,23.92066070591179,0.2680999936717651,0.0026000064720744774,0.5172994625222128,0.21200053733394755,0.0,0.0,3,0,0,1,0,0,0,0,0.9986293348312378,998629.3348312378
Y2022_LAT23.92085_LON90.09732,2022,90.09732416609907,23.920846481884332,0.5588996963337984,0.038600083490939754,0.24400008384694774,0.07519986385764289,0.08330027247067118,0.0,1,1,0,0,0,0,0,0,0.9986439353103638,998643.9353103638
Y2022_LAT23.92103_LON90.10714,2022,90.10713732055757,23.921031632657122,0.6447995636451658,0.0002999999884190648,0.28610065459012235,0.06849978389641523,0.00029999787987753583,0.0,1,1,0,0,0,0,0,0,0.9986584858169556,998658.4858169556
Y2022_LAT23.92122_LON90.11695,2022,90.11695057441325,23.921216158393985,0.5392007097728592,0.026100040936091518,0.4316992310196105,0.0025000150925071993,0.000500003178931618,0.0,1,1,0,0,0,0,0,0,0.998672987121582,998672.987121582
Y2022_LAT23.9214_LON90.12676,2022,90.12676392713566,23.92140005884229,0.9089001625024438,0.0002000012985580735,0.09089983619899819,0.0,0.0,0.0,1,1,0,0,0,0,0,0,0.9986874396820068,998687.4396820068
Y2022_LAT23.92158_LON90.13658,2022,90.13657737857478,23.9215833342621,0.778699160347736,0.0004999973267489671,0.2166008310425679,0.00420001128294691,0.0,0.0,1,1,0,0,0,0,0,0,0.9987018422470093,998701.8422470093
Y2022_LAT23.92177_LON90.14639,2022,90.14639092827193,23.921765984405067,0.5979008003071528,0.0,0.4020991996928473,0.0,0.0,0.0,1,1,0,0,0,0,0,0,0.9987161966629028,998716.1966629028
Y2022_LAT23.92195_LON90.1562,2022,90.15620457582648,23.92194800928787,0.7289991405434351,0.0,0.2506007520394343,0.02040010741713066,0.0,0.0,1,1,0,0,0,0,0,0,0.9987305014724731,998730.5014724731
Y2022_LAT23.92213_LON90.16602,2022,90.16601832120915,23.92212940888181,0.7338003213681022,0.002900011794644442,0.24329974448003228,0.019999922357221027,0.0,0.0,1,1,0,0,0,0,0,0,0.9987447593765258,998744.7593765259
Y2022_LAT23.92231_LON90.17583,2022,90.17583216369981,23.922310183155794,0.5728993480017467,0.0010999949858098322,0.42600065701244344,0.0,0.0,0.0,1,1,0,0,0,0,0,0,0.9987589638748169,998758.9638748169
Y2022_LAT23.92249_LON90.18565,2022,90.18564610319386,23.922490332086976,0.5944000613763999,0.017500035390939247,0.3759998269873197,0.01210007624534113,0.0,0.0,1,1,0,0,0,0,0,0,0.9987731231384277,998773.1231384277
Y2022_LAT23.92267_LON90.19546,2022,90.19546013933515,23.9226698557382,0.38589989608482406,0.03349985560526299,0.5336003746520098,0.046999873657903105,0.0,0.0,3,0,0,1,0,0,0,0,0.9987872323913575,998787.2323913574
Y2022_LAT23.92285_LON90.20527,2022,90.20527427173054,23.9228487540319,0.9063003903686865,0.005799976411004385,0.047099731311872985,0.04079990190843615,0.0,0.0,1,1,0,0,0,0,0,0,0.9988012920913696,998801.2920913696
Y2022_LAT23.92303_LON90.21509,2022,90.21508850007542,23.923027026920437,0.774199435288141,0.012400048038841885,0.15580049214335898,0.057600024529658296,0.0,0.0,1,1,0,0,0,0,0,0,0.9988153057174682,998815.3057174683
Y2022_LAT23.9232_LON90.2249,2022,90.22490282402647,23.92320467436388,0.5587993443117784,0.018799973780561904,0.09590028341436936,0.3265003984932904,0.0,0.0,1,1,0,0,0,0,0,0,0.9988292643814087,998829.2643814087
Y2022_LAT23.92338_LON90.23472,2022,90.23471724324217,23.923381696428333,0.8402004545522703,0.016999969786123365,0.0834995877684676,0.05929998789313868,0.0,0.0,1,1,0,0,0,0,0,0,0.9988431780700684,998843.1780700684
Y2022_LAT23.92356_LON90.24453,2022,90.24453175737668,23.923558092970506,0.7100997076243809,0.09649993826236798,0.042700172583403716,0.14980017636760254,0.0009000051622448354,0.0,1,1,0,0,0,0,0,0,0.9988570416564941,998857.0416564941
Y2022_LAT23.92373_LON90.25435,2022,90.25434636615259,23.92373386398265,0.9813001159647369,0.0003999973854175097,0.007899949251825024,0.010399937398020597,0.0,0.0,1,1,0,0,0,0,0,0,0.9988708555526733,998870.8555526733
Y2022_LAT23.92391_LON90.26416,2022,90.26416106922473,23.92390900955616,0.9415998042007441,0.00490002708033531,0.0,0.05350016871892062,0.0,0.0,1,1,0,0,0,0,0,0,0.9988846206436157,998884.6206436157
Y2022_LAT23.92408_LON90.27398,2022,90.27397586614127,23.92408352950021,0.8487001741972158,0.04339994234225608,0.0,0.10789988346052809,0.0,0.0,1,1,0,0,0,0,0,0,0.9988983375778199,998898.3375778198
Y2022_LAT23.92426_LON90.28379,2022,90.28379075666041,23.9242574239903,0.9992999952802264,0.0007000047197736084,0.0,0.0,0.0,0.0,1,1,0,0,0,0,0,0,0.9989120052108764,998912.0052108765
Y2022_LAT23.92443_LON90.29361,2022,90.29360574054748,23.924430692810738,0.944900194015959,0.05509980598404102,0.0,0.0,0.0,0.0,1,1,0,0,0,0,0,0,0.9989256228103638,998925.6228103638
Y2022_LAT23.9246_LON90.30342,2022,90.30342081726704,23.924603336033616,1.0,0.0,0.0,0.0,0.0,0.0,1,1,0,0,0,0,0,0,0.998939193069458,998939.193069458
Y2022_LAT23.92478_LON90.31324,2022,90.31323598660447,23.924775353675173,0.8521994085352763,0.06840026558038838,0.03670011195101345,0.015800080091063796,0.02690013384225807,0.0,1,1,0,0,0,0,0,0,0.9989527117080689,998952.7117080688
Y2022_LAT23.92495_LON90.32305,2022,90.32305124818397,23.924946745615596,0.9158996882710039,0.015099905549597512,0.00039999766147093795,0.0002999979940726304,0.06830041052385506,0.0,1,1,0,0,0,0,0,0,0.998966182685852,998966.182685852
Y2022_LAT23.92512_LON90.33287,2022,90.33286660165298,23.925117511913353,0.04929972862540252,9.99994998909976e-05,0.07840008904207876,0.25520044005751624,0.6169997427751115,0.0,5,0,0,0,0,1,0,0,0.9989796053619385,998979.6053619385
Y2022_LAT23.92529_LON90.34268,2022,90.34268204675328,23.925287652394083,0.0003000019760958086,0.0,0.7596001912249776,0.2055999915533837,0.03449981524554289,0.0,3,0,0,1,0,0,0,0,0.998992977142334,998992.977142334
Y2022_LAT23.92546_LON90.3525,2022,90.35249758312685,23.925457167268462,0.06086958978780492,0.0,0.05886291652980083,0.8802674936823942,0.0,0.0,4,0,0,0,1,0,0,0,0.1493506028060913,149350.6028060913
Y2022_LAT23.92931_LON90.06768,2022,90.06768145807496,23.92930777409205,0.45795396297913216,0.09557552435161093,0.42485625798681537,0.021614254682441568,0.0,0.0,1,1,0,0,0,0,0,1,0.5913717108001709,591371.7108001709
Y2022_LAT23.92949_LON90.07749,2022,90.0774949924864,23.92949487938198,0.5801220933104625,0.03272950522749413,0.37683916513599225,0.010309236326051142,0.0,0.0,1,1,0,0,0,0,0,0,0.9977159447555543,997715.9447555542
Y2022_LAT23.92968_LON90.08731,2022,90.08730862722784,23.929681359316312,0.22509942517649853,0.041499878186737844,0.6568004590729041,0.07660023756385959,0.0,0.0,3,0,0,1,0,0,0,0,0.9986293389053345,998629.3389053345
Y2022_LAT23.92987_LON90.09712,2022,90.09712236206408,23.929867213915298,0.4280000602039547,0.004299999977280898,0.4935002798623825,0.07419965995638192,0.0,0.0,3,0,0,1,0,0,0,1,0.9986439389495849,998643.938949585
Y2022_LAT23.93005_LON90.10694,2022,90.10693619646736,23.930052443185215,0.2334999530404999,0.0014999982866839596,0.6903001183973315,0.07469993027548466,0.0,0.0,3,0,0,1,0,0,0,0,0.9986584893112183,998658.4893112183
Y2022_LAT23.93024_LON90.11675,2022,90.11675013023752,23.930237046970703,0.11980010636842692,0.010600056205152662,0.8543997482262211,0.01520008920019928,0.0,0.0,3,0,0,1,0,0,0,0,0.9986729912338257,998672.9912338257
Y2022_LAT23.93042_LON90.12656,2022,90.12656416296012,23.930421025382827,0.3946999701722141,0.024699904424295056,0.5799001304327972,0.0006999949706936688,0.0,0.0,3,0,0,1,0,0,0,0,0.9986874426269531,998687.4426269531
Y2022_LAT23.9306_LON90.13638,2022,90.13637829441423,23.930604378231934,0.36460045946749114,0.0014999971629850535,0.6315995458291385,0.002299997540385378,0.0,0.0,3,0,0,1,0,0,0,0,0.9987018451461792,998701.8451461792
Y2022_LAT23.93079_LON90.14619,2022,90.14619252409949,23.930787105600274,0.3995999176902567,0.010100024837513058,0.5099002933590734,0.08039976411315682,0.0,0.0,3,0,0,1,0,0,0,0,0.9987162007827759,998716.2007827759
Y2022_LAT23.93097_LON90.15601,2022,90.15600685182127,23.93096920750875,0.759599774021456,0.010899988862818354,0.18450027329045646,0.04499996382526933,0.0,0.0,1,1,0,0,0,0,0,0,0.9987305057907104,998730.5057907104
Y2022_LAT23.93115_LON90.16582,2022,90.16582127721317,23.93115068394927,0.6884998213766841,0.01560005100830855,0.2356000601335324,0.060300067481475,0.0,0.0,1,1,0,0,0,0,0,0,0.998744762435913,998744.7624359131
Y2022_LAT23.93133_LON90.17564,2022,90.17563579985985,23.931331534791155,0.325900705236243,0.016400076861192086,0.6001989711753755,0.05750024672718961,0.0,0.0,3,0,0,1,0,0,0,0,0.9987589701919556,998758.9701919556
Y2022_LAT23.93151_LON90.18545,2022,90.18545041956013,23.93151176005887,0.3645000560152263,0.00399999213237623,0.47330008970285803,0.1581998621495395,0.0,0.0,3,0,0,1,0,0,0,1,0.9987731265258789,998773.1265258789
Y2022_LAT23.93169_LON90.19527,2022,90.19526513579697,23.931691359646724,0.443600535313143,0.04540008545876524,0.46229932688933795,0.04870005233875381,0.0,0.0,3,0,0,1,0,0,0,1,0.9987872357025146,998787.2357025146
Y2022_LAT23.93187_LON90.20508,2022,90.20507994855271,23.931870333590116,0.8225991553836132,0.0018999980336254112,0.154100851092533,0.02139999549022858,0.0,0.0,1,1,0,0,0,0,0,0,0.9988012953414916,998801.2953414917
Y2022_LAT23.93205_LON90.21489,2022,90.21489485704817,23.932048681917674,0.24240021963581124,0.0,0.7084999032438332,0.049099877120355594,0.0,0.0,3,0,0,1,0,0,0,0,0.9988153076171875,998815.3076171875
Y2022_LAT23.93223_LON90.22471,2022,90.22470986128958,23.932226404551212,0.3739001412788595,0.0,0.4164990640348431,0.20960079468629741,0.0,0.0,3,0,0,1,0,0,0,1,0.9988292678375245,998829.2678375244
Y2022_LAT23.9324_LON90.23452,2022,90.23452496079805,23.93240350148894,0.44870016672178015,0.22620060099874603,0.07569972434385587,0.24939950793561794,0.0,0.0,1,1,0,0,0,0,0,1,0.9988431803054809,998843.180305481
Y2022_LAT23.93258_LON90.24434,2022,90.2443401553406,23.9325799727201,0.5938997644948225,0.1157995501608155,0.2269005618788307,0.06340012346553124,0.0,0.0,1,1,0,0,0,0,0,0,0.998857044090271,998857.044090271
Y2022_LAT23.93276_LON90.25416,2022,90.25415544444176,23.9327558182226,0.9015005463210208,0.0008999943240384275,0.07709958094076047,0.020499878414180377,0.0,0.0,1,1,0,0,0,0,0,0,0.9988708591003418,998870.8591003418
Y2022_LAT23.93293_LON90.26397,2022,90.26397082788185,23.93293103780714,0.9197995565736076,0.0787004335698138,0.0,0.0015000098565786926,0.0,0.0,1,1,0,0,0,0,0,0,0.9988846207656861,998884.620765686
Y2022_LAT23.93311_LON90.27379,2022,90.2737863052287,23.933105631695824,0.9548002698329239,0.02819982049566009,0.0,0.016999909671416073,0.0,0.0,1,1,0,0,0,0,0,0,0.9988983403396606,998898.3403396606
Y2022_LAT23.93328_LON90.2836,2022,90.28360187622492,23.933279599675004,0.9922999783916804,0.0,0.0,0.007700021608319564,0.0,0.0,1,1,0,0,0,0,0,0,0.9989120075531006,998912.0075531006
Y2022_LAT23.93345_LON90.29342,2022,90.29341754059122,23.933452941948936,1.0,0.0,0.0,0.0,0.0,0.0,1,1,0,0,0,0,0,0,0.9989256260299683,998925.6260299683
Y2022_LAT23.93363_LON90.30323,2022,90.303233297789,23.933625658220567,0.9848999688187637,0.015100031181236222,0.0,0.0,0.0,0.0,1,1,0,0,0,0,0,0,0.9989391955184936,998939.1955184937
Y2022_LAT23.9338_LON90.31305,2022,90.31304914771525,23.933797748639137,0.9972000126979663,0.002299984797793552,0.0,0.0005000025042400856,0.0,0.0,1,1,0,0,0,0,0,0,0.9989527146606445,998952.7146606445
Y2022_LAT23.93397_LON90.32287,2022,90.32286508980216,23.933969213126904,0.853599292196259,0.014000030154816464,0.04450015053496258,0.0012000067895722609,0.08670052032438985,0.0,1,1,0,0,0,0,0,0,0.9989661852340698,998966.1852340698
Y2022_LAT23.93414_LON90.33268,2022,90.33268112394374,23.93414005168791,0.0,0.0,0.04179991642159289,0.00019999921305504005,0.9580000843653521,0.0,5,0,0,0,0,1,0,0,0.9989796082000733,998979.6082000732
Y2022_LAT23.93431_LON90.3425,2022,90.34249724966791,23.934310264303605,0.0,0.0,0.2555352669755643,0.5669639129785511,0.17750082004588466,0.0,4,0,0,0,1,0,0,0,0.9972946778945923,997294.6778945923
Y2022_LAT23.93448_LON90.35231,2022,90.35231346652779,23.93447985089774,0.0,0.0,0.0596106988347426,0.9391727568978243,0.0012165442674331585,0.0,4,0,0,0,1,0,0,0,0.08211785152435302,82117.85152435303
Y2022_LAT23.93833_LON90.06748,2022,90.06747751374465,23.938328257252962,0.38120048050539584,0.20232980325518476,0.3698630098685674,0.046606706370852,0.0,0.0,1,1,0,0,0,0,0,1,0.6342125400848388,634212.5400848389
Y2022_LAT23.93852_LON90.07729,2022,90.07729172843332,23.938515441761226,0.15049965683922698,0.0,0.849500343160773,0.0,0.0,0.0,3,0,0,1,0,0,0,0,0.9986146943588257,998614.6943588257
Y2022_LAT23.9387_LON90.08711,2022,90.08710604329207,23.938702000645563,0.21690089798103737,0.003999999207929235,0.5601987134872282,0.21890038932380526,0.0,0.0,3,0,0,1,0,0,0,0,0.9986293424148559,998629.342414856
Y2022_LAT23.93889_LON90.09692,2022,90.09692045837127,23.938887933835517,0.06859957128907461,0.0,0.5687004895655929,0.36269993914533244,0.0,0.0,3,0,0,1,0,0,0,0,0.9986439419403076,998643.9419403076
Y2022_LAT23.93907_LON90.10673,2022,90.10673497303367,23.939073241416285,0.31480111598884675,0.021200010338903293,0.6634988772853467,0.0004999963869033382,0.0,0.0,3,0,0,1,0,0,0,0,0.9986584921340942,998658.4921340942
Y2022_LAT23.93926_LON90.11655,2022,90.11654958707904,23.939257923351963,0.27380039103112447,0.00290000340481041,0.703499570856813,0.01980003470725211,0.0,0.0,3,0,0,1,0,0,0,0,0.9986729939346314,998672.9939346313
Y2022_LAT23.93944_LON90.12636,2022,90.12636430010852,23.939441979547208,0.33589974413962803,0.0,0.6640002565792057,9.999928116632491e-05,0.0,0.0,3,0,0,1,0,0,0,0,0.9986874462356568,998687.4462356567
Y2022_LAT23.93963_LON90.13618,2022,90.1361791119022,23.939625410110324,0.2529007914163282,0.0006000042684423888,0.7464992043152294,0.0,0.0,0.0,3,0,0,1,0,0,0,0,0.9987018490219116,998701.8490219116
Y2022_LAT23.93981_LON90.14599,2022,90.14599402201988,23.93980821480279,0.6052000140289356,0.10140001177644058,0.20180002014044976,0.09159995405417413,0.0,0.0,1,1,0,0,0,0,0,0,0.9987162040710449,998716.2040710449
Y2022_LAT23.93999_LON90.15581,2022,90.15580903010611,23.9399903938047,0.611699822130852,0.07550003576220049,0.2764000044512839,0.036400137655663856,0.0,0.0,1,1,0,0,0,0,0,0,0.998730509223938,998730.509223938
Y2022_LAT23.94017_LON90.16562,2022,90.1656241359553,23.94017194692044,0.4677994198624969,0.02249996845816072,0.41720064565610754,0.0924999660232348,0.0,0.0,1,1,0,0,0,0,0,1,0.9987447649002075,998744.7649002075
Y2022_LAT23.94035_LON90.17544,2022,90.17543933906119,23.940352874256657,0.5101002896682929,0.03070007400486162,0.4010994449435824,0.058100191383263056,0.0,0.0,1,1,0,0,0,0,0,0,0.9987589726333618,998758.9726333618
Y2022_LAT23.94053_LON90.18525,2022,90.18525463917793,23.940533175734274,0.1266996892724359,0.0,0.8733003107275641,0.0,0.0,0.0,3,0,0,1,0,0,0,0,0.9987731298141479,998773.129814148
Y2022_LAT23.94071_LON90.19507,2022,90.19507003610771,23.940712851366772,0.07780014191124777,0.0038000182574858964,0.8962998456934134,0.019900007820469925,0.002199986317383004,0.0,3,0,0,1,0,0,0,0,0.9987872391891479,998787.239189148
Y2022_LAT23.94089_LON90.20489,2022,90.20488552924164,23.9408919011051,0.37899987769271504,0.010399972608963207,0.5060996738155483,0.1045004758827734,0.0,0.0,3,0,0,1,0,0,0,0,0.9988012987976074,998801.2987976074
Y2022_LAT23.94107_LON90.2147,2022,90.21470111838693,23.941070324893516,0.020299981453858605,0.0,0.883000534973684,0.09669948357245736,0.0,0.0,3,0,0,1,0,0,0,0,0.9988153076171875,998815.3076171875
Y2022_LAT23.94125_LON90.22452,2022,90.22451680325467,23.94124812277844,0.13590036703199593,0.0,0.8621996426493762,0.001899990318627898,0.0,0.0,3,0,0,1,0,0,0,0,0.9988292713012695,998829.2713012695
Y2022_LAT23.94143_LON90.23433,2022,90.23433258346124,23.941425294618774,0.16289970075737073,0.008000015880736807,0.5070004018127313,0.3220998815491612,0.0,0.0,3,0,0,1,0,0,0,0,0.9988431843643188,998843.1843643188
Y2022_LAT23.9416_LON90.24415,2022,90.24414845858257,23.94160184052209,0.16590053863324697,0.011500027301162428,0.40749962463078526,0.41509980943480534,0.0,0.0,4,0,0,0,1,0,0,1,0.9988570474853515,998857.0474853516
Y2022_LAT23.94178_LON90.25396,2022,90.25396442841975,23.941777760279727,0.663100742916504,0.0005999980599554186,0.20129970498943883,0.1349995540341018,0.0,0.0,1,1,0,0,0,0,0,0,0.9988708623046875,998870.8623046875
Y2022_LAT23.94195_LON90.26378,2022,90.26378049259982,23.94195305417155,0.8990000308355711,0.041600078651910705,0.0006000013398183703,0.05879988917269982,0.0,0.0,1,1,0,0,0,0,0,0,0.9988846280822754,998884.6280822754
Y2022_LAT23.94213_LON90.2736,2022,90.27359665073752,23.942127721924884,1.0,0.0,0.0,0.0,0.0,0.0,1,1,0,0,0,0,0,0,0.99889834249115,998898.3424911499
Y2022_LAT23.9423_LON90.28341,2022,90.2834129024596,23.942301763599044,1.0,0.0,0.0,0.0,0.0,0.0,1,1,0,0,0,0,0,0,0.9989120105819702,998912.0105819702
Y2022_LAT23.94248_LON90.29323,2022,90.29322924770673,23.942475179096554,1.0,0.0,0.0,0.0,0.0,0.0,1,1,0,0,0,0,0,0,0.9989256288223266,998925.6288223267
Y2022_LAT23.94265_LON90.30305,2022,90.30304568573182,23.942647968534864,1.0,0.0,0.0,0.0,0.0,0.0,1,1,0,0,0,0,0,0,0.9989391973876953,998939.1973876953
Y2022_LAT23.94282_LON90.31286,2022,90.31286221645671,23.942820131722108,1.0,0.0,0.0,0.0,0.0,0.0,1,1,0,0,0,0,0,0,0.9989527179336548,998952.7179336548
Y2022_LAT23.94299_LON90.32268,2022,90.32267883952481,23.942991668730105,0.8187990176191995,0.0,0.0,0.0,0.18120098238080048,0.0,1,1,0,0,0,0,0,0,0.9989661884307861,998966.1884307861
Y2022_LAT23.94316_LON90.3325,2022,90.33249555454867,23.943162579535592,0.0,0.0,0.00839997407760179,0.0,0.9916000259223982,0.0,5,0,0,0,0,1,0,0,0.9989796104736328,998979.6104736328
Y2022_LAT23.94333_LON90.34231,2022,90.34231236127957,23.94333286412143,0.0019439422086523351,0.0,0.3319013931185991,0.21669818952570696,0.44945647514704157,0.0,5,0,0,0,0,1,0,1,0.9764155916900634,976415.5916900635
Y2022_LAT23.9435_LON90.35213,2022,90.35212925913545,23.943502522483644,0.0,0.0,0.0,1.0,0.0,0.0,4,0,0,0,1,0,0,0,0.0011987996520996093,1198.7996520996094
Y2022_LAT23.94716_LON90.05746,2022,90.05745867441148,23.94716083880053,0.0,0.0,0.0,0.0,0.0,0.0,1,1,0,0,0,0,0,1,0.0,0.0
Y2022_LAT23.94735_LON90.06727,2022,90.067273468832,23.94734872830013,0.35710622319115526,0.11418624926258426,0.5096550518312872,0.0190524757149733,0.0,0.0,3,0,0,1,0,0,0,0,0.7757135784072876,775713.5784072876
Y2022_LAT23.94754_LON90.07709,2022,90.07708836392115,23.94753599191719,0.1356000893566351,0.004200027430547215,0.8601998832128177,0.0,0.0,0.0,3,0,0,1,0,0,0,0,0.9986146974182128,998614.6974182129
Y2022_LAT23.94772_LON90.0869,2022,90.08690335938364,23.947722629629236,0.48570026460410526,0.07780019629266993,0.42669950642959537,0.009800032673629456,0.0,0.0,1,1,0,0,0,0,0,1,0.9986293460083008,998629.3460083008
Y2022_LAT23.94791_LON90.09672,2022,90.09671845494364,23.947908641565324,0.29029992320456943,0.032699966873039166,0.6770001099223915,0.0,0.0,0.0,3,0,0,1,0,0,0,0,0.9986439458465576,998643.9458465576
Y2022_LAT23.94809_LON90.10653,2022,90.10653365022651,23.948094027544432,0.20790013272316513,0.0023999867131020815,0.7896998805637327,0.0,0.0,0.0,3,0,0,1,0,0,0,0,0.9986584955978394,998658.4955978394
Y2022_LAT23.94828_LON90.11635,2022,90.11634894491192,23.948278787560028,0.7512996147791411,0.015200007310317258,0.196900326718753,0.036600051191788704,0.0,0.0,1,1,0,0,0,0,0,0,0.998672998374939,998672.998374939
Y2022_LAT23.94846_LON90.12616,2022,90.12616433862213,23.948462921613686,0.3296997537521127,0.0859000514953682,0.49430025877433864,0.09009993597818043,0.0,0.0,3,0,0,1,0,0,0,1,0.9986874484024048,998687.4484024048
Y2022_LAT23.94865_LON90.13598,2022,90.13597983105984,23.948646429658158,0.42580069539288223,0.06849988250533821,0.4403994237276184,0.06529999837416126,0.0,0.0,3,0,0,1,0,0,0,1,0.9987018524246216,998701.8524246216
Y2022_LAT23.94883_LON90.1458,2022,90.14579542184372,23.948829311813448,0.08429957833142226,0.01939987388056761,0.5534992604853577,0.3428012873026524,0.0,0.0,3,0,0,1,0,0,0,0,0.9987162063064575,998716.2063064575
Y2022_LAT23.94901_LON90.15561,2022,90.15561111075377,23.949011567798742,0.34359979920594325,0.0,0.47420039362522,0.18219980716883677,0.0,0.0,3,0,0,1,0,0,0,1,0.9987305114059448,998730.5114059448
Y2022_LAT23.94919_LON90.16543,2022,90.1654268972933,23.949193197765204,0.2542000015299386,0.032800065876403495,0.6699999989881403,0.042999933605517605,0.0,0.0,3,0,0,1,0,0,0,0,0.9987447688140869,998744.7688140869
Y2022_LAT23.94937_LON90.17524,2022,90.17524278123004,23.949374201629876,0.2999004157191936,0.09199963216676989,0.5583001461689705,0.04979980594506603,0.0,0.0,3,0,0,1,0,0,0,0,0.9987589739761352,998758.9739761353
Y2022_LAT23.94955_LON90.18506,2022,90.18505876224124,23.94955457943429,0.1847999575565029,0.0,0.8152000424434971,0.0,0.0,0.0,3,0,0,1,0,0,0,0,0.99877313256073,998773.13256073
Y2022_LAT23.94973_LON90.19487,2022,90.19487484000675,23.94973433102749,0.157800485293828,0.0009000025722074469,0.8072993777147363,0.0340001344192283,0.0,0.0,3,0,0,1,0,0,0,0,0.9987872421646118,998787.2421646118
Y2022_LAT23.94991_LON90.20469,2022,90.2046910139725,23.94991345649013,0.2225992141734199,0.0005999980401785374,0.7549009180908951,0.02189986969550641,0.0,0.0,3,0,0,1,0,0,0,0,0.9988013022079468,998801.3022079468
Y2022_LAT23.95009_LON90.21451,2022,90.21450728412792,23.950091955740824,0.010999972331166053,0.0,0.9777000497397955,0.01129997792903848,0.0,0.0,3,0,0,1,0,0,0,0,0.998815311302185,998815.3113021851
Y2022_LAT23.95027_LON90.22432,2022,90.22432364986126,23.950269828777618,0.06490031993449737,0.001000005548052559,0.8932996383331632,0.04080003618428692,0.0,0.0,3,0,0,1,0,0,0,0,0.9988292744216919,998829.2744216919
Y2022_LAT23.95045_LON90.23414,2022,90.23414011106804,23.95044707559433,0.06869983969162981,0.0,0.7596000871675297,0.1717000731408405,0.0,0.0,3,0,0,1,0,0,0,0,0.9988431862945557,998843.1862945557
Y2022_LAT23.95062_LON90.24396,2022,90.24395666719467,23.95062369614407,0.3260000456330278,0.031400099528019414,0.3521989505574921,0.29040090428146065,0.0,0.0,3,0,0,1,0,0,0,1,0.9988570505065918,998857.0505065918
Y2022_LAT23.9508_LON90.25377,2022,90.25377331809902,23.950799690482313,0.3588002933641883,0.009999966906144547,0.0559000105621565,0.5752997291675106,0.0,0.0,4,0,0,0,1,0,0,0,0.9988708654632569,998870.8654632568
Y2022_LAT23.95098_LON90.26359,2022,90.26359006331022,23.95097505840862,0.6178006275056416,0.021900125877613745,0.08799990008014195,0.27229934653660276,0.0,0.0,1,1,0,0,0,0,0,0,0.9988846321182251,998884.6321182251
Y2022_LAT23.95115_LON90.27341,2022,90.27340690258569,23.951149800035324,0.8432997360503374,0.13910027929613455,0.0,0.017599984653528068,0.0,0.0,1,1,0,0,0,0,0,0,0.9988983458938598,998898.3458938599
Y2022_LAT23.95132_LON90.28322,2022,90.28322383542117,23.951323915316387,0.7371005802328195,0.260799432701806,0.0,0.002099987065374481,0.0,0.0,1,1,0,0,0,0,0,0,0.9989120139083862,998912.0139083862
Y2022_LAT23.9515_LON90.29304,2022,90.29304086174535,23.951497404204595,1.0,0.0,0.0,0.0,0.0,0.0,1,1,0,0,0,0,0,0,0.998925631729126,998925.631729126
Y2022_LAT23.95167_LON90.30286,2022,90.30285798102922,23.951670266684594,0.92961073342481,0.07038926657518997,0.0,0.0,0.0,0.0,1,1,0,0,0,0,0,0,0.4257470512237549,425747.0512237549
Y2022_LAT23.95184_LON90.31268,2022,90.31267519299199,23.951842502758858,1.0,0.0,0.0,0.0,0.0,0.0,1,1,0,0,0,0,0,0,0.29099511734771727,290995.1173477173
Y2022_LAT23.95201_LON90.32249,2022,90.32249249722054,23.952014112410495,0.6489454637452199,0.008246961226653872,0.1502291151600342,0.0,0.192578459868092,0.0,1,1,0,0,0,0,0,0,0.8963726201019288,896372.6201019287
Y2022_LAT23.95219_LON90.33231,2022,90.33230989353223,23.952185095488655,0.0,0.0,0.697043963436754,0.0,0.302956036563246,0.0,3,0,0,1,0,0,0,0,0.44614313147735596,446143.13147735596
Y2022_LAT23.95236_LON90.34213,2022,90.34212738156036,23.95235545215825,0.08864277510123289,0.0,0.654591611359464,0.12465426327130931,0.13211135026799384,0.0,3,0,0,1,0,0,0,0,0.4688269426498413,468826.9426498413
Y2022_LAT23.95599_LON90.04744,2022,90.04743847386032,23.955992623041222,0.9625001170365775,0.03749988296342256,0.0,0.0,0.0,0.0,1,1,0,0,0,0,0,0,0.03195440189361572,31954.401893615723
Y2022_LAT23.95618_LON90.05725,2022,90.0572538479042,23.95618121808232,0.5490593922834803,0.28164710046075464,0.022877534876813335,0.1464159723789517,0.0,0.0,1,1,0,0,0,0,0,0,0.19642220934295654,196422.20934295654
Y2022_LAT23.95637_LON90.06707,2022,90.06706932315382,23.95636918701169,0.3421333620719208,0.12935589931316777,0.4252898492184748,0.10322088939643664,0.0,0.0,3,0,0,1,0,0,0,1,0.3782701325759888,378270.13257598877
Y2022_LAT23.95656_LON90.07688,2022,90.07688489900916,23.956556529803077,0.4519948438173391,0.18675406519803614,0.313406987776596,0.04784410320802874,0.0,0.0,1,1,0,0,0,0,0,1,0.9288119347000122,928811.9347000122
Y2022_LAT23.95674_LON90.0867,2022,90.08670057538667,23.956743246538494,0.43400062925651817,0.19999955123120852,0.3659998195122733,0.0,0.0,0.0,1,1,0,0,0,0,0,1,0.9986293499526978,998629.3499526978
Y2022_LAT23.95693_LON90.09652,2022,90.09651635184042,23.956929337096245,0.3952993560963106,0.0025000087620534557,0.5581004032527801,0.04410023188885581,0.0,0.0,3,0,0,1,0,0,0,0,0.9986439486618042,998643.9486618042
Y2022_LAT23.95711_LON90.10633,2022,90.10633222802885,23.9571148014168,0.22090007194602895,0.013499995997522211,0.7622999554507336,0.003299976605715229,0.0,0.0,3,0,0,1,0,0,0,0,0.9986584986419678,998658.4986419678
Y2022_LAT23.9573_LON90.11615,2022,90.11614820364301,23.957299639595977,0.770900200489322,0.037699844888423616,0.13800007625120972,0.053399878371044734,0.0,0.0,1,1,0,0,0,0,0,0,0.9986730005493164,998673.0005493164
Y2022_LAT23.95748_LON90.12596,2022,90.125964278366,23.957483851585305,0.02629982665209924,0.0,0.9737001733479007,0.0,0.0,0.0,3,0,0,1,0,0,0,0,0.9986874532470703,998687.4532470703
Y2022_LAT23.95767_LON90.13578,2022,90.13578045187357,23.957667437253278,0.17810088748722214,0.0,0.8218991125127779,0.0,0.0,0.0,3,0,0,1,0,0,0,0,0.9987018557052613,998701.8557052612
Y2022_LAT23.95785_LON90.1456,2022,90.1455967236531,23.957850396592836,0.27119956901036585,0.0,0.7089003189370978,0.019900112052536403,0.0,0.0,3,0,0,1,0,0,0,0,0.9987162105636597,998716.2105636597
Y2022_LAT23.95803_LON90.15541,2022,90.15541309367222,23.958032729743756,0.40249932349123463,0.0,0.5683006062043294,0.029200070304435922,0.0,0.0,3,0,0,1,0,0,0,0,0.9987305157165527,998730.5157165527
Y2022_LAT23.95821_LON90.16523,2022,90.16522956127949,23.958214436509994,0.48349950732949254,0.010400020380770508,0.4966004407160166,0.009500031573720364,0.0,0.0,3,0,0,1,0,0,0,1,0.9987447716674804,998744.7716674805
Y2022_LAT23.9584_LON90.17505,2022,90.17504612638228,23.95839551692667,0.17580050439213393,0.0,0.8241994956078661,0.0,0.0,0.0,3,0,0,1,0,0,0,0,0.9987589791793823,998758.9791793823
Y2022_LAT23.95858_LON90.18486,2022,90.18486278857263,23.958575970906242,0.08650013747801213,0.0010000063980549294,0.9124998561239329,0.0,0.0,0.0,3,0,0,1,0,0,0,0,0.9987731355514526,998773.1355514526
Y2022_LAT23.95876_LON90.19468,2022,90.19467954745946,23.958755798577045,0.39370019851869714,0.008700006927205168,0.4733995543518341,0.12360023654420953,0.0,0.0006000036580541803,3,0,0,1,0,0,0,1,0.9987872455978394,998787.2455978394
Y2022_LAT23.95893_LON90.2045,2022,90.20449640275629,23.958934999812023,0.3172996773987089,0.04960001435313033,0.624600355202837,0.008499953045323924,0.0,0.0,3,0,0,1,0,0,0,0,0.9988013045959473,998801.3045959473
Y2022_LAT23.95911_LON90.21431,2022,90.21431335408627,23.959113574561474,0.18869980811127907,0.00019999949386755687,0.7751001668672969,0.0360000255275565,0.0,0.0,3,0,0,1,0,0,0,0,0.9988153175811768,998815.3175811768
Y2022_LAT23.95929_LON90.22413,2022,90.22413040115858,23.959291522849245,0.2110005427121094,0.015600012241708965,0.5200996780170238,0.2532997670291578,0.0,0.0,3,0,0,1,0,0,0,0,0.9988292773971558,998829.2773971558
Y2022_LAT23.95947_LON90.23395,2022,90.23394754360976,23.959468844646736,0.10369947909815978,0.0006999956516691819,0.6332005455406965,0.2623999797094745,0.0,0.0,3,0,0,1,0,0,0,0,0.9988431907119751,998843.1907119751
Y2022_LAT23.95965_LON90.24376,2022,90.24376478116957,23.959645539859693,0.2664004938609842,0.03150006670615877,0.35599968381369507,0.346099755619162,0.0,0.0,3,0,0,1,0,0,0,1,0.9988570526809692,998857.0526809692
Y2022_LAT23.95982_LON90.25358,2022,90.25358211343243,23.959821608556528,0.5142003571154404,0.1457998331815222,0.253299704961374,0.08670010474166343,0.0,0.0,1,1,0,0,0,0,0,0,0.998870868423462,998870.8684234619
Y2022_LAT23.96_LON90.2634,2022,90.26339954000085,23.95999705072584,0.9065999161190855,0.023600098602452182,0.0,0.0697999852784623,0.0,0.0,1,1,0,0,0,0,0,0,0.998884634048462,998884.6340484619
Y2022_LAT23.96017_LON90.27322,2022,90.27321706067328,23.960171866235015,0.9445116265516782,0.028348398447065742,0.0,0.02713997500125604,0.0,0.0,1,1,0,0,0,0,0,0,0.9090975727767945,909097.5727767944
Y2022_LAT23.96035_LON90.28303,2022,90.28303467507726,23.960346055135613,0.5473791327978186,0.41509473228911775,0.005345925461797459,0.03218020945126623,0.0,0.0,1,1,0,0,0,0,0,0,0.9529618675537109,952961.8675537109
Y2022_LAT23.96052_LON90.29285,2022,90.29285238283336,23.96051961737,0.8525657076499987,0.14518553058354283,0.00224876176645843,0.0,0.0,0.0,1,1,0,0,0,0,0,0,0.710735286239624,710735.286239624
Y2022_LAT23.96069_LON90.30267,2022,90.30267018363574,23.960692552967732,1.0,0.0,0.0,0.0,0.0,0.0,1,1,0,0,0,0,0,0,0.055740474609375,55740.474609375
Y2022_LAT23.96086_LON90.31249,2022,90.31248807715275,23.960864861899754,1.0,0.0,0.0,0.0,0.0,0.0,1,1,0,0,0,0,0,0,0.0006992715682983398,699.2715682983398
Y2022_LAT23.96104_LON90.32231,2022,90.32230606291132,23.96103654404865,1.0,0.0,0.0,0.0,0.0,0.0,1,1,0,0,0,0,0,0,0.03076803345489502,30768.03345489502
Y2022_LAT23.96482_LON90.03742,2022,90.0374169114705,23.96482360939133,0.8695651744087654,0.03478262148642389,0.05217393555153904,0.043478268553271804,0.0,0.0,1,1,0,0,0,0,0,0,0.01148346900177002,11483.46900177002
Y2022_LAT23.96501_LON90.04723,2022,90.04723286513152,23.965012910462278,0.3183566573387837,0.10231040237270927,0.5277285509846591,0.0516043893038479,0.0,0.0,3,0,0,1,0,0,0,0,0.7778874535980225,777887.4535980225
Y2022_LAT23.9652_LON90.05705,2022,90.0570489202927,23.965201585135084,0.2518995621354022,0.0,0.7481004378645978,0.0,0.0,0.0,3,0,0,1,0,0,0,0,0.9985852616729737,998585.2616729736
Y2022_LAT23.96539_LON90.06687,2022,90.06686507664904,23.965389633526623,0.26660041402469564,0.0005999993808271931,0.7176994991465511,0.015100087447926243,0.0,0.0,3,0,0,1,0,0,0,0,0.9986000066452027,998600.0066452026
Y2022_LAT23.96558_LON90.07668,2022,90.0766813337264,23.965577055523735,0.5251004329178944,0.025799882950281253,0.4178998431684092,0.03119984096341521,0.0,0.0,1,1,0,0,0,0,0,0,0.9986147035369873,998614.7035369873
Y2022_LAT23.96576_LON90.0865,2022,90.08649769131077,23.96576385119665,0.33199944760284394,0.03259997799330461,0.6354005744038514,0.0,0.0,0.0,3,0,0,1,0,0,0,0,0.9986293531799316,998629.3531799316
Y2022_LAT23.96595_LON90.09631,2022,90.0963141489496,23.965950020400243,0.23570009542540737,0.07610020771186808,0.6686996363578293,0.019500060504895247,0.0,0.0,3,0,0,1,0,0,0,0,0.9986439526901245,998643.9526901245
Y2022_LAT23.96614_LON90.10613,2022,90.10613070638702,23.966135563209384,0.21910034245135504,0.04989974591778712,0.7117999675969152,0.01919994403394262,0.0,0.0,3,0,0,1,0,0,0,0,0.9986585016021728,998658.5016021729
Y2022_LAT23.96632_LON90.11595,2022,90.11594736339083,23.96632047948856,0.6510997280745628,0.030899852408718637,0.25910068283096077,0.05889973668575787,0.0,0.0,1,1,0,0,0,0,0,0,0.9986730049438477,998673.0049438477
Y2022_LAT23.9665_LON90.12576,2022,90.12576411937276,23.9665047693033,0.13480004519097102,0.010400013850631959,0.8547999409583971,0.0,0.0,0.0,3,0,0,1,0,0,0,0,0.9986874558029175,998687.4558029175
Y2022_LAT23.96669_LON90.13558,2022,90.13558097420697,23.966688432586764,0.46429968284579193,0.0057999727316642375,0.5299003444225439,0.0,0.0,0.0,3,0,0,1,0,0,0,0,0.9987018591461182,998701.8591461182
Y2022_LAT23.96687_LON90.1454,2022,90.14539792740979,23.96687146938734,0.2840998790774074,0.00029999962977525984,0.7156001212928174,0.0,0.0,0.0,3,0,0,1,0,0,0,0,0.9987162135772705,998716.2135772705
Y2022_LAT23.96705_LON90.15521,2022,90.15521497878699,23.967053879535577,0.4105005967252323,0.005600005272006433,0.5838993980027612,0.0,0.0,0.0,3,0,0,1,0,0,0,0,0.9987305189743042,998730.5189743042
Y2022_LAT23.96724_LON90.16503,2022,90.16503212789496,23.967235663102,0.3769999423488613,0.09220035841231361,0.5303996991090999,0.00040000012972521236,0.0,0.0,3,0,0,1,0,0,0,0,0.9987447742080688,998744.7742080688
Y2022_LAT23.96742_LON90.17485,2022,90.17484937448165,23.96741682006917,0.04089986790027553,0.013299917819202091,0.9458002142805224,0.0,0.0,0.0,3,0,0,1,0,0,0,0,0.9987589827423096,998758.9827423096
Y2022_LAT23.9676_LON90.18467,2022,90.18466671814993,23.967597350440354,0.11310014274169825,0.00010000023455595592,0.8867998570237458,0.0,0.0,0.0,3,0,0,1,0,0,0,0,0.9987731394958496,998773.1394958496
Y2022_LAT23.96778_LON90.19448,2022,90.19448415855958,23.967777254098067,0.530001313104921,0.007800021292497311,0.46149866663054345,0.0006999989720382501,0.0,0.0,1,1,0,0,0,0,0,0,0.9987872485961914,998787.2485961914
Y2022_LAT23.96796_LON90.2043,2022,90.20430169541568,23.967956531058125,0.43159928682726356,0.21170036782395596,0.35300035309874045,0.003699992250040171,0.0,0.0,1,1,0,0,0,0,0,1,0.9988013078536987,998801.3078536987
Y2022_LAT23.96814_LON90.21412,2022,90.21411932832416,23.968135181275997,0.207400152582585,0.11549973702372715,0.5024995746724955,0.17460053572119244,0.0,0.0,3,0,0,1,0,0,0,0,0.998815319770813,998815.319770813
Y2022_LAT23.96831_LON90.22394,2022,90.2239370570402,23.96831320478585,0.21890019476564332,0.06279995395417126,0.6865998937231184,0.03169995755706707,0.0,0.0,3,0,0,1,0,0,0,0,0.9988292806167602,998829.2806167603
Y2022_LAT23.96849_LON90.23375,2022,90.23375488121232,23.96849060152162,0.10910037657566758,0.020200075540015853,0.48939982069726273,0.38109972669051395,0.00020000049653997722,0.0,3,0,0,1,0,0,0,1,0.998843192779541,998843.192779541
Y2022_LAT23.96867_LON90.24357,2022,90.24357280032979,23.968667371477327,0.10079971651357643,0.0027999824260198872,0.7706005400929429,0.12249977898475775,0.0032999819827031424,0.0,3,0,0,1,0,0,0,0,0.998857056274414,998857.0562744141
Y2022_LAT23.96884_LON90.25339,2022,90.25339081432813,23.968843514621888,0.1424003269528757,0.1285999493229961,0.6859997676731435,0.03969996989971421,0.0032999861512704952,0.0,3,0,0,1,0,0,0,0,0.9988708707199097,998870.8707199097
Y2022_LAT23.96902_LON90.26321,2022,90.2632089227475,23.969019030884144,0.5868878157013359,0.013602304180534689,0.3296642279655118,0.06984565215261768,0.0,0.0,1,1,0,0,0,0,0,0,0.6535695346069336,653569.5346069336
Y2022_LAT23.96919_LON90.27303,2022,90.27302712508032,23.969193920349003,0.965075773063306,0.0,0.0,0.03492422693669393,0.0,0.0,1,1,0,0,0,0,0,0,0.08580520124816894,85805.20124816895
Y2022_LAT23.96937_LON90.28285,2022,90.28284542130831,23.969368182886846,0.8827434695968956,0.0,0.11725653040310438,0.0,0.0,0.0,1,1,0,0,0,0,0,0,0.09030131080627442,90301.31080627441
Y2022_LAT23.97384_LON90.03721,2022,90.03721051980621,23.973843804404627,0.8549538538527547,0.001532176146874479,0.10980606105463978,0.0337079089457311,0.0,0.0,1,1,0,0,0,0,0,0,0.19551819928741454,195518.19928741455
Y2022_LAT23.97403_LON90.04703,2022,90.04702715495428,23.97403318543268,0.44861206358520406,0.013925029220815358,0.522810455672162,0.014652451521818585,0.0,0.0,3,0,0,1,0,0,0,0,0.9609245925598144,960924.5925598145
Y2022_LAT23.97422_LON90.05684,2022,90.05684389162556,23.974221939936697,0.12089968575247435,0.0061999703566847034,0.7840002673767413,0.08890007651409966,0.0,0.0,3,0,0,1,0,0,0,0,0.9985852652664184,998585.2652664185
Y2022_LAT23.97441_LON90.06666,2022,90.06666072936207,23.97441006783677,0.149700446017099,0.0,0.850299553982901,0.0,0.0,0.0,3,0,0,1,0,0,0,0,0.9986000101547241,998600.0101547241
Y2022_LAT23.9746_LON90.07648,2022,90.07647766794187,23.97459756908933,0.27689960272611114,0.0256999728487271,0.6898003870144471,0.0076000374107145705,0.0,0.0,3,0,0,1,0,0,0,0,0.9986147070388794,998614.7070388794
Y2022_LAT23.97478_LON90.08629,2022,90.0862947070933,23.974784443647522,0.24640002168167094,0.0,0.7530999749535143,0.0005000033648147475,0.0,0.0,3,0,0,1,0,0,0,0,0.9986293574752808,998629.3574752808
Y2022_LAT23.97497_LON90.09611,2022,90.0961118463249,23.974970691544694,0.3513993242292607,0.11069996711669722,0.4781007114072446,0.05979999724679754,0.0,0.0,3,0,0,1,0,0,0,1,0.9986439552917481,998643.955291748
Y2022_LAT23.97516_LON90.10593,2022,90.10592908534069,23.975156312692146,0.2584005044178361,0.0156999322597188,0.7007994279109756,0.025100135411469476,0.0,0.0,3,0,0,1,0,0,0,0,0.998658505065918,998658.505065918
Y2022_LAT23.97534_LON90.11575,2022,90.11574642392185,23.975341307190906,0.6025000945280565,0.02639995015668544,0.3480000999055843,0.023099855409673898,0.0,0.0,1,1,0,0,0,0,0,0,0.9986730073852539,998673.0073852539
Y2022_LAT23.97553_LON90.12556,2022,90.12556386161538,23.975525674822016,0.25929999085848326,0.026600067517204933,0.7140999416243118,0.0,0.0,0.0,3,0,0,1,0,0,0,0,0.9986874587554931,998687.4587554932
Y2022_LAT23.97571_LON90.13538,2022,90.13538139813804,23.975709415773085,0.15539936177586586,0.0039000052405622787,0.8407006329835719,0.0,0.0,0.0,3,0,0,1,0,0,0,0,0.9987018624343872,998701.8624343872
Y2022_LAT23.97589_LON90.1452,2022,90.14519903300263,23.975892529839115,0.1554999817987771,0.014599957158611749,0.8299000610426112,0.0,0.0,0.0,3,0,0,1,0,0,0,0,0.9987162159423828,998716.2159423828
Y2022_LAT23.97608_LON90.15502,2022,90.1550167662372,23.976075017126078,0.2351004723397826,0.0,0.7648995276602174,0.0,0.0,0.0,3,0,0,1,0,0,0,0,0.9987305213241577,998730.5213241577
Y2022_LAT23.97626_LON90.16483,2022,90.16483459705708,23.976256877577896,0.08710005721353015,0.127600441892356,0.7836995075775763,0.0015999933165375302,0.0,0.0,3,0,0,1,0,0,0,0,0.9987447782287597,998744.7782287598
Y2022_LAT23.97644_LON90.17465,2022,90.17465252544086,23.976438111140663,0.2840998209564082,0.172099254159254,0.5438009248843378,0.0,0.0,0.0,3,0,0,1,0,0,0,0,0.9987589842224122,998758.9842224121
Y2022_LAT23.97662_LON90.18447,2022,90.18447055098922,23.97661871773375,0.47580062229693526,0.0,0.5241993777030648,0.0,0.0,0.0,3,0,0,1,0,0,0,0,0.9987731424865722,998773.1424865723
Y2022_LAT23.9768_LON90.19429,2022,90.19428867323285,23.97679869744215,0.598798836355205,0.00860005195213751,0.39170110544797315,0.0009000062446841255,0.0,0.0,1,1,0,0,0,0,0,0,0.9987872525482178,998787.2525482178
Y2022_LAT23.97698_LON90.20411,2022,90.20410689194429,23.976978050127602,0.19379991481321807,0.18579992621641334,0.6120001467337188,0.008400012236649745,0.0,0.0,3,0,0,1,0,0,0,0,0.9988013113479615,998801.3113479614
Y2022_LAT23.97716_LON90.21393,2022,90.21392520686369,23.977156775852194,0.10769989102751867,0.061699686841226245,0.561800020617076,0.26880040151417905,0.0,0.0,3,0,0,1,0,0,0,0,0.9988153198242188,998815.3198242188
Y2022_LAT23.97733_LON90.22374,2022,90.22374361751692,23.977334874635005,0.3047996966949037,0.04730002898528088,0.6398002488889888,0.008100025430826654,0.0,0.0,3,0,0,1,0,0,0,0,0.9988292841339111,998829.2841339111
Y2022_LAT23.97751_LON90.23356,2022,90.23356212365879,23.97751234636371,0.1483999280128401,0.01860009319619625,0.7515997926456145,0.0814001861453492,0.0,0.0,3,0,0,1,0,0,0,0,0.998843196220398,998843.196220398
Y2022_LAT23.97769_LON90.24338,2022,90.2433807248103,23.97768919106518,0.20200038862383102,0.10599968103537516,0.653000029528424,0.03899990081236988,0.0,0.0,3,0,0,1,0,0,0,0,0.9988570591583252,998857.0591583252
Y2022_LAT23.97787_LON90.2532,2022,90.2531994208089,23.977865408622943,0.7305637563301836,0.013814489544116394,0.1809804613121776,0.07464129281352246,0.0,0.0,1,1,0,0,0,0,0,0,0.9327452479476929,932745.2479476929
Y2022_LAT23.97804_LON90.26302,2022,90.26301821134744,23.978040999082296,0.330868806444933,0.0,0.6016633854475957,0.06746780810747148,0.0,0.0,3,0,0,1,0,0,0,0,0.10807878334808349,108078.7833480835
Y2022_LAT23.98286_LON90.037,2022,90.03700402643314,23.982863987226168,0.353590743105297,0.07550629253072566,0.5234812290021943,0.04742173536178305,0.0,0.0,3,0,0,1,0,0,0,0,0.2168873693008423,216887.36930084229
Y2022_LAT23.98305_LON90.04682,2022,90.04682134329869,23.983053448325194,0.2750163368859086,0.008391790029931016,0.6732519090669904,0.04333996401717006,0.0,0.0,3,0,0,1,0,0,0,0,0.940054517501831,940054.517501831
Y2022_LAT23.98324_LON90.05664,2022,90.05663876174621,23.98324228254006,0.3135996801032549,0.009799992536670401,0.5843007675801091,0.09229955977996579,0.0,0.0,3,0,0,1,0,0,0,0,0.9985852687988281,998585.2687988281
Y2022_LAT23.98343_LON90.06646,2022,90.06645628123246,23.98343048982159,0.40800074047971513,0.020100026847973435,0.5718992326723115,0.0,0.0,0.0,3,0,0,1,0,0,0,0,0.9986000144195557,998600.0144195557
Y2022_LAT23.98362_LON90.07627,2022,90.07627390172335,23.98361807027664,0.12360045855012047,0.0,0.8269992900852803,0.04940025136459925,0.0,0.0,3,0,0,1,0,0,0,0,0.998614710105896,998614.710105896
Y2022_LAT23.98381_LON90.08609,2022,90.08609162271958,23.9838050238103,0.12299978741715213,0.010800059887589678,0.8597001974790375,0.0064999552162207245,0.0,0.0,3,0,0,1,0,0,0,0,0.9986293603210449,998629.3603210449
Y2022_LAT23.98399_LON90.09591,2022,90.09590944385178,23.983991350348965,0.16900073432952886,0.061900055630071525,0.7132990391566495,0.05580017088375022,0.0,0.0,3,0,0,1,0,0,0,0,0.9986439589767456,998643.9589767456
Y2022_LAT23.98418_LON90.10573,2022,90.10572736482118,23.984177050016708,0.38669916772811125,0.03200001796874603,0.5744008254448516,0.006899988858291102,0.0,0.0,3,0,0,1,0,0,0,0,0.9986585085296631,998658.5085296631
Y2022_LAT23.98436_LON90.11555,2022,90.11554538531021,23.984362122614808,0.3753005568948612,0.05760014027468058,0.5666993042632585,0.0003999985671996416,0.0,0.0,3,0,0,1,0,0,0,0,0.9986730108413696,998673.0108413696
Y2022_LAT23.98455_LON90.12536,2022,90.12536350504517,23.984546568254345,0.11149959698818301,0.05539991847585789,0.8331004845359591,0.0,0.0,0.0,3,0,0,1,0,0,0,0,0.9986874631347656,998687.4631347656
Y2022_LAT23.98473_LON90.13518,2022,90.13518172355465,23.984730386793192,0.22039979651662225,0.025500114634066533,0.7541000888493112,0.0,0.0,0.0,3,0,0,1,0,0,0,0,0.998701866355896,998701.866355896
Y2022_LAT23.98491_LON90.145,2022,90.14500004052871,23.98491357826769,0.2612006496531552,0.08130025354020916,0.6574990968066357,0.0,0.0,0.0,3,0,0,1,0,0,0,0,0.9987162203292846,998716.2203292847
Y2022_LAT23.9851_LON90.15482,2022,90.1548184558327,23.9850961426335,0.0067999560009589215,0.0,0.993200043999041,0.0,0.0,0.0,3,0,0,1,0,0,0,0,0.9987305256576539,998730.5256576538
Y2022_LAT23.98528_LON90.16464,2022,90.16463696878233,23.985278079884445,0.3508001012970902,0.08760028716068757,0.5615996115422223,0.0,0.0,0.0,3,0,0,1,0,0,0,0,0.9987447810516358,998744.7810516357
Y2022_LAT23.98546_LON90.17446,2022,90.17445557925724,23.98545938995834,0.11949996770375158,0.06559985753702001,0.8149001747592284,0.0,0.0,0.0,3,0,0,1,0,0,0,0,0.9987589874191284,998758.9874191284
Y2022_LAT23.98564_LON90.18427,2022,90.18427428700817,23.9856400729411,0.2953006528665877,0.0398001343733359,0.6500992767599604,0.01479993600011607,0.0,0.0,3,0,0,1,0,0,0,0,0.9987731450576782,998773.1450576782
Y2022_LAT23.98582_LON90.19409,2022,90.19409309144393,23.985820128648346,0.3322986889887314,0.0,0.6677013110112686,0.0,0.0,0.0,3,0,0,1,0,0,0,0,0.9987872550125122,998787.2550125122
Y2022_LAT23.986_LON90.20391,2022,90.20391199242617,23.98599955722351,0.09730032159549931,0.004400010571958953,0.8919996660847566,0.0063000017477852,0.0,0.0,3,0,0,1,0,0,0,0,0.9988013145675659,998801.3145675659
Y2022_LAT23.98618_LON90.21373,2022,90.21373098958487,23.986178358547683,0.1751995789682177,0.0036999948867127916,0.5773002698363529,0.24380015630871663,0.0,0.0,3,0,0,1,0,0,0,0,0.9988153229064941,998815.3229064941
Y2022_LAT23.98636_LON90.22355,2022,90.22355008253786,23.986356532477554,0.3630006545605605,0.007299975984832982,0.5782992786570564,0.05140009079754999,0.0,0.0,3,0,0,1,0,0,0,0,0.9988292872085571,998829.2872085571
Y2022_LAT23.98653_LON90.23337,2022,90.23336927093084,23.986534079154005,0.6938999944983844,0.10330022040404803,0.17199966214023052,0.03080012295733723,0.0,0.0,1,1,0,0,0,0,0,0,0.9988431993408203,998843.1993408203
Y2022_LAT23.98671_LON90.24319,2022,90.24318855456185,23.986710998531812,0.7777005500281239,0.10669979468129646,0.08729978755669689,0.028299867733882825,0.0,0.0,1,1,0,0,0,0,0,0,0.9988570621261597,998857.0621261597
Y2022_LAT23.98689_LON90.25301,2022,90.25300793288221,23.986887290569346,0.9365552090221864,0.023543939770366607,0.0,0.03990085120744705,0.0,0.0,1,1,0,0,0,0,0,0,0.4030429231491089,403042.9231491089
Y2022_LAT23.99207_LON90.04662,2022,90.04661543010013,23.992073698764727,0.07766973874018443,0.2642921678394988,0.6580380934203167,0.0,0.0,0.0,3,0,0,1,0,0,0,0,0.09256783625793458,92567.83625793457
Y2022_LAT23.99226_LON90.05643,2022,90.05643353060012,23.99226261272556,0.288299769491799,0.023068401337743145,0.6699784194193787,0.01865340975107907,0.0,0.0,3,0,0,1,0,0,0,0,0.9047187324447632,904718.7324447632
Y2022_LAT23.99245_LON90.06625,2022,90.0662517323497,23.99245089958671,0.17750022808277396,0.019500094768007573,0.8029996771492185,0.0,0.0,0.0,3,0,0,1,0,0,0,0,0.9986000174331665,998600.0174331665
Y2022_LAT23.99264_LON90.07607,2022,90.07607003497604,23.992638559336502,0.2915999623372826,0.0020999849923884185,0.6535997626137854,0.0527002900565438,0.0,0.0,3,0,0,1,0,0,0,0,0.9986147139511108,998614.7139511108
Y2022_LAT23.99283_LON90.08589,2022,90.08588843813719,23.992825591785948,0.30540068383843944,0.016599995560863497,0.6489995121889403,0.028999808411756835,0.0,0.0,3,0,0,1,0,0,0,0,0.9986293641281128,998629.3641281128
Y2022_LAT23.99301_LON90.09571,2022,90.09570694155349,23.993011997118185,0.644800604784295,0.023600009863879334,0.28449937771673384,0.047100007635091784,0.0,0.0,1,1,0,0,0,0,0,0,0.9986439620437622,998643.9620437622
Y2022_LAT23.9932_LON90.10553,2022,90.1055255447771,23.993197775140846,0.037999963785769635,0.0,0.9594000406308669,0.002599995583363466,0.0,0.0,3,0,0,1,0,0,0,0,0.9986585121765137,998658.5121765137
Y2022_LAT23.99338_LON90.11534,2022,90.11534424756522,23.99338292596083,0.11079967658477306,0.00500001622881079,0.8804003218655998,0.003799985320816344,0.0,0.0,3,0,0,1,0,0,0,0,0.9986730143432617,998673.0143432617
Y2022_LAT23.99357_LON90.12516,2022,90.1251630496369,23.993567449479496,0.06240011385579955,0.02620007283126556,0.9113998133129348,0.0,0.0,0.0,3,0,0,1,0,0,0,0,0.9986874652862548,998687.4652862549
Y2022_LAT23.99375_LON90.13498,2022,90.13498195048736,23.993751345642877,0.13429976012422318,0.20899966862898786,0.6567005712467889,0.0,0.0,0.0,3,0,0,1,0,0,0,0,0.9987018694381714,998701.8694381714
Y2022_LAT23.99393_LON90.1448,2022,90.14480094986662,23.993934614536396,0.09800009495446566,0.0060000158606477874,0.8959998891848866,0.0,0.0,0.0,3,0,0,1,0,0,0,0,0.9987162231216431,998716.2231216431
Y2022_LAT23.99412_LON90.15462,2022,90.15462004752416,23.994117256035924,0.1812997541724925,0.02460009175786734,0.7941001540696402,0.0,0.0,0.0,3,0,0,1,0,0,0,0,0.9987305287246704,998730.5287246704
Y2022_LAT23.9943_LON90.16444,2022,90.16443924301608,23.99429927011732,0.31499882770694737,0.09669971685554142,0.5883014554375112,0.0,0.0,0.0,3,0,0,1,0,0,0,0,0.998744783744812,998744.783744812
Y2022_LAT23.99448_LON90.17426,2022,90.17425853595219,23.99448065679874,0.1540994557797784,0.005600017137289232,0.8403005270829323,0.0,0.0,0.0,3,0,0,1,0,0,0,0,0.9987589925613404,998758.9925613403
Y2022_LAT23.99466_LON90.18408,2022,90.18407792612972,23.994661416030453,0.4733005754269324,0.07310008954519413,0.4535993350278735,0.0,0.0,0.0,1,1,0,0,0,0,0,1,0.9987731491622924,998773.1491622925
Y2022_LAT23.99484_LON90.1939,2022,90.193897413242,23.994841547842743,0.12809963906996638,0.0,0.87160036280196,0.0002999981280734647,0.0,0.0,3,0,0,1,0,0,0,0,0.998787258392334,998787.258392334
Y2022_LAT23.99502_LON90.20372,2022,90.20371699672887,23.995021052140032,0.19510038611191452,0.06190029312495834,0.7429993207631271,0.0,0.0,0.0,3,0,0,1,0,0,0,0,0.9988013177947999,998801.3177947998
Y2022_LAT23.9952_LON90.21354,2022,90.21353667649774,23.995199928919764,0.15039973786394242,0.18030031668622154,0.47009932150748995,0.19920062394234606,0.0,0.0,3,0,0,1,0,0,0,1,0.9988153294296265,998815.3294296265
Y2022_LAT23.99538_LON90.22336,2022,90.22335645208524,23.995378178219756,0.028900061895908023,0.15029976757016894,0.6269008389692247,0.19389933156469838,0.0,0.0,3,0,0,1,0,0,0,0,0.9988292904434204,998829.2904434204
Y2022_LAT23.99556_LON90.23318,2022,90.23317632312855,23.99555579991514,0.2842003609286727,0.2990007416612665,0.369498827069105,0.047300070340955847,0.0,0.0,3,0,0,1,0,0,0,1,0.9988432019958496,998843.2019958496
Y2022_LAT23.99573_LON90.243,2022,90.24299628940503,23.995732794001327,0.9260003619207777,0.047499750401427863,0.0069999565250103285,0.019499931152784148,0.0,0.0,1,1,0,0,0,0,0,0,0.9988570652999877,998857.0652999878
Y2022_LAT23.99591_LON90.25282,2022,90.25281635055009,23.995909160573362,0.9938938543947009,0.0,0.0,0.0061061456052990465,0.0,0.0,1,1,0,0,0,0,0,0,0.6379774355926514,637977.4355926514
Y2022_LAT24.00071_LON90.02677,2022,90.02677215455752,24.000714067507797,0.3041243578858036,0.0,0.6958756421141964,0.0,0.0,0.0,3,0,0,1,0,0,0,0,0.07748695835876465,77486.95835876465
Y2022_LAT24.0009_LON90.03659,2022,90.03659073394734,24.000904315890693,0.0,0.0,1.0,0.0,0.0,0.0,3,0,0,1,0,0,0,0,0.009686047241210938,9686.047241210938
Y2022_LAT24.00109_LON90.04641,2022,90.04640941533675,24.00109393706591,0.17875257509786843,0.09970653268086538,0.7215408922212662,0.0,0.0,0.0,3,0,0,1,0,0,0,0,0.7491284092941284,749128.4092941284
Y2022_LAT24.00128_LON90.05623,2022,90.05622819828714,24.001282930860743,0.36567325510810966,0.29189574844937993,0.3424309964425104,0.0,0.0,0.0,1,1,0,0,0,0,0,1,0.8378136173934937,837813.6173934937
Y2022_LAT24.00147_LON90.06605,2022,90.06604708253283,24.001471297199046,0.1289993603851539,0.1044997158141933,0.7452009911594443,0.02129993264120857,0.0,0.0,3,0,0,1,0,0,0,0,0.9986000206069946,998600.0206069946
Y2022_LAT24.00166_LON90.07587,2022,90.07586606760358,24.00165903601108,0.4450004919404792,0.00400001314809664,0.5493994922008822,0.0016000027105419756,0.0,0.0,3,0,0,1,0,0,0,0,0.9986147175598145,998614.7175598145
Y2022_LAT24.00185_LON90.08569,2022,90.08568515340238,24.00184614755451,0.14130003250782458,0.0019999914377729945,0.855899974760912,0.0008000012934904303,0.0,0.0,3,0,0,1,0,0,0,0,0.9986293667984009,998629.3667984009
Y2022_LAT24.00203_LON90.0955,2022,90.09550433935439,24.002032631581265,0.27950011833053856,0.12610012078289815,0.5255998156675256,0.06879994521903791,0.0,0.0,3,0,0,1,0,0,0,0,0.9986439658889771,998643.965888977
Y2022_LAT24.00222_LON90.10532,2022,90.1053236252335,24.002218488110845,0.25750056443112973,0.009700025306356384,0.7303993972170656,0.0024000130454482674,0.0,0.0,3,0,0,1,0,0,0,0,0.9986585152969361,998658.515296936
Y2022_LAT24.0024_LON90.11514,2022,90.11514301061867,24.00240371702454,0.1751003646580283,0.027800026240998116,0.7781996839756606,0.018399926995776,0.0004999981295369702,0.0,3,0,0,1,0,0,0,0,0.9986730169677734,998673.0169677734
Y2022_LAT24.00259_LON90.12496,2022,90.12496249532208,24.00258831841588,0.16820017938364745,0.0799997939510511,0.7518000266653014,0.0,0.0,0.0,3,0,0,1,0,0,0,0,0.9986874697494507,998687.4697494507
Y2022_LAT24.00277_LON90.13478,2022,90.13478207889872,24.002772292308027,0.2652003147013783,0.10450032762511677,0.630299357673505,0.0,0.0,0.0,3,0,0,1,0,0,0,0,0.9987018727035523,998701.8727035522
Y2022_LAT24.00296_LON90.1446,2022,90.14460176103334,24.002955638543433,0.24310002587800913,0.18949975536801558,0.5674002187539753,0.0,0.0,0.0,3,0,0,1,0,0,0,0,0.9987162255859375,998716.2255859375
Y2022_LAT24.00314_LON90.15442,2022,90.15442154138915,24.00313835715581,0.3531997048829723,0.12399979957176502,0.5228004955452626,0.0,0.0,0.0,3,0,0,1,0,0,0,0,0.9987305312728881,998730.5312728882
Y2022_LAT24.00332_LON90.16424,2022,90.16424141964353,24.00332044815204,0.1489663912828831,0.1642396309522191,0.6867939777648978,0.0,0.0,0.0,3,0,0,1,0,0,0,0,0.9808671385192871,980867.1385192871
Y2022_LAT24.0035_LON90.17406,2022,90.17406139547691,24.00350191142814,0.3890182614642841,0.08255419253167107,0.5284275460040448,0.0,0.0,0.0,3,0,0,1,0,0,0,0,0.2564809611053467,256480.96110534668
Y2022_LAT24.00368_LON90.18388,2022,90.18388146853671,24.003682747040553,0.5551429025066053,0.019024993513526905,0.407996156732493,0.017835947247374823,0.0,0.0,1,1,0,0,0,0,0,0,0.6719757221679687,671975.7221679688
Y2022_LAT24.00386_LON90.1937,2022,90.19370163840667,24.003862954888493,0.20538253814517932,0.11758114698039372,0.672533681847701,0.004502633026726094,0.0,0.0,3,0,0,1,0,0,0,0,0.9760148206787109,976014.8206787109
Y2022_LAT24.00404_LON90.20352,2022,90.20352190487804,24.004042534973074,0.29224290026718075,0.06456514523426726,0.6374502192185225,0.005741735280029477,0.0,0.0,3,0,0,1,0,0,0,0,0.8523765694580078,852376.5694580078
Y2022_LAT24.00422_LON90.21334,2022,90.21334226757082,24.00422148730903,0.055314886002214986,0.40613848399605057,0.42309025296335295,0.11545637703838148,0.0,0.0,3,0,0,1,0,0,0,1,0.8071421149368286,807142.1149368286
Y2022_LAT24.0044_LON90.22316,2022,90.22316272609173,24.004399811826477,0.1061331923744005,0.6439712959297008,0.19355465863889848,0.05634085305700019,0.0,0.0,2,0,1,0,0,0,0,0,0.9608739478302002,960873.9478302002
Y2022_LAT24.00458_LON90.23298,2022,90.23298328017596,24.00457750857473,0.2581494604449252,0.5621595973217134,0.1496031466060887,0.030087795627272738,0.0,0.0,2,0,1,0,0,0,0,0,0.9560926986541748,956092.6986541748
Y2022_LAT24.00475_LON90.2428,2022,90.24280392946517,24.004754577451283,0.7654838516424093,0.21275283009658397,0.021254829166239046,0.0005084890947677112,0.0,0.0,1,1,0,0,0,0,0,0,0.9821762474136353,982176.2474136353
Y2022_LAT24.00493_LON90.25262,2022,90.2526246736737,24.004931018398594,0.39433737692148424,0.34325245810911603,0.1943389354094008,0.06807122955999892,0.0,0.0,1,1,0,0,0,0,0,1,0.7586413481063843,758641.3481063843
Y2022_LAT24.00511_LON90.26245,2022,90.26244551224927,24.005106831446067,0.0,0.0,1.0,0.0,0.0,0.0,3,0,0,1,0,0,0,0,0.028567949981689454,28567.949981689453
Y2022_LAT24.00935_LON90.00693,2022,90.00692645556579,24.009351592831333,0.39515377014641195,0.21342024931487785,0.30195727714175896,0.0894687033969512,0.0,0.0,1,1,0,0,0,0,0,1,0.2142814344406128,214281.4344406128
Y2022_LAT24.00954_LON90.01675,2022,90.0167455127659,24.009543176768688,0.176079113578269,0.10721789258066443,0.7167029938410666,0.0,0.0,0.0,3,0,0,1,0,0,0,0,0.3306114072036743,330611.4072036743
Y2022_LAT24.00973_LON90.02656,2022,90.02656467272134,24.00973413308127,0.18304547466394575,0.06490020994675087,0.7520543153893033,0.0,0.0,0.0,3,0,0,1,0,0,0,0,0.813911564086914,813911.5640869141
Y2022_LAT24.00992_LON90.03638,2022,90.0363839348386,24.00992446192118,0.09398068704135006,0.07826595385422312,0.8269316699389905,0.0008216891654363197,0.0,0.0,3,0,0,1,0,0,0,0,0.972193871925354,972193.871925354
Y2022_LAT24.01011_LON90.0462,2022,90.04620329900287,24.010114163037514,0.07630021718435342,0.0,0.9225997775996132,0.0011000052160333766,0.0,0.0,3,0,0,1,0,0,0,0,0.9985704824371338,998570.4824371338
Y2022_LAT24.0103_LON90.05602,2022,90.05602276473513,24.01030323653413,0.1806002301021433,0.017500080645573717,0.7616996334883233,0.04020005576395974,0.0,0.0,3,0,0,1,0,0,0,0,0.9985852785720826,998585.2785720825
Y2022_LAT24.01049_LON90.06584,2022,90.06584233176525,24.01049168243344,0.4365003225226258,0.18269972193913123,0.33379996958628355,0.046999985951959374,0.0,0.0,1,1,0,0,0,0,0,1,0.9986000247268677,998600.0247268677
Y2022_LAT24.01068_LON90.07566,2022,90.07566199971286,24.010679500663898,0.7223001360862019,0.0469002855626976,0.22019953231940317,0.010600046031697362,0.0,0.0,1,1,0,0,0,0,0,0,0.9986147206802368,998614.7206802368
Y2022_LAT24.01087_LON90.08548,2022,90.08548176839925,24.010866691120324,0.3416996280251427,0.1583001531614565,0.4969002364121407,0.003099982401260122,0.0,0.0,3,0,0,1,0,0,0,1,0.9986293707580567,998629.3707580566
Y2022_LAT24.01105_LON90.0953,2022,90.09530163723639,24.011053253815835,0.17979992498001648,0.12219975329888387,0.6619003085353063,0.03610001318579341,0.0,0.0,3,0,0,1,0,0,0,0,0.9986439687576294,998643.9687576294
Y2022_LAT24.01124_LON90.10512,2022,90.10512160607054,24.01123918877232,0.3002001028976727,0.10150015636388816,0.5982997407384392,0.0,0.0,0.0,3,0,0,1,0,0,0,0,0.998658519317627,998658.519317627
Y2022_LAT24.01142_LON90.11494,2022,90.11494167441529,24.011424495946347,0.3205004884656274,0.15420002933931107,0.5252994821950615,0.0,0.0,0.0,3,0,0,1,0,0,0,0,0.998673021118164,998673.0211181641
Y2022_LAT24.01161_LON90.12476,2022,90.12476184214272,24.01160917528913,0.264699474703916,0.08369992855584231,0.6516005967402416,0.0,0.0,0.0,3,0,0,1,0,0,0,0,0.998687472694397,998687.472694397
Y2022_LAT24.01179_LON90.13458,2022,90.13458210874504,24.011793226804958,0.10530046041258478,0.05000008416764011,0.8446994554197751,0.0,0.0,0.0,3,0,0,1,0,0,0,0,0.9987018765716553,998701.8765716553
Y2022_LAT24.01198_LON90.1444,2022,90.14440247393608,24.01197665041393,0.22529973414004614,0.1335002790278166,0.6411999868321372,0.0,0.0,0.0,3,0,0,1,0,0,0,0,0.9987162300262451,998716.2300262451
Y2022_LAT24.01216_LON90.15422,2022,90.15422293740608,24.012159446180302,0.11199972946491493,0.37389970218621743,0.5141005683488676,0.0,0.0,0.0,3,0,0,1,0,0,0,0,0.9987305355453491,998730.5355453491
Y2022_LAT24.01234_LON90.16404,2022,90.1640434987687,24.012341613997805,0.18252978963003427,0.18044249473591806,0.6370277156340477,0.0,0.0,0.0,3,0,0,1,0,0,0,0,0.5739772430114746,573977.2430114746
Y2022_LAT24.0127_LON90.18368,2022,90.18368491398347,24.012704065831226,0.6229508219894118,0.15672132350401766,0.22032785450657058,0.0,0.0,0.0,1,1,0,0,0,0,0,0,0.15231357847595214,152313.57847595215
Y2022_LAT24.01288_LON90.19351,2022,90.19350576707565,24.012884349796376,0.13472392445066972,0.22347971985604628,0.641796355693284,0.0,0.0,0.0,3,0,0,1,0,0,0,0,0.2824561531143189,282456.15311431885
Y2022_LAT24.01306_LON90.20333,2022,90.20332671680983,24.01306400570573,0.0,0.0,1.0,0.0,0.0,0.0,3,0,0,1,0,0,0,0,0.0652215040359497,65221.50403594971
Y2022_LAT24.01324_LON90.21315,2022,90.21314776275689,24.01324303362963,0.0,0.0,1.0,0.0,0.0,0.0,3,0,0,1,0,0,0,0,0.03136264914703369,31362.64914703369
Y2022_LAT24.01342_LON90.22297,2022,90.22296890459543,24.01342143342227,0.16015661792724672,0.43749993322047687,0.4023434488522764,0.0,0.0,0.0,2,0,1,0,0,0,0,1,0.025570021812438965,25570.021812438965
Y2022_LAT24.01378_LON90.24261,2022,90.24261147465621,24.013776348732712,0.5999749676332216,0.2072545659177268,0.16816144915824363,0.02460901729080795,0.0,0.0,1,1,0,0,0,0,0,0,0.7793094709320069,779309.4709320068
Y2022_LAT24.01395_LON90.25243,2022,90.2524329021685,24.013952864169255,0.43886043183299006,0.03740912321754921,0.523609379747554,0.00012106520190683208,0.0,0.0,3,0,0,1,0,0,0,0,0.8250668649902344,825066.8649902344
Y2022_LAT24.01413_LON90.26225,2022,90.26225442429529,24.01412875148566,0.0,0.0,1.0,0.0,0.0,0.0,3,0,0,1,0,0,0,0,0.12116408152770997,121164.08152770996
Y2022_LAT24.01837_LON90.00672,2022,90.00671750543356,24.018371484734054,0.4195551513203609,0.16398468062846283,0.41646016805117625,0.0,0.0,0.0,1,1,0,0,0,0,0,1,0.16135979586791993,161359.79586791992
Y2022_LAT24.01856_LON90.01654,2022,90.01653724561554,24.018563149446305,0.19555208033542926,0.08860930119265097,0.69869380445246,0.017144814019459803,0.0,0.0,3,0,0,1,0,0,0,0,0.5882329226074219,588232.9226074219
Y2022_LAT24.01875_LON90.02636,2022,90.02635708857962,24.018754186457038,0.1462074514343668,0.04971314590539549,0.8026136579373941,0.0014657447228435747,0.0,0.0,3,0,0,1,0,0,0,0,0.8175051090164185,817505.1090164185
Y2022_LAT24.01894_LON90.03618,2022,90.03617703379972,24.018944595524587,0.12958244390143564,0.13847030713214728,0.731947248966417,0.0,0.0,0.0,3,0,0,1,0,0,0,0,0.9886700053482056,988670.0053482056
Y2022_LAT24.01913_LON90.046,2022,90.0459970810189,24.01913437675637,0.0752999291156819,0.0038000006665503774,0.9107000800233896,0.010199990194378112,0.0,0.0,3,0,0,1,0,0,0,0,0.9985704858856201,998570.4858856201
Y2022_LAT24.01932_LON90.05582,2022,90.05581722992184,24.019323530082506,0.30769961251357125,0.02330006815734874,0.6157002952132246,0.053300024115855424,0.0,0.0,3,0,0,1,0,0,0,0,0.9985852817382812,998585.2817382812
Y2022_LAT24.01951_LON90.06564,2022,90.06563748003342,24.0195120554735,0.3697003425496872,0.1888000900214499,0.397799589747021,0.043699977681841896,0.0,0.0,3,0,0,1,0,0,0,1,0.9986000276107788,998600.0276107788
Y2022_LAT24.0197_LON90.07546,2022,90.07545783126656,24.019699952918344,0.4600994440140152,0.1768003913350632,0.31010030740258115,0.0529998572483404,0.0,0.0,1,1,0,0,0,0,0,1,0.9986147250518799,998614.7250518799
Y2022_LAT24.01989_LON90.08528,2022,90.08527828307327,24.019887222368435,0.1491004308029257,0.09119967906622314,0.7087998633974858,0.0509000267333654,0.0,0.0,3,0,0,1,0,0,0,0,0.9986293733978272,998629.3733978271
Y2022_LAT24.02007_LON90.0951,2022,90.09509883521426,24.02007386384001,0.19412013698708327,0.004882184033179438,0.7963277849156845,0.0046698940640527925,0.0,0.0,3,0,0,1,0,0,0,0,0.9409220185775757,940922.0185775757
Y2022_LAT24.02026_LON90.10492,2022,90.1049194872924,24.02025987727862,0.17980743782344996,0.007167347609958442,0.8130252145665916,0.0,0.0,0.0,3,0,0,1,0,0,0,0,0.3204692573928833,320469.2573928833
Y2022_LAT24.02045_LON90.11474,2022,90.11474023897387,24.02044526268811,0.48383177737525834,0.006006643623721453,0.5082594938652896,0.0019020851357306088,0.0,0.0,3,0,0,1,0,0,0,0,0.997574490951538,997574.4909515381
Y2022_LAT24.02063_LON90.12456,2022,90.12456109000473,24.020630019989614,0.13920026016632822,0.01820008570683895,0.8425996541268328,0.0,0.0,0.0,3,0,0,1,0,0,0,0,0.9986874754257202,998687.4754257202
Y2022_LAT24.02081_LON90.13438,2022,90.134382039963,24.020814149124085,0.8027999029402156,0.030000022531690256,0.1672000745280941,0.0,0.0,0.0,1,1,0,0,0,0,0,0,0.9987018795166016,998701.8795166016
Y2022_LAT24.021_LON90.1442,2022,90.1442030886186,24.02099765017474,0.11833504697822698,0.30589249726900986,0.5757724557527631,0.0,0.0,0.0,3,0,0,1,0,0,0,0,0.998416616355896,998416.616355896
Y2022_LAT24.02118_LON90.15402,2022,90.15402423550923,24.021180523111386,0.1543057020305261,0.48954061667779253,0.35615368129168135,0.0,0.0,0.0,2,0,1,0,0,0,0,1,0.7352647973632812,735264.7973632812
Y2022_LAT24.02136_LON90.16385,2022,90.16384548029855,24.021362767818765,0.0,0.587995960648399,0.41200403935160107,0.0,0.0,0.0,2,0,1,0,0,0,0,0,0.0981760906677246,98176.09066772461
Y2022_LAT24.0228_LON90.24242,2022,90.2424189249264,24.022798108014854,0.863117898422353,0.018988014555205327,0.10070859516019987,0.01718549186224182,0.0,0.0,1,1,0,0,0,0,0,0,0.8311499176559448,831149.9176559448
Y2022_LAT24.02297_LON90.25224,2022,90.25224103617214,24.022974697941994,0.7683051104539936,0.23031984768289832,0.0,0.0013750418631080672,0.0,0.0,1,1,0,0,0,0,0,0,0.2905701661148071,290570.1661148071
Y2022_LAT24.02739_LON90.00651,2022,90.00650845226181,24.02739136426117,0.30158737304701516,0.6984126269529849,0.0,0.0,0.0,0.0,2,0,1,0,0,0,0,0,0.01258132022857666,12581.32022857666
Y2022_LAT24.02758_LON90.01633,2022,90.01632887578877,24.027583109939343,0.4858995342151985,0.04879133893451193,0.38428846831335006,0.08102065853693964,0.0,0.0,1,1,0,0,0,0,0,1,0.44614263244628904,446142.63244628906
Y2022_LAT24.02777_LON90.02615,2022,90.02614940218974,24.027774227450884,0.5155481436201778,0.07310410135530436,0.317512226905992,0.09383552811852601,0.0,0.0,1,1,0,0,0,0,0,0,0.18303205152893065,183032.05152893066
Y2022_LAT24.02796_LON90.03597,2022,90.03597003069595,24.027964716901543,0.24431838965734526,0.06960219505948578,0.686079415283169,0.0,0.0,0.0,3,0,0,1,0,0,0,0,0.14059707320404052,140597.07320404053
Y2022_LAT24.02815_LON90.04579,2022,90.04579076145403,24.028154578179574,0.1830811325825743,0.16518766837641177,0.6286611167627477,0.023070082278266225,0.0,0.0,3,0,0,1,0,0,0,0,0.6752337200775147,675233.7200775146
Y2022_LAT24.02834_LON90.05561,2022,90.05561159372064,24.02834381130787,0.47488199728146546,0.047450260666565644,0.47766774205196894,0.0,0.0,0.0,3,0,0,1,0,0,0,1,0.7891819902648926,789181.9902648926
Y2022_LAT24.02853_LON90.06543,2022,90.06543252742239,24.028532416215814,0.1921201012554924,0.12364096954702489,0.6769137175945226,0.007325211602960148,0.0,0.0,3,0,0,1,0,0,0,0,0.8997389232025147,899738.9232025146
Y2022_LAT24.02872_LON90.07525,2022,90.07525356212062,24.02872039298285,0.6065347352875692,0.012736166837875476,0.3807290978745554,0.0,0.0,0.0,1,1,0,0,0,0,0,0,0.9565732304611206,956573.2304611206
Y2022_LAT24.02891_LON90.08507,2022,90.08507469747711,24.02890774142831,0.1341154711819388,0.029090270027023336,0.8367942587910379,0.0,0.0,0.0,3,0,0,1,0,0,0,0,0.9955336113662719,995533.611366272
Y2022_LAT24.02909_LON90.0949,2022,90.0948959331981,24.029094461614562,0.0,0.029797358144581797,0.9702026418554182,0.0,0.0,0.0,3,0,0,1,0,0,0,0,0.41892969788360596,418929.69788360596
Y2022_LAT24.02928_LON90.10472,2022,90.10471726886135,24.029280553518188,0.0,0.0,0.0,0.0,0.0,0.0,1,1,0,0,0,0,0,1,0.0,0.0
Y2022_LAT24.02947_LON90.11454,2022,90.11453870427195,24.029466017085266,0.0,0.0,1.0,0.0,0.0,0.0,3,0,0,1,0,0,0,0,0.2260991318511963,226099.1318511963
Y2022_LAT24.02965_LON90.12436,2022,90.12436023893018,24.02965085236639,0.14077303553354292,0.0,0.8592269644664571,0.0,0.0,0.0,3,0,0,1,0,0,0,0,0.6228819507522583,622881.9507522583
Y2022_LAT24.02984_LON90.13418,2022,90.13418187256471,24.0298350592277,0.11399628560682667,0.0,0.8860037143931733,0.0,0.0,0.0,3,0,0,1,0,0,0,0,0.769200195137024,769200.1951370239
Y2022_LAT24.03002_LON90.144,2022,90.14400360500903,24.030018637753553,0.1798114469797395,0.03302973163850914,0.7871588213817513,0.0,0.0,0.0,3,0,0,1,0,0,0,0,0.6470675158386231,647067.515838623
Y2022_LAT24.0302_LON90.15383,2022,90.15382543554587,24.030201587748444,0.0,0.0,1.0,0.0,0.0,0.0,3,0,0,1,0,0,0,0,0.0034955336380004883,3495.5336380004883
Y2022_LAT24.03164_LON90.2324,2022,90.23240357986296,24.031642561978984,1.0,0.0,0.0,0.0,0.0,0.0,1,1,0,0,0,0,0,0,0.005094134674072266,5094.134674072266
Y2022_LAT24.03182_LON90.24223,2022,90.24222628036154,24.03181985510634,0.8354427783747387,0.15258947423171676,0.0,0.011967747393544535,0.0,0.0,1,1,0,0,0,0,0,0,0.43400328407287597,434003.284072876
Y2022_LAT24.032_LON90.25205,2022,90.25204907562119,24.03199651969358,1.0,0.0,0.0,0.0,0.0,0.0,1,1,0,0,0,0,0,0,0.006093073814392089,6093.07381439209
Y2022_LAT24.03641_LON90.0063,2022,90.00629929605367,24.036411231532128,0.56476691273528,0.25595839366837264,0.12435236830032799,0.05492232529601936,0.0,0.0,1,1,0,0,0,0,0,0,0.09635688662719727,96356.88662719727
Y2022_LAT24.0366_LON90.01612,2022,90.01612040333335,24.036603057988735,0.48825892720928993,0.10966773512772539,0.3348737666374215,0.06719957102556318,0.0,0.0,1,1,0,0,0,0,0,1,0.7994188454666138,799418.8454666138
Y2022_LAT24.03679_LON90.02594,2022,90.0259416133831,24.03679425616398,0.2658455524622462,0.0,0.5933092701591134,0.14084517737864033,0.0,0.0,3,0,0,1,0,0,0,0,0.056716989601135255,56716.989601135254
Y2022_LAT24.03755_LON90.06523,2022,90.06522747375895,24.037552764788703,0.7452728786224952,0.06229136163278543,0.19243575974471944,0.0,0.0,0.0,1,1,0,0,0,0,0,0,0.0897743159942627,89774.3159942627
Y2022_LAT24.03774_LON90.07505,2022,90.07504919229622,24.037740820748656,0.5489817073139013,0.010718082049150745,0.44030021063694796,0.0,0.0,0.0,1,1,0,0,0,0,0,0,0.4658553452377319,465855.34523773193
Y2022_LAT24.03793_LON90.08487,2022,90.08487101152558,24.037928248245947,0.08747250315003041,0.16526096745614693,0.7472665293938227,0.0,0.0,0.0,3,0,0,1,0,0,0,0,0.31965987990570066,319659.8799057007
Y2022_LAT24.04562_LON90.01591,2022,90.01591182811815,24.045622993824633,0.0,0.0,1.0,0.0,0.0,0.0,3,0,0,1,0,0,0,0,0.09575872640228271,95758.72640228271
