grid_id,year,longitude,latitude,frac_built,frac_vegetation,frac_cropland,frac_water,frac_wetland,frac_bare,dominant_class,oh_built,oh_vegetation,oh_cropland,oh_water,oh_wetland,oh_bare,mixed_flag,valid_obs_ratio,a_valid
Y2019_LAT23.52482_LON90.15502,2019,90.15502415698468,23.524824690620612,0.0,0.0,0.0,1.0,0.0,0.0,4,0,0,0,1,0,0,0,0.08778755969238282,87787.55969238281
Y2019_LAT23.525_LON90.16481,2019,90.16480821194499,23.52500333582075,0.0,0.5806321618863451,0.010228576617951606,0.34493936645827983,0.0,0.06419989503742349,2,0,1,0,0,0,0,0,0.4589164562301636,458916.4562301636
Y2019_LAT23.52518_LON90.17459,2019,90.17459236327528,23.5251813673849,0.26993941649707265,0.2395862946060092,0.4714235876470513,0.019050701249866915,0.0,0.0,3,0,0,1,0,0,0,1,0.30931080532836913,309310.80532836914
Y2019_LAT23.53385_LON90.15483,2019,90.15483003468516,23.533846342091746,0.0,0.010662045586252356,0.0,0.9587840392238934,0.0,0.03055391518985424,4,0,0,0,1,0,0,0,0.6275947598495484,627594.7598495483
Y2019_LAT23.53403_LON90.16461,2019,90.16461475513425,23.53402506394596,0.17620063756147575,0.42720034798005246,0.06370031664831856,0.20839937001666076,0.0,0.12449932779349247,2,0,1,0,0,0,0,1,0.9987303644256592,998730.3644256592
Y2019_LAT23.5342_LON90.1744,2019,90.17439957193227,23.534203171844304,0.6434401453733615,0.10253573937036259,0.24718836795621715,0.006615241423583697,0.0,0.0002205058764750627,1,1,0,0,0,0,0,0,0.9058607890701293,905860.7890701294
Y2019_LAT23.53438_LON90.18418,2019,90.18418448473497,23.53438066576062,1.0,0.0,0.0,0.0,0.0,0.0,1,1,0,0,0,0,0,0,0.016579294891357423,16579.294891357422
Y2019_LAT23.54269_LON90.14485,2019,90.14485052638558,23.542688569006817,0.0,0.0,0.0,1.0,0.0,0.0,4,0,0,0,1,0,0,0,0.21572049773406982,215720.49773406982
Y2019_LAT23.54287_LON90.15464,2019,90.15463581577698,23.542867981597322,0.07814786016785236,0.012322926528793385,0.0,0.8598267133394267,0.0,0.049702499963927484,4,0,0,0,1,0,0,0,0.972549864227295,972549.8642272949
Y2019_LAT23.54305_LON90.16442,2019,90.16442120199689,23.543046780077745,0.8259004084692216,0.0359000422884404,0.020500132697426742,0.07799966519459477,0.0,0.039699751350316496,1,1,0,0,0,0,0,0,0.9987303672103882,998730.3672103882
Y2019_LAT23.54322_LON90.17421,2019,90.17420668451803,23.54322496427895,0.5860988300881385,0.01390001758024242,0.40000115233161915,0.0,0.0,0.0,1,1,0,0,0,0,0,0,0.9987446240844726,998744.6240844727
Y2019_LAT23.5434_LON90.18399,2019,90.18399226315104,23.543402534303326,0.6201697691499823,0.009425078196925457,0.3704051526530922,0.0,0.0,0.0,1,1,0,0,0,0,0,0,0.21193544891357421,211935.44891357422
Y2019_LAT23.55153_LON90.13487,2019,90.13486968623559,23.551530015836853,0.0,0.451294921562983,0.5092475822106491,0.039457496226367836,0.0,0.0,3,0,0,1,0,0,0,0,0.08099400813293457,80994.00813293457
Y2019_LAT23.55171_LON90.14466,2019,90.14465554458269,23.551710119708087,0.00708511796626043,0.03221498195934944,0.020258907523035583,0.930034767278216,0.0,0.010406225273138656,4,0,0,0,1,0,0,0,0.9021277667770385,902127.7667770386
Y2019_LAT23.55189_LON90.15444,2019,90.15444150021044,23.551889609170125,0.4753006324430256,0.10490010762144632,0.11910053299115972,0.30069872694436833,0.0,0.0,1,1,0,0,0,0,0,1,0.9987160634460449,998716.0634460449
Y2019_LAT23.55207_LON90.16423,2019,90.16422755244805,23.552068484213372,0.5465003703662548,0.14469955539307588,0.30770006839474007,0.0011000058459292483,0.0,0.0,1,1,0,0,0,0,0,0,0.9987303698120117,998730.3698120117
Y2019_LAT23.55225_LON90.17401,2019,90.1740137011059,23.552246744855402,0.7885866621906445,0.004432113491126334,0.2004437821013728,0.006537442216856266,0.0,0.0,1,1,0,0,0,0,0,0,0.9013664519577026,901366.4519577026
Y2019_LAT23.55242_LON90.1838,2019,90.18379994580019,23.552424390933815,0.38451111024790646,0.20516303725271537,0.3192933320089899,0.09103252049038828,0.0,0.0,1,1,0,0,0,0,0,1,0.07350824320220947,73508.24320220947
Y2019_LAT23.55946_LON90.07596,2019,90.07595685000386,23.55945748442499,0.0,0.7089343008574976,0.0,0.0,0.0,0.29106569914250235,2,0,1,0,0,0,0,0,0.10395469815063477,103954.69815063477
Y2019_LAT23.55964_LON90.08574,2019,90.08574278524303,23.559641352957325,0.0,0.7407993388209976,0.0,0.16320053617027885,0.0,0.09600012500872357,2,0,1,0,0,0,0,0,0.06241312474822998,62413.12474822998
Y2019_LAT23.56055_LON90.13467,2019,90.1346739410854,23.560551477377906,0.0,0.1579501139583662,0.1340339109749804,0.6846256411261404,0.0,0.023390333940512917,4,0,0,0,1,0,0,0,0.38000215110778807,380002.1511077881
Y2019_LAT23.56073_LON90.14446,2019,90.14446046595044,23.560731658431777,0.28150138101953104,0.0022999853946809746,0.0,0.7066986974939469,0.0,0.009499936091841129,4,0,0,0,1,0,0,0,0.9987017121124268,998701.7121124268
Y2019_LAT23.56091_LON90.15425,2019,90.15424708780246,23.56091122487003,0.7201992984617464,0.10860025409808467,0.16100044995019558,0.0,0.010199997489973401,0.0,1,1,0,0,0,0,0,0,0.9987160675735474,998716.0675735474
Y2019_LAT23.56109_LON90.16403,2019,90.16403380648616,23.56109017648935,0.5804004566269775,0.042799763096587624,0.3767997802764349,0.0,0.0,0.0,1,1,0,0,0,0,0,0,0.9987303740921021,998730.374092102
Y2019_LAT23.56127_LON90.17382,2019,90.1738206215853,23.561268513405874,0.42069995560289103,0.02790009615585058,0.550699948702291,0.0006999995389674374,0.0,0.0,3,0,0,1,0,0,0,0,0.9987446305694581,998744.630569458
Y2019_LAT23.56145_LON90.18361,2019,90.18360753279721,23.561446235584405,0.6145236235158932,0.1644535852368102,0.2163201864849428,0.0047026047623538,0.0,0.0,1,1,0,0,0,0,0,0,0.7221016843185425,722101.6843185425
Y2019_LAT23.56162_LON90.19339,2019,90.193394539743,23.561623342994867,0.2621946810490175,0.28345437176807275,0.45435094718290975,0.0,0.0,0.0,3,0,0,1,0,0,0,1,0.6060551046066284,606055.1046066284
Y2019_LAT23.5618_LON90.20318,2019,90.20318164221113,23.561799835632396,0.19268654388921536,0.15424294963660645,0.6530705064741782,0.0,0.0,0.0,3,0,0,1,0,0,0,0,0.21304068893432618,213040.68893432617
Y2019_LAT23.56811_LON90.05618,2019,90.0561841032653,23.56810872663883,0.0,0.0,0.0,0.6436167033387581,0.0,0.3563832966612419,4,0,0,0,1,0,0,0,0.07509282682037353,75092.82682037354
Y2019_LAT23.56829_LON90.06597,2019,90.0659705057738,23.56829390346477,0.0,0.0011510036179191,0.0,0.2428646433865373,0.0,0.7559843529955436,6,0,0,0,0,0,1,0,0.4337858655471802,433785.8655471802
Y2019_LAT23.56848_LON90.07576,2019,90.07575700812465,23.56847846549364,0.0,0.1332809784436239,0.0,0.4414264586110199,0.0,0.42529256294535617,4,0,0,0,1,0,0,1,0.8788682603988648,878868.2603988647
Y2019_LAT23.56866_LON90.08554,2019,90.08554360972573,23.56866241285735,0.0,0.15564499088297445,0.0,0.5053432179963474,0.0,0.33901179112067814,4,0,0,0,1,0,0,0,0.9437903206634521,943790.3206634521
Y2019_LAT23.56885_LON90.09533,2019,90.09533031066343,23.568845745324147,0.0,0.0671553039025897,0.0,0.6286894818996224,0.0,0.3041552141977879,4,0,0,0,1,0,0,0,0.6126586168670655,612658.6168670654
Y2019_LAT23.56903_LON90.10512,2019,90.10511711033375,23.569028462994325,0.0,0.8097571860658036,0.0,0.19024281393419645,0.0,0.0,2,0,1,0,0,0,0,0,0.6346385269851684,634638.5269851685
Y2019_LAT23.56921_LON90.1149,2019,90.11490400835534,23.56921056583318,0.0,0.9871326993444167,0.0,0.012867300655583315,0.0,0.0,2,0,1,0,0,0,0,0,0.8770219162826538,877021.9162826538
Y2019_LAT23.56939_LON90.12469,2019,90.12469100463397,23.56939205383484,0.006526029108462472,0.4917325301330107,0.006090952207481928,0.4956504885510449,0.0,0.0,4,0,0,0,1,0,0,1,0.9181797448043824,918179.7448043823
Y2019_LAT23.56957_LON90.13448,2019,90.1344780985673,23.56957292699432,0.0,0.043339876187691855,0.0,0.9566601238123081,0.0,0.0,4,0,0,0,1,0,0,0,0.9724219916381835,972421.9916381836
Y2019_LAT23.56975_LON90.14427,2019,90.1442652900807,23.56975318514655,0.43460172774324085,0.0030000050204110488,0.0,0.5623982672363481,0.0,0.0,4,0,0,0,1,0,0,0,0.9987017156448365,998701.7156448364
Y2019_LAT23.56993_LON90.15405,2019,90.15405257867346,23.569932828379407,0.8004991232625449,0.03390008045527034,0.16540079650032372,0.0001999997818610382,0.0,0.0,1,1,0,0,0,0,0,0,0.9987160703735352,998716.0703735352
Y2019_LAT23.57011_LON90.16384,2019,90.16383996414751,23.570111856688687,0.368500317251159,0.10219998466955743,0.525899678982377,0.0034000190969067003,0.0,0.0,3,0,0,1,0,0,0,0,0.998730376991272,998730.376991272
Y2019_LAT23.57029_LON90.17363,2019,90.1736274458886,23.570290270004396,0.23599986082834024,0.09859981846976917,0.628900194683645,0.018100015483023302,0.01840011053522224,0.0,3,0,0,1,0,0,0,0,0.9987446329345703,998744.6329345703
Y2019_LAT23.57047_LON90.18342,2019,90.18341502396615,23.570468068336094,0.8266001716551594,0.10149974745609955,0.06810010699704282,0.0018999869840435018,0.001899986907654746,0.0,1,1,0,0,0,0,0,0,0.9987588417053223,998758.8417053223
Y2019_LAT23.57065_LON90.1932,2019,90.19320269775938,23.57064525159108,0.4367991900576783,0.07960004595797426,0.482300767285443,0.001299996698904422,0.0,0.0,3,0,0,1,0,0,0,1,0.9987730005722046,998773.0005722046
Y2019_LAT23.57082_LON90.20299,2019,90.2029904670772,23.570821819783017,0.0892981243953326,0.019584992889679277,0.8698997576976456,0.02121712501734253,0.0,0.0,3,0,0,1,0,0,0,0,0.856758760231018,856758.7602310181
Y2019_LAT23.57694_LON90.0462,2019,90.04619585909796,23.576943666385603,0.0,0.0,0.0,1.0,0.0,0.0,4,0,0,0,1,0,0,0,0.13360740531921386,133607.40531921387
Y2019_LAT23.57713_LON90.05598,2019,90.05598282827117,23.577129537391478,0.0,0.0,0.0,0.5218051353331391,0.0,0.4781948646668609,4,0,0,0,1,0,0,0,0.9319660593261718,931966.0593261719
Y2019_LAT23.57731_LON90.06577,2019,90.065769897539,23.577314793497933,0.0,0.0,0.0,0.4021992015671402,0.0,0.5978007984328598,6,0,0,0,0,0,1,0,0.9985851132507324,998585.1132507324
Y2019_LAT23.5775_LON90.07556,2019,90.07555706663567,23.577499434562377,0.0,0.0,0.0,0.7194005899751769,0.0,0.2805994100248232,4,0,0,0,1,0,0,0,0.998599859550476,998599.8595504761
Y2019_LAT23.57768_LON90.08534,2019,90.08534433523448,23.5776834605988,0.0,0.033100218345021776,0.0,0.28329910071208303,0.0,0.6836006809428952,6,0,0,0,0,0,1,0,0.9986145565185547,998614.5565185547
Y2019_LAT23.57787_LON90.09513,2019,90.0951317028898,23.57786687159305,0.0,0.023299844059418266,0.0,0.5580017111073066,0.0,0.4186984448332753,4,0,0,0,1,0,0,0,0.9986292078323364,998629.2078323364
Y2019_LAT23.57805_LON90.10492,2019,90.10491916941976,23.578049667496614,0.0,0.162100241178713,0.0,0.7018995460927837,0.0,0.13600021272850335,4,0,0,0,1,0,0,0,0.9986438070220948,998643.8070220947
Y2019_LAT23.57823_LON90.11471,2019,90.11470673447899,23.57823184828701,0.0,0.05949977568147066,0.0,0.9397002299848657,0.0,0.0007999943336636777,4,0,0,0,1,0,0,0,0.9986583585891724,998658.3585891724
Y2019_LAT23.57841_LON90.12449,2019,90.12449439763861,23.578413414009635,0.0,0.0,0.0,1.0,0.0,0.0,4,0,0,0,1,0,0,0,0.9986728618240357,998672.8618240356
Y2019_LAT23.57859_LON90.13428,2019,90.13428215864754,23.57859436451453,0.03620020316534043,0.0,0.0,0.9637997968346596,0.0,0.0,4,0,0,0,1,0,0,0,0.9986873137054444,998687.3137054443
Y2019_LAT23.57877_LON90.14407,2019,90.14407001710569,23.578774699885162,0.7783010435640934,0.0,0.0,0.22169895643590667,0.0,0.0,1,1,0,0,0,0,0,0,0.9987017188186645,998701.7188186646
Y2019_LAT23.57895_LON90.15386,2019,90.15385797276721,23.57895442004642,0.9276996134727076,0.0069000337080843245,0.06540035281920811,0.0,0.0,0.0,1,1,0,0,0,0,0,0,0.9987160729522705,998716.0729522705
Y2019_LAT23.57913_LON90.16365,2019,90.16364602520018,23.579133524951896,0.4473990266217153,0.05940018566574059,0.49300078699187966,0.000200000720664421,0.0,0.0,3,0,0,1,0,0,0,1,0.9987303795242309,998730.379524231
Y2019_LAT23.57931_LON90.17343,2019,90.17343417417264,23.57931201463274,0.28320020698096676,0.25559995138524466,0.44819976238081694,0.005900032317574542,0.007100046935397266,0.0,3,0,0,1,0,0,0,1,0.9987446366500855,998744.6366500854
Y2019_LAT23.57949_LON90.18322,2019,90.18322241933929,23.579489889063357,0.845100629612899,0.004599973066710419,0.09079962455336915,0.053499809361406254,0.005999963405615175,0.0,1,1,0,0,0,0,0,0,0.9987588431625366,998758.8431625366
Y2019_LAT23.57967_LON90.19301,2019,90.19301076029917,23.579667148169737,0.6998994997960216,9.999976694579375e-05,0.2511006323745589,0.04439988883169378,0.004499979230779969,0.0,1,1,0,0,0,0,0,0,0.9987730033416748,998773.0033416748
Y2019_LAT23.57984_LON90.2028,2019,90.20279919675204,23.579843791963405,0.044020130151731396,0.00297880600985784,0.920233991813028,0.03276707202538277,0.0,0.0,3,0,0,1,0,0,0,0,0.9053000693664551,905300.0693664551
Y2019_LAT23.58002_LON90.21259,2019,90.21258772841915,23.580019820434256,0.0,0.0,1.0,0.0,0.0,0.0,3,0,0,1,0,0,0,0,0.006492164047241211,6492.164047241211
Y2019_LAT23.58596_LON90.04599,2019,90.04599381691534,23.58596438550922,0.0,0.0,0.0,1.0,0.0,0.0,4,0,0,0,1,0,0,0,0.005591948699951172,5591.948699951172
Y2019_LAT23.58615_LON90.05578,2019,90.05578145311696,23.586150336100093,0.0,0.045237858981386096,0.0,0.06523796035652853,0.0,0.8895241806620854,6,0,0,0,0,0,1,0,0.6291007388534546,629100.7388534546
Y2019_LAT23.58634_LON90.06557,2019,90.06556918952256,23.586335671448463,0.0,0.0,0.0,0.5432996690891201,0.0,0.45670033091087986,4,0,0,0,1,0,0,0,0.9985851166763305,998585.1166763306
Y2019_LAT23.58652_LON90.07536,2019,90.07535702573853,23.58652039155245,0.0,0.0,0.0,0.606601640914087,0.0,0.3933983590859131,4,0,0,0,1,0,0,0,0.9985998625869751,998599.8625869751
Y2019_LAT23.5867_LON90.08514,2019,90.08514496146475,23.586704496283456,0.0,0.0,0.0,0.43739951639567703,0.0,0.5626004836043229,6,0,0,0,0,0,1,0,0.9986145607376099,998614.5607376099
Y2019_LAT23.58689_LON90.09493,2019,90.0949329963622,23.586887985781267,0.0,0.0,0.0,0.9453003306130966,0.0,0.0546996693869034,4,0,0,0,1,0,0,0,0.9986292118606568,998629.2118606567
Y2019_LAT23.58707_LON90.10472,2019,90.10472113013071,23.58707085993436,0.0,0.0,0.0,1.0,0.0,0.0,4,0,0,0,1,0,0,0,0.9986438112792969,998643.8112792969
Y2019_LAT23.58725_LON90.11451,2019,90.11450936239324,23.587253118705235,0.053100247822442506,0.0020000107603318613,0.01890006688884878,0.8379994412412688,0.0,0.08800023328710806,4,0,0,0,1,0,0,0,0.9986583614883423,998658.3614883423
Y2019_LAT23.58743_LON90.1243,2019,90.12429769287054,23.587434762095437,0.3554006424283114,0.047099963996785954,0.07679989369968432,0.5202994974600716,0.0,0.00040000241514675605,4,0,0,0,1,0,0,0,0.9986728641891479,998672.864189148
Y2019_LAT23.58762_LON90.13409,2019,90.13408612110976,23.58761579005396,0.7247004058350264,0.09380024043466477,0.06089973693470908,0.1205996167955998,0.0,0.0,1,1,0,0,0,0,0,0,0.9986873183517456,998687.3183517456
Y2019_LAT23.5878_LON90.14387,2019,90.14387464704231,23.58779620262227,0.9996000028485224,0.0003999971514776092,0.0,0.0,0.0,0.0,1,1,0,0,0,0,0,0,0.99870172265625,998701.72265625
Y2019_LAT23.58798_LON90.15366,2019,90.15366326991588,23.58797599966816,0.9569997416985427,0.0007000029062429886,0.04230025539521428,0.0,0.0,0.0,1,1,0,0,0,0,0,0,0.9987160771179199,998716.0771179199
Y2019_LAT23.58816_LON90.16345,2019,90.16345198990635,23.58815518125924,0.2249993520481002,0.09290046205872815,0.6821001858931717,0.0,0.0,0.0,3,0,0,1,0,0,0,0,0.9987303838272095,998730.3838272095
Y2019_LAT23.58833_LON90.17324,2019,90.17324080625525,23.588333747325716,0.08639979171478435,0.16120007421193713,0.7295002051075663,0.022899928965712243,0.0,0.0,3,0,0,1,0,0,0,0,0.9987446397399903,998744.6397399902
Y2019_LAT23.58851_LON90.18303,2019,90.183029718879,23.58851169786459,0.03749991009234474,0.0,0.9074002044547785,0.05469988346634131,0.0004000019865354146,0.0,3,0,0,1,0,0,0,0,0.998758849029541,998758.849029541
Y2019_LAT23.58869_LON90.19282,2019,90.19281872730237,23.588689032843238,0.0,0.0,0.9680001047774871,0.030799901177851707,0.0011999940446612222,0.0,3,0,0,1,0,0,0,0,0.9987730065689087,998773.0065689087
Y2019_LAT23.58887_LON90.20261,2019,90.20260783126669,23.588865752282388,0.03610021161031842,0.04440026746985342,0.8909994811351963,0.012799952841752749,0.01570008694287908,0.0,3,0,0,1,0,0,0,0,0.9987871167831421,998787.1167831421
Y2019_LAT23.58904_LON90.2124,2019,90.21239703050647,23.589041856029944,0.32353742646675415,0.027674719506103382,0.603424205451207,0.0,0.045363648575935465,0.0,3,0,0,1,0,0,0,0,0.35007886922454834,350078.86922454834
Y2019_LAT23.5948_LON90.036,2019,90.03600347111704,23.59479844691392,0.0,0.0,0.0,1.0,0.0,0.0,4,0,0,0,1,0,0,0,0.00029956439208984377,299.56439208984375
Y2019_LAT23.59499_LON90.04579,2019,90.04579167419091,23.59498509252726,0.0,0.0,0.0,0.8158852569038407,0.0,0.18411474309615924,4,0,0,0,1,0,0,0,0.6801172602539063,680117.2602539062
Y2019_LAT23.59517_LON90.05558,2019,90.05557997778936,23.59517112263364,0.0,0.0,0.0,0.06629987300366107,0.0,0.933700126996339,6,0,0,0,0,0,1,0,0.9985703222198486,998570.3222198486
Y2019_LAT23.59536_LON90.06537,2019,90.06536838164709,23.595356537252762,0.0,0.0,0.0,0.7562008509186361,0.0,0.24379914908136396,4,0,0,0,1,0,0,0,0.9985851197967529,998585.1197967529
Y2019_LAT23.59554_LON90.07516,2019,90.07515688533432,23.59554133638684,0.0,0.0,0.0,0.8316003896104571,0.0,0.1683996103895429,4,0,0,0,1,0,0,0,0.9985998668136596,998599.8668136597
Y2019_LAT23.59573_LON90.08495,2019,90.08494548853858,23.595725519964397,0.0,0.0,0.0,1.0,0.0,0.0,4,0,0,0,1,0,0,0,0.9986145637664795,998614.5637664795
Y2019_LAT23.59591_LON90.09473,2019,90.09473419102342,23.595909087928014,0.009800056442391174,0.007100032733026091,0.06250030506180533,0.9205996057627774,0.0,0.0,4,0,0,0,1,0,0,0,0.9986292143249512,998629.2143249512
Y2019_LAT23.59609_LON90.10452,2019,90.10452299225352,23.596092040304715,0.2302001211133917,0.018099977090717246,0.3696005627302446,0.38209933906564647,0.0,0.0,4,0,0,0,1,0,0,1,0.998643813873291,998643.813873291
Y2019_LAT23.59627_LON90.11431,2019,90.11431189212549,23.596274377093007,0.7793004132714461,0.011400024409642433,0.18679966351331312,0.02249989880559839,0.0,0.0,1,1,0,0,0,0,0,0,0.9986583655319213,998658.3655319214
Y2019_LAT23.59646_LON90.1241,2019,90.12410089023778,23.596456098183445,0.4658997661664055,0.04769997027698431,0.476000251076131,0.010400012480479252,0.0,0.0,3,0,0,1,0,0,0,1,0.9986728685302735,998672.8685302734
Y2019_LAT23.59664_LON90.13389,2019,90.13388998618139,23.596637203605646,0.8899005595853978,0.055899779265357094,0.05419966114924511,0.0,0.0,0.0,1,1,0,0,0,0,0,0,0.9986873205184936,998687.3205184937
Y2019_LAT23.59682_LON90.14368,2019,90.1436791796325,23.596817693356176,0.848099502974076,0.009800032455547149,0.13460044629349366,0.0,0.00750001827688316,0.0,1,1,0,0,0,0,0,0,0.9987017257919312,998701.7257919312
Y2019_LAT23.597_LON90.15347,2019,90.1534684703842,23.59699756729302,0.5853001014087071,0.02039999260643743,0.3858999046304309,0.00840000135442452,0.0,0.0,1,1,0,0,0,0,0,0,0.9987160798034668,998716.0798034668
Y2019_LAT23.59718_LON90.16326,2019,90.16325785798442,23.597176825579254,0.3039989861668035,0.07210031844704597,0.6239006953861506,0.0,0.0,0.0,3,0,0,1,0,0,0,0,0.998730386795044,998730.386795044
Y2019_LAT23.59736_LON90.17305,2019,90.1730473421215,23.597355468053422,0.03569989940578765,0.14489953666246938,0.8106006110025402,0.008799952929202756,0.0,0.0,3,0,0,1,0,0,0,0,0.9987446420135498,998744.6420135498
Y2019_LAT23.59753_LON90.18284,2019,90.18283692257297,23.597533494740503,0.0,0.0,0.9777999715305511,0.02220002846944888,0.0,0.0,3,0,0,1,0,0,0,0,0.9987588518447876,998758.8518447876
Y2019_LAT23.59771_LON90.19263,2019,90.19262659872543,23.597710905631754,0.0,0.0,0.9805000685511908,0.01949993144880923,0.0,0.0,3,0,0,1,0,0,0,0,0.9987730102996826,998773.0102996826
Y2019_LAT23.59789_LON90.20242,2019,90.20241637070119,23.597887700577804,0.0,0.0,0.9722999329368542,0.027700067063145782,0.0,0.0,3,0,0,1,0,0,0,0,0.9987871192245483,998787.1192245483
Y2019_LAT23.59806_LON90.21221,2019,90.2122062376602,23.598063879734603,0.0,0.0,0.9966970351278531,0.0,0.0033029648721468207,0.0,3,0,0,1,0,0,0,0,0.997902252861023,997902.252861023
Y2019_LAT23.59824_LON90.222,2019,90.22199619966455,23.598239442940674,0.2329436248640005,0.0025844198592576578,0.7331143133015504,0.0,0.031357641975191385,0.0,3,0,0,1,0,0,0,0,0.5797111211776733,579711.1211776733
Y2019_LAT23.60382_LON90.0358,2019,90.03580056023165,23.603819061985668,0.0,0.0,0.0,1.0,0.0,0.0,4,0,0,0,1,0,0,0,0.08747274250030518,87472.74250030518
Y2019_LAT23.60401_LON90.04559,2019,90.04558943091567,23.604005787425084,0.0,0.0,0.0,0.8032989061903254,0.0,0.19670109380967463,4,0,0,0,1,0,0,0,0.9985554807815552,998555.4807815552
Y2019_LAT23.60419_LON90.05538,2019,90.05537840228902,23.60419189714959,0.0,0.0,0.0,0.5362998611452245,0.0,0.4637001388547755,4,0,0,0,1,0,0,0,0.9985703257522583,998570.3257522583
Y2019_LAT23.60438_LON90.06517,2019,90.06516747388737,23.604377391111335,0.0,0.0,0.0,0.9492003270486895,0.0,0.05079967295131046,4,0,0,0,1,0,0,0,0.9985851228179932,998585.1228179932
Y2019_LAT23.60456_LON90.07496,2019,90.07495664535803,23.604562269246284,0.0,0.0,0.0,1.0,0.0,0.0,4,0,0,0,1,0,0,0,0.9985998696670533,998599.8696670532
Y2019_LAT23.60475_LON90.08475,2019,90.08474591641308,23.60474653158036,0.009200061058289037,0.11560023725687416,0.06270034056902549,0.7776992986516195,0.0,0.0348000624641919,4,0,0,0,1,0,0,0,0.9986145675125122,998614.5675125122
Y2019_LAT23.60493_LON90.09454,2019,90.09453528668544,23.604930178071733,0.3327002131062678,0.06679971138017396,0.4987005796908217,0.10179949582273652,0.0,0.0,3,0,0,1,0,0,0,1,0.9986292183609009,998629.2183609009
Y2019_LAT23.60511_LON90.10432,2019,90.1043247559147,23.605113208680958,0.5004998325957691,0.026099994749578085,0.46850017478041484,0.004899997874238052,0.0,0.0,1,1,0,0,0,0,0,0,0.9986438179016113,998643.8179016113
Y2019_LAT23.6053_LON90.11411,2019,90.11411432372446,23.60529562340362,0.802500375410584,0.0008999951815847789,0.1958996324696172,0.0006999969382139889,0.0,0.0,1,1,0,0,0,0,0,0,0.9986583685302735,998658.3685302734
Y2019_LAT23.60548_LON90.1239,2019,90.12390398965758,23.605477422241357,0.9868999746562307,0.0,0.013100025343769348,0.0,0.0,0.0,1,1,0,0,0,0,0,0,0.9986728706359863,998672.8706359863
Y2019_LAT23.60566_LON90.13369,2019,90.13369375359669,23.605658605116787,1.0,0.0,0.0,0.0,0.0,0.0,1,1,0,0,0,0,0,0,0.9986873244400024,998687.3244400024
Y2019_LAT23.60584_LON90.14348,2019,90.14348361519569,23.605839172024595,0.6969988255994705,0.06790032916951283,0.2310008324376481,0.0,0.004100012793368599,0.0,1,1,0,0,0,0,0,0,0.9987017288665772,998701.7288665771
Y2019_LAT23.60602_LON90.15327,2019,90.15327357382665,23.606019123018413,0.19040050200910127,0.10879981307353943,0.7004996828494883,0.00030000206787104034,0.0,0.0,3,0,0,1,0,0,0,0,0.9987160824584961,998716.0824584961
Y2019_LAT23.6062_LON90.16306,2019,90.16306362953624,23.606198457881845,0.19950008043349438,0.04589997999253349,0.7481999214491786,0.006000015740137656,0.0004000023846560028,0.0,3,0,0,1,0,0,0,0,0.9987303893127442,998730.3893127441
Y2019_LAT23.60638_LON90.17285,2019,90.17285378180443,23.60637717677695,0.06139993690964968,0.0017999952269044989,0.9140001876419138,0.022799880221531985,0.0,0.0,3,0,0,1,0,0,0,0,0.9987446460037231,998744.6460037231
Y2019_LAT23.60656_LON90.18264,2019,90.18264403032298,23.606555279582388,0.0,0.0,0.973899928177806,0.026100071822193944,0.0,0.0,3,0,0,1,0,0,0,0,0.9987588532562256,998758.8532562256
Y2019_LAT23.60673_LON90.19243,2019,90.19243437472318,23.606732766304486,0.1508994634549628,0.0,0.8491005365450371,0.0,0.0,0.0,3,0,0,1,0,0,0,0,0.9987730131530762,998773.0131530762
Y2019_LAT23.60691_LON90.20222,2019,90.2022248147192,23.606909636959887,0.2088001473182052,0.0,0.7683997931343819,0.022800059547412887,0.0,0.0,3,0,0,1,0,0,0,0,0.9987871231842042,998787.1231842041
Y2019_LAT23.60709_LON90.21202,2019,90.21201535005709,23.607085891444353,0.2979001505505997,0.0,0.7020998494494003,0.0,0.0,0.0,3,0,0,1,0,0,0,0,0.9988011834716797,998801.1834716797
Y2019_LAT23.60726_LON90.22181,2019,90.22180598019388,23.607261529761217,0.6130543700209365,0.0027241682406290908,0.33927261904649025,0.0,0.04494884269194427,0.0,1,1,0,0,0,0,0,0,0.8799554725189209,879955.4725189209
Y2019_LAT23.61081_LON90.42743,2019,90.4274305541086,23.610807560186927,0.4993408930781953,0.00790514781628748,0.0,0.4927539591055172,0.0,0.0,1,1,0,0,0,0,0,1,0.07583186631774902,75831.86631774902
Y2019_LAT23.61097_LON90.43722,2019,90.43722318872717,23.610969637114824,0.02770079089816962,0.03324096519636155,0.0,0.9390582439054689,0.0,0.0,4,0,0,0,1,0,0,0,0.03606773405456543,36067.73405456543
Y2019_LAT23.61284_LON90.0356,2019,90.03559754830985,23.612839664946023,0.0,0.0,0.0,1.0,0.0,0.0,4,0,0,0,1,0,0,0,0.014279223342895508,14279.223342895508
Y2019_LAT23.61303_LON90.04539,2019,90.04538708714924,23.613026470206158,0.0,0.0,0.0,0.9919354495520909,0.0,0.008064550447909078,4,0,0,0,1,0,0,0,0.4457563989028931,445756.39890289307
Y2019_LAT23.61321_LON90.05518,2019,90.05517672655843,23.61321265948055,0.0,0.0,0.0,0.9925000506580949,0.0,0.007499949341905127,4,0,0,0,1,0,0,0,0.9985703291473389,998570.3291473389
Y2019_LAT23.6134_LON90.06497,2019,90.06496646621665,23.61339823274285,0.0,0.0,0.0,1.0,0.0,0.0,4,0,0,0,1,0,0,0,0.9985851262435913,998585.1262435913
Y2019_LAT23.61358_LON90.07476,2019,90.0747563058962,23.61358318994972,0.2080006685559362,0.08310015127202189,0.015700091717113413,0.6732989622028988,0.0,0.01990012625202979,4,0,0,0,1,0,0,0,0.9985998730926514,998599.8730926514
Y2019_LAT23.61377_LON90.08455,2019,90.08454624501395,23.61376753104904,0.31319993486410763,0.11480002180006633,0.4440005419922552,0.08209966778396058,0.0,0.045899833559610255,3,0,0,1,0,0,0,1,0.9986145711746216,998614.5711746216
Y2019_LAT23.61395_LON90.09434,2019,90.09433628353942,23.61395125610378,0.37800027011271176,0.07089990673649119,0.5404998837872655,0.010599939363531487,0.0,0.0,3,0,0,1,0,0,0,0,0.9986292208175659,998629.2208175659
Y2019_LAT23.61413_LON90.10413,2019,90.10412642097,23.614134364971328,0.36699947065083627,0.020000016681558732,0.613000512667605,0.0,0.0,0.0,3,0,0,1,0,0,0,0,0.9986438207550049,998643.8207550049
Y2019_LAT23.61432_LON90.11392,2019,90.11391665697448,23.614316857740192,0.7799010455708341,0.012000004277986783,0.20589895673175324,0.0021999934194260194,0.0,0.0,1,1,0,0,0,0,0,0,0.9986583722610474,998658.3722610474
Y2019_LAT23.6145_LON90.12371,2019,90.12370699129812,23.61449873431452,1.0,0.0,0.0,0.0,0.0,0.0,1,1,0,0,0,0,0,0,0.9986728748474121,998672.8748474121
Y2019_LAT23.61468_LON90.1335,2019,90.13349742343316,23.61467999466885,0.9996999981561016,0.00030000184389840026,0.0,0.0,0.0,0.0,1,1,0,0,0,0,0,0,0.9986873279266357,998687.3279266357
Y2019_LAT23.61486_LON90.14329,2019,90.14328795335798,23.61486063877238,0.9773999641622896,0.011100018882982258,0.0,0.011500016954728135,0.0,0.0,1,1,0,0,0,0,0,0,0.9987017328643799,998701.7328643799
Y2019_LAT23.61504_LON90.15308,2019,90.15307858043687,23.615040666645115,0.42279888097360047,0.030599949193683283,0.5449011712488273,0.0016999985838889286,0.0,0.0,3,0,0,1,0,0,0,0,0.9987160867767334,998716.0867767334
Y2019_LAT23.61522_LON90.16287,2019,90.16286930451557,23.615220078290914,0.004199972036555534,0.0,0.9950000236711052,0.0008000042923392303,0.0,0.0,3,0,0,1,0,0,0,0,0.9987303934936523,998730.3934936523
Y2019_LAT23.6154_LON90.17266,2019,90.17266012520611,23.61539887357998,0.0,0.0,0.9204001611672324,0.012799938007272577,0.06679990082549508,0.0,3,0,0,1,0,0,0,0,0.9987446488800049,998744.6488800049
Y2019_LAT23.61558_LON90.18245,2019,90.18245104215279,23.615577052584186,0.27880104409048834,0.0,0.7211989559095117,0.0,0.0,0.0,3,0,0,1,0,0,0,0,0.9987588570709228,998758.8570709229
Y2019_LAT23.61575_LON90.19224,2019,90.1922420550847,23.615754615174378,0.38709878462860786,0.0,0.6129012153713922,0.0,0.0,0.0,3,0,0,1,0,0,0,0,0.9987730157546997,998773.0157546997
Y2019_LAT23.61593_LON90.20203,2019,90.2020331635949,23.615931561389,0.21030005352381048,0.0013000083799453157,0.7883999380962442,0.0,0.0,0.0,3,0,0,1,0,0,0,0,0.9987871255493164,998787.1255493164
Y2019_LAT23.61611_LON90.21182,2019,90.21182436738655,23.616107891202397,0.10659994940759102,0.14230047619557748,0.7510995743968315,0.0,0.0,0.0,3,0,0,1,0,0,0,0,0.9988011865310669,998801.1865310669
Y2019_LAT23.61628_LON90.22162,2019,90.22161566619138,23.616283604691276,0.40002144640410836,0.09169887551480732,0.5035331496305083,0.004746528450575958,0.0,0.0,3,0,0,1,0,0,0,0,0.9890267427825927,989026.7427825928
Y2019_LAT23.61646_LON90.23141,2019,90.23140705959227,23.616458701651823,0.9407306880916957,0.017320715997944065,0.030581921278342396,0.011366674632017876,0.0,0.0,1,1,0,0,0,0,0,0,0.3690664388809204,369066.4388809204
Y2019_LAT23.61967_LON90.41746,2019,90.41746107053739,23.61966838825803,0.003816789332063343,0.5839693787127039,0.3664123678399809,0.04580146411525185,0.0,0.0,2,0,1,0,0,0,0,0,0.02617617839050293,26176.17839050293
Y2019_LAT23.61983_LON90.42725,2019,90.4272542864896,23.619831151377753,0.10732571281718387,0.0706354580624237,0.7621359954038345,0.05029340183060007,0.0,0.00960943188595787,3,0,0,1,0,0,0,0,0.800578106552124,800578.106552124
Y2019_LAT23.61999_LON90.43705,2019,90.4370475903296,23.619993297595872,0.4255178813116189,0.2978177623216215,0.058450126424721985,0.16343807176075095,0.0,0.054776158181286706,1,1,0,0,0,0,0,1,0.8974011365432739,897401.1365432739
Y2019_LAT23.62015_LON90.44684,2019,90.44684098128893,23.620154826879592,0.481533517776852,0.03977271123679249,0.0,0.40861796270176476,0.0,0.07007580828459085,1,1,0,0,0,0,0,1,0.21101419497680665,211014.19497680664
Y2019_LAT23.62205_LON90.04518,2019,90.04518464271203,23.622047140918905,0.0,0.0,0.0,1.0,0.0,0.0,4,0,0,0,1,0,0,0,0.5322318859710693,532231.8859710693
Y2019_LAT23.62223_LON90.05497,2019,90.05497495053406,23.622233409833044,0.0,0.0,0.0,1.0,0.0,0.0,4,0,0,0,1,0,0,0,0.9985703327102661,998570.3327102661
Y2019_LAT23.62242_LON90.06477,2019,90.06476535865332,23.622419062320585,0.3208011176508684,0.08050009831095317,0.07020015804363841,0.52849862599454,0.0,0.0,4,0,0,0,1,0,0,0,0.9985851296768189,998585.1296768188
Y2019_LAT23.6226_LON90.07456,2019,90.07455586674224,23.622604098558412,0.8954001993048051,0.0682996297886058,0.029200193122207608,0.0070999777843815445,0.0,0.0,1,1,0,0,0,0,0,0,0.9985998769073486,998599.8769073486
Y2019_LAT23.62279_LON90.08435,2019,90.08434647443278,23.622788518511836,0.7952004180782398,0.02380000329843112,0.1476994280636694,0.033300150559659646,0.0,0.0,1,1,0,0,0,0,0,0,0.9986145741653443,998614.5741653442
Y2019_LAT23.62297_LON90.09414,2019,90.09413718140415,23.622972322092547,0.6464991349731859,0.015600084839959845,0.3379007801868543,0.0,0.0,0.0,1,1,0,0,0,0,0,0,0.9986292247772217,998629.2247772217
Y2019_LAT23.62316_LON90.10393,2019,90.10392798739593,23.62315550928535,0.6483004188379038,0.14000005392062953,0.18959949009213636,0.022100037149330447,0.0,0.0,1,1,0,0,0,0,0,0,0.9986438245010376,998643.8245010376
Y2019_LAT23.62334_LON90.11372,2019,90.11371889198318,23.623338079937007,0.9912000586303139,0.0,0.008799941369686095,0.0,0.0,0.0,1,1,0,0,0,0,0,0,0.9986583757247924,998658.3757247925
Y2019_LAT23.62352_LON90.12351,2019,90.12350989493636,23.623520034224157,1.0,0.0,0.0,0.0,0.0,0.0,1,1,0,0,0,0,0,0,0.998672877456665,998672.877456665
Y2019_LAT23.6237_LON90.1333,2019,90.13330099572634,23.623701372131254,0.9276995924460243,0.00020000124411205132,0.05500029763881706,0.017100108671046582,0.0,0.0,1,1,0,0,0,0,0,0,0.9986873300857544,998687.3300857544
Y2019_LAT23.62388_LON90.14309,2019,90.14309219432819,23.623882093479704,0.5940000747750411,0.045800008998980124,0.3338000759108006,0.02639984031517831,0.0,0.0,1,1,0,0,0,0,0,0,0.998701735420227,998701.735420227
Y2019_LAT23.62406_LON90.15288,2019,90.15288349003131,23.624062198306426,0.06570000000815332,0.04020003421979116,0.887399964928563,0.006700000843492484,0.0,0.0,3,0,0,1,0,0,0,0,0.9987160897140503,998716.0897140503
Y2019_LAT23.62424_LON90.16267,2019,90.16267488295445,23.62424168658617,0.0,0.0,0.9766998534688401,0.00030000191640402183,0.023000144614755844,0.0,3,0,0,1,0,0,0,0,0.9987303958129883,998730.3958129883
Y2019_LAT23.62442_LON90.17247,2019,90.1724663722966,23.62442055832163,0.0,0.0006000023725263809,0.6533000761304801,0.005200026576322128,0.34089989492067146,0.0,3,0,0,1,0,0,0,0,0.9987446520309449,998744.6520309448
Y2019_LAT23.6246_LON90.18226,2019,90.18225795806664,23.62459881340563,0.0369002045910466,0.0,0.9573998298806751,0.0034999805260353474,0.0021999850022429482,0.0,3,0,0,1,0,0,0,0,0.9987588617019654,998758.8617019653
Y2019_LAT23.62478_LON90.19205,2019,90.19204963976729,23.624776451971467,0.5114005248979455,0.0,0.4885994751020545,0.0,0.0,0.0,1,1,0,0,0,0,0,0,0.9987730200195313,998773.0200195312
Y2019_LAT23.62495_LON90.20184,2019,90.2018414171403,23.624953473877497,0.8133006407159097,0.0,0.18669935928409037,0.0,0.0,0.0,1,1,0,0,0,0,0,0,0.9987871289596557,998787.1289596558
Y2019_LAT23.62513_LON90.21163,2019,90.21163328989275,23.62512987910263,0.8496994226803002,0.03700010857764323,0.11320046887157287,9.999987048377271e-05,0.0,0.0,1,1,0,0,0,0,0,0,0.9988011898498536,998801.1898498535
Y2019_LAT23.62531_LON90.22143,2019,90.22142525748927,23.62530566764233,0.46609978107015587,0.04419992042558589,0.4897002985042582,0.0,0.0,0.0,3,0,0,1,0,0,0,1,0.998815202949524,998815.2029495239
Y2019_LAT23.62548_LON90.23122,2019,90.23121731985778,23.625480839488127,0.2940997239257451,0.020770631900781367,0.6851296441734736,0.0,0.0,0.0,3,0,0,1,0,0,0,0,0.995433122215271,995433.122215271
Y2019_LAT23.62566_LON90.24101,2019,90.24100947647247,23.62565539458282,0.1760767095001234,0.09665081544642987,0.7272724750534467,0.0,0.0,0.0,3,0,0,1,0,0,0,0,0.10437848424530029,104378.4842453003
Y2019_LAT23.62853_LON90.40749,2019,90.40749024821635,23.62852844827597,0.5031447084713416,0.0,0.4968552915286584,0.0,0.0,0.0,1,1,0,0,0,0,0,0,0.01588533822631836,15885.33822631836
Y2019_LAT23.62869_LON90.41728,2019,90.41728404575049,23.62869189815991,0.3520720976633335,0.12146878829771422,0.3259707926617458,0.18456972397293,0.0,0.015918597404276442,1,1,0,0,0,0,0,1,0.6966629853744507,696662.9853744507
Y2019_LAT23.62885_LON90.42708,2019,90.42707793130677,23.628854730892737,0.21659930765808943,0.37460075860258646,0.25839949328876294,0.1158002944417921,0.0,0.034600146008769206,2,0,1,0,0,0,0,1,0.9990981031646728,999098.1031646729
Y2019_LAT23.62902_LON90.43687,2019,90.43687190455779,23.629016946425544,0.5879007949651067,0.08059971703234702,0.003599992372742326,0.28659959908041527,0.0,0.04129989654938868,1,1,0,0,0,0,0,0,0.9991110331878662,999111.0331878662
Y2019_LAT23.62918_LON90.44667,2019,90.44666596515947,23.629178544765832,0.36052154374811074,0.09623194253323084,0.004174704480011919,0.498181323135911,0.0,0.04089048610273563,4,0,0,0,1,0,0,1,0.9333812489013672,933381.2489013672
Y2019_LAT23.62934_LON90.45646,2019,90.45646011268121,23.629339525812657,0.3166836684684787,0.0005230099179800169,0.0,0.6827933216135413,0.0,0.0,4,0,0,0,1,0,0,0,0.38206938999176027,382069.38999176025
Y2019_LAT23.6295_LON90.46625,2019,90.4662543470598,23.629499889615214,0.0,0.0,0.0,1.0,0.0,0.0,4,0,0,0,1,0,0,0,0.07703419909667969,77034.19909667969
Y2019_LAT23.63032_LON90.00582,2019,90.00581920137908,23.630316240577596,0.0,0.0,1.0,0.0,0.0,0.0,3,0,0,1,0,0,0,0,0.022965541114807128,22965.54111480713
Y2019_LAT23.63051_LON90.01561,2019,90.01560977336864,23.63050505498827,0.0,0.020839796957055123,0.1544038006827663,0.7281352453861946,0.0,0.09662115697398396,4,0,0,0,1,0,0,0,0.316228695930481,316228.69593048096
Y2019_LAT23.63069_LON90.0254,2019,90.02540044685855,23.630693252966037,0.0,0.0,0.0,1.0,0.0,0.0,4,0,0,0,1,0,0,0,0.5232276231307983,523227.62313079834
Y2019_LAT23.63088_LON90.03519,2019,90.03519122181311,23.630880834439807,0.0,0.0,0.0,1.0,0.0,0.0,4,0,0,0,1,0,0,0,0.5745602910232543,574560.2910232544
Y2019_LAT23.63107_LON90.04498,2019,90.04498209769812,23.631067799470767,0.0,0.0,0.0,1.0,0.0,0.0,4,0,0,0,1,0,0,0,0.8353921760406494,835392.1760406494
Y2019_LAT23.63125_LON90.05477,2019,90.05477307424252,23.631254147911996,0.435101231726001,0.0054999772593853965,0.0,0.5593987910146136,0.0,0.0,4,0,0,0,1,0,0,0,0.9985703366317749,998570.3366317749
Y2019_LAT23.63144_LON90.06456,2019,90.06456415107301,23.63143987984279,0.9921000244859903,0.002299984069168359,0.004100002146766028,0.0014999892980753584,0.0,0.0,1,1,0,0,0,0,0,0,0.9985851325378418,998585.1325378418
Y2019_LAT23.63162_LON90.07436,2019,90.07435532800123,23.631624995172196,0.8941001866581479,0.0008000026835607746,0.09289984097402344,0.012199969684267892,0.0,0.0,1,1,0,0,0,0,0,0,0.9985998797683716,998599.8797683716
Y2019_LAT23.63181_LON90.08415,2019,90.08414660453354,23.631809493901137,0.9367999541440507,0.01710003162559426,0.03040003020150979,0.003499996332007823,0.01219998769683738,0.0,1,1,0,0,0,0,0,0,0.9986145784759521,998614.5784759521
Y2019_LAT23.63199_LON90.09394,2019,90.09393798034814,23.631993375974673,0.9540998663727875,0.021000114965238906,0.017200039379065193,0.007699979282908341,0.0,0.0,1,1,0,0,0,0,0,0,0.9986292273864746,998629.2273864746
Y2019_LAT23.63218_LON90.10373,2019,90.10372945516869,23.632176641414723,0.9766001127891615,0.023399887210838508,0.0,0.0,0.0,0.0,1,1,0,0,0,0,0,0,0.9986438276672364,998643.8276672363
Y2019_LAT23.63236_LON90.11352,2019,90.11352102872527,23.632359290226457,0.9960999907572332,0.003900009242766805,0.0,0.0,0.0,0.0,1,1,0,0,0,0,0,0,0.9986583791046143,998658.3791046143
Y2019_LAT23.63254_LON90.12331,2019,90.1233127005404,23.632541322280527,0.9915000205462302,0.00849997945376984,0.0,0.0,0.0,0.0,1,1,0,0,0,0,0,0,0.9986728806991577,998672.8806991577
Y2019_LAT23.63272_LON90.1331,2019,90.1331044703737,23.632722737589727,0.7023989343832089,0.06490016681276277,0.21840082082880996,0.01430007797521835,0.0,0.0,1,1,0,0,0,0,0,0,0.9986873349533081,998687.3349533081
Y2019_LAT23.6329_LON90.1429,2019,90.14289633789178,23.632903536121397,0.2370999685853791,0.03229999293547332,0.7254000728956096,0.005199965583538036,0.0,0.0,3,0,0,1,0,0,0,0,0.9987017384719848,998701.7384719849
Y2019_LAT23.63308_LON90.15269,2019,90.15268830281009,23.633083717928397,0.1177998437388176,0.040699989786950726,0.8160001852891026,0.02549998118512919,0.0,0.0,3,0,0,1,0,0,0,0,0.9987160928573608,998716.0928573608
Y2019_LAT23.63326_LON90.16248,2019,90.16248036461046,23.63326328294432,0.006499992299507653,0.10270035237920112,0.8828996637787031,0.007899991542588108,0.0,0.0,3,0,0,1,0,0,0,0,0.9987303983688355,998730.3983688354
Y2019_LAT23.63344_LON90.17227,2019,90.17227252310705,23.633442231082565,0.17970039445730807,0.0986999209495858,0.7215996845931061,0.0,0.0,0.0,3,0,0,1,0,0,0,0,0.9987446559677124,998744.6559677124
Y2019_LAT23.63362_LON90.18206,2019,90.18206477796052,23.63362056242173,0.31169925648934926,0.028199892984320653,0.6588008570367526,0.0012999934895774525,0.0,0.0,3,0,0,1,0,0,0,0,0.9987588634490967,998758.8634490967
Y2019_LAT23.6338_LON90.19186,2019,90.19185712892651,23.633798276907896,0.00650004338141785,0.0,0.9425999057264993,0.00060000274533471,0.05030004814674814,0.0,3,0,0,1,0,0,0,0,0.9987730230331421,998773.0230331421
Y2019_LAT23.63398_LON90.20165,2019,90.20164957542866,23.633975374415314,0.5372015070664751,0.04590004066868383,0.41689845226484107,0.0,0.0,0.0,1,1,0,0,0,0,0,0,0.9987871315383912,998787.1315383911
Y2019_LAT23.63415_LON90.21144,2019,90.21144211727994,23.634151855080056,0.7791989109167132,0.0,0.22080108908328674,0.0,0.0,0.0,1,1,0,0,0,0,0,0,0.9988011925048829,998801.1925048828
Y2019_LAT23.63433_LON90.22123,2019,90.2212347542373,23.63432771869168,0.09169956245737876,0.00820002733269184,0.898500399948993,0.00020000127306899355,0.0014000089878674,0.0,3,0,0,1,0,0,0,0,0.9988152059173584,998815.2059173584
Y2019_LAT23.6345_LON90.23103,2019,90.2310274857601,23.63450296536963,0.014200049748588513,0.0016999905512799542,0.9812999686915123,0.0011000012975565154,0.0016999897110628011,0.0,3,0,0,1,0,0,0,0,0.9988291662445068,998829.1662445068
Y2019_LAT23.63468_LON90.24082,2019,90.24082031171682,23.6346775950961,0.3306694892653556,0.007744295871679631,0.6615862148629648,0.0,0.0,0.0,3,0,0,1,0,0,0,0,0.8125584328308105,812558.4328308105
Y2019_LAT23.63485_LON90.25061,2019,90.25061323168539,23.63485160776511,0.0,0.0,1.0,0.0,0.0,0.0,3,0,0,1,0,0,0,0,0.14063826360321044,140638.26360321045
Y2019_LAT23.63639_LON90.33875,2019,90.33875368702479,23.636389951974817,0.0,0.0,1.0,0.0,0.0,0.0,3,0,0,1,0,0,0,0,0.025673895767211914,25673.895767211914
Y2019_LAT23.63656_LON90.34855,2019,90.34854752886153,23.63655779316477,0.6072996860706423,0.0,0.11516614314279937,0.27753417078655834,0.0,0.0,1,1,0,0,0,0,0,0,0.15873993330383301,158739.933303833
Y2019_LAT23.63673_LON90.35834,2019,90.35834146102766,23.636725017055053,0.44776097730428677,0.5223882994623351,0.0,0.029850723233378153,0.0,0.0,2,0,1,0,0,0,0,0,0.0066933027114868164,6693.302711486816
Y2019_LAT23.63739_LON90.39752,2019,90.39751808667401,23.637387739401863,0.9589041635277387,0.0,0.04109583647226133,0.0,0.0,0.0,1,1,0,0,0,0,0,0,0.029172682411193848,29172.682411193848
Y2019_LAT23.63755_LON90.40731,2019,90.40731246568988,23.637551876547917,0.5145670242796392,0.04194240724449957,0.13624237119640092,0.30724819727946034,0.0,0.0,1,1,0,0,0,0,0,0,0.7098415767898559,709841.576789856
Y2019_LAT23.63772_LON90.41711,2019,90.41710693302514,23.637715396337033,0.8419999789501024,0.000799997156309511,0.044300105573414496,0.11249991835983397,0.0,0.0003999999603396923,1,1,0,0,0,0,0,0,0.9990851248474121,999085.1248474121
Y2019_LAT23.63788_LON90.4269,2019,90.42690148839867,23.637878298641105,0.25979948298253575,0.15950040069290297,0.46570007934960916,0.08600010220371876,0.0,0.02899993477123337,3,0,0,1,0,0,0,1,0.9990981050567627,999098.1050567627
Y2019_LAT23.63804_LON90.4367,2019,90.4366961315126,23.638040583553735,0.7147007126248971,0.007700026632025278,0.037399916620225016,0.2401993441228526,0.0,0.0,1,1,0,0,0,0,0,0,0.9991110362167358,999111.0362167358
Y2019_LAT23.6382_LON90.44649,2019,90.44649086197253,23.638202250888767,0.472499806089751,0.05790013015001366,0.14439991305775796,0.3175001391881595,0.0,0.0077000115143179785,1,1,0,0,0,0,0,1,0.99912391872406,999123.9187240601
Y2019_LAT23.63836_LON90.45629,2019,90.456285679369,23.638363300742633,0.6365998806661473,0.09679974610398145,0.017099942532243787,0.1207998922184568,0.0,0.1287005384791707,1,1,0,0,0,0,0,0,0.9991367518157959,999136.7518157959
Y2019_LAT23.63852_LON90.46608,2019,90.46608058368504,23.638523733097685,0.740793289936888,0.02182996966832998,0.0,0.18310789244022502,0.0,0.054268847954557144,1,1,0,0,0,0,0,0,0.9794661780090332,979466.1780090332
Y2019_LAT23.63868_LON90.47588,2019,90.47587557416632,23.638683547945472,0.0,0.0,0.0,1.0,0.0,0.0,4,0,0,0,1,0,0,0,0.05265554526519775,52655.545265197754
Y2019_LAT23.63934_LON90.00561,2019,90.00561387970349,23.639336565967717,0.0,0.0,0.47464930845907477,0.4868752924010607,0.0,0.0384753991398645,4,0,0,0,1,0,0,1,0.2776831385269165,277683.1385269165
Y2019_LAT23.63953_LON90.01541,2019,90.01540512064885,23.63952546108223,0.0,0.004499972982482133,0.021799853234890112,0.9540002833291382,0.0,0.019699890453489504,4,0,0,0,1,0,0,0,0.9985106624450684,998510.6624450684
Y2019_LAT23.63971_LON90.0252,2019,90.02519646314518,23.63971373938418,0.0,0.0,0.0,1.0,0.0,0.0,4,0,0,0,1,0,0,0,0.9985256575164795,998525.6575164795
Y2019_LAT23.6399_LON90.03499,2019,90.034987907132,23.639901401038887,0.0,0.0,0.0,1.0,0.0,0.0,4,0,0,0,1,0,0,0,0.998540598083496,998540.5980834961
Y2019_LAT23.64009_LON90.04478,2019,90.04477945199663,23.640088445885237,0.49730137477747843,0.0,0.0,0.5026986252225215,0.0,0.0,4,0,0,0,1,0,0,0,0.9985554943542481,998555.494354248
Y2019_LAT23.64027_LON90.05457,2019,90.05457109763331,23.640274873941813,0.9824999135567593,0.0015999890999928716,0.015100103114144815,0.0007999942291030972,0.0,0.0,1,1,0,0,0,0,0,0,0.9985703403625489,998570.3403625488
Y2019_LAT23.64046_LON90.06436,2019,90.06436284356948,23.640460685216226,0.5583993333750901,0.030200197672940583,0.4114004689519693,0.0,0.0,0.0,1,1,0,0,0,0,0,0,0.9985851356735229,998585.135673523
Y2019_LAT23.64065_LON90.07415,2019,90.07415468952574,23.64064587967984,0.18660066144660545,0.01659989123117504,0.7967994473222195,0.0,0.0,0.0,3,0,0,1,0,0,0,0,0.9985998836593628,998599.8836593628
Y2019_LAT23.64083_LON90.08395,2019,90.08394663525623,23.640830457145512,0.8172000438524257,0.0,0.18279995614757427,0.0,0.0,0.0,1,1,0,0,0,0,0,0,0.9986145814132691,998614.581413269
Y2019_LAT23.64101_LON90.09374,2019,90.09373868027556,23.641014417801408,0.6784002017445505,0.004700026328931455,0.316899771926518,0.0,0.0,0.0,1,1,0,0,0,0,0,0,0.9986292311401367,998629.2311401367
Y2019_LAT23.6412_LON90.10353,2019,90.1035308243253,23.641197761553297,0.9536001975275976,0.04269982557996775,0.0019999878034514854,0.0016999890889831833,0.0,0.0,1,1,0,0,0,0,0,0,0.9986438310928345,998643.8310928345
Y2019_LAT23.64138_LON90.11332,2019,90.1133230671203,23.64138048836323,0.7095992393981914,0.02790000723798667,0.262500753363822,0.0,0.0,0.0,1,1,0,0,0,0,0,0,0.9986583826141358,998658.3826141357
Y2019_LAT23.64156_LON90.12312,2019,90.12311540817527,23.641562598137853,0.37510024313211726,0.013300052006043487,0.6115997048618392,0.0,0.0,0.0,3,0,0,1,0,0,0,0,0.9986728843231201,998672.8843231201
Y2019_LAT23.64174_LON90.13291,2019,90.13290784739192,23.641744090980474,0.14599932128658372,0.0020999877538720167,0.8519006909595442,0.0,0.0,0.0,3,0,0,1,0,0,0,0,0.9986873373031616,998687.3373031616
Y2019_LAT23.64192_LON90.1427,2019,90.14270038415933,23.641924966825982,0.07979986845245036,0.1056000179016345,0.8081001232920213,0.006499990353893796,0.0,0.0,3,0,0,1,0,0,0,0,0.9987017419586182,998701.7419586182
Y2019_LAT23.64211_LON90.15249,2019,90.15249301844727,23.642105225591944,0.0,0.019600123300850855,0.9803998766991492,0.0,0.0,0.0,3,0,0,1,0,0,0,0,0.9987160972518921,998716.0972518921
Y2019_LAT23.64228_LON90.16229,2019,90.16228574963881,23.642284867320626,0.5023004780542417,0.08399960888955556,0.4136999130562027,0.0,0.0,0.0,1,1,0,0,0,0,0,0,0.9987304024963379,998730.4024963379
Y2019_LAT23.64246_LON90.17208,2019,90.17207857758389,23.642463891953792,0.8827002934207716,0.026299855844923496,0.02749992807222365,0.06349992266208125,0.0,0.0,1,1,0,0,0,0,0,0,0.9987446588363648,998744.6588363647
Y2019_LAT23.64264_LON90.18187,2019,90.18187150194369,23.642642299414003,0.6710986260937665,0.03650009561234686,0.2924012782938867,0.0,0.0,0.0,1,1,0,0,0,0,0,0,0.9987588652420044,998758.8652420044
Y2019_LAT23.64282_LON90.19166,2019,90.19166452228174,23.64282008978363,0.13230014294086556,0.04350015392115329,0.8241997031379812,0.0,0.0,0.0,3,0,0,1,0,0,0,0,0.9987730256881714,998773.0256881714
Y2019_LAT23.643_LON90.20146,2019,90.20145763829525,23.64299726296808,0.7014010575811266,0.06329983505764147,0.234999107989271,0.00029999937196089927,0.0,0.0,1,1,0,0,0,0,0,0,0.9987871352767944,998787.1352767944
Y2019_LAT23.64317_LON90.21125,2019,90.21125084981313,23.643173818962985,0.6764986987081678,0.0039000224316083584,0.3196012788602238,0.0,0.0,0.0,1,1,0,0,0,0,0,0,0.9988011959152222,998801.1959152222
Y2019_LAT23.64335_LON90.22104,2019,90.22104415620227,23.64334975780315,0.015399916991648553,0.015899924260774273,0.9687001587475772,0.0,0.0,0.0,3,0,0,1,0,0,0,0,0.9988152061462402,998815.2061462402
Y2019_LAT23.64353_LON90.23084,2019,90.23083755736806,23.643525079329393,0.0,0.03260011584249228,0.957699922685045,0.0,0.009699961472462807,0.0,3,0,0,1,0,0,0,0,0.9988291694946289,998829.1694946289
Y2019_LAT23.6437_LON90.24063,2019,90.24063105301244,23.64369978365415,0.0,0.06189971084418685,0.9381002891558131,0.0,0.0,0.0,3,0,0,1,0,0,0,0,0.9988430824813843,998843.0824813843
Y2019_LAT23.64387_LON90.25042,2019,90.25042464250843,23.64387387067206,0.0218195781149258,0.0,0.9356507514608866,0.04215984713285714,0.00036982329133055996,0.0,3,0,0,1,0,0,0,0,0.27008957106018067,270089.57106018066
Y2019_LAT23.64524_LON90.32878,2019,90.32877670502518,23.645244341727786,0.04713112960765453,0.0033298968572185094,0.9246927713855623,0.024846202149564692,0.0,0.0,3,0,0,1,0,0,0,0,0.3899973263320923,389997.3263320923
Y2019_LAT23.64541_LON90.33857,2019,90.33857112606012,23.64541287210143,0.219140296721856,0.039368584043898806,0.6494177575063826,0.08823252146796062,0.0,0.003840840259901903,3,0,0,1,0,0,0,0,0.9363437696380615,936343.7696380615
Y2019_LAT23.64558_LON90.34837,2019,90.34836563780057,23.645580784953946,0.6909007637285708,0.007400001890475088,0.02509989774687463,0.21909953564840554,0.0,0.057499800985673984,1,1,0,0,0,0,0,0,0.9989928874053955,998992.8874053955
Y2019_LAT23.64575_LON90.35816,2019,90.35816023993993,23.64574808031333,0.7473522595694773,0.12710047446092992,0.12554726596959292,0.0,0.0,0.0,1,1,0,0,0,0,0,0,0.7073952833557129,707395.2833557129
Y2019_LAT23.64591_LON90.36795,2019,90.3679549321608,23.64591475808523,1.0,0.0,0.0,0.0,0.0,0.0,1,1,0,0,0,0,0,0,0.005994079727172852,5994.079727172852
Y2019_LAT23.64625_LON90.38754,2019,90.38754458532914,23.646246260840886,0.0,0.0,0.0,0.0,0.0,1.0,6,0,0,0,0,0,1,0,0.000599431396484375,599.431396484375
Y2019_LAT23.64641_LON90.39734,2019,90.39733954566749,23.646411085800302,0.323567164760743,0.017150158337289317,0.41303453089623116,0.2396739449476321,0.0,0.006574201058104523,3,0,0,1,0,0,0,1,0.6990427157821655,699042.7157821655
Y2019_LAT23.64658_LON90.40713,2019,90.4071345948111,23.646575293117806,0.547900180196682,0.0009999977249702922,0.414699978352371,0.03639984372597677,0.0,0.0,1,1,0,0,0,0,0,0,0.9990720971374512,999072.0971374512
Y2019_LAT23.64674_LON90.41693,2019,90.41692973228972,23.64673888274929,0.5521996462107198,0.0014999967255848031,0.4463003570636954,0.0,0.0,0.0,1,1,0,0,0,0,0,0,0.9990851277236938,999085.1277236938
Y2019_LAT23.6469_LON90.42672,2019,90.42672495781879,23.646901854634045,0.4572996827789685,0.03530002387158526,0.3810000606577722,0.12640023269167405,0.0,0.0,1,1,0,0,0,0,0,1,0.9990981089401245,999098.1089401245
Y2019_LAT23.64706_LON90.43652,2019,90.4365202710943,23.647064208803844,0.5098001805757225,0.005299998540334494,0.25700053964347935,0.2273992814241291,0.0,0.0004999998163345313,1,1,0,0,0,0,0,0,0.9991110390014648,999111.0390014648
Y2019_LAT23.64723_LON90.44632,2019,90.44631567171159,23.647225945272186,0.5314007353062328,0.0020999932548229645,0.46059926041804866,0.005900011020895557,0.0,0.0,1,1,0,0,0,0,0,0,0.9991239214553833,999123.9214553833
Y2019_LAT23.64739_LON90.45611,2019,90.456111159433,23.647387064043077,0.7685995098925756,0.04640015398925374,0.016099912960210294,0.14590031869255218,0.0,0.023000104465408157,1,1,0,0,0,0,0,0,0.9991367546844483,999136.7546844482
Y2019_LAT23.64755_LON90.46591,2019,90.46590673389129,23.647547564951147,0.2998538624060948,0.05514957996843181,0.0,0.5069398282152953,0.0,0.13805672941017819,4,0,0,0,1,0,0,0,0.5471330102233887,547133.0102233887
Y2019_LAT23.64836_LON90.00541,2019,90.00540845614941,23.64835687910562,0.0,0.0,0.0,1.0,0.0,0.0,4,0,0,0,1,0,0,0,0.046530157821655274,46530.15782165527
Y2019_LAT23.64855_LON90.0152,2019,90.01520036621756,23.64854585489665,0.0,0.0026651452499579535,0.0,0.9958119188586568,0.0,0.001522935891385195,4,0,0,0,1,0,0,0,0.524518486755371,524518.4867553711
Y2019_LAT23.64873_LON90.02499,2019,90.02499237812492,23.648734213692826,0.0,0.0,0.0,1.0,0.0,0.0,4,0,0,0,1,0,0,0,0.9985256602554321,998525.6602554321
Y2019_LAT23.64892_LON90.03478,2019,90.03478449128586,23.648921955469756,0.13920077359321376,0.011400039385436178,0.005200029265518877,0.8389991383466155,0.0,0.005200019409215662,4,0,0,0,1,0,0,0,0.9985406020355224,998540.6020355225
Y2019_LAT23.64911_LON90.04458,2019,90.04457670567825,23.649109080184143,0.9494998730183417,0.0,0.035900226922917,0.014599900058741318,0.0,0.0,1,1,0,0,0,0,0,0,0.9985554977722167,998555.4977722168
Y2019_LAT23.6493_LON90.05437,2019,90.0543690206215,23.649295587869982,0.4886992781940437,0.0,0.5113007218059563,0.0,0.0,0.0,3,0,0,1,0,0,0,0,0.9985703437652588,998570.3437652588
Y2019_LAT23.64948_LON90.06416,2019,90.06416143605601,23.649481478469284,0.0,0.0031000052691907047,0.9968999947308093,0.0,0.0,0.0,3,0,0,1,0,0,0,0,0.9985851394500732,998585.1394500732
Y2019_LAT23.64967_LON90.07395,2019,90.07395395145528,23.649666751984714,0.0,0.022700011945848465,0.9772999880541515,0.0,0.0,0.0,3,0,0,1,0,0,0,0,0.998599886932373,998599.886932373
Y2019_LAT23.64985_LON90.08375,2019,90.08374656656957,23.64985140835832,0.00470000251057505,0.00670000552937526,0.9885999919600497,0.0,0.0,0.0,3,0,0,1,0,0,0,0,0.9986145853729248,998614.5853729248
Y2019_LAT23.65004_LON90.09354,2019,90.09353928121038,23.650035447580883,0.07980052770876567,0.017200100186355496,0.8967993338742388,0.006200038230640127,0.0,0.0,3,0,0,1,0,0,0,0,0.9986292339477539,998629.2339477539
Y2019_LAT23.65022_LON90.10333,2019,90.10333209478911,23.650218869606544,0.9867000029733225,0.0010999941697696343,0.006700007285811552,0.005499995571096335,0.0,0.0,1,1,0,0,0,0,0,0,0.9986438345031738,998643.8345031738
Y2019_LAT23.6504_LON90.11313,2019,90.11312500715422,23.65040167444693,0.2710995339059614,0.0005000024219543147,0.7284004636720843,0.0,0.0,0.0,3,0,0,1,0,0,0,0,0.9986583858566285,998658.3858566284
Y2019_LAT23.65058_LON90.12292,2019,90.12291801780252,23.6505838620648,0.2526005073789355,0.006200037866875027,0.6764992979917069,0.06470015676248263,0.0,0.0,3,0,0,1,0,0,0,0,0.9986728868789673,998672.8868789673
Y2019_LAT23.65077_LON90.13271,2019,90.13271112660111,23.650765432392348,0.7927001465513304,0.01699993491971397,0.19029991852895561,0.0,0.0,0.0,1,1,0,0,0,0,0,0,0.9986873406829834,998687.3406829834
Y2019_LAT23.65095_LON90.1425,2019,90.14250433313053,23.65094638545509,0.5223993560634322,0.14860015242866834,0.32830049103843484,0.000700000469464771,0.0,0.0,1,1,0,0,0,0,0,0,0.9987017445831299,998701.7445831299
Y2019_LAT23.65113_LON90.1523,2019,90.15229763709117,23.651126721282534,0.6268002432656521,0.01159998592619028,0.3615997708081576,0.0,0.0,0.0,1,1,0,0,0,0,0,0,0.9987161000442505,998716.1000442505
Y2019_LAT23.65131_LON90.16209,2019,90.16209103798133,23.651306439662648,0.9333998220016845,0.0,0.01739988635914925,0.04920029163916626,0.0,0.0,1,1,0,0,0,0,0,0,0.9987304048309327,998730.4048309326
Y2019_LAT23.65149_LON90.17188,2019,90.17188453565397,23.65148554072681,0.9145995693599155,0.03330017256397792,0.035500223357121274,0.01660003471898536,0.0,0.0,1,1,0,0,0,0,0,0,0.9987446621932984,998744.6621932983
Y2019_LAT23.65166_LON90.18168,2019,90.18167812979748,23.65166402444983,0.6273003830274937,0.17160002623175744,0.07039962487553553,0.13069996586521337,0.0,0.0,1,1,0,0,0,0,0,0,0.9987588712615967,998758.8712615967
Y2019_LAT23.65184_LON90.19147,2019,90.19147182000454,23.651841890691543,0.5888997527248393,0.0166999464064247,0.37520038362030655,0.017899916270483315,0.0013000009779462805,0.0,1,1,0,0,0,0,0,0,0.9987730288925171,998773.0288925171
Y2019_LAT23.65202_LON90.20127,2019,90.20126560585283,23.65201913957036,0.967800014167765,0.017700077152500982,0.014299908034611153,0.0002000006451229604,0.0,0.0,1,1,0,0,0,0,0,0,0.9987871377944947,998787.1377944946
Y2019_LAT23.6522_LON90.21106,2019,90.21105948714879,23.652195770994364,0.5486995934986347,0.13159981218457872,0.31320059866985583,0.006499995646930736,0.0,0.0,1,1,0,0,0,0,0,0,0.9988011989669799,998801.19896698
Y2019_LAT23.65237_LON90.22085,2019,90.2208534635432,23.652371784935802,0.6105994856529352,0.008999941677726452,0.3799005761029719,0.0004999965663664312,0.0,0.0,1,1,0,0,0,0,0,0,0.9988152087402343,998815.2087402344
Y2019_LAT23.65255_LON90.23065,2019,90.23064753466687,23.65254718137857,0.0,0.0,1.0,0.0,0.0,0.0,3,0,0,1,0,0,0,0,0.9988291728134155,998829.1728134155
Y2019_LAT23.65272_LON90.24044,2019,90.24044170015313,23.652721960284474,0.0,0.0013999958484120006,0.8295994362061564,0.16410057383715013,0.004899994108281604,0.0,3,0,0,1,0,0,0,0,0.9988430869369507,998843.0869369507
Y2019_LAT23.6529_LON90.25024,2019,90.25023595969363,23.652896121651573,0.0,0.0,0.4689267512946321,0.5310732487053679,0.0,0.0,4,0,0,0,1,0,0,0,0.5657518930740356,565751.8930740356
Y2019_LAT23.65307_LON90.26003,2019,90.26003031308993,23.65306966545825,0.005403700870265075,0.0015893247965017105,0.6675143524575164,0.3254926218757168,0.0,0.0,3,0,0,1,0,0,0,0,0.31424441891479493,314244.4189147949
Y2019_LAT23.65324_LON90.26982,2019,90.26982475978058,23.653242591653335,0.10591409505472799,0.0,0.6358718971939268,0.25821400775134523,0.0,0.0,3,0,0,1,0,0,0,0,0.25841062744903565,258410.62744903564
Y2019_LAT23.65393_LON90.309,2019,90.30900347412292,23.65392811999907,0.0,0.0,0.0,1.0,0.0,0.0,4,0,0,0,1,0,0,0,0.005394304824829102,5394.304824829102
Y2019_LAT23.6541_LON90.3188,2019,90.31879838284914,23.654097957912555,0.0,0.38971117128436983,0.0012497439403175003,0.6090390847753127,0.0,0.0,4,0,0,0,1,0,0,0,0.47959806758117673,479598.06758117676
Y2019_LAT23.65427_LON90.32859,2019,90.32859338312579,23.654267178018465,0.06623747004196803,0.1571364417585981,0.44272239167367,0.33390369652576385,0.0,0.0,3,0,0,1,0,0,0,1,0.9923729619522095,992372.9619522095
Y2019_LAT23.65444_LON90.33839,2019,90.33838847432703,23.65443578045313,0.3961998278367021,0.04359998267637978,0.22690025364098404,0.2677996249690317,0.0,0.06550031087690235,1,1,0,0,0,0,0,1,0.9989795179672242,998979.5179672241
Y2019_LAT23.6546_LON90.34818,2019,90.34818365641897,23.65460376508775,0.5615009371233881,0.03600006418698794,0.27469935334148676,0.009299986620586972,0.0,0.11849965872755026,1,1,0,0,0,0,0,0,0.9989928960494995,998992.8960494995
Y2019_LAT23.65477_LON90.35798,2019,90.35797892875856,23.654771131862596,0.9821000464752818,0.005899999256750385,0.011999954267967832,0.0,0.0,0.0,1,1,0,0,0,0,0,0,0.9990062174682617,999006.2174682617
Y2019_LAT23.65494_LON90.36777,2019,90.36777429133626,23.654937880784992,1.0,0.0,0.0,0.0,0.0,0.0,1,1,0,0,0,0,0,0,0.7181946359481811,718194.6359481812
Y2019_LAT23.6551_LON90.37757,2019,90.37756974355645,23.655104011925015,0.6057356625495642,0.0,0.38716170124817656,0.007102636202259223,0.0,0.0,1,1,0,0,0,0,0,0,0.7454783599700928,745478.3599700928
Y2019_LAT23.65527_LON90.38737,2019,90.38736528525558,23.655269525170006,0.5458441275364648,0.02874694567788315,0.4068624085064459,0.01819877065245019,0.0,0.0003477476267559773,1,1,0,0,0,0,0,0,0.8618770925827026,861877.0925827026
Y2019_LAT23.65543_LON90.39716,2019,90.39716091605396,23.655434420477103,0.6179000608342929,0.0026999969959388102,0.35379996325343804,0.025299980858039178,0.0,0.0002999980582909988,1,1,0,0,0,0,0,0,0.9990590226287842,999059.0226287842
Y2019_LAT23.6556_LON90.40696,2019,90.4069566355684,23.65559869789448,0.11280021985121035,0.0,0.8862997859495739,0.0008999941992156958,0.0,0.0,3,0,0,1,0,0,0,0,0.9990721012954712,999072.1012954712
Y2019_LAT23.65576_LON90.41675,2019,90.41675244347262,23.65576235737984,0.8148003038486239,0.0,0.18519969615137613,0.0,0.0,0.0,1,1,0,0,0,0,0,0,0.9990851307373046,999085.1307373047
Y2019_LAT23.65593_LON90.42655,2019,90.42654833944502,23.6559253989286,0.38309986389640627,0.00460001520480955,0.6069001391337466,0.0053999817650375445,0.0,0.0,3,0,0,1,0,0,0,0,0.9990981108169555,999098.1108169556
Y2019_LAT23.65609_LON90.43634,2019,90.43634432324464,23.656087822467907,0.6018994970868942,0.20690072264245712,0.18759976343110632,0.0036000168395424075,0.0,0.0,1,1,0,0,0,0,0,0,0.9991110415344239,999111.0415344238
Y2019_LAT23.65625_LON90.44614,2019,90.44614039448588,23.656249628012446,0.6590011411705521,0.26239893849456386,0.07739991507411374,0.0012000052607703368,0.0,0.0,1,1,0,0,0,0,0,0,0.9991239233932495,999123.9233932495
Y2019_LAT23.65641_LON90.45594,2019,90.45593655269141,23.65641081546605,0.5513938123805159,0.007747935648690825,0.014333612694989274,0.42652463927580414,0.0,0.0,1,1,0,0,0,0,0,0,0.7737305947418213,773730.5947418213
Y2019_LAT23.65657_LON90.46573,2019,90.46573279774167,23.656571384915978,0.0,0.0,0.0,1.0,0.0,0.0,4,0,0,0,1,0,0,0,0.015386814949035644,15386.814949035645
Y2019_LAT23.65757_LON90.015,2019,90.01499551017915,23.657566236566307,0.0,0.0,0.0,1.0,0.0,0.0,4,0,0,0,1,0,0,0,0.0011982215576171874,1198.2215576171875
Y2019_LAT23.65775_LON90.02479,2019,90.02478819164048,23.65775467575426,0.0,0.0,0.0,1.0,0.0,0.0,4,0,0,0,1,0,0,0,0.9190435606384277,919043.5606384277
Y2019_LAT23.65794_LON90.03458,2019,90.03458097454474,23.657942497728577,0.3503005218821517,0.15870021806081477,0.18840062915401126,0.30259863090302225,0.0,0.0,1,1,0,0,0,0,0,1,0.9985406059570312,998540.6059570312
Y2019_LAT23.65813_LON90.04437,2019,90.04437385854851,23.658129702363212,0.16759986775644445,0.0,0.8324001322435556,0.0,0.0,0.0,3,0,0,1,0,0,0,0,0.9985555013046264,998555.5013046265
Y2019_LAT23.65832_LON90.05417,2019,90.05416684324668,23.658316289721874,0.03659990193596061,0.0,0.9634000980640394,0.0,0.0,0.0,3,0,0,1,0,0,0,0,0.9985703471603393,998570.3471603394
Y2019_LAT23.6585_LON90.06396,2019,90.06395992843409,23.658502259648635,0.0,0.05970011425003942,0.9402998857499606,0.0,0.0,0.0,3,0,0,1,0,0,0,0,0.9985851423568726,998585.1423568726
Y2019_LAT23.65869_LON90.07375,2019,90.07375311363549,23.65868761223123,0.0,0.14450055641802348,0.8554994435819765,0.0,0.0,0.0,3,0,0,1,0,0,0,0,0.9985998900146484,998599.8900146484
Y2019_LAT23.65887_LON90.08355,2019,90.08354639862759,23.65887234750067,0.0,0.03149981171748762,0.9685001882825124,0.0,0.0,0.0,3,0,0,1,0,0,0,0,0.9986145887527466,998614.5887527466
Y2019_LAT23.65906_LON90.09334,2019,90.09333978300259,23.659056465300775,0.2619011785090144,0.0018000107984553764,0.7238987330078417,0.012400077684688548,0.0,0.0,3,0,0,1,0,0,0,0,0.9986292375564575,998629.2375564575
Y2019_LAT23.65924_LON90.10313,2019,90.10313326652143,23.659239965665787,0.9728999891283693,0.010000010115723568,0.0,0.01710000075590718,0.0,0.0,1,1,0,0,0,0,0,0,0.9986438376693726,998643.8376693726
Y2019_LAT23.65942_LON90.11293,2019,90.11292684873005,23.65942284849785,0.9088000956489168,0.005800000074969354,0.03130003434356256,0.054099869932551246,0.0,0.0,1,1,0,0,0,0,0,0,0.9986583896331787,998658.3896331787
Y2019_LAT23.65961_LON90.12272,2019,90.12272052944736,23.659605113927626,0.6374995643434062,0.1522005762028432,0.17319969514674488,0.03710016430700595,0.0,0.0,1,1,0,0,0,0,0,0,0.9986728909912109,998672.8909912109
Y2019_LAT23.65979_LON90.13251,2019,90.13251430809983,23.65978676176679,0.8907001626691247,0.023899842974209922,0.019900072512666896,0.06549992184399853,0.0,0.0,1,1,0,0,0,0,0,0,0.9986873446884156,998687.3446884155
Y2019_LAT23.65997_LON90.14231,2019,90.14230818473796,23.659967792088718,0.8279998947686261,0.048300179597630576,0.031699962235369125,0.09199996339837421,0.0,0.0,1,1,0,0,0,0,0,0,0.998701748161316,998701.7481613159
Y2019_LAT23.66015_LON90.1521,2019,90.15210215855805,23.660148204837075,0.8667001086551699,0.020700040903633005,0.07549988959124825,0.036299960923480895,0.0007999999264680927,0.0,1,1,0,0,0,0,0,0,0.9987161028442383,998716.1028442383
Y2019_LAT23.66033_LON90.1619,2019,90.16189622963945,23.66032799999945,0.9207997958774871,0.0012000060163388578,9.999928801895656e-05,0.07790019881815512,0.0,0.0,1,1,0,0,0,0,0,0,0.9987304078903199,998730.4078903198
Y2019_LAT23.66051_LON90.17169,2019,90.171690397392,23.660507177542893,0.479598369222782,0.018999986212229706,0.49640165312210177,0.004999991442886503,0.0,0.0,3,0,0,1,0,0,0,1,0.9987446658172607,998744.6658172607
Y2019_LAT23.66069_LON90.18148,2019,90.18148466160724,23.660685737444066,0.08330025924766396,0.05590020854505971,0.8508994732928429,0.009900058914433428,0.0,0.0,3,0,0,1,0,0,0,0,0.9987588736419678,998758.8736419678
Y2019_LAT23.66086_LON90.19128,2019,90.19127902196914,23.66086367968809,0.6485009455340673,0.025199985664970594,0.2470990676862948,0.07920000111466723,0.0,0.0,1,1,0,0,0,0,0,0,0.9987730327835083,998773.0327835083
Y2019_LAT23.66104_LON90.20107,2019,90.20107347794811,23.66104100422481,0.7190994696882183,0.019400031381438948,0.14790048634026812,0.11360001259007467,0.0,0.0,1,1,0,0,0,0,0,0,0.9987871408996583,998787.1408996582
Y2019_LAT23.66122_LON90.21087,2019,90.21086802953347,23.66121771105298,0.2645993451537596,0.10950017931244778,0.49350034910944485,0.13240012642434776,0.0,0.0,3,0,0,1,0,0,0,1,0.9988012021789551,998801.2021789551
Y2019_LAT23.66139_LON90.22066,2019,90.22066267606631,23.66139380014104,0.0006000039662882475,0.01849992345244805,0.5267994261732059,0.45410064640805786,0.0,0.0,3,0,0,1,0,0,0,0,0.998815215385437,998815.215385437
Y2019_LAT23.66157_LON90.23046,2019,90.23045741748071,23.661569271449984,0.003199988804677889,0.001500001263636937,0.5504992688437621,0.4434007389629024,0.0014000021250206798,0.0,3,0,0,1,0,0,0,0,0.9988291756515503,998829.1756515503
Y2019_LAT23.66174_LON90.24025,2019,90.2402522533002,23.66174412497075,0.0,0.0011999977727498072,0.6212000137310009,0.37759998849624926,0.0,0.0,3,0,0,1,0,0,0,0,0.9988430887374878,998843.0887374878
Y2019_LAT23.66192_LON90.25005,2019,90.25004718316151,23.661918360714164,0.049400290028282404,0.0,0.6928999544893848,0.25769975548233287,0.0,0.0,3,0,0,1,0,0,0,0,0.998856953742981,998856.953742981
Y2019_LAT23.66209_LON90.25984,2019,90.25984220682595,23.662091978628148,0.16449959342889897,0.0,0.7462006570818429,0.08929974948925813,0.0,0.0,3,0,0,1,0,0,0,0,0.9988707683486938,998870.7683486938
Y2019_LAT23.66226_LON90.26964,2019,90.26963732391111,23.66226497864561,0.0011366264339250092,0.0,0.9530573410709805,0.04580603249509455,0.0,0.0,3,0,0,1,0,0,0,0,0.8788179817962647,878817.9817962646
Y2019_LAT23.66244_LON90.27943,2019,90.2794325341656,23.662437360798467,0.09623044919398849,0.0,0.9037695508060115,0.0,0.0,0.0,3,0,0,1,0,0,0,0,0.10068850269317627,100688.50269317627
Y2019_LAT23.66278_LON90.29902,2019,90.29902323249809,23.662780271433803,0.982157990997832,0.0,0.0,0.017842009002168046,0.0,0.0,1,1,0,0,0,0,0,0,0.11757402460479736,117574.02460479736
Y2019_LAT23.66295_LON90.30882,2019,90.30881872007676,23.662950799805053,0.45181962093842004,0.030672295302452298,0.24579919886321996,0.27170888489590767,0.0,0.0,1,1,0,0,0,0,0,1,0.7132432492599488,713243.2492599487
Y2019_LAT23.66312_LON90.31861,2019,90.31861429929954,23.66312071017582,0.3159005106387205,0.016499990605436735,0.477499780850276,0.19009971790556682,0.0,0.0,3,0,0,1,0,0,0,1,0.9989526279678345,998952.6279678345
Y2019_LAT23.66329_LON90.32841,2019,90.32840997011043,23.66329000255966,0.9253001768325845,0.044699895754517695,0.025699953480903252,0.004299973931994527,0.0,0.0,1,1,0,0,0,0,0,0,0.9989661003875733,998966.1003875732
Y2019_LAT23.66346_LON90.33821,2019,90.33820573193998,23.66345867691498,0.7527991167770467,0.0013000019707733394,0.24590088125218,0.0,0.0,0.0,1,1,0,0,0,0,0,0,0.9989795212402344,998979.5212402344
Y2019_LAT23.66363_LON90.348,2019,90.34800158450707,23.663626733183868,0.7677007485140284,0.0048999962266785555,0.22679925798128642,0.0005999972780066658,0.0,0.0,1,1,0,0,0,0,0,0,0.9989928998031616,998992.8998031616
Y2019_LAT23.66379_LON90.3578,2019,90.3577975276047,23.663794171446803,0.697899689528762,0.0,0.3021003104712379,0.0,0.0,0.0,1,1,0,0,0,0,0,0,0.9990062192459106,999006.2192459106
Y2019_LAT23.66396_LON90.36759,2019,90.36759356076453,23.663960991623302,0.5567994051881338,0.13060057969613267,0.31140001478596074,0.001200000329772807,0.0,0.0,1,1,0,0,0,0,0,0,0.9990194944915771,999019.4944915771
Y2019_LAT23.66413_LON90.37739,2019,90.37738968368167,23.664127193689648,0.7209007894769313,0.2350994285824733,0.03959979709795397,0.0,0.0026999909483039607,0.0016999938943374968,1,1,0,0,0,0,0,0,0.9990327207107544,999032.7207107544
Y2019_LAT23.66429_LON90.38719,2019,90.38718589607517,23.664292777606878,0.9154999564950175,0.051300003863819076,0.02580001984689159,0.007400019794271805,0.0,0.0,1,1,0,0,0,0,0,0,0.999045897819519,999045.897819519
Y2019_LAT23.66446_LON90.39698,2019,90.39698219758391,23.664457743416822,0.9611000913928602,0.012399933785747044,0.004399997983118034,0.02209997683827468,0.0,0.0,1,1,0,0,0,0,0,0,0.9990590253448486,999059.0253448486
Y2019_LAT23.66462_LON90.40678,2019,90.40677858784863,23.66462209094527,0.2615996551281395,0.10629991982616248,0.6319004263422013,0.0001999987034966875,0.0,0.0,3,0,0,1,0,0,0,0,0.9990721045532227,999072.1045532227
Y2019_LAT23.66479_LON90.41658,2019,90.41657506658078,23.664785820286717,0.9312003137354028,0.020499943414544215,0.048299742850053,0.0,0.0,0.0,1,1,0,0,0,0,0,0,0.9990851324996948,999085.1324996948
Y2019_LAT23.66495_LON90.42637,2019,90.42637163342931,23.66494893146759,0.9939999809162756,0.0009000031611372752,0.005100015922587156,0.0,0.0,0.0,1,1,0,0,0,0,0,0,0.9990981126327515,999098.1126327515
Y2019_LAT23.66511_LON90.43617,2019,90.43616828794282,23.66511142432253,0.8517997332375932,0.031500005245129754,0.11160025971201554,0.005100001805261566,0.0,0.0,1,1,0,0,0,0,0,0,0.9991110447769165,999111.0447769165
Y2019_LAT23.66527_LON90.44597,2019,90.4459650301101,23.66527329895515,0.7432807697204211,0.01915353478464179,0.04281967054142415,0.19474602495351295,0.0,0.0,1,1,0,0,0,0,0,0,0.9963263615722656,996326.3615722656
Y2019_LAT23.66543_LON90.45576,2019,90.455761859255,23.66543455528528,0.18011674305264688,0.0,0.0,0.8198832569473531,0.0,0.0,4,0,0,0,1,0,0,0,0.17085160498046875,170851.60498046875
Y2019_LAT23.66659_LON90.01479,2019,90.01479055228913,23.666586606128025,0.0,0.0,0.0,1.0,0.0,0.0,4,0,0,0,1,0,0,0,0.04303610417175293,43036.10417175293
Y2019_LAT23.66678_LON90.02458,2019,90.0245839038036,23.666775125771643,0.0670306708280913,0.0,0.18493736720903026,0.7479270627646423,0.0,0.00010489919823619695,4,0,0,0,1,0,0,0,0.9518948298416138,951894.8298416138
Y2019_LAT23.66696_LON90.03438,2019,90.0343773566803,23.666963027846926,0.13850026172486563,0.03940007540373701,0.8217996650676529,0.0002999978037444219,0.0,0.0,3,0,0,1,0,0,0,0,0.9985406099319458,998540.6099319458
Y2019_LAT23.66715_LON90.04417,2019,90.04417091068814,23.667150312410396,0.1192997884112747,0.07379988133354445,0.8062003252429305,0.0007000050122503952,0.0,0.0,3,0,0,1,0,0,0,0,0.9985555047531128,998555.5047531128
Y2019_LAT23.66734_LON90.05396,2019,90.05396456549875,23.66733697933665,0.1616003730552375,0.05279983813195219,0.783199802582759,0.002399986230051354,0.0,0.0,3,0,0,1,0,0,0,0,0.9985703508834839,998570.3508834839
Y2019_LAT23.66752_LON90.06376,2019,90.06375832072634,23.667523028751464,0.18029982645422143,0.013299980931924948,0.8064001926138537,0.0,0.0,0.0,3,0,0,1,0,0,0,0,0.9985851452789307,998585.1452789307
Y2019_LAT23.66771_LON90.07355,2019,90.07355217606052,23.66770846043795,0.16050007764647117,0.061700074161348706,0.7777998481921802,0.0,0.0,0.0,3,0,0,1,0,0,0,0,0.9985998939666748,998599.8939666748
Y2019_LAT23.66789_LON90.08335,2019,90.08334613121336,23.66789327448936,0.14819999834989442,0.028199879714772214,0.8159001577742878,0.007699964161045603,0.0,0.0,3,0,0,1,0,0,0,0,0.9986145920944214,998614.5920944214
Y2019_LAT23.66808_LON90.09314,2019,90.09314018580726,23.668077470870962,0.6621000071045942,0.02529998003841582,0.24409996553606284,0.06850004732092717,0.0,0.0,1,1,0,0,0,0,0,0,0.9986292405014038,998629.2405014038
Y2019_LAT23.66826_LON90.10293,2019,90.10293433949884,23.668261049537524,0.6445990809455857,9.999929288182539e-05,0.34440094111303865,0.010899978648493769,0.0,0.0,1,1,0,0,0,0,0,0,0.9986438413772583,998643.8413772583
Y2019_LAT23.66844_LON90.11273,2019,90.11272859192228,23.668444010476485,0.7194002937809535,0.06550016545638682,0.16549935800637633,0.049600182756283334,0.0,0.0,1,1,0,0,0,0,0,0,0.9986583927993774,998658.3927993774
Y2019_LAT23.66863_LON90.12252,2019,90.12252294293911,23.668626353654744,0.8226001962229897,0.08159983810606009,0.0007000041068930044,0.09509996156405716,0.0,0.0,1,1,0,0,0,0,0,0,0.9986728931503296,998672.8931503296
Y2019_LAT23.66881_LON90.13232,2019,90.13231739188161,23.66880807905234,0.24199881850582466,0.0011999988733104759,0.7557011857812428,0.0010999968396221188,0.0,0.0,3,0,0,1,0,0,0,0,0.998687346672058,998687.3466720581
Y2019_LAT23.66899_LON90.14211,2019,90.14211193878464,23.668989186677955,0.09760037751795653,0.004800033166935893,0.8975995893151075,0.0,0.0,0.0,3,0,0,1,0,0,0,0,0.9987017510528564,998701.7510528564
Y2019_LAT23.66917_LON90.15191,2019,90.15190658308181,23.66916967639828,0.7867008124176861,0.026599837288115265,0.16099938224748297,0.025699968046715718,0.0,0.0,1,1,0,0,0,0,0,0,0.9987161067276001,998716.1067276001
Y2019_LAT23.66935_LON90.1617,2019,90.16170132444506,23.669349548306652,0.5343996007415438,0.005199995153160476,0.43950049272773395,0.02089991137756172,0.0,0.0,1,1,0,0,0,0,0,0,0.9987304122314453,998730.4122314453
Y2019_LAT23.66953_LON90.1715,2019,90.17149616267439,23.669528802331403,0.3163002854914484,0.08869984607893613,0.5931998680643179,0.0013999996203776354,0.00040000074492010695,0.0,3,0,0,1,0,0,0,0,0.9987446686630249,998744.6686630249
Y2019_LAT23.66971_LON90.18129,2019,90.181291097336,23.669707438463153,0.2947996911406079,0.031200007848516627,0.6740003010108755,0.0,0.0,0.0,3,0,0,1,0,0,0,0,0.9987588749313354,998758.8749313354
Y2019_LAT23.66989_LON90.19109,2019,90.19108612817423,23.669885456656257,0.23919992373773385,0.0008999974304035625,0.7599000788318626,0.0,0.0,0.0,3,0,0,1,0,0,0,0,0.9987730355911255,998773.0355911255
Y2019_LAT23.67006_LON90.20088,2019,90.20088125469215,23.670062856937736,0.31009946352502205,0.08049989607183752,0.6094006404031405,0.0,0.0,0.0,3,0,0,1,0,0,0,0,0.9987871440200806,998787.1440200806
Y2019_LAT23.67024_LON90.21068,2019,90.21067647670718,23.670239639173236,0.09529957735858458,0.0025999865106448223,0.8969004016344178,0.00520003449635284,0.0,0.0,3,0,0,1,0,0,0,0,0.9988012048492432,998801.2048492432
Y2019_LAT23.67042_LON90.22047,2019,90.22047179392902,23.67041580338254,0.19739945701876482,0.0,0.7154002808622709,0.0872002621189643,0.0,0.0,3,0,0,1,0,0,0,0,0.9988152186584472,998815.2186584473
Y2019_LAT23.67059_LON90.23027,2019,90.23026720583478,23.670591349684884,0.0864000118686446,0.0,0.6144997625907876,0.29910022554056775,0.0,0.0,3,0,0,1,0,0,0,0,0.9988291782073975,998829.1782073975
Y2019_LAT23.67077_LON90.24006,2019,90.24006271224383,23.670766277818203,0.0,0.0,0.5897003392269834,0.4102996607730166,0.0,0.0,3,0,0,1,0,0,0,0,0.9988430923309326,998843.0923309326
Y2019_LAT23.67094_LON90.24986,2019,90.24985831290394,23.67094058795108,0.0,0.0,0.9733001403545857,0.02669985964541429,0.0,0.0,3,0,0,1,0,0,0,0,0.9988569568328858,998856.9568328857
Y2019_LAT23.67111_LON90.25965,2019,90.2596540071639,23.671114279915606,0.0,0.0,1.0,0.0,0.0,0.0,3,0,0,1,0,0,0,0,0.998870771560669,998870.771560669
Y2019_LAT23.67129_LON90.26945,2019,90.26944979498077,23.67128735378411,0.0,0.0,1.0,0.0,0.0,0.0,3,0,0,1,0,0,0,0,0.9988845400543213,998884.5400543213
Y2019_LAT23.67146_LON90.27925,2019,90.2792456759283,23.671459809556552,0.39433205535506466,0.0,0.5376453176070956,0.06802262703783979,0.0,0.0,3,0,0,1,0,0,0,0,0.81060508984375,810605.08984375
Y2019_LAT23.67163_LON90.28904,2019,90.28904164971378,23.67163164707944,0.3939918503661143,0.1257573812822368,0.3397138061634723,0.14053696218817674,0.0,0.0,1,1,0,0,0,0,0,1,0.41225145290374754,412251.45290374756
Y2019_LAT23.6718_LON90.29884,2019,90.29883771584848,23.67180286643217,0.7322981472043223,0.010418881381772549,0.22336826834218834,0.033914703071716804,0.0,0.0,1,1,0,0,0,0,0,0,0.9395896532287598,939589.6532287598
Y2019_LAT23.67197_LON90.30863,2019,90.3086338742287,23.6719734675823,0.8689995646336448,0.00010000027708839354,0.12070050059943965,0.010199934489827171,0.0,0.0,1,1,0,0,0,0,0,0,0.998939111328125,998939.111328125
Y2019_LAT23.67214_LON90.31843,2019,90.3184301243405,23.67214345053694,0.6329003353286022,0.0014000068736726586,0.3656996577977251,0.0,0.0,0.0,1,1,0,0,0,0,0,0,0.9989526312561036,998952.6312561035
Y2019_LAT23.67231_LON90.32823,2019,90.32822646598497,23.67231281518136,0.8756002156520208,0.010499990223756202,0.11389979412422299,0.0,0.0,0.0,1,1,0,0,0,0,0,0,0.998966103012085,998966.103012085
Y2019_LAT23.67248_LON90.33802,2019,90.33802289865336,23.672481561486364,0.6891993905457399,0.0,0.31080060945426013,0.0,0.0,0.0,1,1,0,0,0,0,0,0,0.9989795249862671,998979.5249862671
Y2019_LAT23.67265_LON90.34782,2019,90.347819422269,23.67264968961687,0.3803988293951205,0.0,0.6196011706048795,0.0,0.0,0.0,3,0,0,1,0,0,0,0,0.9989929008483887,998992.9008483887
Y2019_LAT23.67282_LON90.35762,2019,90.35761603619699,23.672817199345946,0.021499949466714578,0.0008000037205492066,0.9317998410576702,0.04560020408301952,0.00030000167204662244,0.0,3,0,0,1,0,0,0,0,0.9990062220077515,999006.2220077515
Y2019_LAT23.67298_LON90.36741,2019,90.36741274047239,23.672984090720792,0.027400029542629337,0.0,0.9309999630547633,0.0019000096008122394,0.03969999780179516,0.0,3,0,0,1,0,0,0,0,0.9990194976654053,999019.4976654053
Y2019_LAT23.67315_LON90.37721,2019,90.37720953437174,23.67315036372105,0.2135003577038746,0.0436999445025266,0.6905998307122543,0.051799868561508484,0.0,0.00039999851983597135,3,0,0,1,0,0,0,0,0.9990327228622436,999032.7228622437
Y2019_LAT23.67332_LON90.38701,2019,90.38700641776765,23.673316018313184,0.33379915111450614,0.06380030228921217,0.5944005196130174,0.008000026983264264,0.0,0.0,3,0,0,1,0,0,0,0,0.9990458999862671,999045.8999862671
Y2019_LAT23.67348_LON90.3968,2019,90.39680339036659,23.67348105445784,0.14980050301669656,0.3670999427188478,0.4830995542644556,0.0,0.0,0.0,3,0,0,1,0,0,0,1,0.9990590272827149,999059.0272827148
Y2019_LAT23.67365_LON90.4066,2019,90.40660045175213,23.673645472221292,0.7876005391466635,0.18319949853310524,0.029099962380674024,0.0,0.0,9.999993955725786e-05,1,1,0,0,0,0,0,0,0.999072106552124,999072.106552124
Y2019_LAT23.67381_LON90.4164,2019,90.4163976015287,23.673809271455447,0.7668003536131535,0.1601998829655963,0.07299976342125021,0.0,0.0,0.0,1,1,0,0,0,0,0,0,0.9990851356277466,999085.1356277466
Y2019_LAT23.67397_LON90.42619,2019,90.42619483956582,23.673972452224067,1.0,0.0,0.0,0.0,0.0,0.0,1,1,0,0,0,0,0,0,0.9990981164855957,999098.1164855957
Y2019_LAT23.67414_LON90.43599,2019,90.43599216531646,23.67413501452833,0.7922992819211091,0.0004999993312727509,0.0,0.2072007187476182,0.0,0.0,1,1,0,0,0,0,0,0,0.9991110469589234,999111.0469589233
Y2019_LAT23.6743_LON90.44579,2019,90.44578957854675,23.674296958143618,0.6834005545993082,0.0049000047719784424,0.0,0.30999943038720934,0.0017000102415040208,0.0,1,1,0,0,0,0,0,0,0.9991239291992188,999123.9291992188
Y2019_LAT23.67446_LON90.45559,2019,90.45558707901341,23.674458283331234,0.4157247094103731,0.009684108974332549,0.0,0.574130033915162,0.0004611477001323463,0.0,4,0,0,0,1,0,0,0,0.43332419115447995,433324.19115448
Y2019_LAT23.6758_LON90.02438,2019,90.02437951447082,23.67579556360516,0.08872467231928628,0.009242138616662917,0.522182430235959,0.3798507588280918,0.0,0.0,3,0,0,1,0,0,0,0,0.2160810047302246,216081.0047302246
Y2019_LAT23.67598_LON90.03417,2019,90.03417363771479,23.6759835458416,0.17782057870228812,0.17250736873551703,0.6478633284876513,0.0018087240745436322,0.0,0.0,3,0,0,1,0,0,0,0,0.8833096795425415,883309.6795425415
Y2019_LAT23.67617_LON90.04397,2019,90.04396786208045,23.676170910287578,0.2374005114487842,0.1119000823929738,0.6435993828449198,0.007100023313322205,0.0,0.0,3,0,0,1,0,0,0,0,0.9985555081329346,998555.5081329346
Y2019_LAT23.67636_LON90.05376,2019,90.05376218728698,23.676357656909072,0.17639921360245162,0.0,0.8236007863975484,0.0,0.0,0.0,3,0,0,1,0,0,0,0,0.998570354675293,998570.354675293
Y2019_LAT23.67654_LON90.06356,2019,90.06355661291529,23.676543785630265,0.31150117131558896,0.00810005178957779,0.6726987291541144,0.007700047740718765,0.0,0.0,3,0,0,1,0,0,0,0,0.998585148979187,998585.148979187
Y2019_LAT23.67673_LON90.07335,2019,90.07335113867751,23.67672929647067,0.48419939933180384,0.22570095829735698,0.2813996047474312,0.008700037623408001,0.0,0.0,1,1,0,0,0,0,0,1,0.998599896949768,998599.8969497681
Y2019_LAT23.67691_LON90.08315,2019,90.0831457643995,23.67691418943131,0.25660011813516,0.23340016960913945,0.49439975159099725,0.015599960664703337,0.0,0.0,3,0,0,1,0,0,0,1,0.9986145961532593,998614.5961532593
Y2019_LAT23.6771_LON90.09294,2019,90.09294048937929,23.677098464394223,0.7382004226983815,0.08689982095338898,0.12459971999720407,0.05030003635102544,0.0,0.0,1,1,0,0,0,0,0,0,0.998629243965149,998629.2439651489
Y2019_LAT23.67728_LON90.10274,2019,90.102735313684,23.67728212138585,0.024899843697063603,0.0,0.9643000907787422,0.010800065524194269,0.0,0.0,3,0,0,1,0,0,0,0,0.9986438442230224,998643.8442230225
Y2019_LAT23.67747_LON90.11253,2019,90.11253023667851,23.67746516043704,0.1770002804534668,0.035900021485551166,0.7853997102058157,0.001699987855166411,0.0,0.0,3,0,0,1,0,0,0,0,0.9986583966064453,998658.3966064453
Y2019_LAT23.67765_LON90.12233,2019,90.12232525824136,23.677647581381592,0.19079911375881872,0.0027999819616416903,0.8064009042795396,0.0,0.0,0.0,3,0,0,1,0,0,0,0,0.9986728973007202,998672.8973007202
Y2019_LAT23.67783_LON90.13212,2019,90.13212037793532,23.677829384331158,0.2410006740914493,0.0,0.7589993259085507,0.0,0.0,0.0,3,0,0,1,0,0,0,0,0.9986873512573242,998687.3512573242
Y2019_LAT23.67801_LON90.14192,2019,90.1419155954399,23.678010569231475,0.07609954213752465,0.0002999985493526649,0.9236004593131227,0.0,0.0,0.0,3,0,0,1,0,0,0,0,0.9987017540588379,998701.7540588379
Y2019_LAT23.67819_LON90.15171,2019,90.1517109104151,23.67819113600104,0.48170028527136577,0.0025000158068848827,0.5157996989217494,0.0,0.0,0.0,3,0,0,1,0,0,0,0,0.9987161096801758,998716.1096801758
Y2019_LAT23.67837_LON90.16151,2019,90.16150632255399,23.67837108468376,0.10799976389971341,0.030700025734468065,0.8500001616424442,0.011300048723374291,0.0,0.0,3,0,0,1,0,0,0,0,0.9987304146270752,998730.4146270752
Y2019_LAT23.67855_LON90.1713,2019,90.17130183151394,23.678550415217572,0.3092012020761808,0.01770006373108524,0.6728987340960275,0.0,0.00020000009670648132,0.0,3,0,0,1,0,0,0,0,0.9987446724090576,998744.6724090576
Y2019_LAT23.67873_LON90.1811,2019,90.1810974369278,23.678729127524555,0.23329900776302578,0.0014999960523285525,0.7652009961846457,0.0,0.0,0.0,3,0,0,1,0,0,0,0,0.9987588795318604,998758.8795318604
Y2019_LAT23.67891_LON90.19089,2019,90.19089313852575,23.678907221657223,0.15619968365633322,0.0017999947337469441,0.8420003216099199,0.0,0.0,0.0,3,0,0,1,0,0,0,0,0.9987730382766724,998773.0382766724
Y2019_LAT23.67908_LON90.20069,2019,90.20068893596161,23.679084697594206,0.00019999980295773307,0.0,0.9998000001970423,0.0,0.0,0.0,3,0,0,1,0,0,0,0,0.9987871473464965,998787.1473464966
Y2019_LAT23.67926_LON90.21048,2019,90.21048482882942,23.679261555294072,0.05889990610981156,0.0,0.9411000938901884,0.0,0.0,0.0,3,0,0,1,0,0,0,0,0.9988012083435058,998801.2083435059
Y2019_LAT23.67944_LON90.22028,2019,90.2202808169129,23.67943779475141,0.05929991923017215,0.0,0.9407000807698278,0.0,0.0,0.0,3,0,0,1,0,0,0,0,0.998815219116211,998815.2191162109
Y2019_LAT23.67961_LON90.23008,2019,90.23007689982374,23.67961341583715,0.26410087925667386,0.04470005692366403,0.6874990434514551,0.00370002036820706,0.0,0.0,3,0,0,1,0,0,0,0,0.9988291816177368,998829.1816177368
Y2019_LAT23.67979_LON90.23987,2019,90.23987307712183,23.679788418657314,0.06850016174361763,0.031100109785365395,0.900399728471017,0.0,0.0,0.0,3,0,0,1,0,0,0,0,0.9988430952606201,998843.0952606201
Y2019_LAT23.67996_LON90.24967,2019,90.24966934876005,23.67996280312878,0.060099671185224884,0.000799994595445914,0.9391003342193291,0.0,0.0,0.0,3,0,0,1,0,0,0,0,0.998856960067749,998856.960067749
Y2019_LAT23.68014_LON90.25947,2019,90.25946571403094,23.680136569215893,0.0,0.0,1.0,0.0,0.0,0.0,3,0,0,1,0,0,0,0,0.9988707743759155,998870.7743759155
Y2019_LAT23.68031_LON90.26926,2019,90.26926217288214,23.680309717012452,0.18010083188227063,0.00010000025607940795,0.8085990980429498,0.01120006981870012,0.0,0.0,3,0,0,1,0,0,0,0,0.9988845422821044,998884.5422821045
Y2019_LAT23.68048_LON90.27906,2019,90.27905872496201,23.68048224632503,0.40759925850327006,0.00029999845937898683,0.19880068960742017,0.3933000534299308,0.0,0.0,1,1,0,0,0,0,0,1,0.9988982571868896,998898.2571868896
Y2019_LAT23.68065_LON90.28886,2019,90.2888553697017,23.68065415725346,0.1973010034730516,0.008300035100573021,0.7865990110818263,0.007799950344549048,0.0,0.0,3,0,0,1,0,0,0,0,0.9989119254455566,998911.9254455566
Y2019_LAT23.68083_LON90.29865,2019,90.29865210710203,23.680825449623452,0.837899521284201,0.0018999960225276789,0.16020048269327133,0.0,0.0,0.0,1,1,0,0,0,0,0,0,0.9989255434341431,998925.5434341431
Y2019_LAT23.681_LON90.30845,2019,90.30844893653449,23.680996123618623,0.9457001999830648,0.0023000026568706106,0.0519997973600647,0.0,0.0,0.0,1,1,0,0,0,0,0,0,0.9989391132125854,998939.1132125854
Y2019_LAT23.68117_LON90.31825,2019,90.31824585795898,23.681166179057755,0.5809985515739017,0.020199978163064698,0.39880147026303364,0.0,0.0,0.0,1,1,0,0,0,0,0,0,0.9989526333999634,998952.6333999634
Y2019_LAT23.68134_LON90.32804,2019,90.32804287068859,23.68133561598389,0.33729938997150205,0.006499993172739459,0.6562006168557585,0.0,0.0,0.0,3,0,0,1,0,0,0,0,0.9989661054611206,998966.1054611206
Y2019_LAT23.6815_LON90.33784,2019,90.33783997470627,23.68150443436738,0.0008999998985888346,9.999983598833145e-05,0.9990000002654228,0.0,0.0,0.0,3,0,0,1,0,0,0,0,0.9989795284576416,998979.5284576416
Y2019_LAT23.68167_LON90.34764,2019,90.34763716947079,23.68167263416561,0.19600006241026544,0.00040000003054834333,0.8035999375591862,0.0,0.0,0.0,3,0,0,1,0,0,0,0,0.9989929008483887,998992.9008483887
Y2019_LAT23.68184_LON90.35743,2019,90.35743445478417,23.681840215417694,0.05720011007141925,0.0,0.9420998894611279,0.0007000004674529156,0.0,0.0,3,0,0,1,0,0,0,0,0.9990062254867553,999006.2254867554
Y2019_LAT23.68201_LON90.36723,2019,90.36723183031991,23.682007177967904,0.15259995183078218,0.0,0.847200048679212,0.00019999949000593225,0.0,0.0,3,0,0,1,0,0,0,0,0.9990194999847413,999019.4999847412
Y2019_LAT23.68217_LON90.37703,2019,90.37702929556154,23.682173521934047,0.3558000232949722,0.0,0.6264998920960286,0.017700084608999175,0.0,0.0,3,0,0,1,0,0,0,0,0.9990327263336182,999032.7263336182
Y2019_LAT23.68234_LON90.38683,2019,90.38682685035715,23.68233924722738,0.6429995719431473,0.00010000034772938093,0.35630043160990466,0.0005999960992186466,0.0,0.0,1,1,0,0,0,0,0,0,0.999045903465271,999045.903465271
Y2019_LAT23.6825_LON90.39662,2019,90.39662449431165,23.682504353804134,0.45850032702023713,0.21420004997546327,0.32729962300429966,0.0,0.0,0.0,1,1,0,0,0,0,0,1,0.9990590291519165,999059.0291519165
Y2019_LAT23.68267_LON90.40642,2019,90.4064222271138,23.68266884167841,0.9400001166614413,0.040499822880005316,0.019500060458553365,0.0,0.0,0.0,1,1,0,0,0,0,0,0,0.9990721083145142,999072.1083145142
Y2019_LAT23.68283_LON90.41622,2019,90.41622004843472,23.682832710833175,1.0,0.0,0.0,0.0,0.0,0.0,1,1,0,0,0,0,0,0,0.9990851382217407,999085.1382217407
Y2019_LAT23.683_LON90.42602,2019,90.42601795782869,23.682995961220236,0.7766991971383459,0.0009000007124413965,0.0,0.22240080214921276,0.0,0.0,1,1,0,0,0,0,0,0,0.9990981182785034,999098.1182785034
Y2019_LAT23.68316_LON90.43582,2019,90.43581595517679,23.683158592791173,0.6209007486895478,0.003999981746529933,0.0,0.37509926956392226,0.0,0.0,1,1,0,0,0,0,0,0,0.9991110503997803,999111.0503997803
Y2019_LAT23.68332_LON90.44561,2019,90.44561403991838,23.683320605739755,0.9786998817991274,0.0,0.0,0.02130011820087261,0.0,0.0,1,1,0,0,0,0,0,0,0.9991239315795899,999123.9315795898
Y2019_LAT23.68348_LON90.45541,2019,90.45541221193358,23.683481999713646,0.719542357255657,0.047739601721320114,0.0007095057573761644,0.22491348006797268,0.007095055197674116,0.0,1,1,0,0,0,0,0,0,0.9857482493362427,985748.2493362427
Y2019_LAT23.68364_LON90.46521,2019,90.46521047076008,23.683642774852633,0.9727974841613705,0.0,0.0,0.027202515838629496,0.0,0.0,1,1,0,0,0,0,0,0,0.32322485633850095,323224.856338501
Y2019_LAT23.6838_LON90.47501,2019,90.47500881598002,23.683802931209467,1.0,0.0,0.0,0.0,0.0,0.0,1,1,0,0,0,0,0,0,0.07343803986358642,73438.03986358643
Y2019_LAT23.685_LON90.03397,2019,90.03396981755542,23.68500405169941,0.12786076914687833,0.0,0.8721392308531216,0.0,0.0,0.0,3,0,0,1,0,0,0,0,0.20070771918487548,200707.7191848755
Y2019_LAT23.68519_LON90.04376,2019,90.04376471264946,23.685191496040034,0.26928519493625,0.03364822216622639,0.6943546438996535,0.0027119389978700194,0.0,0.0,3,0,0,1,0,0,0,0,0.9941618983840942,994161.8983840942
Y2019_LAT23.68538_LON90.05356,2019,90.05355970859381,23.685378322299123,0.27749954715330405,0.03399994041924592,0.68850051242745,0.0,0.0,0.0,3,0,0,1,0,0,0,0,0.9985703583221436,998570.3583221436
Y2019_LAT23.68556_LON90.06335,2019,90.06335480496062,23.685564530452844,0.5860002559856702,0.133000274272797,0.26889938783137896,0.012100081910153862,0.0,0.0,1,1,0,0,0,0,0,0,0.9985851521530151,998585.1521530151
Y2019_LAT23.68575_LON90.07315,2019,90.07315000156721,23.685750120436253,0.5212997982026291,0.1979999816767382,0.20120021088197454,0.07950000923865833,0.0,0.0,1,1,0,0,0,0,0,0,0.9985999004211426,998599.9004211426
Y2019_LAT23.68594_LON90.08295,2019,90.08294529795054,23.685935092191453,0.5073998476961544,0.025599965821936785,0.43250026180271184,0.03449992467919693,0.0,0.0,1,1,0,0,0,0,0,0,0.9986145989837647,998614.5989837646
Y2019_LAT23.68612_LON90.09274,2019,90.09274069395413,23.686119445769236,0.6744006594628534,0.19849980055833702,0.08949951277824915,0.037600027200560396,0.0,0.0,1,1,0,0,0,0,0,0,0.9986292471084595,998629.2471084595
Y2019_LAT23.6863_LON90.10254,2019,90.10253618903371,23.686303181147174,0.6167997231915735,0.09579993290314405,0.23590051222908268,0.05149983167619974,0.0,0.0,1,1,0,0,0,0,0,0,0.9986438482513428,998643.8482513428
Y2019_LAT23.68649_LON90.11233,2019,90.1123317830009,23.686486298260636,0.8736996601907587,0.03620008992235036,0.09010024988689093,0.0,0.0,0.0,1,1,0,0,0,0,0,0,0.9986583997421264,998658.3997421265
Y2019_LAT23.68667_LON90.12213,2019,90.12212747545509,23.686668797078124,0.526999215262912,0.03869992412797999,0.4265008713958322,0.007799989213275882,0.0,0.0,1,1,0,0,0,0,0,0,0.9986729000396729,998672.9000396729
Y2019_LAT23.68685_LON90.13192,2019,90.1319232660632,23.686850677571027,0.1756002797926807,0.00020000069690019576,0.8241997195104191,0.0,0.0,0.0,3,0,0,1,0,0,0,0,0.9986873541183472,998687.3541183472
Y2019_LAT23.68703_LON90.14172,2019,90.14171915461574,23.68703193971143,0.0961997402751005,0.0,0.9038002597248995,0.0,0.0,0.0,3,0,0,1,0,0,0,0,0.9987017575988769,998701.757598877
Y2019_LAT23.68721_LON90.15152,2019,90.15151514060925,23.687212583529078,0.0,0.0,1.0,0.0,0.0,0.0,3,0,0,1,0,0,0,0,0.9987161124572754,998716.1124572754
Y2019_LAT23.68739_LON90.16131,2019,90.16131122379636,23.68739260891942,0.17130048589934002,0.16510059173589023,0.6621989175647518,0.0014000048000179675,0.0,0.0,3,0,0,1,0,0,0,0,0.9987304178009033,998730.4178009033
Y2019_LAT23.68757_LON90.17111,2019,90.17110740382451,23.68757201592602,0.20120011606261212,0.27450017051306425,0.5242997134243236,0.0,0.0,0.0,3,0,0,1,0,0,0,0,0.9987446755599976,998744.6755599976
Y2019_LAT23.68775_LON90.1809,2019,90.18090368039647,23.68775080454604,0.11429939500409035,0.02399989039173439,0.8617007146041753,0.0,0.0,0.0,3,0,0,1,0,0,0,0,0.9987588837127686,998758.8837127686
Y2019_LAT23.68793_LON90.1907,2019,90.19070005308562,23.687928974645676,0.1411998644013507,0.038499871252661653,0.8138002872069381,0.006499977139049565,0.0,0.0,3,0,0,1,0,0,0,0,0.9987730416564942,998773.0416564941
Y2019_LAT23.68811_LON90.2005,2019,90.20049652177411,23.68810652627268,0.160900625692835,0.005700006045605267,0.8333993682615597,0.0,0.0,0.0,3,0,0,1,0,0,0,0,0.9987871505355835,998787.1505355835
Y2019_LAT23.68828_LON90.21029,2019,90.21029308576458,23.688283459428458,0.10599942608571028,0.0018999893019534413,0.8921005846123363,0.0,0.0,0.0,3,0,0,1,0,0,0,0,0.9988012114410401,998801.21144104
Y2019_LAT23.68846_LON90.22009,2019,90.22008974511502,23.688459774039266,0.08630043127531459,0.0,0.9070995267129708,0.0066000420117146045,0.0,0.0,3,0,0,1,0,0,0,0,0.9988152208786011,998815.2208786011
Y2019_LAT23.68864_LON90.22989,2019,90.22988649921624,23.688635470068228,0.37910037863931206,0.006100035798906248,0.6119996046339927,0.0027999809277889816,0.0,0.0,3,0,0,1,0,0,0,0,0.9988291846847535,998829.1846847534
Y2019_LAT23.68881_LON90.23968,2019,90.23968334787638,23.68881054755855,0.23069987254984198,0.04470002067181183,0.7246001067783462,0.0,0.0,0.0,3,0,0,1,0,0,0,0,0.9988430983505249,998843.0983505249
Y2019_LAT23.68899_LON90.24948,2019,90.24948029079363,23.68898500645863,0.04689978119497507,0.0,0.9531002188050249,0.0,0.0,0.0,3,0,0,1,0,0,0,0,0.9988569620666504,998856.9620666504
Y2019_LAT23.68916_LON90.25928,2019,90.25927732741697,23.689158846767523,0.02170011223985415,0.0,0.9782998877601459,0.0,0.0,0.0,3,0,0,1,0,0,0,0,0.9988707772216797,998870.7772216797
Y2019_LAT23.68933_LON90.26907,2019,90.26907445768036,23.689332068339798,0.2417997653002587,0.10330033932810048,0.35429877485649197,0.3006011205151488,0.0,0.0,3,0,0,1,0,0,0,1,0.9988845439071655,998884.5439071655
Y2019_LAT23.6895_LON90.27887,2019,90.27887168106732,23.689504671222522,0.20129970754343923,0.18719934182533904,0.561301250784216,0.050199699847005806,0.0,0.0,3,0,0,1,0,0,0,0,0.9988982604598999,998898.2604598999
Y2019_LAT23.68968_LON90.28867,2019,90.2886689973465,23.689676655411855,0.6690012538968381,0.04530001731247506,0.28569872879068686,0.0,0.0,0.0,1,1,0,0,0,0,0,0,0.998911928642273,998911.928642273
Y2019_LAT23.68985_LON90.29847,2019,90.29846640613323,23.68984802094192,0.9932000316207212,0.006799968379278803,0.0,0.0,0.0,0.0,1,1,0,0,0,0,0,0,0.9989255469131469,998925.546913147
Y2019_LAT23.69002_LON90.30826,2019,90.30826390710382,23.690018767769185,0.9809998865555215,0.0,0.01900011344447845,0.0,0.0,0.0,1,1,0,0,0,0,0,0,0.9989391175842285,998939.1175842285
Y2019_LAT23.69019_LON90.31806,2019,90.31806149997833,23.690188895715618,0.27039962888268004,0.0,0.72960037111732,0.0,0.0,0.0,3,0,0,1,0,0,0,0,0.9989526371459961,998952.6371459961
Y2019_LAT23.69036_LON90.32786,2019,90.3278591842765,23.69035840490154,0.3431002108665491,0.0,0.6568997891334508,0.0,0.0,0.0,3,0,0,1,0,0,0,0,0.9989661081008911,998966.1081008911
Y2019_LAT23.69053_LON90.33766,2019,90.33765695983121,23.690527295348776,0.1996000950239068,0.0,0.7915998550013835,0.008800049974709775,0.0,0.0,3,0,0,1,0,0,0,0,0.9989795315475464,998979.5315475464
Y2019_LAT23.6907_LON90.34745,2019,90.34745482628604,23.690695566908847,0.10389966532571532,0.0,0.8961003346742847,0.0,0.0,0.0,3,0,0,1,0,0,0,0,0.9989929008483887,998992.9008483887
Y2019_LAT23.69086_LON90.35725,2019,90.35725278310356,23.69086321961578,0.19940080990551245,0.01440005583113035,0.7861991342633572,0.0,0.0,0.0,3,0,0,1,0,0,0,0,0.9990062286453247,999006.2286453247
Y2019_LAT23.69103_LON90.36705,2019,90.36705083031248,23.691030253398875,0.7703997982937558,0.012099991459089344,0.2175002102471548,0.0,0.0,0.0,1,1,0,0,0,0,0,0,0.999019502609253,999019.5026092529
Y2019_LAT23.6912_LON90.37685,2019,90.37684896726971,23.69119666831015,0.7704002791140525,0.009400030002542026,0.21709968876173116,0.0031000021216742745,0.0,0.0,1,1,0,0,0,0,0,0,0.9990327285690308,999032.7285690308
Y2019_LAT23.69136_LON90.38665,2019,90.38664719377365,23.691362464299498,1.0,0.0,0.0,0.0,0.0,0.0,1,1,0,0,0,0,0,0,0.9990459057922363,999045.9057922363
Y2019_LAT23.69153_LON90.39645,2019,90.39644550944865,23.691527641360246,1.0,0.0,0.0,0.0,0.0,0.0,1,1,0,0,0,0,0,0,0.9990590336990356,999059.0336990356
Y2019_LAT23.69169_LON90.40624,2019,90.40624391405873,23.6916921993956,1.0,0.0,0.0,0.0,0.0,0.0,1,1,0,0,0,0,0,0,0.9990721120147705,999072.1120147705
Y2019_LAT23.69186_LON90.41604,2019,90.41604240706675,23.691856138496544,0.7987991768428497,0.0,0.0,0.20120082315715024,0.0,0.0,1,1,0,0,0,0,0,0,0.9990851405639648,999085.1405639648
Y2019_LAT23.69202_LON90.42584,2019,90.42584098837877,23.692019458559063,0.6765009023560563,0.02289997604870904,0.0,0.30059912159523466,0.0,0.0,1,1,0,0,0,0,0,0,0.9990981207809448,999098.1207809448
Y2019_LAT23.69218_LON90.43564,2019,90.43563965751353,23.69218215954913,1.0,0.0,0.0,0.0,0.0,0.0,1,1,0,0,0,0,0,0,0.9991110517501831,999111.0517501831
Y2019_LAT23.69234_LON90.44544,2019,90.44543841412684,23.69234424145357,1.0,0.0,0.0,0.0,0.0,0.0,1,1,0,0,0,0,0,0,0.9991239349365234,999123.9349365234
Y2019_LAT23.69251_LON90.45524,2019,90.45523725805928,23.692505704334405,1.0,0.0,0.0,0.0,0.0,0.0,1,1,0,0,0,0,0,0,0.9991367661590577,999136.7661590576
Y2019_LAT23.69267_LON90.46504,2019,90.46503618870872,23.692666548114357,0.8807000518304027,0.011699990462370618,0.0,0.10659995815079555,0.0009999995564312397,0.0,1,1,0,0,0,0,0,0,0.9991495520782471,999149.5520782471
Y2019_LAT23.69283_LON90.47484,2019,90.47483520593858,23.692826772691703,1.0,0.0,0.0,0.0,0.0,0.0,1,1,0,0,0,0,0,0,0.7905364627914429,790536.4627914429
Y2019_LAT23.69299_LON90.48463,2019,90.4846343094755,23.692986378148444,0.754623670976236,0.15125375280403314,0.0,0.0941225762197309,0.0,0.0,1,1,0,0,0,0,0,0,0.2430989380722046,243098.9380722046
Y2019_LAT23.69315_LON90.49443,2019,90.49443349863819,23.693145364514095,0.0,0.0,0.0,0.0,0.0,0.0,1,1,0,0,0,0,0,1,0.0,0.0
Y2019_LAT23.69402_LON90.03377,2019,90.03376589628226,23.694024545346963,0.0,0.0,1.0,0.0,0.0,0.0,3,0,0,1,0,0,0,0,0.07948433137512206,79484.33137512207
Y2019_LAT23.69421_LON90.04356,2019,90.04356146241442,23.694212069655585,0.11269355058578316,0.0,0.8846365082005226,0.002669941213694231,0.0,0.0,3,0,0,1,0,0,0,0,0.8976020648345947,897602.0648345947
Y2019_LAT23.6944_LON90.05336,2019,90.05335712937642,23.69439897558522,0.2373993362109934,0.024900076123304044,0.7377005876657026,0.0,0.0,0.0,3,0,0,1,0,0,0,0,0.998570361656189,998570.361656189
Y2019_LAT23.69459_LON90.06315,2019,90.06315289686664,23.69458526312828,0.15060056400735028,0.09300028623926608,0.7563991497533836,0.0,0.0,0.0,3,0,0,1,0,0,0,0,0.998585155128479,998585.155128479
Y2019_LAT23.69477_LON90.07295,2019,90.07294876450825,23.694770932261218,0.6352011567867756,0.0321998760833667,0.30369892881789134,0.028900038311966386,0.0,0.0,1,1,0,0,0,0,0,0,0.998599904045105,998599.904045105
Y2019_LAT23.69496_LON90.08274,2019,90.08274473212296,23.694955982996586,0.5141987358012963,0.0,0.4749012941755868,0.010899970023117036,0.0,0.0,1,1,0,0,0,0,0,0,0.998614603225708,998614.603225708
Y2019_LAT23.69514_LON90.09254,2019,90.09254079918136,23.69514041515422,0.3355007376645004,0.0027999959457824042,0.6520993053661177,0.009599961023599477,0.0,0.0,3,0,0,1,0,0,0,0,0.9986292502975463,998629.2502975464
Y2019_LAT23.69532_LON90.10234,2019,90.10233696561099,23.695324228837872,0.6675991963867125,0.01970005295758346,0.3036007632381593,0.009099987417544773,0.0,0.0,1,1,0,0,0,0,0,0,0.9986438507843017,998643.8507843018
Y2019_LAT23.69551_LON90.11213,2019,90.1121332307547,23.695507423993153,0.9698001820209582,0.001900012903990272,0.028299805075051577,0.0,0.0,0.0,1,1,0,0,0,0,0,0,0.9986584027633667,998658.4027633667
Y2019_LAT23.69569_LON90.12193,2019,90.12192959448173,23.695690000641797,0.7181989380033373,0.02420003137144096,0.25760103062522166,0.0,0.0,0.0,1,1,0,0,0,0,0,0,0.9986729038772583,998672.9038772583
Y2019_LAT23.69587_LON90.13173,2019,90.1317260564157,23.69587195872346,0.0,0.0,1.0,0.0,0.0,0.0,3,0,0,1,0,0,0,0,0.9986873569488526,998687.3569488525
Y2019_LAT23.69605_LON90.14152,2019,90.14152261628611,23.69605329816605,0.15920029881115244,0.0,0.8377996958744303,0.003000005314417394,0.0,0.0,3,0,0,1,0,0,0,0,0.9987017601852417,998701.7601852417
Y2019_LAT23.69623_LON90.15132,2019,90.1513192735837,23.696234018970106,0.012700020084714353,0.0,0.9872999799152856,0.0,0.0,0.0,3,0,0,1,0,0,0,0,0.9987161163787842,998716.1163787842
Y2019_LAT23.69641_LON90.16112,2019,90.1611160282094,23.696414121172545,0.32789994248309506,0.18750051890544162,0.4845995386114633,0.0,0.0,0.0,3,0,0,1,0,0,0,1,0.9987304220123291,998730.4220123291
Y2019_LAT23.69659_LON90.17091,2019,90.17091287966808,23.69659360474074,0.12669979192815461,0.3655995474670026,0.5077006606048428,0.0,0.0,0.0,3,0,0,1,0,0,0,0,0.9987446786422729,998744.678642273
Y2019_LAT23.69677_LON90.18071,2019,90.18070982763672,23.6967724695766,0.09599985546716357,0.1369000757327496,0.7671000688000869,0.0,0.0,0.0,3,0,0,1,0,0,0,0,0.9987588852005005,998758.8852005005
Y2019_LAT23.69695_LON90.19051,2019,90.19050687186817,23.696950715691802,0.27080018885957563,0.13540001515466435,0.59379979598576,0.0,0.0,0.0,3,0,0,1,0,0,0,0,0.9987730447769165,998773.0447769165
Y2019_LAT23.69713_LON90.2003,2019,90.20030401191951,23.69712834307055,0.6129005626934363,0.06159994479503216,0.32549949251153154,0.0,0.0,0.0,1,1,0,0,0,0,0,0,0.9987871536712647,998787.1536712646
Y2019_LAT23.69731_LON90.2101,2019,90.21010124757622,23.69730535159487,0.08919992245934642,0.0008000043674548797,0.9100000731731988,0.0,0.0,0.0,3,0,0,1,0,0,0,0,0.998801214553833,998801.214553833
Y2019_LAT23.69748_LON90.2199,2019,90.21989857844044,23.69748174142072,0.3803002185550012,0.02270009848028145,0.5619994990804748,0.035000183884242794,0.0,0.0,3,0,0,1,0,0,0,0,0.998815227722168,998815.227722168
Y2019_LAT23.69766_LON90.2297,2019,90.22969600417127,23.697657512448863,0.3119003387498252,0.11550041372913109,0.4161993784028981,0.15639986911814557,0.0,0.0,3,0,0,1,0,0,0,1,0.9988291876449585,998829.1876449585
Y2019_LAT23.69783_LON90.23949,2019,90.23949352444232,23.69783266458546,0.24529992526715422,0.07349997053137182,0.6812001042014739,0.0,0.0,0.0,3,0,0,1,0,0,0,0,0.9988431016616821,998843.1016616821
Y2019_LAT23.69801_LON90.24929,2019,90.2492911389818,23.698007197814498,0.15239954694704672,0.05759971428271713,0.7900007387702361,0.0,0.0,0.0,3,0,0,1,0,0,0,0,0.9988569657974243,998856.9657974243
Y2019_LAT23.69818_LON90.25909,2019,90.25908884729992,23.698181112186607,0.33719986667124124,0.01579996676919357,0.6470001665595652,0.0,0.0,0.0,3,0,0,1,0,0,0,0,0.9988707804183959,998870.780418396
Y2019_LAT23.69835_LON90.26889,2019,90.26888664922271,23.698354407670063,0.18129987269506365,0.21070059999253776,0.5163990985046147,0.09160042880778382,0.0,0.0,3,0,0,1,0,0,0,0,0.9988845443725586,998884.5443725586
Y2019_LAT23.69853_LON90.27868,2019,90.27868454438945,23.69852708423566,0.44230082245066443,0.1336996133499076,0.17470059875425872,0.24929896544516927,0.0,0.0,1,1,0,0,0,0,0,1,0.9988982633972168,998898.2633972168
Y2019_LAT23.6987_LON90.28848,2019,90.28848253235476,23.698699141812764,0.8847000014379103,0.06280008044934171,0.030699814516891116,0.021800103595856973,0.0,0.0,1,1,0,0,0,0,0,0,0.9989119308395386,998911.9308395386
Y2019_LAT23.69887_LON90.29828,2019,90.29828061303134,23.698870580411132,0.7467997654965638,0.005599999044181761,0.2476002354592545,0.0,0.0,0.0,1,1,0,0,0,0,0,0,0.9989255498428344,998925.5498428345
Y2019_LAT23.69904_LON90.30808,2019,90.30807878574694,23.699041399940448,0.6647994223597026,0.06020011662073906,0.27080047901288107,0.004199982006677232,0.0,0.0,1,1,0,0,0,0,0,0,0.9989391198272705,998939.1198272705
Y2019_LAT23.69921_LON90.31788,2019,90.3178770504813,23.699211600501837,0.13930025222930412,0.0074000268097047925,0.853299720960991,0.0,0.0,0.0,3,0,0,1,0,0,0,0,0.9989526394805908,998952.6394805908
Y2019_LAT23.69938_LON90.32768,2019,90.32767540665867,23.699381182078024,0.4012005498900279,0.0,0.5987994501099722,0.0,0.0,0.0,3,0,0,1,0,0,0,0,0.9989661110687256,998966.1110687256
Y2019_LAT23.69955_LON90.33747,2019,90.33747385414618,23.699550144458456,0.30260017348185103,0.002299999522267922,0.6841998407542156,0.010899986241665344,0.0,0.0,3,0,0,1,0,0,0,0,0.9989795338287354,998979.5338287354
Y2019_LAT23.69972_LON90.34727,2019,90.34727239253493,23.69971848774044,0.6923998508418362,0.0,0.30420016646008563,0.0033999826980781796,0.0,0.0,1,1,0,0,0,0,0,0,0.9989929008789062,998992.9008789062
Y2019_LAT23.69989_LON90.35707,2019,90.35707102131262,23.699886211934867,0.6023999451369033,0.0008000037281983742,0.3924000434904881,0.004400007644410129,0.0,0.0,1,1,0,0,0,0,0,0,0.9990062315292358,999006.2315292358
Y2019_LAT23.70005_LON90.36687,2019,90.36686974043921,23.70005331705588,0.9873000677907948,0.004299974325594667,0.00619996098555484,0.0021999968980556677,0.0,0.0,1,1,0,0,0,0,0,0,0.9990195055160522,999019.5055160522
Y2019_LAT23.70022_LON90.37667,2019,90.37666854943967,23.70021980290226,0.9925000030444602,0.0,0.00749999695553984,0.0,0.0,0.0,1,1,0,0,0,0,0,0,0.9990327317886353,999032.7317886353
Y2019_LAT23.70039_LON90.38647,2019,90.3864674479825,23.700385669579653,1.0,0.0,0.0,0.0,0.0,0.0,1,1,0,0,0,0,0,0,0.9990459079666137,999045.9079666138
Y2019_LAT23.70055_LON90.39627,2019,90.3962664357762,23.70055091706898,1.0,0.0,0.0,0.0,0.0,0.0,1,1,0,0,0,0,0,0,0.9990590367736817,999059.0367736816
Y2019_LAT23.70072_LON90.40607,2019,90.40606551240806,23.700715545358978,0.900499613250222,0.0,0.0,0.09950038674977804,0.0,0.0,1,1,0,0,0,0,0,0,0.9990721150283813,999072.1150283813
Y2019_LAT23.70088_LON90.41586,2019,90.41586467757924,23.700879554301107,0.7068003890732162,0.0,0.0,0.29319961092678376,0.0,0.0,1,1,0,0,0,0,0,0,0.9990851430892944,999085.1430892944
Y2019_LAT23.70104_LON90.42566,2019,90.4256639310151,23.701042944001834,0.9933999743814882,0.006600025618511804,0.0,0.0,0.0,0.0,1,1,0,0,0,0,0,0,0.9990981248321533,999098.1248321533
Y2019_LAT23.70121_LON90.43546,2019,90.43546327232818,23.701205714455323,0.958299917588532,0.0,0.0,0.04170008241146801,0.0,0.0,1,1,0,0,0,0,0,0,0.9991110552902221,999111.0552902222
Y2019_LAT23.70137_LON90.44526,2019,90.44526270110596,23.70136786549647,1.0,0.0,0.0,0.0,0.0,0.0,1,1,0,0,0,0,0,0,0.9991239372406006,999123.9372406006
Y2019_LAT23.70153_LON90.45506,2019,90.45506221733368,23.701529397245388,1.0,0.0,0.0,0.0,0.0,0.0,1,1,0,0,0,0,0,0,0.9991367690353393,999136.7690353394
Y2019_LAT23.70169_LON90.46486,2019,90.46486182016598,23.701690309568644,1.0,0.0,0.0,0.0,0.0,0.0,1,1,0,0,0,0,0,0,0.9991495536346435,999149.5536346436
Y2019_LAT23.70185_LON90.47466,2019,90.47466150976898,23.70185060251837,0.9505001198731405,0.0,0.0,0.04949988012685948,0.0,0.0,1,1,0,0,0,0,0,0,0.9991622795104981,999162.279510498
Y2019_LAT23.70201_LON90.48446,2019,90.48446128547123,23.70201027610431,0.9125001105538754,0.04739996835656087,0.0,0.040099921089563714,0.0,0.0,1,1,0,0,0,0,0,0,0.9991749737167358,999174.9737167358
Y2019_LAT23.70217_LON90.49426,2019,90.49426114708672,23.70216933015094,1.0,0.0,0.0,0.0,0.0,0.0,1,1,0,0,0,0,0,0,0.571035258972168,571035.258972168
Y2019_LAT23.70233_LON90.50406,2019,90.50406109430696,23.70232776480464,0.9878917041110474,0.0,0.0,0.012108295888952595,0.0,0.0,1,1,0,0,0,0,0,0,0.1402871014251709,140287.1014251709
Y2019_LAT23.70305_LON90.03356,2019,90.03356187373501,23.70304502682764,0.0,0.0,1.0,0.0,0.0,0.0,3,0,0,1,0,0,0,0,0.01607660913848877,16076.60913848877
Y2019_LAT23.70323_LON90.04336,2019,90.04335811127598,23.70323263107383,0.036923186411447574,0.0,0.9630768135885525,0.0,0.0,0.0,3,0,0,1,0,0,0,0,0.7139684827041626,713968.4827041626
Y2019_LAT23.70342_LON90.05315,2019,90.05315444962596,23.703419616738838,0.26740019154119093,0.0026999853380208013,0.7202998547388666,0.009599968381921698,0.0,0.0,3,0,0,1,0,0,0,0,0.9985703645706177,998570.3645706177
Y2019_LAT23.70361_LON90.06295,2019,90.06295088851031,23.703605983712084,0.4849999014728816,0.09960022189513833,0.3693997440656509,0.046000132566329184,0.0,0.0,1,1,0,0,0,0,0,1,0.998585159111023,998585.159111023
Y2019_LAT23.70379_LON90.07275,2019,90.0727474277177,23.703791731950638,0.41339979860564824,0.02259988119751131,0.5389002177772365,0.025100102419603924,0.0,0.0,3,0,0,1,0,0,0,0,0.9985999071502686,998599.9071502686
Y2019_LAT23.70398_LON90.08254,2019,90.08254406670223,23.703976861512988,0.08409974521004278,0.0,0.9103002434105631,0.005600011379394092,0.0,0.0,3,0,0,1,0,0,0,0,0.9986146062393189,998614.6062393188
Y2019_LAT23.70416_LON90.09234,2019,90.09234080534179,23.704161372369022,0.003900025709634086,0.0,0.9549998787805246,0.04110009550984127,0.0,0.0,3,0,0,1,0,0,0,0,0.998629253692627,998629.253692627
Y2019_LAT23.70435_LON90.10214,2019,90.10213764325344,23.70434526445813,0.35970149709996907,0.0008000030566415867,0.5983987435689735,0.04109975627441588,0.0,0.0,3,0,0,1,0,0,0,0,0.9986438551254272,998643.8551254272
Y2019_LAT23.70453_LON90.11193,2019,90.11193457991276,23.70452853774023,1.0,0.0,0.0,0.0,0.0,0.0,1,1,0,0,0,0,0,0,0.998658406173706,998658.406173706
Y2019_LAT23.70471_LON90.12173,2019,90.12173161533806,23.704711192214116,0.3867984319119802,0.016599974371706353,0.5966015937163135,0.0,0.0,0.0,3,0,0,1,0,0,0,0,0.998672907585144,998672.907585144
Y2019_LAT23.70489_LON90.13153,2019,90.13152874889356,23.704893227843872,0.019300080558528197,0.003500015283149478,0.9771999041583224,0.0,0.0,0.0,3,0,0,1,0,0,0,0,0.9986873614425659,998687.3614425659
Y2019_LAT23.70507_LON90.14133,2019,90.14132598032158,23.70507464463464,0.199900323756744,0.006100011917978612,0.7288998141551657,0.06509985017011166,0.0,0.0,3,0,0,1,0,0,0,0,0.9987017633590698,998701.7633590698
Y2019_LAT23.70526_LON90.15112,2019,90.15112330946769,23.70525544248744,0.4860008204691561,0.010100024959736978,0.39789886995471685,0.10600028461639008,0.0,0.0,1,1,0,0,0,0,0,1,0.9987161192016601,998716.1192016602
Y2019_LAT23.70544_LON90.16092,2019,90.16092073565879,23.705435621509512,0.5673989196926833,0.09620032889438122,0.309800734709301,0.026600016703634505,0.0,0.0,1,1,0,0,0,0,0,0,0.998730424407959,998730.424407959
Y2019_LAT23.70562_LON90.17072,2019,90.17071825891546,23.705615181505287,0.15110004018650716,0.08099979088531421,0.7679001689281786,0.0,0.0,0.0,3,0,0,1,0,0,0,0,0.9987446825637818,998744.6825637817
Y2019_LAT23.70579_LON90.18052,2019,90.1805158787244,23.705794122595467,0.2518005746606046,0.14420059144422492,0.6037988325429352,0.00020000135223522186,0.0,0.0,3,0,0,1,0,0,0,0,0.99875888747406,998758.8874740601
Y2019_LAT23.70597_LON90.19031,2019,90.19031359471515,23.70597244471462,0.1262994622586509,0.22909980627525597,0.6446007314660931,0.0,0.0,0.0,3,0,0,1,0,0,0,0,0.9987730472564698,998773.0472564697
Y2019_LAT23.70615_LON90.20011,2019,90.20011140659537,23.70615014776379,0.20920041059074934,0.04219988287214216,0.7485997065371085,0.0,0.0,0.0,3,0,0,1,0,0,0,0,0.9987871572418213,998787.1572418213
Y2019_LAT23.70633_LON90.20991,2019,90.20990931418312,23.706327231841282,0.2059999538854841,0.006600024307676611,0.7672998945961947,0.020100127210644594,0.0,0.0,3,0,0,1,0,0,0,0,0.9988012172393799,998801.2172393799
Y2019_LAT23.7065_LON90.21971,2019,90.21970731686676,23.706503696837245,0.1899267865873525,0.28255539495040494,0.23538062488477246,0.2921371935774701,0.0,0.0,4,0,0,0,1,0,0,1,0.8130350692443847,813035.0692443848
Y2019_LAT23.70668_LON90.22951,2019,90.2295054145378,23.706679542718494,0.3577651057115738,0.169835651075301,0.42247824490119656,0.049920998311928644,0.0,0.0,3,0,0,1,0,0,0,1,0.7563140974197388,756314.0974197388
Y2019_LAT23.70685_LON90.2393,2019,90.2393036067637,23.70685476956079,0.4084640448451261,0.04681860520558939,0.3602441865734197,0.1844731633758648,0.0,0.0,1,1,0,0,0,0,0,1,0.9984435694503784,998443.5694503784
Y2019_LAT23.70703_LON90.2491,2019,90.24910189328038,23.70702937723754,0.2355000373989761,0.21410043544430635,0.5503995271567176,0.0,0.0,0.0,3,0,0,1,0,0,0,0,0.9988569683761597,998856.9683761597
Y2019_LAT23.7072_LON90.2589,2019,90.25890027363418,23.707203365788224,0.18649996214081585,0.27600021886124687,0.5374998189979373,0.0,0.0,0.0,3,0,0,1,0,0,0,0,0.9988707838973999,998870.7838973999
Y2019_LAT23.70738_LON90.2687,2019,90.26869874760163,23.70737673517037,0.04429994440315083,0.4881003182641432,0.467599737332706,0.0,0.0,0.0,2,0,1,0,0,0,0,1,0.9988845475692749,998884.5475692749
Y2019_LAT23.70755_LON90.2785,2019,90.27849731481605,23.707549485322676,0.38830133016592533,0.37959858729154705,0.0020999862652672937,0.23000009627726034,0.0,0.0,1,1,0,0,0,0,0,1,0.9988982654953003,998898.2654953003
Y2019_LAT23.70772_LON90.2883,2019,90.28829597489661,23.707721616278636,0.5014987985813995,0.002100012606047909,0.4964011888125527,0.0,0.0,0.0,1,1,0,0,0,0,0,0,0.9989119338912964,998911.9338912964
Y2019_LAT23.70789_LON90.29809,2019,90.29809472761363,23.707893127929356,0.5138000594276687,0.03239988967998685,0.45380005089234443,0.0,0.0,0.0,1,1,0,0,0,0,0,0,0.9989255526809693,998925.5526809692
Y2019_LAT23.70806_LON90.30789,2019,90.3078935725446,23.708064020351678,0.08150013829603392,0.0044000127941974726,0.9140998489097686,0.0,0.0,0.0,3,0,0,1,0,0,0,0,0.9989391219711303,998939.1219711304
Y2019_LAT23.70823_LON90.31769,2019,90.3176925094649,23.70823429348737,0.1462005726961153,0.008900046979570881,0.8414993583435743,0.003400021980739569,0.0,0.0,3,0,0,1,0,0,0,0,0.9989526433563233,998952.6433563232
Y2019_LAT23.7084_LON90.32749,2019,90.327491537878,23.70840394726484,0.12979959554217294,0.0,0.8688004137069862,0.0013999907508408644,0.0,0.0,3,0,0,1,0,0,0,0,0.99896611378479,998966.11378479
Y2019_LAT23.70857_LON90.33729,2019,90.33729065754324,23.70857298171479,0.6266004517364784,0.0,0.37319954845556647,0.0001999998079552704,0.0,0.0,1,1,0,0,0,0,0,0,0.9989795359039306,998979.5359039307
Y2019_LAT23.70874_LON90.34709,2019,90.34708986814353,23.708741396866237,0.9899000525605184,0.0,0.010099947439481621,0.0,0.0,0.0,1,1,0,0,0,0,0,0,0.9989929087982178,998992.9087982178
Y2019_LAT23.70891_LON90.35689,2019,90.35688916927478,23.708909192524068,0.9230995942526004,0.0,0.0,0.07690040574739966,0.0,0.0,1,1,0,0,0,0,0,0,0.9990062343292236,999006.2343292236
Y2019_LAT23.70908_LON90.36669,2019,90.36668856077274,23.709076368808944,0.6956001538632214,0.0,0.0,0.3043998461367787,0.0,0.0,1,1,0,0,0,0,0,0,0.9990195076446533,999019.5076446533
Y2019_LAT23.70924_LON90.37649,2019,90.37648804206883,23.709242925688336,0.7546999612202389,0.0,0.0,0.24530003877976114,0.0,0.0,1,1,0,0,0,0,0,0,0.9990327344436646,999032.7344436646
Y2019_LAT23.70941_LON90.38629,2019,90.38628761296698,23.70940886311279,0.6696999046691015,0.0,0.0,0.3303000953308986,0.0,0.0,1,1,0,0,0,0,0,0,0.9990459114074707,999045.9114074707
Y2019_LAT23.70957_LON90.39609,2019,90.39608727315374,23.709574181013647,0.7918000563702771,0.0,0.0,0.20819994362972297,0.0,0.0,1,1,0,0,0,0,0,0,0.9990590388717652,999059.0388717651
Y2019_LAT23.70974_LON90.40589,2019,90.40588702222212,23.709738879499763,0.8633003335065574,0.0,0.0,0.13669966649344256,0.0,0.0,1,1,0,0,0,0,0,0,0.9990721169891358,999072.1169891357
Y2019_LAT23.7099_LON90.41569,2019,90.41568685985507,23.709902958407614,1.0,0.0,0.0,0.0,0.0,0.0,1,1,0,0,0,0,0,0,0.9990851458587646,999085.1458587646
Y2019_LAT23.71007_LON90.42549,2019,90.42548678580424,23.71006641772951,1.0,0.0,0.0,0.0,0.0,0.0,1,1,0,0,0,0,0,0,0.9990981264877319,999098.1264877319
Y2019_LAT23.71023_LON90.43529,2019,90.43528679955372,23.710229257551543,0.999399998836739,0.0,0.0,0.0006000011632609405,0.0,0.0,1,1,0,0,0,0,0,0,0.9991110568313598,999111.0568313599
Y2019_LAT23.71039_LON90.44509,2019,90.44508690096535,23.71039147781732,0.9847000119858185,0.0029000078649552025,0.0,0.01239998014922636,0.0,0.0,1,1,0,0,0,0,0,0,0.9991239403762817,999123.9403762817
Y2019_LAT23.71055_LON90.45489,2019,90.45488708964757,23.71055307837448,0.991600018599402,0.0,0.0,0.008399981400597917,0.0,0.0,1,1,0,0,0,0,0,0,0.9991367719345092,999136.7719345093
Y2019_LAT23.71071_LON90.46469,2019,90.46468736510884,23.71071405932823,1.0,0.0,0.0,0.0,0.0,0.0,1,1,0,0,0,0,0,0,0.99914955493927,999149.55493927
Y2019_LAT23.71087_LON90.47449,2019,90.47448772728887,23.710874420619206,1.0,0.0,0.0,0.0,0.0,0.0,1,1,0,0,0,0,0,0,0.999162285194397,999162.285194397
Y2019_LAT23.71103_LON90.48429,2019,90.48428817568954,23.71103416224019,1.0,0.0,0.0,0.0,0.0,0.0,1,1,0,0,0,0,0,0,0.9991749759140015,999174.9759140015
Y2019_LAT23.71119_LON90.49409,2019,90.49408870996135,23.711193284189665,1.0,0.0,0.0,0.0,0.0,0.0,1,1,0,0,0,0,0,0,0.9991876124572754,999187.6124572754
Y2019_LAT23.71135_LON90.50389,2019,90.50388932978802,23.71135178639017,0.7432821376454051,0.0002158193295580313,0.0,0.2565020430250369,0.0,0.0,1,1,0,0,0,0,0,0,0.9259585441513062,925958.5441513062
Y2019_LAT23.71151_LON90.51369,2019,90.51369003493744,23.711509668848223,0.3886857734178078,0.0,0.0,0.6113142265821921,0.0,0.0,4,0,0,0,1,0,0,0,0.21902658640289308,219026.58640289307
Y2019_LAT23.71225_LON90.04315,2019,90.04315465926568,23.712253180440282,0.41022843503386486,0.06818802831477541,0.21281281409307623,0.3087707225582835,0.0,0.0,1,1,0,0,0,0,0,1,0.3631758915786743,363175.8915786743
Y2019_LAT23.71244_LON90.05295,2019,90.05295166927347,23.712440245698982,0.8653400968246739,0.023419068023402868,0.05398113950820683,0.05725969564371633,0.0,0.0,1,1,0,0,0,0,0,0,0.8527797693099975,852779.7693099976
Y2019_LAT23.71263_LON90.06275,2019,90.06274877995331,23.71262669208791,0.8175991590363455,0.013300014891700736,0.16910082607195379,0.0,0.0,0.0,1,1,0,0,0,0,0,0,0.9985851631317139,998585.1631317139
Y2019_LAT23.71281_LON90.07255,2019,90.07254599089818,23.712812519580314,0.09141212850798493,0.013274249237242918,0.8952130596563629,0.00010056259840926127,0.0,0.0,3,0,0,1,0,0,0,0,0.9930077147445678,993007.7147445679
Y2019_LAT23.713_LON90.08234,2019,90.08234330177807,23.712997728017378,0.04346494372273125,0.0,0.9565350562772688,0.0,0.0,0.0,3,0,0,1,0,0,0,0,0.9626646095581055,962664.6095581055
Y2019_LAT23.71318_LON90.09214,2019,90.09214071220715,23.71318231749268,0.20630031401928112,0.03280016147996576,0.7564994979464035,0.00440002655434964,0.0,0.0,3,0,0,1,0,0,0,0,0.9986292565765381,998629.2565765381
Y2019_LAT23.71337_LON90.10194,2019,90.10193822196237,23.713366287914933,0.8543420929607541,0.02193466375893084,0.12362216107292794,0.00010108220738718038,0.0,0.0,1,1,0,0,0,0,0,0,0.9879582972564698,987958.2972564697
Y2019_LAT23.71355_LON90.11174,2019,90.11173583063987,23.71354963930146,0.42518264683613655,0.0011175887826717409,0.5736997643811917,0.0,0.0,0.0,3,0,0,1,0,0,0,0,0.8042194160690308,804219.4160690308
Y2019_LAT23.71373_LON90.12153,2019,90.12153353788551,23.713732371656334,0.14943133004946252,0.020520167202634745,0.8300485027479028,0.0,0.0,0.0,3,0,0,1,0,0,0,0,0.9830937078552247,983093.7078552246
Y2019_LAT23.71391_LON90.13133,2019,90.1313313434145,23.713914484865672,0.3072998588608301,0.03180011750554669,0.65140005073871,0.009499972894913276,0.0,0.0,3,0,0,1,0,0,0,0,0.9986873635177612,998687.3635177612
Y2019_LAT23.7141_LON90.14113,2019,90.14112924691034,23.714095978965492,0.2607002314150906,0.00429998533713713,0.5055992725213346,0.22940051072643763,0.0,0.0,3,0,0,1,0,0,0,0,0.998701766960144,998701.766960144
Y2019_LAT23.71428_LON90.15093,2019,90.15092724798122,23.714276853950853,0.08849994024144213,0.0019999974553053103,0.732100576681738,0.17739948562151459,0.0,0.0,3,0,0,1,0,0,0,0,0.9987161220932007,998716.1220932007
Y2019_LAT23.71446_LON90.16073,2019,90.16072534631115,23.714457109668174,0.4482998343588533,0.012700053652227932,0.33060075114398807,0.2083993608449307,0.0,0.0,1,1,0,0,0,0,0,1,0.9987304276733399,998730.4276733398
Y2019_LAT23.71464_LON90.17052,2019,90.17052354161397,23.714636746246512,0.21329983202948608,0.1030998221355246,0.5538999967240699,0.1297003491109194,0.0,0.0,3,0,0,1,0,0,0,0,0.9987446852340698,998744.6852340698
Y2019_LAT23.71482_LON90.18032,2019,90.18032183351161,23.714815763575718,0.4183845940238498,0.03730737798419916,0.35767073469869576,0.18663729329325526,0.0,0.0,1,1,0,0,0,0,0,1,0.9985591408233643,998559.1408233643
Y2019_LAT23.71499_LON90.19012,2019,90.19012022165946,23.714994161677122,0.36731157448593077,0.13808307682968252,0.43164052253892415,0.06296482614546256,0.0,0.0,3,0,0,1,0,0,0,1,0.9533289357147217,953328.9357147217
Y2019_LAT23.71517_LON90.19992,2019,90.19991870576271,23.715171940552505,0.40039957626941086,0.036799922517146304,0.5609005108245113,0.0018999903889315383,0.0,0.0,3,0,0,1,0,0,0,0,0.9987871600265503,998787.1600265503
Y2019_LAT23.71535_LON90.20972,2019,90.20971728542136,23.715349100086577,0.22792355407329176,0.016557691390144607,0.5209511674571599,0.23456758707940376,0.0,0.0,3,0,0,1,0,0,0,0,0.9772269788589477,977226.9788589478
Y2019_LAT23.71553_LON90.21952,2019,90.21951596044296,23.71552564026661,0.2848362908874895,0.30122951960037825,0.11475400597156485,0.2991801835405674,0.0,0.0,2,0,1,0,0,0,0,1,0.04874188944244385,48741.88944244385
Y2019_LAT23.71588_LON90.23911,2019,90.2391135948237,23.715876862690298,0.7262542606239034,0.0005336209146646303,0.017609433855092622,0.2556026846063394,0.0,0.0,1,1,0,0,0,0,0,0,0.18718338969421386,187183.38969421387
Y2019_LAT23.71605_LON90.24891,2019,90.24891255363129,23.716051544785955,0.12239189574668147,0.05516939533888755,0.8224387089144309,0.0,0.0,0.0,3,0,0,1,0,0,0,0,0.21545353811645507,215453.53811645508
Y2019_LAT23.71623_LON90.25871,2019,90.25871160641132,23.716225607492657,0.13460345198913698,0.36471128444399087,0.4980703886181813,0.0026148749486908525,0.0,0.0,3,0,0,1,0,0,0,1,0.802194110420227,802194.110420227
Y2019_LAT23.7164_LON90.26851,2019,90.2685107526447,23.71639905068736,0.10820033481549876,0.11689993687192186,0.5491992864967193,0.22570044181586,0.0,0.0,3,0,0,1,0,0,0,0,0.9988845545272828,998884.5545272827
Y2019_LAT23.71657_LON90.27831,2019,90.27830999232893,23.716571874457628,0.5765008758334792,0.1208995857188205,0.13390014056243965,0.16309940771811554,0.0,0.005599990167145349,1,1,0,0,0,0,0,0,0.9988982682800293,998898.2682800293
Y2019_LAT23.71674_LON90.28811,2019,90.28810932485533,23.716744078749503,0.41649904162200047,0.01640007706216573,0.5671008813158338,0.0,0.0,0.0,3,0,0,1,0,0,0,0,0.9989119372940064,998911.9372940063
Y2019_LAT23.71692_LON90.29791,2019,90.29790875007798,23.716915663572223,0.05879990380943851,0.0036999879891496056,0.9375001082014118,0.0,0.0,0.0,3,0,0,1,0,0,0,0,0.9989255556564332,998925.5556564331
Y2019_LAT23.71709_LON90.30771,2019,90.30770826742497,23.717086628839887,0.21570056036803326,0.002100013776498672,0.7821994258554681,0.0,0.0,0.0,3,0,0,1,0,0,0,0,0.998939126159668,998939.126159668
Y2019_LAT23.71726_LON90.31751,2019,90.31750787684767,23.71725697455599,0.30250127464375787,0.002099986341170743,0.6953987390150714,0.0,0.0,0.0,3,0,0,1,0,0,0,0,0.9989526454925537,998952.6454925537
Y2019_LAT23.71743_LON90.32731,2019,90.32730757777604,23.717426700615942,0.5957997915942832,0.0,0.4042002084057168,0.0,0.0,0.0,1,1,0,0,0,0,0,0,0.9989661169281006,998966.1169281006
Y2019_LAT23.7176_LON90.33711,2019,90.33710737004323,23.717595807190335,0.3803006832568468,0.00030000187258579864,0.614599318314255,0.004799996556312508,0.0,0.0,3,0,0,1,0,0,0,0,0.9989795381393433,998979.5381393433
Y2019_LAT23.71776_LON90.34691,2019,90.34690725325221,23.717764294034538,0.9635001868707774,0.0,0.0364998131292226,0.0,0.0,0.0,1,1,0,0,0,0,0,0,0.9989929161300659,998992.9161300659
Y2019_LAT23.71793_LON90.35671,2019,90.35670722699012,23.717932161248285,0.5804991856692443,0.02269998675703692,0.0,0.3616008554626032,0.035199972111115606,0.0,1,1,0,0,0,0,0,0,0.9990062364273071,999006.2364273071
Y2019_LAT23.7181_LON90.36651,2019,90.36650729109517,23.71809940882346,1.0,0.0,0.0,0.0,0.0,0.0,1,1,0,0,0,0,0,0,0.9990195111846923,999019.5111846924
Y2019_LAT23.71827_LON90.37631,2019,90.37630744512458,23.718266036684437,0.9836999541943734,0.016300045805626585,0.0,0.0,0.0,0.0,1,1,0,0,0,0,0,0,0.9990327369232178,999032.7369232178
Y2019_LAT23.71843_LON90.38611,2019,90.38610768871601,23.71843204482442,0.9778999268160274,0.022100073183972557,0.0,0.0,0.0,0.0,1,1,0,0,0,0,0,0,0.9990459134140015,999045.9134140015
Y2019_LAT23.7186_LON90.39591,2019,90.39590802162641,23.71859743325179,1.0,0.0,0.0,0.0,0.0,0.0,1,1,0,0,0,0,0,0,0.9990590405731201,999059.0405731201
Y2019_LAT23.71876_LON90.40571,2019,90.40570844351599,23.718762201795112,1.0,0.0,0.0,0.0,0.0,0.0,1,1,0,0,0,0,0,0,0.9990721187591552,999072.1187591553
Y2019_LAT23.71893_LON90.41551,2019,90.41550895382954,23.718926350723773,0.9937999885255789,0.006200011474421034,0.0,0.0,0.0,0.0,1,1,0,0,0,0,0,0,0.9990851487197876,999085.1487197876
Y2019_LAT23.71909_LON90.42531,2019,90.42530955264697,23.71908987976377,1.0,0.0,0.0,0.0,0.0,0.0,1,1,0,0,0,0,0,0,0.9990981292572021,999098.1292572021
Y2019_LAT23.71925_LON90.43511,2019,90.43511023925143,23.71925278896357,0.9341997751138074,0.05540025840571119,0.0,0.010399966480481481,0.0,0.0,1,1,0,0,0,0,0,0,0.9991110600433349,999111.060043335
Y2019_LAT23.71942_LON90.44491,2019,90.4449110135486,23.719415078266074,0.793199775139545,0.10289998425637065,0.031200097406244087,0.07270014319784025,0.0,0.0,1,1,0,0,0,0,0,0,0.999123942779541,999123.942779541
Y2019_LAT23.71958_LON90.45471,2019,90.45471187502976,23.71957674775833,0.33559967389647166,0.01799994006939066,0.11779945715643127,0.5286009288777064,0.0,0.0,4,0,0,0,1,0,0,0,0.999136774887085,999136.774887085
Y2019_LAT23.71974_LON90.46451,2019,90.46451282347572,23.719737797334236,0.6292006599892073,0.001099999444789971,0.09200003238813999,0.2776993081778628,0.0,0.0,1,1,0,0,0,0,0,0,0.9991495563201904,999149.5563201904
Y2019_LAT23.7199_LON90.47431,2019,90.47431385864579,23.719898227019485,0.7404998613775088,0.009600014328555811,0.06599988284544751,0.1820002457023008,0.0,0.0018999957461870863,1,1,0,0,0,0,0,0,0.9991622968521118,999162.2968521118
Y2019_LAT23.72006_LON90.48411,2019,90.48411497992795,23.720058036749826,0.8267000003387339,0.015800033884619064,0.03519990015143624,0.1223000656252108,0.0,0.0,1,1,0,0,0,0,0,0,0.9991749782028199,999174.9782028198
Y2019_LAT23.72022_LON90.49392,2019,90.49391618722424,23.720217226468566,0.8074996958533797,0.021200068888459076,0.02800008442246539,0.14330015083569586,0.0,0.0,1,1,0,0,0,0,0,0,0.9991876148681641,999187.6148681641
Y2019_LAT23.72038_LON90.50372,2019,90.50371748011912,23.72037579625026,0.23469745410385465,0.0,0.0,0.7653025458961453,0.0,0.0,4,0,0,0,1,0,0,0,0.2660859427185059,266085.94271850586
Y2019_LAT23.72146_LON90.05275,2019,90.05274878835802,23.721460862509293,0.17608005622358994,0.021179468713476406,0.8027404750629337,0.0,0.0,0.0,3,0,0,1,0,0,0,0,0.48091288206481936,480912.88206481934
Y2019_LAT23.72165_LON90.06255,2019,90.0625465711389,23.721647388393826,0.14707084596616862,0.022819012720612614,0.8301101413132188,0.0,0.0,0.0,3,0,0,1,0,0,0,0,0.7176832333068848,717683.2333068848
Y2019_LAT23.72183_LON90.07234,2019,90.07234445423342,23.721833295021217,0.10276960310588952,0.2573124494802645,0.639917947413846,0.0,0.0,0.0,3,0,0,1,0,0,0,0,0.38575797618103025,385757.9761810303
Y2019_LAT23.72202_LON90.08214,2019,90.08214243713324,23.722018582365706,0.10974237967351846,0.0,0.8902576203264815,0.0,0.0,0.0,3,0,0,1,0,0,0,0,0.44588313291168213,445883.1329116821
Y2019_LAT23.7222_LON90.09194,2019,90.09194051985853,23.722203250488853,0.17129397289440257,0.045856578607517934,0.7828494484980795,0.0,0.0,0.0,3,0,0,1,0,0,0,0,0.9712668439941406,971266.8439941406
Y2019_LAT23.72239_LON90.10174,2019,90.10173870171215,23.72238729928123,0.688217056519064,0.005360462400782835,0.30631308357480197,0.00010939750535117251,0.0,0.0,1,1,0,0,0,0,0,0,0.9128598093338013,912859.8093338013
Y2019_LAT23.72257_LON90.11154,2019,90.11153698272746,23.722570728826035,0.24186027536297014,0.0,0.7581397246370298,0.0,0.0,0.0,3,0,0,1,0,0,0,0,0.02147105185699463,21471.05185699463
Y2019_LAT23.72275_LON90.12134,2019,90.12133536220219,23.722753539004486,0.20762956484642248,0.03488916628831727,0.7574812688652602,0.0,0.0,0.0,3,0,0,1,0,0,0,0,0.6440454950180053,644045.4950180054
Y2019_LAT23.72294_LON90.13113,2019,90.13113384005356,23.722935729858083,0.22130005298933705,0.06550008515508181,0.5213991286233898,0.18760070432756315,0.0,0.00420002890462818,3,0,0,1,0,0,0,0,0.9986873670043945,998687.3670043945
Y2019_LAT23.72312_LON90.14093,2019,90.14093241582901,23.72311730120901,0.46489923874025285,0.0073999506184903195,0.3766014881919825,0.1421993814073798,0.0,0.008899941041894488,1,1,0,0,0,0,0,1,0.9987017699890137,998701.7699890137
Y2019_LAT23.7233_LON90.15073,2019,90.15073108927966,23.723298253293567,0.2791010780948442,0.0,0.7199989159241622,0.0009000059809935083,0.0,0.0,3,0,0,1,0,0,0,0,0.9987161260452271,998716.126045227
Y2019_LAT23.72348_LON90.16053,2019,90.16052985997881,23.72347858588141,0.23314397700445408,0.0,0.6114272986797603,0.15542872431578567,0.0,0.0,3,0,0,1,0,0,0,0,0.5243324732742309,524332.473274231
Y2019_LAT23.72366_LON90.17033,2019,90.17032872769948,23.723658298978677,0.294357406656154,0.0070526879863958575,0.4070167895289237,0.29157311582852646,0.0,0.0,3,0,0,1,0,0,0,1,0.5381236379776001,538123.6379776001
Y2019_LAT23.72384_LON90.18013,2019,90.18012769201721,23.723837392595122,0.09483466938717683,0.03161148945758825,0.8465683219241562,0.026985519231078725,0.0,0.0,3,0,0,1,0,0,0,0,0.1295385901184082,129538.5901184082
Y2019_LAT23.72402_LON90.18993,2019,90.18992675270556,23.72401586672108,0.0,0.0,0.0,1.0,0.0,0.0,4,0,0,0,1,0,0,0,0.005892776298522949,5892.776298522949
Y2019_LAT23.72419_LON90.19973,2019,90.19972590928332,23.72419372129912,0.007541429022014456,0.0,0.9245857102407093,0.06787286073727623,0.0,0.0,3,0,0,1,0,0,0,0,0.06621964122772217,66219.64122772217
Y2019_LAT23.72437_LON90.20953,2019,90.20952516150587,23.724370956323977,0.11612278937215964,0.0019193978890832061,0.7005751297763272,0.18138268296243,0.0,0.0,3,0,0,1,0,0,0,0,0.10407475458526612,104074.75458526611
Y2019_LAT23.7249_LON90.23892,2019,90.2389234886288,23.724898943745163,0.0,0.0,0.0,1.0,0.0,0.0,4,0,0,0,1,0,0,0,0.00239723908996582,2397.2390899658203
Y2019_LAT23.72507_LON90.24872,2019,90.24872312013223,23.725073700287105,0.28807383301422196,0.5933914663967954,0.0977015386687929,0.020833161920189677,0.0,0.0,2,0,1,0,0,0,0,0,0.4171235576324463,417123.5576324463
Y2019_LAT23.72525_LON90.25852,2019,90.25852284549343,23.72524783715912,0.19178499075585076,0.12342770187201639,0.3788031216847765,0.3059841856873564,0.0,0.0,3,0,0,1,0,0,0,1,0.9848866849288941,984886.684928894
Y2019_LAT23.72542_LON90.26832,2019,90.26832266450006,23.725421354334042,0.5063008310839775,0.0340998663705866,0.34039982781540246,0.1191994747300335,0.0,0.0,1,1,0,0,0,0,0,0,0.9988845566864014,998884.5566864014
Y2019_LAT23.72559_LON90.27812,2019,90.27812257691255,23.72559425172567,0.5446994638465393,0.0051999813142155965,0.44790056187758415,0.002199992961660949,0.0,0.0,1,1,0,0,0,0,0,0,0.9988982721252442,998898.2721252441
Y2019_LAT23.72577_LON90.28792,2019,90.28792258221351,23.7257665294433,0.4311999009787946,0.0076000426337538085,0.5612000563874515,0.0,0.0,0.0,3,0,0,1,0,0,0,0,0.9989119399108887,998911.9399108887
Y2019_LAT23.72594_LON90.29772,2019,90.29772268015856,23.725938187378954,0.5587992521051773,0.03789995403643486,0.4033007938583878,0.0,0.0,0.0,1,1,0,0,0,0,0,0,0.9989255588226318,998925.5588226318
Y2019_LAT23.72611_LON90.30752,2019,90.30752287034858,23.726109225413403,0.6667002186082253,0.002299993938571585,0.33099978745320313,0.0,0.0,0.0,1,1,0,0,0,0,0,0,0.9989391281814575,998939.1281814575
Y2019_LAT23.72628_LON90.31732,2019,90.31732315262447,23.72627964369308,0.6415001584613367,0.0006000037576923357,0.35349984427460696,0.0006999997009792399,0.0,0.0036999938053849297,1,1,0,0,0,0,0,0,0.9989526492767334,998952.6492767334
Y2019_LAT23.72645_LON90.32712,2019,90.32712352645275,23.726449442192326,0.9924000498311826,0.0003999974729732936,0.007199952695844127,0.0,0.0,0.0,1,1,0,0,0,0,0,0,0.9989661193847656,998966.1193847656
Y2019_LAT23.72662_LON90.33692,2019,90.33692399163178,23.72661862070005,1.0,0.0,0.0,0.0,0.0,0.0,1,1,0,0,0,0,0,0,0.9989795417709351,998979.5417709351
Y2019_LAT23.72679_LON90.34672,2019,90.34672454770153,23.72678717936387,0.9720998513293913,0.00010000050412784521,0.0,0.02780014816648095,0.0,0.0,1,1,0,0,0,0,0,0,0.9989929191207886,998992.9191207886
Y2019_LAT23.72696_LON90.35653,2019,90.35652519444098,23.726955118153832,0.6041001580824029,0.014199975390580112,0.0,0.38169986652701693,0.0,0.0,1,1,0,0,0,0,0,0,0.9990062382659912,999006.2382659912
Y2019_LAT23.72712_LON90.36633,2019,90.36632593158285,23.72712243702517,1.0,0.0,0.0,0.0,0.0,0.0,1,1,0,0,0,0,0,0,0.9990195142593383,999019.5142593384
Y2019_LAT23.72729_LON90.37613,2019,90.37612675854025,23.72728913584262,1.0,0.0,0.0,0.0,0.0,0.0,1,1,0,0,0,0,0,0,0.9990327402114868,999032.7402114868
Y2019_LAT23.72746_LON90.38593,2019,90.38592767518416,23.7274552146954,0.9995999984384455,0.0,0.0,0.00040000156155455154,0.0,0.0,1,1,0,0,0,0,0,0,0.9990459159698486,999045.9159698486
Y2019_LAT23.72762_LON90.39573,2019,90.39572868118505,23.72762067358994,0.9952999825386485,0.004700017461351461,0.0,0.0,0.0,0.0,1,1,0,0,0,0,0,0,0.9990590447921753,999059.0447921753
Y2019_LAT23.72779_LON90.40553,2019,90.40552977608516,23.72778551248489,0.9999000001613344,9.99998386656091e-05,0.0,0.0,0.0,0.0,1,1,0,0,0,0,0,0,0.9990721227111816,999072.1227111816
Y2019_LAT23.72795_LON90.41533,2019,90.41533095961898,23.727949731210405,0.918799723990532,0.0618001905559873,0.0,0.019400085453480653,0.0,0.0,1,1,0,0,0,0,0,0,0.9990851513137817,999085.1513137817
Y2019_LAT23.72811_LON90.42513,2019,90.42513223150547,23.72811332992402,0.9954000286123814,0.0045999713876185774,0.0,0.0,0.0,0.0,1,1,0,0,0,0,0,0,0.9990981324234008,999098.1324234009
Y2019_LAT23.72828_LON90.43493,2019,90.43493359134165,23.72827630857057,1.0,0.0,0.0,0.0,0.0,0.0,1,1,0,0,0,0,0,0,0.9991110627975464,999111.0627975464
Y2019_LAT23.72844_LON90.44474,2019,90.44473503880128,23.728438667083,0.9912999824652187,0.008700017534781288,0.0,0.0,0.0,0.0,1,1,0,0,0,0,0,0,0.9991239452972412,999123.9452972412
Y2019_LAT23.7286_LON90.45454,2019,90.45453657354857,23.72860040542981,0.7162992210587857,0.05810004913192975,0.08280029267821704,0.1143003580468357,0.0,0.02850007908423178,1,1,0,0,0,0,0,0,0.9991367777023316,999136.7777023315
Y2019_LAT23.72876_LON90.46434,2019,90.46433819528421,23.728761523702694,0.12920003781058279,0.0004999970866985883,0.6226000226034285,0.24769994249929014,0.0,0.0,3,0,0,1,0,0,0,0,0.9991495594406128,999149.5594406128
Y2019_LAT23.72892_LON90.47414,2019,90.47413990363053,23.728922021661404,0.49610027721062544,0.0,0.31720019304617797,0.18449953371840921,0.002199996024787341,0.0,1,1,0,0,0,0,0,1,0.9991623015060425,999162.3015060425
Y2019_LAT23.72908_LON90.48394,2019,90.48394169826065,23.729081899487273,0.6314003173986156,0.00270001303320138,0.3095998458103149,0.056299823757868246,0.0,0.0,1,1,0,0,0,0,0,0,0.9991749802246094,999174.9802246094
Y2019_LAT23.72924_LON90.49374,2019,90.49374357888938,23.729241157051728,0.687255579235253,0.004449645341398697,0.19440556758490427,0.11272382352973073,0.0011653843087132741,0.0,1,1,0,0,0,0,0,0,0.9431329385147095,943132.9385147095
Y2019_LAT23.7294_LON90.50355,2019,90.5035455452018,23.729399794413194,0.41186431260389,0.05593217035651771,0.0,0.5322035170395922,0.0,0.0,4,0,0,0,1,0,0,0,0.11790500700378417,117905.00700378418
Y2019_LAT23.73104_LON90.08194,2019,90.0819414729446,23.73103942460765,0.0,0.0,1.0,0.0,0.0,0.0,3,0,0,1,0,0,0,0,0.0007988970947265626,798.8970947265625
Y2019_LAT23.73122_LON90.09174,2019,90.09174022814801,23.731224171414905,0.7876114986204671,0.0,0.21238850137953294,0.0,0.0,0.0,1,1,0,0,0,0,0,0,0.011284570083618163,11284.570083618164
Y2019_LAT23.73141_LON90.10154,2019,90.10153908262842,23.731408298682876,0.9978094070860178,0.0,0.002190592913982189,0.0,0.0,0.0,1,1,0,0,0,0,0,0,0.09117593395996093,91175.93395996094
Y2019_LAT23.73177_LON90.12114,2019,90.1211370882111,23.731774694303866,0.06961247137654414,0.012106499598616097,0.9182810290248398,0.0,0.0,0.0,3,0,0,1,0,0,0,0,0.16498160977172852,164981.60977172852
Y2019_LAT23.73196_LON90.13094,2019,90.13093623868204,23.731956962745272,0.5296637606652871,0.0648830199485586,0.2613409586495242,0.14411226073663022,0.0,0.0,1,1,0,0,0,0,0,0,0.7726852063598633,772685.2063598633
Y2019_LAT23.73214_LON90.14074,2019,90.14073548712526,23.732138611569457,0.11269938253225477,0.021599888513511155,0.8657007289542341,0.0,0.0,0.0,3,0,0,1,0,0,0,0,0.9987017736740113,998701.7736740112
Y2019_LAT23.73232_LON90.15053,2019,90.15053483332763,23.73231964059836,0.05170021733064048,0.0,0.9482997826693595,0.0,0.0,0.0,3,0,0,1,0,0,0,0,0.9987161286773681,998716.1286773682
Y2019_LAT23.7325_LON90.16033,2019,90.16033427668371,23.732500049979638,0.1330859216012201,0.0,0.8454884571848489,0.02142562121393105,0.0,0.0,3,0,0,1,0,0,0,0,0.24239067287445068,242390.67287445068
Y2019_LAT23.73375_LON90.22893,2019,90.22893307807338,23.733745562124344,0.26465943175869794,0.02060228063495075,0.7147382876063513,0.0,0.0,0.0,3,0,0,1,0,0,0,0,0.2521049069671631,252104.9069671631
Y2019_LAT23.73392_LON90.23873,2019,90.23873328811024,23.73392101295773,0.6938822225011323,0.0380552484619702,0.24492748364078695,0.023135045396110547,0.0,0.0,1,1,0,0,0,0,0,0,0.5958107975158692,595810.7975158691
Y2019_LAT23.7341_LON90.24853,2019,90.24853359265339,23.7340958439822,0.40869925661888945,0.18700026224610347,0.1339004334345004,0.2704000477005067,0.0,0.0,1,1,0,0,0,0,0,1,0.9988569768066407,998856.9768066406
Y2019_LAT23.73427_LON90.25833,2019,90.25833399097498,23.734270054975184,0.5604002154689652,0.246700316834121,0.060899919451575725,0.13199954824533805,0.0,0.0,1,1,0,0,0,0,0,0,0.9988707928237915,998870.7928237915
Y2019_LAT23.73444_LON90.26813,2019,90.2681344831414,23.734443646021468,0.8777005955991048,0.04669976125916088,0.07559964314173426,0.0,0.0,0.0,1,1,0,0,0,0,0,0,0.9988845583953857,998884.5583953857
Y2019_LAT23.73462_LON90.27794,2019,90.27793506841533,23.734616617136147,0.9081996207659212,0.020000034680389633,0.0,0.07180034455368925,0.0,0.0,1,1,0,0,0,0,0,0,0.9988982755203247,998898.2755203247
Y2019_LAT23.73479_LON90.28774,2019,90.28773574692843,23.734788968162896,0.6882991386514528,0.036600076086867044,0.2366010018194586,0.03849978344222162,0.0,0.0,1,1,0,0,0,0,0,0,0.998911943069458,998911.943069458
Y2019_LAT23.73496_LON90.29754,2019,90.29753651795686,23.73496069918461,0.20560013021052093,0.0,0.773499765114833,0.02090010467464608,0.0,0.0,3,0,0,1,0,0,0,0,0.9989255610656739,998925.5610656738
Y2019_LAT23.73513_LON90.30734,2019,90.30733738135562,23.73513181014325,0.3883002867217548,0.0,0.5502000068234115,0.06149970645483366,0.0,0.0,3,0,0,1,0,0,0,0,0.9989391304244996,998939.1304244995
Y2019_LAT23.7353_LON90.31714,2019,90.31713833675774,23.73530230099782,0.6744009926719186,0.04839998674536155,0.27719902058271995,0.0,0.0,0.0,1,1,0,0,0,0,0,0,0.998952651298523,998952.651298523
Y2019_LAT23.73547_LON90.32694,2019,90.32693938385805,23.735472171769125,0.943799974413847,0.016199958804156894,0.0,0.04000006678199607,0.0,0.0,1,1,0,0,0,0,0,0,0.9989661223983765,998966.1223983765
Y2019_LAT23.73564_LON90.33674,2019,90.33674052213941,23.735641422429293,0.975599988864198,0.0,0.0,0.024400011135802053,0.0,0.0,1,1,0,0,0,0,0,0,0.9989795456237793,998979.5456237793
Y2019_LAT23.73581_LON90.34654,2019,90.34654175156675,23.735810052937783,0.8772994402474416,0.0005999964716664121,0.0,0.12210056328089201,0.0,0.0,1,1,0,0,0,0,0,0,0.998992919921875,998992.919921875
Y2019_LAT23.73598_LON90.35634,2019,90.35634307163333,23.735978063227318,0.6610012803926408,0.01620000004797248,0.0,0.32279871955938666,0.0,0.0,1,1,0,0,0,0,0,0,0.9990062410888672,999006.2410888672
Y2019_LAT23.73615_LON90.36614,2019,90.36614448197618,23.73614545326336,1.0,0.0,0.0,0.0,0.0,0.0,1,1,0,0,0,0,0,0,0.9990195176010132,999019.5176010132
Y2019_LAT23.73631_LON90.37595,2019,90.37594598234861,23.736312223164685,0.9723999887273349,0.014400007203549718,0.0,0.013200004069115326,0.0,0.0,1,1,0,0,0,0,0,0,0.9990327425689697,999032.7425689697
Y2019_LAT23.73648_LON90.38575,2019,90.38574757237537,23.736478372837592,1.0,0.0,0.0,0.0,0.0,0.0,1,1,0,0,0,0,0,0,0.9990459190826416,999045.9190826416
Y2019_LAT23.73664_LON90.39555,2019,90.39554925174671,23.73664390217882,0.8089992230715367,0.1782007085335894,0.0,0.0128000683948739,0.0,0.0,1,1,0,0,0,0,0,0,0.9990590475692749,999059.0475692749
Y2019_LAT23.73681_LON90.40535,2019,90.40535102012889,23.736808811179472,0.8169008273126229,0.16159929216759777,0.0,0.02149988051977928,0.0,0.0,1,1,0,0,0,0,0,0,0.9990721254501342,999072.1254501343
Y2019_LAT23.73697_LON90.41515,2019,90.41515287705107,23.73697309997329,1.0,0.0,0.0,0.0,0.0,0.0,1,1,0,0,0,0,0,0,0.9990851545181274,999085.1545181274
Y2019_LAT23.73714_LON90.42495,2019,90.42495482246659,23.737136768441125,0.999699998764368,0.0003000012356320441,0.0,0.0,0.0,0.0,1,1,0,0,0,0,0,0,0.9990981340866089,999098.1340866089
Y2019_LAT23.7373_LON90.43476,2019,90.43475685579241,23.73729981642581,1.0,0.0,0.0,0.0,0.0,0.0,1,1,0,0,0,0,0,0,0.9991110654144287,999111.0654144287
Y2019_LAT23.73746_LON90.44456,2019,90.44455897672613,23.737462244092796,0.9385998050428944,0.04920020088937471,0.0,0.012199994067730875,0.0,0.0,1,1,0,0,0,0,0,0,0.9991239471893311,999123.947189331
Y2019_LAT23.73762_LON90.45436,2019,90.45436118513084,23.737624051377253,0.8553995649803541,0.02479996963181782,0.10310039783737242,0.01670006755045565,0.0,0.0,1,1,0,0,0,0,0,0,0.999136780456543,999136.780456543
Y2019_LAT23.73779_LON90.46416,2019,90.46416348037994,23.737785238206047,0.5540997476765808,0.01249999123867713,0.36780013916056986,0.062000100441238624,0.003600021482933573,0.0,1,1,0,0,0,0,0,0,0.9991495632247924,999149.5632247925
Y2019_LAT23.73795_LON90.47397,2019,90.47396586232873,23.737945804640315,0.32970073690828416,0.00909999891047647,0.2203997598201524,0.4395995117128632,0.0011999926482237704,0.0,4,0,0,0,1,0,0,1,0.9991623039550781,999162.3039550781
Y2019_LAT23.73811_LON90.48377,2019,90.48376833068637,23.73810575048113,0.44889967551241666,0.0059999720713034225,0.5447003549307904,0.0003999974854895712,0.0,0.0,3,0,0,1,0,0,0,0,0.9991749822616577,999174.9822616577
Y2019_LAT23.73827_LON90.49357,2019,90.49357088494017,23.738265075944682,0.55158257283141,0.025734491316726497,0.22614414188487802,0.19653879396698565,0.0,0.0,1,1,0,0,0,0,0,0,0.4387417768936157,438741.7768936157
Y2019_LAT23.74098_LON90.13074,2019,90.13073853935036,23.740978183589952,0.6624884730032514,0.0,0.3222922570080178,0.01521926998873093,0.0,0.0,1,1,0,0,0,0,0,0,0.11155396456909179,111553.9645690918
Y2019_LAT23.74116_LON90.14054,2019,90.14053846080701,23.741159909708305,0.29959848794361293,0.039287832804301565,0.6611136792520855,0.0,0.0,0.0,3,0,0,1,0,0,0,0,0.8693700593032837,869370.0593032837
Y2019_LAT23.74134_LON90.15034,2019,90.15033847991525,23.74134101587991,0.14839894106870005,0.0,0.8516010589313,0.0,0.0,0.0,3,0,0,1,0,0,0,0,0.9139249920578003,913924.9920578003
Y2019_LAT23.74152_LON90.16014,2019,90.16013859642045,23.74152150213728,0.3076578909418908,0.026869717830064047,0.6654723912280452,0.0,0.0,0.0,3,0,0,1,0,0,0,0,0.22301533613586424,223015.33613586426
Y2019_LAT23.74259_LON90.21894,2019,90.21894132132913,23.74259139878478,0.7933056194095011,0.0104602655130761,0.16317976469868642,0.033054350378736455,0.0,0.0,1,1,0,0,0,0,0,0,0.23871803524017335,238718.03524017334
Y2019_LAT23.74277_LON90.22874,2019,90.2287421100175,23.74276754451651,0.3557064817812037,0.0402118663390418,0.594278764925491,0.009802886954263486,0.0,0.0,3,0,0,1,0,0,0,0,0.998529556854248,998529.556854248
Y2019_LAT23.74294_LON90.23854,2019,90.23854299328866,23.74294307015497,0.6507006571769292,0.011499985916728838,0.33149936265112734,0.006299994255214608,0.0,0.0,1,1,0,0,0,0,0,0,0.9988431162872314,998843.1162872314
Y2019_LAT23.74312_LON90.24834,2019,90.24834397112943,23.743117975566047,0.4972994781573069,0.03200016662765352,0.4206003119455324,0.050100043269507184,0.0,0.0,1,1,0,0,0,0,0,1,0.9988569802627564,998856.9802627563
Y2019_LAT23.74329_LON90.25815,2019,90.25814504281456,23.743292260772836,0.25040013453106347,0.33140025746429863,0.4105995663695191,0.007600041635118817,0.0,0.0,3,0,0,1,0,0,0,1,0.9988707953643798,998870.7953643799
Y2019_LAT23.74347_LON90.26795,2019,90.2679462082869,23.743465925773716,0.6002002109714253,0.25439980520068173,0.09039996333880633,0.05500002048908666,0.0,0.0,1,1,0,0,0,0,0,0,0.9988845595550537,998884.5595550537
Y2019_LAT23.74364_LON90.27775,2019,90.27774746707775,23.743638970502243,0.8476005336595048,0.09969959157311924,0.009099943327165749,0.04359993144021023,0.0,0.0,1,1,0,0,0,0,0,0,0.9988982785720825,998898.2785720825
Y2019_LAT23.74381_LON90.28755,2019,90.28754881895775,23.743811394960073,0.8126996048672412,0.0014999957552195515,0.1249006329654351,0.06089976641210415,0.0,0.0,1,1,0,0,0,0,0,0,0.998911945426941,998911.9454269409
Y2019_LAT23.74398_LON90.29735,2019,90.29735026346388,23.743983199124013,0.07030020427816441,0.0,0.9296997957218356,0.0,0.0,0.0,3,0,0,1,0,0,0,0,0.9989255645904541,998925.5645904541
Y2019_LAT23.74415_LON90.30715,2019,90.3071518003199,23.74415438300012,0.586300831456185,0.0007999977072295443,0.38339928130797923,0.029499889528606264,0.0,0.0,1,1,0,0,0,0,0,0,0.9989391345901489,998939.1345901489
Y2019_LAT23.74432_LON90.31695,2019,90.31695342921796,23.74432494650829,1.0,0.0,0.0,0.0,0.0,0.0,1,1,0,0,0,0,0,0,0.9989526544647217,998952.6544647217
Y2019_LAT23.74449_LON90.32676,2019,90.32675514987204,23.74449488957721,0.9854999192565712,0.0,0.0,0.014500080743428841,0.0,0.0,1,1,0,0,0,0,0,0,0.9989661253509522,998966.1253509521
Y2019_LAT23.74466_LON90.33656,2019,90.33655696174202,23.744664212253483,0.7116995031887957,0.05370010311599447,0.0,0.23450039334959039,0.0001000003456194113,0.0,1,1,0,0,0,0,0,0,0.998979549041748,998979.549041748
Y2019_LAT23.74483_LON90.34636,2019,90.3463588647759,23.7448329145388,0.7218004571559493,0.0,0.0,0.2781995428440507,0.0,0.0,1,1,0,0,0,0,0,0,0.998992919921875,998992.919921875
Y2019_LAT23.745_LON90.35616,2019,90.35616085841329,23.74500099638217,0.8162000995156973,0.16099995256727387,0.009200013871414189,0.013599934045614695,0.0,0.0,1,1,0,0,0,0,0,0,0.9990062445373535,999006.2445373535
Y2019_LAT23.74517_LON90.36596,2019,90.36596294242004,23.745168457777467,1.0,0.0,0.0,0.0,0.0,0.0,1,1,0,0,0,0,0,0,0.9990195198440551,999019.5198440552
Y2019_LAT23.74534_LON90.37577,2019,90.37576511650848,23.745335298684513,0.9369998054943662,0.006800020399971842,0.0,0.05620017410566195,0.0,0.0,1,1,0,0,0,0,0,0,0.9990327450485229,999032.745048523
Y2019_LAT23.7455_LON90.38557,2019,90.38556738024695,23.745501519059466,1.0,0.0,0.0,0.0,0.0,0.0,1,1,0,0,0,0,0,0,0.9990459216461182,999045.9216461182
Y2019_LAT23.74567_LON90.39537,2019,90.39536973334006,23.74566711891753,0.9653999515691614,0.005600025587253827,0.0,0.02900002284358483,0.0,0.0,1,1,0,0,0,0,0,0,0.999059049583435,999059.0495834351
Y2019_LAT23.74583_LON90.40517,2019,90.40517217543393,23.745832098256265,1.0,0.0,0.0,0.0,0.0,0.0,1,1,0,0,0,0,0,0,0.9990721275100708,999072.1275100708
Y2019_LAT23.746_LON90.41497,2019,90.41497470619652,23.74599645691055,1.0,0.0,0.0,0.0,0.0,0.0,1,1,0,0,0,0,0,0,0.999085157043457,999085.157043457
Y2019_LAT23.74616_LON90.42478,2019,90.42477732538151,23.74616019500123,1.0,0.0,0.0,0.0,0.0,0.0,1,1,0,0,0,0,0,0,0.99909813697052,999098.13697052
Y2019_LAT23.74632_LON90.43458,2019,90.43458003258418,23.74632331250182,1.0,0.0,0.0,0.0,0.0,0.0,1,1,0,0,0,0,0,0,0.9991110685424804,999111.0685424805
Y2019_LAT23.74649_LON90.44438,2019,90.4443828274079,23.74648580934497,1.0,0.0,0.0,0.0,0.0,0.0,1,1,0,0,0,0,0,0,0.9991239499893189,999123.9499893188
Y2019_LAT23.74665_LON90.45419,2019,90.45418570962228,23.7466476854843,0.9640998783580856,0.0,0.0,0.03590012164191434,0.0,0.0,1,1,0,0,0,0,0,0,0.9991367832946777,999136.7832946777
Y2019_LAT23.74681_LON90.46399,2019,90.46398867885233,23.746808940936813,0.7879993088734549,0.003599985116813664,0.060500252224941375,0.14790045378479,0.0,0.0,1,1,0,0,0,0,0,0,0.9991495664596558,999149.5664596558
Y2019_LAT23.74697_LON90.47379,2019,90.47379173479939,23.746969575766016,0.279500021915709,0.004500001377149267,0.4734005848076194,0.2418993942298841,0.0,0.0006999976696382922,3,0,0,1,0,0,0,1,0.99916230544281,999162.3054428101
Y2019_LAT23.74713_LON90.48359,2019,90.48359487702845,23.74712958985989,0.38820991910453007,0.001200879366117533,0.534933859348538,0.07565534218081447,0.0,0.0,3,0,0,1,0,0,0,0,0.9152438592300415,915243.8592300415
Y2019_LAT23.74729_LON90.4934,2019,90.493398105351,23.747288983134844,0.5039214815693039,0.004575151225044542,0.05751623411153737,0.4339871330941142,0.0,0.0,1,1,0,0,0,0,0,0,0.15287518077850343,152875.18077850342
Y2019_LAT23.75018_LON90.14034,2019,90.14034133672807,23.750181195813376,1.0,0.0,0.0,0.0,0.0,0.0,1,1,0,0,0,0,0,0,0.002996125602722168,2996.125602722168
Y2019_LAT23.75036_LON90.15014,2019,90.15014202925222,23.75036237914662,0.7837833779943225,0.0,0.21621662200567746,0.0,0.0,0.0,1,1,0,0,0,0,0,0,0.011085689514160156,11085.689514160156
Y2019_LAT23.75161_LON90.21875,2019,90.21874958492761,23.75161329427381,0.6994218630405917,0.0,0.3005781369594083,0.0,0.0,0.0,1,1,0,0,0,0,0,0,0.1209571446685791,120957.1446685791
Y2019_LAT23.75179_LON90.22855,2019,90.22855104721349,23.751789515059894,0.4482022597047005,0.00021470789493356466,0.551583032400366,0.0,0.0,0.0,3,0,0,1,0,0,0,0,0.9304097875213623,930409.7875213623
Y2019_LAT23.75197_LON90.23835,2019,90.23835260414353,23.75196511539724,0.8557005138656473,0.0,0.13339941797576582,0.010900068158586894,0.0,0.0,1,1,0,0,0,0,0,0,0.9988431196670532,998843.1196670532
Y2019_LAT23.75214_LON90.24815,2019,90.24815425556822,23.752140095274402,0.7401999088456794,0.032100032739545106,0.016600038605254688,0.2111000198095208,0.0,0.0,1,1,0,0,0,0,0,0,0.9988569832839966,998856.9832839966
Y2019_LAT23.75231_LON90.25796,2019,90.25795600099448,23.752314454715368,0.7470003794010077,0.005799972753450993,0.04649978766193426,0.20069986018360703,0.0,0.0,1,1,0,0,0,0,0,0,0.9988707986068726,998870.7986068726
Y2019_LAT23.75249_LON90.26776,2019,90.26775784009696,23.75248819362814,0.9837000397006809,0.005600010358313091,0.001000005176283162,0.009699944764722846,0.0,0.0,1,1,0,0,0,0,0,0,0.9988845618515014,998884.5618515015
Y2019_LAT23.75266_LON90.27756,2019,90.27755977269007,23.752661312035087,0.6342004174593568,0.24289968900876283,0.062299844635760514,0.06060004889611985,0.0,0.0,1,1,0,0,0,0,0,0,0.9988982809524536,998898.2809524536
Y2019_LAT23.75283_LON90.28736,2019,90.28736179827857,23.752833809906356,0.9795001233014442,0.01239992397912928,0.008099952719426528,0.0,0.0,0.0,1,1,0,0,0,0,0,0,0.998911948890686,998911.948890686
Y2019_LAT23.75301_LON90.29716,2019,90.29716391659903,23.753005687175584,0.6844991865745808,0.0,0.3155008134254193,0.0,0.0,0.0,1,1,0,0,0,0,0,0,0.9989255678024292,998925.5678024292
Y2019_LAT23.75318_LON90.30697,2019,90.3069661272607,23.753176943865817,0.5775011276344258,0.0,0.4224988723655741,0.0,0.0,0.0,1,1,0,0,0,0,0,0,0.9989391367263794,998939.1367263794
Y2019_LAT23.75335_LON90.31677,2019,90.31676843004367,23.753347579903743,0.9689000306422912,0.0,0.018299894880865628,0.01280007447684316,0.0,0.0,1,1,0,0,0,0,0,0,0.9989526566238404,998952.6566238403
Y2019_LAT23.75352_LON90.32657,2019,90.32657082451311,23.753517595394705,0.5590987267793249,0.014800011107715035,0.0,0.42250124353955537,0.0,0.003600018573404791,1,1,0,0,0,0,0,0,0.9989661281661988,998966.1281661987
Y2019_LAT23.75369_LON90.33637,2019,90.33637331037123,23.75368699020764,0.8135006737027836,0.014599921071917684,0.0,0.17079941124009448,0.0,0.0010999939852043747,1,1,0,0,0,0,0,0,0.9989795516052246,998979.5516052246
Y2019_LAT23.75386_LON90.34618,2019,90.34617588723401,23.75385576429891,0.9996999980067206,0.0,0.0,0.0003000019932793646,0.0,0.0,1,1,0,0,0,0,0,0,0.998992919921875,998992.919921875
Y2019_LAT23.75402_LON90.35598,2019,90.35597855490903,23.75402391774723,0.8713000657352281,0.09159998507778576,0.0001000001398423378,0.0369999490471438,0.0,0.0,1,1,0,0,0,0,0,0,0.9990062476196289,999006.2476196289
Y2019_LAT23.75419_LON90.36578,2019,90.36578131285476,23.7541914503989,1.0,0.0,0.0,0.0,0.0,0.0,1,1,0,0,0,0,0,0,0.999019522819519,999019.522819519
Y2019_LAT23.75436_LON90.37558,2019,90.37558416098803,23.754358362329956,0.9667999435897425,0.011700021011050206,0.0,0.021500035399207286,0.0,0.0,1,1,0,0,0,0,0,0,0.9990327484283448,999032.7484283447
Y2019_LAT23.75452_LON90.38539,2019,90.38538709874506,23.754524653475627,0.9984000088501795,0.0015999911498204222,0.0,0.0,0.0,0.0,1,1,0,0,0,0,0,0,0.9990459246826172,999045.9246826172
Y2019_LAT23.75469_LON90.39519,2019,90.39519012585518,23.754690323823056,0.9875999445123367,0.0,0.0,0.012400055487663311,0.0,0.0,1,1,0,0,0,0,0,0,0.9990590513687134,999059.0513687134
Y2019_LAT23.75486_LON90.40499,2019,90.40499324206858,23.75485537337216,0.8402001295246057,0.0,0.0,0.15979987047539437,0.0,0.0,1,1,0,0,0,0,0,0,0.9990721291885376,999072.1291885376
Y2019_LAT23.75502_LON90.4148,2019,90.4147964469972,23.755019802046764,0.9982000113028192,0.0,0.0,0.0017999886971807842,0.0,0.0,1,1,0,0,0,0,0,0,0.9990851598434448,999085.1598434448
Y2019_LAT23.75518_LON90.4246,2019,90.42459974029687,23.755183609872024,0.978999918912741,0.010400040369061054,0.0,0.010600040718197947,0.0,0.0,1,1,0,0,0,0,0,0,0.9990981399230957,999098.1399230957
Y2019_LAT23.75535_LON90.4344,2019,90.43440312163821,23.755346796793834,0.9969000048447004,0.0030999951552995748,0.0,0.0,0.0,0.0,1,1,0,0,0,0,0,0,0.9991110707931519,999111.0707931519
Y2019_LAT23.75551_LON90.44421,2019,90.44420659070467,23.755509362861847,0.9965999842683197,0.0,0.0,0.0034000157316802647,0.0,0.0,1,1,0,0,0,0,0,0,0.9991239521331787,999123.9521331787
Y2019_LAT23.75567_LON90.45401,2019,90.4540101471481,23.75567130799374,0.9781998852774684,0.0,0.0,0.021800114722531662,0.0,0.0,1,1,0,0,0,0,0,0,0.9991367861785889,999136.7861785889
Y2019_LAT23.75583_LON90.46381,2019,90.46381379066433,23.755832632118793,0.7508999314210851,0.03369986915293264,0.1639002652164295,0.05149993420955273,0.0,0.0,1,1,0,0,0,0,0,0,0.9991495694580078,999149.5694580078
Y2019_LAT23.75599_LON90.47362,2019,90.47361752085249,23.755993335209055,0.26529957276214605,0.0,0.7210003810893476,0.013700046148506374,0.0,0.0,3,0,0,1,0,0,0,0,0.9991623054504395,999162.3054504395
Y2019_LAT23.75615_LON90.48342,2019,90.48342133741092,23.756153417361674,0.4206713936411255,0.001902958551820194,0.39141201515355833,0.186013632653496,0.0,0.0,1,1,0,0,0,0,0,1,0.8401056873550415,840105.6873550415
Y2019_LAT23.75631_LON90.49323,2019,90.49322524001843,23.756312878533233,0.022727270032185075,0.0,0.0,0.9772727299678149,0.0,0.0,4,0,0,0,1,0,0,0,0.013189197273254395,13189.197273254395
Y2019_LAT23.76081_LON90.22836,2019,90.22835988964839,23.76081147358909,0.33191764491028236,0.04373115443232778,0.6243512006573898,0.0,0.0,0.0,3,0,0,1,0,0,0,0,0.6349572957382202,634957.2957382202
Y2019_LAT23.76099_LON90.23816,2019,90.23816212061057,23.760987148651456,0.4492993347563653,0.03230015551178669,0.22519986218217547,0.2932006475496725,0.0,0.0,1,1,0,0,0,0,0,1,0.9988431228637695,998843.1228637695
Y2019_LAT23.76116_LON90.24796,2019,90.2479644459894,23.761162203025258,0.39479931714298966,0.017099897408097676,0.5828008194489522,0.005299965999960424,0.0,0.0,3,0,0,1,0,0,0,0,0.9988569862213135,998856.9862213135
Y2019_LAT23.76134_LON90.25777,2019,90.2577668653888,23.761336636649737,0.11620027384889331,0.016200060027123937,0.8156994076797998,0.05190025844418297,0.0,0.0,3,0,0,1,0,0,0,0,0.9988708020477295,998870.8020477295
Y2019_LAT23.76151_LON90.26757,2019,90.26756937861607,23.761510449554255,0.6314007253313667,0.16729975765345323,0.0050999661773022745,0.1961995508378779,0.0,0.0,1,1,0,0,0,0,0,0,0.9988845694503784,998884.5694503784
Y2019_LAT23.76168_LON90.27737,2019,90.27737198516861,23.76168364164506,0.9554001653926116,0.02149987920352158,0.005100032341886936,0.017999923061979877,0.0,0.0,1,1,0,0,0,0,0,0,0.9988982833480835,998898.2833480835
Y2019_LAT23.76186_LON90.28717,2019,90.28717468493886,23.761856212904412,0.9504000872106365,0.0,0.049599912789363515,0.0,0.0,0.0,1,1,0,0,0,0,0,0,0.9989119513473511,998911.9513473511
Y2019_LAT23.76203_LON90.29698,2019,90.29697747734382,23.762028163329866,0.9755998517215598,0.0,0.024400148278440156,0.0,0.0,0.0,1,1,0,0,0,0,0,0,0.9989255701065064,998925.5701065063
Y2019_LAT23.7622_LON90.30678,2019,90.30678036212258,23.762199492944596,0.6415000726077273,0.0004999988205260862,0.35799992857174656,0.0,0.0,0.0,1,1,0,0,0,0,0,0,0.9989391392822266,998939.1392822266
Y2019_LAT23.76237_LON90.31658,2019,90.31658333913239,23.762370201657625,0.5917987739139888,0.00010000015800392371,0.15360022636527956,0.2538009978151593,0.0,0.0007000017475685178,1,1,0,0,0,0,0,0,0.9989526605072021,998952.6605072021
Y2019_LAT23.76254_LON90.32639,2019,90.32638640779447,23.762540289448026,0.08739977708000209,0.06640030821458237,0.07479970623907846,0.6493996823208245,0.0010000045460437014,0.12100052159946893,4,0,0,0,1,0,0,0,0.9989661312637329,998966.1312637329
Y2019_LAT23.76271_LON90.33619,2019,90.3361895678366,23.762709756351583,0.277001063354994,0.3625993271804894,0.0024999859536840694,0.2054001588028579,0.0,0.15249946470797476,2,0,1,0,0,0,0,1,0.9989795538330078,998979.5538330078
Y2019_LAT23.76288_LON90.34599,2019,90.34599281907632,23.762878602283685,0.9799000331424187,0.009000031329257656,0.0,0.0110999355283237,0.0,0.0,1,1,0,0,0,0,0,0,0.9989929205551148,998992.9205551147
Y2019_LAT23.76305_LON90.3558,2019,90.35579616093816,23.763046827230234,1.0,0.0,0.0,0.0,0.0,0.0,1,1,0,0,0,0,0,0,0.9990062505493164,999006.2505493164
Y2019_LAT23.76321_LON90.3656,2019,90.36559959324714,23.763214431236197,0.9943999876536479,0.005600012346352114,0.0,0.0,0.0,0.0,1,1,0,0,0,0,0,0,0.9990195251541137,999019.5251541138
Y2019_LAT23.76338_LON90.3754,2019,90.37540311576633,23.763381414237692,0.6023990632098997,0.33290067698502207,0.0003000012661913063,0.06440025853888694,0.0,0.0,1,1,0,0,0,0,0,0,0.9990327504043579,999032.7504043579
Y2019_LAT23.76355_LON90.38521,2019,90.3852067277836,23.763547776097877,0.6851009097268616,0.29529920541704563,0.0,0.019599884856092792,0.0,0.0,1,1,0,0,0,0,0,0,0.9990459269866944,999045.9269866943
Y2019_LAT23.76371_LON90.39501,2019,90.39501042943009,23.763713516960536,0.9904000566888636,0.009599943311136443,0.0,0.0,0.0,0.0,1,1,0,0,0,0,0,0,0.9990590551147461,999059.0551147461
Y2019_LAT23.76388_LON90.40481,2019,90.40481422001753,23.7638786367501,0.92439962459785,0.0,0.0,0.07560037540215005,0.0,0.0,1,1,0,0,0,0,0,0,0.9990721333160401,999072.13331604
Y2019_LAT23.76404_LON90.41462,2019,90.41461809937496,23.764043135474466,0.8206006971591464,0.0,0.0,0.1793993028408536,0.0,0.0,1,1,0,0,0,0,0,0,0.999085162765503,999085.1627655029
Y2019_LAT23.76421_LON90.42442,2019,90.42442206719913,23.76420701298965,0.9857000627832787,0.0,0.0,0.014299937216721254,0.0,0.0,1,1,0,0,0,0,0,0,0.9990981413879394,999098.1413879395
Y2019_LAT23.76437_LON90.43423,2019,90.43422612297073,23.764370269374343,0.9986999970427417,0.0013000029572583,0.0,0.0,0.0,0.0,1,1,0,0,0,0,0,0,0.9991110741882324,999111.0741882324
Y2019_LAT23.76453_LON90.44403,2019,90.44403026665844,23.764532904578363,0.9844999968410589,0.0006999971479867366,0.0,0.013800011493571086,0.0,0.0009999945173832586,1,1,0,0,0,0,0,0,0.9991239546813965,999123.9546813965
Y2019_LAT23.76469_LON90.45383,2019,90.45383449767927,23.76469491859851,0.8107996672315401,0.11850001418448161,0.0,0.07070031858397836,0.0,0.0,1,1,0,0,0,0,0,0,0.9991367882461548,999136.7882461548
Y2019_LAT23.76486_LON90.46364,2019,90.46363881566843,23.764856311400155,0.7563995041962105,0.0,0.1447005813570143,0.09759991087738148,0.00020000091213587414,0.0011000026572578223,1,1,0,0,0,0,0,0,0.999149572227478,999149.572227478
Y2019_LAT23.76502_LON90.47344,2019,90.47344322047181,23.765017082957055,0.20219978550498055,0.0008999992934602595,0.7724001882369087,0.02450002696465052,0.0,0.0,3,0,0,1,0,0,0,0,0.9991623054504395,999162.3054504395
Y2019_LAT23.76518_LON90.48325,2019,90.48324771175145,23.76517723326621,0.32457925254715736,0.001202890602848756,0.43905301000323727,0.23516484684675665,0.0,0.0,3,0,0,1,0,0,0,1,0.49838690830993654,498386.9083099365
Y2019_LAT23.76983_LON90.22817,2019,90.2281686374244,23.769833420109688,0.9410829131506177,0.0,0.05891708684938235,0.0,0.0,0.0,1,1,0,0,0,0,0,0,0.1254535876083374,125453.5876083374
Y2019_LAT23.77001_LON90.23797,2019,90.23797154263815,23.770009169948537,0.6110703213784129,0.002193214614410349,0.1060056791679257,0.28073078483925107,0.0,0.0,1,1,0,0,0,0,0,0,0.9563925403823853,956392.5403823853
Y2019_LAT23.77018_LON90.24777,2019,90.24777454231223,23.77018429878142,0.537399057483081,0.0,0.46260094251691897,0.0,0.0,0.0,1,1,0,0,0,0,0,0,0.998856989074707,998856.989074707
Y2019_LAT23.77036_LON90.25758,2019,90.25757763606937,23.770358806663783,0.546200971238675,0.0,0.38639886951001035,0.06740015925131473,0.0,0.0,1,1,0,0,0,0,0,0,0.9988708050308227,998870.8050308228
Y2019_LAT23.77053_LON90.26738,2019,90.26738082362911,23.77053269346265,0.8497993211167826,0.0221000521719384,0.008300048099856306,0.11980057861142267,0.0,0.0,1,1,0,0,0,0,0,0,0.9988845719375611,998884.571937561
Y2019_LAT23.77071_LON90.27718,2019,90.27718410465431,23.77070595923242,0.5502000431871565,0.002599991908717261,0.41760012777575756,0.029599837128368632,0.0,0.0,1,1,0,0,0,0,0,0,0.9988982871780395,998898.2871780396
Y2019_LAT23.77088_LON90.28699,2019,90.28698747876511,23.770878603944194,0.3022997766034432,0.03699996889975528,0.6607002544968015,0.0,0.0,0.0,3,0,0,1,0,0,0,0,0.9989119547119141,998911.9547119141
Y2019_LAT23.77105_LON90.29679,2019,90.29679094568877,23.77105062758184,0.5759006071387669,0.010300018317132191,0.4137993745441009,0.0,0.0,0.0,1,1,0,0,0,0,0,0,0.998925573638916,998925.573638916
Y2019_LAT23.77122_LON90.30659,2019,90.30659450499972,23.77122203003455,0.9367001882521111,0.0035999781650534095,0.059699833582835544,0.0,0.0,0.0,1,1,0,0,0,0,0,0,0.9989391431045532,998939.1431045532
Y2019_LAT23.77139_LON90.3164,2019,90.31639815643658,23.77139281141807,0.518499005676912,0.0,0.1341002707297574,0.34740072359333063,0.0,0.0,1,1,0,0,0,0,0,0,0.9989526626663208,998952.6626663208
Y2019_LAT23.77156_LON90.3262,2019,90.32620189962677,23.771562971608304,0.10139974902967218,0.008600015836178393,0.10179967065847352,0.7371003802889472,0.008100041646875035,0.043000142539853674,4,0,0,0,1,0,0,0,0.9989661340637207,998966.1340637207
Y2019_LAT23.77173_LON90.33601,2019,90.33600573426834,23.771732510588965,0.199900480501589,0.1900001491148709,0.014699939116714179,0.43579953423822326,0.05090017922396774,0.10869971780463492,4,0,0,0,1,0,0,1,0.9989795559997559,998979.5559997559
Y2019_LAT23.7719_LON90.34581,2019,90.34580966010452,23.77190142837294,0.8157007630247646,0.004199990677350029,0.0002999991644440289,0.17429928237457828,0.0054999647588632045,0.0,1,1,0,0,0,0,0,0,0.9989929302902222,998992.9302902222
Y2019_LAT23.77207_LON90.35561,2019,90.35561367664954,23.772069724907464,1.0,0.0,0.0,0.0,0.0,0.0,1,1,0,0,0,0,0,0,0.9990062533035279,999006.2533035278
Y2019_LAT23.77224_LON90.36542,2019,90.36541778357672,23.77223740023536,1.0,0.0,0.0,0.0,0.0,0.0,1,1,0,0,0,0,0,0,0.9990195277862549,999019.5277862549
Y2019_LAT23.7724_LON90.37522,2019,90.37522198066777,23.77240445418439,0.9974999850154326,0.0025000149845674623,0.0,0.0,0.0,0.0,1,1,0,0,0,0,0,0,0.9990327540359497,999032.7540359497
Y2019_LAT23.77257_LON90.38503,2019,90.3850262675189,23.77257088690493,0.5847000905889406,0.41529990941105943,0.0,0.0,0.0,0.0,1,1,0,0,0,0,0,0,0.999045929725647,999045.929725647
Y2019_LAT23.77274_LON90.39483,2019,90.39483064385604,23.772736698317658,0.9860000810433286,0.013999918956671423,0.0,0.0,0.0,0.0,1,1,0,0,0,0,0,0,0.9990590583343506,999059.0583343506
Y2019_LAT23.7729_LON90.40464,2019,90.40463510921352,23.772901888335102,0.9995999974512637,0.0,0.0,0.0004000025487363388,0.0,0.0,1,1,0,0,0,0,0,0,0.9990721367263794,999072.1367263794
Y2019_LAT23.77307_LON90.41444,2019,90.41443966335169,23.773066456979556,0.6942992158185,0.0,0.0,0.3057007841815,0.0,0.0,1,1,0,0,0,0,0,0,0.9990851645126343,999085.1645126343
Y2019_LAT23.77323_LON90.42424,2019,90.42424430601035,23.773230404240934,0.8960004859842465,0.0,0.0,0.10399951401575343,0.0,0.0,1,1,0,0,0,0,0,0,0.9990981454467773,999098.1454467773
Y2019_LAT23.77339_LON90.43405,2019,90.43404903666072,23.773393730153238,0.9510997435233078,0.005700012605209138,0.0,0.03650020200359014,0.004200026360543434,0.0025000155073494684,1,1,0,0,0,0,0,0,0.9991110755233764,999111.0755233765
Y2019_LAT23.77356_LON90.44385,2019,90.44385385512356,23.773556434545352,0.09850016875867951,0.07520027747935062,0.005700024870664696,0.6979998599838463,0.07939974694066294,0.043199921966795896,4,0,0,0,1,0,0,0,0.9991239581298829,999123.9581298828
Y2019_LAT23.77372_LON90.45366,2019,90.4536587610521,23.773718517509927,0.17120011396360887,0.6138003266839438,0.026100068375535485,0.1111996552913113,0.0016000031245843786,0.0760998325610162,2,0,1,0,0,0,0,0,0.9991367903137207,999136.7903137207
Y2019_LAT23.77388_LON90.46346,2019,90.46346375401616,23.77387997896651,0.1063000029479454,0.09019953560614356,0.351500717014663,0.4478997300960017,0.003700015016627175,0.000399999318619145,4,0,0,0,1,0,0,1,0.9991495749282837,999149.5749282837
Y2019_LAT23.77404_LON90.47327,2019,90.47326883379803,23.77404081891772,0.07100021526287459,0.0,0.8853996536162388,0.043600131120886614,0.0,0.0,3,0,0,1,0,0,0,0,0.9991623054504395,999162.3054504395
Y2019_LAT23.7742_LON90.48307,2019,90.48307400000965,23.774201037396843,0.20193626447330273,0.011024484365432049,0.4001070211078585,0.3869322300534067,0.0,0.0,3,0,0,1,0,0,0,1,0.3715918806991577,371591.8806991577
Y2019_LAT23.77903_LON90.23778,2019,90.23778087024198,23.77903117932616,0.6751583681526838,0.0,0.0,0.3248416318473161,0.0,0.0,1,1,0,0,0,0,0,0,0.33331506922912596,333315.069229126
Y2019_LAT23.77921_LON90.24758,2019,90.24758454448232,23.77920638265439,0.9193997668973024,0.0,0.08060023310269755,0.0,0.0,0.0,1,1,0,0,0,0,0,0,0.9988569926681519,998856.9926681519
Y2019_LAT23.77938_LON90.25739,2019,90.25738831298713,23.779380964660106,0.6316009601670471,0.0,0.36839903983295286,0.0,0.0,0.0,1,1,0,0,0,0,0,0,0.9988708076705932,998870.8076705933
Y2019_LAT23.77955_LON90.26719,2019,90.2671921752579,23.779554925466496,0.7606988765154713,0.0,0.23930112348452864,0.0,0.0,0.0,1,1,0,0,0,0,0,0,0.9988845736846924,998884.5736846924
Y2019_LAT23.77973_LON90.277,2019,90.27699613101784,23.77972826495153,0.03500013051511236,0.0032000172570615837,0.8381997522589186,0.12360009996890745,0.0,0.0,3,0,0,1,0,0,0,0,0.9988982905731201,998898.2905731201
Y2019_LAT23.7799_LON90.2868,2019,90.28680017985353,23.779900983053583,0.011599926040140084,0.02379987681241134,0.9332003696308546,0.03139982751659399,0.0,0.0,3,0,0,1,0,0,0,0,0.9989119572601318,998911.9572601318
Y2019_LAT23.78007_LON90.2966,2019,90.29660432153942,23.780073079838317,0.22800089774480137,0.004300011468662995,0.7674990896151034,0.0002000011714322598,0.0,0.0,3,0,0,1,0,0,0,0,0.998925576133728,998925.576133728
Y2019_LAT23.78024_LON90.30641,2019,90.30640855569301,23.780244555222104,0.5555008750762171,0.0016999898822474889,0.4300990551725897,0.012700079868945677,0.0,0.0,1,1,0,0,0,0,0,0,0.9989391450195313,998939.1450195312
Y2019_LAT23.78042_LON90.31621,2019,90.31621288199962,23.780415409211372,0.26189957214372456,0.003099996310285877,0.12660041224643998,0.5656000853417678,0.0,0.042799933957781845,4,0,0,0,1,0,0,0,0.9989526665267945,998952.6665267944
Y2019_LAT23.78059_LON90.32602,2019,90.32601730007362,23.780585641787265,0.22510095972770613,0.00400001862023344,0.31619979764598316,0.4461991843426151,0.0,0.00850003966346219,4,0,0,0,1,0,0,1,0.9989661368026733,998966.1368026733
Y2019_LAT23.78076_LON90.33582,2019,90.33582180971567,23.78075525291085,0.7349003437945014,0.10159971465374874,0.0038999758838144504,0.15429999814003395,0.0,0.0052999675279015585,1,1,0,0,0,0,0,0,0.9989795581741333,998979.5581741333
Y2019_LAT23.78092_LON90.34563,2019,90.34562641029187,23.780924242580376,0.7581006266243772,0.08539978440460262,0.0011999959783076885,0.15489959313679993,0.0003999998559126341,0.0,1,1,0,0,0,0,0,0,0.9989929364547729,998992.936454773
Y2019_LAT23.78109_LON90.35543,2019,90.35543110185843,23.781092610693655,0.9881999638797383,0.0048000134183881615,0.0,0.0070000227018735236,0.0,0.0,1,1,0,0,0,0,0,0,0.9990062554244995,999006.2554244995
Y2019_LAT23.78126_LON90.36524,2019,90.36523588379275,23.781260357308057,1.0,0.0,0.0,0.0,0.0,0.0,1,1,0,0,0,0,0,0,0.9990195310516358,999019.5310516357
Y2019_LAT23.78143_LON90.37504,2019,90.37504075589361,23.781427482373413,0.9506997145569576,0.003900024914350935,0.0,0.04540026052869152,0.0,0.0,1,1,0,0,0,0,0,0,0.9990327562866211,999032.7562866211
Y2019_LAT23.78159_LON90.38485,2019,90.38484571781854,23.781593985947048,0.5774012397778393,0.3851989271825632,0.0026999948466947267,0.034699838192902926,0.0,0.0,1,1,0,0,0,0,0,0,0.9990459323730468,999045.9323730469
Y2019_LAT23.78176_LON90.39465,2019,90.39465076911613,23.781759867802887,0.9991999978719295,0.000800002128070501,0.0,0.0,0.0,0.0,1,1,0,0,0,0,0,0,0.9990590604019165,999059.0604019165
Y2019_LAT23.78193_LON90.40446,2019,90.4044559096802,23.781925128054173,0.9836000153959381,0.009700005974843143,0.0,0.00669997862921873,0.0,0.0,1,1,0,0,0,0,0,0,0.999072138671875,999072.138671875
Y2019_LAT23.78209_LON90.41426,2019,90.41426113889632,23.782089766771552,0.9002000718352454,0.003299986310240756,0.0,0.09649994185451385,0.0,0.0,1,1,0,0,0,0,0,0,0.9990851678619385,999085.1678619385
Y2019_LAT23.78225_LON90.42407,2019,90.42406645664691,23.782253783813083,0.8419008038877018,0.0,0.0,0.1580991961122981,0.0,0.0,1,1,0,0,0,0,0,0,0.9990981482925415,999098.1482925415
Y2019_LAT23.78242_LON90.43387,2019,90.43387186256976,23.78241717909984,0.985299923266703,0.013100066659596137,0.00030000186161500286,0.0,0.0013000082120858132,0.0,1,1,0,0,0,0,0,0,0.9991110791854858,999111.0791854858
Y2019_LAT23.78258_LON90.44368,2019,90.44367735622691,23.782579952763438,0.2786001663896253,0.05859971335160218,0.14970044332097868,0.39560017957571453,0.1174994973620793,0.0,4,0,0,0,1,0,0,1,0.9991239601974488,999123.9601974487
Y2019_LAT23.78274_LON90.45348,2019,90.45348293729924,23.78274210462299,0.029199896949913564,0.00020000108790197593,0.4908999534555867,0.4702000927307295,0.0003000015707650761,0.009200054205103248,3,0,0,1,0,0,0,1,0.9991367923583985,999136.7923583984
Y2019_LAT23.7829_LON90.46329,2019,90.4632886056146,23.78290363476873,0.03790020203585318,0.008499985560584929,0.8110001581138873,0.07399992275219308,9.999940943200227e-05,0.06849973212804969,3,0,0,1,0,0,0,0,0.9991495774154663,999149.5774154663
Y2019_LAT23.78306_LON90.47309,2019,90.47309436063489,23.78306454319206,0.2721132146560896,0.0003461992184096734,0.2826722588838552,0.4448683272416455,0.0,0.0,4,0,0,0,1,0,0,1,0.5772146720275879,577214.6720275879
Y2019_LAT23.78322_LON90.4829,2019,90.48290020213764,23.78322482975275,0.0,0.0,0.0,0.0,0.0,0.0,1,1,0,0,0,0,0,1,0.0,0.0
Y2019_LAT23.78805_LON90.23759,2019,90.23759010331662,23.78805317659742,1.0,0.0,0.0,0.0,0.0,0.0,1,1,0,0,0,0,0,0,0.015382285095214844,15382.285095214844
Y2019_LAT23.78823_LON90.24739,2019,90.24739445257077,23.788228454460032,0.974311062121426,0.015808594789205013,0.0,0.009880343089368917,0.0,0.0,1,1,0,0,0,0,0,0,0.9604012449340821,960401.244934082
Y2019_LAT23.7884_LON90.2572,2019,90.25719889607419,23.78840311079776,1.0,0.0,0.0,0.0,0.0,0.0,1,1,0,0,0,0,0,0,0.9988708102188111,998870.810218811
Y2019_LAT23.78858_LON90.267,2019,90.26700343342867,23.788577145484922,0.9012997130879186,0.028999886180912284,0.06830040331731335,0.0013999974138557672,0.0,0.0,1,1,0,0,0,0,0,0,0.9988845748519898,998884.5748519897
Y2019_LAT23.78875_LON90.27681,2019,90.2768080641597,23.788750558677172,0.69440027198693,0.0,0.30489972338455307,0.0007000046285169302,0.0,0.0,1,1,0,0,0,0,0,0,0.9988982936248779,998898.2936248779
Y2019_LAT23.78892_LON90.28661,2019,90.28661278815758,23.788923350292766,0.014699953467892364,0.0,0.724800559171682,0.2604994873604257,0.0,0.0,3,0,0,1,0,0,0,0,0.9989119608459472,998911.9608459473
Y2019_LAT23.7891_LON90.29642,2019,90.2964176049781,23.78909552023466,0.38050129898560064,0.03390014132339695,0.4919987139937759,0.09349984563876985,0.00010000005845666695,0.0,3,0,0,1,0,0,0,1,0.998925578781128,998925.5787811279
Y2019_LAT23.78927_LON90.30622,2019,90.30622251427266,23.789267068588416,0.7098994285956112,0.015999988318784714,0.19850043924579822,0.07560014383980593,0.0,0.0,1,1,0,0,0,0,0,0,0.9989391476898193,998939.1476898193
Y2019_LAT23.78944_LON90.31603,2019,90.31602751569397,23.78943799523181,0.36169980421175013,0.006599992419971049,0.088099890044932,0.5160003725891685,0.0,0.02759994073417843,4,0,0,0,1,0,0,0,0.9989526684951783,998952.6684951782
Y2019_LAT23.78961_LON90.32583,2019,90.32583260912646,23.789608300122723,0.747600881410437,0.003200001124832353,0.008299988557279937,0.24089912890745066,0.0,0.0,1,1,0,0,0,0,0,0,0.9989661400756836,998966.1400756836
Y2019_LAT23.78978_LON90.33564,2019,90.33563779382342,23.789777983385996,0.7858997945696129,0.0,0.0,0.21410020543038707,0.0,0.0,1,1,0,0,0,0,0,0,0.9989795618286132,998979.5618286133
Y2019_LAT23.78995_LON90.34544,2019,90.34544306975062,23.789947044838637,0.9984000028636139,0.0015999971363861853,0.0,0.0,0.0,0.0,1,1,0,0,0,0,0,0,0.9989929388122558,998992.9388122559
Y2019_LAT23.79012_LON90.35525,2019,90.35524843665517,23.790115484590547,0.9958999915501869,0.0003000004547357953,0.0,0.003800007995077311,0.0,0.0,1,1,0,0,0,0,0,0,0.9990062575302124,999006.2575302124
Y2019_LAT23.79028_LON90.36505,2019,90.36505389383696,23.790283302504637,1.0,0.0,0.0,0.0,0.0,0.0,1,1,0,0,0,0,0,0,0.9990195340881348,999019.5340881348
Y2019_LAT23.79045_LON90.37486,2019,90.37485944136164,23.790450498703276,0.9009994808788584,0.04940028888713387,0.0,0.04960023023400779,0.0,0.0,1,1,0,0,0,0,0,0,0.9990327585830688,999032.7585830688
Y2019_LAT23.79062_LON90.38467,2019,90.38466507857925,23.790617072987214,0.8632006547026316,0.13309936023248545,0.0,0.0036999850648830137,0.0,0.0,1,1,0,0,0,0,0,0,0.9990459353637695,999045.9353637695
Y2019_LAT23.79078_LON90.39447,2019,90.39447080530314,23.79078302544955,0.9925999633706977,0.007400036629302326,0.0,0.0,0.0,0.0,1,1,0,0,0,0,0,0,0.9990590620727539,999059.0620727539
Y2019_LAT23.79095_LON90.40428,2019,90.40427662132565,23.790948356082836,1.0,0.0,0.0,0.0,0.0,0.0,1,1,0,0,0,0,0,0,0.9990721404647828,999072.1404647827
Y2019_LAT23.79111_LON90.41408,2019,90.41408252599528,23.791113064692745,0.934400210773657,0.007299967808077341,0.0,0.058299821418265715,0.0,0.0,1,1,0,0,0,0,0,0,0.9990851703796386,999085.1703796387
Y2019_LAT23.79128_LON90.42389,2019,90.42388851925058,23.79127715145555,0.9092003135774868,0.0,0.0,0.09079968642251318,0.0,0.0,1,1,0,0,0,0,0,0,0.9990981497879028,999098.1497879028
Y2019_LAT23.79144_LON90.43369,2019,90.43369460060386,23.791440616295244,1.0,0.0,0.0,0.0,0.0,0.0,1,1,0,0,0,0,0,0,0.9991110805664063,999111.0805664062
Y2019_LAT23.7916_LON90.4435,2019,90.44350076984269,23.791603459055196,0.7588001284578737,0.07809978919335687,0.1389000226517079,0.024200059697061505,0.0,0.0,1,1,0,0,0,0,0,0,0.9991239636764526,999123.9636764526
Y2019_LAT23.79177_LON90.45331,2019,90.45330702655826,23.79176567997596,0.12119947266186454,0.2560007766637672,0.1973997753401301,0.35359964588267867,0.0031000036209845386,0.06870032583057498,4,0,0,0,1,0,0,1,0.9991367950439453,999136.7950439453
Y2019_LAT23.79193_LON90.46311,2019,90.46311337030475,23.791927278821454,0.28700062041065916,0.20699917120886746,0.2465004947216745,0.20229998847906266,0.0,0.05719972517973623,1,1,0,0,0,0,0,1,0.9991495792160034,999149.5792160034
Y2019_LAT23.79209_LON90.47292,2019,90.47291980105021,23.79208825562145,0.15228690213876858,0.0,0.5990164603845789,0.2486966374766525,0.0,0.0,3,0,0,1,0,0,0,0,0.9959649670562745,995964.9670562744
Y2019_LAT23.79225_LON90.48273,2019,90.48272631819844,23.792248610374624,0.03570370573725245,0.047506786852982034,0.3694302071395449,0.5237534357169867,0.0,0.023605864553234043,4,0,0,0,1,0,0,0,0.3386191935882568,338619.19358825684
Y2019_LAT23.79725_LON90.2472,2019,90.24720426655135,23.797250514278943,0.8459784222694593,0.047782376138185034,0.0,0.1062392015923557,0.0,0.0,1,1,0,0,0,0,0,0,0.7860017212905884,786001.7212905884
Y2019_LAT23.79743_LON90.25701,2019,90.25700938527707,23.79742524481358,0.8877997161453932,0.001300006516428087,0.0,0.11090027733817874,0.0,0.0,1,1,0,0,0,0,0,0,0.9988708134765625,998870.8134765625
Y2019_LAT23.7976_LON90.26681,2019,90.26681459801992,23.79759935357892,0.9511998756663751,0.0007000033115421306,0.040100164317812326,0.007999956704270396,0.0,0.0,1,1,0,0,0,0,0,0,0.9988845763473511,998884.5763473511
Y2019_LAT23.79777_LON90.27662,2019,90.27661990422925,23.797772840465942,0.8373003162098748,0.014799974978989439,0.12969971220558602,0.017899997737845914,0.00029999886770396136,0.0,1,1,0,0,0,0,0,0,0.9988982963256836,998898.2963256836
Y2019_LAT23.79795_LON90.28643,2019,90.28642530362129,23.797945705505228,0.7419003361397384,0.05069977864852372,0.1731999148088439,0.03419997040289399,0.0,0.0,1,1,0,0,0,0,0,0,0.9989119629287719,998911.962928772
Y2019_LAT23.79812_LON90.29623,2019,90.29623079589055,23.798117948708644,0.4499991796854273,0.0,0.47630053780744025,0.07370028250713248,0.0,0.0,3,0,0,1,0,0,0,1,0.9989255823898315,998925.5823898315
Y2019_LAT23.79829_LON90.30604,2019,90.30603638069547,23.79828956991583,0.048700036967939,0.000900005963126816,0.3000996303936719,0.6468003144909577,0.0,0.00350001218430479,4,0,0,0,1,0,0,0,0.9989391515960694,998939.1515960693
Y2019_LAT23.79846_LON90.31584,2019,90.31584205760416,23.798460569223078,0.002499988265240525,0.03549988639283776,0.13820027827584402,0.8033999042146914,0.0,0.020399942851386268,4,0,0,0,1,0,0,0,0.9989526717758179,998952.6717758179
Y2019_LAT23.79863_LON90.32565,2019,90.32564782655705,23.79863094659514,0.32600074359480563,0.015200043001678066,0.09049995887391292,0.5682992545296034,0.0,0.0,4,0,0,0,1,0,0,0,0.9989661425094605,998966.1425094604
Y2019_LAT23.7988_LON90.33545,2019,90.33545368682985,23.798800701915248,0.8453001990930349,0.027799937718588536,0.019099925564489143,0.10779993762388741,0.0,0.0,1,1,0,0,0,0,0,0,0.9989795654678345,998979.5654678345
Y2019_LAT23.79897_LON90.34526,2019,90.3452596384617,23.798969835327316,0.8349004998606137,0.04889997486444221,0.0,0.11619952527494415,0.0,0.0,1,1,0,0,0,0,0,0,0.9989929389953613,998992.9389953613
Y2019_LAT23.79914_LON90.35507,2019,90.35506568082454,23.799138346676852,1.0,0.0,0.0,0.0,0.0,0.0,1,1,0,0,0,0,0,0,0.9990062610778808,999006.2610778809
Y2019_LAT23.79931_LON90.36487,2019,90.36487181381128,23.799306235971265,1.0,0.0,0.0,0.0,0.0,0.0,1,1,0,0,0,0,0,0,0.9990195365142822,999019.5365142822
Y2019_LAT23.79947_LON90.37468,2019,90.37467803696323,23.79947350314875,0.9991999948051438,0.0008000051948562046,0.0,0.0,0.0,0.0,1,1,0,0,0,0,0,0,0.9990327621307373,999032.7621307373
Y2019_LAT23.79964_LON90.38448,2019,90.38448434988418,23.79964014829496,0.9951000217352769,0.0035999774321981716,0.0,0.001300000832524932,0.0,0.0,1,1,0,0,0,0,0,0,0.9990459382476806,999045.9382476807
Y2019_LAT23.79981_LON90.39429,2019,90.39429075234119,23.799806171282878,0.7907990617625573,0.15860070815416957,0.0020000033613323475,0.04860022672194089,0.0,0.0,1,1,0,0,0,0,0,0,0.99905906615448,999059.06615448
Y2019_LAT23.79997_LON90.4041,2019,90.40409724415045,23.7999715721438,0.8990005390932948,0.06209967081428814,0.0,0.038899790092417105,0.0,0.0,1,1,0,0,0,0,0,0,0.9990721441192627,999072.1441192627
Y2019_LAT23.80014_LON90.4139,2019,90.4139038245308,23.800136350824417,0.8780994921746113,0.0,0.0,0.12190050782538875,0.0,0.0,1,1,0,0,0,0,0,0,0.9990851726455688,999085.1726455688
Y2019_LAT23.8003_LON90.42371,2019,90.4237104937259,23.800300507329418,0.9912000513922524,0.0,0.0,0.008799948607747538,0.0,0.0,1,1,0,0,0,0,0,0,0.9990981535568237,999098.1535568237
Y2019_LAT23.80046_LON90.43352,2019,90.43351725086663,23.80046404161673,0.9313996663484359,0.0025000122029822853,0.06610032144858187,0.0,0.0,0.0,1,1,0,0,0,0,0,0,0.9991110838394165,999111.0838394165
Y2019_LAT23.80063_LON90.44332,2019,90.44332409596677,23.800626953769726,0.38039941339965266,0.08520027135857201,0.507200163671568,0.0,0.0,0.027200151570207422,3,0,0,1,0,0,0,0,0.9991239659347534,999123.9659347534
Y2019_LAT23.80079_LON90.45313,2019,90.45313102860304,23.80078924353125,0.30070047243258435,0.4821999610390419,0.17759975497785188,0.007899974448267639,0.0,0.031599837102254384,2,0,1,0,0,0,0,1,0.9991367979660034,999136.7979660034
Y2019_LAT23.80095_LON90.46294,2019,90.46293804826024,23.800950911081745,0.3852998792800958,0.14499934768962447,0.391800868769988,0.07159991399688997,0.0,0.006299990263401784,3,0,0,1,0,0,0,1,0.9991495805892945,999149.5805892944
Y2019_LAT23.80111_LON90.47275,2019,90.47274515495704,23.801111956381202,0.5894006557724728,0.0032000097043816877,0.3481991869516873,0.05880014869400807,0.0,0.00039999887745015614,1,1,0,0,0,0,0,0,0.9991623117752075,999162.3117752075
Y2019_LAT23.80127_LON90.48255,2019,90.48255234803564,23.80127237926544,0.6310491982706907,0.11639421394885406,0.008861618131766513,0.22494917357869515,0.0,0.018745796069993388,1,1,0,0,0,0,0,0,0.5863144399108887,586314.4399108887
Y2019_LAT23.80627_LON90.24701,2019,90.24701398626348,23.806272562241883,0.6250011198116838,0.009163792310984383,0.042811965190712516,0.3230231226866193,0.0,0.0,1,1,0,0,0,0,0,0,0.6976031843338013,697603.1843338013
Y2019_LAT23.80645_LON90.25682,2019,90.25681978070311,23.806447367020546,0.9630999442741228,0.020100093837118513,0.0,0.01679996188875864,0.0,0.0,1,1,0,0,0,0,0,0,0.9988708167648316,998870.8167648315
Y2019_LAT23.80662_LON90.26663,2019,90.26662566907555,23.80662154980031,0.6063991661822269,0.028700089008097566,0.36450074209127487,0.00040000271840079946,0.0,0.0,1,1,0,0,0,0,0,0,0.9988845842590331,998884.5842590332
Y2019_LAT23.8068_LON90.27643,2019,90.27643165109296,23.806795110431324,0.14090021861331517,0.020099999271214003,0.604299769088694,0.23470001302677684,0.0,0.0,3,0,0,1,0,0,0,0,0.9988982985076904,998898.2985076904
Y2019_LAT23.80697_LON90.28624,2019,90.28623772619403,23.80696804893316,0.763000517957438,0.0012999930115774202,0.11299951469872901,0.12269997433225557,0.0,0.0,1,1,0,0,0,0,0,0,0.9989119661178589,998911.9661178589
Y2019_LAT23.80714_LON90.29604,2019,90.29604389431331,23.80714036519484,0.6581993863850775,0.0,0.17370053867638444,0.16810007493853812,0.0,0.0,1,1,0,0,0,0,0,0,0.9989255854187011,998925.5854187012
Y2019_LAT23.80731_LON90.30585,2019,90.3058501548795,23.807312059403436,0.10009967226452772,0.003000019359580206,0.6989000190731519,0.19800028930274013,0.0,0.0,3,0,0,1,0,0,0,0,0.9989391535263061,998939.1535263062
Y2019_LAT23.80748_LON90.31566,2019,90.31565650773749,23.807483131377893,0.025200125958769273,0.02609990330294264,0.5335996784772133,0.4034002268768321,0.005100025120787501,0.006600040263454979,3,0,0,1,0,0,0,0,0.9989526738433838,998952.6738433838
Y2019_LAT23.80765_LON90.32546,2019,90.32546295242372,23.807653581111232,0.0,0.0,0.8192996841178833,0.14350014662099855,0.036700172585653515,0.000499996675464586,3,0,0,1,0,0,0,0,0.9989661453704834,998966.1453704834
Y2019_LAT23.80782_LON90.33527,2019,90.33526948874122,23.80782340866654,0.04690023294484459,0.14600000426232976,0.5234990926806683,0.2623007030000026,0.021299967112154778,0.0,3,0,0,1,0,0,0,0,0.9989795685806274,998979.5685806274
Y2019_LAT23.80799_LON90.34508,2019,90.34507611620025,23.80799261389139,0.6239005615033496,0.1356997699767113,0.009600015159614802,0.23079965336032432,0.0,0.0,1,1,0,0,0,0,0,0,0.9989929389953613,998992.9389953613
Y2019_LAT23.80816_LON90.35488,2019,90.35488283462158,23.808161196892865,0.9398001709752372,0.050399875442451975,0.009799953582310894,0.0,0.0,0.0,1,1,0,0,0,0,0,0,0.9990062643661499,999006.2643661499
Y2019_LAT23.80833_LON90.36469,2019,90.36468964352085,23.808329157484692,0.983400025178909,0.01659997482109096,0.0,0.0,0.0,0.0,1,1,0,0,0,0,0,0,0.9990195391616822,999019.5391616821
Y2019_LAT23.8085_LON90.3745,2019,90.37449654264427,23.808496495836255,1.0,0.0,0.0,0.0,0.0,0.0,1,1,0,0,0,0,0,0,0.9990327639770508,999032.7639770508
Y2019_LAT23.80866_LON90.3843,2019,90.3843035316802,23.808663211747557,0.997799993501463,0.0,0.0,0.0022000064985370246,0.0,0.0,1,1,0,0,0,0,0,0,0.9990459408721923,999045.9408721924
Y2019_LAT23.80883_LON90.39411,2019,90.39411061027911,23.80882930532484,0.8899000760223138,0.026500003641209177,0.0,0.08359992033647706,0.0,0.0,1,1,0,0,0,0,0,0,0.9990590691299438,999059.0691299438
Y2019_LAT23.80899_LON90.40392,2019,90.40391777799685,23.80899477641592,0.9797999179646196,0.004600016948448138,0.0,0.01560006508693223,0.0,0.0,1,1,0,0,0,0,0,0,0.9990721471939087,999072.1471939087
Y2019_LAT23.80916_LON90.41373,2019,90.41372503467097,23.809159625194418,0.9800999321934919,0.0002999990250457414,0.0,0.019600068781462334,0.0,0.0,1,1,0,0,0,0,0,0,0.999085176399231,999085.176399231
Y2019_LAT23.80932_LON90.42353,2019,90.42353237991689,23.80932385149931,0.9977999861219476,0.0022000138780523416,0.0,0.0,0.0,0.0,1,1,0,0,0,0,0,0,0.9990981556854248,999098.1556854248
Y2019_LAT23.80949_LON90.43334,2019,90.43333981333951,23.80948745529724,0.9956000270066879,0.004399972993312117,0.0,0.0,0.0,0.0,1,1,0,0,0,0,0,0,0.9991110865402222,999111.0865402222
Y2019_LAT23.80965_LON90.44315,2019,90.44314733453504,23.809650436574852,0.47599893374928026,0.14060007414003448,0.2962005915336685,0.0045999726765154235,0.0,0.08260042790050134,1,1,0,0,0,0,0,1,0.999123968383789,999123.9683837891
Y2019_LAT23.80981_LON90.45295,2019,90.45295494343091,23.80981279535805,0.09970020525935819,0.6449998138705909,0.0887998550547479,0.05630009539784339,0.0,0.11020003041745963,2,0,1,0,0,0,0,0,0.9991368009262085,999136.8009262085
Y2019_LAT23.80997_LON90.46276,2019,90.46276263939755,23.80997453160247,0.045799961426453865,0.4116000500066348,0.3224002764382314,0.0701001917140098,0.0,0.15009952041467015,2,0,1,0,0,0,0,1,0.9991495819778442,999149.5819778442
Y2019_LAT23.81014_LON90.47257,2019,90.47257042239056,23.81013564529753,0.040499957377015436,0.507000397267291,0.2395995321902188,0.21150011245229197,0.0,0.001400000713182866,2,0,1,0,0,0,0,0,0.9991623229980469,999162.3229980469
Y2019_LAT23.8103_LON90.48238,2019,90.48237829174252,23.810296136432793,0.004485287975377792,0.6631653511071147,0.01531565521419607,0.31648671842073056,0.0003281932015312855,0.0002187940810494425,2,0,1,0,0,0,0,0,0.9133453850784302,913345.3850784302
Y2019_LAT23.81046_LON90.49219,2019,90.49218624744012,23.810456004957235,0.0,0.0,0.0,0.0,0.0,0.0,1,1,0,0,0,0,0,1,0.0,0.0
Y2019_LAT23.81387_LON90.16838,2019,90.16837526889276,23.813873164051003,0.0,0.0,1.0,0.0,0.0,0.0,3,0,0,1,0,0,0,0,0.012684135070800781,12684.135070800781
Y2019_LAT23.81405_LON90.17818,2019,90.17818097601702,23.814053020972818,0.0,0.0,1.0,0.0,0.0,0.0,3,0,0,1,0,0,0,0,0.00649189047241211,6491.890472412109
Y2019_LAT23.81423_LON90.18799,2019,90.1879867797294,23.81423225578895,0.0,0.0,1.0,0.0,0.0,0.0,3,0,0,1,0,0,0,0,0.008689298416137695,8689.298416137695
Y2019_LAT23.81529_LON90.24682,2019,90.24682361169884,23.81529459808003,0.5395647635099713,0.0004672881502863809,0.11962573731288098,0.3403422110268613,0.0,0.0,1,1,0,0,0,0,0,0,0.6412677857971192,641267.7857971191
Y2019_LAT23.81547_LON90.25663,2019,90.25663008222348,23.81546947719915,0.8837999950404752,0.007600032106554373,0.0,0.10859997285297038,0.0,0.0,1,1,0,0,0,0,0,0,0.9988708199768066,998870.8199768066
Y2019_LAT23.81564_LON90.26644,2019,90.26643664668188,23.815643733920812,0.7631994922294758,0.0,0.10380044955228937,0.1330000582182348,0.0,0.0,1,1,0,0,0,0,0,0,0.9988845871505737,998884.5871505737
Y2019_LAT23.81582_LON90.27624,2019,90.27624330468434,23.81581736828319,0.14790079030600398,0.012200076944098364,0.7060989423967993,0.13380019035309842,0.0,0.0,3,0,0,1,0,0,0,0,0.998898302230835,998898.302230835
Y2019_LAT23.81599_LON90.28605,2019,90.28605005590951,23.815990380239477,0.77610056831858,0.028299983689028065,0.13729956887850955,0.05829987911388234,0.0,0.0,1,1,0,0,0,0,0,0,0.9989119692382813,998911.9692382812
Y2019_LAT23.81616_LON90.29586,2019,90.29585690010072,23.81616276984901,0.67059959480556,0.00040000139114309874,0.32900040380329704,0.0,0.0,0.0,1,1,0,0,0,0,0,0,0.9989255877685547,998925.5877685547
Y2019_LAT23.81633_LON90.30566,2019,90.3056638368472,23.81633453695183,0.5419004190463484,0.0015999975176424865,0.3709994900399983,0.08550009339601077,0.0,0.0,1,1,0,0,0,0,0,0,0.9989391566390992,998939.1566390991
Y2019_LAT23.81651_LON90.31547,2019,90.3154708659422,23.816505681581,0.17199908938943675,0.0009999997681898372,0.7080007712605172,0.1179001357393858,0.0011000038424703504,0.0,3,0,0,1,0,0,0,0,0.9989526775512695,998952.6775512695
Y2019_LAT23.81668_LON90.32528,2019,90.32527798681842,23.81667620381214,0.0,0.0,0.9883000562410382,0.003599978182601522,0.00809996557636023,0.0,3,0,0,1,0,0,0,0,0.9989661485748291,998966.1485748291
Y2019_LAT23.81685_LON90.33509,2019,90.33508519938587,23.81684610342066,0.04580025319726297,0.0,0.7893990014760708,0.16480074532666628,0.0,0.0,3,0,0,1,0,0,0,0,0.9989795709457397,998979.5709457397
Y2019_LAT23.81702_LON90.34489,2019,90.34489250309701,23.81701538055114,0.2544993240091011,0.5514010228692336,0.00710002363105194,0.1869996294906135,0.0,0.0,2,0,1,0,0,0,0,0,0.9989929389953613,998992.9389953613
Y2019_LAT23.81718_LON90.3547,2019,90.3546998977826,23.817184035140357,0.814700906854589,0.1797991163785206,0.0,0.005499976766890531,0.0,0.0,1,1,0,0,0,0,0,0,0.9990062674560547,999006.2674560547
Y2019_LAT23.81735_LON90.36451,2019,90.36450738306544,23.817352067193895,1.0,0.0,0.0,0.0,0.0,0.0,1,1,0,0,0,0,0,0,0.9990195421295166,999019.5421295166
Y2019_LAT23.81752_LON90.37431,2019,90.37431495851645,23.817519476542795,1.0,0.0,0.0,0.0,0.0,0.0,1,1,0,0,0,0,0,0,0.9990327677993774,999032.7677993774
Y2019_LAT23.81769_LON90.38412,2019,90.38412262389322,23.817686263292853,0.9986000005118714,0.0013999994881285895,0.0,0.0,0.0,0.0,1,1,0,0,0,0,0,0,0.9990459443664551,999045.9443664551
Y2019_LAT23.81785_LON90.39393,2019,90.39393037889359,23.81785242739153,0.9856999522570365,0.0,0.0,0.014300047742963505,0.0,0.0,1,1,0,0,0,0,0,0,0.999059071105957,999059.071105957
Y2019_LAT23.81802_LON90.40374,2019,90.40373822309905,23.818017968948304,0.9414997998514129,0.02170010840042149,0.0,0.036800091748165724,0.0,0.0,1,1,0,0,0,0,0,0,0.9990721492233277,999072.1492233276
Y2019_LAT23.81818_LON90.41355,2019,90.41354615625141,23.818182887687353,0.8325001759952213,0.14359989941014806,0.0,0.023899924594630684,0.0,0.0,1,1,0,0,0,0,0,0,0.9990851786117554,999085.1786117554
Y2019_LAT23.81835_LON90.42335,2019,90.42335417790741,23.81834718371926,0.9918000294782663,0.0,0.0,0.008199970521733727,0.0,0.0,1,1,0,0,0,0,0,0,0.9990981574554444,999098.1574554443
Y2019_LAT23.81851_LON90.43316,2019,90.43316228784003,23.81851085705533,1.0,0.0,0.0,0.0,0.0,0.0,1,1,0,0,0,0,0,0,0.9991110893020629,999111.089302063
Y2019_LAT23.81867_LON90.44297,2019,90.44297048569636,23.8186739076418,0.988599971484141,0.011400028515859027,0.0,0.0,0.0,0.0,1,1,0,0,0,0,0,0,0.9991239705963135,999123.9705963135
Y2019_LAT23.81884_LON90.45278,2019,90.45277877102127,23.818836335449905,0.5438986420233685,0.348900911175085,0.0812003573577008,0.0,0.0,0.02600008944384578,1,1,0,0,0,0,0,0,0.9991368037109375,999136.8037109375
Y2019_LAT23.819_LON90.46259,2019,90.46258714368346,23.81899814041967,0.022699899353158935,0.8435999030863851,0.1280001920210245,0.0,0.0,0.005700005539431424,2,0,1,0,0,0,0,0,0.9991495855941772,999149.5855941772
Y2019_LAT23.81916_LON90.4724,2019,90.47239560318073,23.81915932249695,0.06519993200687457,0.5526996584306155,0.29010051015959476,0.07629997141914026,0.0,0.015699927983774918,2,0,1,0,0,0,0,0,0.999162327178955,999162.3271789551
Y2019_LAT23.81932_LON90.4822,2019,90.48220414927536,23.81931988179996,0.11130034624075154,0.25329941726581046,0.4306994579560035,0.16250063723063346,0.007600040056315893,0.034600101250485134,3,0,0,1,0,0,0,1,0.999175005531311,999175.005531311
Y2019_LAT23.81948_LON90.49201,2019,90.49201278165333,23.81947981821177,0.04339629110495104,0.1345910917554327,0.4213833539698908,0.3911953060141182,0.008176097344470059,0.0012578598111371887,3,0,0,1,0,0,0,1,0.15887009790039064,158870.09790039062
Y2019_LAT23.82289_LON90.16818,2019,90.16817939044108,23.822894584165926,0.07655880910037666,0.0,0.9234411908996233,0.0,0.0,0.0,3,0,0,1,0,0,0,0,0.1265417412261963,126541.74122619629
Y2019_LAT23.82307_LON90.17799,2019,90.17798577362288,23.823074517538494,0.16908756094715033,0.0,0.8309124390528496,0.0,0.0,0.0,3,0,0,1,0,0,0,0,0.7838260447616577,783826.0447616577
Y2019_LAT23.82325_LON90.18779,2019,90.18779225350889,23.823253828431376,0.04351820098451674,0.0,0.9564817990154832,0.0,0.0,0.0,3,0,0,1,0,0,0,0,0.8675339437561035,867533.9437561035
Y2019_LAT23.82343_LON90.1976,2019,90.19759882957575,23.823432516997453,0.0,0.0,1.0,0.0,0.0,0.0,3,0,0,1,0,0,0,0,0.30492857583618166,304928.57583618164
Y2019_LAT23.82432_LON90.24663,2019,90.24663314295388,23.824316621992267,0.44262915174075146,0.05006943559789708,0.01755906186309697,0.4897423507982545,0.0,0.0,4,0,0,0,1,0,0,1,0.5745442405471802,574544.2405471802
Y2019_LAT23.82449_LON90.25644,2019,90.25644028981523,23.824491575335806,0.9449003239084977,0.0008999956325424253,0.0,0.0541996804589599,0.0,0.0,1,1,0,0,0,0,0,0,0.9988708225250245,998870.8225250244
Y2019_LAT23.82467_LON90.26625,2019,90.26624753061103,23.824665906121677,1.0,0.0,0.0,0.0,0.0,0.0,1,1,0,0,0,0,0,0,0.9988845889205933,998884.5889205933
Y2019_LAT23.82484_LON90.27605,2019,90.27605486501137,23.824839614227137,0.575199806051422,0.030199949569558567,0.23279988972498894,0.16180035465403053,0.0,0.0,1,1,0,0,0,0,0,0,0.9988983057632447,998898.3057632446
Y2019_LAT23.82501_LON90.28586,2019,90.2858622927241,23.82501269965501,0.7862995311872523,0.01999991291993342,0.1409005509275243,0.05280000496529007,0.0,0.0,1,1,0,0,0,0,0,0,0.9989119721755981,998911.9721755981
Y2019_LAT23.82519_LON90.29567,2019,90.29566981343716,23.825185162441457,0.6771001757181793,0.015800065585713965,0.3063997590365841,0.0006999996595226464,0.0,0.0,1,1,0,0,0,0,0,0,0.9989255913772583,998925.5913772583
Y2019_LAT23.82536_LON90.30548,2019,90.30547742655001,23.82535700253232,0.6943004022522441,0.16219983510169286,0.13109975929733247,0.012400003348730692,0.0,0.0,1,1,0,0,0,0,0,0,0.9989391600952149,998939.1600952148
Y2019_LAT23.82553_LON90.31529,2019,90.31528513220435,23.825528219882454,0.36469894273325354,0.025499957304061457,0.5439010200765116,0.056000051696965536,0.0,0.009900028189207877,3,0,0,1,0,0,0,0,0.9989526799163818,998952.6799163818
Y2019_LAT23.8257_LON90.32509,2019,90.32509292964225,23.825698814482774,0.058099741113954266,0.0,0.8908003991815071,0.04659986404498234,0.004499995659556064,0.0,3,0,0,1,0,0,0,0,0.9989661514663696,998966.1514663696
Y2019_LAT23.82587_LON90.3349,2019,90.33490081871678,23.82586878634034,0.015900095810818776,0.0,0.841499276389332,0.1426006277998493,0.0,0.0,3,0,0,1,0,0,0,0,0.998979573135376,998979.573135376
Y2019_LAT23.82604_LON90.34471,2019,90.34470879908258,23.82603813541711,0.5839002934441406,0.14350049604656795,0.014699944896532417,0.257899265612759,0.0,0.0,1,1,0,0,0,0,0,0,0.9989929413299561,998992.941329956
Y2019_LAT23.82621_LON90.35452,2019,90.3545168704309,23.826206861579013,0.8825003456055464,0.11469966834452845,0.0,0.0027999860499252397,0.0,0.0,1,1,0,0,0,0,0,0,0.999006270401001,999006.270401001
Y2019_LAT23.82637_LON90.36433,2019,90.36432503228613,23.826374964926323,0.9644998857810798,0.0027000064591038613,0.0,0.03160010009738421,0.0,0.0012000076624321088,1,1,0,0,0,0,0,0,0.9990195443115234,999019.5443115234
Y2019_LAT23.82654_LON90.37413,2019,90.37413328450373,23.826542445427858,0.9884000278087395,0.004199984768064456,0.0005000032409506017,0.005299994378582266,0.0,0.0015999898036631874,1,1,0,0,0,0,0,0,0.9990327699737549,999032.7699737549
Y2019_LAT23.82671_LON90.38394,2019,90.38394162658005,23.82670930307954,0.785200464262328,0.09049985089412199,0.014299930547630336,0.10999975429591967,0.0,0.0,1,1,0,0,0,0,0,0,0.9990459466552735,999045.9466552734
Y2019_LAT23.82688_LON90.39375,2019,90.39375005825224,23.826875537835253,0.9575998024598995,0.0010000063398047103,0.0,0.04140019120029585,0.0,0.0,1,1,0,0,0,0,0,0,0.9990590729598999,999059.0729598999
Y2019_LAT23.82704_LON90.40356,2019,90.40355857929806,23.827041149533837,0.7133994328394619,0.10820020681964095,0.13500045268389257,0.04339990765700457,0.0,0.0,1,1,0,0,0,0,0,0,0.999072150894165,999072.150894165
Y2019_LAT23.82721_LON90.41337,2019,90.4133671891908,23.82720613841696,0.4708013869223221,0.4186987119466743,0.05169984786672473,0.0588000532642789,0.0,0.0,1,1,0,0,0,0,0,1,0.9990851816101074,999085.1816101074
Y2019_LAT23.82737_LON90.42318,2019,90.4231758877953,23.827370504220717,0.9985000043549482,0.0,0.0,0.001499995645051726,0.0,0.0,1,1,0,0,0,0,0,0,0.9990981613006592,999098.1613006592
Y2019_LAT23.82753_LON90.43298,2019,90.43298467440856,23.827534247061728,0.9947999713589646,0.0,0.0,0.005200028641035408,0.0,0.0,1,1,0,0,0,0,0,0,0.9991110923461914,999111.0923461914
Y2019_LAT23.8277_LON90.44279,2019,90.442793549186,23.82769736684151,0.8926000278342087,0.07370004244391494,0.033699929721876416,0.0,0.0,0.0,1,1,0,0,0,0,0,0,0.9991239733200074,999123.9733200073
Y2019_LAT23.82786_LON90.4526,2019,90.45260251149202,23.827859863599773,0.7642993539244706,0.22870062332491137,0.003800017133953429,0.0032000056166646743,0.0,0.0,1,1,0,0,0,0,0,0,0.9991368066024781,999136.806602478
Y2019_LAT23.82802_LON90.46241,2019,90.46241156103278,23.828021737310443,0.38859974396392155,0.3289992180481927,0.23920083601407424,0.012600066634320044,0.0,0.030600135339491435,1,1,0,0,0,0,0,1,0.9991495892562866,999149.5892562866
Y2019_LAT23.82818_LON90.47222,2019,90.47222069746103,23.828182987928958,0.7036002502236369,0.007899963046313976,0.20650000906897528,0.05779986181548778,0.0,0.02419991584558606,1,1,0,0,0,0,0,0,0.9991623296966553,999162.3296966553
Y2019_LAT23.82834_LON90.48203,2019,90.48202992058056,23.82834361542162,0.7288391839773466,0.002339442607611683,0.20384887416204223,0.06497249925299954,0.0,0.0,1,1,0,0,0,0,0,0,0.9396239306716919,939623.9306716919
Y2019_LAT23.8285_LON90.49184,2019,90.49183922986218,23.828503619784502,0.5637257020808845,0.0,0.0029411774078689098,0.43333312051124667,0.0,0.0,1,1,0,0,0,0,0,0,0.10191665102386474,101916.65102386475
Y2019_LAT23.83155_LON90.14837,2019,90.14836958692833,23.831554104874208,0.15864005341486265,0.0,0.7919872525975034,0.049372693987633956,0.0,0.0,3,0,0,1,0,0,0,0,0.24678404809570312,246784.04809570312
Y2019_LAT23.83174_LON90.15818,2019,90.15817645223937,23.83173535987494,0.20054305308639372,0.0,0.7994569469136062,0.0,0.0,0.0,3,0,0,1,0,0,0,0,0.4785912795791626,478591.2795791626
Y2019_LAT23.83192_LON90.16798,2019,90.1679834149831,23.83191599233053,0.3164041937804913,0.0,0.6647213232993958,0.01887448292011284,0.0,0.0,3,0,0,1,0,0,0,0,0.8731030589904785,873103.0589904785
Y2019_LAT23.8321_LON90.17779,2019,90.17779047460897,23.832096002084114,0.1852996417640035,0.0,0.8147003582359965,0.0,0.0,0.0,3,0,0,1,0,0,0,0,0.9987589331207275,998758.9331207275
Y2019_LAT23.83228_LON90.1876,2019,90.18759763098288,23.83227538919579,0.13570028208269852,0.0,0.862899714046879,0.001400003870422482,0.0,0.0,3,0,0,1,0,0,0,0,0.9987730915527344,998773.0915527344
Y2019_LAT23.83245_LON90.1974,2019,90.197404883615,23.83245415351192,0.16717293921581147,0.003504664396804944,0.8128504787446427,0.01647191764274092,0.0,0.0,3,0,0,1,0,0,0,0,0.854961383720398,854961.383720398
Y2019_LAT23.83263_LON90.20721,2019,90.2072122322437,23.83263229513139,0.19975362422502543,0.0,0.8002463757749746,0.0,0.0,0.0,3,0,0,1,0,0,0,0,0.1620048981704712,162004.8981704712
Y2019_LAT23.83299_LON90.22683,2019,90.22682721609769,23.83298671014301,0.35148039268155845,0.0,0.6485196073184415,0.0,0.0,0.0,3,0,0,1,0,0,0,0,0.20915537764739991,209155.3776473999
Y2019_LAT23.83316_LON90.23663,2019,90.23663485065207,23.833162983466416,0.5788531417443831,0.0025348598116875167,0.41843093693397565,0.00018106150995382688,0.0,0.0,1,1,0,0,0,0,0,0,0.5516612175750732,551661.2175750732
Y2019_LAT23.83334_LON90.24644,2019,90.24644257992824,23.83333863396304,0.6678076574172438,0.017851798726005425,0.0,0.3143405438567508,0.0,0.0,1,1,0,0,0,0,0,0,0.6714328807449341,671432.8807449341
Y2019_LAT23.83351_LON90.25625,2019,90.25625040340556,23.833513661644123,1.0,0.0,0.0,0.0,0.0,0.0,1,1,0,0,0,0,0,0,0.9988708250579834,998870.8250579834
Y2019_LAT23.83369_LON90.26606,2019,90.26605832095383,23.833688066342177,0.9713999064695965,0.004200028144345667,0.0,0.024400065386057865,0.0,0.0,1,1,0,0,0,0,0,0,0.9988845901107788,998884.5901107788
Y2019_LAT23.83386_LON90.27587,2019,90.27586633211241,23.83386184824758,0.7627999620347151,0.10170003103063928,0.0696001955284063,0.06589981140623931,0.0,0.0,1,1,0,0,0,0,0,0,0.99889830884552,998898.30884552
Y2019_LAT23.83404_LON90.28567,2019,90.28567443656736,23.83403500725343,0.7594995805791096,0.04799981089000777,0.12490037596153584,0.06730023165373189,0.0003000009156148947,0.0,1,1,0,0,0,0,0,0,0.998911975074768,998911.9750747681
Y2019_LAT23.83421_LON90.29548,2019,90.2954826340372,23.834207543222686,0.6495003397419511,0.031200002266143254,0.29349974916950916,0.02579990882239649,0.0,0.0,1,1,0,0,0,0,0,0,0.9989255937652588,998925.5937652588
Y2019_LAT23.83438_LON90.30529,2019,90.30529092407066,23.834379456264415,0.2969004228962914,0.05929979226863059,0.6437997848350779,0.0,0.0,0.0,3,0,0,1,0,0,0,0,0.9989391618804931,998939.1618804932
Y2019_LAT23.83455_LON90.3151,2019,90.31509930648197,23.834550746337584,0.8058000768724409,0.1061999252590028,0.025899913670388814,0.05100005093255392,0.0,0.011100033265613544,1,1,0,0,0,0,0,0,0.9989526837158204,998952.6837158203
Y2019_LAT23.83472_LON90.32491,2019,90.32490778084068,23.834721413344035,0.34029892060835776,0.07589986854444117,0.4634013346528185,0.12039987619438265,0.0,0.0,3,0,0,1,0,0,0,1,0.9989661543502808,998966.1543502808
Y2019_LAT23.83489_LON90.33472,2019,90.33471634680083,23.834891457379513,0.09590054584710665,0.0001000004728228732,0.7235987702378999,0.15840057628225432,0.004500011287587775,0.017500095872328477,3,0,0,1,0,0,0,0,0.998979575302124,998979.575302124
Y2019_LAT23.83506_LON90.34453,2019,90.3445250041786,23.835060878266724,0.2599994583872172,0.04079989848478705,0.013399957423399837,0.6852006896564958,0.0,0.0005999960481000169,4,0,0,0,1,0,0,0,0.9989929512252808,998992.9512252808
Y2019_LAT23.83523_LON90.35433,2019,90.3543337523925,23.835229676143097,0.9061997847891712,0.005500025337781834,0.0019999942077603312,0.08630019566528672,0.0,0.0,1,1,0,0,0,0,0,0,0.9990062730636596,999006.2730636597
Y2019_LAT23.8354_LON90.36414,2019,90.36414259131713,23.835397850949132,0.8358999069138856,0.02669999174491913,0.0,0.12400002226875119,0.0,0.013400079072444107,1,1,0,0,0,0,0,0,0.9990195470657348,999019.5470657349
Y2019_LAT23.83557_LON90.37395,2019,90.37395152049466,23.8355654025433,0.8831997033235324,0.0954002740763138,0.0,0.017200049292485982,0.0,0.0041999733076678696,1,1,0,0,0,0,0,0,0.9990327730331421,999032.7730331421
Y2019_LAT23.83573_LON90.38376,2019,90.38376053961815,23.83573233096978,0.9099001868122364,0.0020000025181647865,0.0016999965324438803,0.0863998141371549,0.0,0.0,1,1,0,0,0,0,0,0,0.9990459489974975,999045.9489974976
Y2019_LAT23.8359_LON90.39357,2019,90.39356964845436,23.835898636245652,0.7080993667545193,0.09640029564554123,0.0,0.19020031114610783,0.0,0.005300026453831609,1,1,0,0,0,0,0,0,0.999059076713562,999059.076713562
Y2019_LAT23.83606_LON90.40338,2019,90.40337884655563,23.83606431840792,0.15789970300179984,0.32519901085824277,0.4935013341508494,0.015199961946088346,0.0,0.008199990043019766,3,0,0,1,0,0,0,1,0.9990721547851562,999072.1547851562
Y2019_LAT23.83623_LON90.41319,2019,90.41318813352635,23.83622937723867,0.522001309198377,0.08420007587992334,0.32519885926137243,0.06849975630430799,0.0,9.999935601945819e-05,1,1,0,0,0,0,0,0,0.9990851845245361,999085.1845245361
Y2019_LAT23.83639_LON90.423,2019,90.42299750926796,23.83639381286551,0.9630001503347733,0.006099981610401516,0.0,0.030899868054825204,0.0,0.0,1,1,0,0,0,0,0,0,0.9990981632766723,999098.1632766724
Y2019_LAT23.83656_LON90.43281,2019,90.43280697316571,23.836557625216,0.7396991871997127,0.004899997342075528,0.1682007618510996,0.0872000536071121,0.0,0.0,1,1,0,0,0,0,0,0,0.9991110946807862,999111.0946807861
Y2019_LAT23.83672_LON90.44262,2019,90.44261652508888,23.836720814273363,0.580101076174174,0.025299950921533174,0.31379878988370236,0.0808001830205906,0.0,0.0,1,1,0,0,0,0,0,0,0.9991239751815796,999123.9751815796
Y2019_LAT23.83688_LON90.45243,2019,90.45242616467249,23.836883380054967,0.6623994012965226,0.039199976556161205,0.1602006338838371,0.13819998826347907,0.0,0.0,1,1,0,0,0,0,0,0,0.9991368093643188,999136.8093643188
Y2019_LAT23.83705_LON90.46224,2019,90.46223589141553,23.837045322543688,0.38469971202485714,0.36719985300834074,0.12569995850546975,0.011799977042193736,0.0,0.11060049941913883,1,1,0,0,0,0,0,1,0.9991495924911499,999149.5924911499
Y2019_LAT23.83721_LON90.47205,2019,90.47204570518304,23.837206641628736,0.6978937309059753,0.007874774520089367,0.12016745677934408,0.1574963270278002,0.0,0.01656771076679119,1,1,0,0,0,0,0,0,0.9769808027877808,976980.8027877808
Y2019_LAT23.83737_LON90.48186,2019,90.48185560564076,23.837367337295152,0.7603134305603488,0.0,0.0,0.23968656943965116,0.0,0.0,1,1,0,0,0,0,0,0,0.19134119912719727,191341.19912719727
Y2019_LAT23.84058_LON90.14817,2019,90.14817216103816,23.84057534732791,0.3262394596215892,0.0,0.6677376563490522,0.006022884029358561,0.0,0.0,3,0,0,1,0,0,0,0,0.49746220937347413,497462.2093734741
Y2019_LAT23.84076_LON90.15798,2019,90.15797970307277,23.8407566793346,0.3909009502083564,0.0,0.5942990236084552,0.014800026183188396,0.0,0.0,3,0,0,1,0,0,0,0,0.9987304726028442,998730.4726028442
Y2019_LAT23.84094_LON90.16779,2019,90.16778734254447,23.840937388387445,0.7992998178496776,0.0,0.19310013227598258,0.0076000498743398325,0.0,0.0,1,1,0,0,0,0,0,0,0.9987447287673951,998744.728767395
Y2019_LAT23.84112_LON90.1776,2019,90.17759507896123,23.841117474552508,0.6340003805797755,0.0,0.33019968053059084,0.03579993888963372,0.0,0.0,1,1,0,0,0,0,0,0,0.9987589380950928,998758.9380950928
Y2019_LAT23.8413_LON90.1874,2019,90.18740291206971,23.841296937759036,0.6832988413057175,0.0049000328225019775,0.30970113270902433,0.0020999931627562218,0.0,0.0,1,1,0,0,0,0,0,0,0.9987730955276489,998773.0955276489
Y2019_LAT23.84148_LON90.19721,2019,90.19721084159713,23.841475777990155,0.27149966222996796,0.012300027004139518,0.6932002490559267,0.023000061709965804,0.0,0.0,3,0,0,1,0,0,0,0,0.998787204032898,998787.204032898
Y2019_LAT23.84165_LON90.20702,2019,90.20701886710472,23.84165399525762,0.17006976970359514,0.0053891433679314725,0.8060936203347209,0.018447466593752564,0.0,0.0,3,0,0,1,0,0,0,0,0.963743245300293,963743.245300293
Y2019_LAT23.84183_LON90.21683,2019,90.21682698822377,23.84183158947361,0.49536419311436,0.017043924332286218,0.468775392258853,0.01881649029450082,0.0,0.0,1,1,0,0,0,0,0,1,0.7325311472244262,732531.1472244263
Y2019_LAT23.84201_LON90.22664,2019,90.22663520484046,23.842008560680036,0.17155897908030365,0.0009109329967005858,0.8194329196091621,0.008097168313833721,0.0,0.0,3,0,0,1,0,0,0,0,0.9868433621444702,986843.3621444702
Y2019_LAT23.84218_LON90.23644,2019,90.23644351630509,23.842184908856428,0.602800823293259,0.009800038311850346,0.3642990124582219,0.02310012593666879,0.0,0.0,1,1,0,0,0,0,0,0,0.998843150390625,998843.150390625
Y2019_LAT23.84236_LON90.24625,2019,90.24625192253338,23.84236063387516,0.8511285109040545,0.0,0.0,0.14887148909594547,0.0,0.0,1,1,0,0,0,0,0,0,0.9963598748168946,996359.8748168945
Y2019_LAT23.84254_LON90.25606,2019,90.25606042303819,23.842535735804308,1.0,0.0,0.0,0.0,0.0,0.0,1,1,0,0,0,0,0,0,0.9988708284072876,998870.8284072876
Y2019_LAT23.84271_LON90.26587,2019,90.26586901766919,23.84271021459621,0.9010998198947908,0.09710017669865682,0.0,0.0018000034065523847,0.0,0.0,1,1,0,0,0,0,0,0,0.9988845909729004,998884.5909729004
Y2019_LAT23.84288_LON90.27568,2019,90.27567770591823,23.842884070255604,1.0,0.0,0.0,0.0,0.0,0.0,1,1,0,0,0,0,0,0,0.9988983109893799,998898.3109893799
Y2019_LAT23.84306_LON90.28549,2019,90.28548648737947,23.843057302676108,0.8440998186412649,0.04600005350118837,0.10770013755571602,0.002199990301830688,0.0,0.0,1,1,0,0,0,0,0,0,0.9989119782028199,998911.9782028198
Y2019_LAT23.84323_LON90.2953,2019,90.29529536205294,23.843229911966674,0.5272005705109634,0.20629985587929997,0.21359956328419047,0.05290001032554617,0.0,0.0,1,1,0,0,0,0,0,0,0.9989255960769653,998925.5960769653
Y2019_LAT23.8434_LON90.3051,2019,90.3051043292476,23.843401897972704,0.12409992275712975,0.40100044993950007,0.4432995319692897,0.031600095334080466,0.0,0.0,3,0,0,1,0,0,0,1,0.998939165435791,998939.165435791
Y2019_LAT23.84357_LON90.31491,2019,90.31491338880836,23.84357326075308,0.6646012620484596,0.29629892454594037,0.035399808340609996,0.0037000050649901527,0.0,0.0,1,1,0,0,0,0,0,0,0.9989526858291626,998952.6858291626
Y2019_LAT23.84374_LON90.32472,2019,90.32472254042095,23.843744000271027,0.3018991429826916,0.029499933736727206,0.34720075253620714,0.32140017074437405,0.0,0.0,3,0,0,1,0,0,0,1,0.998966157371521,998966.157371521
Y2019_LAT23.84391_LON90.33453,2019,90.33453178363415,23.843914116423864,0.10810037643457995,0.0,0.801199233771126,0.09070038979429405,0.0,0.0,3,0,0,1,0,0,0,0,0.9989795778198243,998979.5778198242
Y2019_LAT23.84408_LON90.34434,2019,90.34434111824926,23.844083609322155,0.15359937324275383,0.0021000071635685494,0.020699903073211866,0.8217007240891969,0.0018999924312687953,0.0,4,0,0,0,1,0,0,0,0.9989929562606812,998992.9562606812
Y2019_LAT23.84425_LON90.35415,2019,90.3541505437578,23.84425247880271,0.2526007136985067,0.09240032214441182,0.0509001526495073,0.6038988109279378,0.0002000005796363628,0.0,4,0,0,0,1,0,0,0,0.9990062752304077,999006.2752304077
Y2019_LAT23.84442_LON90.36396,2019,90.36396005998247,23.844420724846596,0.5227006973102662,0.021000052152619235,0.06639981369464407,0.3833994059671747,0.0065000308752957885,0.0,1,1,0,0,0,0,0,0,0.9990195501251221,999019.5501251221
Y2019_LAT23.84459_LON90.37377,2019,90.37376966657563,23.844588347690777,0.41499921642808446,0.25900050742591424,0.0282000708021241,0.09800001481535515,0.0,0.19980019052852208,1,1,0,0,0,0,0,1,0.9990327758789063,999032.7758789062
Y2019_LAT23.84476_LON90.38358,2019,90.38357936302975,23.844755347063185,0.6961011000672186,0.19649922068466513,0.038399823784677566,0.06899985546343883,0.0,0.0,1,1,0,0,0,0,0,0,0.9990459521331787,999045.9521331787
Y2019_LAT23.84492_LON90.39339,2019,90.39338914935368,23.844921722962663,0.47039875269336406,0.5140011719167975,0.0,0.0006000017638147602,0.0019000053283152157,0.013100068297708429,2,0,1,0,0,0,0,0,0.9990590798797607,999059.0798797607
Y2019_LAT23.84509_LON90.4032,2019,90.40319902480896,23.845087475305515,0.43880080689835044,0.45619884463310817,0.08720039594276281,0.003600016591083596,0.0,0.014199935934695119,2,0,1,0,0,0,0,1,0.9990721583709716,999072.1583709717
Y2019_LAT23.84525_LON90.41301,2019,90.41300898926613,23.845252604256814,0.5513007550625822,0.15109966181172446,0.20349949021166686,0.09410009291402659,0.0,0.0,1,1,0,0,0,0,0,0,0.9990851864395142,999085.1864395142
Y2019_LAT23.84542_LON90.42282,2019,90.42281904246684,23.845417109739255,0.8868999957473527,0.07700008995616377,0.0,0.03609991429648353,0.0,0.0,1,1,0,0,0,0,0,0,0.9990981650314331,999098.1650314331
Y2019_LAT23.84558_LON90.43263,2019,90.43262918394738,23.84558099160856,0.49019939764147114,0.044599784228499036,0.39110058035822703,0.07410023777180277,0.0,0.0,1,1,0,0,0,0,0,1,0.9991110979537964,999111.0979537964
Y2019_LAT23.84574_LON90.44244,2019,90.44243941341043,23.845744249986087,0.39369986061866885,0.0017999933607213208,0.4124000731596278,0.18600005468715886,0.0,0.006100018173823198,3,0,0,1,0,0,0,1,0.9991239779205322,999123.9779205322
Y2019_LAT23.84591_LON90.45225,2019,90.45224973051488,23.845906884744103,0.3322997115163896,0.04179999543095596,0.34989990237711,0.27600039067554444,0.0,0.0,3,0,0,1,0,0,0,1,0.9991368116455078,999136.8116455078
Y2019_LAT23.84607_LON90.46206,2019,90.46206013489734,23.846068895891545,0.07025672051026727,0.11173027631069701,0.17404300246154003,0.4946864729642551,0.0,0.1492835277532406,4,0,0,0,1,0,0,1,0.9684755185241699,968475.5185241699
Y2019_LAT23.84623_LON90.47187,2019,90.47187062631693,23.846230283490918,0.4390861038702737,0.04395859106701217,0.20321511626972502,0.3077115833414367,0.0,0.006028605451552399,1,1,0,0,0,0,0,1,0.39776610844421384,397766.10844421387
Y2019_LAT23.84941_LON90.13817,2019,90.13816651599821,23.849414545645395,0.5066434867144611,0.012709369834638263,0.48064714345090065,0.0,0.0,0.0,1,1,0,0,0,0,0,0,0.17287613026428222,172876.13026428223
Y2019_LAT23.8496_LON90.14797,2019,90.14797463735019,23.849596577685013,0.6446868847208624,0.011864764910006133,0.3434483503691314,0.0,0.0,0.0,1,1,0,0,0,0,0,0,0.9511775594711304,951177.5594711304
Y2019_LAT23.84978_LON90.15778,2019,90.15778285658293,23.849777986577454,0.27600021185944523,0.00019999912763549353,0.7237997890129193,0.0,0.0,0.0,3,0,0,1,0,0,0,0,0.9987304762802124,998730.4762802124
Y2019_LAT23.84996_LON90.16759,2019,90.16759117304086,23.849958772327916,0.37109929563695204,0.0,0.628900704363048,0.0,0.0,0.0,3,0,0,1,0,0,0,0,0.9987447327651977,998744.7327651978
Y2019_LAT23.85014_LON90.1774,2019,90.1773995866221,23.850138934900187,0.06430031307085407,0.0,0.935699686929146,0.0,0.0,0.0,3,0,0,1,0,0,0,0,0.9987589398117065,998758.9398117065
Y2019_LAT23.85032_LON90.18721,2019,90.18720809689493,23.85031847430285,0.47339943756249914,0.029200129595909324,0.44020012312588935,0.05720030971570221,0.0,0.0,1,1,0,0,0,0,0,1,0.9987730988922119,998773.0988922119
Y2019_LAT23.8505_LON90.19702,2019,90.19701670358802,23.850497390412862,0.28980029719393247,0.02009988756891242,0.6169000581783777,0.07319975705877742,0.0,0.0,3,0,0,1,0,0,0,0,0.9987872066574097,998787.2066574097
Y2019_LAT23.85068_LON90.20683,2019,90.20682540628808,23.85067568334006,0.31690002076695795,0.0,0.6829999785377032,0.0001000006953388355,0.0,0.0,3,0,0,1,0,0,0,0,0.9988012672271729,998801.2672271729
Y2019_LAT23.85085_LON90.21663,2019,90.21663420466585,23.850853352912015,0.1736996967665866,0.0,0.6305995820504219,0.19570072118299148,0.0,0.0,3,0,0,1,0,0,0,0,0.9988152804870606,998815.2804870605
Y2019_LAT23.85103_LON90.22644,2019,90.22644309843818,23.851030399238997,0.09180000092504542,0.0,0.9031000332004543,0.005099965874500372,0.0,0.0,3,0,0,1,0,0,0,0,0.9988292404785156,998829.2404785156
Y2019_LAT23.85121_LON90.23625,2019,90.2362520873236,23.851206822179524,0.33650036731377325,0.004100010083281942,0.5677990483322476,0.09160057427069718,0.0,0.0,3,0,0,1,0,0,0,0,0.9988431528472901,998843.15284729
Y2019_LAT23.85138_LON90.24606,2019,90.24606117078189,23.85138262187051,0.9308004438022627,0.0,0.0,0.06919955619773738,0.0,0.0,1,1,0,0,0,0,0,0,0.9988570172042847,998857.0172042847
Y2019_LAT23.85156_LON90.25587,2019,90.25587034873803,23.85155779805201,0.9892000548448056,0.0,0.0,0.010799945155194392,0.0,0.0,1,1,0,0,0,0,0,0,0.9988708315963745,998870.8315963745
Y2019_LAT23.85173_LON90.26568,2019,90.26567962069254,23.851732350916897,0.9955999823984244,0.0044000176015755645,0.0,0.0,0.0,0.0,1,1,0,0,0,0,0,0,0.998884598991394,998884.598991394
Y2019_LAT23.85191_LON90.27549,2019,90.27548898628667,23.851906280300767,0.98799999954442,0.010899996160577288,0.0011000042950027444,0.0,0.0,0.0,1,1,0,0,0,0,0,0,0.9988983131103516,998898.3131103516
Y2019_LAT23.85208_LON90.2853,2019,90.28529844528776,23.85207958628689,0.8159997290111896,0.16240027595744277,0.021599995031367718,0.0,0.0,0.0,1,1,0,0,0,0,0,0,0.9989119817733765,998911.9817733765
Y2019_LAT23.85225_LON90.29511,2019,90.29510799736741,23.852252268768797,0.48739937713663634,0.4268004854060909,0.08580013745727279,0.0,0.0,0.0,1,1,0,0,0,0,0,1,0.9989255994567872,998925.5994567871
Y2019_LAT23.85242_LON90.30492,2019,90.30491764209752,23.85242432778987,0.5494005947358961,0.30309997221501106,0.14749943304909283,0.0,0.0,0.0,1,1,0,0,0,0,0,0,0.9989391692886352,998939.1692886353
Y2019_LAT23.8526_LON90.31473,2019,90.31472737912624,23.852595763293294,0.8348995015335406,0.10650014803678112,0.058600350429678226,0.0,0.0,0.0,1,1,0,0,0,0,0,0,0.9989526890029907,998952.6890029907
Y2019_LAT23.85277_LON90.32454,2019,90.32453720834886,23.85276657516604,0.2562998384164216,0.03959990472019097,0.6062000294842326,0.09790022737915484,0.0,0.0,3,0,0,1,0,0,0,0,0.9989661597442627,998966.1597442627
Y2019_LAT23.85294_LON90.33435,2019,90.33434712912769,23.852936763576526,0.2452996951650311,0.0,0.6199000972864243,0.13260020699740407,0.0,0.0022000005511407027,3,0,0,1,0,0,0,0,0.99897958177948,998979.58177948
Y2019_LAT23.85311_LON90.34416,2019,90.34415714126574,23.853106328323356,0.3568997690245162,0.07880031211078695,0.11909954070332436,0.3997001414960768,0.0022000131894144965,0.0433002234758812,4,0,0,0,1,0,0,1,0.9989929579925537,998992.9579925537
Y2019_LAT23.85328_LON90.35397,2019,90.35396724451219,23.853275269547233,0.39729991500943795,0.028800087288217313,0.0062999812122338005,0.4343002123785334,0.0006000037384103769,0.13269980037316717,4,0,0,0,1,0,0,1,0.9990062775421142,999006.2775421143
Y2019_LAT23.85344_LON90.36378,2019,90.36377743835727,23.85344358714176,0.09930001595056759,0.4509005855327247,0.0985998412692845,0.2913993659910437,0.04750017359950347,0.012300017656876142,2,0,1,0,0,0,0,1,0.9990195532989502,999019.5532989502
Y2019_LAT23.85361_LON90.37359,2019,90.37358772264568,23.853611280975656,0.5613008044639083,0.18179965920577215,0.0344998918868437,0.12719985890813124,0.003999974713487888,0.09119981082185674,1,1,0,0,0,0,0,0,0.9990327780685425,999032.7780685425
Y2019_LAT23.85378_LON90.3834,2019,90.38339809685728,23.853778351178395,0.7960000449072234,0.11570006754444231,0.015600051322083733,0.0655998199245621,0.0,0.0071000163016884206,1,1,0,0,0,0,0,0,0.9990459542541504,999045.9542541504
Y2019_LAT23.85394_LON90.39321,2019,90.3932085608357,23.853944797669996,0.23390011827946605,0.6116999261062915,0.013699997042635149,0.0972000791498825,0.004400009287944518,0.03909987013378036,2,0,1,0,0,0,0,0,0.9990590819549561,999059.081954956
Y2019_LAT23.85411_LON90.40302,2019,90.40301911406132,23.8541106204841,0.9921000478207517,0.007899952179248335,0.0,0.0,0.0,0.0,1,1,0,0,0,0,0,0,0.9990721604995727,999072.1604995728
Y2019_LAT23.85428_LON90.41283,2019,90.41282975646459,23.85427581947158,0.9574000626688016,0.03909994932682938,0.0,0.0034999880043689834,0.0,0.0,1,1,0,0,0,0,0,0,0.9990851894989013,999085.1894989014
Y2019_LAT23.85444_LON90.42264,2019,90.42264048734816,23.854440394729643,0.981699949929387,0.01090001681651452,0.0,0.007400033254098439,0.0,0.0,1,1,0,0,0,0,0,0,0.9990981697387695,999098.1697387695
Y2019_LAT23.8546_LON90.43245,2019,90.4324513067417,23.85460434620307,0.828299338471041,0.00019999961050888368,0.03130011874310116,0.140200543175349,0.0,0.0,1,1,0,0,0,0,0,0,0.9991110994720459,999111.0994720459
Y2019_LAT23.85477_LON90.44226,2019,90.44226221400886,23.854767673863886,0.23569988436802947,0.0011000015556092643,0.4749006093426474,0.2882995047337139,0.0,0.0,3,0,0,1,0,0,0,1,0.9991239810028076,999123.9810028076
Y2019_LAT23.85493_LON90.45207,2019,90.45207320908156,23.854930377638144,0.6182009057923731,0.0070999965615041365,0.19949912743004106,0.17519997021608172,0.0,0.0,1,1,0,0,0,0,0,0,0.9991368138504029,999136.8138504028
Y2019_LAT23.85509_LON90.46188,2019,90.46188429141417,23.855092457552743,0.46310140570081665,0.007509752956929369,0.17472725344302717,0.3546615878992268,0.0,0.0,1,1,0,0,0,0,0,1,0.9978506957702636,997850.6957702637
Y2019_LAT23.85525_LON90.4717,2019,90.47169546076705,23.8552539135842,0.07938984515381671,0.010950308745266018,0.291748044467081,0.6179118016338363,0.0,0.0,4,0,0,0,1,0,0,0,0.2554849187927246,255484.9187927246
Y2019_LAT23.85825_LON90.12816,2019,90.1281595165627,23.85825295405436,0.0,0.0,1.0,0.0,0.0,0.0,3,0,0,1,0,0,0,0,0.01428132363128662,14281.323631286621
Y2019_LAT23.85844_LON90.13797,2019,90.13796821735538,23.858435686635293,0.713633627668393,0.007622915505644834,0.2787434568259622,0.0,0.0,0.0,1,1,0,0,0,0,0,0,0.7860791742477417,786079.1742477417
Y2019_LAT23.85862_LON90.14778,2019,90.14777701605465,23.858617795927742,0.5641990942228264,0.020999938799015013,0.4148009669781586,0.0,0.0,0.0,1,1,0,0,0,0,0,0,0.9987161750564575,998716.1750564575
Y2019_LAT23.8588_LON90.15759,2019,90.1575859125968,23.858799281880138,0.09939979564023613,0.007300043882842575,0.8933001604769213,0.0,0.0,0.0,3,0,0,1,0,0,0,0,0.99873047971344,998730.4797134399
Y2019_LAT23.85898_LON90.16739,2019,90.16739490654852,23.858980144305885,0.03689981963426992,0.0014999921394172543,0.9592001720317779,0.0024000161945349637,0.0,0.0,3,0,0,1,0,0,0,0,0.9987447357635498,998744.7357635498
Y2019_LAT23.85916_LON90.1772,2019,90.17720399757113,23.859160383258743,0.059399784392999554,0.043599821429158296,0.8117004849231361,0.08529990925470614,0.0,0.0,3,0,0,1,0,0,0,0,0.9987589415435791,998758.9415435791
Y2019_LAT23.85934_LON90.18701,2019,90.18701318531267,23.859339998803858,0.0,0.0,1.0,0.0,0.0,0.0,3,0,0,1,0,0,0,0,0.9987731014709472,998773.1014709473
Y2019_LAT23.85952_LON90.19682,2019,90.1968224695223,23.85951899083173,0.0,0.0,1.0,0.0,0.0,0.0,3,0,0,1,0,0,0,0,0.9987872106552124,998787.2106552124
Y2019_LAT23.8597_LON90.20663,2019,90.20663184970567,23.859697359340366,0.12550005915541834,0.0,0.8744999408445816,0.0,0.0,0.0,3,0,0,1,0,0,0,0,0.9988012703018189,998801.2703018188
Y2019_LAT23.85988_LON90.21644,2019,90.21644132573505,23.859875104366267,0.04149994771478637,0.0,0.777899519540715,0.18060053274449864,0.0,0.0,3,0,0,1,0,0,0,0,0.9988152824325561,998815.2824325562
Y2019_LAT23.86005_LON90.22625,2019,90.22625089712375,23.86005222573555,0.0,0.0,0.9977000157123628,0.0022999842876372037,0.0,0.0,3,0,0,1,0,0,0,0,0.9988292430038452,998829.2430038452
Y2019_LAT23.86023_LON90.23606,2019,90.23606056358047,23.860228723536842,0.3690004850403715,0.004000016843368197,0.43789866934268357,0.1891008287735768,0.0,0.0,3,0,0,1,0,0,0,1,0.9988431565475464,998843.1565475464
Y2019_LAT23.8604_LON90.24587,2019,90.24587032471145,23.86040459774019,0.4980995739029355,0.04499997515955801,0.39950043030039173,0.057400020637114725,0.0,0.0,1,1,0,0,0,0,0,1,0.9988570200881958,998857.0200881958
Y2019_LAT23.86058_LON90.25568,2019,90.25568018032497,23.860579848308465,0.8487006875681826,0.013099947942623957,0.07919955194468188,0.058999812544511594,0.0,0.0,1,1,0,0,0,0,0,0,0.9988708347930908,998870.8347930908
Y2019_LAT23.86075_LON90.26549,2019,90.26549013003545,23.86075447522358,0.5755994478125186,0.05850020579205905,0.363400355893302,0.0024999905021204747,0.0,0.0,1,1,0,0,0,0,0,0,0.9988846024093628,998884.6024093628
Y2019_LAT23.86093_LON90.2753,2019,90.275300173294,23.860928478430182,0.19859978406075748,0.0032000047778955646,0.798200211161347,0.0,0.0,0.0,3,0,0,1,0,0,0,0,0.9988983164825439,998898.316482544
Y2019_LAT23.8611_LON90.28511,2019,90.28511031017463,23.86110185790649,0.2845007598246374,0.21659984588912579,0.4958993896716503,0.0030000046145864773,0.0,0.0,3,0,0,1,0,0,0,1,0.9989119842910766,998911.9842910767
Y2019_LAT23.86127_LON90.29492,2019,90.29492053998196,23.861274613670293,0.3468994277902621,0.20790004312118743,0.4402005458728647,0.004999983215685841,0.0,0.0,3,0,0,1,0,0,0,1,0.9989256020965576,998925.6020965576
Y2019_LAT23.86145_LON90.30473,2019,90.30473086251274,23.861446745670065,0.43570112729368593,0.2749997302942182,0.28929914241209587,0.0,0.0,0.0,1,1,0,0,0,0,0,1,0.9989391711807251,998939.1711807251
Y2019_LAT23.86162_LON90.31454,2019,90.31454127750341,23.86161825383387,0.8832995238435726,0.10570043680531627,0.0069000133708859235,0.004100025980225218,0.0,0.0,1,1,0,0,0,0,0,0,0.9989526912155151,998952.6912155151
Y2019_LAT23.86179_LON90.32435,2019,90.32435178453636,23.861789138311877,0.9610000550036346,0.024799912989531433,0.004100026792548223,0.004699972921102273,0.0,0.005400032293183562,1,1,0,0,0,0,0,0,0.9989661628494263,998966.1628494263
Y2019_LAT23.86196_LON90.33416,2019,90.3341623832019,23.86195939884345,0.11399959733979102,0.05749986919467986,0.3963008730512075,0.31169962890349934,0.0,0.12050003151082232,3,0,0,1,0,0,0,1,0.9989795853881835,998979.5853881836
Y2019_LAT23.86213_LON90.34397,2019,90.34397307332979,23.8621290356191,0.08230028463799127,0.19920047899799606,0.5318986232969825,0.1688005200320559,0.0,0.0178000930349743,3,0,0,1,0,0,0,0,0.9989929580688477,998992.9580688477
Y2019_LAT23.8623_LON90.35378,2019,90.3537838545608,23.86229804845084,0.8761002773207617,0.04019993893795124,0.0018999875716478177,0.07429975855318036,0.0,0.007500037616458866,1,1,0,0,0,0,0,0,0.999006280960083,999006.280960083
Y2019_LAT23.86247_LON90.36359,2019,90.3635947263993,23.862466437383123,0.5154000760663757,0.21320059332047497,0.1932996789950687,0.07389966631964065,0.0,0.004199985298439944,1,1,0,0,0,0,0,0,0.9990195557250977,999019.5557250977
Y2019_LAT23.86263_LON90.37341,2019,90.37340568866655,23.862634202412984,0.5104005493407442,0.24999925305599935,0.00029999837021853616,0.21030018199302758,0.0,0.02900001724001012,1,1,0,0,0,0,0,0,0.9990327812728882,999032.7812728882
Y2019_LAT23.8628_LON90.38322,2019,90.38321674099215,23.862801343461857,0.7905003839689723,0.01610002432211866,0.00650001667281651,0.1868995750360926,0.0,0.0,1,1,0,0,0,0,0,0,0.9990459580001831,999045.9580001831
Y2019_LAT23.86297_LON90.39303,2019,90.39302788295696,23.8629678606028,0.86800000497792,0.07689999412727228,0.00029999894872320833,0.020499983181765324,0.0,0.034300018764319325,1,1,0,0,0,0,0,0,0.9990590836410522,999059.0836410522
Y2019_LAT23.86313_LON90.40284,2019,90.40283911441058,23.863133753729567,1.0,0.0,0.0,0.0,0.0,0.0,1,1,0,0,0,0,0,0,0.9990721621627807,999072.1621627808
Y2019_LAT23.8633_LON90.41265,2019,90.41265043480634,23.863299022862698,1.0,0.0,0.0,0.0,0.0,0.0,1,1,0,0,0,0,0,0,0.9990851920700073,999085.1920700073
Y2019_LAT23.86346_LON90.42246,2019,90.4224618439574,23.863463667882602,1.0,0.0,0.0,0.0,0.0,0.0,1,1,0,0,0,0,0,0,0.99909817162323,999098.17162323
Y2019_LAT23.86363_LON90.43227,2019,90.43227334149971,23.86362768889646,0.9836999047773297,0.0,0.0018000111954756112,0.014500084027194724,0.0,0.0,1,1,0,0,0,0,0,0,0.9991111030197144,999111.1030197144
Y2019_LAT23.86379_LON90.44208,2019,90.44208492704509,23.863791085843058,0.8405996243241228,0.0006000030219572822,0.1255004394127,0.033299933241219895,0.0,0.0,1,1,0,0,0,0,0,0,0.9991239834213257,999123.9834213257
Y2019_LAT23.86395_LON90.4519,2019,90.4518966002369,23.863953858680702,0.783300812197622,0.01729997350213128,0.18479923224543482,0.014599982054811821,0.0,0.0,1,1,0,0,0,0,0,0,0.9991368160934448,999136.8160934448
Y2019_LAT23.86412_LON90.46171,2019,90.46170836094092,23.864116007374196,0.748999306726206,0.05839993920968092,0.12020039590294136,0.07240035816117173,0.0,0.0,1,1,0,0,0,0,0,0,0.9991496009216309,999149.6009216309
Y2019_LAT23.86428_LON90.47152,2019,90.47152020851755,23.86427753190479,0.08146442132286057,0.0,0.6622200232299984,0.256315555447141,0.0,0.0,3,0,0,1,0,0,0,0,0.7040084608383179,704008.4608383179
Y2019_LAT23.86709_LON90.11815,2019,90.11815116227423,23.867090571677974,0.0,0.0,1.0,0.0,0.0,0.0,3,0,0,1,0,0,0,0,0.0025965678787231447,2596.5678787231445
Y2019_LAT23.86727_LON90.12796,2019,90.12796044213833,23.867274005435014,0.32406151813843503,0.0,0.6759384818615649,0.0,0.0,0.0,3,0,0,1,0,0,0,0,0.6462517286682129,646251.7286682129
Y2019_LAT23.86746_LON90.13777,2019,90.13776982052174,23.867456815575864,0.5654001299644535,0.05040004611055546,0.384199823924991,0.0,0.0,0.0,1,1,0,0,0,0,0,0,0.9987018231048584,998701.8231048584
Y2019_LAT23.86764_LON90.14758,2019,90.14757929701629,23.867639002098965,0.21889986237481823,0.1639005364315631,0.6171996011936186,0.0,0.0,0.0,3,0,0,1,0,0,0,0,0.9987161775817871,998716.1775817871
Y2019_LAT23.86782_LON90.15739,2019,90.15738887128897,23.867820564877498,0.03900002593451278,0.08549955206079235,0.8755004220046949,0.0,0.0,0.0,3,0,0,1,0,0,0,0,0.998730481666565,998730.4816665649
Y2019_LAT23.868_LON90.1672,2019,90.16719854295404,23.868001504038673,0.09589959528777672,0.002599987249714668,0.9015004174625086,0.0,0.0,0.0,3,0,0,1,0,0,0,0,0.9987447389678955,998744.7389678955
Y2019_LAT23.86818_LON90.17701,2019,90.17700831177075,23.868181819529703,0.046900197482045394,0.00019999996518506433,0.9482997972042189,0.0046000053485506735,0.0,0.0,3,0,0,1,0,0,0,0,0.9987589476623535,998758.9476623535
Y2019_LAT23.86836_LON90.18682,2019,90.18681817732688,23.86836151118984,0.06279982484158393,0.00030000202038575396,0.9369001731380303,0.0,0.0,0.0,3,0,0,1,0,0,0,0,0.9987731045761108,998773.1045761108
Y2019_LAT23.86854_LON90.19663,2019,90.19662813934337,23.86854057920083,0.19169994744600594,0.0,0.8083000525539941,0.0,0.0,0.0,3,0,0,1,0,0,0,0,0.9987872130584717,998787.2130584717
Y2019_LAT23.86872_LON90.20644,2019,90.20643819746425,23.868719023370055,0.23820057387187205,0.0,0.756099413954702,0.005700012173425915,0.0,0.0,3,0,0,1,0,0,0,0,0.9988012739715576,998801.2739715576
Y2019_LAT23.8689_LON90.21625,2019,90.21624835134534,23.868896843680513,0.15439977427267698,0.0,0.8456002257273231,0.0,0.0,0.0,3,0,0,1,0,0,0,0,0.9988152824401856,998815.2824401855
Y2019_LAT23.86907_LON90.22606,2019,90.22605860070595,23.869074040275994,0.10660053969545821,0.0,0.8933994603045418,0.0,0.0,0.0,3,0,0,1,0,0,0,0,0.9988292463531494,998829.2463531494
Y2019_LAT23.86925_LON90.23587,2019,90.23586894511965,23.869250612942142,0.42519885864917856,0.018200031798998005,0.3565015284358252,0.20009958111599827,0.0,0.0,1,1,0,0,0,0,0,1,0.9988431586227416,998843.1586227417
Y2019_LAT23.86943_LON90.24568,2019,90.24567938423829,23.86942656165754,0.10420040253259807,0.0009000018941159186,0.8947995949147254,0.00010000065856064163,0.0,0.0,3,0,0,1,0,0,0,0,0.9988570236053467,998857.0236053467
Y2019_LAT23.8696_LON90.25549,2019,90.25548991784117,23.86960188655395,0.8711005649181435,0.014700087758408248,0.11419934732344833,0.0,0.0,0.0,1,1,0,0,0,0,0,0,0.9988708373184204,998870.8373184204
Y2019_LAT23.86978_LON90.2653,2019,90.26530054560041,23.869776587524374,0.39149921415438155,0.35310073571860556,0.0999998671087011,0.1472001904674148,0.008199992550896928,0.0,1,1,0,0,0,0,0,1,0.9988846041793823,998884.6041793823
Y2019_LAT23.86995_LON90.27511,2019,90.27511126701698,23.869950664508774,0.14639989331071573,0.3396995648929772,0.48910059794950905,0.024799943846798032,0.0,0.0,3,0,0,1,0,0,0,1,0.9988983200454712,998898.3200454712
Y2019_LAT23.87012_LON90.28492,2019,90.28492208192733,23.870124117585018,0.7279010550980727,0.07139976144766039,0.19809918691670733,0.002599996537559727,0.0,0.0,1,1,0,0,0,0,0,0,0.998911987701416,998911.987701416
Y2019_LAT23.8703_LON90.29473,2019,90.29473298989551,23.870296946589846,0.899899500317539,0.06920030856965749,0.030900191112803673,0.0,0.0,0.0,1,1,0,0,0,0,0,0,0.9989256048049927,998925.6048049927
Y2019_LAT23.87047_LON90.30454,2019,90.30454399062427,23.87046915158999,0.5142011113291945,0.19679928708295302,0.23799960408164778,0.05099999750620462,0.0,0.0,1,1,0,0,0,0,0,0,0.9989391748046875,998939.1748046875
Y2019_LAT23.87064_LON90.31436,2019,90.31435508375876,23.870640732586768,0.6842995707005572,0.11740016413292025,0.15500039668039914,0.04329986848612346,0.0,0.0,1,1,0,0,0,0,0,0,0.9989526946411132,998952.6946411133
Y2019_LAT23.87081_LON90.32417,2019,90.32416626902638,23.870811689443677,0.4815985618466109,0.09060012045480219,0.4278013176985869,0.0,0.0,0.0,1,1,0,0,0,0,0,1,0.9989661659317016,998966.1659317017
Y2019_LAT23.87098_LON90.33398,2019,90.33397754591326,23.870982022268148,0.11590013526481953,0.31870055035098527,0.45639891773203295,0.09750033480114975,0.0,0.011500061851012535,3,0,0,1,0,0,0,1,0.9989795879440307,998979.5879440308
Y2019_LAT23.87115_LON90.34379,2019,90.34378891438959,23.87115173088338,0.33349990606766816,0.3035994943638501,0.32810067300669493,0.016400023652053473,0.0,0.018399902909733354,1,1,0,0,0,0,0,1,0.9989929580688477,998992.9580688477
Y2019_LAT23.87132_LON90.3536,2019,90.3536003738261,23.871320815399113,0.5532004053769872,0.02019989223254602,0.26590035961053665,0.16069934277993012,0.0,0.0,1,1,0,0,0,0,0,0,0.9990062843017579,999006.2843017578
Y2019_LAT23.87149_LON90.36341,2019,90.3634119239931,23.871489275819783,0.8392006722502702,0.0027999879683092243,0.06969964795263714,0.08829969182878349,0.0,0.0,1,1,0,0,0,0,0,0,0.9990195586929321,999019.5586929321
Y2019_LAT23.87166_LON90.37322,2019,90.37322356466466,23.871657111953418,0.8996997127830925,0.08870033160701644,0.0,0.011599955609891101,0.0,0.0,1,1,0,0,0,0,0,0,0.9990327839508056,999032.7839508057
Y2019_LAT23.87182_LON90.38304,2019,90.3830352954085,23.871824323942175,0.9867000792472259,0.013299920752774065,0.0,0.0,0.0,0.0,1,1,0,0,0,0,0,0,0.9990459603805542,999045.9603805542
Y2019_LAT23.87199_LON90.39285,2019,90.3928471157417,23.87199091166142,0.9567999909298935,0.0,0.0,0.04320000907010644,0.0,0.0,1,1,0,0,0,0,0,0,0.9990590876617431,999059.0876617432
Y2019_LAT23.87216_LON90.40266,2019,90.40265902563314,23.872156875146953,1.0,0.0,0.0,0.0,0.0,0.0,1,1,0,0,0,0,0,0,0.9990721655502319,999072.1655502319
Y2019_LAT23.87232_LON90.41247,2019,90.41247102454169,23.87232221436768,1.0,0.0,0.0,0.0,0.0,0.0,1,1,0,0,0,0,0,0,0.9990851946334839,999085.1946334839
Y2019_LAT23.87249_LON90.42228,2019,90.42228311222333,23.872486929276324,1.0,0.0,0.0,0.0,0.0,0.0,1,1,0,0,0,0,0,0,0.9990981738357544,999098.1738357544
Y2019_LAT23.87265_LON90.4321,2019,90.43209528818458,23.872651019865874,1.0,0.0,0.0,0.0,0.0,0.0,1,1,0,0,0,0,0,0,0.999111104347229,999111.104347229
Y2019_LAT23.87281_LON90.44191,2019,90.44190755228512,23.87281448604507,0.7865993847469845,0.0044000047304042725,0.20900061052261115,0.0,0.0,0.0,1,1,0,0,0,0,0,0,0.9991239868850708,999123.9868850708
Y2019_LAT23.87298_LON90.45172,2019,90.45171990414154,23.87297732794404,0.6143993018219425,0.0050999848865301315,0.3432007586213687,0.0372999546701586,0.0,0.0,1,1,0,0,0,0,0,0,0.999136818145752,999136.818145752
Y2019_LAT23.87314_LON90.46153,2019,90.46153234339499,23.873139545423033,0.15283709656295982,0.01061952366020948,0.7693905819539338,0.06715279782289685,0.0,0.0,3,0,0,1,0,0,0,0,0.9596829937896728,959682.9937896729
Y2019_LAT23.8733_LON90.47134,2019,90.471344869614,23.87330113850247,0.0484661056577907,0.07647840509557367,0.5042240333876253,0.3708314558590103,0.0,0.0,3,0,0,1,0,0,0,0,0.224710787109375,224710.787109375
Y2019_LAT23.87611_LON90.11795,2019,90.11795131142644,23.876111533173482,0.9631766251256221,0.0,0.03682337487437795,0.0,0.0,0.0,1,1,0,0,0,0,0,0,0.5017347626647949,501734.7626647949
Y2019_LAT23.8763_LON90.12776,2019,90.12776126928469,23.876295044659045,0.904599645528931,0.0,0.09540035447106898,0.0,0.0,0.0,1,1,0,0,0,0,0,0,0.9986874227905274,998687.4227905273
Y2019_LAT23.87648_LON90.13757,2019,90.13757132564852,23.876477932361663,0.5879999786284755,0.059100143528129666,0.35199987306299696,0.0009000047803978323,0.0,0.0,1,1,0,0,0,0,0,0,0.9987018266220092,998701.8266220093
Y2019_LAT23.87666_LON90.14738,2019,90.14738148013728,23.876660196054146,0.06499979227218691,0.04460001258054475,0.8904001951472683,0.0,0.0,0.0,3,0,0,1,0,0,0,0,0.9987161812820434,998716.1812820435
Y2019_LAT23.87684_LON90.15719,2019,90.15719173245301,23.876841835856744,0.03280006990009779,0.0,0.9633999386377537,0.0037999914621484445,0.0,0.0,3,0,0,1,0,0,0,0,0.9987304861221313,998730.4861221313
Y2019_LAT23.87702_LON90.167,2019,90.1670020822725,23.877022851766043,0.21760017106790805,0.006300036003702207,0.771899785785158,0.00420000714323173,0.0,0.0,3,0,0,1,0,0,0,0,0.9987447427978515,998744.7427978516
Y2019_LAT23.8772_LON90.17681,2019,90.17681252922719,23.87720324365502,0.1340002798817711,0.0,0.8659997201182289,0.0,0.0,0.0,3,0,0,1,0,0,0,0,0.998758950012207,998758.950012207
Y2019_LAT23.87738_LON90.18662,2019,90.18662307289256,23.877383011578214,0.3544990804867825,0.0,0.6455009195132174,0.0,0.0,0.0,3,0,0,1,0,0,0,0,0.9987731086196899,998773.1086196899
Y2019_LAT23.87756_LON90.19643,2019,90.19643371310634,23.877562155429512,0.023699987307821094,0.0,0.9744000122207048,0.0019000004714740482,0.0,0.0,3,0,0,1,0,0,0,0,0.9987872164993287,998787.2164993286
Y2019_LAT23.87774_LON90.20624,2019,90.20624444949506,23.877740675279334,0.11770011740367774,9.999933468602395e-05,0.8821998832616362,0.0,0.0,0.0,3,0,0,1,0,0,0,0,0.9988012771224976,998801.2771224976
Y2019_LAT23.87792_LON90.21606,2019,90.21605528152162,23.877918571034517,0.02929988657473547,0.0,0.9616001573094011,0.009099956115863467,0.0,0.0,3,0,0,1,0,0,0,0,0.9988152876358032,998815.2876358032
Y2019_LAT23.8781_LON90.22587,2019,90.22586620916908,23.87809584263195,0.1856007112551266,0.0,0.8125992765564629,0.0018000121884105174,0.0,0.0,3,0,0,1,0,0,0,0,0.9988292495346069,998829.2495346069
Y2019_LAT23.87827_LON90.23568,2019,90.235677231866,23.87827249018192,0.36589948893435575,0.04859990562518959,0.4053012748700911,0.17969932941348493,0.0005000011568787865,0.0,3,0,0,1,0,0,0,1,0.9988431631622314,998843.1631622314
Y2019_LAT23.87845_LON90.24549,2019,90.24548834936337,23.87844851361341,0.20580060151982862,0.01770000613356156,0.7750993973073229,0.0013999950392870075,0.0,0.0,3,0,0,1,0,0,0,0,0.9988570266036987,998857.0266036987
Y2019_LAT23.87862_LON90.2553,2019,90.25529956130038,23.87862391286281,0.6385009396435809,0.23289960540300092,0.12129941856382526,0.007300036389592786,0.0,0.0,1,1,0,0,0,0,0,0,0.998870839920044,998870.839920044
Y2019_LAT23.8788_LON90.26511,2019,90.26511086739242,23.878798687852132,0.34289941971200816,0.4344009747437119,0.1627997773784011,0.05829983600845205,0.0015999921574267524,0.0,2,0,1,0,0,0,0,1,0.9988846053848267,998884.6053848267
Y2019_LAT23.87897_LON90.27492,2019,90.27492226729622,23.878972838677736,0.16269993804493066,0.3589992488637901,0.47830081309127925,0.0,0.0,0.0,3,0,0,1,0,0,0,1,0.9988983231964111,998898.3231964111
Y2019_LAT23.87915_LON90.28473,2019,90.28473376062148,23.87914636523858,0.34190065165883976,0.0351999640162326,0.6228993843249276,0.0,0.0,0.0,3,0,0,1,0,0,0,0,0.9989119898910522,998911.9898910522
Y2019_LAT23.87932_LON90.29455,2019,90.2945453470586,23.879319267580957,0.9981999883388523,0.0018000116611477201,0.0,0.0,0.0,0.0,1,1,0,0,0,0,0,0,0.9989256082839966,998925.6082839966
Y2019_LAT23.87949_LON90.30436,2019,90.30435702627162,23.87949154556289,0.9925000312095222,0.007499968790477756,0.0,0.0,0.0,0.0,1,1,0,0,0,0,0,0,0.998939177810669,998939.177810669
Y2019_LAT23.87966_LON90.31417,2019,90.3141687979401,23.87966319926252,0.8411994106394506,0.0996003133284427,0.05920027603210676,0.0,0.0,0.0,1,1,0,0,0,0,0,0,0.998952697265625,998952.697265625
Y2019_LAT23.87983_LON90.32398,2019,90.32398066170884,23.879834228654786,0.5770989795585014,0.06039986632494341,0.36020115555552296,0.0022999985610321866,0.0,0.0,1,1,0,0,0,0,0,0,0.9989661686553956,998966.1686553955
Y2019_LAT23.88_LON90.33379,2019,90.33379261725966,23.880004633649552,0.8118001445939226,0.03060004771367468,0.0996995492001664,0.05790025849223631,0.0,0.0,1,1,0,0,0,0,0,0,0.9989795902862549,998979.5902862549
Y2019_LAT23.88017_LON90.3436,2019,90.3436046642828,23.880174414292746,0.44069900249354654,0.03289998000992898,0.07050019788070117,0.4247007519512467,0.0,0.031200067664576614,1,1,0,0,0,0,0,1,0.9989929580688477,998992.9580688477
Y2019_LAT23.88034_LON90.35342,2019,90.35341680239053,23.880343570500127,0.2275117186740124,0.015050832538365758,0.28491481854650796,0.43728734734989,0.0,0.03523528289122389,4,0,0,0,1,0,0,1,0.856248426498413,856248.4264984131
Y2019_LAT23.88051_LON90.36323,2019,90.3632290312946,23.880512102303292,0.5043008015004989,0.12329983890858116,0.17769992070671137,0.06089976757530095,0.0,0.1337996713089076,1,1,0,0,0,0,0,0,0.9990195611038208,999019.5611038208
Y2019_LAT23.88068_LON90.37304,2019,90.37304135059024,23.880680009676105,0.9414000909762748,0.0,0.0,0.05859990902372528,0.0,0.0,1,1,0,0,0,0,0,0,0.9990327866210937,999032.7866210938
Y2019_LAT23.88085_LON90.38285,2019,90.38285375999334,23.880847292551543,1.0,0.0,0.0,0.0,0.0,0.0,1,1,0,0,0,0,0,0,0.9990459630966186,999045.9630966187
Y2019_LAT23.88101_LON90.39267,2019,90.39266625919572,23.881013950935998,0.9257359168450492,0.007097806161350242,0.0,0.0671662769936006,0.0,0.0,1,1,0,0,0,0,0,0,0.7600832523422241,760083.2523422241
Y2019_LAT23.88118_LON90.40248,2019,90.40247884781476,23.881179984723175,0.9773505151399827,0.01370387472604071,0.0,0.008945610133976595,0.0,0.0,1,1,0,0,0,0,0,0,0.524912664932251,524912.664932251
Y2019_LAT23.88135_LON90.41229,2019,90.41229152550925,23.88134539401079,0.9869570763032227,0.0,0.0,0.013042923696777267,0.0,0.0,1,1,0,0,0,0,0,0,0.7430201359024048,743020.1359024048
Y2019_LAT23.88151_LON90.4221,2019,90.42210429197655,23.881510178808302,0.9842999546673044,0.00550001131535733,0.0,0.010200034017338346,0.0,0.0,1,1,0,0,0,0,0,0,0.9990981781158448,999098.1781158447
Y2019_LAT23.88167_LON90.43192,2019,90.43191714687842,23.88167433892366,0.9910999575583983,0.0073000422950236935,0.0,0.001600000146578046,0.0,0.0,1,1,0,0,0,0,0,0,0.999111107849121,999111.1078491211
Y2019_LAT23.88184_LON90.44173,2019,90.44173008984653,23.881837874471696,0.9298999736519172,0.022199979369082242,0.03160002839088024,0.01630001858812025,0.0,0.0,1,1,0,0,0,0,0,0,0.9991239890594482,999123.9890594482
Y2019_LAT23.882_LON90.45154,2019,90.45154312062475,23.88200078537362,0.371299606999452,0.029399830439245114,0.5525004696698019,0.04680009289150096,0.0,0.0,3,0,0,1,0,0,0,0,0.9991368210678101,999136.8210678101
Y2019_LAT23.88216_LON90.46136,2019,90.46135623874355,23.882163071670725,0.3315519105681484,0.008098489569045622,0.4227400339733985,0.2376095658894075,0.0,0.0,3,0,0,1,0,0,0,1,0.6168735284347534,616873.5284347534
Y2019_LAT23.88495_LON90.10794,2019,90.1079408244057,23.884948269171346,0.5240641903874602,0.0,0.47593580961253984,0.0,0.0,0.0,1,1,0,0,0,0,0,0,0.01867504242706299,18675.04242706299
Y2019_LAT23.88513_LON90.11775,2019,90.11775136173655,23.885132482546023,0.7440010426691265,0.015748817786435446,0.18708435202936066,0.05316578751507738,0.0,0.0,1,1,0,0,0,0,0,0,0.9448448193359374,944844.8193359375
Y2019_LAT23.88532_LON90.12756,2019,90.12756199790492,23.88531607182513,0.5947992145601414,0.011399979583749047,0.3925008108056054,0.0012999950505041557,0.0,0.0,1,1,0,0,0,0,0,0,0.998687426574707,998687.426574707
Y2019_LAT23.8855_LON90.13737,2019,90.13737273264519,23.885499036955927,0.0058999914950886275,0.0,0.9941000085049114,0.0,0.0,0.0,3,0,0,1,0,0,0,0,0.9987018291778564,998701.8291778564
Y2019_LAT23.88568_LON90.14718,2019,90.14718356552991,23.885681377975942,0.21540102944782166,0.0,0.7845989705521783,0.0,0.0,0.0,3,0,0,1,0,0,0,0,0.9987161847610474,998716.1847610474
Y2019_LAT23.88586_LON90.15699,2019,90.15699449619838,23.88586309480321,0.2910995537105304,0.0038999813483307877,0.7008004786183533,0.004199986322785559,0.0,0.0,3,0,0,1,0,0,0,0,0.9987304895019531,998730.4895019531
Y2019_LAT23.88604_LON90.16681,2019,90.16680552444365,23.886044187363694,0.23039967431860406,0.013499994761032407,0.7561003309203636,0.0,0.0,0.0,3,0,0,1,0,0,0,0,0.9987447457885742,998744.7457885742
Y2019_LAT23.88622_LON90.17662,2019,90.17661664984978,23.886224655768682,0.14040072497194533,0.0,0.8547992485262926,0.0048000265017620475,0.0,0.0,3,0,0,1,0,0,0,0,0.9987589513015747,998758.9513015747
Y2019_LAT23.8864_LON90.18643,2019,90.18642787196937,23.88640449980139,0.5449988588421599,0.0012999990447248957,0.45370114211311524,0.0,0.0,0.0,1,1,0,0,0,0,0,0,0.9987731115264893,998773.1115264893
Y2019_LAT23.88658_LON90.19624,2019,90.19623919080364,23.886583719668685,0.546500565661262,0.0,0.45349943433873796,0.0,0.0,0.0,1,1,0,0,0,0,0,0,0.9987872189865112,998787.2189865112
Y2019_LAT23.88676_LON90.20605,2019,90.20605060561063,23.886762315116666,0.20159975379638684,0.0,0.7984002462036132,0.0,0.0,0.0,3,0,0,1,0,0,0,0,0.9988012796249389,998801.279624939
Y2019_LAT23.88694_LON90.21586,2019,90.21586211628791,23.886940286283938,0.09940034391606857,0.0,0.9005996560839314,0.0,0.0,0.0,3,0,0,1,0,0,0,0,0.9988152931594849,998815.2931594849
Y2019_LAT23.88712_LON90.22567,2019,90.22567372246279,23.887117633117875,0.4425003111612197,0.0010000055166362008,0.48239922538670243,0.0741004579354417,0.0,0.0,3,0,0,1,0,0,0,1,0.9988292523956299,998829.2523956299
Y2019_LAT23.88729_LON90.23549,2019,90.2354854238705,23.887294355538742,0.26259940727132675,0.009099978917696521,0.5945010756562449,0.13379953815473186,0.0,0.0,3,0,0,1,0,0,0,0,0.9988431650543212,998843.1650543213
Y2019_LAT23.88747_LON90.2453,2019,90.24529721996404,23.887470453492192,0.29119985371588264,0.21140018212780173,0.49729996472044,9.999943587560818e-05,0.0,0.0,3,0,0,1,0,0,0,1,0.9988570294494629,998857.0294494629
Y2019_LAT23.88765_LON90.25511,2019,90.25510911064741,23.887645927057292,0.4510009525897449,0.5184990480696108,0.022599993066843314,0.00770000560041936,0.00020000067338150787,0.0,2,0,1,0,0,0,0,0,0.9988708434371948,998870.8434371948
Y2019_LAT23.88782_LON90.26492,2019,90.26492109546471,23.887820776209647,0.7407994194099572,0.14080041819092284,0.04079992881221743,0.07760023358690257,0.0,0.0,1,1,0,0,0,0,0,0,0.9988846057662963,998884.6057662964
Y2019_LAT23.888_LON90.27473,2019,90.27473317411365,23.88799500083301,0.25919906257017516,0.2122995022132161,0.5092013475811042,0.01930008763550452,0.0,0.0,3,0,0,1,0,0,0,0,0.9988983257446289,998898.3257446289
Y2019_LAT23.88817_LON90.28455,2019,90.28454534613876,23.888168600941068,0.09990044743489336,0.0009000038302316181,0.8991995487348751,0.0,0.0,0.0,3,0,0,1,0,0,0,0,0.9989119933242798,998911.9933242798
Y2019_LAT23.88834_LON90.29436,2019,90.2943576114211,23.888341576523093,0.8917005887805115,0.006599975330615243,0.1016994358888732,0.0,0.0,0.0,1,1,0,0,0,0,0,0,0.9989256113128662,998925.6113128662
Y2019_LAT23.88851_LON90.30417,2019,90.30416996947874,23.888513927549504,1.0,0.0,0.0,0.0,0.0,0.0,1,1,0,0,0,0,0,0,0.9989391795883179,998939.1795883179
Y2019_LAT23.88869_LON90.31398,2019,90.31398242003155,23.888685654084437,0.9835999631933189,0.016400036806681152,0.0,0.0,0.0,0.0,1,1,0,0,0,0,0,0,0.9989527007904053,998952.7007904053
Y2019_LAT23.88886_LON90.32379,2019,90.32379496267446,23.888856755916844,0.9792998855200286,0.0,0.020700114479971422,0.0,0.0,0.0,1,1,0,0,0,0,0,0,0.9989661718521118,998966.1718521118
Y2019_LAT23.88903_LON90.33361,2019,90.3336075971591,23.88902723312417,0.37469867453323674,0.021599993415119118,0.41120047247025915,0.16670081159293665,0.019300010188394667,0.0065000378000536945,3,0,0,1,0,0,0,1,0.9989795925750733,998979.5925750732
Y2019_LAT23.8892_LON90.34342,2019,90.34342032310458,23.8891970857695,0.008400041344821805,0.0015999896593008878,0.21340000928769778,0.7574999299813685,0.01370005348129906,0.005399976245511943,4,0,0,0,1,0,0,0,0.998992962890625,998992.962890625
Y2019_LAT23.88937_LON90.35323,2019,90.35323314018162,23.889366313710504,0.002040310401647191,0.0,0.7671511498858615,0.23080853971249132,0.0,0.0,3,0,0,1,0,0,0,0,0.3917101365890503,391710.1365890503
Y2019_LAT23.88953_LON90.36305,2019,90.36304604804593,23.889534916892327,0.6303001573420078,0.009560234702462355,0.18614370101511385,0.17298365141475355,0.0010122555256625381,0.0,1,1,0,0,0,0,0,0,0.8882287384490967,888228.7384490967
Y2019_LAT23.8897_LON90.37286,2019,90.37285904640676,23.889702895410892,0.9212003496113044,0.006599972970084417,0.006499959274147137,0.06569971814446408,0.0,0.0,1,1,0,0,0,0,0,0,0.9990327897949218,999032.7897949219
Y2019_LAT23.88987_LON90.38267,2019,90.38267213493529,23.88987024918704,1.0,0.0,0.0,0.0,0.0,0.0,1,1,0,0,0,0,0,0,0.9464959260177612,946495.9260177612
Y2019_LAT23.89004_LON90.39249,2019,90.39248531317736,23.890036978215416,0.858441959233491,0.0,0.0,0.14155804076650902,0.0,0.0,1,1,0,0,0,0,0,0,0.3514677157211304,351467.7157211304
Y2019_LAT23.89037_LON90.41211,2019,90.41211193769273,23.890368561872727,0.04000001160722654,0.0,0.0,0.9599999883927735,0.0,0.0,4,0,0,0,1,0,0,0,0.002497728385925293,2497.728385925293
Y2019_LAT23.89053_LON90.42193,2019,90.42192538342933,23.890533416443915,0.3063985416550189,0.552834211468861,0.0,0.14076724687612005,0.0,0.0,2,0,1,0,0,0,0,0,0.27325393497467043,273253.9349746704
Y2019_LAT23.8907_LON90.43174,2019,90.4317389174173,23.89069764620837,0.695704403839584,0.11714709724909632,0.1462960749952986,0.04085242391602111,0.0,0.0,1,1,0,0,0,0,0,0,0.9048953443069458,904895.3443069458
Y2019_LAT23.89086_LON90.44155,2019,90.44155253969976,23.890861251127227,0.5623000408448021,0.061500027568938964,0.2815001358649485,0.09469979572131045,0.0,0.0,1,1,0,0,0,0,0,0,0.9991239922561646,999123.9922561646
Y2019_LAT23.89102_LON90.45137,2019,90.45136624966206,23.891024231067785,0.27070068441601186,0.08539994181937674,0.5856992110705477,0.058200162694063695,0.0,0.0,3,0,0,1,0,0,0,0,0.9991368239059448,999136.8239059448
Y2019_LAT23.89119_LON90.46118,2019,90.46118004702986,23.891186586033598,0.031644404124768176,0.0038713882895233605,0.7162096577037439,0.24827454988196468,0.0,0.0,3,0,0,1,0,0,0,0,0.5935932569046021,593593.256904602
Y2019_LAT23.89397_LON90.10774,2019,90.10774009725942,23.893969128205097,0.4957491351988229,0.033137145554622036,0.47111371924655504,0.0,0.0,0.0,1,1,0,0,0,0,0,1,0.4580860647506714,458086.0647506714
Y2019_LAT23.89415_LON90.11755,2019,90.11755131324067,23.894153419720762,0.2856000334278434,0.01779991211917413,0.6404998034258557,0.05610025102712682,0.0,0.0,3,0,0,1,0,0,0,0,0.9986729763031006,998672.9763031006
Y2019_LAT23.89434_LON90.12736,2019,90.12736262809105,23.894337086837012,0.4305998371465951,0.0,0.5694001628534049,0.0,0.0,0.0,3,0,0,1,0,0,0,0,0.9986874301147461,998687.4301147461
Y2019_LAT23.89452_LON90.13717,2019,90.13717404147403,23.894520129493834,0.18789944572575504,0.0,0.803500529071505,0.008600025202739956,0.0,0.0,3,0,0,1,0,0,0,0,0.9987018327178955,998701.8327178955
Y2019_LAT23.8947_LON90.14699,2019,90.14698555298556,23.894702547736294,0.2346003846334382,0.012700021837227574,0.7525995941084354,9.999942089884589e-05,0.0,0.0,3,0,0,1,0,0,0,0,0.9987161870193482,998716.1870193481
Y2019_LAT23.89488_LON90.1568,2019,90.15679716250132,23.894884341569774,0.3195999570313182,0.03359995489345708,0.6468000880752247,0.0,0.0,0.0,3,0,0,1,0,0,0,0,0.9987304916152954,998730.4916152954
Y2019_LAT23.89507_LON90.16661,2019,90.16660886945022,23.895065510912552,0.04040016833948211,0.01620004694528064,0.9433997847152372,0.0,0.0,0.0,3,0,0,1,0,0,0,0,0.9987447491455078,998744.7491455078
Y2019_LAT23.89525_LON90.17642,2019,90.17642067357016,23.895246055750324,0.2575004108585378,0.05840020432411356,0.6840993848173487,0.0,0.0,0.0,3,0,0,1,0,0,0,0,0.9987589559249878,998758.9559249878
Y2019_LAT23.89543_LON90.18623,2019,90.1862325746454,23.8954259761038,0.3861990897722635,0.03539981866975107,0.5784010915579855,0.0,0.0,0.0,3,0,0,1,0,0,0,0,0.9987731140823364,998773.1140823364
Y2019_LAT23.89561_LON90.19604,2019,90.19604457221276,23.895605271762815,0.19859984955845675,0.0,0.8014001504415432,0.0,0.0,0.0,3,0,0,1,0,0,0,0,0.998787222946167,998787.222946167
Y2019_LAT23.89578_LON90.20586,2019,90.20585666596777,23.895783942944398,0.30399988698629365,0.0,0.6960001130137063,0.0,0.0,0.0,3,0,0,1,0,0,0,0,0.998801282836914,998801.2828369141
Y2019_LAT23.89596_LON90.21567,2019,90.21566885557635,23.895961989555126,0.5617007661193455,0.0,0.4382992338806545,0.0,0.0,0.0,1,1,0,0,0,0,0,0,0.9988152952728272,998815.2952728271
Y2019_LAT23.89614_LON90.22548,2019,90.22548114066961,23.896139411474614,0.5261007984833501,0.00600003147922169,0.3963988183024437,0.07150035173498452,0.0,0.0,1,1,0,0,0,0,0,0,0.9988292551498413,998829.2551498413
Y2019_LAT23.89632_LON90.23529,2019,90.23529352093622,23.896316208777705,0.5868994179249231,0.02740008483643033,0.18760088048373544,0.19809961675491133,0.0,0.0,1,1,0,0,0,0,0,0,0.9988431686019897,998843.1686019897
Y2019_LAT23.89649_LON90.24511,2019,90.24510599617967,23.8964923814273,0.41680013160717305,0.10940012633262339,0.43639968734697515,0.037400054713228166,0.0,0.0,3,0,0,1,0,0,0,1,0.9988570328216553,998857.0328216553
Y2019_LAT23.89667_LON90.25492,2019,90.25491856583866,23.896667929349793,0.31460067568171357,0.17109982407666532,0.2860998479096525,0.22819965233196865,0.0,0.0,1,1,0,0,0,0,0,1,0.9988708466033935,998870.8466033936
Y2019_LAT23.89684_LON90.26473,2019,90.26473122968088,23.896842852513508,0.7044998915100572,0.10390002266712373,0.110299903690779,0.08130018213204011,0.0,0.0,1,1,0,0,0,0,0,0,0.9988846136016846,998884.6136016846
Y2019_LAT23.89702_LON90.27454,2019,90.27454398737359,23.897017150956458,0.2763989241711795,0.030699870194990264,0.6612013716389837,0.03169983399484651,0.0,0.0,3,0,0,1,0,0,0,0,0.9988983276214599,998898.32762146
Y2019_LAT23.89719_LON90.28436,2019,90.28435683861467,23.897190824658555,0.006600044079904918,0.042099958980266604,0.9512999969398285,0.0,0.0,0.0,3,0,0,1,0,0,0,0,0.9989119959106445,998911.9959106445
Y2019_LAT23.89736_LON90.29417,2019,90.29416978297067,23.89736387356079,0.9685001953443777,0.0,0.031499804655622285,0.0,0.0,0.0,1,1,0,0,0,0,0,0,0.9989256138076782,998925.6138076782
Y2019_LAT23.89754_LON90.30398,2019,90.30398282021284,23.897536297686035,0.7445994722711627,0.2516005104791008,0.0038000172497364834,0.0,0.0,0.0,1,1,0,0,0,0,0,0,0.9989391837692261,998939.1837692261
Y2019_LAT23.89771_LON90.3138,2019,90.31379594996622,23.897708096862914,0.6263010639522614,0.3662989279556258,0.007400008092112845,0.0,0.0,0.0,1,1,0,0,0,0,0,0,0.9989527031784058,998952.7031784058
Y2019_LAT23.89788_LON90.32361,2019,90.32360917178374,23.897879271231613,0.9990000030887187,0.0009999969112812913,0.0,0.0,0.0,0.0,1,1,0,0,0,0,0,0,0.9989661745147705,998966.1745147705
Y2019_LAT23.89805_LON90.33342,2019,90.33342248558723,23.89804982073345,0.46989877231806826,0.13460063207299042,0.0714002386754045,0.30060041956911726,0.0008000013079691804,0.022699936056450418,1,1,0,0,0,0,0,1,0.998979594581604,998979.594581604
Y2019_LAT23.89822_LON90.34324,2019,90.34323589076368,23.89821974529185,0.00634811124773373,0.05379189303828401,0.7520886000745544,0.1877713956394279,0.0,0.0,3,0,0,1,0,0,0,0,0.8969952746124268,896995.2746124268
Y2019_LAT23.89839_LON90.35305,2019,90.35304938721862,23.898389044927477,0.0,0.0,0.8764044876329746,0.1235955123670254,0.0,0.0,3,0,0,1,0,0,0,0,0.0355644084777832,35564.4084777832
Y2019_LAT23.89856_LON90.36286,2019,90.36286297439925,23.898557719634137,0.3500002604639472,0.0,0.0,0.6499997395360528,0.0,0.0,4,0,0,0,1,0,0,0,0.007992201301574707,7992.201301574707
Y2019_LAT23.89873_LON90.37268,2019,90.37267665208984,23.898725769381308,0.7703158086352923,0.0005643353022204323,0.0,0.22911985606248728,0.0,0.0,1,1,0,0,0,0,0,0,0.1770288427734375,177028.8427734375
Y2019_LAT23.89889_LON90.38249,2019,90.38249041997798,23.898893194068872,0.9306466485937406,0.0016447311138603033,0.0,0.06770862029239912,0.0,0.0,1,1,0,0,0,0,0,0,0.36445165724182127,364451.6572418213
Y2019_LAT23.89972_LON90.43156,2019,90.43156059992621,23.899720941693886,0.6954892779967274,0.03007508505595869,0.23308231541626995,0.04135332153104402,0.0,0.0,1,1,0,0,0,0,0,0,0.07972941591644288,79729.41591644287
Y2019_LAT23.89988_LON90.44137,2019,90.44137490170039,23.89988461582515,0.3231408339731495,0.1675211896696093,0.27975156711576415,0.22958640924147702,0.0,0.0,1,1,0,0,0,0,0,1,0.5457212988891602,545721.2988891602
Y2019_LAT23.90005_LON90.45119,2019,90.45118929121746,23.900047664867294,0.011221089665534442,0.0099009600879631,0.5683173524819733,0.4105605977645291,0.0,0.0,3,0,0,1,0,0,0,0,0.15136885875701905,151368.85875701904
Y2019_LAT23.90021_LON90.461,2019,90.46100376822567,23.900210088743844,0.0,0.0,1.0,0.0,0.0,0.0,3,0,0,1,0,0,0,0,0.0392664382019043,39266.4382019043
Y2019_LAT23.90262_LON90.08792,2019,90.0879157791817,23.902619362338964,0.2951807107315205,0.05421685573124893,0.6506024335372306,0.0,0.0,0.0,3,0,0,1,0,0,0,0,0.016577361328125,16577.361328125
Y2019_LAT23.9028_LON90.09773,2019,90.09772747523351,23.902804981100473,0.27708678068048165,0.01716992538102611,0.7057432939384922,0.0,0.0,0.0,3,0,0,1,0,0,0,0,0.6746843717803955,674684.3717803955
Y2019_LAT23.90299_LON90.10754,2019,90.10753927088368,23.902989975253977,0.5484619263634353,0.015733748052830402,0.43550175313387424,0.00030257244986005733,0.0,0.0,1,1,0,0,0,0,0,0,0.9901699400253295,990169.9400253296
Y2019_LAT23.90317_LON90.11735,2019,90.117351165922,23.90317434474127,0.25989953698619184,0.05989998225633433,0.6802004807574739,0.0,0.0,0.0,3,0,0,1,0,0,0,0,0.9986729803848267,998672.9803848267
Y2019_LAT23.90336_LON90.12716,2019,90.12716315965166,23.903358089657306,0.2650001310251746,9.9999427689661e-05,0.7337998723436944,0.00109999720344145,0.0,0.0,3,0,0,1,0,0,0,0,0.998687432510376,998687.432510376
Y2019_LAT23.90354_LON90.13698,2019,90.1369752521041,23.903541209896854,0.2168003015336827,0.0,0.7831996984663173,0.0,0.0,0.0,3,0,0,1,0,0,0,0,0.9987018356704712,998701.8356704712
Y2019_LAT23.90372_LON90.14679,2019,90.1467874426553,23.903723705491075,0.2738993138872417,0.005699999686770573,0.7204006864259878,0.0,0.0,0.0,3,0,0,1,0,0,0,0,0.998716191078186,998716.191078186
Y2019_LAT23.90391_LON90.1566,2019,90.15659973118292,23.903905576283538,0.46680094706710656,0.02399990729515262,0.5091991456377408,0.0,0.0,0.0,3,0,0,1,0,0,0,0,0.9987304959564209,998730.4959564209
Y2019_LAT23.90409_LON90.16641,2019,90.16641211728204,23.904086822344457,0.27189944758233764,0.03990012527584499,0.6882004271418174,0.0,0.0,0.0,3,0,0,1,0,0,0,0,0.998744752822876,998744.752822876
Y2019_LAT23.90427_LON90.17622,2019,90.17622460057586,23.904267443610873,0.30820021492493815,0.05929976592251243,0.6271000165083668,0.00540000264418272,0.0,0.0,3,0,0,1,0,0,0,0,0.9987589600906372,998758.9600906372
Y2019_LAT23.90445_LON90.18604,2019,90.1860371806879,23.904447440139403,0.8713995678528461,0.0,0.12860043214715391,0.0,0.0,0.0,1,1,0,0,0,0,0,0,0.9987731175460816,998773.1175460815
Y2019_LAT23.90463_LON90.19585,2019,90.19584985746877,23.90462681183442,0.3991984805195361,0.0,0.6008015194804639,0.0,0.0,0.0,3,0,0,1,0,0,0,0,0.9987872256698609,998787.2256698608
Y2019_LAT23.90481_LON90.20566,2019,90.20566263040952,23.904805558711846,0.5593999021040529,0.009799976483813392,0.42670011270452646,0.004100008707607424,0.0,0.0,1,1,0,0,0,0,0,0,0.9988012863616943,998801.2863616943
Y2019_LAT23.90498_LON90.21548,2019,90.21547549931775,23.90498368072012,0.9117004597710723,0.0,0.07059957785345772,0.01769996237546999,0.0,0.0,1,1,0,0,0,0,0,0,0.9988152954101562,998815.2954101562
Y2019_LAT23.90516_LON90.22529,2019,90.22528846370547,23.905161177852765,0.8921999174123001,0.012600018920394605,0.010399955307191655,0.08480010836011363,0.0,0.0,1,1,0,0,0,0,0,0,0.9988292584915162,998829.2584915161
Y2019_LAT23.90534_LON90.2351,2019,90.23510152327206,23.905338050015168,0.7319994371310838,0.11740057054851852,0.03560021878866612,0.1134997652999416,0.0015000082317899188,0.0,1,1,0,0,0,0,0,0,0.9988431716461181,998843.1716461182
Y2019_LAT23.90551_LON90.24491,2019,90.24491467776171,23.905514297304098,0.7466011475189477,0.05999966786607984,0.08209955342688836,0.11099963231714026,0.0002999988709438737,0.0,1,1,0,0,0,0,0,0,0.9988570357894897,998857.0357894897
Y2019_LAT23.90569_LON90.25473,2019,90.25472792682538,23.90568991954032,0.9111000051055919,0.029900029657285908,0.015899967392689656,0.04309999784443266,0.0,0.0,1,1,0,0,0,0,0,0,0.9988708496475219,998870.849647522
Y2019_LAT23.90586_LON90.26454,2019,90.26454127009222,23.90586491690071,0.6129007349369262,0.18259955940167352,0.12129980400758064,0.08319990165381959,0.0,0.0,1,1,0,0,0,0,0,0,0.9988846176452637,998884.6176452637
Y2019_LAT23.90604_LON90.27435,2019,90.27435470717882,23.906039289197267,0.41899857687399666,0.0,0.545301495840178,0.03569992728582551,0.0,0.0,3,0,0,1,0,0,0,0,0.9988983308792114,998898.3308792114
Y2019_LAT23.90621_LON90.28417,2019,90.28416823786657,23.906213036451277,0.6633007685564645,0.0416000310942676,0.29509920034926795,0.0,0.0,0.0,1,1,0,0,0,0,0,0,0.9989119991607666,998911.9991607666
Y2019_LAT23.90639_LON90.29398,2019,90.29398186171044,23.9063861586221,1.0,0.0,0.0,0.0,0.0,0.0,1,1,0,0,0,0,0,0,0.9989256173553467,998925.6173553467
Y2019_LAT23.90656_LON90.3038,2019,90.30379557837136,23.906558655724737,0.8991996451611312,0.08550026424263044,0.013400079846704984,0.0019000107495334324,0.0,0.0,1,1,0,0,0,0,0,0,0.9989391870269776,998939.1870269775
Y2019_LAT23.90673_LON90.31361,2019,90.31360938772924,23.906730527740624,0.76570044553273,0.06609973714966738,0.08259968218081726,0.07650015678810841,0.0,0.009099978348677092,1,1,0,0,0,0,0,0,0.9989527062301635,998952.7062301636
Y2019_LAT23.9069_LON90.32342,2019,90.32342328917473,23.90690177465683,0.7699990861566121,0.018500095278841246,0.19160070506846966,0.019600112376721435,0.0003000011193556101,0.0,1,1,0,0,0,0,0,0,0.9989661772537232,998966.1772537231
Y2019_LAT23.90707_LON90.33324,2019,90.333237282474,23.90707239642108,0.03899976269169565,0.12520039810445355,0.04949974654986973,0.6678002424116106,0.04910017000553959,0.069399680236831,4,0,0,0,1,0,0,0,0.9989795979690552,998979.5979690552
Y2019_LAT23.90724_LON90.34305,2019,90.34305136728841,23.907242392934382,0.0,0.007299230748475752,0.7320467382328137,0.25394344624280035,0.006710584775910117,0.0,3,0,0,1,0,0,0,0,0.8485438510589599,848543.85105896
Y2019_LAT23.90741_LON90.35287,2019,90.35286554337758,23.90741176433192,0.0,0.0,1.0,0.0,0.0,0.0,3,0,0,1,0,0,0,0,0.003796199546813965,3796.199546813965
Y2019_LAT23.91127_LON90.06809,2019,90.06808904464485,23.911266771038225,0.870566189647262,0.0,0.1254260695767821,0.004007740775955991,0.0,0.0,1,1,0,0,0,0,0,0,0.6727576366119384,672757.6366119385
Y2019_LAT23.91145_LON90.0779,2019,90.07790121976794,23.911453717955496,0.6714060131438576,0.02505980440980044,0.27171678436336777,0.03181739808297413,0.0,0.0,1,1,0,0,0,0,0,0,0.7093154868545533,709315.4868545532
Y2019_LAT23.91164_LON90.08771,2019,90.08771349513708,23.911640040153838,0.7990737793919106,0.01837464797079638,0.18255157263729307,0.0,0.0,0.0,1,1,0,0,0,0,0,0,0.6684832994537353,668483.2994537354
Y2019_LAT23.91183_LON90.09753,2019,90.09752587049503,23.911825737522538,0.614199536392059,0.01480001987484593,0.3480003375918307,0.02300010614126448,0.0,0.0,1,1,0,0,0,0,0,0,0.9986439320831298,998643.9320831299
Y2019_LAT23.91201_LON90.10734,2019,90.10733834536826,23.912010810066647,0.4684991556209018,0.0,0.5244008339223313,0.007100010456767037,0.0,0.0,3,0,0,1,0,0,0,0,0.9986584829940796,998658.4829940796
Y2019_LAT23.9122_LON90.11715,2019,90.11715091963796,23.91219525767759,0.10209963833760584,0.0,0.8979003616623942,0.0,0.0,0.0,3,0,0,1,0,0,0,0,0.998672983833313,998672.983833313
Y2019_LAT23.91238_LON90.12696,2019,90.12696359272061,23.912379080422376,0.22710071344357213,0.0,0.6891993741322355,0.08369991242419235,0.0,0.0,3,0,0,1,0,0,0,0,0.9986874372940063,998687.4372940063
Y2019_LAT23.91256_LON90.13678,2019,90.13677636446604,23.91256227816318,0.3842000188162616,0.0043999816376831405,0.6091999901445884,0.0022000094014670095,0.0,0.0,3,0,0,1,0,0,0,0,0.9987018388595581,998701.8388595581
Y2019_LAT23.91274_LON90.14659,2019,90.14658923438279,23.912744850967222,0.28960109448805654,0.005300033551844031,0.7044988742474827,0.0005999977126167284,0.0,0.0,3,0,0,1,0,0,0,0,0.9987161944961548,998716.1944961548
Y2019_LAT23.91293_LON90.1564,2019,90.15640220232353,23.912926798802285,0.697100853104375,0.0,0.30289914689562497,0.0,0.0,0.0,1,1,0,0,0,0,0,0,0.9987304993820191,998730.499382019
Y2019_LAT23.91311_LON90.16622,2019,90.16621526782451,23.91310812164641,0.4491993595781515,0.0,0.5485006548520515,0.0022999855697970312,0.0,0.0,3,0,0,1,0,0,0,0,0.9987447556915283,998744.7556915283
Y2019_LAT23.91329_LON90.17603,2019,90.17602843061668,23.91328881945634,0.36350013059346037,0.0,0.6358998707568879,0.0005999986496516806,0.0,0.0,3,0,0,1,0,0,0,0,0.998758961654663,998758.9616546631
Y2019_LAT23.91347_LON90.18584,2019,90.18584169027079,23.91346889219602,0.7293003191056436,0.000399998363864852,0.27029968253049147,0.0,0.0,0.0,1,1,0,0,0,0,0,0,0.9987731206588745,998773.1206588745
Y2019_LAT23.91365_LON90.19566,2019,90.19565504647575,23.913648339915518,0.6187999241603493,0.006899987578284002,0.3743000882613667,0.0,0.0,0.0,1,1,0,0,0,0,0,0,0.9987872294158936,998787.2294158936
Y2019_LAT23.91383_LON90.20547,2019,90.20546849904862,23.91382716245591,0.37890049597753434,0.0,0.6014993899612184,0.019600114061247273,0.0,0.0,3,0,0,1,0,0,0,0,0.9988012896499634,998801.2896499634
Y2019_LAT23.91401_LON90.21528,2019,90.21528204750622,23.914005359878427,0.8857000422132028,0.0006999993027170195,0.030099816002889565,0.08350014248119068,0.0,0.0,1,1,0,0,0,0,0,0,0.9988152998352051,998815.2998352051
Y2019_LAT23.91418_LON90.2251,2019,90.2250956914889,23.914182932130917,0.7438997262156205,0.016499953885682764,0.02630015384945263,0.21330016604924412,0.0,0.0,1,1,0,0,0,0,0,0,0.9988292616500855,998829.2616500854
Y2019_LAT23.91436_LON90.23491,2019,90.23490943068923,23.91435987920369,0.7460999725776437,0.10349999010720429,0.10050012741794245,0.04989990989720953,0.0,0.0,1,1,0,0,0,0,0,0,0.9988431746749878,998843.1746749878
Y2019_LAT23.91454_LON90.24472,2019,90.24472326485738,23.914536201057746,0.5540998063877944,0.008400016320353374,0.36249997608780066,0.07500020120405154,0.0,0.0,1,1,0,0,0,0,0,0,0.9988570379562378,998857.0379562378
Y2019_LAT23.91471_LON90.25454,2019,90.25453719364454,23.914711897814605,0.6734004460410483,0.19189996703915566,0.057699682445810814,0.07699990447398522,0.0,0.0,1,1,0,0,0,0,0,0,0.9988708528442383,998870.8528442383
Y2019_LAT23.91489_LON90.26435,2019,90.26435121660649,23.91488696920912,0.879499660955611,0.04700010096919409,0.048100269184122586,0.025399968891072277,0.0,0.0,1,1,0,0,0,0,0,0,0.9988846194534302,998884.6194534302
Y2019_LAT23.91506_LON90.27417,2019,90.27416533338909,23.915061415381363,0.45749940098822933,0.017099963807639413,0.4310007098641404,0.09439992533999085,0.0,0.0,1,1,0,0,0,0,0,1,0.9988983344268799,998898.3344268799
Y2019_LAT23.91524_LON90.28398,2019,90.2839795439219,23.915235236192398,0.9487003142059012,0.0,0.050299691185661285,0.0009999946084375793,0.0,0.0,1,1,0,0,0,0,0,0,0.9989120019073486,998912.0019073486
Y2019_LAT23.91541_LON90.29379,2019,90.2937938475782,23.91540843172261,0.9966000031768903,0.0033999968231096384,0.0,0.0,0.0,0.0,1,1,0,0,0,0,0,0,0.9989256195831299,998925.6195831299
Y2019_LAT23.91558_LON90.30361,2019,90.3036082440733,23.915581001930963,1.0,0.0,0.0,0.0,0.0,0.0,1,1,0,0,0,0,0,0,0.9989391888275146,998939.1888275146
Y2019_LAT23.91575_LON90.31342,2019,90.31342273328266,23.91575294669763,0.9393996864528702,0.0007000026991058947,0.0,0.05880030741395334,0.0011000034340705631,0.0,1,1,0,0,0,0,0,0,0.9989527085800171,998952.7085800171
Y2019_LAT23.91592_LON90.32324,2019,90.32323731461811,23.915924266097917,0.7596995204207018,0.027900127727739095,0.0471002066948749,0.160500121825374,0.0,0.004800023331310303,1,1,0,0,0,0,0,0,0.9989661806106568,998966.1806106567
Y2019_LAT23.91609_LON90.33305,2019,90.33305198782428,23.916094960058114,0.10599968056658304,0.0,0.3129998037673014,0.5406005275580077,0.04039998810810785,0.0,4,0,0,0,1,0,0,0,0.9989796017379761,998979.6017379761
Y2019_LAT23.91627_LON90.34287,2019,90.34286675264342,23.91626502868802,0.0,0.0,0.5531007212341827,0.42489935866449907,0.021999920101318154,0.0,3,0,0,1,0,0,0,0,0.9989929771194458,998992.9771194458
Y2019_LAT23.91643_LON90.35268,2019,90.35268160867729,23.916434471708154,0.0,0.0,0.7173913051478616,0.28260869485213835,0.0,0.0,3,0,0,1,0,0,0,0,0.05514480278015137,55144.80278015137
Y2019_LAT23.92029_LON90.06789,2019,90.06788530164413,23.92028727869885,0.5753994535130101,0.11277234532129839,0.3023867829926747,0.00944141817301692,0.0,0.0,1,1,0,0,0,0,0,0,0.38076738818359374,380767.38818359375
Y2019_LAT23.92047_LON90.0777,2019,90.077698156294,23.920474304845623,0.32399634577364816,0.015404522108137086,0.6605991321182147,0.0,0.0,0.0,3,0,0,1,0,0,0,0,0.9983151056442261,998315.1056442261
Y2019_LAT23.92066_LON90.08751,2019,90.08751111119,23.92066070591179,0.2257000890098086,0.0,0.6977996416191085,0.07650026937108295,0.0,0.0,3,0,0,1,0,0,0,0,0.9986293348312378,998629.3348312378
Y2019_LAT23.92085_LON90.09732,2019,90.09732416609907,23.920846481884332,0.3386997579801833,0.014999948818725068,0.5242002810634079,0.12210001213768369,0.0,0.0,3,0,0,1,0,0,0,0,0.9986439353103638,998643.9353103638
Y2019_LAT23.92103_LON90.10714,2019,90.10713732055757,23.921031632657122,0.4485997076631253,0.0009000005229511497,0.4851005155673558,0.06539977624656775,0.0,0.0,3,0,0,1,0,0,0,1,0.9986584858169556,998658.4858169556
Y2019_LAT23.92122_LON90.11695,2019,90.11695057441325,23.921216158393985,0.5377006792808272,0.0012000020709121897,0.4398992876721084,0.02120003097615214,0.0,0.0,1,1,0,0,0,0,0,0,0.998672987121582,998672.987121582
Y2019_LAT23.9214_LON90.12676,2019,90.12676392713566,23.92140005884229,0.886300223947263,0.0,0.11369977605273693,0.0,0.0,0.0,1,1,0,0,0,0,0,0,0.9986874396820068,998687.4396820068
Y2019_LAT23.92158_LON90.13658,2019,90.13657737857478,23.9215833342621,0.7603989088307833,0.0,0.23560108078332817,0.004000010385888528,0.0,0.0,1,1,0,0,0,0,0,0,0.9987018422470093,998701.8422470093
Y2019_LAT23.92177_LON90.14639,2019,90.14639092827193,23.921765984405067,0.5613006701232482,0.0002999996195776831,0.4383993302571741,0.0,0.0,0.0,1,1,0,0,0,0,0,0,0.9987161966629028,998716.1966629028
Y2019_LAT23.92195_LON90.1562,2019,90.15620457582648,23.92194800928787,0.6662990376824477,0.0,0.3242009222485688,0.009500040068983513,0.0,0.0,1,1,0,0,0,0,0,0,0.9987305014724731,998730.5014724731
Y2019_LAT23.92213_LON90.16602,2019,90.16601832120915,23.92212940888181,0.6051003651478695,0.0,0.3886996331961991,0.006200001655931437,0.0,0.0,1,1,0,0,0,0,0,0,0.9987447593765258,998744.7593765259
Y2019_LAT23.92231_LON90.17583,2019,90.17583216369981,23.922310183155794,0.48149931544919194,0.0,0.5185006845508081,0.0,0.0,0.0,3,0,0,1,0,0,0,0,0.9987589638824463,998758.9638824463
Y2019_LAT23.92249_LON90.18565,2019,90.18564610319386,23.922490332086976,0.4298001221887839,0.00760002895054561,0.5500997703414092,0.012500078519261321,0.0,0.0,3,0,0,1,0,0,0,0,0.9987731231384277,998773.1231384277
Y2019_LAT23.92267_LON90.19546,2019,90.19546013933515,23.9226698557382,0.2880997568483295,0.021599892900826485,0.6661004001542059,0.024199950096638247,0.0,0.0,3,0,0,1,0,0,0,0,0.9987872323913575,998787.2323913574
Y2019_LAT23.92285_LON90.20527,2019,90.20527427173054,23.9228487540319,0.9190003355502141,0.0032999861531549427,0.0452997513578948,0.032399926938736195,0.0,0.0,1,1,0,0,0,0,0,0,0.9988012920913696,998801.2920913696
Y2019_LAT23.92303_LON90.21509,2019,90.21508850007542,23.923027026920437,0.7992993946764443,0.0045000263764667075,0.16710054148628253,0.029100037460806454,0.0,0.0,1,1,0,0,0,0,0,0,0.9988153057174682,998815.3057174683
Y2019_LAT23.9232_LON90.2249,2019,90.22490282402647,23.92320467436388,0.5209994138518843,0.0010999926345418212,0.2601004125420437,0.21780018097153014,0.0,0.0,1,1,0,0,0,0,0,0,0.9988292643814087,998829.2643814087
Y2019_LAT23.92338_LON90.23472,2019,90.23471724324217,23.923381696428333,0.7586004142280467,0.03599997733510888,0.1648995142953314,0.040500094141512996,0.0,0.0,1,1,0,0,0,0,0,0,0.9988431780700684,998843.1780700684
Y2019_LAT23.92356_LON90.24453,2019,90.24453175737668,23.923558092970506,0.5778996631909721,0.04420000561212121,0.23930035454459433,0.13859997665231236,0.0,0.0,1,1,0,0,0,0,0,0,0.9988570416564941,998857.0416564941
Y2019_LAT23.92373_LON90.25435,2019,90.25434636615259,23.92373386398265,0.9638002160810825,0.0,0.035899783829046385,0.0003000000898712225,0.0,0.0,1,1,0,0,0,0,0,0,0.9988708555526733,998870.8555526733
Y2019_LAT23.92391_LON90.26416,2019,90.26416106922473,23.92390900955616,0.9442998281647602,0.003500020007595142,0.0,0.052200151827644675,0.0,0.0,1,1,0,0,0,0,0,0,0.9988846206436157,998884.6206436157
Y2019_LAT23.92408_LON90.27398,2019,90.27397586614127,23.92408352950021,0.830800284563276,0.056199872057929506,0.005899983188207443,0.10709986019058705,0.0,0.0,1,1,0,0,0,0,0,0,0.9988983375778199,998898.3375778198
Y2019_LAT23.92426_LON90.28379,2019,90.28379075666041,23.9242574239903,0.9930999568087386,0.006500041356217426,0.0,0.0004000018350440037,0.0,0.0,1,1,0,0,0,0,0,0,0.9989120052108764,998912.0052108765
Y2019_LAT23.92443_LON90.29361,2019,90.29360574054748,23.924430692810738,0.8787001648955048,0.12129983510449516,0.0,0.0,0.0,0.0,1,1,0,0,0,0,0,0,0.9989256228103638,998925.6228103638
Y2019_LAT23.9246_LON90.30342,2019,90.30342081726704,23.924603336033616,1.0,0.0,0.0,0.0,0.0,0.0,1,1,0,0,0,0,0,0,0.998939193069458,998939.193069458
Y2019_LAT23.92478_LON90.31324,2019,90.31323598660447,23.924775353675173,0.8565993787933764,0.048800232958397194,0.016400052902728012,0.02600014662607869,0.05220018871941944,0.0,1,1,0,0,0,0,0,0,0.9989527117080689,998952.7117080688
Y2019_LAT23.92495_LON90.32305,2019,90.32305124818397,23.924946745615596,0.9108996976914866,0.023799915219751697,0.03240019326084072,0.0,0.03290019382792096,0.0,1,1,0,0,0,0,0,0,0.998966182685852,998966.182685852
Y2019_LAT23.92512_LON90.33287,2019,90.33286660165298,23.925117511913353,0.06799966080415493,0.0,0.670200021561714,0.25160033209367005,0.010199985540461018,0.0,3,0,0,1,0,0,0,0,0.9989796053619385,998979.6053619385
Y2019_LAT23.92529_LON90.34268,2019,90.34268204675328,23.925287652394083,0.004300027804718126,0.0,0.9163000429108727,0.07939992928440912,0.0,0.0,3,0,0,1,0,0,0,0,0.998992977142334,998992.977142334
Y2019_LAT23.92546_LON90.3525,2019,90.35249758312685,23.925457167268462,0.1230769753529281,0.0,0.049498337915166925,0.827424686731905,0.0,0.0,4,0,0,0,1,0,0,0,0.1493506028060913,149350.6028060913
Y2019_LAT23.92931_LON90.06768,2019,90.06768145807496,23.92930777409205,0.41658281459276914,0.06011467740513803,0.5233025080020929,0.0,0.0,0.0,3,0,0,1,0,0,0,0,0.5913717108001709,591371.7108001709
Y2019_LAT23.92949_LON90.07749,2019,90.0774949924864,23.92949487938198,0.5532979399337,0.029026063015856394,0.41767599705044356,0.0,0.0,0.0,1,1,0,0,0,0,0,0,0.9977159447555543,997715.9447555542
Y2019_LAT23.92968_LON90.08731,2019,90.08730862722784,23.929681359316312,0.20879950398749947,0.03009989661931009,0.715200385829464,0.04590021356372645,0.0,0.0,3,0,0,1,0,0,0,0,0.9986293389053345,998629.3389053345
Y2019_LAT23.92987_LON90.09712,2019,90.09712236206408,23.929867213915298,0.40690006427229664,0.0,0.5405002027451573,0.05259973298254609,0.0,0.0,3,0,0,1,0,0,0,0,0.9986439389495849,998643.938949585
Y2019_LAT23.93005_LON90.10694,2019,90.10693619646736,23.930052443185215,0.2070999220654932,0.029500159274531982,0.7462998853987873,0.017100033261187468,0.0,0.0,3,0,0,1,0,0,0,0,0.9986584893112183,998658.4893112183
Y2019_LAT23.93024_LON90.11675,2019,90.11675013023752,23.930237046970703,0.0845001953814844,0.0062000354848374085,0.9092997691336782,0.0,0.0,0.0,3,0,0,1,0,0,0,0,0.9986729912338257,998672.9912338257
Y2019_LAT23.93042_LON90.12656,2019,90.12656416296012,23.930421025382827,0.28439983512972866,0.02339987099895265,0.6922002938713187,0.0,0.0,0.0,3,0,0,1,0,0,0,0,0.9986874426269531,998687.4426269531
Y2019_LAT23.9306_LON90.13638,2019,90.13637829441423,23.930604378231934,0.328700351348829,0.002600009614515126,0.6686996390366559,0.0,0.0,0.0,3,0,0,1,0,0,0,0,0.9987018451461792,998701.8451461792
Y2019_LAT23.93079_LON90.14619,2019,90.14619252409949,23.930787105600274,0.22429947068264006,0.0027000184284565643,0.7483005666685538,0.02469994422034951,0.0,0.0,3,0,0,1,0,0,0,0,0.9987162007827759,998716.2007827759
Y2019_LAT23.93097_LON90.15601,2019,90.15600685182127,23.93096920750875,0.6679997130135105,0.004000000615558059,0.2944003075398341,0.033599978831097395,0.0,0.0,1,1,0,0,0,0,0,0,0.9987305057907104,998730.5057907104
Y2019_LAT23.93115_LON90.16582,2019,90.16582127721317,23.93115068394927,0.6798003299837606,0.0,0.27419962423651545,0.04600004577972395,0.0,0.0,1,1,0,0,0,0,0,0,0.998744762435913,998744.7624359131
Y2019_LAT23.93133_LON90.17564,2019,90.17563579985985,23.931331534791155,0.3847004333566967,0.01280006825728012,0.5418992381975867,0.06060026018843658,0.0,0.0,3,0,0,1,0,0,0,0,0.9987589701919556,998758.9701919556
Y2019_LAT23.93151_LON90.18545,2019,90.18545041956013,23.93151176005887,0.35440015575860095,0.005299983472979052,0.4995000074754495,0.14079985329297046,0.0,0.0,3,0,0,1,0,0,0,1,0.9987731265258789,998773.1265258789
Y2019_LAT23.93169_LON90.19527,2019,90.19526513579697,23.931691359646724,0.39700052539818576,0.014400046580270186,0.5567994212288243,0.03180000679271978,0.0,0.0,3,0,0,1,0,0,0,0,0.9987872357025146,998787.2357025146
Y2019_LAT23.93187_LON90.20508,2019,90.20507994855271,23.931870333590116,0.7991990921070964,0.008999946289934205,0.17710095355751365,0.01470000804545574,0.0,0.0,1,1,0,0,0,0,0,0,0.9988012953414916,998801.2953414917
Y2019_LAT23.93205_LON90.21489,2019,90.21489485704817,23.932048681917674,0.22260020828508384,0.0,0.7752997863832825,0.0021000053316337286,0.0,0.0,3,0,0,1,0,0,0,0,0.9988153076171875,998815.3076171875
Y2019_LAT23.93223_LON90.22471,2019,90.22470986128958,23.932226404551212,0.3680002198986167,0.0017000064417930182,0.4697990919833638,0.16050068167622647,0.0,0.0,3,0,0,1,0,0,0,1,0.9988292678375245,998829.2678375244
Y2019_LAT23.9324_LON90.23452,2019,90.23452496079805,23.93240350148894,0.42660015321411093,0.29780071959483007,0.1343996317653519,0.1411994954257071,0.0,0.0,1,1,0,0,0,0,0,1,0.9988431803054809,998843.180305481
Y2019_LAT23.93258_LON90.24434,2019,90.2443401553406,23.9325799727201,0.3803993820624838,0.12089966275850918,0.49170091379092007,0.007000041388086924,0.0,0.0,3,0,0,1,0,0,0,1,0.998857044090271,998857.044090271
Y2019_LAT23.93276_LON90.25416,2019,90.25415544444176,23.9327558182226,0.6811010753010164,0.0,0.3135989197388022,0.005300004960181432,0.0,0.0,1,1,0,0,0,0,0,0,0.9988708591003418,998870.8591003418
Y2019_LAT23.93293_LON90.26397,2019,90.26397082788185,23.93293103780714,0.9338996439995867,0.05790031457318361,0.0,0.008200041427229715,0.0,0.0,1,1,0,0,0,0,0,0,0.9988846207656861,998884.620765686
Y2019_LAT23.93311_LON90.27379,2019,90.2737863052287,23.933105631695824,0.949900285750106,0.022799859033224932,9.999955451334521e-05,0.027199855662155815,0.0,0.0,1,1,0,0,0,0,0,0,0.9988983403396606,998898.3403396606
Y2019_LAT23.93328_LON90.2836,2019,90.28360187622492,23.933279599675004,0.9950999866707136,0.0,0.0,0.004900013329286404,0.0,0.0,1,1,0,0,0,0,0,0,0.9989120075531006,998912.0075531006
Y2019_LAT23.93345_LON90.29342,2019,90.29341754059122,23.933452941948936,0.9995999975243636,0.0004000024756364439,0.0,0.0,0.0,0.0,1,1,0,0,0,0,0,0,0.9989256260299683,998925.6260299683
Y2019_LAT23.93363_LON90.30323,2019,90.303233297789,23.933625658220567,0.9856999159780727,0.014300084021927315,0.0,0.0,0.0,0.0,1,1,0,0,0,0,0,0,0.9989391955184936,998939.1955184937
Y2019_LAT23.9338_LON90.31305,2019,90.31304914771525,23.933797748639137,0.9855000022922261,0.014299996715242786,0.00020000099253116257,0.0,0.0,0.0,1,1,0,0,0,0,0,0,0.9989527146606445,998952.7146606445
Y2019_LAT23.93397_LON90.32287,2019,90.32286508980216,23.933969213126904,0.7828993136971527,0.02849993876280674,0.1807006988909984,0.0,0.007900048649042115,0.0,1,1,0,0,0,0,0,0,0.9989661852340698,998966.1852340698
Y2019_LAT23.93414_LON90.33268,2019,90.33268112394374,23.93414005168791,0.0,0.0,0.855399347163957,9.999985855470602e-05,0.14450065297748824,0.0,3,0,0,1,0,0,0,0,0.9989796082000733,998979.6082000732
Y2019_LAT23.93431_LON90.3425,2019,90.34249724966791,23.934310264303605,0.0,0.0,0.9458076657482226,0.044976726749779865,0.009215607501997533,0.0,3,0,0,1,0,0,0,0,0.9972946778945923,997294.6778945923
Y2019_LAT23.93448_LON90.35231,2019,90.35231346652779,23.93447985089774,0.0,0.0,0.1715327197818184,0.8284672802181816,0.0,0.0,4,0,0,0,1,0,0,0,0.08211785152435302,82117.85152435303
Y2019_LAT23.93833_LON90.06748,2019,90.06747751374465,23.938328257252962,0.3920648493391405,0.119036017254891,0.4888991334059685,0.0,0.0,0.0,3,0,0,1,0,0,0,1,0.6342125400848388,634212.5400848389
Y2019_LAT23.93852_LON90.07729,2019,90.07729172843332,23.938515441761226,0.10679976560249424,0.0,0.8932002343975057,0.0,0.0,0.0,3,0,0,1,0,0,0,0,0.9986146943588257,998614.6943588257
Y2019_LAT23.9387_LON90.08711,2019,90.08710604329207,23.938702000645563,0.01750007637224688,9.999995021175615e-05,0.8736995523484951,0.10870037132904631,0.0,0.0,3,0,0,1,0,0,0,0,0.9986293424148559,998629.342414856
Y2019_LAT23.93889_LON90.09692,2019,90.09692045837127,23.938887933835517,0.0050999642561419855,0.0,0.926000170764495,0.06889986497936298,0.0,0.0,3,0,0,1,0,0,0,0,0.9986439419403076,998643.9419403076
Y2019_LAT23.93907_LON90.10673,2019,90.10673497303367,23.939073241416285,0.3001011593854631,0.05679998601150165,0.6430988546030353,0.0,0.0,0.0,3,0,0,1,0,0,0,0,0.9986584921340942,998658.4921340942
Y2019_LAT23.93926_LON90.11655,2019,90.11654958707904,23.939257923351963,0.2429002463523253,0.004000001461870331,0.7379997420296658,0.015100010156138544,0.0,0.0,3,0,0,1,0,0,0,0,0.9986729939346314,998672.9939346313
Y2019_LAT23.93944_LON90.12636,2019,90.12636430010852,23.939441979547208,0.3061997257003872,0.0,0.6938002742996128,0.0,0.0,0.0,3,0,0,1,0,0,0,0,0.9986874462356568,998687.4462356567
Y2019_LAT23.93963_LON90.13618,2019,90.1361791119022,23.939625410110324,0.22910067536272666,0.0016000109623509036,0.7692993136749224,0.0,0.0,0.0,3,0,0,1,0,0,0,0,0.9987018490219116,998701.8490219116
Y2019_LAT23.93981_LON90.14599,2019,90.14599402201988,23.93980821480279,0.5157003905105675,0.14289977461398592,0.26509992405464705,0.07629991082079958,0.0,0.0,1,1,0,0,0,0,0,0,0.9987162040710449,998716.2040710449
Y2019_LAT23.93999_LON90.15581,2019,90.15580903010611,23.9399903938047,0.6779000015181971,0.009300004237125665,0.28509990472940044,0.02770008951527685,0.0,0.0,1,1,0,0,0,0,0,0,0.998730509223938,998730.509223938
Y2019_LAT23.94017_LON90.16562,2019,90.1656241359553,23.94017194692044,0.4971993910676933,0.008199999187479547,0.41900061911151926,0.07559999063330791,0.0,0.0,1,1,0,0,0,0,0,1,0.9987447649002075,998744.7649002075
Y2019_LAT23.94035_LON90.17544,2019,90.17543933906119,23.940352874256657,0.5568003659573614,0.011500025707093178,0.3914994719178664,0.04020013641767912,0.0,0.0,1,1,0,0,0,0,0,0,0.9987589726333618,998758.9726333618
Y2019_LAT23.94053_LON90.18525,2019,90.18525463917793,23.940533175734274,0.1329996436726119,0.0,0.8670003563273881,0.0,0.0,0.0,3,0,0,1,0,0,0,0,0.9987731298141479,998773.129814148
Y2019_LAT23.94071_LON90.19507,2019,90.19507003610771,23.940712851366772,0.09650001870747545,0.0,0.8980999945874644,0.005399986705060195,0.0,0.0,3,0,0,1,0,0,0,0,0.9987872391891479,998787.239189148
Y2019_LAT23.94089_LON90.20489,2019,90.20488552924164,23.9408919011051,0.35959994870387996,0.000799997073909484,0.6328000402672259,0.006800013954984693,0.0,0.0,3,0,0,1,0,0,0,0,0.9988012987976074,998801.2987976074
Y2019_LAT23.94107_LON90.2147,2019,90.21470111838693,23.941070324893516,0.018700038024172926,0.0,0.9720999971279451,0.00919996484788192,0.0,0.0,3,0,0,1,0,0,0,0,0.9988153076171875,998815.3076171875
Y2019_LAT23.94125_LON90.22452,2019,90.22451680325467,23.94124812277844,0.13340038090031325,0.0,0.8650996205079822,0.0014999985917045395,0.0,0.0,3,0,0,1,0,0,0,0,0.9988292713012695,998829.2713012695
Y2019_LAT23.94143_LON90.23433,2019,90.23433258346124,23.941425294618774,0.2097996234884125,0.008800019256156437,0.6224006729121756,0.1589996843432555,0.0,0.0,3,0,0,1,0,0,0,0,0.9988431843643188,998843.1843643188
Y2019_LAT23.9416_LON90.24415,2019,90.24414845858257,23.94160184052209,0.15850056817649838,0.01540001070642639,0.6932990408319514,0.13280038028512392,0.0,0.0,3,0,0,1,0,0,0,0,0.9988570474853515,998857.0474853516
Y2019_LAT23.94178_LON90.25396,2019,90.25396442841975,23.941777760279727,0.4751006895636587,0.006000017178026729,0.4604995951752824,0.05839969808303216,0.0,0.0,1,1,0,0,0,0,0,1,0.9988708623046875,998870.8623046875
Y2019_LAT23.94195_LON90.26378,2019,90.26378049259982,23.94195305417155,0.8982000707496092,0.04490004696444031,0.0036999817981154875,0.05319990048783505,0.0,0.0,1,1,0,0,0,0,0,0,0.9988846280822754,998884.6280822754
Y2019_LAT23.94213_LON90.2736,2019,90.27359665073752,23.942127721924884,0.9938000237611574,0.006199976238842568,0.0,0.0,0.0,0.0,1,1,0,0,0,0,0,0,0.99889834249115,998898.3424911499
Y2019_LAT23.9423_LON90.28341,2019,90.2834129024596,23.942301763599044,1.0,0.0,0.0,0.0,0.0,0.0,1,1,0,0,0,0,0,0,0.9989120105819702,998912.0105819702
Y2019_LAT23.94248_LON90.29323,2019,90.29322924770673,23.942475179096554,1.0,0.0,0.0,0.0,0.0,0.0,1,1,0,0,0,0,0,0,0.9989256288223266,998925.6288223267
Y2019_LAT23.94265_LON90.30305,2019,90.30304568573182,23.942647968534864,0.9827000644352964,0.017199935800305,9.999976439851083e-05,0.0,0.0,0.0,1,1,0,0,0,0,0,0,0.9989391973876953,998939.1973876953
Y2019_LAT23.94282_LON90.31286,2019,90.31286221645671,23.942820131722108,1.0,0.0,0.0,0.0,0.0,0.0,1,1,0,0,0,0,0,0,0.9989527179336548,998952.7179336548
Y2019_LAT23.94299_LON90.32268,2019,90.32267883952481,23.942991668730105,0.7222992495417411,0.00909996625940722,0.25940073841711647,0.0,0.009200045781735205,0.0,1,1,0,0,0,0,0,0,0.9989661884307861,998966.1884307861
Y2019_LAT23.94316_LON90.3325,2019,90.33249555454867,23.943162579535592,0.0,0.0,0.927499715988579,0.0,0.07250028401142093,0.0,3,0,0,1,0,0,0,0,0.9989796104736328,998979.6104736328
Y2019_LAT23.94333_LON90.34231,2019,90.34231236127957,23.94333286412143,0.010538212236259668,0.0,0.8750760361825761,0.11438575158116432,0.0,0.0,3,0,0,1,0,0,0,0,0.9764155916900634,976415.5916900635
Y2019_LAT23.9435_LON90.35213,2019,90.35212925913545,23.943502522483644,0.0,0.0,0.8333333333333334,0.16666666666666666,0.0,0.0,3,0,0,1,0,0,0,0,0.0011987996520996093,1198.7996520996094
Y2019_LAT23.94716_LON90.05746,2019,90.05745867441148,23.94716083880053,0.0,0.0,0.0,0.0,0.0,0.0,1,1,0,0,0,0,0,1,0.0,0.0
Y2019_LAT23.94735_LON90.06727,2019,90.067273468832,23.94734872830013,0.4485067179903964,0.04570023666928186,0.5057930453403218,0.0,0.0,0.0,3,0,0,1,0,0,0,0,0.7757135784072876,775713.5784072876
Y2019_LAT23.94754_LON90.07709,2019,90.07708836392115,23.94753599191719,0.12900013088825954,0.0,0.8709998691117404,0.0,0.0,0.0,3,0,0,1,0,0,0,0,0.9986146974182128,998614.6974182129
Y2019_LAT23.94772_LON90.0869,2019,90.08690335938364,23.947722629629236,0.3742001992210612,0.08650021883739542,0.5258995289252729,0.013400053016270478,0.0,0.0,3,0,0,1,0,0,0,0,0.9986293460083008,998629.3460083008
Y2019_LAT23.94791_LON90.09672,2019,90.09671845494364,23.947908641565324,0.2775000679752882,0.008899988230935348,0.7135999437937764,0.0,0.0,0.0,3,0,0,1,0,0,0,0,0.9986439458465576,998643.9458465576
Y2019_LAT23.94809_LON90.10653,2019,90.10653365022651,23.948094027544432,0.21160007001361658,0.0,0.7883999299863834,0.0,0.0,0.0,3,0,0,1,0,0,0,0,0.9986584955978394,998658.4955978394
Y2019_LAT23.94828_LON90.11635,2019,90.11634894491192,23.948278787560028,0.696299828742308,0.013999990119013771,0.271900159671023,0.017800021467655403,0.0,0.0,1,1,0,0,0,0,0,0,0.998672998374939,998672.998374939
Y2019_LAT23.94846_LON90.12616,2019,90.12616433862213,23.948462921613686,0.32859967110396526,0.1022001660548895,0.49240022471283357,0.0767999381283117,0.0,0.0,3,0,0,1,0,0,0,1,0.9986874484024048,998687.4484024048
Y2019_LAT23.94865_LON90.13598,2019,90.13597983105984,23.948646429658158,0.4138005523499221,0.11109994273395568,0.43529945914289425,0.03980004577322809,0.0,0.0,3,0,0,1,0,0,0,1,0.9987018524246216,998701.8524246216
Y2019_LAT23.94883_LON90.1458,2019,90.14579542184372,23.948829311813448,0.09919949530983341,0.01749988839601871,0.7669000444618979,0.11640057183225001,0.0,0.0,3,0,0,1,0,0,0,0,0.9987162063064575,998716.2063064575
Y2019_LAT23.94901_LON90.15561,2019,90.15561111075377,23.949011567798742,0.23749996425773764,0.0,0.7157002228363039,0.04679981290595854,0.0,0.0,3,0,0,1,0,0,0,0,0.9987305114059448,998730.5114059448
Y2019_LAT23.94919_LON90.16543,2019,90.1654268972933,23.949193197765204,0.24349992729748207,0.019900014756023748,0.7214000704892279,0.015199987457266223,0.0,0.0,3,0,0,1,0,0,0,0,0.9987447688140869,998744.7688140869
Y2019_LAT23.94937_LON90.17524,2019,90.17524278123004,23.949374201629876,0.3663002114622814,0.04509990699449672,0.5563000114152049,0.032299870128016925,0.0,0.0,3,0,0,1,0,0,0,0,0.9987589739761352,998758.9739761353
Y2019_LAT23.94955_LON90.18506,2019,90.18505876224124,23.94955457943429,0.19079990055460808,0.0001000004873296088,0.8091000989580623,0.0,0.0,0.0,3,0,0,1,0,0,0,0,0.99877313256073,998773.13256073
Y2019_LAT23.94973_LON90.19487,2019,90.19487484000675,23.94973433102749,0.15270044018117587,0.0008000047121050233,0.8346994881735786,0.01180006693314055,0.0,0.0,3,0,0,1,0,0,0,0,0.9987872421646118,998787.2421646118
Y2019_LAT23.94991_LON90.20469,2019,90.2046910139725,23.94991345649013,0.1250996760734768,0.0,0.848400482407353,0.026499841519170158,0.0,0.0,3,0,0,1,0,0,0,0,0.9988013022079468,998801.3022079468
Y2019_LAT23.95009_LON90.21451,2019,90.21450728412792,23.950091955740824,0.011099968312975725,0.0,0.9851000405310848,0.0037999911559394727,0.0,0.0,3,0,0,1,0,0,0,0,0.998815311302185,998815.3113021851
Y2019_LAT23.95027_LON90.22432,2019,90.22432364986126,23.950269828777618,0.1001004605705914,0.005600026981056407,0.8768995809140643,0.01739993153428788,0.0,0.0,3,0,0,1,0,0,0,0,0.9988292744216919,998829.2744216919
Y2019_LAT23.95045_LON90.23414,2019,90.23414011106804,23.95044707559433,0.07439978987929277,0.0038999802242804644,0.8492001722068956,0.07250005768953115,0.0,0.0,3,0,0,1,0,0,0,0,0.9988431862945557,998843.1862945557
Y2019_LAT23.95062_LON90.24396,2019,90.24395666719467,23.95062369614407,0.311499895522479,0.04770007880134831,0.42599931076601233,0.2148007149101604,0.0,0.0,3,0,0,1,0,0,0,1,0.9988570505065918,998857.0505065918
Y2019_LAT23.9508_LON90.25377,2019,90.25377331809902,23.950799690482313,0.2843004260351327,0.0894001022595291,0.2704000485098889,0.35589942319544926,0.0,0.0,4,0,0,0,1,0,0,1,0.9988708654632569,998870.8654632568
Y2019_LAT23.95098_LON90.26359,2019,90.26359006331022,23.95097505840862,0.5973006237116646,0.0405000191307548,0.22789947633259072,0.13429988082499003,0.0,0.0,1,1,0,0,0,0,0,0,0.9988846321182251,998884.6321182251
Y2019_LAT23.95115_LON90.27341,2019,90.27340690258569,23.951149800035324,0.830699776907358,0.1482002250422104,0.0,0.02109999805043175,0.0,0.0,1,1,0,0,0,0,0,0,0.9988983458938598,998898.3458938599
Y2019_LAT23.95132_LON90.28322,2019,90.28322383542117,23.951323915316387,0.7265006266101985,0.2719993826255464,0.0,0.0014999907642550742,0.0,0.0,1,1,0,0,0,0,0,0,0.9989120139083862,998912.0139083862
Y2019_LAT23.9515_LON90.29304,2019,90.29304086174535,23.951497404204595,1.0,0.0,0.0,0.0,0.0,0.0,1,1,0,0,0,0,0,0,0.998925631729126,998925.631729126
Y2019_LAT23.95167_LON90.30286,2019,90.30285798102922,23.951670266684594,0.6086352257313756,0.17573865993933943,0.21562611432928494,0.0,0.0,0.0,1,1,0,0,0,0,0,0,0.4257470512237549,425747.0512237549
Y2019_LAT23.95184_LON90.31268,2019,90.31267519299199,23.951842502758858,1.0,0.0,0.0,0.0,0.0,0.0,1,1,0,0,0,0,0,0,0.29099511734771727,290995.1173477173
Y2019_LAT23.95201_LON90.32249,2019,90.32249249722054,23.952014112410495,0.5936686307980705,0.08146655768387481,0.3094852826391613,0.0,0.015379528878893376,0.0,1,1,0,0,0,0,0,0,0.8963726201019288,896372.6201019287
Y2019_LAT23.95219_LON90.33231,2019,90.33230989353223,23.952185095488655,0.0,0.0,0.9225252958124046,0.0,0.07747470418759542,0.0,3,0,0,1,0,0,0,0,0.44614313147735596,446143.13147735596
Y2019_LAT23.95236_LON90.34213,2019,90.34212738156036,23.95235545215825,0.07010447650719097,0.000852337046868065,0.8533982802410288,0.07266175619095493,0.002983150013957202,0.0,3,0,0,1,0,0,0,0,0.4688269426345825,468826.9426345825
Y2019_LAT23.95599_LON90.04744,2019,90.04743847386032,23.955992623041222,0.9593749198255423,0.0031249890133647658,0.037500091161092895,0.0,0.0,0.0,1,1,0,0,0,0,0,0,0.03195440189361572,31954.401893615723
Y2019_LAT23.95618_LON90.05725,2019,90.0572538479042,23.95618121808232,0.5683782526173148,0.15455024399476044,0.27707150338792486,0.0,0.0,0.0,1,1,0,0,0,0,0,0,0.19642220934295654,196422.20934295654
Y2019_LAT23.95637_LON90.06707,2019,90.06706932315382,23.95636918701169,0.36087683103619855,0.14334755257578352,0.4836319786765215,0.012143637711496399,0.0,0.0,3,0,0,1,0,0,0,1,0.3782701325759888,378270.13257598877
Y2019_LAT23.95656_LON90.07688,2019,90.07688489900916,23.956556529803077,0.4141495442846097,0.05063982278388514,0.5352106329315052,0.0,0.0,0.0,3,0,0,1,0,0,0,0,0.9288119347000122,928811.9347000122
Y2019_LAT23.95674_LON90.0867,2019,90.08670057538667,23.956743246538494,0.2877005115702565,0.07629981669837997,0.6359996717313635,0.0,0.0,0.0,3,0,0,1,0,0,0,0,0.9986293499526978,998629.3499526978
Y2019_LAT23.95693_LON90.09652,2019,90.09651635184042,23.956929337096245,0.1334000024754638,0.0,0.8663999964849796,0.00020000103955666485,0.0,0.0,3,0,0,1,0,0,0,0,0.9986439486694336,998643.9486694336
Y2019_LAT23.95711_LON90.10633,2019,90.10633222802885,23.9571148014168,0.18960001183559183,0.00400000086376861,0.8051999931226649,0.0011999941779746572,0.0,0.0,3,0,0,1,0,0,0,0,0.9986584986419678,998658.4986419678
Y2019_LAT23.9573_LON90.11615,2019,90.11614820364301,23.957299639595977,0.7346002064883899,0.05009979846033407,0.17510008622623247,0.040199908825043595,0.0,0.0,1,1,0,0,0,0,0,0,0.9986730005493164,998673.0005493164
Y2019_LAT23.95748_LON90.12596,2019,90.125964278366,23.957483851585305,0.03249978965738717,0.0,0.9675002103426128,0.0,0.0,0.0,3,0,0,1,0,0,0,0,0.9986874532470703,998687.4532470703
Y2019_LAT23.95767_LON90.13578,2019,90.13578045187357,23.957667437253278,0.1861009142626421,0.0015000100957587973,0.8123990756415991,0.0,0.0,0.0,3,0,0,1,0,0,0,0,0.9987018557052613,998701.8557052612
Y2019_LAT23.95785_LON90.1456,2019,90.1455967236531,23.957850396592836,0.2978996449155231,0.0,0.7021003550844769,0.0,0.0,0.0,3,0,0,1,0,0,0,0,0.9987162105636597,998716.2105636597
Y2019_LAT23.95803_LON90.15541,2019,90.15541309367222,23.958032729743756,0.366799444859369,0.0015999999705925505,0.6316005551700384,0.0,0.0,0.0,3,0,0,1,0,0,0,0,0.9987305157165527,998730.5157165527
Y2019_LAT23.95821_LON90.16523,2019,90.16522956127949,23.958214436509994,0.3337996757643848,0.14259990392503386,0.5232004195916369,0.0004000007189444316,0.0,0.0,3,0,0,1,0,0,0,0,0.9987447716674804,998744.7716674805
Y2019_LAT23.9584_LON90.17505,2019,90.17504612638228,23.95839551692667,0.17960039279358378,0.0,0.8203996072064162,0.0,0.0,0.0,3,0,0,1,0,0,0,0,0.9987589791793823,998758.9791793823
Y2019_LAT23.95858_LON90.18486,2019,90.18486278857263,23.958575970906242,0.08640005782280842,0.0006000037777228275,0.9129999383994688,0.0,0.0,0.0,3,0,0,1,0,0,0,0,0.9987731355514526,998773.1355514526
Y2019_LAT23.95876_LON90.19468,2019,90.19467954745946,23.958755798577045,0.40470027764446526,0.01679994558094519,0.5040995823479103,0.07440019442667926,0.0,0.0,3,0,0,1,0,0,0,0,0.9987872455978394,998787.2455978394
Y2019_LAT23.95893_LON90.2045,2019,90.20449640275629,23.958934999812023,0.22999992072650843,0.07770001526099042,0.6879000910623084,0.004399972950192708,0.0,0.0,3,0,0,1,0,0,0,0,0.9988013045959473,998801.3045959473
Y2019_LAT23.95911_LON90.21431,2019,90.21431335408627,23.959113574561474,0.1571998654617758,0.014499979796797739,0.8173001694864184,0.010999985255008064,0.0,0.0,3,0,0,1,0,0,0,0,0.9988153175811768,998815.3175811768
Y2019_LAT23.95929_LON90.22413,2019,90.22413040115858,23.959291522849245,0.21420048498652094,0.09340004272282389,0.5213995593221484,0.1709999129685067,0.0,0.0,3,0,0,1,0,0,0,0,0.9988292773971558,998829.2773971558
Y2019_LAT23.95947_LON90.23395,2019,90.23394754360976,23.959468844646736,0.11979949643268624,0.009199943911132113,0.7697005992558308,0.10129996040035089,0.0,0.0,3,0,0,1,0,0,0,0,0.9988431907119751,998843.1907119751
Y2019_LAT23.95965_LON90.24376,2019,90.24376478116957,23.959645539859693,0.21040015058918707,0.02160006258866812,0.5546996966021436,0.21330009022000135,0.0,0.0,3,0,0,1,0,0,0,0,0.9988570526809692,998857.0526809692
Y2019_LAT23.95982_LON90.25358,2019,90.25358211343243,23.959821608556528,0.42000054651002605,0.06159987620371135,0.479899459056918,0.03850011822934457,0.0,0.0,3,0,0,1,0,0,0,1,0.998870868423462,998870.8684234619
Y2019_LAT23.96_LON90.2634,2019,90.26339954000085,23.95999705072584,0.8806000039215156,0.02019997486797384,0.005499966369143646,0.09370005484136686,0.0,0.0,1,1,0,0,0,0,0,0,0.998884634048462,998884.6340484619
Y2019_LAT23.96017_LON90.27322,2019,90.27321706067328,23.960171866235015,0.9427536020861036,0.022634780157453196,0.000988908503657687,0.03362270925278554,0.0,0.0,1,1,0,0,0,0,0,0,0.9090975727767945,909097.5727767944
Y2019_LAT23.96035_LON90.28303,2019,90.28303467507726,23.960346055135613,0.5833330062383082,0.34926671565576783,0.03700204574070044,0.030398232365223682,0.0,0.0,1,1,0,0,0,0,0,0,0.9529618675537109,952961.8675537109
Y2019_LAT23.96052_LON90.29285,2019,90.29285238283336,23.96051961737,0.7156716349933607,0.22080028593823262,0.0635280790684067,0.0,0.0,0.0,1,1,0,0,0,0,0,0,0.710735286239624,710735.286239624
Y2019_LAT23.96069_LON90.30267,2019,90.30267018363574,23.960692552967732,0.38172043456253896,0.0017921139123651417,0.6164874515250959,0.0,0.0,0.0,3,0,0,1,0,0,0,0,0.055740474609375,55740.474609375
Y2019_LAT23.96086_LON90.31249,2019,90.31248807715275,23.960864861899754,1.0,0.0,0.0,0.0,0.0,0.0,1,1,0,0,0,0,0,0,0.0006992715682983398,699.2715682983398
Y2019_LAT23.96104_LON90.32231,2019,90.32230606291132,23.96103654404865,1.0,0.0,0.0,0.0,0.0,0.0,1,1,0,0,0,0,0,0,0.03076803345489502,30768.03345489502
Y2019_LAT23.96482_LON90.03742,2019,90.0374169114705,23.96482360939133,1.0,0.0,0.0,0.0,0.0,0.0,1,1,0,0,0,0,0,0,0.01148346900177002,11483.46900177002
Y2019_LAT23.96501_LON90.04723,2019,90.04723286513152,23.965012910462278,0.43350361369954427,0.03376122093490133,0.5327351653655544,0.0,0.0,0.0,3,0,0,1,0,0,0,0,0.7778874535980225,777887.4535980225
Y2019_LAT23.9652_LON90.05705,2019,90.0570489202927,23.965201585135084,0.18529974582910946,0.0,0.8147002541708905,0.0,0.0,0.0,3,0,0,1,0,0,0,0,0.9985852616729737,998585.2616729736
Y2019_LAT23.96539_LON90.06687,2019,90.06686507664904,23.965389633526623,0.21010043804522832,0.0,0.7898995619547716,0.0,0.0,0.0,3,0,0,1,0,0,0,0,0.9986000066452027,998600.0066452026
Y2019_LAT23.96558_LON90.07668,2019,90.0766813337264,23.965577055523735,0.3653002060963826,0.00020000041802598935,0.6344997934855914,0.0,0.0,0.0,3,0,0,1,0,0,0,0,0.9986147035369873,998614.7035369873
Y2019_LAT23.96576_LON90.0865,2019,90.08649769131077,23.96576385119665,0.16389975785855454,0.0,0.8361002421414454,0.0,0.0,0.0,3,0,0,1,0,0,0,0,0.9986293531799316,998629.3531799316
Y2019_LAT23.96595_LON90.09631,2019,90.0963141489496,23.965950020400243,0.2697003913155553,0.03970004903477121,0.6883995515696202,0.002200008080053309,0.0,0.0,3,0,0,1,0,0,0,0,0.9986439526901245,998643.9526901245
Y2019_LAT23.96614_LON90.10613,2019,90.10613070638702,23.966135563209384,0.25440001750366914,0.014499945565487848,0.7182000650590448,0.012899971871798229,0.0,0.0,3,0,0,1,0,0,0,0,0.9986585016021728,998658.5016021729
Y2019_LAT23.96632_LON90.11595,2019,90.11594736339083,23.96632047948856,0.5377996673722398,0.05619981724371378,0.36330071152170657,0.04269980386233982,0.0,0.0,1,1,0,0,0,0,0,0,0.9986730049438477,998673.0049438477
Y2019_LAT23.9665_LON90.12576,2019,90.12576411937276,23.9665047693033,0.1237000913750768,0.017799939799183536,0.8584999688257396,0.0,0.0,0.0,3,0,0,1,0,0,0,0,0.9986874558029175,998687.4558029175
Y2019_LAT23.96669_LON90.13558,2019,90.13558097420697,23.966688432586764,0.3626997895924207,0.013199957158112001,0.6241002532494673,0.0,0.0,0.0,3,0,0,1,0,0,0,0,0.9987018591461182,998701.8591461182
Y2019_LAT23.96687_LON90.1454,2019,90.14539792740979,23.96687146938734,0.2930999474260014,0.0,0.7069000525739986,0.0,0.0,0.0,3,0,0,1,0,0,0,0,0.9987162135772705,998716.2135772705
Y2019_LAT23.96705_LON90.15521,2019,90.15521497878699,23.967053879535577,0.4157005438303886,0.0009000038965122527,0.5833994522730991,0.0,0.0,0.0,3,0,0,1,0,0,0,0,0.9987305189743042,998730.5189743042
Y2019_LAT23.96724_LON90.16503,2019,90.16503212789496,23.967235663102,0.3726001960639222,0.05240013949273709,0.5749996644433407,0.0,0.0,0.0,3,0,0,1,0,0,0,0,0.9987447742080688,998744.7742080688
Y2019_LAT23.96742_LON90.17485,2019,90.17484937448165,23.96741682006917,0.06869976400141642,0.0,0.9313002359985836,0.0,0.0,0.0,3,0,0,1,0,0,0,0,0.9987589827423096,998758.9827423096
Y2019_LAT23.9676_LON90.18467,2019,90.18466671814993,23.967597350440354,0.14570025342097384,0.0,0.8542997465790262,0.0,0.0,0.0,3,0,0,1,0,0,0,0,0.9987731394958496,998773.1394958496
Y2019_LAT23.96778_LON90.19448,2019,90.19448415855958,23.967777254098067,0.4569009706816572,0.03320015194335155,0.5098988773749913,0.0,0.0,0.0,3,0,0,1,0,0,0,0,0.9987872485961914,998787.2485961914
Y2019_LAT23.96796_LON90.2043,2019,90.20430169541568,23.967956531058125,0.28039974555644154,0.3136000592047818,0.40080019948672446,0.005199995752052183,0.0,0.0,3,0,0,1,0,0,0,1,0.9988013078536987,998801.3078536987
Y2019_LAT23.96814_LON90.21412,2019,90.21411932832416,23.968135181275997,0.14369994968622785,0.14129978613052208,0.5869997743291259,0.1280004898541242,0.0,0.0,3,0,0,1,0,0,0,0,0.998815319770813,998815.319770813
Y2019_LAT23.96831_LON90.22394,2019,90.2239370570402,23.96831320478585,0.14350030003538888,0.10699991258547494,0.7121998595216523,0.03729992785748396,0.0,0.0,3,0,0,1,0,0,0,0,0.9988292806167602,998829.2806167603
Y2019_LAT23.96849_LON90.23375,2019,90.23375488121232,23.96849060152162,0.11810037988549615,0.03530016489236917,0.7642990150579294,0.08230044016420528,0.0,0.0,3,0,0,1,0,0,0,0,0.998843192779541,998843.192779541
Y2019_LAT23.96867_LON90.24357,2019,90.24357280032979,23.968667371477327,0.08609966690071938,0.01939989472867983,0.8093007181261977,0.08519972024440305,0.0,0.0,3,0,0,1,0,0,0,0,0.998857056274414,998857.0562744141
Y2019_LAT23.96884_LON90.25339,2019,90.25339081432813,23.968843514621888,0.07040031115916365,0.13730006620704163,0.7825996062642976,0.009700016369497227,0.0,0.0,3,0,0,1,0,0,0,0,0.9988708707199097,998870.8707199097
Y2019_LAT23.96902_LON90.26321,2019,90.2632089227475,23.969019030884144,0.5647268736028331,0.00015283503228608392,0.3697068505959239,0.06541344076895672,0.0,0.0,1,1,0,0,0,0,0,0,0.6535695346069336,653569.5346069336
Y2019_LAT23.96919_LON90.27303,2019,90.27302712508032,23.969193920349003,0.9441212489759864,0.0,0.0,0.055878751024013636,0.0,0.0,1,1,0,0,0,0,0,0,0.08580520124816894,85805.20124816895
Y2019_LAT23.96937_LON90.28285,2019,90.28284542130831,23.969368182886846,0.7245577258355804,0.0,0.2754422741644196,0.0,0.0,0.0,1,1,0,0,0,0,0,0,0.09030131080627442,90301.31080627441
Y2019_LAT23.97384_LON90.03721,2019,90.03721051980621,23.973843804404627,0.8564860486128385,0.0,0.14351395138716144,0.0,0.0,0.0,1,1,0,0,0,0,0,0,0.19551819928741454,195518.19928741455
Y2019_LAT23.97403_LON90.04703,2019,90.04702715495428,23.97403318543268,0.43510280984560873,0.0040528010237628875,0.5467115132250772,0.014132875905551229,0.0,0.0,3,0,0,1,0,0,0,0,0.9609245925598144,960924.5925598145
Y2019_LAT23.97422_LON90.05684,2019,90.05684389162556,23.974221939936697,0.12099962621398216,0.0009999984193259604,0.866000396726164,0.011999978640527863,0.0,0.0,3,0,0,1,0,0,0,0,0.9985852652664184,998585.2652664185
Y2019_LAT23.97441_LON90.06666,2019,90.06666072936207,23.97441006783677,0.13870042174331645,0.0,0.8612995782566836,0.0,0.0,0.0,3,0,0,1,0,0,0,0,0.9986000101547241,998600.0101547241
Y2019_LAT23.9746_LON90.07648,2019,90.07647766794187,23.97459756908933,0.21209957848361097,0.02820001534073842,0.7591004085450265,0.0005999976306242758,0.0,0.0,3,0,0,1,0,0,0,0,0.9986147070388794,998614.7070388794
Y2019_LAT23.97478_LON90.08629,2019,90.0862947070933,23.974784443647522,0.23280004486977068,0.0008999965893445282,0.7662999585408848,0.0,0.0,0.0,3,0,0,1,0,0,0,0,0.9986293574752808,998629.3574752808
Y2019_LAT23.97497_LON90.09611,2019,90.0961118463249,23.974970691544694,0.3327992440305479,0.11609992233441895,0.5121008262383147,0.039000007396718515,0.0,0.0,3,0,0,1,0,0,0,0,0.9986439552917481,998643.955291748
Y2019_LAT23.97516_LON90.10593,2019,90.10592908534069,23.975156312692146,0.24830031861039153,0.004600005440574871,0.7347996126483629,0.012300063300670704,0.0,0.0,3,0,0,1,0,0,0,0,0.998658505065918,998658.505065918
Y2019_LAT23.97534_LON90.11575,2019,90.11574642392185,23.975341307190906,0.43390034587849113,0.06609987038138451,0.4868998627661522,0.013099920973972156,0.0,0.0,3,0,0,1,0,0,0,1,0.9986730073852539,998673.0073852539
Y2019_LAT23.97553_LON90.12556,2019,90.12556386161538,23.975525674822016,0.15680026580038764,0.06679984356543123,0.7763998906341811,0.0,0.0,0.0,3,0,0,1,0,0,0,0,0.9986874587554931,998687.4587554932
Y2019_LAT23.97571_LON90.13538,2019,90.13538139813804,23.975709415773085,0.16009939658506744,0.0001999985783042847,0.8397006048366282,0.0,0.0,0.0,3,0,0,1,0,0,0,0,0.9987018624343872,998701.8624343872
Y2019_LAT23.97589_LON90.1452,2019,90.14519903300263,23.975892529839115,0.1540000264711781,0.00039999910818126923,0.8455999744206406,0.0,0.0,0.0,3,0,0,1,0,0,0,0,0.9987162159423828,998716.2159423828
Y2019_LAT23.97608_LON90.15502,2019,90.1550167662372,23.976075017126078,0.24430041317197929,0.0,0.7556995868280207,0.0,0.0,0.0,3,0,0,1,0,0,0,0,0.9987305213241577,998730.5213241577
Y2019_LAT23.97626_LON90.16483,2019,90.16483459705708,23.976256877577896,0.13380024816356942,0.04820020677527759,0.817999545061153,0.0,0.0,0.0,3,0,0,1,0,0,0,0,0.9987447782287597,998744.7782287598
Y2019_LAT23.97644_LON90.17465,2019,90.17465252544086,23.976438111140663,0.38749940732073485,0.04829979762242717,0.564200795056838,0.0,0.0,0.0,3,0,0,1,0,0,0,0,0.9987589842224122,998758.9842224121
Y2019_LAT23.97662_LON90.18447,2019,90.18447055098922,23.97661871773375,0.48830077965055396,0.0,0.511699220349446,0.0,0.0,0.0,3,0,0,1,0,0,0,0,0.9987731424865722,998773.1424865723
Y2019_LAT23.9768_LON90.19429,2019,90.19428867323285,23.97679869744215,0.5828987733208395,0.0004000015803895137,0.416701225098771,0.0,0.0,0.0,1,1,0,0,0,0,0,0,0.9987872525482178,998787.2525482178
Y2019_LAT23.97698_LON90.20411,2019,90.20410689194429,23.976978050127602,0.14529971290973398,0.15439994445042385,0.6990003413651613,0.001300001274680869,0.0,0.0,3,0,0,1,0,0,0,0,0.9988013113479615,998801.3113479614
Y2019_LAT23.97716_LON90.21393,2019,90.21392520686369,23.977156775852194,0.08229990034367007,0.06269970343498121,0.6908001425617734,0.1642002536595753,0.0,0.0,3,0,0,1,0,0,0,0,0.9988153198242188,998815.3198242188
Y2019_LAT23.97733_LON90.22374,2019,90.22374361751692,23.977334874635005,0.2485999928215063,0.03380003509637047,0.717399970710171,0.00020000137195223558,0.0,0.0,3,0,0,1,0,0,0,0,0.9988292841339111,998829.2841339111
Y2019_LAT23.97751_LON90.23356,2019,90.23356212365879,23.97751234636371,0.1338999410323376,0.0047000267150891445,0.7862998011477249,0.0751002311048483,0.0,0.0,3,0,0,1,0,0,0,0,0.998843196220398,998843.196220398
Y2019_LAT23.97769_LON90.24338,2019,90.2433807248103,23.97768919106518,0.12740026609584018,0.021399913386714757,0.8254999696760424,0.025699850841402565,0.0,0.0,3,0,0,1,0,0,0,0,0.9988570591583252,998857.0591583252
Y2019_LAT23.97787_LON90.2532,2019,90.2531994208089,23.977865408622943,0.5563294365516827,0.10751768419278358,0.25508613647531325,0.08106674278022052,0.0,0.0,1,1,0,0,0,0,0,0,0.9327452479476929,932745.2479476929
Y2019_LAT23.97804_LON90.26302,2019,90.26301821134744,23.978040999082296,0.26062849802698773,0.0,0.7208871629769316,0.018484338996080738,0.0,0.0,3,0,0,1,0,0,0,0,0.10807878334808349,108078.7833480835
Y2019_LAT23.98286_LON90.037,2019,90.03700402643314,23.982863987226168,0.31721866526180703,0.016574541909482682,0.6662067928287103,0.0,0.0,0.0,3,0,0,1,0,0,0,0,0.2168873693008423,216887.36930084229
Y2019_LAT23.98305_LON90.04682,2019,90.04682134329869,23.983053448325194,0.24102444205025209,0.0024431785075034423,0.7195659210760691,0.03696645836617536,0.0,0.0,3,0,0,1,0,0,0,0,0.940054517501831,940054.517501831
Y2019_LAT23.98324_LON90.05664,2019,90.05663876174621,23.98324228254006,0.332299703985137,0.007499982017711751,0.6093006121264192,0.0508997018707321,0.0,0.0,3,0,0,1,0,0,0,0,0.9985852687988281,998585.2687988281
Y2019_LAT23.98343_LON90.06646,2019,90.06645628123246,23.98343048982159,0.41380074222683577,0.0032000024029001585,0.5829992553702641,0.0,0.0,0.0,3,0,0,1,0,0,0,0,0.9986000144195557,998600.0144195557
Y2019_LAT23.98362_LON90.07627,2019,90.07627390172335,23.98361807027664,0.07570019303685857,0.0,0.9242998069631414,0.0,0.0,0.0,3,0,0,1,0,0,0,0,0.998614710105896,998614.710105896
Y2019_LAT23.98381_LON90.08609,2019,90.08609162271958,23.9838050238103,0.07330003930770054,0.010800055991258,0.9158999047010414,0.0,0.0,0.0,3,0,0,1,0,0,0,0,0.9986293603210449,998629.3603210449
Y2019_LAT23.98399_LON90.09591,2019,90.09590944385178,23.983991350348965,0.18060077464836605,0.02300000163648886,0.7583991008041643,0.0380001229109808,0.0,0.0,3,0,0,1,0,0,0,0,0.9986439589767456,998643.9589767456
Y2019_LAT23.98418_LON90.10573,2019,90.10572736482118,23.984177050016708,0.3918991261397585,0.013800030162731724,0.5940008441513733,0.0002999995461364462,0.0,0.0,3,0,0,1,0,0,0,0,0.9986585085296631,998658.5085296631
Y2019_LAT23.98436_LON90.11555,2019,90.11554538531021,23.984362122614808,0.3608005484662915,0.028600085151124808,0.6071993778203522,0.003399988562231568,0.0,0.0,3,0,0,1,0,0,0,0,0.9986730108413696,998673.0108413696
Y2019_LAT23.98455_LON90.12536,2019,90.12536350504517,23.984546568254345,0.11529996621641218,0.05539991978219897,0.8293001140013888,0.0,0.0,0.0,3,0,0,1,0,0,0,0,0.9986874631347656,998687.4631347656
Y2019_LAT23.98473_LON90.13518,2019,90.13518172355465,23.984730386793192,0.1683000863101309,0.00260001244695768,0.8290999012429114,0.0,0.0,0.0,3,0,0,1,0,0,0,0,0.998701866355896,998701.866355896
Y2019_LAT23.98491_LON90.145,2019,90.14500004052871,23.98491357826769,0.35100073289521405,0.02500012382553728,0.6239991432792487,0.0,0.0,0.0,3,0,0,1,0,0,0,0,0.9987162203292846,998716.2203292847
Y2019_LAT23.9851_LON90.15482,2019,90.1548184558327,23.9850961426335,0.009599966505587613,0.001499989953153837,0.9889000435412586,0.0,0.0,0.0,3,0,0,1,0,0,0,0,0.9987305256576539,998730.5256576538
Y2019_LAT23.98528_LON90.16464,2019,90.16463696878233,23.985278079884445,0.3182001749270272,0.07790014540130778,0.603899679671665,0.0,0.0,0.0,3,0,0,1,0,0,0,0,0.9987447810516358,998744.7810516357
Y2019_LAT23.98546_LON90.17446,2019,90.17445557925724,23.98545938995834,0.1338999232364455,0.016499924940545495,0.849600151823009,0.0,0.0,0.0,3,0,0,1,0,0,0,0,0.9987589874191284,998758.9874191284
Y2019_LAT23.98564_LON90.18427,2019,90.18427428700817,23.9856400729411,0.19030053412383877,0.0316000939572794,0.7780993719188818,0.0,0.0,0.0,3,0,0,1,0,0,0,0,0.9987731450576782,998773.1450576782
Y2019_LAT23.98582_LON90.19409,2019,90.19409309144393,23.985820128648346,0.32079871781338787,0.0,0.6792012821866121,0.0,0.0,0.0,3,0,0,1,0,0,0,0,0.9987872550125122,998787.2550125122
Y2019_LAT23.986_LON90.20391,2019,90.20391199242617,23.98599955722351,0.06850014525960413,0.0007000042078324112,0.9305998504193648,0.000200000113198739,0.0,0.0,3,0,0,1,0,0,0,0,0.9988013145675659,998801.3145675659
Y2019_LAT23.98618_LON90.21373,2019,90.21373098958487,23.986178358547683,0.12329975679124322,0.01499998414977118,0.7025002591280127,0.15919999993097292,0.0,0.0,3,0,0,1,0,0,0,0,0.9988153229064941,998815.3229064941
Y2019_LAT23.98636_LON90.22355,2019,90.22355008253786,23.986356532477554,0.3228006370442242,0.02830006995170613,0.6121992826512291,0.03670001035284057,0.0,0.0,3,0,0,1,0,0,0,0,0.9988292872085571,998829.2872085571
Y2019_LAT23.98653_LON90.23337,2019,90.23336927093084,23.986534079154005,0.5947002363762478,0.046100045497223505,0.3303995535435242,0.028800164583004474,0.0,0.0,1,1,0,0,0,0,0,0,0.9988431993408203,998843.1993408203
Y2019_LAT23.98671_LON90.24319,2019,90.24318855456185,23.986710998531812,0.777700676240492,0.054799788500215295,0.14629963708585178,0.021199898173440958,0.0,0.0,1,1,0,0,0,0,0,0,0.9988570621261597,998857.0621261597
Y2019_LAT23.98689_LON90.25301,2019,90.25300793288221,23.986887290569346,0.9142503453584441,0.007682776638474535,0.000495662100318613,0.07757121590276285,0.0,0.0,1,1,0,0,0,0,0,0,0.4030429231491089,403042.9231491089
Y2019_LAT23.99207_LON90.04662,2019,90.04661543010013,23.992073698764727,0.08737845007638662,0.25458345650329667,0.6580380934203167,0.0,0.0,0.0,3,0,0,1,0,0,0,0,0.09256783625793458,92567.83625793457
Y2019_LAT23.99226_LON90.05643,2019,90.05643353060012,23.99226261272556,0.29414982373098103,0.006512175652332318,0.696137120103421,0.0032008805132657647,0.0,0.0,3,0,0,1,0,0,0,0,0.9047187324447632,904718.7324447632
Y2019_LAT23.99245_LON90.06625,2019,90.0662517323497,23.99245089958671,0.19900024012411055,0.0,0.8009997598758894,0.0,0.0,0.0,3,0,0,1,0,0,0,0,0.9986000174331665,998600.0174331665
Y2019_LAT23.99264_LON90.07607,2019,90.07607003497604,23.992638559336502,0.19699967184736328,0.005400014103019077,0.7746001764085441,0.023000137641073566,0.0,0.0,3,0,0,1,0,0,0,0,0.9986147139511108,998614.7139511108
Y2019_LAT23.99283_LON90.08589,2019,90.08588843813719,23.992825591785948,0.2810006889843934,0.0076999951355788965,0.7043993635016312,0.006899952378396488,0.0,0.0,3,0,0,1,0,0,0,0,0.9986293641281128,998629.3641281128
Y2019_LAT23.99301_LON90.09571,2019,90.09570694155349,23.993011997118185,0.659700562102854,0.009100042746898454,0.3022993938534581,0.02890000129678947,0.0,0.0,1,1,0,0,0,0,0,0,0.9986439620437622,998643.9620437622
Y2019_LAT23.9932_LON90.10553,2019,90.1055255447771,23.993197775140846,0.027899928077549502,0.0,0.9721000719224505,0.0,0.0,0.0,3,0,0,1,0,0,0,0,0.9986585121765137,998658.5121765137
Y2019_LAT23.99338_LON90.11534,2019,90.11534424756522,23.99338292596083,0.09819972147186444,0.007200022848165868,0.8943002568243777,0.0002999988555919827,0.0,0.0,3,0,0,1,0,0,0,0,0.9986730143432617,998673.0143432617
Y2019_LAT23.99357_LON90.12516,2019,90.1251630496369,23.993567449479496,0.02330005748370589,0.06600010030789662,0.9106998422083975,0.0,0.0,0.0,3,0,0,1,0,0,0,0,0.9986874652862548,998687.4652862549
Y2019_LAT23.99375_LON90.13498,2019,90.13498195048736,23.993751345642877,0.15349988858325272,0.2124995471103972,0.6340005643063501,0.0,0.0,0.0,3,0,0,1,0,0,0,0,0.9987018694381714,998701.8694381714
Y2019_LAT23.99393_LON90.1448,2019,90.14480094986662,23.993934614536396,0.11839999315401646,0.0036000241087914956,0.877999982737192,0.0,0.0,0.0,3,0,0,1,0,0,0,0,0.9987162231216431,998716.2231216431
Y2019_LAT23.99412_LON90.15462,2019,90.15462004752416,23.994117256035924,0.06309988885098708,0.05020016767331941,0.8866999434756935,0.0,0.0,0.0,3,0,0,1,0,0,0,0,0.9987305287246704,998730.5287246704
Y2019_LAT23.9943_LON90.16444,2019,90.16443924301608,23.99429927011732,0.2569990725830301,0.13519948203810875,0.6078014453788612,0.0,0.0,0.0,3,0,0,1,0,0,0,0,0.998744783744812,998744.783744812
Y2019_LAT23.99448_LON90.17426,2019,90.17425853595219,23.99448065679874,0.1672994339289034,0.0009000062730001413,0.8318005597980965,0.0,0.0,0.0,3,0,0,1,0,0,0,0,0.9987589925613404,998758.9925613403
Y2019_LAT23.99466_LON90.18408,2019,90.18407792612972,23.994661416030453,0.3903004676911571,0.1191001651344366,0.4905993671744063,0.0,0.0,0.0,3,0,0,1,0,0,0,1,0.9987731491622924,998773.1491622925
Y2019_LAT23.99484_LON90.1939,2019,90.193897413242,23.994841547842743,0.11769967694803161,9.999963828508816e-05,0.8822003234136833,0.0,0.0,0.0,3,0,0,1,0,0,0,0,0.998787258392334,998787.258392334
Y2019_LAT23.99502_LON90.20372,2019,90.20371699672887,23.995021052140032,0.17210029351356806,0.09650038568983571,0.7313993207965962,0.0,0.0,0.0,3,0,0,1,0,0,0,0,0.9988013177947999,998801.3177947998
Y2019_LAT23.9952_LON90.21354,2019,90.21353667649774,23.995199928919764,0.15219968644082357,0.20600048747054314,0.5709996449003001,0.07080018118833317,0.0,0.0,3,0,0,1,0,0,0,0,0.9988153294296265,998815.3294296265
Y2019_LAT23.99538_LON90.22336,2019,90.22335645208524,23.995378178219756,0.011200036092070226,0.14359970496996502,0.6728008770421608,0.17239938189580395,0.0,0.0,3,0,0,1,0,0,0,0,0.9988292904434204,998829.2904434204
Y2019_LAT23.99556_LON90.23318,2019,90.23317632312855,23.99555579991514,0.19970035265290972,0.2797008363380461,0.49219869791957993,0.028400113089464246,0.0,0.0,3,0,0,1,0,0,0,1,0.9988432019958496,998843.2019958496
Y2019_LAT23.99573_LON90.243,2019,90.24299628940503,23.995732794001327,0.8102005668734655,0.14969961025346562,0.029699840562470124,0.010399982310598821,0.0,0.0,1,1,0,0,0,0,0,0,0.9988570652999877,998857.0652999878
Y2019_LAT23.99591_LON90.25282,2019,90.25281635055009,23.995909160573362,0.9843432293491912,0.009394062048465886,0.002035376614567998,0.0042273319877749885,0.0,0.0,1,1,0,0,0,0,0,0,0.6379774355926514,637977.4355926514
Y2019_LAT24.00071_LON90.02677,2019,90.02677215455752,24.000714067507797,0.3131449543719023,0.0,0.6868550456280976,0.0,0.0,0.0,3,0,0,1,0,0,0,0,0.07748695835876465,77486.95835876465
Y2019_LAT24.0009_LON90.03659,2019,90.03659073394734,24.000904315890693,0.0,0.0,1.0,0.0,0.0,0.0,3,0,0,1,0,0,0,0,0.009686047241210938,9686.047241210938
Y2019_LAT24.00109_LON90.04641,2019,90.04640941533675,24.00109393706591,0.19568129903250234,0.05971728382774896,0.7446014171397487,0.0,0.0,0.0,3,0,0,1,0,0,0,0,0.7491284092941284,749128.4092941284
Y2019_LAT24.00128_LON90.05623,2019,90.05622819828714,24.001282930860743,0.4110845428748541,0.22205057841289047,0.3668648787122554,0.0,0.0,0.0,1,1,0,0,0,0,0,1,0.8378136173934937,837813.6173934937
Y2019_LAT24.00147_LON90.06605,2019,90.06604708253283,24.001471297199046,0.15719920944287927,0.026499948907838328,0.8136008434839179,0.00269999816536444,0.0,0.0,3,0,0,1,0,0,0,0,0.9986000206069946,998600.0206069946
Y2019_LAT24.00166_LON90.07587,2019,90.07586606760358,24.00165903601108,0.28400000115485907,0.005600016905315609,0.7103999819398253,0.0,0.0,0.0,3,0,0,1,0,0,0,0,0.9986147175598145,998614.7175598145
Y2019_LAT24.00185_LON90.08569,2019,90.08568515340238,24.00184614755451,0.15280005903193042,0.0002999985368930851,0.8465999419384778,0.0003000004926987773,0.0,0.0,3,0,0,1,0,0,0,0,0.9986293667984009,998629.3667984009
Y2019_LAT24.00203_LON90.0955,2019,90.09550433935439,24.002032631581265,0.34090014934430596,0.004999990209769462,0.6140999004009228,0.03999996004500179,0.0,0.0,3,0,0,1,0,0,0,0,0.9986439658889771,998643.965888977
Y2019_LAT24.00222_LON90.10532,2019,90.1053236252335,24.002218488110845,0.2746005682167203,0.0024000064524363623,0.7158993829102794,0.007100042420563917,0.0,0.0,3,0,0,1,0,0,0,0,0.9986585152969361,998658.515296936
Y2019_LAT24.0024_LON90.11514,2019,90.11514301061867,24.00240371702454,0.1383002761404816,0.027500030212821394,0.8283997161385795,0.005799977508117521,0.0,0.0,3,0,0,1,0,0,0,0,0.9986730169677734,998673.0169677734
Y2019_LAT24.00259_LON90.12496,2019,90.12496249532208,24.00258831841588,0.18129995549620245,0.09439993825128938,0.7243001062525082,0.0,0.0,0.0,3,0,0,1,0,0,0,0,0.9986874697494507,998687.4697494507
Y2019_LAT24.00277_LON90.13478,2019,90.13478207889872,24.002772292308027,0.30250023537216675,0.0773002831610002,0.6201994814668331,0.0,0.0,0.0,3,0,0,1,0,0,0,0,0.9987018727035523,998701.8727035522
Y2019_LAT24.00296_LON90.1446,2019,90.14460176103334,24.002955638543433,0.22460001191904894,0.13189969906490012,0.6435002890160509,0.0,0.0,0.0,3,0,0,1,0,0,0,0,0.9987162255859375,998716.2255859375
Y2019_LAT24.00314_LON90.15442,2019,90.15442154138915,24.00313835715581,0.2846995568324589,0.14999983806461548,0.5653006051029257,0.0,0.0,0.0,3,0,0,1,0,0,0,0,0.9987305312728881,998730.5312728882
Y2019_LAT24.00332_LON90.16424,2019,90.16424141964353,24.00332044815204,0.13420234223619656,0.13012889898069568,0.7356687587831078,0.0,0.0,0.0,3,0,0,1,0,0,0,0,0.9808671385192871,980867.1385192871
Y2019_LAT24.0035_LON90.17406,2019,90.17406139547691,24.00350191142814,0.3652642544314126,0.052180469998922854,0.5825552755696646,0.0,0.0,0.0,3,0,0,1,0,0,0,0,0.2564809611053467,256480.96110534668
Y2019_LAT24.00368_LON90.18388,2019,90.18388146853671,24.003682747040553,0.45570763037660866,0.060642202640956704,0.48082614895326675,0.0028240180291678497,0.0,0.0,3,0,0,1,0,0,0,1,0.6719757221679687,671975.7221679688
Y2019_LAT24.00386_LON90.1937,2019,90.19370163840667,24.003862954888493,0.1774455716921941,0.13190772628171882,0.690646702026087,0.0,0.0,0.0,3,0,0,1,0,0,0,0,0.9760148206787109,976014.8206787109
Y2019_LAT24.00404_LON90.20352,2019,90.20352190487804,24.004042534973074,0.2897821767545263,0.0850714296410462,0.6185844108492141,0.006561982755213448,0.0,0.0,3,0,0,1,0,0,0,0,0.8523765694580078,852376.5694580078
Y2019_LAT24.00422_LON90.21334,2019,90.21334226757082,24.00422148730903,0.11137252508670235,0.2488556905992918,0.5462185454556172,0.09355323885838863,0.0,0.0,3,0,0,1,0,0,0,0,0.8071421149368286,807142.1149368286
Y2019_LAT24.0044_LON90.22316,2019,90.22316272609173,24.004399811826477,0.11382530692297375,0.5219340810461212,0.3333674890131193,0.0308731230177858,0.0,0.0,2,0,1,0,0,0,0,0,0.9608739478302002,960873.9478302002
Y2019_LAT24.00458_LON90.23298,2019,90.23298328017596,24.00457750857473,0.20006332126149884,0.5632044667855592,0.2220017499307768,0.01473046202216527,0.0,0.0,2,0,1,0,0,0,0,0,0.9560926986541748,956092.6986541748
Y2019_LAT24.00475_LON90.2428,2019,90.24280392946517,24.004754577451283,0.791925352383632,0.1728870146463015,0.03437405085965183,0.000813582110414645,0.0,0.0,1,1,0,0,0,0,0,0,0.9821762474136353,982176.2474136353
Y2019_LAT24.00493_LON90.25262,2019,90.2526246736737,24.004931018398594,0.3801174869155218,0.2571428587185914,0.3038850436925829,0.05885461067330392,0.0,0.0,1,1,0,0,0,0,0,1,0.7586413481063843,758641.3481063843
Y2019_LAT24.00511_LON90.26245,2019,90.26244551224927,24.005106831446067,0.0,0.0,1.0,0.0,0.0,0.0,3,0,0,1,0,0,0,0,0.028567949981689454,28567.949981689453
Y2019_LAT24.00935_LON90.00693,2019,90.00692645556579,24.009351592831333,0.32991618201505346,0.14398882493447893,0.4813606568043677,0.04473433624609992,0.0,0.0,3,0,0,1,0,0,0,1,0.2142814344406128,214281.4344406128
Y2019_LAT24.00954_LON90.01675,2019,90.0167455127659,24.009543176768688,0.14919899907325126,0.03865884921983063,0.8121421517069181,0.0,0.0,0.0,3,0,0,1,0,0,0,0,0.3306114072036743,330611.4072036743
Y2019_LAT24.00973_LON90.02656,2019,90.02656467272134,24.00973413308127,0.15593228573739637,0.029199016623378607,0.814868697639225,0.0,0.0,0.0,3,0,0,1,0,0,0,0,0.813911564086914,813911.5640869141
Y2019_LAT24.00992_LON90.03638,2019,90.0363839348386,24.00992446192118,0.14790402585118664,0.012736184960029595,0.8393597891887837,0.0,0.0,0.0,3,0,0,1,0,0,0,0,0.972193871925354,972193.871925354
Y2019_LAT24.01011_LON90.0462,2019,90.04620329900287,24.010114163037514,0.07060020914339249,0.0005000020236371486,0.9288997888329704,0.0,0.0,0.0,3,0,0,1,0,0,0,0,0.9985704824371338,998570.4824371338
Y2019_LAT24.0103_LON90.05602,2019,90.05602276473513,24.01030323653413,0.17450023868026787,0.008700040395228592,0.8148997246246746,0.001899996299828918,0.0,0.0,3,0,0,1,0,0,0,0,0.9985852785720826,998585.2785720825
Y2019_LAT24.01049_LON90.06584,2019,90.06584233176525,24.01049168243344,0.4813001224030102,0.016899976596470714,0.4771999027886716,0.024599998211847524,0.0,0.0,1,1,0,0,0,0,0,1,0.9986000247268677,998600.0247268677
Y2019_LAT24.01068_LON90.07566,2019,90.07566199971286,24.010679500663898,0.6155001380714441,0.0630003552349356,0.3168994890366944,0.0046000176569259,0.0,0.0,1,1,0,0,0,0,0,0,0.9986147206802368,998614.7206802368
Y2019_LAT24.01087_LON90.08548,2019,90.08548176839925,24.010866691120324,0.28979941630978545,0.13460010042002998,0.5739004936000687,0.0016999896701158507,0.0,0.0,3,0,0,1,0,0,0,0,0.9986293707580567,998629.3707580566
Y2019_LAT24.01105_LON90.0953,2019,90.09530163723639,24.011053253815835,0.184100027576004,0.05279997154944506,0.7545000028727119,0.008599998001839077,0.0,0.0,3,0,0,1,0,0,0,0,0.9986439687576294,998643.9687576294
Y2019_LAT24.01124_LON90.10512,2019,90.10512160607054,24.01123918877232,0.21960004589208093,0.05320015503569957,0.7271997990722195,0.0,0.0,0.0,3,0,0,1,0,0,0,0,0.998658519317627,998658.519317627
Y2019_LAT24.01142_LON90.11494,2019,90.11494167441529,24.011424495946347,0.2763005512159857,0.09630011820211538,0.627399330581899,0.0,0.0,0.0,3,0,0,1,0,0,0,0,0.998673021118164,998673.0211181641
Y2019_LAT24.01161_LON90.12476,2019,90.12476184214272,24.01160917528913,0.28839946960248075,0.06779984068182224,0.643800689715697,0.0,0.0,0.0,3,0,0,1,0,0,0,0,0.998687472694397,998687.472694397
Y2019_LAT24.01179_LON90.13458,2019,90.13458210874504,24.011793226804958,0.14350041295427088,0.020099983235098966,0.8363996038106302,0.0,0.0,0.0,3,0,0,1,0,0,0,0,0.9987018765716553,998701.8765716553
Y2019_LAT24.01198_LON90.1444,2019,90.14440247393608,24.01197665041393,0.2317998567640275,0.05520015237647572,0.7129999908594967,0.0,0.0,0.0,3,0,0,1,0,0,0,0,0.9987162300262451,998716.2300262451
Y2019_LAT24.01216_LON90.15422,2019,90.15422293740608,24.012159446180302,0.15909968102267813,0.23459981421786866,0.6063005047594532,0.0,0.0,0.0,3,0,0,1,0,0,0,0,0.9987305355453491,998730.5355453491
Y2019_LAT24.01234_LON90.16404,2019,90.1640434987687,24.012341613997805,0.2275969282679013,0.0957024813893853,0.6767005903427135,0.0,0.0,0.0,3,0,0,1,0,0,0,0,0.5739772430114746,573977.2430114746
Y2019_LAT24.0127_LON90.18368,2019,90.18368491398347,24.012704065831226,0.6268852106161399,0.11344263416494688,0.25967215521891324,0.0,0.0,0.0,1,1,0,0,0,0,0,0,0.15231357847595214,152313.57847595215
Y2019_LAT24.01288_LON90.19351,2019,90.19350576707565,24.012884349796376,0.1937762241638755,0.09794924816100958,0.7082745276751149,0.0,0.0,0.0,3,0,0,1,0,0,0,0,0.2824561531143189,282456.15311431885
Y2019_LAT24.01306_LON90.20333,2019,90.20332671680983,24.01306400570573,0.0,0.0,1.0,0.0,0.0,0.0,3,0,0,1,0,0,0,0,0.0652215040359497,65221.50403594971
Y2019_LAT24.01324_LON90.21315,2019,90.21314776275689,24.01324303362963,0.0,0.0,1.0,0.0,0.0,0.0,3,0,0,1,0,0,0,0,0.03136264914703369,31362.64914703369
Y2019_LAT24.01342_LON90.22297,2019,90.22296890459543,24.01342143342227,0.15625036021967575,0.16796891403850925,0.675780725741815,0.0,0.0,0.0,3,0,0,1,0,0,0,0,0.025570021812438965,25570.021812438965
Y2019_LAT24.01378_LON90.24261,2019,90.24261147465621,24.013776348732712,0.5265319833899716,0.21084335054540823,0.243398781719335,0.019225884345285278,0.0,0.0,1,1,0,0,0,0,0,0,0.7793094709320069,779309.4709320068
Y2019_LAT24.01395_LON90.25243,2019,90.2524329021685,24.013952864169255,0.31852186727428466,0.10193672279601602,0.5792992806725138,0.00024212925718547918,0.0,0.0,3,0,0,1,0,0,0,0,0.8250668649902344,825066.8649902344
Y2019_LAT24.01413_LON90.26225,2019,90.26225442429529,24.01412875148566,0.0,0.0,1.0,0.0,0.0,0.0,3,0,0,1,0,0,0,0,0.12116408152008057,121164.08152008057
Y2019_LAT24.01837_LON90.00672,2019,90.00671750543356,24.018371484734054,0.27970352426979506,0.21348965696984784,0.5068068187603572,0.0,0.0,0.0,3,0,0,1,0,0,0,0,0.16135979586791993,161359.79586791992
Y2019_LAT24.01856_LON90.01654,2019,90.01653724561554,24.018563149446305,0.15056833294724792,0.06739054051351018,0.782041126539242,0.0,0.0,0.0,3,0,0,1,0,0,0,0,0.5882329226074219,588232.9226074219
Y2019_LAT24.01875_LON90.02636,2019,90.02635708857962,24.018754186457038,0.1701479804883019,0.004275088101462529,0.8239890413295964,0.0015878900806391575,0.0,0.0,3,0,0,1,0,0,0,0,0.8175051090164185,817505.1090164185
Y2019_LAT24.01894_LON90.03618,2019,90.03617703379972,24.018944595524587,0.13917738312634528,0.09756552019264876,0.7632570966810059,0.0,0.0,0.0,3,0,0,1,0,0,0,0,0.9886700053482056,988670.0053482056
Y2019_LAT24.01913_LON90.046,2019,90.0459970810189,24.01913437675637,0.050499944121300114,0.013800089567286357,0.9356999663114135,0.0,0.0,0.0,3,0,0,1,0,0,0,0,0.9985704858856201,998570.4858856201
Y2019_LAT24.01932_LON90.05582,2019,90.05581722992184,24.019323530082506,0.2762997187773934,0.04249993579142614,0.6683003811844224,0.012899964246758103,0.0,0.0,3,0,0,1,0,0,0,0,0.9985852817382812,998585.2817382812
Y2019_LAT24.01951_LON90.06564,2019,90.06563748003342,24.0195120554735,0.33870011416743545,0.04099996716610774,0.5912999226297614,0.028999996036695442,0.0,0.0,3,0,0,1,0,0,0,0,0.9986000276107788,998600.0276107788
Y2019_LAT24.0197_LON90.07546,2019,90.07545783126656,24.019699952918344,0.3820996714934129,0.13550025434028443,0.4605001285048808,0.021899945661421994,0.0,0.0,3,0,0,1,0,0,0,1,0.9986147250518799,998614.7250518799
Y2019_LAT24.01989_LON90.08528,2019,90.08527828307327,24.019887222368435,0.17280043673336398,0.08299971432944538,0.7225998482142149,0.02160000072297579,0.0,0.0,3,0,0,1,0,0,0,0,0.9986293733978272,998629.3733978271
Y2019_LAT24.02007_LON90.0951,2019,90.09509883521426,24.02007386384001,0.18212688748368347,0.010188902240667989,0.8074719425722539,0.00021226770339476806,0.0,0.0,3,0,0,1,0,0,0,0,0.9409220185775757,940922.0185775757
Y2019_LAT24.02026_LON90.10492,2019,90.1049194872924,24.02025987727862,0.15550071336259985,0.01246498511625819,0.832034301521142,0.0,0.0,0.0,3,0,0,1,0,0,0,0,0.3204692573928833,320469.2573928833
Y2019_LAT24.02045_LON90.11474,2019,90.11474023897387,24.02044526268811,0.4195611736157985,0.013014320839038659,0.5674245055451629,0.0,0.0,0.0,3,0,0,1,0,0,0,0,0.997574490951538,997574.4909515381
Y2019_LAT24.02063_LON90.12456,2019,90.12456109000473,24.020630019989614,0.11020018784080074,0.006000036068199163,0.8837997760910001,0.0,0.0,0.0,3,0,0,1,0,0,0,0,0.9986874754257202,998687.4754257202
Y2019_LAT24.02081_LON90.13438,2019,90.134382039963,24.020814149124085,0.7602999562775814,0.048899993853617936,0.189800050134282,0.0009999997345186546,0.0,0.0,1,1,0,0,0,0,0,0,0.9987018795166016,998701.8795166016
Y2019_LAT24.021_LON90.1442,2019,90.1442030886186,24.02099765017474,0.1739517111868743,0.211964076032793,0.6140842127803328,0.0,0.0,0.0,3,0,0,1,0,0,0,0,0.998416616355896,998416.616355896
Y2019_LAT24.02118_LON90.15402,2019,90.15402423550923,24.021180523111386,0.21746792420545596,0.2947567253586073,0.4853303693446917,0.0024449810912450256,0.0,0.0,3,0,0,1,0,0,0,1,0.7352647973632812,735264.7973632812
Y2019_LAT24.02136_LON90.16385,2019,90.16384548029855,24.021362767818765,0.06612404277006648,0.3438454067334969,0.5900305504964366,0.0,0.0,0.0,3,0,0,1,0,0,0,0,0.0981760906677246,98176.09066772461
Y2019_LAT24.0228_LON90.24242,2019,90.2424189249264,24.022798108014854,0.8511000741032365,0.0380962409064183,0.10876065358549336,0.00204303140485186,0.0,0.0,1,1,0,0,0,0,0,0,0.8311499176559448,831149.9176559448
Y2019_LAT24.02297_LON90.25224,2019,90.25224103617214,24.022974697941994,0.677552355103285,0.23891384748558175,0.08353379741113318,0.0,0.0,0.0,1,1,0,0,0,0,0,0,0.2905701661148071,290570.1661148071
Y2019_LAT24.02739_LON90.00651,2019,90.00650845226181,24.02739136426117,0.8730159789541283,0.1190475223835332,0.007936498662338485,0.0,0.0,0.0,1,1,0,0,0,0,0,0,0.01258132022857666,12581.32022857666
Y2019_LAT24.02758_LON90.01633,2019,90.01632887578877,24.027583109939343,0.47963236639175794,0.04386766317004758,0.45590909042436106,0.020590880013833423,0.0,0.0,1,1,0,0,0,0,0,1,0.44614263244628904,446142.63244628906
Y2019_LAT24.02777_LON90.02615,2019,90.02614940218974,24.027774227450884,0.4964540492300586,0.08346937837445306,0.39225326180782033,0.027823310587668047,0.0,0.0,1,1,0,0,0,0,0,1,0.18303205152893065,183032.05152893066
Y2019_LAT24.02796_LON90.03597,2019,90.03597003069595,24.027964716901543,0.20738623296019087,0.06747163289832711,0.725142134141482,0.0,0.0,0.0,3,0,0,1,0,0,0,0,0.14059707320404052,140597.07320404053
Y2019_LAT24.02815_LON90.04579,2019,90.04579076145403,24.028154578179574,0.16296883445430332,0.3146997275099567,0.5196695072790779,0.002661930756662048,0.0,0.0,3,0,0,1,0,0,0,0,0.6752337200775147,675233.7200775146
Y2019_LAT24.02834_LON90.05561,2019,90.05561159372064,24.02834381130787,0.3496133077477911,0.13906093701194114,0.5113257552402678,0.0,0.0,0.0,3,0,0,1,0,0,0,0,0.7891819902648926,789181.9902648926
Y2019_LAT24.02853_LON90.06543,2019,90.06543252742239,24.028532416215814,0.1762488208908382,0.06315237115795042,0.7544944642166755,0.006104343734535887,0.0,0.0,3,0,0,1,0,0,0,0,0.8997389232025147,899738.9232025146
Y2019_LAT24.02872_LON90.07525,2019,90.07525356212062,24.02872039298285,0.439920580775375,0.024846010833152538,0.5352334083914725,0.0,0.0,0.0,3,0,0,1,0,0,0,0,0.9565732304611206,956573.2304611206
Y2019_LAT24.02891_LON90.08507,2019,90.08507469747711,24.02890774142831,0.13602139878096053,0.021667249285743567,0.8423113519332959,0.0,0.0,0.0,3,0,0,1,0,0,0,0,0.9955336113662719,995533.611366272
Y2019_LAT24.02909_LON90.0949,2019,90.0948959331981,24.029094461614562,0.0,0.011680555431969128,0.9883194445680309,0.0,0.0,0.0,3,0,0,1,0,0,0,0,0.41892969788360596,418929.69788360596
Y2019_LAT24.02928_LON90.10472,2019,90.10471726886135,24.029280553518188,0.0,0.0,0.0,0.0,0.0,0.0,1,1,0,0,0,0,0,1,0.0,0.0
Y2019_LAT24.02947_LON90.11454,2019,90.11453870427195,24.029466017085266,0.0,0.0,1.0,0.0,0.0,0.0,3,0,0,1,0,0,0,0,0.2260991318511963,226099.1318511963
Y2019_LAT24.02965_LON90.12436,2019,90.12436023893018,24.02965085236639,0.12025031207121287,0.016514338700455166,0.863235349228332,0.0,0.0,0.0,3,0,0,1,0,0,0,0,0.6228819507598877,622881.9507598877
Y2019_LAT24.02984_LON90.13418,2019,90.13418187256471,24.0298350592277,0.07595424307323065,0.005842633195985321,0.918203123730784,0.0,0.0,0.0,3,0,0,1,0,0,0,0,0.7692001951293945,769200.1951293945
Y2019_LAT24.03002_LON90.144,2019,90.14400360500903,24.030018637753553,0.17055075728861438,0.002469513837945104,0.8269797288734405,0.0,0.0,0.0,3,0,0,1,0,0,0,0,0.6470675158386231,647067.515838623
Y2019_LAT24.0302_LON90.15383,2019,90.15382543554587,24.030201587748444,0.0,0.0,1.0,0.0,0.0,0.0,3,0,0,1,0,0,0,0,0.0034955336380004883,3495.5336380004883
Y2019_LAT24.03164_LON90.2324,2019,90.23240357986296,24.031642561978984,1.0,0.0,0.0,0.0,0.0,0.0,1,1,0,0,0,0,0,0,0.005094134674072266,5094.134674072266
Y2019_LAT24.03182_LON90.24223,2019,90.24222628036154,24.03181985510634,0.8655923928599993,0.12819358115610205,0.0,0.006214025983898589,0.0,0.0,1,1,0,0,0,0,0,0,0.43400328407287597,434003.284072876
Y2019_LAT24.032_LON90.25205,2019,90.25204907562119,24.03199651969358,1.0,0.0,0.0,0.0,0.0,0.0,1,1,0,0,0,0,0,0,0.006093073814392089,6093.07381439209
Y2019_LAT24.03641_LON90.0063,2019,90.00629929605367,24.036411231532128,0.8082900483775333,0.0010362707367843735,0.13367881775830567,0.056994863127376734,0.0,0.0,1,1,0,0,0,0,0,0,0.09635688662719727,96356.88662719727
Y2019_LAT24.0366_LON90.01612,2019,90.01612040333335,24.036603057988735,0.5709469137376072,0.03359991685285211,0.3468646580102142,0.04858851139932653,0.0,0.0,1,1,0,0,0,0,0,0,0.7994188454666138,799418.8454666138
Y2019_LAT24.03679_LON90.02594,2019,90.0259416133831,24.03679425616398,0.4172541874911178,0.0,0.5140838201600405,0.06866199234884166,0.0,0.0,3,0,0,1,0,0,0,0,0.056716989601135255,56716.989601135254
Y2019_LAT24.03755_LON90.06523,2019,90.06522747375895,24.037552764788703,0.6640714870626121,0.15127912697417115,0.18464938596321678,0.0,0.0,0.0,1,1,0,0,0,0,0,0,0.0897743159942627,89774.3159942627
Y2019_LAT24.03774_LON90.07505,2019,90.07504919229622,24.037740820748656,0.5511252984930556,0.01243297607317388,0.4364417254337705,0.0,0.0,0.0,1,1,0,0,0,0,0,0,0.4658553452377319,465855.34523773193
Y2019_LAT24.03793_LON90.08487,2019,90.08487101152558,24.037928248245947,0.20056220687644002,0.03592633428387869,0.7635114588396813,0.0,0.0,0.0,3,0,0,1,0,0,0,0,0.31965987990570066,319659.8799057007
Y2019_LAT24.04562_LON90.01591,2019,90.01591182811815,24.045622993824633,0.0,0.0,1.0,0.0,0.0,0.0,3,0,0,1,0,0,0,0,0.09575872640228271,95758.72640228271
