grid_id,year,longitude,latitude,frac_built,frac_vegetation,frac_cropland,frac_water,frac_wetland,frac_bare,dominant_class,oh_built,oh_vegetation,oh_cropland,oh_water,oh_wetland,oh_bare,mixed_flag,valid_obs_ratio,a_valid
Y2023_LAT23.52482_LON90.15502,2023,90.15502415698468,23.524824690620612,0.0,0.0,0.0,0.39249088037180224,0.0,0.6075091196281978,6,0,0,0,0,0,1,0,0.08778755969238282,87787.55969238281
Y2023_LAT23.525_LON90.16481,2023,90.16480821194499,23.52500333582075,0.0,0.0,0.0,0.6805232555098212,0.0,0.3194767444901789,4,0,0,0,1,0,0,0,0.4589164562301636,458916.4562301636
Y2023_LAT23.52518_LON90.17459,2023,90.17459236327528,23.5251813673849,0.36713045289700846,0.39554353674354775,0.13561511263449882,0.09880485914655988,0.0,0.002906038578385104,2,0,1,0,0,0,0,1,0.30931080532836913,309310.80532836914
Y2023_LAT23.53385_LON90.15483,2023,90.15483003468516,23.533846342091746,0.0,0.0,0.0,1.0,0.0,0.0,4,0,0,0,1,0,0,0,0.6275947598495484,627594.7598495483
Y2023_LAT23.53403_LON90.16461,2023,90.16461475513425,23.53402506394596,0.21210094591269077,0.0031000001481174375,0.0,0.7847990539391918,0.0,0.0,4,0,0,0,1,0,0,0,0.9987303644256592,998730.3644256592
Y2023_LAT23.5342_LON90.1744,2023,90.17439957193227,23.534203171844304,0.8933847697316989,0.04399122958816395,0.03417860957684488,0.022932696268759854,0.005512694834532462,0.0,1,1,0,0,0,0,0,0,0.9058607890701293,905860.7890701294
Y2023_LAT23.53438_LON90.18418,2023,90.18418448473497,23.53438066576062,1.0,0.0,0.0,0.0,0.0,0.0,1,1,0,0,0,0,0,0,0.016579294891357423,16579.294891357422
Y2023_LAT23.54269_LON90.14485,2023,90.14485052638558,23.542688569006817,0.0,0.0,0.0,1.0,0.0,0.0,4,0,0,0,1,0,0,0,0.21572049773406982,215720.49773406982
Y2023_LAT23.54287_LON90.15464,2023,90.15463581577698,23.542867981597322,0.07794250750346197,0.0,0.0,0.922057492496538,0.0,0.0,4,0,0,0,1,0,0,0,0.972549864227295,972549.8642272949
Y2023_LAT23.54305_LON90.16442,2023,90.16442120199689,23.543046780077745,0.8289005426111437,0.05650003804236799,0.0,0.1145994193464884,0.0,0.0,1,1,0,0,0,0,0,0,0.9987303672103882,998730.3672103882
Y2023_LAT23.54322_LON90.17421,2023,90.17420668451803,23.54322496427895,0.6870989694524852,0.02519998879915895,0.28770104174835587,0.0,0.0,0.0,1,1,0,0,0,0,0,0,0.9987446240844726,998744.6240844727
Y2023_LAT23.5434_LON90.18399,2023,90.18399226315104,23.543402534303326,0.6498587484861245,0.0,0.35014125151387554,0.0,0.0,0.0,1,1,0,0,0,0,0,0,0.21193544891357421,211935.44891357422
Y2023_LAT23.55153_LON90.13487,2023,90.13486968623559,23.551530015836853,0.0,0.0,0.0,1.0,0.0,0.0,4,0,0,0,1,0,0,0,0.08099400813293457,80994.00813293457
Y2023_LAT23.55171_LON90.14466,2023,90.14465554458269,23.551710119708087,0.00221411793362898,0.0,0.0,0.997785882066371,0.0,0.0,4,0,0,0,1,0,0,0,0.9021277667770385,902127.7667770386
Y2023_LAT23.55189_LON90.15444,2023,90.15444150021044,23.551889609170125,0.5053006351928332,0.10470030037666496,0.04990028336695936,0.3272987303156341,0.010200058393656614,0.0025999923542519487,1,1,0,0,0,0,0,0,0.9987160634460449,998716.0634460449
Y2023_LAT23.55207_LON90.16423,2023,90.16422755244805,23.552068484213372,0.67790014580743,0.07989969737077159,0.242000158123549,0.0,0.00019999869824960219,0.0,1,1,0,0,0,0,0,0,0.9987303698120117,998730.3698120117
Y2023_LAT23.55225_LON90.17401,2023,90.1740137011059,23.552246744855402,0.7534619692622139,0.0005540141726363791,0.24476517143964496,0.0012188451255048052,0.0,0.0,1,1,0,0,0,0,0,0,0.9013664519577026,901366.4519577026
Y2023_LAT23.55242_LON90.1838,2023,90.18379994580019,23.552424390933815,0.10054338536659817,0.0013586995638872107,0.8980979150695146,0.0,0.0,0.0,3,0,0,1,0,0,0,0,0.07350824320220947,73508.24320220947
Y2023_LAT23.55946_LON90.07596,2023,90.07595685000386,23.55945748442499,0.0,1.0,0.0,0.0,0.0,0.0,2,0,1,0,0,0,0,0,0.10395469815063477,103954.69815063477
Y2023_LAT23.55964_LON90.08574,2023,90.08574278524303,23.559641352957325,0.0,0.8591995153969075,0.0,0.0,0.0,0.14080048460309244,2,0,1,0,0,0,0,0,0.06241312474822998,62413.12474822998
Y2023_LAT23.56055_LON90.13467,2023,90.1346739410854,23.560551477377906,0.0,0.013929068549289152,0.0,0.8375824024329263,0.0,0.1484885290177846,4,0,0,0,1,0,0,0,0.38000215110778807,380002.1511077881
Y2023_LAT23.56073_LON90.14446,2023,90.14446046595044,23.560731658431777,0.28800139884002285,0.0011999916657238997,0.0,0.656998895537449,0.0,0.05379971395680436,4,0,0,0,1,0,0,0,0.9987017121124268,998701.7121124268
Y2023_LAT23.56091_LON90.15425,2023,90.15424708780246,23.56091122487003,0.8240998103548292,0.0074000049897240345,0.16850018465544678,0.0,0.0,0.0,1,1,0,0,0,0,0,0,0.9987160675735474,998716.0675735474
Y2023_LAT23.56109_LON90.16403,2023,90.16403380648616,23.56109017648935,0.7082001264165855,0.012299971258721884,0.2794999023246927,0.0,0.0,0.0,1,1,0,0,0,0,0,0,0.9987303740921021,998730.374092102
Y2023_LAT23.56127_LON90.17382,2023,90.1738206215853,23.561268513405874,0.4606998290881723,0.034699936155167616,0.5032002291244767,0.0014000056321833859,0.0,0.0,3,0,0,1,0,0,0,0,0.9987446305694581,998744.630569458
Y2023_LAT23.56145_LON90.18361,2023,90.18360753279721,23.561446235584405,0.655740903625868,0.12171498777499984,0.22171423691690867,0.00027662385181238526,0.0005532478304112555,0.0,1,1,0,0,0,0,0,0,0.7221016843185425,722101.6843185425
Y2023_LAT23.56162_LON90.19339,2023,90.193394539743,23.561623342994867,0.3213578944776546,0.3111403325492326,0.3675017729731129,0.0,0.0,0.0,3,0,0,1,0,0,0,1,0.6060551046066284,606055.1046066284
Y2023_LAT23.5618_LON90.20318,2023,90.20318164221113,23.561799835632396,0.35489962290120497,0.007969974059118258,0.6371304030396767,0.0,0.0,0.0,3,0,0,1,0,0,0,0,0.21304068893432618,213040.68893432617
Y2023_LAT23.56811_LON90.05618,2023,90.0561841032653,23.56810872663883,0.0,0.0,0.0,0.9986702202785117,0.0,0.0013297797214882397,4,0,0,0,1,0,0,0,0.07509282682037353,75092.82682037354
Y2023_LAT23.56829_LON90.06597,2023,90.0659705057738,23.56829390346477,0.0,0.047191344036386945,0.0,0.9528086559636131,0.0,0.0,4,0,0,0,1,0,0,0,0.4337858655395508,433785.8655395508
Y2023_LAT23.56848_LON90.07576,2023,90.07575700812465,23.56847846549364,0.0,0.5324405989960308,0.0,0.2346310905444203,0.0,0.23292831045954893,2,0,1,0,0,0,0,0,0.8788682603988648,878868.2603988647
Y2023_LAT23.56866_LON90.08554,2023,90.08554360972573,23.56866241285735,0.0,0.7823507467608112,0.0,0.08634033056093827,0.0,0.13130892267825053,2,0,1,0,0,0,0,0,0.9437903206634521,943790.3206634521
Y2023_LAT23.56885_LON90.09533,2023,90.09533031066343,23.568845745324147,0.0,0.6806832063085901,0.0,0.28704285818865594,0.0,0.03227393550275396,2,0,1,0,0,0,0,0,0.6126586168670655,612658.6168670654
Y2023_LAT23.56903_LON90.10512,2023,90.10511711033375,23.569028462994325,0.0,0.0,0.0,1.0,0.0,0.0,4,0,0,0,1,0,0,0,0.6346385269851684,634638.5269851685
Y2023_LAT23.56921_LON90.1149,2023,90.11490400835534,23.56921056583318,0.0,0.0,0.0,1.0,0.0,0.0,4,0,0,0,1,0,0,0,0.877021916267395,877021.916267395
Y2023_LAT23.56939_LON90.12469,2023,90.12469100463397,23.56939205383484,0.0,0.0,0.0,0.6685871850128858,0.0,0.3314128149871142,4,0,0,0,1,0,0,0,0.9181797448043824,918179.7448043823
Y2023_LAT23.56957_LON90.13448,2023,90.1344780985673,23.56957292699432,0.0,0.07599914720544042,0.0,0.04138825595726147,0.0,0.8826125968372981,6,0,0,0,0,0,1,0,0.9724219916381835,972421.9916381836
Y2023_LAT23.56975_LON90.14427,2023,90.1442652900807,23.56975318514655,0.4468017452637704,0.027899824345339736,0.0,0.3500994031276985,0.0,0.17519902726319134,1,1,0,0,0,0,0,1,0.9987017156448365,998701.7156448364
Y2023_LAT23.56993_LON90.15405,2023,90.15405257867346,23.569932828379407,0.7671993195475872,0.10130006260931051,0.13150061784310227,0.0,0.0,0.0,1,1,0,0,0,0,0,0,0.9987160703735352,998716.0703735352
Y2023_LAT23.57011_LON90.16384,2023,90.16383996414751,23.570111856688687,0.45570010434011343,0.07950035407309358,0.4595995122943811,0.005200029292411878,0.0,0.0,3,0,0,1,0,0,0,1,0.998730376991272,998730.376991272
Y2023_LAT23.57029_LON90.17363,2023,90.1736274458886,23.570290270004396,0.3158998615495581,0.17299960480216045,0.4748004221876054,0.010600006545106158,0.025700104915569857,0.0,3,0,0,1,0,0,0,1,0.9987446329345703,998744.6329345703
Y2023_LAT23.57047_LON90.18342,2023,90.18341502396615,23.570468068336094,0.9480000635462782,0.02369990203959422,0.024700058950501497,0.000199998596127445,0.003399976867498621,0.0,1,1,0,0,0,0,0,0,0.9987588417053223,998758.8417053223
Y2023_LAT23.57065_LON90.1932,2023,90.19320269775938,23.57064525159108,0.5574990768890987,0.10050004155133824,0.3360008913172175,0.005599990501241757,0.00039999974110384334,0.0,1,1,0,0,0,0,0,0,0.9987730005722046,998773.0005722046
Y2023_LAT23.57082_LON90.20299,2023,90.2029904670772,23.570821819783017,0.08696662288025553,0.0008160414193805321,0.8788761283486967,0.02273262270974098,0.010608584641926258,0.0,3,0,0,1,0,0,0,0,0.856758760231018,856758.7602310181
Y2023_LAT23.57694_LON90.0462,2023,90.04619585909796,23.576943666385603,0.0,0.2690585379521323,0.0,0.3991025215491283,0.0,0.33183894049873947,4,0,0,0,1,0,0,1,0.13360740531921386,133607.40531921387
Y2023_LAT23.57713_LON90.05598,2023,90.05598282827117,23.577129537391478,0.0,0.4816241217865084,0.0,0.2987262173947978,0.0,0.21964966081869383,2,0,1,0,0,0,0,1,0.9319660593185425,931966.0593185425
Y2023_LAT23.57731_LON90.06577,2023,90.065769897539,23.577314793497933,0.0,0.0,0.0,1.0,0.0,0.0,4,0,0,0,1,0,0,0,0.9985851132507324,998585.1132507324
Y2023_LAT23.5775_LON90.07556,2023,90.07555706663567,23.577499434562377,0.0,0.3320004510587001,0.0,0.2219988237039572,0.0,0.4460007252373427,6,0,0,0,0,0,1,1,0.998599859550476,998599.8595504761
Y2023_LAT23.57768_LON90.08534,2023,90.08534433523448,23.5776834605988,0.0,0.34169935404862556,0.0,0.49820100107316073,0.0018999888411318157,0.15819965603708186,4,0,0,0,1,0,0,1,0.9986145565185547,998614.5565185547
Y2023_LAT23.57787_LON90.09513,2023,90.0951317028898,23.57786687159305,0.0,0.0603996955226303,0.0,0.9395003049644335,0.0,9.999951293631032e-05,4,0,0,0,1,0,0,0,0.9986292078323364,998629.2078323364
Y2023_LAT23.57805_LON90.10492,2023,90.10491916941976,23.578049667496614,0.0,0.0,0.0,1.0,0.0,0.0,4,0,0,0,1,0,0,0,0.9986438070220948,998643.8070220947
Y2023_LAT23.57823_LON90.11471,2023,90.11470673447899,23.57823184828701,0.0,0.0,0.0,1.0,0.0,0.0,4,0,0,0,1,0,0,0,0.9986583585891724,998658.3585891724
Y2023_LAT23.57841_LON90.12449,2023,90.12449439763861,23.578413414009635,0.0,0.0,0.0,0.5766993304311108,0.0,0.42330066956888923,4,0,0,0,1,0,0,0,0.9986728618240357,998672.8618240356
Y2023_LAT23.57859_LON90.13428,2023,90.13428215864754,23.57859436451453,0.0420002285757746,0.007600049058667439,0.0,0.41209998261922703,0.0,0.5382997397463309,6,0,0,0,0,0,1,0,0.9986873137054444,998687.3137054443
Y2023_LAT23.57877_LON90.14407,2023,90.14407001710569,23.578774699885162,0.7889010044897478,0.001899986858785108,0.0,0.19419910955406586,0.0,0.014999899097401239,1,1,0,0,0,0,0,0,0.9987017188186645,998701.7188186646
Y2023_LAT23.57895_LON90.15386,2023,90.15385797276721,23.57895442004642,0.9102995273879348,0.03720014795729426,0.052500324654770975,0.0,0.0,0.0,1,1,0,0,0,0,0,0,0.9987160729522705,998716.0729522705
Y2023_LAT23.57913_LON90.16365,2023,90.16364602520018,23.579133524951896,0.47159916000806823,0.03860015700190699,0.4889006782956072,0.0009000046944176177,0.0,0.0,3,0,0,1,0,0,0,1,0.9987303795242309,998730.379524231
Y2023_LAT23.57931_LON90.17343,2023,90.17343417417264,23.57931201463274,0.3756001709693742,0.256300051372593,0.34309963987653896,0.012300057695074616,0.012700080086419362,0.0,1,1,0,0,0,0,0,1,0.9987446366500855,998744.6366500854
Y2023_LAT23.57949_LON90.18322,2023,90.18322241933929,23.579489889063357,0.8793004285507258,0.027199935793148583,0.036099841820389535,0.02429989742585636,0.0330998964098798,0.0,1,1,0,0,0,0,0,0,0.9987588431625366,998758.8431625366
Y2023_LAT23.57967_LON90.19301,2023,90.19301076029917,23.579667148169737,0.6928994980441314,0.03369994986930799,0.19860078401505085,0.021299948732396642,0.05349981933911308,0.0,1,1,0,0,0,0,0,0,0.9987730033416748,998773.0033416748
Y2023_LAT23.57984_LON90.2028,2023,90.20279919675204,23.579843791963405,0.07402889673444579,0.0013239113288271622,0.899161646268496,0.025485545668231024,0.0,0.0,3,0,0,1,0,0,0,0,0.9053000693664551,905300.0693664551
Y2023_LAT23.58002_LON90.21259,2023,90.21258772841915,23.580019820434256,0.0,0.0,1.0,0.0,0.0,0.0,3,0,0,1,0,0,0,0,0.006492164047241211,6492.164047241211
Y2023_LAT23.58596_LON90.04599,2023,90.04599381691534,23.58596438550922,0.0,1.0,0.0,0.0,0.0,0.0,2,0,1,0,0,0,0,0,0.005591948699951172,5591.948699951172
Y2023_LAT23.58615_LON90.05578,2023,90.05578145311696,23.586150336100093,0.0,0.4323816420151075,0.0,0.4547619004037285,0.0,0.11285645758116403,4,0,0,0,1,0,0,1,0.6291007388534546,629100.7388534546
Y2023_LAT23.58634_LON90.06557,2023,90.06556918952256,23.586335671448463,0.0,0.043399704758959046,0.0,0.9565002958968852,0.0,9.999934415567496e-05,4,0,0,0,1,0,0,0,0.9985851166687012,998585.1166687012
Y2023_LAT23.58652_LON90.07536,2023,90.07535702573853,23.58652039155245,0.0,0.012100010494530057,0.0,0.7618989803082908,0.0,0.22600100919717916,4,0,0,0,1,0,0,0,0.9985998625869751,998599.8625869751
Y2023_LAT23.5867_LON90.08514,2023,90.08514496146475,23.586704496283456,0.0,0.0,0.0,0.9431002511827649,0.0,0.05689974881723515,4,0,0,0,1,0,0,0,0.9986145607376099,998614.5607376099
Y2023_LAT23.58689_LON90.09493,2023,90.0949329963622,23.586887985781267,0.0,0.0,0.0,1.0,0.0,0.0,4,0,0,0,1,0,0,0,0.9986292118606568,998629.2118606567
Y2023_LAT23.58707_LON90.10472,2023,90.10472113013071,23.58707085993436,0.0,0.049600149877126416,0.0,0.687799370480408,0.0,0.2626004796424657,4,0,0,0,1,0,0,0,0.9986438112792969,998643.8112792969
Y2023_LAT23.58725_LON90.11451,2023,90.11450936239324,23.587253118705235,0.045200257205302984,0.00019999975743060204,0.03360008438571268,0.48369983376316944,0.0,0.43729982488838426,4,0,0,0,1,0,0,1,0.9986583614883423,998658.3614883423
Y2023_LAT23.58743_LON90.1243,2023,90.12429769287054,23.587434762095437,0.3391007964059799,0.0070999988193063196,0.11349973170843575,0.40909992932010425,0.0,0.1311995437461738,4,0,0,0,1,0,0,1,0.9986728641891479,998672.864189148
Y2023_LAT23.58762_LON90.13409,2023,90.13408612110976,23.58761579005396,0.8968004283921704,0.0006999977927133447,0.013599948647819207,0.08889962516729703,0.0,0.0,1,1,0,0,0,0,0,0,0.9986873183517456,998687.3183517456
Y2023_LAT23.5878_LON90.14387,2023,90.14387464704231,23.58779620262227,1.0,0.0,0.0,0.0,0.0,0.0,1,1,0,0,0,0,0,0,0.99870172265625,998701.72265625
Y2023_LAT23.58798_LON90.15366,2023,90.15366326991588,23.58797599966816,0.9446996893166675,0.021700097503559244,0.03360021317977328,0.0,0.0,0.0,1,1,0,0,0,0,0,0,0.9987160771179199,998716.0771179199
Y2023_LAT23.58816_LON90.16345,2023,90.16345198990635,23.58815518125924,0.2605995954087075,0.07420038464301361,0.6652000199482789,0.0,0.0,0.0,3,0,0,1,0,0,0,0,0.9987303838272095,998730.3838272095
Y2023_LAT23.58833_LON90.17324,2023,90.17324080625525,23.588333747325716,0.11449977369058584,0.1654000484061957,0.6755002181907018,0.043099950523811804,0.001500009188704935,0.0,3,0,0,1,0,0,0,0,0.9987446397399903,998744.6397399902
Y2023_LAT23.58851_LON90.18303,2023,90.183029718879,23.58851169786459,0.08759981079470869,0.008500004936164977,0.7526005590768028,0.10779951209044498,0.04350011310187858,0.0,3,0,0,1,0,0,0,0,0.998758849029541,998758.849029541
Y2023_LAT23.58869_LON90.19282,2023,90.19281872730237,23.588689032843238,0.0,0.0,0.8952003068735839,0.027299916282058755,0.07749977684435737,0.0,3,0,0,1,0,0,0,0,0.9987730065689087,998773.0065689087
Y2023_LAT23.58887_LON90.20261,2023,90.20260783126669,23.588865752282388,0.05350032798150916,0.0011000067260832156,0.8796994585260807,0.03610003901481079,0.02960016775151597,0.0,3,0,0,1,0,0,0,0,0.9987871167831421,998787.1167831421
Y2023_LAT23.58904_LON90.2124,2023,90.21239703050647,23.589041856029944,0.3726102257925456,0.0005706146511453878,0.5503570105751343,0.0065620420528272995,0.06990010692834742,0.0,3,0,0,1,0,0,0,0,0.35007886922454834,350078.86922454834
Y2023_LAT23.5948_LON90.036,2023,90.03600347111704,23.59479844691392,0.0,1.0,0.0,0.0,0.0,0.0,2,0,1,0,0,0,0,0,0.00029956439208984377,299.56439208984375
Y2023_LAT23.59499_LON90.04579,2023,90.04579167419091,23.59498509252726,0.0,0.8195565218256082,0.0,0.1526943838363045,0.0,0.02774909433808723,2,0,1,0,0,0,0,0,0.6801172602539063,680117.2602539062
Y2023_LAT23.59517_LON90.05558,2023,90.05557997778936,23.59517112263364,0.0,0.7818991956171074,0.0002999982978732088,0.17800087670527984,0.0,0.039799929379739515,2,0,1,0,0,0,0,0,0.9985703222198486,998570.3222198486
Y2023_LAT23.59536_LON90.06537,2023,90.06536838164709,23.595356537252762,0.0,0.012999913988976703,0.0,0.9845001040499664,0.0,0.0024999819610569515,4,0,0,0,1,0,0,0,0.9985851197967529,998585.1197967529
Y2023_LAT23.59554_LON90.07516,2023,90.07515688533432,23.59554133638684,0.0,0.0,0.0,1.0,0.0,0.0,4,0,0,0,1,0,0,0,0.9985998668136596,998599.8668136597
Y2023_LAT23.59573_LON90.08495,2023,90.08494548853858,23.595725519964397,0.0,0.0,0.0,1.0,0.0,0.0,4,0,0,0,1,0,0,0,0.9986145637664795,998614.5637664795
Y2023_LAT23.59591_LON90.09473,2023,90.09473419102342,23.595909087928014,0.05380028647329041,0.0026000081839173714,0.00760004412261644,0.7813990819467154,0.0,0.1546005792734604,4,0,0,0,1,0,0,0,0.9986292143249512,998629.2143249512
Y2023_LAT23.59609_LON90.10452,2023,90.10452299225352,23.596092040304715,0.24350008157591838,0.0024000014230358586,0.3374006304910434,0.20620012102422047,0.0,0.21049916548578185,3,0,0,1,0,0,0,1,0.998643813873291,998643.813873291
Y2023_LAT23.59627_LON90.11431,2023,90.11431189212549,23.596274377093007,0.7369005471238848,0.0003999991236197503,0.2377995912374131,0.02489986251508239,0.0,0.0,1,1,0,0,0,0,0,0,0.9986583655319213,998658.3655319214
Y2023_LAT23.59646_LON90.1241,2023,90.12410089023778,23.596456098183445,0.5014996130856348,0.07440016410736724,0.4162002105972637,0.007900012209734197,0.0,0.0,1,1,0,0,0,0,0,0,0.9986728685302735,998672.8685302734
Y2023_LAT23.59664_LON90.13389,2023,90.13388998618139,23.596637203605646,0.8954005543637921,0.08569956874242059,0.018899876893787353,0.0,0.0,0.0,1,1,0,0,0,0,0,0,0.9986873205261231,998687.320526123
Y2023_LAT23.59682_LON90.14368,2023,90.1436791796325,23.596817693356176,0.825499533155684,0.0720000724709793,0.10250039437333668,0.0,0.0,0.0,1,1,0,0,0,0,0,0,0.9987017257919312,998701.7257919312
Y2023_LAT23.597_LON90.15347,2023,90.1534684703842,23.59699756729302,0.6065001208042271,0.014299981044299479,0.37319992038974237,0.00599997776173104,0.0,0.0,1,1,0,0,0,0,0,0,0.9987160798034668,998716.0798034668
Y2023_LAT23.59718_LON90.16326,2023,90.16325785798442,23.597176825579254,0.3749992182629437,0.03790012560290124,0.5871006561341551,0.0,0.0,0.0,3,0,0,1,0,0,0,0,0.998730386795044,998730.386795044
Y2023_LAT23.59736_LON90.17305,2023,90.1730473421215,23.597355468053422,0.1463994898769225,0.04909988621004441,0.7783007391334481,0.02619988477958504,0.0,0.0,3,0,0,1,0,0,0,0,0.9987446420135498,998744.6420135498
Y2023_LAT23.59753_LON90.18284,2023,90.18283692257297,23.597533494740503,0.0,0.0,0.9324998653224807,0.059200132079543076,0.008300002597976213,0.0,3,0,0,1,0,0,0,0,0.9987588518447876,998758.8518447876
Y2023_LAT23.59771_LON90.19263,2023,90.19262659872543,23.597710905631754,0.005199987722734995,0.0,0.9546001319495625,0.017599936256736403,0.022599944070966105,0.0,3,0,0,1,0,0,0,0,0.9987730102996826,998773.0102996826
Y2023_LAT23.59789_LON90.20242,2023,90.20241637070119,23.597887700577804,0.0,0.0,0.9796999509018092,0.020300049098190845,0.0,0.0,3,0,0,1,0,0,0,0,0.9987871192245483,998787.1192245483
Y2023_LAT23.59806_LON90.21221,2023,90.2122062376602,23.598063879734603,0.0013011798025557623,0.0,0.9965969193179631,0.000500448931831066,0.0016014519476500837,0.0,3,0,0,1,0,0,0,0,0.997902252861023,997902.252861023
Y2023_LAT23.59824_LON90.222,2023,90.22199619966455,23.598239442940674,0.28514899810630695,0.0010337723656926867,0.6426593838489217,0.0,0.07115784567907865,0.0,3,0,0,1,0,0,0,0,0.5797111211776733,579711.1211776733
Y2023_LAT23.60382_LON90.0358,2023,90.03580056023165,23.603819061985668,0.0,0.8789954639281353,0.0,0.0,0.0,0.12100453607186465,2,0,1,0,0,0,0,0,0.08747274250030518,87472.74250030518
Y2023_LAT23.60401_LON90.04559,2023,90.04558943091567,23.604005787425084,0.0,0.803699929010347,0.0,0.0013000081739618333,0.0020000049055083425,0.19300005791018282,2,0,1,0,0,0,0,0,0.9985554807815552,998555.4807815552
Y2023_LAT23.60419_LON90.05538,2023,90.05537840228902,23.60419189714959,0.0,0.4949001001199356,0.000199998884915497,0.00929994055409482,0.0013999924083373744,0.4941999680327167,2,0,1,0,0,0,0,1,0.9985703257522583,998570.3257522583
Y2023_LAT23.60438_LON90.06517,2023,90.06516747388737,23.604377391111335,0.0,0.06689957568073625,0.0,0.8295010168628465,0.00029999803061963557,0.10329940942579767,4,0,0,0,1,0,0,0,0.9985851228179932,998585.1228179932
Y2023_LAT23.60456_LON90.07496,2023,90.07495664535803,23.604562269246284,0.0,0.0,0.0,1.0,0.0,0.0,4,0,0,0,1,0,0,0,0.9985998696670533,998599.8696670532
Y2023_LAT23.60475_LON90.08475,2023,90.08474591641308,23.60474653158036,0.016800065555892845,0.03690009227504467,0.15170059170448572,0.652099042859621,0.0,0.14250020760495588,4,0,0,0,1,0,0,0,0.9986145675125122,998614.5675125122
Y2023_LAT23.60493_LON90.09454,2023,90.09453528668544,23.604930178071733,0.5772002892967488,0.018299902010799205,0.2853003643090676,0.08839961247113545,0.0,0.03079983191224892,1,1,0,0,0,0,0,0,0.9986292183609009,998629.2183609009
Y2023_LAT23.60511_LON90.10432,2023,90.1043247559147,23.605113208680958,0.6242996632873291,0.0004999992723132952,0.373400337115668,0.0018000003246896059,0.0,0.0,1,1,0,0,0,0,0,0,0.9986438179016113,998643.8179016113
Y2023_LAT23.6053_LON90.11411,2023,90.11411432372446,23.60529562340362,0.8588003579923177,0.017800032702994018,0.1233996093046883,0.0,0.0,0.0,1,1,0,0,0,0,0,0,0.9986583685302735,998658.3685302734
Y2023_LAT23.60548_LON90.1239,2023,90.12390398965758,23.605477422241357,0.9802999668356406,0.0027999960931427317,0.016900037071216734,0.0,0.0,0.0,1,1,0,0,0,0,0,0,0.9986728706359863,998672.8706359863
Y2023_LAT23.60566_LON90.13369,2023,90.13369375359669,23.605658605116787,1.0,0.0,0.0,0.0,0.0,0.0,1,1,0,0,0,0,0,0,0.9986873244476319,998687.3244476318
Y2023_LAT23.60584_LON90.14348,2023,90.14348361519569,23.605839172024595,0.766699195231283,0.06390023082882727,0.16700057199350293,0.0010000039494786905,0.0013999979969081106,0.0,1,1,0,0,0,0,0,0,0.9987017288665772,998701.7288665771
Y2023_LAT23.60602_LON90.15327,2023,90.15327357382665,23.606019123018413,0.4972003092059549,0.06439981630938345,0.43839987448466167,0.0,0.0,0.0,1,1,0,0,0,0,0,1,0.9987160824584961,998716.0824584961
Y2023_LAT23.6062_LON90.16306,2023,90.16306362953624,23.606198457881845,0.26149960132900235,0.028000019025436636,0.7098003747008647,0.0007000049446964185,0.0,0.0,3,0,0,1,0,0,0,0,0.9987303893127442,998730.3893127441
Y2023_LAT23.60638_LON90.17285,2023,90.17285378180443,23.60637717677695,0.08759993988186994,0.0,0.8167002560020319,0.09189981848743976,0.0011999951882863784,0.0025999904403720244,3,0,0,1,0,0,0,0,0.9987446460037231,998744.6460037231
Y2023_LAT23.60656_LON90.18264,2023,90.18264403032298,23.606555279582388,0.0005000034970237303,0.0,0.8892997964073901,0.10990019968403561,0.0003000004115505285,0.0,3,0,0,1,0,0,0,0,0.9987588532562256,998758.8532562256
Y2023_LAT23.60673_LON90.19243,2023,90.19243437472318,23.606732766304486,0.17519939154334868,0.0,0.8238006120650522,0.0,0.0009999963915991509,0.0,3,0,0,1,0,0,0,0,0.9987730131530762,998773.0131530762
Y2023_LAT23.60691_LON90.20222,2023,90.2022248147192,23.606909636959887,0.22120012061311625,0.0,0.742099759461667,0.022200067143952604,0.014500052781264181,0.0,3,0,0,1,0,0,0,0,0.9987871231842042,998787.1231842041
Y2023_LAT23.60709_LON90.21202,2023,90.21201535005709,23.607085891444353,0.2953001817439397,0.0,0.6830998939720742,0.000500003449875514,0.02109992083411074,0.0,3,0,0,1,0,0,0,0,0.9988011834716797,998801.1834716797
Y2023_LAT23.60726_LON90.22181,2023,90.22180598019388,23.607261529761217,0.6435878396603856,0.024631085105807474,0.29398319008442436,0.0,0.037797885149382544,0.0,1,1,0,0,0,0,0,0,0.8799554725189209,879955.4725189209
Y2023_LAT23.61081_LON90.42743,2023,90.4274305541086,23.610807560186927,0.33860333633218204,0.14887988200614694,0.0,0.512516781661671,0.0,0.0,4,0,0,0,1,0,0,0,0.07583186631774902,75831.86631774902
Y2023_LAT23.61097_LON90.43722,2023,90.43722318872717,23.610969637114824,0.027700791955817785,0.008310241563502428,0.0,0.9639889664806798,0.0,0.0,4,0,0,0,1,0,0,0,0.03606773405456543,36067.73405456543
Y2023_LAT23.61284_LON90.0356,2023,90.03559754830985,23.612839664946023,0.0,0.0,0.0,0.0,0.0,1.0,6,0,0,0,0,0,1,0,0.014279223342895508,14279.223342895508
Y2023_LAT23.61303_LON90.04539,2023,90.04538708714924,23.613026470206158,0.0,0.05734750016494048,0.0,0.26680175483147506,0.0,0.6758507450035844,6,0,0,0,0,0,1,0,0.4457563989028931,445756.39890289307
Y2023_LAT23.61321_LON90.05518,2023,90.05517672655843,23.61321265948055,0.0,0.0,0.0,0.7557004063748841,0.0,0.24429959362511586,4,0,0,0,1,0,0,0,0.9985703291397094,998570.3291397095
Y2023_LAT23.6134_LON90.06497,2023,90.06496646621665,23.61339823274285,0.0,0.0,0.0,0.9945000375681727,0.0,0.005499962431827315,4,0,0,0,1,0,0,0,0.9985851262435913,998585.1262435913
Y2023_LAT23.61358_LON90.07476,2023,90.0747563058962,23.61358318994972,0.27790098531135876,0.048399973296394526,0.024600146161648642,0.633298795669071,9.999973063634547e-05,0.015700099830890723,4,0,0,0,1,0,0,0,0.9985998730926514,998599.8730926514
Y2023_LAT23.61377_LON90.08455,2023,90.08454624501395,23.61376753104904,0.5172007517085865,0.033499845657557,0.4196995861733606,0.011099932396037548,0.0,0.018499884064458138,1,1,0,0,0,0,0,0,0.9986145711746216,998614.5711746216
Y2023_LAT23.61395_LON90.09434,2023,90.09433628353942,23.61395125610378,0.7755003196929855,0.002299987537609656,0.2134997402459052,0.008699952523499763,0.0,0.0,1,1,0,0,0,0,0,0,0.9986292208175659,998629.2208175659
Y2023_LAT23.61413_LON90.10413,2023,90.10412642097,23.614134364971328,0.5197998604911508,0.0014000065394503321,0.45910012039144166,0.01970001257795732,0.0,0.0,1,1,0,0,0,0,0,0,0.9986438207550049,998643.8207550049
Y2023_LAT23.61432_LON90.11392,2023,90.11391665697448,23.614316857740192,0.9168003953596858,0.001700002702239138,0.08079960231332142,0.0006999996247536697,0.0,0.0,1,1,0,0,0,0,0,0,0.9986583722610474,998658.3722610474
Y2023_LAT23.6145_LON90.12371,2023,90.12370699129812,23.61449873431452,1.0,0.0,0.0,0.0,0.0,0.0,1,1,0,0,0,0,0,0,0.9986728748474121,998672.8748474121
Y2023_LAT23.61468_LON90.1335,2023,90.13349742343316,23.61467999466885,1.0,0.0,0.0,0.0,0.0,0.0,1,1,0,0,0,0,0,0,0.9986873279266357,998687.3279266357
Y2023_LAT23.61486_LON90.14329,2023,90.14328795335798,23.61486063877238,0.9863999797406047,0.005400010205647728,0.0,0.00820001005374764,0.0,0.0,1,1,0,0,0,0,0,0,0.9987017328643799,998701.7328643799
Y2023_LAT23.61504_LON90.15308,2023,90.15307858043687,23.615040666645115,0.5507987510878443,0.023699960927417506,0.4077013266672371,0.017799961317501167,0.0,0.0,1,1,0,0,0,0,0,0,0.9987160867767334,998716.0867767334
Y2023_LAT23.61522_LON90.16287,2023,90.16286930451557,23.615220078290914,0.01089992883816199,0.0,0.8730994863340708,0.009300053349403892,0.10670053147836336,0.0,3,0,0,1,0,0,0,0,0.9987303934936523,998730.3934936523
Y2023_LAT23.6154_LON90.17266,2023,90.17266012520611,23.61539887357998,0.0,0.0,0.7484005086057701,0.021299887030398756,0.23029960436383115,0.0,3,0,0,1,0,0,0,0,0.9987446488800049,998744.6488800049
Y2023_LAT23.61558_LON90.18245,2023,90.18245104215279,23.615577052584186,0.28020104583001615,0.003700005000546909,0.698599005231106,0.0,0.017499943938331142,0.0,3,0,0,1,0,0,0,0,0.9987588570709228,998758.8570709229
Y2023_LAT23.61575_LON90.19224,2023,90.1922420550847,23.615754615174378,0.38109876831469147,0.0004999968118803112,0.6142012073374159,0.00030000207762016063,0.0039000254583923507,0.0,3,0,0,1,0,0,0,0,0.9987730157546997,998773.0157546997
Y2023_LAT23.61593_LON90.20203,2023,90.2020331635949,23.615931561389,0.1902999414142639,0.0032000119042088185,0.7979000965133293,0.006999961257942389,0.001599988910255587,0.0,3,0,0,1,0,0,0,0,0.9987871255493164,998787.1255493164
Y2023_LAT23.61611_LON90.21182,2023,90.21182436738655,23.616107891202397,0.16440020643573783,0.06710023477838008,0.76339954519321,0.0,0.005100013592672184,0.0,3,0,0,1,0,0,0,0,0.9988011865310669,998801.1865310669
Y2023_LAT23.61628_LON90.22162,2023,90.22161566619138,23.616283604691276,0.5539300811787755,0.006665328103862724,0.4394045907173618,0.0,0.0,0.0,1,1,0,0,0,0,0,0,0.9890267427825927,989026.7427825928
Y2023_LAT23.61646_LON90.23141,2023,90.23140705959227,23.616458701651823,0.979972911481869,0.017591371768069252,0.0,0.0024357167500616743,0.0,0.0,1,1,0,0,0,0,0,0,0.3690664388809204,369066.4388809204
Y2023_LAT23.61967_LON90.41746,2023,90.41746107053739,23.61966838825803,0.007633578664126686,0.10687012432337188,0.8549619905169662,0.030534306495535204,0.0,0.0,3,0,0,1,0,0,0,0,0.02617617839050293,26176.17839050293
Y2023_LAT23.61983_LON90.42725,2023,90.4272542864896,23.619831151377753,0.08136800900933415,0.21752215283694454,0.6787710467474943,0.022213993636433053,0.0,0.00012479776979405495,3,0,0,1,0,0,0,0,0.800578106552124,800578.106552124
Y2023_LAT23.61999_LON90.43705,2023,90.4370475903296,23.619993297595872,0.6084392223899496,0.1950565332406624,0.021932723304472587,0.16688946537660745,0.0,0.007682055688307942,1,1,0,0,0,0,0,0,0.8974011365432739,897401.1365432739
Y2023_LAT23.62015_LON90.44684,2023,90.44684098128893,23.620154826879592,0.3186548730286085,0.2163824441779306,0.0,0.40530355385870254,0.0,0.05965912893475836,4,0,0,0,1,0,0,1,0.21101419497680665,211014.19497680664
Y2023_LAT23.62205_LON90.04518,2023,90.04518464271203,23.622047140918905,0.0,0.0,0.0,0.9988742987595781,0.0,0.0011257012404218489,4,0,0,0,1,0,0,0,0.5322318859786987,532231.8859786987
Y2023_LAT23.62223_LON90.05497,2023,90.05497495053406,23.622233409833044,0.0,0.0,0.0,1.0,0.0,0.0,4,0,0,0,1,0,0,0,0.9985703326950073,998570.3326950073
Y2023_LAT23.62242_LON90.06477,2023,90.06476535865332,23.622419062320585,0.2975010315077438,0.08590001175854663,0.054000197657711795,0.559498739855991,0.0,0.0031000192200069283,4,0,0,0,1,0,0,0,0.9985851296691894,998585.1296691895
Y2023_LAT23.6226_LON90.07456,2023,90.07455586674224,23.622604098558412,0.9004002778271453,0.04699975647894106,0.04809999622980885,0.004499969464104814,0.0,0.0,1,1,0,0,0,0,0,0,0.9985998769073486,998599.8769073486
Y2023_LAT23.62279_LON90.08435,2023,90.08434647443278,23.622788518511836,0.8770005772401149,0.028699853391508375,0.08299958484662687,0.011299984521749849,0.0,0.0,1,1,0,0,0,0,0,0,0.9986145741653443,998614.5741653442
Y2023_LAT23.62297_LON90.09414,2023,90.09413718140415,23.622972322092547,0.9493997600573688,0.0013000066568071762,0.04910023304096625,0.00020000024485773964,0.0,0.0,1,1,0,0,0,0,0,0,0.9986292247772217,998629.2247772217
Y2023_LAT23.62316_LON90.10393,2023,90.10392798739593,23.62315550928535,0.8865004157090952,0.05679979286230391,0.05339979028343573,0.0033000011451649516,0.0,0.0,1,1,0,0,0,0,0,0,0.9986438245010376,998643.8245010376
Y2023_LAT23.62334_LON90.11372,2023,90.11371889198318,23.623338079937007,1.0,0.0,0.0,0.0,0.0,0.0,1,1,0,0,0,0,0,0,0.9986583757247924,998658.3757247925
Y2023_LAT23.62352_LON90.12351,2023,90.12350989493636,23.623520034224157,1.0,0.0,0.0,0.0,0.0,0.0,1,1,0,0,0,0,0,0,0.998672877456665,998672.877456665
Y2023_LAT23.6237_LON90.1333,2023,90.13330099572634,23.623701372131254,0.9301996004802331,0.00940005840451161,0.05610031151734153,0.004300029597913722,0.0,0.0,1,1,0,0,0,0,0,0,0.9986873300857544,998687.3300857544
Y2023_LAT23.62388_LON90.14309,2023,90.14309219432819,23.623882093479704,0.7283002597451809,0.01839999325360101,0.22679990930927668,0.026499837691941572,0.0,0.0,1,1,0,0,0,0,0,0,0.998701735420227,998701.735420227
Y2023_LAT23.62406_LON90.15288,2023,90.15288349003131,23.624062198306426,0.2413997206185072,0.026999968408864563,0.707300356334651,0.024299954637977347,0.0,0.0,3,0,0,1,0,0,0,0,0.9987160897140503,998716.0897140503
Y2023_LAT23.62424_LON90.16267,2023,90.16267488295445,23.62424168658617,0.0,0.0008000053752326209,0.6052983590667803,0.0030000068116265853,0.39090162874636053,0.0,3,0,0,1,0,0,0,0,0.9987303958129883,998730.3958129883
Y2023_LAT23.62442_LON90.17247,2023,90.1724663722966,23.62442055832163,0.0,0.0007000048788533879,0.019900063535593475,0.0,0.9793999315855532,0.0,5,0,0,0,0,1,0,0,0.9987446520309449,998744.6520309448
Y2023_LAT23.6246_LON90.18226,2023,90.18225795806664,23.62459881340563,0.04140022520955924,0.002199985391825595,0.7489008902721498,0.0,0.20749889912646535,0.0,3,0,0,1,0,0,0,0,0.9987588617019654,998758.8617019653
Y2023_LAT23.62478_LON90.19205,2023,90.19204963976729,23.624776451971467,0.5060005331120035,0.0023999969332488763,0.48309948498692473,0.00349999486308187,0.00499999010474104,0.0,1,1,0,0,0,0,0,0,0.9987730200195313,998773.0200195312
Y2023_LAT23.62495_LON90.20184,2023,90.2018414171403,23.624953473877497,0.8465006375685957,0.007799970528352288,0.1456993919030521,0.0,0.0,0.0,1,1,0,0,0,0,0,0,0.9987871289596557,998787.1289596558
Y2023_LAT23.62513_LON90.21163,2023,90.21163328989275,23.62512987910263,0.8524994901993164,0.05130007354991249,0.09550043712683054,0.0006999991239406159,0.0,0.0,1,1,0,0,0,0,0,0,0.9988011898498536,998801.1898498535
Y2023_LAT23.62531_LON90.22143,2023,90.22142525748927,23.62530566764233,0.5616998278215337,0.022299985669771618,0.4160001865086947,0.0,0.0,0.0,1,1,0,0,0,0,0,0,0.998815202949524,998815.2029495239
Y2023_LAT23.62548_LON90.23122,2023,90.23121731985778,23.625480839488127,0.38240001941722834,0.04043744085568622,0.5771625397270854,0.0,0.0,0.0,3,0,0,1,0,0,0,0,0.995433122215271,995433.122215271
Y2023_LAT23.62566_LON90.24101,2023,90.24100947647247,23.62565539458282,0.2373207730550702,0.07655502201042226,0.6861242049345075,0.0,0.0,0.0,3,0,0,1,0,0,0,0,0.10437848424530029,104378.4842453003
Y2023_LAT23.62853_LON90.40749,2023,90.40749024821635,23.62852844827597,0.37735854768299254,0.06918238471142962,0.5534590676055778,0.0,0.0,0.0,3,0,0,1,0,0,0,0,0.01588533822631836,15885.33822631836
Y2023_LAT23.62869_LON90.41728,2023,90.41728404575049,23.62869189815991,0.4660832864263021,0.1052632921178413,0.23849068036062038,0.17295344714133426,0.0,0.01720929395390195,1,1,0,0,0,0,0,1,0.6966629853744507,696662.9853744507
Y2023_LAT23.62885_LON90.42708,2023,90.42707793130677,23.628854730892737,0.2655993872485944,0.39310074618070057,0.2045996782998041,0.13560018310293906,0.0,0.0011000051679620553,2,0,1,0,0,0,0,1,0.9990981031646728,999098.1031646729
Y2023_LAT23.62902_LON90.43687,2023,90.43687190455779,23.629016946425544,0.5116006453982066,0.17709936971200171,0.018799954692773915,0.2669998953437164,0.0,0.025500134853301434,1,1,0,0,0,0,0,0,0.9991110331878662,999111.0331878662
Y2023_LAT23.62918_LON90.44667,2023,90.44666596515947,23.629178544765832,0.2703911836958811,0.13733644941843304,0.041211830476974486,0.4734542613348876,0.0,0.0776062750738239,4,0,0,0,1,0,0,1,0.9333812489013672,933381.2489013672
Y2023_LAT23.62934_LON90.45646,2023,90.45646011268121,23.629339525812657,0.18253117896698448,0.04864002533029324,0.027196534645234277,0.741632261057488,0.0,0.0,4,0,0,0,1,0,0,0,0.38206938999176027,382069.38999176025
Y2023_LAT23.6295_LON90.46625,2023,90.4662543470598,23.629499889615214,0.0,0.0,0.0,1.0,0.0,0.0,4,0,0,0,1,0,0,0,0.07703419909667969,77034.19909667969
Y2023_LAT23.63032_LON90.00582,2023,90.00581920137908,23.630316240577596,0.0,0.0,0.5782605048486118,0.4217394951513882,0.0,0.0,3,0,0,1,0,0,0,0,0.022965541114807128,22965.54111480713
Y2023_LAT23.63051_LON90.01561,2023,90.01560977336864,23.63050505498827,0.0,0.044205825718548905,0.0,0.9033785652370305,0.0,0.05241560904442058,4,0,0,0,1,0,0,0,0.316228695930481,316228.69593048096
Y2023_LAT23.63069_LON90.0254,2023,90.02540044685855,23.630693252966037,0.0,0.0,0.0,1.0,0.0,0.0,4,0,0,0,1,0,0,0,0.5232276231307983,523227.62313079834
Y2023_LAT23.63088_LON90.03519,2023,90.03519122181311,23.630880834439807,0.0,0.0,0.0,1.0,0.0,0.0,4,0,0,0,1,0,0,0,0.5745602910232543,574560.2910232544
Y2023_LAT23.63107_LON90.04498,2023,90.04498209769812,23.631067799470767,0.0001195322244559254,0.0,0.0,0.9998804677755441,0.0,0.0,4,0,0,0,1,0,0,0,0.8353921760406494,835392.1760406494
Y2023_LAT23.63125_LON90.05477,2023,90.05477307424252,23.631254147911996,0.45190113200046195,0.009699972240578418,0.0,0.5383988957589596,0.0,0.0,4,0,0,0,1,0,0,0,0.9985703366317749,998570.3366317749
Y2023_LAT23.63144_LON90.06456,2023,90.06456415107301,23.63143987984279,0.9670001738088132,0.030199845882878537,0.0,0.0027999803083082996,0.0,0.0,1,1,0,0,0,0,0,0,0.9985851325378418,998585.1325378418
Y2023_LAT23.63162_LON90.07436,2023,90.07435532800123,23.631624995172196,0.9895000242659279,0.0,0.0012999994844978089,0.009199976249574308,0.0,0.0,1,1,0,0,0,0,0,0,0.9985998797683716,998599.8797683716
Y2023_LAT23.63181_LON90.08415,2023,90.08414660453354,23.631809493901137,0.942799949237809,0.0481000535681491,0.0,0.004399994941325343,0.004700002252716605,0.0,1,1,0,0,0,0,0,0,0.9986145784759521,998614.5784759521
Y2023_LAT23.63199_LON90.09394,2023,90.09393798034814,23.631993375974673,0.9989000031407586,0.0,0.0,0.0010999968592414872,0.0,0.0,1,1,0,0,0,0,0,0,0.9986292273864746,998629.2273864746
Y2023_LAT23.63218_LON90.10373,2023,90.10372945516869,23.632176641414723,0.9994000040205587,0.0005999959794412283,0.0,0.0,0.0,0.0,1,1,0,0,0,0,0,0,0.9986438276672364,998643.8276672363
Y2023_LAT23.63236_LON90.11352,2023,90.11352102872527,23.632359290226457,1.0,0.0,0.0,0.0,0.0,0.0,1,1,0,0,0,0,0,0,0.9986583791046143,998658.3791046143
Y2023_LAT23.63254_LON90.12331,2023,90.1233127005404,23.632541322280527,1.0,0.0,0.0,0.0,0.0,0.0,1,1,0,0,0,0,0,0,0.9986728806991577,998672.8806991577
Y2023_LAT23.63272_LON90.1331,2023,90.1331044703737,23.632722737589727,0.8019992351461037,0.015900031197604074,0.18020072062418066,0.0019000130321115275,0.0,0.0,1,1,0,0,0,0,0,0,0.9986873349533081,998687.3349533081
Y2023_LAT23.6329_LON90.1429,2023,90.14289633789178,23.632903536121397,0.22799989244291283,0.020099997870721205,0.7465000924217569,0.005400017264609107,0.0,0.0,3,0,0,1,0,0,0,0,0.9987017384719848,998701.7384719849
Y2023_LAT23.63308_LON90.15269,2023,90.15268830281009,23.633083717928397,0.3241996105962591,0.01760006822018115,0.5947004253013873,0.06349989588217245,0.0,0.0,3,0,0,1,0,0,0,0,0.9987160928573608,998716.0928573608
Y2023_LAT23.63326_LON90.16248,2023,90.16248036461046,23.63326328294432,0.04010003355794412,0.04340006634831216,0.8516997567707589,0.043700046805735825,0.021100096517248996,0.0,3,0,0,1,0,0,0,0,0.9987303983688355,998730.3983688354
Y2023_LAT23.63344_LON90.17227,2023,90.17227252310705,23.633442231082565,0.23490054163001822,0.11079996399893775,0.5456993413377802,0.0,0.10860015303326387,0.0,3,0,0,1,0,0,0,0,0.9987446559677124,998744.6559677124
Y2023_LAT23.63362_LON90.18206,2023,90.18206477796052,23.63362056242173,0.35619912757664257,0.005099992117253483,0.616700971938234,0.0007999959559793534,0.02119991241189056,0.0,3,0,0,1,0,0,0,0,0.9987588634490967,998758.8634490967
Y2023_LAT23.6338_LON90.19186,2023,90.19185712892651,23.633798276907896,0.007800051532154242,0.0,0.5124991921206472,0.0,0.4797007563471986,0.0,3,0,0,1,0,0,0,0,0.9987730230331421,998773.0230331421
Y2023_LAT23.63398_LON90.20165,2023,90.20164957542866,23.633975374415314,0.6359014489933889,0.012799982305932002,0.24829908195911177,0.0,0.10299948674156736,0.0,1,1,0,0,0,0,0,0,0.9987871315383912,998787.1315383911
Y2023_LAT23.63415_LON90.21144,2023,90.21144211727994,23.634151855080056,0.7666988728981138,0.0005000016273781592,0.22950113356895294,0.003299991905555108,0.0,0.0,1,1,0,0,0,0,0,0,0.9988011925048829,998801.1925048828
Y2023_LAT23.63433_LON90.22123,2023,90.2212347542373,23.63432771869168,0.06369970148287415,0.0034999812755372303,0.918800268060547,0.0,0.014000049181041623,0.0,3,0,0,1,0,0,0,0,0.9988152059173584,998815.2059173584
Y2023_LAT23.6345_LON90.23103,2023,90.2310274857601,23.63450296536963,0.019000067659769488,0.0,0.9515998739944301,0.029400058345800416,0.0,0.0,3,0,0,1,0,0,0,0,0.9988291662445068,998829.1662445068
Y2023_LAT23.63468_LON90.24082,2023,90.24082031171682,23.6346775950961,0.3808232170881165,0.000983402167342185,0.6181933807445413,0.0,0.0,0.0,3,0,0,1,0,0,0,0,0.8125584328308105,812558.4328308105
Y2023_LAT23.63485_LON90.25061,2023,90.25061323168539,23.63485160776511,0.10724443820195115,0.0,0.8927555617980488,0.0,0.0,0.0,3,0,0,1,0,0,0,0,0.14063826360321044,140638.26360321045
Y2023_LAT23.63639_LON90.33875,2023,90.33875368702479,23.636389951974817,0.35797621100671395,0.019455277823526893,0.6225685111697592,0.0,0.0,0.0,3,0,0,1,0,0,0,0,0.025673895767211914,25673.895767211914
Y2023_LAT23.63656_LON90.34855,2023,90.34854752886153,23.63655779316477,0.6261792116504561,0.010069261542275405,0.07866537677316106,0.2850861500341074,0.0,0.0,1,1,0,0,0,0,0,0,0.15873993330383301,158739.933303833
Y2023_LAT23.63673_LON90.35834,2023,90.35834146102766,23.636725017055053,0.0,0.8507463667352843,0.0,0.1492536332647157,0.0,0.0,2,0,1,0,0,0,0,0,0.0066933027114868164,6693.302711486816
Y2023_LAT23.63739_LON90.39752,2023,90.39751808667401,23.637387739401863,0.9520548695227798,0.0,0.04794513047722018,0.0,0.0,0.0,1,1,0,0,0,0,0,0,0.029172682411193848,29172.682411193848
Y2023_LAT23.63755_LON90.40731,2023,90.40731246568988,23.637551876547917,0.4425053353708365,0.16382818278084052,0.167628666865607,0.22111170235936772,0.0025334202627707806,0.002392692360577494,1,1,0,0,0,0,0,1,0.7098415767898559,709841.576789856
Y2023_LAT23.63772_LON90.41711,2023,90.41710693302514,23.637715396337033,0.826299838303994,0.024000042171027514,0.055000189957875874,0.0912999453564319,0.0,0.003399984210670702,1,1,0,0,0,0,0,0,0.9990851248474121,999085.1248474121
Y2023_LAT23.63788_LON90.4269,2023,90.42690148839867,23.637878298641105,0.23789966427159945,0.09200018660787591,0.5788000875202733,0.08320005779960232,0.0,0.008100003800649163,3,0,0,1,0,0,0,0,0.9990981050567627,999098.1050567627
Y2023_LAT23.63804_LON90.4367,2023,90.4366961315126,23.638040583553735,0.6857007024491567,0.05789990366429926,0.07260005791089079,0.1837993359756534,0.0,0.0,1,1,0,0,0,0,0,0,0.9991110362167358,999111.0362167358
Y2023_LAT23.6382_LON90.44649,2023,90.44649086197253,23.638202250888767,0.484699719898556,0.020200056220251127,0.21170017120698661,0.28340005267420626,0.0,0.0,1,1,0,0,0,0,0,1,0.99912391872406,999123.9187240601
Y2023_LAT23.63836_LON90.45629,2023,90.456285679369,23.638363300742633,0.7202998583968944,0.17220025224782146,0.018599927393893344,0.08889996196139084,0.0,0.0,1,1,0,0,0,0,0,0,0.9991367518157959,999136.7518157959
Y2023_LAT23.63852_LON90.46608,2023,90.46608058368504,23.638523733097685,0.7212075188348376,0.08731979685409844,0.0,0.19106464696959918,0.0,0.0004080373414648974,1,1,0,0,0,0,0,0,0.9794661780090332,979466.1780090332
Y2023_LAT23.63868_LON90.47588,2023,90.47587557416632,23.638683547945472,0.0,0.0,0.0,1.0,0.0,0.0,4,0,0,0,1,0,0,0,0.05265554526519775,52655.545265197754
Y2023_LAT23.63934_LON90.00561,2023,90.00561387970349,23.639336565967717,0.0,0.0,0.03847537424735038,0.765911549312056,0.0,0.1956130764405937,4,0,0,0,1,0,0,0,0.2776831385269165,277683.1385269165
Y2023_LAT23.63953_LON90.01541,2023,90.01540512064885,23.63952546108223,0.0,0.0,0.0,0.9574002454273589,0.0,0.0425997545726411,4,0,0,0,1,0,0,0,0.9985106624450684,998510.6624450684
Y2023_LAT23.63971_LON90.0252,2023,90.02519646314518,23.63971373938418,0.0,0.0,0.0,1.0,0.0,0.0,4,0,0,0,1,0,0,0,0.9985256575164795,998525.6575164795
Y2023_LAT23.6399_LON90.03499,2023,90.034987907132,23.639901401038887,0.0,0.0,0.0,1.0,0.0,0.0,4,0,0,0,1,0,0,0,0.998540598083496,998540.5980834961
Y2023_LAT23.64009_LON90.04478,2023,90.04477945199663,23.640088445885237,0.5038014246739714,0.0,0.0,0.4961985753260287,0.0,0.0,1,1,0,0,0,0,0,0,0.9985554943542481,998555.494354248
Y2023_LAT23.64027_LON90.05457,2023,90.05457109763331,23.640274873941813,0.9865999083707164,0.0,0.0134000916292836,0.0,0.0,0.0,1,1,0,0,0,0,0,0,0.9985703403625489,998570.3403625488
Y2023_LAT23.64046_LON90.06436,2023,90.06436284356948,23.640460685216226,0.6011996105185502,0.03200021012933575,0.366800179352114,0.0,0.0,0.0,1,1,0,0,0,0,0,0,0.9985851356735229,998585.135673523
Y2023_LAT23.64065_LON90.07415,2023,90.07415468952574,23.64064587967984,0.28520061371460936,0.03779987099439698,0.6769995152909937,0.0,0.0,0.0,3,0,0,1,0,0,0,0,0.9985998836593628,998599.8836593628
Y2023_LAT23.64083_LON90.08395,2023,90.08394663525623,23.640830457145512,0.8759998837001125,0.0,0.12400011629988746,0.0,0.0,0.0,1,1,0,0,0,0,0,0,0.9986145814132691,998614.581413269
Y2023_LAT23.64101_LON90.09374,2023,90.09373868027556,23.641014417801408,0.7411002384570392,0.07550016508918363,0.18299959393440576,0.00040000251937144467,0.0,0.0,1,1,0,0,0,0,0,0,0.9986292311401367,998629.2311401367
Y2023_LAT23.6412_LON90.10353,2023,90.1035308243253,23.641197761553297,0.9977000147350001,0.0,0.0,0.002299985264999914,0.0,0.0,1,1,0,0,0,0,0,0,0.9986438310928345,998643.8310928345
Y2023_LAT23.64138_LON90.11332,2023,90.1133230671203,23.64138048836323,0.880099343036204,0.058000290600537574,0.06190036636325851,0.0,0.0,0.0,1,1,0,0,0,0,0,0,0.9986583826141358,998658.3826141357
Y2023_LAT23.64156_LON90.12312,2023,90.12311540817527,23.641562598137853,0.46000039345703847,0.03129992576816821,0.5073996727378686,0.0008000049211182956,0.0005000031158064834,0.0,3,0,0,1,0,0,0,0,0.9986728843231201,998672.8843231201
Y2023_LAT23.64174_LON90.13291,2023,90.13290784739192,23.641744090980474,0.23989880738429262,0.016099977582362906,0.7431012088149118,0.0009000062184326325,0.0,0.0,3,0,0,1,0,0,0,0,0.9986873373031616,998687.3373031616
Y2023_LAT23.64192_LON90.1427,2023,90.14270038415933,23.641924966825982,0.16479990807473688,0.09689993289198873,0.7066002295264605,0.03169992950681387,0.0,0.0,3,0,0,1,0,0,0,0,0.9987017419586182,998701.7419586182
Y2023_LAT23.64211_LON90.15249,2023,90.15249301844727,23.642105225591944,0.016300047281517096,0.0286001702995853,0.9061996457231688,0.030800035094426116,0.018100101601302668,0.0,3,0,0,1,0,0,0,0,0.9987160972518921,998716.0972518921
Y2023_LAT23.64228_LON90.16229,2023,90.16228574963881,23.642284867320626,0.5680003538237867,0.06539966070917252,0.3589000292247838,0.0019999900796292434,0.005699966162627927,0.0,1,1,0,0,0,0,0,0,0.9987304024963379,998730.4024963379
Y2023_LAT23.64246_LON90.17208,2023,90.17207857758389,23.642463891953792,0.9374001038915567,0.008399965499649885,0.008699982970182896,0.04549994763861048,0.0,0.0,1,1,0,0,0,0,0,0,0.9987446588363648,998744.6588363647
Y2023_LAT23.64264_LON90.18187,2023,90.18187150194369,23.642642299414003,0.7100987489641217,0.0034000100852069203,0.2813012164705751,0.005200024480096233,0.0,0.0,1,1,0,0,0,0,0,0,0.9987588652496338,998758.8652496338
Y2023_LAT23.64282_LON90.19166,2023,90.19166452228174,23.64282008978363,0.15030028302505305,0.02550001020855148,0.8240997067419691,0.0,0.00010000002442648558,0.0,3,0,0,1,0,0,0,0,0.9987730256881714,998773.0256881714
Y2023_LAT23.643_LON90.20146,2023,90.20145763829525,23.64299726296808,0.7824010146366228,0.03469983894187676,0.171499193691838,0.0003999991982616086,0.0109999535314008,0.0,1,1,0,0,0,0,0,0,0.9987871352767944,998787.1352767944
Y2023_LAT23.64317_LON90.21125,2023,90.21125084981313,23.643173818962985,0.7051987273216194,0.0010000017083544397,0.2938012709700262,0.0,0.0,0.0,1,1,0,0,0,0,0,0,0.9988011959152222,998801.1959152222
Y2023_LAT23.64335_LON90.22104,2023,90.22104415620227,23.64334975780315,0.0016999883789469018,9.999936089134757e-05,0.9980000127057886,9.999933797601403e-05,0.00010000021639713306,0.0,3,0,0,1,0,0,0,0,0.9988152061462402,998815.2061462402
Y2023_LAT23.64353_LON90.23084,2023,90.23083755736806,23.643525079329393,0.0,0.0,0.9978000109013501,0.0,0.002199989098649941,0.0,3,0,0,1,0,0,0,0,0.9988291694946289,998829.1694946289
Y2023_LAT23.6437_LON90.24063,2023,90.24063105301244,23.64369978365415,0.0,0.0,1.0,0.0,0.0,0.0,3,0,0,1,0,0,0,0,0.9988430824813843,998843.0824813843
Y2023_LAT23.64387_LON90.25042,2023,90.25042464250843,23.64387387067206,0.06250010459750135,0.0,0.8716713908437171,0.039940900803172315,0.025887603755609227,0.0,3,0,0,1,0,0,0,0,0.27008957106018067,270089.57106018066
Y2023_LAT23.64524_LON90.32878,2023,90.32877670502518,23.645244341727786,0.13166008637952856,0.0,0.8606555258668646,0.007684387753606895,0.0,0.0,3,0,0,1,0,0,0,0,0.3899973263320923,389997.3263320923
Y2023_LAT23.64541_LON90.33857,2023,90.33857112606012,23.64541287210143,0.369145582129575,0.01973762545416815,0.5344067410795992,0.07671005133665772,0.0,0.0,3,0,0,1,0,0,0,0,0.9363437696380615,936343.7696380615
Y2023_LAT23.64558_LON90.34837,2023,90.34836563780057,23.645580784953946,0.5755004665937299,0.10110030122108969,0.08529970097408986,0.2380995312110906,0.0,0.0,1,1,0,0,0,0,0,0,0.9989928874053955,998992.8874053955
Y2023_LAT23.64575_LON90.35816,2023,90.35816023993993,23.64574808031333,0.8277084027236012,0.17229159727639878,0.0,0.0,0.0,0.0,1,1,0,0,0,0,0,0,0.7073952833557129,707395.2833557129
Y2023_LAT23.64591_LON90.36795,2023,90.3679549321608,23.64591475808523,1.0,0.0,0.0,0.0,0.0,0.0,1,1,0,0,0,0,0,0,0.005994079727172852,5994.079727172852
Y2023_LAT23.64625_LON90.38754,2023,90.38754458532914,23.646246260840886,0.0,0.0,1.0,0.0,0.0,0.0,3,0,0,1,0,0,0,0,0.000599431396484375,599.431396484375
Y2023_LAT23.64641_LON90.39734,2023,90.39733954566749,23.646411085800302,0.37816175669500285,0.06645723165960923,0.37101627072782883,0.18436474091755908,0.0,0.0,1,1,0,0,0,0,0,1,0.6990427157821655,699042.7157821655
Y2023_LAT23.64658_LON90.40713,2023,90.4071345948111,23.646575293117806,0.6988003507076492,0.029999852344985117,0.2338999586900589,0.03719983875972306,0.0,9.999949758373327e-05,1,1,0,0,0,0,0,0,0.9990720971374512,999072.0971374512
Y2023_LAT23.64674_LON90.41693,2023,90.41692973228972,23.64673888274929,0.7452995977368138,0.09260008201680278,0.15470028622150656,0.007400034024876891,0.0,0.0,1,1,0,0,0,0,0,0,0.9990851277236938,999085.1277236938
Y2023_LAT23.6469_LON90.42672,2023,90.42672495781879,23.646901854634045,0.5043996631882521,0.056899992620591436,0.3634002128266892,0.07530013136446718,0.0,0.0,1,1,0,0,0,0,0,0,0.9990981089401245,999098.1089401245
Y2023_LAT23.64706_LON90.43652,2023,90.4365202710943,23.647064208803844,0.5446001417135143,0.09009969418943171,0.26400043477785795,0.10129972931919586,0.0,0.0,1,1,0,0,0,0,0,0,0.9991110390014648,999111.0390014648
Y2023_LAT23.64723_LON90.44632,2023,90.44631567171159,23.647225945272186,0.8010001678714261,0.0037000130016393283,0.1952998191269345,0.0,0.0,0.0,1,1,0,0,0,0,0,0,0.9991239214553833,999123.9214553833
Y2023_LAT23.64739_LON90.45611,2023,90.456111159433,23.647387064043077,0.8025996221328686,0.029200154055014856,0.016499908744504455,0.15170031506761206,0.0,0.0,1,1,0,0,0,0,0,0,0.9991367546844483,999136.7546844482
Y2023_LAT23.64755_LON90.46591,2023,90.46590673389129,23.647547564951147,0.2626004534308638,0.18827580868466898,0.0,0.5458366693689393,0.0,0.0032870685155281204,4,0,0,0,1,0,0,0,0.5471330102233887,547133.0102233887
Y2023_LAT23.64836_LON90.00541,2023,90.00540845614941,23.64835687910562,0.0,0.0,0.0,0.0,0.0,1.0,6,0,0,0,0,0,1,0,0.046530157821655274,46530.15782165527
Y2023_LAT23.64855_LON90.0152,2023,90.01520036621756,23.64854585489665,0.0,0.03445653931038511,0.0,0.7561394705754895,0.0,0.20940399011412542,4,0,0,0,1,0,0,0,0.524518486755371,524518.4867553711
Y2023_LAT23.64873_LON90.02499,2023,90.02499237812492,23.648734213692826,0.0,0.0,0.0,0.9910000613244601,0.0,0.008999938675539975,4,0,0,0,1,0,0,0,0.9985256602554321,998525.6602554321
Y2023_LAT23.64892_LON90.03478,2023,90.03478449128586,23.648921955469756,0.12360068686633345,0.027800112932131648,0.01390007574316118,0.8346991244583737,0.0,0.0,4,0,0,0,1,0,0,0,0.9985406020355224,998540.6020355225
Y2023_LAT23.64911_LON90.04458,2023,90.04457670567825,23.649109080184143,0.950999873321621,0.0,0.03590021678406487,0.013099909894314182,0.0,0.0,1,1,0,0,0,0,0,0,0.9985554977722167,998555.4977722168
Y2023_LAT23.6493_LON90.05437,2023,90.0543690206215,23.649295587869982,0.5059993208400394,0.0007999995975202955,0.49320067956244035,0.0,0.0,0.0,1,1,0,0,0,0,0,0,0.9985703437652588,998570.3437652588
Y2023_LAT23.64948_LON90.06416,2023,90.06416143605601,23.649481478469284,0.0,0.0,1.0,0.0,0.0,0.0,3,0,0,1,0,0,0,0,0.9985851394500732,998585.1394500732
Y2023_LAT23.64967_LON90.07395,2023,90.07395395145528,23.649666751984714,0.0,0.0,1.0,0.0,0.0,0.0,3,0,0,1,0,0,0,0,0.998599886932373,998599.886932373
Y2023_LAT23.64985_LON90.08375,2023,90.08374656656957,23.64985140835832,0.041800001061642326,0.00010000009860615386,0.9569000031649025,0.0011999956748489369,0.0,0.0,3,0,0,1,0,0,0,0,0.9986145853729248,998614.5853729248
Y2023_LAT23.65004_LON90.09354,2023,90.09353928121038,23.650035447580883,0.1184007561809197,0.06510028496722864,0.8077989101040179,0.00840004700812611,0.0003000017397077304,0.0,3,0,0,1,0,0,0,0,0.9986292339477539,998629.2339477539
Y2023_LAT23.65022_LON90.10333,2023,90.10333209478911,23.650218869606544,0.9980000016910752,0.0,0.0,0.001999998308924884,0.0,0.0,1,1,0,0,0,0,0,0,0.9986438345031738,998643.8345031738
Y2023_LAT23.6504_LON90.11313,2023,90.11312500715422,23.65040167444693,0.4327990122063111,0.00010000071663604012,0.5646009729962532,0.0025000140807997224,0.0,0.0,3,0,0,1,0,0,0,0,0.9986583858566285,998658.3858566284
Y2023_LAT23.65058_LON90.12292,2023,90.12291801780252,23.6505838620648,0.42610076955906584,0.02270008223439145,0.4714989773906425,0.07170012070844739,0.008000050107452849,0.0,3,0,0,1,0,0,0,1,0.9986728868789673,998672.8868789673
Y2023_LAT23.65077_LON90.13271,2023,90.13271112660111,23.650765432392348,0.8554998351683902,0.005299983057858702,0.13920018177375104,0.0,0.0,0.0,1,1,0,0,0,0,0,0,0.9986873406829834,998687.3406829834
Y2023_LAT23.65095_LON90.1425,2023,90.14250433313053,23.65094638545509,0.677199367268647,0.08710014508392025,0.23430048676961762,0.001400000877815043,0.0,0.0,1,1,0,0,0,0,0,0,0.9987017445831299,998701.7445831299
Y2023_LAT23.65113_LON90.1523,2023,90.15229763709117,23.651126721282534,0.7492003858147293,0.024499942932922836,0.22629967125234793,0.0,0.0,0.0,1,1,0,0,0,0,0,0,0.9987161000442505,998716.1000442505
Y2023_LAT23.65131_LON90.16209,2023,90.16209103798133,23.651306439662648,0.9571997822126768,0.0,0.003099978320038397,0.03970023946728487,0.0,0.0,1,1,0,0,0,0,0,0,0.9987304048309327,998730.4048309326
Y2023_LAT23.65149_LON90.17188,2023,90.17188453565397,23.65148554072681,0.9718998876931868,0.013300071998739215,0.0031000206777726225,0.011700019630301381,0.0,0.0,1,1,0,0,0,0,0,0,0.9987446621932984,998744.6621932983
Y2023_LAT23.65166_LON90.18168,2023,90.18167812979748,23.65166402444983,0.8310002156057751,0.06359981273735223,0.00259998749353854,0.10279998416333416,0.0,0.0,1,1,0,0,0,0,0,0,0.9987588712615967,998758.8712615967
Y2023_LAT23.65184_LON90.19147,2023,90.19147182000454,23.651841890691543,0.6375998455268905,0.017599911897540475,0.2931002945383057,0.014999940993236087,0.036700007044027184,0.0,1,1,0,0,0,0,0,0,0.9987730288925171,998773.0288925171
Y2023_LAT23.65202_LON90.20127,2023,90.20126560585283,23.65201913957036,0.9868000843382068,0.0,0.01319991566179324,0.0,0.0,0.0,1,1,0,0,0,0,0,0,0.9987871377944947,998787.1377944946
Y2023_LAT23.6522_LON90.21106,2023,90.21105948714879,23.652195770994364,0.7159993505725094,0.009199996028646731,0.27310064985666954,0.0017000035421743714,0.0,0.0,1,1,0,0,0,0,0,0,0.9988011989669799,998801.19896698
Y2023_LAT23.65237_LON90.22085,2023,90.2208534635432,23.652371784935802,0.6844996090194967,0.0019999867314108386,0.3118004087784455,0.0016999954706468452,0.0,0.0,1,1,0,0,0,0,0,0,0.9988152087402343,998815.2087402344
Y2023_LAT23.65255_LON90.23065,2023,90.23064753466687,23.65254718137857,0.002699981837443739,0.0,0.9971000194264552,0.0,0.00019999873610106436,0.0,3,0,0,1,0,0,0,0,0.9988291728134155,998829.1728134155
Y2023_LAT23.65272_LON90.24044,2023,90.24044170015313,23.652721960284474,0.0,9.999971655211085e-05,0.7480992740382298,0.09260035387141477,0.1592003723738034,0.0,3,0,0,1,0,0,0,0,0.9988430869369507,998843.0869369507
Y2023_LAT23.6529_LON90.25024,2023,90.25023595969363,23.652896121651573,0.0,0.009180794574417244,0.41543126802809266,0.5203033562518842,0.055084581145605944,0.0,4,0,0,0,1,0,0,0,0.5657518930740356,565751.8930740356
Y2023_LAT23.65307_LON90.26003,2023,90.26003031308993,23.65306966545825,0.016211094841663613,0.044818890363717924,0.6916719426782818,0.24253010238831052,0.004767969728026162,0.0,3,0,0,1,0,0,0,0,0.31424441891479493,314244.4189147949
Y2023_LAT23.65324_LON90.26982,2023,90.26982475978058,23.653242591653335,0.18979511455286213,0.0637804971539909,0.49478166690727454,0.2516427213858724,0.0,0.0,3,0,0,1,0,0,0,1,0.25841062744903565,258410.62744903564
Y2023_LAT23.65393_LON90.309,2023,90.30900347412292,23.65392811999907,0.0,0.0,0.0,1.0,0.0,0.0,4,0,0,0,1,0,0,0,0.005394304824829102,5394.304824829102
Y2023_LAT23.6541_LON90.3188,2023,90.31879838284914,23.654097957912555,0.0,0.38200421347342445,0.1137265151508913,0.49906205826239136,0.005207213113292929,0.0,4,0,0,0,1,0,0,1,0.47959806758117673,479598.06758117676
Y2023_LAT23.65427_LON90.32859,2023,90.32859338312579,23.654267178018465,0.17394839336470333,0.03774912517271555,0.47775292835453265,0.3105495531080485,0.0,0.0,3,0,0,1,0,0,0,1,0.9923729619522095,992372.9619522095
Y2023_LAT23.65444_LON90.33839,2023,90.33838847432703,23.65443578045313,0.4185996541694143,0.07020023345963265,0.27330041907939107,0.22679964828948357,0.0,0.011100045002078444,1,1,0,0,0,0,0,1,0.9989795179672242,998979.5179672241
Y2023_LAT23.6546_LON90.34818,2023,90.34818365641897,23.65460376508775,0.6368010881361739,0.08319979394632775,0.27579913669600964,0.004199981221488783,0.0,0.0,1,1,0,0,0,0,0,0,0.9989928960494995,998992.8960494995
Y2023_LAT23.65477_LON90.35798,2023,90.35797892875856,23.654771131862596,0.9812000138015331,0.018799986198466893,0.0,0.0,0.0,0.0,1,1,0,0,0,0,0,0,0.9990062174682617,999006.2174682617
Y2023_LAT23.65494_LON90.36777,2023,90.36777429133626,23.654937880784992,1.0,0.0,0.0,0.0,0.0,0.0,1,1,0,0,0,0,0,0,0.7181946359481811,718194.6359481812
Y2023_LAT23.6551_LON90.37757,2023,90.37756974355645,23.655104011925015,0.6645671982033144,0.0009380887865847874,0.3117125499046143,0.022782163105486503,0.0,0.0,1,1,0,0,0,0,0,0,0.7454783599777222,745478.3599777222
Y2023_LAT23.65527_LON90.38737,2023,90.38736528525558,23.655269525170006,0.6916654201511461,0.23345318037597249,0.06583996941850119,0.00904143005438021,0.0,0.0,1,1,0,0,0,0,0,0,0.8618770925827026,861877.0925827026
Y2023_LAT23.65543_LON90.39716,2023,90.39716091605396,23.655434420477103,0.6465999951219633,0.01080002304329577,0.3110999852997707,0.03149999653497039,0.0,0.0,1,1,0,0,0,0,0,0,0.9990590226287842,999059.0226287842
Y2023_LAT23.6556_LON90.40696,2023,90.4069566355684,23.65559869789448,0.32480015608864554,0.005099971117677213,0.6527999459005703,0.017299926893107054,0.0,0.0,3,0,0,1,0,0,0,0,0.9990721012954712,999072.1012954712
Y2023_LAT23.65576_LON90.41675,2023,90.41675244347262,23.65576235737984,0.8991003129941002,0.024000036233527363,0.07689965077237251,0.0,0.0,0.0,1,1,0,0,0,0,0,0,0.9990851307373046,999085.1307373047
Y2023_LAT23.65593_LON90.42655,2023,90.42654833944502,23.6559253989286,0.29069976355172866,0.583199869150488,0.1229003563722437,0.003200010925539661,0.0,0.0,2,0,1,0,0,0,0,0,0.9990981108169555,999098.1108169556
Y2023_LAT23.65609_LON90.43634,2023,90.43634432324464,23.656087822467907,0.6594994281144966,0.15100059669257482,0.18859997665290873,0.0008999985400198874,0.0,0.0,1,1,0,0,0,0,0,0,0.9991110415344239,999111.0415344238
Y2023_LAT23.65625_LON90.44614,2023,90.44614039448588,23.656249628012446,0.528701117518362,0.27749899391425753,0.1903998908506903,0.0033999977166901366,0.0,0.0,1,1,0,0,0,0,0,0,0.9991239233932495,999123.9233932495
Y2023_LAT23.65641_LON90.45594,2023,90.45593655269141,23.65641081546605,0.5517812899833138,0.029571173656419977,0.006973108600416554,0.4116744277598497,0.0,0.0,1,1,0,0,0,0,0,0,0.7737305947418213,773730.5947418213
Y2023_LAT23.65657_LON90.46573,2023,90.46573279774167,23.656571384915978,0.0,0.0,0.0,1.0,0.0,0.0,4,0,0,0,1,0,0,0,0.015386814949035644,15386.814949035645
Y2023_LAT23.65757_LON90.015,2023,90.01499551017915,23.657566236566307,0.0,0.0,0.0,1.0,0.0,0.0,4,0,0,0,1,0,0,0,0.0011982215576171874,1198.2215576171875
Y2023_LAT23.65775_LON90.02479,2023,90.02478819164048,23.65775467575426,0.0,0.0,0.0,1.0,0.0,0.0,4,0,0,0,1,0,0,0,0.9190435606384277,919043.5606384277
Y2023_LAT23.65794_LON90.03458,2023,90.03458097454474,23.657942497728577,0.5839007612267012,0.047200112849714176,0.08110046792948775,0.2877986579940969,0.0,0.0,1,1,0,0,0,0,0,0,0.9985406059570312,998540.6059570312
Y2023_LAT23.65813_LON90.04437,2023,90.04437385854851,23.658129702363212,0.22919995690738473,0.0,0.7708000430926153,0.0,0.0,0.0,3,0,0,1,0,0,0,0,0.9985555013046264,998555.5013046265
Y2023_LAT23.65832_LON90.05417,2023,90.05416684324668,23.658316289721874,0.10679967860551685,0.0,0.8932003213944831,0.0,0.0,0.0,3,0,0,1,0,0,0,0,0.9985703471603393,998570.3471603394
Y2023_LAT23.6585_LON90.06396,2023,90.06395992843409,23.658502259648635,0.0,0.0,1.0,0.0,0.0,0.0,3,0,0,1,0,0,0,0,0.9985851423568726,998585.1423568726
Y2023_LAT23.65869_LON90.07375,2023,90.07375311363549,23.65868761223123,0.0,0.011400037226058564,0.9883999618338801,0.00020000094006130642,0.0,0.0,3,0,0,1,0,0,0,0,0.9985998900146484,998599.8900146484
Y2023_LAT23.65887_LON90.08355,2023,90.08354639862759,23.65887234750067,0.0,0.0,0.97950007865533,0.017399939621552743,0.003099981723117264,0.0,3,0,0,1,0,0,0,0,0.9986145887527466,998614.5887527466
Y2023_LAT23.65906_LON90.09334,2023,90.09333978300259,23.659056465300775,0.3243014436664887,0.012800027623925412,0.6450984218000761,0.017800106909509887,0.0,0.0,3,0,0,1,0,0,0,0,0.9986292375564575,998629.2375564575
Y2023_LAT23.65924_LON90.10313,2023,90.10313326652143,23.659239965665787,0.951699944779049,0.0,0.0,0.048300055220951044,0.0,0.0,1,1,0,0,0,0,0,0,0.9986438376693726,998643.8376693726
Y2023_LAT23.65942_LON90.11293,2023,90.11292684873005,23.65942284849785,0.9416001294373141,0.0,0.0073000052189784595,0.05109986534370743,0.0,0.0,1,1,0,0,0,0,0,0,0.9986583896331787,998658.3896331787
Y2023_LAT23.65961_LON90.12272,2023,90.12272052944736,23.659605113927626,0.9282999443089166,0.01239997217465721,0.024299946622717214,0.03500013689370901,0.0,0.0,1,1,0,0,0,0,0,0,0.9986728909912109,998672.8909912109
Y2023_LAT23.65979_LON90.13251,2023,90.13251430809983,23.65978676176679,0.9386000501855067,0.0,0.005100015431791505,0.05629993438270179,0.0,0.0,1,1,0,0,0,0,0,0,0.9986873446884156,998687.3446884155
Y2023_LAT23.65997_LON90.14231,2023,90.14230818473796,23.659967792088718,0.9087999116650431,0.016900074876402306,0.014299978234449591,0.060000035224105006,0.0,0.0,1,1,0,0,0,0,0,0,0.998701748161316,998701.7481613159
Y2023_LAT23.66015_LON90.1521,2023,90.15210215855805,23.660148204837075,0.9198001478876768,0.008599993090465111,0.05239987547695688,0.017499984255011647,0.0016999992898895301,0.0,1,1,0,0,0,0,0,0,0.9987161028518676,998716.1028518677
Y2023_LAT23.66033_LON90.1619,2023,90.16189622963945,23.66032799999945,0.9305998115542399,0.0022000091940258732,0.0,0.0672001792517343,0.0,0.0,1,1,0,0,0,0,0,0,0.9987304078903199,998730.4078903198
Y2023_LAT23.66051_LON90.17169,2023,90.171690397392,23.660507177542893,0.4986983753339249,0.008800014350790917,0.49250161031528417,0.0,0.0,0.0,1,1,0,0,0,0,0,1,0.9987446658172607,998744.6658172607
Y2023_LAT23.66069_LON90.18148,2023,90.18148466160724,23.660685737444066,0.14220040467836478,0.03290009506939847,0.8115994320832478,0.013300068168988958,0.0,0.0,3,0,0,1,0,0,0,0,0.9987588736419678,998758.8736419678
Y2023_LAT23.66086_LON90.19128,2023,90.19127902196914,23.66086367968809,0.7345007933166773,0.0,0.18029921390039627,0.0851999927829265,0.0,0.0,1,1,0,0,0,0,0,0,0.9987730327835083,998773.0327835083
Y2023_LAT23.66104_LON90.20107,2023,90.20107347794811,23.66104100422481,0.7407994755206065,0.004199997508617709,0.14780051812330194,0.10720000884747392,0.0,0.0,1,1,0,0,0,0,0,0,0.9987871408996583,998787.1408996582
Y2023_LAT23.66122_LON90.21087,2023,90.21086802953347,23.66121771105298,0.36179940489549506,0.06780024065668108,0.45040027373613767,0.12000008071168619,0.0,0.0,3,0,0,1,0,0,0,1,0.9988012021789551,998801.2021789551
Y2023_LAT23.66139_LON90.22066,2023,90.22066267606631,23.66139380014104,0.015099990265137886,0.005399967806100021,0.5505993493970482,0.42890069253171387,0.0,0.0,3,0,0,1,0,0,0,0,0.998815215385437,998815.215385437
Y2023_LAT23.66157_LON90.23046,2023,90.23045741748071,23.661569271449984,0.0,0.0,0.517899145838864,0.4739008409944002,0.00820001316673582,0.0,3,0,0,1,0,0,0,0,0.9988291756515503,998829.1756515503
Y2023_LAT23.66174_LON90.24025,2023,90.2402522533002,23.66174412497075,0.0,0.0745997559891076,0.3901003411183474,0.4157998633996544,0.11950003949289055,0.0,4,0,0,0,1,0,0,1,0.9988430887374878,998843.0887374878
Y2023_LAT23.66192_LON90.25005,2023,90.25004718316151,23.661918360714164,0.06530035963916266,0.0061999913339801415,0.660399838610107,0.2626998092837214,0.005400001133028808,0.0,3,0,0,1,0,0,0,0,0.998856953742981,998856.953742981
Y2023_LAT23.66209_LON90.25984,2023,90.25984220682595,23.662091978628148,0.18369955886303505,0.0005999962145256766,0.7384006611752272,0.0772997837472121,0.0,0.0,3,0,0,1,0,0,0,0,0.9988707683486938,998870.7683486938
Y2023_LAT23.66226_LON90.26964,2023,90.26963732391111,23.66226497864561,0.0019322650982789226,0.003409881454769029,0.9540803096753645,0.040577543771587586,0.0,0.0,3,0,0,1,0,0,0,0,0.8788179817962647,878817.9817962646
Y2023_LAT23.66244_LON90.27943,2023,90.2794325341656,23.662437360798467,0.516865745836679,0.0,0.483134254163321,0.0,0.0,0.0,1,1,0,0,0,0,0,0,0.10068850269317627,100688.50269317627
Y2023_LAT23.66278_LON90.29902,2023,90.29902323249809,23.662780271433803,0.9728121796477572,0.0025488560186760715,0.0,0.02463896433356677,0.0,0.0,1,1,0,0,0,0,0,0,0.11757402460479736,117574.02460479736
Y2023_LAT23.66295_LON90.30882,2023,90.30881872007676,23.662950799805053,0.5446771615829165,0.13165304779321474,0.04411783380213849,0.27731105039865883,0.002240906423071497,0.0,1,1,0,0,0,0,0,0,0.7132432492599488,713243.2492599487
Y2023_LAT23.66312_LON90.31861,2023,90.31861429929954,23.66312071017582,0.46770028805539304,0.05719977685527677,0.28040018577669096,0.19359975611555835,0.001099993197080898,0.0,1,1,0,0,0,0,0,1,0.9989526279678345,998952.6279678345
Y2023_LAT23.66329_LON90.32841,2023,90.32840997011043,23.66329000255966,0.9853000895261319,0.0,0.011199931793250599,0.0034999786806175054,0.0,0.0,1,1,0,0,0,0,0,0,0.9989661003875733,998966.1003875732
Y2023_LAT23.66346_LON90.33821,2023,90.33820573193998,23.66345867691498,0.7978991401029988,0.0,0.20210085989700124,0.0,0.0,0.0,1,1,0,0,0,0,0,0,0.9989795212402344,998979.5212402344
Y2023_LAT23.66363_LON90.348,2023,90.34800158450707,23.663626733183868,0.801900727314894,0.0007999995197006165,0.1957992799322033,0.0014999932332020937,0.0,0.0,1,1,0,0,0,0,0,0,0.9989928998031616,998992.8998031616
Y2023_LAT23.66379_LON90.3578,2023,90.3577975276047,23.663794171446803,0.7609997418194673,0.0,0.23900025818053267,0.0,0.0,0.0,1,1,0,0,0,0,0,0,0.9990062192459106,999006.2192459106
Y2023_LAT23.66396_LON90.36759,2023,90.36759356076453,23.663960991623302,0.578299344708507,0.24040084093568098,0.18129981435581208,0.0,0.0,0.0,1,1,0,0,0,0,0,0,0.9990194944915771,999019.4944915771
Y2023_LAT23.66413_LON90.37739,2023,90.37738968368167,23.664127193689648,0.8791004246002525,0.11349959759292626,0.006899977313366817,0.0005000004934544506,0.0,0.0,1,1,0,0,0,0,0,0,0.9990327207107544,999032.7207107544
Y2023_LAT23.66429_LON90.38719,2023,90.38718589607517,23.664292777606878,0.9034000459695753,0.08749993472995822,0.0007999948900281292,0.008300024410438337,0.0,0.0,1,1,0,0,0,0,0,0,0.999045897819519,999045.897819519
Y2023_LAT23.66446_LON90.39698,2023,90.39698219758391,23.664457743416822,0.9052996959784116,0.046200065734660435,0.048500238286927955,0.0,0.0,0.0,1,1,0,0,0,0,0,0,0.9990590253448486,999059.0253448486
Y2023_LAT23.66462_LON90.40678,2023,90.40677858784863,23.66462209094527,0.6416000950471415,0.08989980916411688,0.2684000959940773,0.0,0.0,9.999979466420619e-05,1,1,0,0,0,0,0,0,0.9990721045532227,999072.1045532227
Y2023_LAT23.66479_LON90.41658,2023,90.41657506658078,23.664785820286717,0.9846000461382477,0.015299954508162033,9.999935359029191e-05,0.0,0.0,0.0,1,1,0,0,0,0,0,0,0.9990851324996948,999085.1324996948
Y2023_LAT23.66495_LON90.42637,2023,90.42637163342931,23.66494893146759,0.9531999104258763,0.046800089574123786,0.0,0.0,0.0,0.0,1,1,0,0,0,0,0,0,0.9990981126327515,999098.1126327515
Y2023_LAT23.66511_LON90.43617,2023,90.43616828794282,23.66511142432253,0.9604998812956116,0.01270002083658691,0.026800097867801485,0.0,0.0,0.0,1,1,0,0,0,0,0,0,0.9991110447769165,999111.0447769165
Y2023_LAT23.66527_LON90.44597,2023,90.4459650301101,23.66527329895515,0.8026467290137795,0.001403922434128671,0.006919335901568066,0.18903001265052374,0.0,0.0,1,1,0,0,0,0,0,0,0.9963263615722656,996326.3615722656
Y2023_LAT23.66543_LON90.45576,2023,90.455761859255,23.66543455528528,0.18654949260602663,0.0,0.0,0.8134505073939734,0.0,0.0,4,0,0,0,1,0,0,0,0.17085160498046875,170851.60498046875
Y2023_LAT23.66659_LON90.01479,2023,90.01479055228913,23.666586606128025,0.0,0.0,0.0,1.0,0.0,0.0,4,0,0,0,1,0,0,0,0.04303610417175293,43036.10417175293
Y2023_LAT23.66678_LON90.02458,2023,90.0245839038036,23.666775125771643,0.07248543271104362,0.014685884843638792,0.14381692944590377,0.7690117529994138,0.0,0.0,4,0,0,0,1,0,0,0,0.9518948298416138,951894.8298416138
Y2023_LAT23.66696_LON90.03438,2023,90.0343773566803,23.666963027846926,0.422700070762698,0.003499975184369184,0.5737999540529328,0.0,0.0,0.0,3,0,0,1,0,0,0,0,0.9985406099319458,998540.6099319458
Y2023_LAT23.66715_LON90.04417,2023,90.04417091068814,23.667150312410396,0.2025995521384864,0.08279991498146053,0.7143005307188479,0.0003000021612051941,0.0,0.0,3,0,0,1,0,0,0,0,0.9985555047531128,998555.5047531128
Y2023_LAT23.66734_LON90.05396,2023,90.05396456549875,23.66733697933665,0.18450045150288588,0.07639971270443845,0.7386998377655004,0.0003999980271752804,0.0,0.0,3,0,0,1,0,0,0,0,0.9985703508834839,998570.3508834839
Y2023_LAT23.66752_LON90.06376,2023,90.06375832072634,23.667523028751464,0.268499800426426,0.00020000109688579634,0.7288002010698117,0.002499997406876456,0.0,0.0,3,0,0,1,0,0,0,0,0.9985851452789307,998585.1452789307
Y2023_LAT23.66771_LON90.07355,2023,90.07355217606052,23.66770846043795,0.2592001780043641,0.013899977578640373,0.7264998456708934,0.00039999874610207594,0.0,0.0,3,0,0,1,0,0,0,0,0.9985998939666748,998599.8939666748
Y2023_LAT23.66789_LON90.08335,2023,90.08334613121336,23.66789327448936,0.20089984492650592,0.010799965676614981,0.7831002163082315,0.005199973088647586,0.0,0.0,3,0,0,1,0,0,0,0,0.9986145920944214,998614.5920944214
Y2023_LAT23.66808_LON90.09314,2023,90.09314018580726,23.668077470870962,0.7438999433641161,0.014000029372583916,0.19899992214678386,0.04310010511651607,0.0,0.0,1,1,0,0,0,0,0,0,0.9986292405014038,998629.2405014038
Y2023_LAT23.66826_LON90.10293,2023,90.10293433949884,23.668261049537524,0.6536991694234958,0.0007000006042748452,0.3186008684810191,0.02699996149121011,0.0,0.0,1,1,0,0,0,0,0,0,0.9986438413772583,998643.8413772583
Y2023_LAT23.66844_LON90.11273,2023,90.11272859192228,23.668444010476485,0.7852003763024483,0.022200054596606882,0.1365993936734513,0.056000175427493463,0.0,0.0,1,1,0,0,0,0,0,0,0.9986583927993774,998658.3927993774
Y2023_LAT23.66863_LON90.12252,2023,90.12252294293911,23.668626353654744,0.8611000783908143,0.043699944004018346,0.0,0.09519997760516737,0.0,0.0,1,1,0,0,0,0,0,0,0.9986728931427002,998672.8931427002
Y2023_LAT23.66881_LON90.13232,2023,90.13231739188161,23.66880807905234,0.27269874113664105,0.0,0.727301258863359,0.0,0.0,0.0,3,0,0,1,0,0,0,0,0.998687346672058,998687.3466720581
Y2023_LAT23.66899_LON90.14211,2023,90.14211193878464,23.668989186677955,0.16730051514623404,0.00110000681804494,0.8231994992094317,0.00839997882628933,0.0,0.0,3,0,0,1,0,0,0,0,0.9987017510528564,998701.7510528564
Y2023_LAT23.66917_LON90.15191,2023,90.15190658308181,23.66916967639828,0.8748004429066971,0.022399947190816807,0.09249963123627496,0.010299978666210918,0.0,0.0,1,1,0,0,0,0,0,0,0.9987161067276001,998716.1067276001
Y2023_LAT23.66935_LON90.1617,2023,90.16170132444506,23.669349548306652,0.619999718140079,0.007799960702843186,0.3532003967325198,0.01899992442455816,0.0,0.0,1,1,0,0,0,0,0,0,0.9987304122314453,998730.4122314453
Y2023_LAT23.66953_LON90.1715,2023,90.17149616267439,23.669528802331403,0.5661005420079661,0.06109984787686649,0.3720996104959585,0.0006999996192088706,0.0,0.0,1,1,0,0,0,0,0,0,0.9987446686706543,998744.6686706543
Y2023_LAT23.66971_LON90.18129,2023,90.181291097336,23.669707438463153,0.43869923133841043,0.024600038117430265,0.5367007305441592,0.0,0.0,0.0,3,0,0,1,0,0,0,0,0.9987588749313354,998758.8749313354
Y2023_LAT23.66989_LON90.19109,2023,90.19108612817423,23.669885456656257,0.27029985627303643,0.0007999967958672271,0.7289001469310963,0.0,0.0,0.0,3,0,0,1,0,0,0,0,0.9987730355911255,998773.0355911255
Y2023_LAT23.67006_LON90.20088,2023,90.20088125469215,23.670062856937736,0.42559938150503046,0.0014999959147572555,0.5729006225802122,0.0,0.0,0.0,3,0,0,1,0,0,0,0,0.9987871440200806,998787.1440200806
Y2023_LAT23.67024_LON90.21068,2023,90.21067647670718,23.670239639173236,0.13689955227881204,0.0002999991257173561,0.8555004009546692,0.007300047640801442,0.0,0.0,3,0,0,1,0,0,0,0,0.9988012048492432,998801.2048492432
Y2023_LAT23.67042_LON90.22047,2023,90.22047179392902,23.67041580338254,0.23389939707675972,0.016600048508369027,0.6674002939264552,0.08210026048841612,0.0,0.0,3,0,0,1,0,0,0,0,0.9988152186584472,998815.2186584473
Y2023_LAT23.67059_LON90.23027,2023,90.23026720583478,23.670591349684884,0.10040006847908428,0.0,0.5284998358879398,0.37110009563297597,0.0,0.0,3,0,0,1,0,0,0,0,0.9988291782073975,998829.1782073975
Y2023_LAT23.67077_LON90.24006,2023,90.24006271224383,23.670766277818203,0.0,0.0,0.5527003009329096,0.44729969906709044,0.0,0.0,3,0,0,1,0,0,0,0,0.9988430923309326,998843.0923309326
Y2023_LAT23.67094_LON90.24986,2023,90.24985831290394,23.67094058795108,0.0,0.0,0.9623001340875498,0.03769986591245022,0.0,0.0,3,0,0,1,0,0,0,0,0.9988569568328858,998856.9568328857
Y2023_LAT23.67111_LON90.25965,2023,90.2596540071639,23.671114279915606,0.0,0.002999992718599535,0.9959000147188991,0.0010999925625013284,0.0,0.0,3,0,0,1,0,0,0,0,0.998870771560669,998870.771560669
Y2023_LAT23.67129_LON90.26945,2023,90.26944979498077,23.67128735378411,0.0,0.0,1.0,0.0,0.0,0.0,3,0,0,1,0,0,0,0,0.9988845400543213,998884.5400543213
Y2023_LAT23.67146_LON90.27925,2023,90.2792456759283,23.671459809556552,0.43709232943960236,0.0,0.49365274905551,0.06925492150488766,0.0,0.0,3,0,0,1,0,0,0,1,0.81060508984375,810605.08984375
Y2023_LAT23.67163_LON90.28904,2023,90.28904164971378,23.67163164707944,0.6825795077104068,0.05645731929874639,0.11073399386102327,0.1502291791298236,0.0,0.0,1,1,0,0,0,0,0,0,0.41225145290374754,412251.45290374756
Y2023_LAT23.6718_LON90.29884,2023,90.29883771584848,23.67180286643217,0.8346793945626241,0.09951123969902605,0.02764203566786112,0.03816733007048875,0.0,0.0,1,1,0,0,0,0,0,0,0.9395896532287598,939589.6532287598
Y2023_LAT23.67197_LON90.30863,2023,90.3086338742287,23.6719734675823,0.9224999620569146,0.009799955965552422,0.05800014425246208,0.009699937725070931,0.0,0.0,1,1,0,0,0,0,0,0,0.998939111328125,998939.111328125
Y2023_LAT23.67214_LON90.31843,2023,90.3184301243405,23.67214345053694,0.9041002036154792,0.0,0.09589979638452088,0.0,0.0,0.0,1,1,0,0,0,0,0,0,0.9989526312561036,998952.6312561035
Y2023_LAT23.67231_LON90.32823,2023,90.32822646598497,23.67231281518136,0.9952000148183235,0.00020000068727368055,0.004599984494402769,0.0,0.0,0.0,1,1,0,0,0,0,0,0,0.998966103012085,998966.103012085
Y2023_LAT23.67248_LON90.33802,2023,90.33802289865336,23.672481561486364,0.7103994184356908,0.0002999981037648601,0.2893005834605444,0.0,0.0,0.0,1,1,0,0,0,0,0,0,0.9989795249862671,998979.5249862671
Y2023_LAT23.67265_LON90.34782,2023,90.347819422269,23.67264968961687,0.4375987388727421,0.0,0.562401261127258,0.0,0.0,0.0,3,0,0,1,0,0,0,0,0.9989929008483887,998992.9008483887
Y2023_LAT23.67282_LON90.35762,2023,90.35761603619699,23.672817199345946,0.029899915614558032,0.0,0.9701000843854419,0.0,0.0,0.0,3,0,0,1,0,0,0,0,0.9990062220077515,999006.2220077515
Y2023_LAT23.67298_LON90.36741,2023,90.36741274047239,23.672984090720792,0.05950012774915208,0.0,0.9396998676372422,0.0007000045170739601,0.00010000009653172233,0.0,3,0,0,1,0,0,0,0,0.9990194976654053,999019.4976654053
Y2023_LAT23.67315_LON90.37721,2023,90.37720953437174,23.67315036372105,0.22790021132560415,0.026299935496374056,0.6539999997911036,0.008399992453115722,0.08339986093380264,0.0,3,0,0,1,0,0,0,0,0.9990327228622436,999032.7228622437
Y2023_LAT23.67332_LON90.38701,2023,90.38700641776765,23.673316018313184,0.3795991439627745,0.20200081643748657,0.38059988060308014,0.037800158996658735,0.0,0.0,3,0,0,1,0,0,0,1,0.9990458999862671,999045.8999862671
Y2023_LAT23.67348_LON90.3968,2023,90.39680339036659,23.67348105445784,0.2436005188283034,0.7549994902191627,0.0013999909525339446,0.0,0.0,0.0,2,0,1,0,0,0,0,0,0.9990590272827149,999059.0272827148
Y2023_LAT23.67365_LON90.4066,2023,90.40660045175213,23.673645472221292,0.7936006163446072,0.2051993840370641,0.0011999996183287111,0.0,0.0,0.0,1,1,0,0,0,0,0,0,0.999072106552124,999072.106552124
Y2023_LAT23.67381_LON90.4164,2023,90.4163976015287,23.673809271455447,0.7961003972468064,0.16229978061912734,0.039299828761399445,0.0022999933726669,0.0,0.0,1,1,0,0,0,0,0,0,0.9990851356277466,999085.1356277466
Y2023_LAT23.67397_LON90.42619,2023,90.42619483956582,23.673972452224067,1.0,0.0,0.0,0.0,0.0,0.0,1,1,0,0,0,0,0,0,0.9990981164855957,999098.1164855957
Y2023_LAT23.67414_LON90.43599,2023,90.43599216531646,23.67413501452833,0.8055993129022089,0.0,0.0,0.19440068709779107,0.0,0.0,1,1,0,0,0,0,0,0,0.9991110469589234,999111.0469589233
Y2023_LAT23.6743_LON90.44579,2023,90.44578957854675,23.674296958143618,0.686700530618656,0.014000007734803581,0.0010000054930325005,0.2981994555820602,0.00010000057144789445,0.0,1,1,0,0,0,0,0,0,0.9991239291992188,999123.9291992188
Y2023_LAT23.67446_LON90.45559,2023,90.45558707901341,23.674458283331234,0.41733868066273333,0.025132635903468852,0.016831924252200377,0.5406967591815974,0.0,0.0,4,0,0,0,1,0,0,0,0.43332419115447995,433324.19115448
Y2023_LAT23.6758_LON90.02438,2023,90.02437951447082,23.67579556360516,0.28096161607556785,0.0,0.1876166133037795,0.5314217706206527,0.0,0.0,4,0,0,0,1,0,0,0,0.2160810047302246,216081.0047302246
Y2023_LAT23.67598_LON90.03417,2023,90.03417363771479,23.6759835458416,0.372485010281926,0.059914089441498626,0.5676009002765754,0.0,0.0,0.0,3,0,0,1,0,0,0,0,0.8833096795425415,883309.6795425415
Y2023_LAT23.67617_LON90.04397,2023,90.04396786208045,23.676170910287578,0.5096007507060074,0.04430007790186118,0.4419991590146652,0.004100012377466247,0.0,0.0,1,1,0,0,0,0,0,0,0.9985555081329346,998555.5081329346
Y2023_LAT23.67636_LON90.05376,2023,90.05376218728698,23.676357656909072,0.27309889052278274,0.003399977506942026,0.7235011319702752,0.0,0.0,0.0,3,0,0,1,0,0,0,0,0.998570354675293,998570.354675293
Y2023_LAT23.67654_LON90.06356,2023,90.06355661291529,23.676543785630265,0.6373005667585051,0.0,0.3608994218634324,0.0018000113780626804,0.0,0.0,1,1,0,0,0,0,0,0,0.998585148979187,998585.148979187
Y2023_LAT23.67673_LON90.07335,2023,90.07335113867751,23.67672929647067,0.7180001636540134,0.06780021451095909,0.20779959224827824,0.0064000295867492046,0.0,0.0,1,1,0,0,0,0,0,0,0.998599896949768,998599.8969497681
Y2023_LAT23.67691_LON90.08315,2023,90.0831457643995,23.67691418943131,0.5229005378067991,0.10089989884047225,0.37209956555016,0.004099997802568616,0.0,0.0,1,1,0,0,0,0,0,0,0.9986145961532593,998614.5961532593
Y2023_LAT23.6771_LON90.09294,2023,90.09294048937929,23.677098464394223,0.9373998536338174,0.017499976151104914,0.02610014407936029,0.019000026135717354,0.0,0.0,1,1,0,0,0,0,0,0,0.998629243965149,998629.2439651489
Y2023_LAT23.67728_LON90.10274,2023,90.102735313684,23.67728212138585,0.06349995887653456,0.004900015347084094,0.8794997339453331,0.05210029183104821,0.0,0.0,3,0,0,1,0,0,0,0,0.9986438442230224,998643.8442230225
Y2023_LAT23.67747_LON90.11253,2023,90.11253023667851,23.67746516043704,0.27340022002252823,0.012999993271819091,0.6967998989508518,0.016799887754800864,0.0,0.0,3,0,0,1,0,0,0,0,0.9986583966140747,998658.3966140747
Y2023_LAT23.67765_LON90.12233,2023,90.12232525824136,23.677647581381592,0.2404990121182588,0.0010999942444178733,0.7584009936373233,0.0,0.0,0.0,3,0,0,1,0,0,0,0,0.9986728973007202,998672.8973007202
Y2023_LAT23.67783_LON90.13212,2023,90.13212037793532,23.677829384331158,0.4556006468877839,0.002099992911697746,0.5407993502215687,0.001500009978949686,0.0,0.0,3,0,0,1,0,0,0,0,0.9986873512573242,998687.3512573242
Y2023_LAT23.67801_LON90.14192,2023,90.1419155954399,23.678010569231475,0.1190993502666945,0.008199956083690174,0.8716007011051166,0.0010999925444987822,0.0,0.0,3,0,0,1,0,0,0,0,0.9987017540588379,998701.7540588379
Y2023_LAT23.67819_LON90.15171,2023,90.1517109104151,23.67819113600104,0.48150026155243747,0.0040000246538757726,0.5144997137936868,0.0,0.0,0.0,3,0,0,1,0,0,0,0,0.9987161096878052,998716.1096878052
Y2023_LAT23.67837_LON90.16151,2023,90.16150632255399,23.67837108468376,0.17529980115118673,0.002699981247201548,0.8181001994231172,0.003900018178494495,0.0,0.0,3,0,0,1,0,0,0,0,0.9987304146270752,998730.4146270752
Y2023_LAT23.67855_LON90.1713,2023,90.17130183151394,23.678550415217572,0.38530144039321323,0.00020000086824386115,0.6099985823098425,0.004499976428700397,0.0,0.0,3,0,0,1,0,0,0,0,0.9987446724090576,998744.6724090576
Y2023_LAT23.67873_LON90.1811,2023,90.1810974369278,23.678729127524555,0.2915988472021064,0.0040000013716975594,0.7044011514261961,0.0,0.0,0.0,3,0,0,1,0,0,0,0,0.9987588795318604,998758.8795318604
Y2023_LAT23.67891_LON90.19089,2023,90.19089313852575,23.678907221657223,0.16379962261101363,0.009899937417394599,0.8263004399715917,0.0,0.0,0.0,3,0,0,1,0,0,0,0,0.9987730382766724,998773.0382766724
Y2023_LAT23.67908_LON90.20069,2023,90.20068893596161,23.679084697594206,0.0005999994088731992,0.0,0.9994000005911268,0.0,0.0,0.0,3,0,0,1,0,0,0,0,0.9987871473464965,998787.1473464966
Y2023_LAT23.67926_LON90.21048,2023,90.21048482882942,23.679261555294072,0.11199983930198547,0.000299998253872944,0.8877001624441416,0.0,0.0,0.0,3,0,0,1,0,0,0,0,0.9988012083435058,998801.2083435059
Y2023_LAT23.67944_LON90.22028,2023,90.2202808169129,23.67943779475141,0.10779980275611635,0.0018999955623693332,0.8903002016815144,0.0,0.0,0.0,3,0,0,1,0,0,0,0,0.998815219116211,998815.2191162109
Y2023_LAT23.67961_LON90.23008,2023,90.23007689982374,23.67961341583715,0.3245009334050235,0.0005000000897772014,0.6700990396840605,0.004900026821138858,0.0,0.0,3,0,0,1,0,0,0,0,0.9988291816177368,998829.1816177368
Y2023_LAT23.67979_LON90.23987,2023,90.23987307712183,23.679788418657314,0.05870017520511109,0.02830011171867505,0.9129997130762139,0.0,0.0,0.0,3,0,0,1,0,0,0,0,0.9988430952606201,998843.0952606201
Y2023_LAT23.67996_LON90.24967,2023,90.24966934876005,23.67996280312878,0.06019967236190099,0.003799977016988167,0.9360003506211109,0.0,0.0,0.0,3,0,0,1,0,0,0,0,0.998856960067749,998856.960067749
Y2023_LAT23.68014_LON90.25947,2023,90.25946571403094,23.680136569215893,0.0,0.0043999997585499806,0.99560000024145,0.0,0.0,0.0,3,0,0,1,0,0,0,0,0.9988707743759155,998870.7743759155
Y2023_LAT23.68031_LON90.26926,2023,90.26926217288214,23.680309717012452,0.19100088794827824,0.0,0.8000990556996591,0.008900056352062752,0.0,0.0,3,0,0,1,0,0,0,0,0.9988845422821044,998884.5422821045
Y2023_LAT23.68048_LON90.27906,2023,90.27905872496201,23.68048224632503,0.4203993209096357,0.002799994205768347,0.1859005799324591,0.39090010495213695,0.0,0.0,1,1,0,0,0,0,0,1,0.9988982571868896,998898.2571868896
Y2023_LAT23.68065_LON90.28886,2023,90.2888553697017,23.68065415725346,0.3255014361035576,0.03149992987366375,0.6318987040697073,0.01109992995307144,0.0,0.0,3,0,0,1,0,0,0,0,0.9989119254455566,998911.9254455566
Y2023_LAT23.68083_LON90.29865,2023,90.29865210710203,23.680825449623452,0.9500998336191978,0.049600165362318184,0.0003000010184839958,0.0,0.0,0.0,1,1,0,0,0,0,0,0,0.9989255434341431,998925.5434341431
Y2023_LAT23.681_LON90.30845,2023,90.30844893653449,23.680996123618623,1.0,0.0,0.0,0.0,0.0,0.0,1,1,0,0,0,0,0,0,0.9989391132125854,998939.1132125854
Y2023_LAT23.68117_LON90.31825,2023,90.31824585795898,23.681166179057755,0.6680986826307257,0.0,0.33190131736927436,0.0,0.0,0.0,1,1,0,0,0,0,0,0,0.9989526333999634,998952.6333999634
Y2023_LAT23.68134_LON90.32804,2023,90.32804287068859,23.68133561598389,0.4182991127502608,0.0,0.5817008872497392,0.0,0.0,0.0,3,0,0,1,0,0,0,0,0.9989661054611206,998966.1054611206
Y2023_LAT23.6815_LON90.33784,2023,90.33783997470627,23.68150443436738,0.03310001653941982,0.0,0.9668999834605801,0.0,0.0,0.0,3,0,0,1,0,0,0,0,0.9989795284576416,998979.5284576416
Y2023_LAT23.68167_LON90.34764,2023,90.34763716947079,23.68167263416561,0.21630013860356154,0.0,0.7836998613964384,0.0,0.0,0.0,3,0,0,1,0,0,0,0,0.9989929008483887,998992.9008483887
Y2023_LAT23.68184_LON90.35743,2023,90.35743445478417,23.681840215417694,0.1436002791353291,0.0,0.8563997208646709,0.0,0.0,0.0,3,0,0,1,0,0,0,0,0.9990062254867553,999006.2254867554
Y2023_LAT23.68201_LON90.36723,2023,90.36723183031991,23.682007177967904,0.21489958936834275,0.000600003151426766,0.7845004074802305,0.0,0.0,0.0,3,0,0,1,0,0,0,0,0.9990194999847413,999019.4999847412
Y2023_LAT23.68217_LON90.37703,2023,90.37702929556154,23.682173521934047,0.5796000739662172,0.0,0.4114998797533862,0.00870004681879886,0.00019999946159774795,0.0,1,1,0,0,0,0,0,0,0.9990327263336182,999032.7263336182
Y2023_LAT23.68234_LON90.38683,2023,90.38682685035715,23.68233924722738,0.7750997720512611,0.0850002559966946,0.13989997195204432,0.0,0.0,0.0,1,1,0,0,0,0,0,0,0.999045903465271,999045.903465271
Y2023_LAT23.6825_LON90.39662,2023,90.39662449431165,23.682504353804134,0.47519955646139067,0.5248004435386093,0.0,0.0,0.0,0.0,2,0,1,0,0,0,0,0,0.9990590291519165,999059.0291519165
Y2023_LAT23.68267_LON90.40642,2023,90.4064222271138,23.68266884167841,0.6259009746014689,0.3076989373796826,0.0,0.0,0.0,0.06640008801884847,1,1,0,0,0,0,0,0,0.9990721083145142,999072.1083145142
Y2023_LAT23.68283_LON90.41622,2023,90.41622004843472,23.682832710833175,0.9694001472863291,0.02959985783185597,0.00019999888167189172,0.0,0.0,0.0007999960001431742,1,1,0,0,0,0,0,0,0.9990851382217407,999085.1382217407
Y2023_LAT23.683_LON90.42602,2023,90.42601795782869,23.682995961220236,0.783799307293472,0.010499948005555433,0.0,0.20570074470097255,0.0,0.0,1,1,0,0,0,0,0,0,0.9990981182785034,999098.1182785034
Y2023_LAT23.68316_LON90.43582,2023,90.43581595517679,23.683158592791173,0.6183007137185403,0.0006999984840756985,0.0,0.380999287797384,0.0,0.0,1,1,0,0,0,0,0,0,0.9991110503997803,999111.0503997803
Y2023_LAT23.68332_LON90.44561,2023,90.44561403991838,23.683320605739755,0.9728998494860289,0.00010000063993440561,0.0041000232057851775,0.022900126668251548,0.0,0.0,1,1,0,0,0,0,0,0,0.9991239315795899,999123.9315795898
Y2023_LAT23.68348_LON90.45541,2023,90.45541221193358,23.683481999713646,0.6295364249338835,0.09233723592488097,0.06446360566363796,0.17007879321182354,0.043583940265774015,0.0,1,1,0,0,0,0,0,0,0.9857482493362427,985748.2493362427
Y2023_LAT23.68364_LON90.46521,2023,90.46521047076008,23.683642774852633,0.9836166214602012,0.0,0.0,0.016383378539798724,0.0,0.0,1,1,0,0,0,0,0,0,0.32322485633850095,323224.856338501
Y2023_LAT23.6838_LON90.47501,2023,90.47500881598002,23.683802931209467,1.0,0.0,0.0,0.0,0.0,0.0,1,1,0,0,0,0,0,0,0.07343803986358642,73438.03986358643
Y2023_LAT23.685_LON90.03397,2023,90.03396981755542,23.68500405169941,0.18258710274953946,0.0,0.8174128972504605,0.0,0.0,0.0,3,0,0,1,0,0,0,0,0.20070771918487548,200707.7191848755
Y2023_LAT23.68519_LON90.04376,2023,90.04376471264946,23.685191496040034,0.38147928293182737,0.010144669174871298,0.6082756055282778,0.00010044236502358868,0.0,0.0,3,0,0,1,0,0,0,0,0.9941618983840942,994161.8983840942
Y2023_LAT23.68538_LON90.05356,2023,90.05355970859381,23.685378322299123,0.3659994650081942,0.018300080763428768,0.6153004513067379,0.00040000292163905516,0.0,0.0,3,0,0,1,0,0,0,0,0.9985703583221436,998570.3583221436
Y2023_LAT23.68556_LON90.06335,2023,90.06335480496062,23.685564530452844,0.7917005760257348,0.05339998838257893,0.14599940203790104,0.0089000335537853,0.0,0.0,1,1,0,0,0,0,0,0,0.9985851521530151,998585.1521530151
Y2023_LAT23.68575_LON90.07315,2023,90.07315000156721,23.685750120436253,0.6570995518410173,0.07550018295593985,0.18510018547089904,0.0823000797321438,0.0,0.0,1,1,0,0,0,0,0,0,0.9985999004211426,998599.9004211426
Y2023_LAT23.68594_LON90.08295,2023,90.08294529795054,23.685935092191453,0.5950999265379213,0.06549979437738455,0.30540041966345477,0.033999859421239356,0.0,0.0,1,1,0,0,0,0,0,0,0.9986145989837647,998614.5989837646
Y2023_LAT23.68612_LON90.09274,2023,90.09274069395413,23.686119445769236,0.8510003289946181,0.046699993658789,0.06399962073158157,0.038300056615011346,0.0,0.0,1,1,0,0,0,0,0,0,0.9986292471084595,998629.2471084595
Y2023_LAT23.6863_LON90.10254,2023,90.10253618903371,23.686303181147174,0.7150998784941415,0.05629991405495885,0.19370030718089207,0.03489990027000765,0.0,0.0,1,1,0,0,0,0,0,0,0.9986438482513428,998643.8482513428
Y2023_LAT23.68649_LON90.11233,2023,90.1123317830009,23.686486298260636,0.9717999086553925,0.0092000210266438,0.01900007031796378,0.0,0.0,0.0,1,1,0,0,0,0,0,0,0.9986583997421264,998658.3997421265
Y2023_LAT23.68667_LON90.12213,2023,90.12212747545509,23.686668797078124,0.5955993829836296,0.08180002710386199,0.3133005946833372,0.009299995229171258,0.0,0.0,1,1,0,0,0,0,0,0,0.9986729000396729,998672.9000396729
Y2023_LAT23.68685_LON90.13192,2023,90.1319232660632,23.686850677571027,0.41430032908668546,0.021300069258066007,0.5643996016552486,0.0,0.0,0.0,3,0,0,1,0,0,0,0,0.9986873541183472,998687.3541183472
Y2023_LAT23.68703_LON90.14172,2023,90.14171915461574,23.68703193971143,0.11879971053489749,0.013199998698334537,0.8679002906038764,0.0001000001628915264,0.0,0.0,3,0,0,1,0,0,0,0,0.9987017575988769,998701.757598877
Y2023_LAT23.68721_LON90.15152,2023,90.15151514060925,23.687212583529078,0.0004999965154083784,0.0,0.9995000034845917,0.0,0.0,0.0,3,0,0,1,0,0,0,0,0.9987161124572754,998716.1124572754
Y2023_LAT23.68739_LON90.16131,2023,90.16131122379636,23.68739260891942,0.41950116023629813,0.01720005898037971,0.5621987780688026,0.001100002714519609,0.0,0.0,3,0,0,1,0,0,0,0,0.9987304178009033,998730.4178009033
Y2023_LAT23.68757_LON90.17111,2023,90.17110740382451,23.68757201592602,0.45490033474704794,0.11049991889150299,0.43459974636144905,0.0,0.0,0.0,1,1,0,0,0,0,0,1,0.9987446755599976,998744.6755599976
Y2023_LAT23.68775_LON90.1809,2023,90.18090368039647,23.68775080454604,0.26909926645672466,0.0,0.7309007335432753,0.0,0.0,0.0,3,0,0,1,0,0,0,0,0.9987588837127686,998758.8837127686
Y2023_LAT23.68793_LON90.1907,2023,90.19070005308562,23.687928974645676,0.18649950738635201,0.014399978247309379,0.7968005195398219,0.0022999948265167314,0.0,0.0,3,0,0,1,0,0,0,0,0.9987730416564942,998773.0416564941
Y2023_LAT23.68811_LON90.2005,2023,90.20049652177411,23.68810652627268,0.18900067299141582,0.025500005900310332,0.7854993211082738,0.0,0.0,0.0,3,0,0,1,0,0,0,0,0.9987871505355835,998787.1505355835
Y2023_LAT23.68828_LON90.21029,2023,90.21029308576458,23.688283459428458,0.12179935231488023,0.0,0.8782006476851197,0.0,0.0,0.0,3,0,0,1,0,0,0,0,0.9988012114410401,998801.21144104
Y2023_LAT23.68846_LON90.22009,2023,90.22008974511502,23.688459774039266,0.06280035786855392,0.0,0.9328996151686029,0.004300026962843299,0.0,0.0,3,0,0,1,0,0,0,0,0.9988152208786011,998815.2208786011
Y2023_LAT23.68864_LON90.22989,2023,90.22988649921624,23.688635470068228,0.46630054829714807,0.0,0.532999450184553,0.0007000015182991018,0.0,0.0,3,0,0,1,0,0,0,0,0.9988291846847535,998829.1846847534
Y2023_LAT23.68881_LON90.23968,2023,90.23968334787638,23.68881054755855,0.24619978896392544,0.0422000274046644,0.7116001836314102,0.0,0.0,0.0,3,0,0,1,0,0,0,0,0.9988430983505249,998843.0983505249
Y2023_LAT23.68899_LON90.24948,2023,90.24948029079363,23.68898500645863,0.04009981091627675,0.0001000002293484577,0.9598001888543748,0.0,0.0,0.0,3,0,0,1,0,0,0,0,0.9988569620666504,998856.9620666504
Y2023_LAT23.68916_LON90.25928,2023,90.25927732741697,23.689158846767523,0.017200089618362183,0.0,0.9827999103816378,0.0,0.0,0.0,3,0,0,1,0,0,0,0,0.9988707772216797,998870.7772216797
Y2023_LAT23.68933_LON90.26907,2023,90.26907445768036,23.689332068339798,0.3467998484038595,0.04620016522197333,0.36779925243482964,0.2392007339393375,0.0,0.0,3,0,0,1,0,0,0,1,0.9988845439071655,998884.5439071655
Y2023_LAT23.6895_LON90.27887,2023,90.27887168106732,23.689504671222522,0.175899847712464,0.08799959857231865,0.714100679024861,0.021999874690356327,0.0,0.0,3,0,0,1,0,0,0,0,0.9988982604598999,998898.2604598999
Y2023_LAT23.68968_LON90.28867,2023,90.2886689973465,23.689676655411855,0.6775011414725448,0.05290015331889175,0.26959870520856344,0.0,0.0,0.0,1,1,0,0,0,0,0,0,0.998911928642273,998911.928642273
Y2023_LAT23.68985_LON90.29847,2023,90.29846640613323,23.68984802094192,0.9621001922147464,0.03699981301973294,0.0,0.0008999947655206644,0.0,0.0,1,1,0,0,0,0,0,0,0.9989255469131469,998925.546913147
Y2023_LAT23.69002_LON90.30826,2023,90.30826390710382,23.690018767769185,0.9931999572722979,0.0,0.006800042727702115,0.0,0.0,0.0,1,1,0,0,0,0,0,0,0.9989391175842285,998939.1175842285
Y2023_LAT23.69019_LON90.31806,2023,90.31806149997833,23.690188895715618,0.3012995720396181,0.0001999987626566893,0.6983004298088022,0.0001999993889229689,0.0,0.0,3,0,0,1,0,0,0,0,0.9989526371459961,998952.6371459961
Y2023_LAT23.69036_LON90.32786,2023,90.3278591842765,23.69035840490154,0.3382000816209305,0.0,0.6517999780355507,0.00999994034351879,0.0,0.0,3,0,0,1,0,0,0,0,0.9989661081008911,998966.1081008911
Y2023_LAT23.69053_LON90.33766,2023,90.33765695983121,23.690527295348776,0.29290034019799827,0.008900041753155416,0.6894995677570718,0.008700050291774508,0.0,0.0,3,0,0,1,0,0,0,0,0.9989795315475464,998979.5315475464
Y2023_LAT23.6907_LON90.34745,2023,90.34745482628604,23.690695566908847,0.38409980872345745,0.013200076722164288,0.594800101428137,0.0011999921261645053,0.0,0.0067000210000767715,3,0,0,1,0,0,0,0,0.9989929008483887,998992.9008483887
Y2023_LAT23.69086_LON90.35725,2023,90.35725278310356,23.69086321961578,0.31700101306793804,0.02870009858346824,0.6529988810225978,0.0013000073259960328,0.0,0.0,3,0,0,1,0,0,0,0,0.9990062286453247,999006.2286453247
Y2023_LAT23.69103_LON90.36705,2023,90.36705083031248,23.691030253398875,0.974400051829212,0.003500016771655441,0.022099931399132598,0.0,0.0,0.0,1,1,0,0,0,0,0,0,0.999019502609253,999019.5026092529
Y2023_LAT23.6912_LON90.37685,2023,90.37684896726971,23.69119666831015,0.9238000064017902,0.027800006133769633,0.03689996071805305,0.011500026746387223,0.0,0.0,1,1,0,0,0,0,0,0,0.9990327285690308,999032.7285690308
Y2023_LAT23.69136_LON90.38665,2023,90.38664719377365,23.691362464299498,1.0,0.0,0.0,0.0,0.0,0.0,1,1,0,0,0,0,0,0,0.9990459057922363,999045.9057922363
Y2023_LAT23.69153_LON90.39645,2023,90.39644550944865,23.691527641360246,1.0,0.0,0.0,0.0,0.0,0.0,1,1,0,0,0,0,0,0,0.9990590336990356,999059.0336990356
Y2023_LAT23.69169_LON90.40624,2023,90.40624391405873,23.6916921993956,1.0,0.0,0.0,0.0,0.0,0.0,1,1,0,0,0,0,0,0,0.9990721120147705,999072.1120147705
Y2023_LAT23.69186_LON90.41604,2023,90.41604240706675,23.691856138496544,0.82229930016823,0.008299991664010704,0.0,0.1694007081677592,0.0,0.0,1,1,0,0,0,0,0,0,0.9990851405639648,999085.1405639648
Y2023_LAT23.69202_LON90.42584,2023,90.42584098837877,23.692019458559063,0.6688009348669897,0.03229990980749621,0.0,0.29889915532551414,0.0,0.0,1,1,0,0,0,0,0,0,0.9990981207809448,999098.1207809448
Y2023_LAT23.69218_LON90.43564,2023,90.43563965751353,23.69218215954913,1.0,0.0,0.0,0.0,0.0,0.0,1,1,0,0,0,0,0,0,0.9991110517501831,999111.0517501831
Y2023_LAT23.69234_LON90.44544,2023,90.44543841412684,23.69234424145357,1.0,0.0,0.0,0.0,0.0,0.0,1,1,0,0,0,0,0,0,0.9991239349365234,999123.9349365234
Y2023_LAT23.69251_LON90.45524,2023,90.45523725805928,23.692505704334405,1.0,0.0,0.0,0.0,0.0,0.0,1,1,0,0,0,0,0,0,0.9991367661590577,999136.7661590576
Y2023_LAT23.69267_LON90.46504,2023,90.46503618870872,23.692666548114357,0.8926000539321901,0.013199987139425912,0.0,0.09419995892838402,0.0,0.0,1,1,0,0,0,0,0,0,0.9991495521011352,999149.5521011353
Y2023_LAT23.69283_LON90.47484,2023,90.47483520593858,23.692826772691703,1.0,0.0,0.0,0.0,0.0,0.0,1,1,0,0,0,0,0,0,0.7905364627914429,790536.4627914429
Y2023_LAT23.69299_LON90.48463,2023,90.4846343094755,23.692986378148444,0.9120426907120811,0.08795730928791891,0.0,0.0,0.0,0.0,1,1,0,0,0,0,0,0,0.2430989380722046,243098.9380722046
Y2023_LAT23.69315_LON90.49443,2023,90.49443349863819,23.693145364514095,0.0,0.0,0.0,0.0,0.0,0.0,1,1,0,0,0,0,0,1,0.0,0.0
Y2023_LAT23.69402_LON90.03377,2023,90.03376589628226,23.694024545346963,0.0,0.0,1.0,0.0,0.0,0.0,3,0,0,1,0,0,0,0,0.07948433137512206,79484.33137512207
Y2023_LAT23.69421_LON90.04356,2023,90.04356146241442,23.694212069655585,0.11380590443383702,0.00011124768904571178,0.8837466466791494,0.002336201197967898,0.0,0.0,3,0,0,1,0,0,0,0,0.8976020648345947,897602.0648345947
Y2023_LAT23.6944_LON90.05336,2023,90.05335712937642,23.69439897558522,0.3604994801398026,0.026699903413948584,0.6126006159182158,0.00020000052803303349,0.0,0.0,3,0,0,1,0,0,0,0,0.998570361656189,998570.361656189
Y2023_LAT23.69459_LON90.06315,2023,90.06315289686664,23.69458526312828,0.2982007962492147,0.04720012940991991,0.6542990739285687,0.0003000004122967454,0.0,0.0,3,0,0,1,0,0,0,0,0.998585155128479,998585.155128479
Y2023_LAT23.69477_LON90.07295,2023,90.07294876450825,23.694770932261218,0.617500986256953,0.0680000485342001,0.27899894147988435,0.03550002372896257,0.0,0.0,1,1,0,0,0,0,0,0,0.9985999040527344,998599.9040527344
Y2023_LAT23.69496_LON90.08274,2023,90.08274473212296,23.694955982996586,0.517798773544424,0.0,0.46320129001413457,0.018999936441441417,0.0,0.0,1,1,0,0,0,0,0,0,0.998614603225708,998614.603225708
Y2023_LAT23.69514_LON90.09254,2023,90.09254079918136,23.69514041515422,0.3581006956609173,0.0,0.6180993923171999,0.023799912021882967,0.0,0.0,3,0,0,1,0,0,0,0,0.9986292502975463,998629.2502975464
Y2023_LAT23.69532_LON90.10234,2023,90.10233696561099,23.695324228837872,0.6796992238638484,0.09830041679889172,0.20710036154873232,0.01489999778852771,0.0,0.0,1,1,0,0,0,0,0,0,0.9986438507843017,998643.8507843018
Y2023_LAT23.69551_LON90.11213,2023,90.1121332307547,23.695507423993153,0.977800141566477,0.010799938707109838,0.011399919726413148,0.0,0.0,0.0,1,1,0,0,0,0,0,0,0.9986584027633667,998658.4027633667
Y2023_LAT23.69569_LON90.12193,2023,90.12192959448173,23.695690000641797,0.6923990468843335,0.05760003320321914,0.24370094991747002,0.0062999699949773565,0.0,0.0,1,1,0,0,0,0,0,0,0.9986729038772583,998672.9038772583
Y2023_LAT23.69587_LON90.13173,2023,90.1317260564157,23.69587195872346,0.00409997117703237,0.0,0.9959000288229676,0.0,0.0,0.0,3,0,0,1,0,0,0,0,0.9986873569488526,998687.3569488525
Y2023_LAT23.69605_LON90.14152,2023,90.14152261628611,23.69605329816605,0.18810033422312372,0.0026000072001388275,0.805799648698255,0.0035000098784824457,0.0,0.0,3,0,0,1,0,0,0,0,0.9987017601852417,998701.7601852417
Y2023_LAT23.69623_LON90.15132,2023,90.1513192735837,23.696234018970106,0.02330007155503515,0.0,0.9766999284449649,0.0,0.0,0.0,3,0,0,1,0,0,0,0,0.9987161163787842,998716.1163787842
Y2023_LAT23.69641_LON90.16112,2023,90.1611160282094,23.696414121172545,0.5837004323401661,0.05330019326535292,0.3555993624062049,0.007400011988276081,0.0,0.0,1,1,0,0,0,0,0,0,0.9987304220123291,998730.4220123291
Y2023_LAT23.69659_LON90.17091,2023,90.17091287966808,23.69659360474074,0.380599359412139,0.24909994001500946,0.3703007005728515,0.0,0.0,0.0,1,1,0,0,0,0,0,1,0.9987446786422729,998744.678642273
Y2023_LAT23.69677_LON90.18071,2023,90.18070982763672,23.6967724695766,0.21649982026401426,0.08249999712333327,0.7010001826126525,0.0,0.0,0.0,3,0,0,1,0,0,0,0,0.9987588852005005,998758.8852005005
Y2023_LAT23.69695_LON90.19051,2023,90.19050687186817,23.696950715691802,0.30060030143479605,0.027199981733569353,0.6721997168316346,0.0,0.0,0.0,3,0,0,1,0,0,0,0,0.9987730447769165,998773.0447769165
Y2023_LAT23.69713_LON90.2003,2023,90.20030401191951,23.69712834307055,0.6719006022039877,0.01839990931819073,0.3096994884778215,0.0,0.0,0.0,1,1,0,0,0,0,0,0,0.9987871536712647,998787.1536712646
Y2023_LAT23.69731_LON90.2101,2023,90.21010124757622,23.69730535159487,0.16729994802396356,0.0,0.8327000519760365,0.0,0.0,0.0,3,0,0,1,0,0,0,0,0.998801214553833,998801.214553833
Y2023_LAT23.69748_LON90.2199,2023,90.21989857844044,23.69748174142072,0.49470016914951864,0.0,0.4804996934371163,0.024800137413365068,0.0,0.0,1,1,0,0,0,0,0,1,0.998815227722168,998815.227722168
Y2023_LAT23.69766_LON90.2297,2023,90.22969600417127,23.697657512448863,0.4374007407706833,0.04620003325827972,0.3709993391158084,0.1453998868552286,0.0,0.0,1,1,0,0,0,0,0,1,0.9988291876449585,998829.1876449585
Y2023_LAT23.69783_LON90.23949,2023,90.23949352444232,23.69783266458546,0.3967998821976013,0.004100012241135474,0.5991001055612633,0.0,0.0,0.0,3,0,0,1,0,0,0,0,0.9988431016616821,998843.1016616821
Y2023_LAT23.69801_LON90.24929,2023,90.2492911389818,23.698007197814498,0.19959944434081775,0.027799852445599613,0.7726007032135827,0.0,0.0,0.0,3,0,0,1,0,0,0,0,0.9988569657974243,998856.9657974243
Y2023_LAT23.69818_LON90.25909,2023,90.25908884729992,23.698181112186607,0.4604000580746702,0.0033000208894311926,0.5362999210358985,0.0,0.0,0.0,3,0,0,1,0,0,0,0,0.9988707804183959,998870.780418396
Y2023_LAT23.69835_LON90.26889,2023,90.26888664922271,23.698354407670063,0.26719966956855223,0.02280002184443486,0.606899822949328,0.10310048563768509,0.0,0.0,3,0,0,1,0,0,0,0,0.9988845443725586,998884.5443725586
Y2023_LAT23.69853_LON90.27868,2023,90.27868454438945,23.69852708423566,0.5188011080415708,0.1389997279869038,0.14069983181982143,0.20149933215170404,0.0,0.0,1,1,0,0,0,0,0,0,0.9988982633972168,998898.2633972168
Y2023_LAT23.6987_LON90.28848,2023,90.28848253235476,23.698699141812764,0.8678998064416771,0.10430036044104572,0.027799833117277174,0.0,0.0,0.0,1,1,0,0,0,0,0,0,0.9989119308395386,998911.9308395386
Y2023_LAT23.69887_LON90.29828,2023,90.29828061303134,23.698870580411132,0.7695997811272711,0.04260016963951866,0.18780004923321023,0.0,0.0,0.0,1,1,0,0,0,0,0,0,0.9989255498428344,998925.5498428345
Y2023_LAT23.69904_LON90.30808,2023,90.30807878574694,23.699041399940448,0.8288994596129124,0.007299999903063361,0.151300602484652,0.012499937999372162,0.0,0.0,1,1,0,0,0,0,0,0,0.9989391198272705,998939.1198272705
Y2023_LAT23.69921_LON90.31788,2023,90.3178770504813,23.699211600501837,0.31470000486562005,0.00020000025148104268,0.6838999986285395,0.0011999962543594346,0.0,0.0,3,0,0,1,0,0,0,0,0.9989526394805908,998952.6394805908
Y2023_LAT23.69938_LON90.32768,2023,90.32767540665867,23.699381182078024,0.4244005572313583,0.0,0.5755994427686417,0.0,0.0,0.0,3,0,0,1,0,0,0,0,0.9989661110687256,998966.1110687256
Y2023_LAT23.69955_LON90.33747,2023,90.33747385414618,23.699550144458456,0.7224001469711216,0.0001999993501394516,0.25769987749548234,0.01969997618325655,0.0,0.0,1,1,0,0,0,0,0,0,0.9989795338287354,998979.5338287354
Y2023_LAT23.69972_LON90.34727,2023,90.34727239253493,23.69971848774044,0.9336001858581493,0.02490001101382639,0.04149980312802435,0.0,0.0,0.0,1,1,0,0,0,0,0,0,0.9989929008789062,998992.9008789062
Y2023_LAT23.69989_LON90.35707,2023,90.35707102131262,23.699886211934867,0.7654004246632997,0.031300116589383524,0.2013994546086833,0.0019000041386335652,0.0,0.0,1,1,0,0,0,0,0,0,0.9990062315292358,999006.2315292358
Y2023_LAT23.70005_LON90.36687,2023,90.36686974043921,23.70005331705588,0.9980000129006342,0.00199998709936577,0.0,0.0,0.0,0.0,1,1,0,0,0,0,0,0,0.9990195055160522,999019.5055160522
Y2023_LAT23.70022_LON90.37667,2023,90.37666854943967,23.70021980290226,0.9988000032369658,0.001199996763034147,0.0,0.0,0.0,0.0,1,1,0,0,0,0,0,0,0.9990327317886353,999032.7317886353
Y2023_LAT23.70039_LON90.38647,2023,90.3864674479825,23.700385669579653,1.0,0.0,0.0,0.0,0.0,0.0,1,1,0,0,0,0,0,0,0.9990459079666137,999045.9079666138
Y2023_LAT23.70055_LON90.39627,2023,90.3962664357762,23.70055091706898,1.0,0.0,0.0,0.0,0.0,0.0,1,1,0,0,0,0,0,0,0.9990590367736817,999059.0367736816
Y2023_LAT23.70072_LON90.40607,2023,90.40606551240806,23.700715545358978,0.904899615876038,0.0,0.0,0.09510038412396207,0.0,0.0,1,1,0,0,0,0,0,0,0.9990721150283813,999072.1150283813
Y2023_LAT23.70088_LON90.41586,2023,90.41586467757924,23.700879554301107,0.7059003908149792,0.01459997899250753,0.0,0.2794996301925133,0.0,0.0,1,1,0,0,0,0,0,0,0.9990851430892944,999085.1430892944
Y2023_LAT23.70104_LON90.42566,2023,90.4256639310151,23.701042944001834,0.9822999168462291,0.017700083153770873,0.0,0.0,0.0,0.0,1,1,0,0,0,0,0,0,0.9990981248321533,999098.1248321533
Y2023_LAT23.70121_LON90.43546,2023,90.43546327232818,23.701205714455323,0.9625999274756498,0.0024000057945370093,0.0,0.03500006672981319,0.0,0.0,1,1,0,0,0,0,0,0,0.9991110552902221,999111.0552902222
Y2023_LAT23.70137_LON90.44526,2023,90.44526270110596,23.70136786549647,1.0,0.0,0.0,0.0,0.0,0.0,1,1,0,0,0,0,0,0,0.9991239372406006,999123.9372406006
Y2023_LAT23.70153_LON90.45506,2023,90.45506221733368,23.701529397245388,1.0,0.0,0.0,0.0,0.0,0.0,1,1,0,0,0,0,0,0,0.9991367690200805,999136.7690200806
Y2023_LAT23.70169_LON90.46486,2023,90.46486182016598,23.701690309568644,1.0,0.0,0.0,0.0,0.0,0.0,1,1,0,0,0,0,0,0,0.9991495536270142,999149.5536270142
Y2023_LAT23.70185_LON90.47466,2023,90.47466150976898,23.70185060251837,1.0,0.0,0.0,0.0,0.0,0.0,1,1,0,0,0,0,0,0,0.9991622795104981,999162.279510498
Y2023_LAT23.70201_LON90.48446,2023,90.48446128547123,23.70201027610431,0.9421001009803337,0.03409994902803422,0.0,0.023799949991632104,0.0,0.0,1,1,0,0,0,0,0,0,0.9991749737167358,999174.9737167358
Y2023_LAT23.70217_LON90.49426,2023,90.49426114708672,23.70216933015094,1.0,0.0,0.0,0.0,0.0,0.0,1,1,0,0,0,0,0,0,0.571035258972168,571035.258972168
Y2023_LAT23.70233_LON90.50406,2023,90.50406109430696,23.70232776480464,1.0,0.0,0.0,0.0,0.0,0.0,1,1,0,0,0,0,0,0,0.1402871014251709,140287.1014251709
Y2023_LAT23.70305_LON90.03356,2023,90.03356187373501,23.70304502682764,0.0,0.0,1.0,0.0,0.0,0.0,3,0,0,1,0,0,0,0,0.01607660913848877,16076.60913848877
Y2023_LAT23.70323_LON90.04336,2023,90.04335811127598,23.70323263107383,0.06951068861170674,0.0012587479763078696,0.9253144599467905,0.003916103465194898,0.0,0.0,3,0,0,1,0,0,0,0,0.7139684827041626,713968.4827041626
Y2023_LAT23.70342_LON90.05315,2023,90.05315444962596,23.703419616738838,0.3156000576021102,0.013099929799178367,0.6697000173641303,0.0015999952345812317,0.0,0.0,3,0,0,1,0,0,0,0,0.9985703645706177,998570.3645706177
Y2023_LAT23.70361_LON90.06295,2023,90.06295088851031,23.703605983712084,0.5317002996678523,0.06510005991621953,0.3564996203423042,0.04670002007362423,0.0,0.0,1,1,0,0,0,0,0,0,0.998585159111023,998585.159111023
Y2023_LAT23.70379_LON90.07275,2023,90.0727474277177,23.703791731950638,0.48449971171616496,0.005199969076302341,0.487300200363543,0.023000118843989666,0.0,0.0,3,0,0,1,0,0,0,1,0.9985999071502686,998599.9071502686
Y2023_LAT23.70398_LON90.08254,2023,90.08254406670223,23.703976861512988,0.09889973458817093,0.0,0.8852002825279572,0.015899982883871806,0.0,0.0,3,0,0,1,0,0,0,0,0.9986146062393189,998614.6062393188
Y2023_LAT23.70416_LON90.09234,2023,90.09234080534179,23.704161372369022,0.0,0.0,0.9254997959905727,0.07450020400942728,0.0,0.0,3,0,0,1,0,0,0,0,0.998629253692627,998629.253692627
Y2023_LAT23.70435_LON90.10214,2023,90.10213764325344,23.70434526445813,0.3865015526810427,0.025800087258393924,0.5260986738142021,0.06099968394242048,0.0006000023039408228,0.0,3,0,0,1,0,0,0,0,0.9986438551254272,998643.8551254272
Y2023_LAT23.70453_LON90.11193,2023,90.11193457991276,23.70452853774023,1.0,0.0,0.0,0.0,0.0,0.0,1,1,0,0,0,0,0,0,0.998658406173706,998658.406173706
Y2023_LAT23.70471_LON90.12173,2023,90.12173161533806,23.704711192214116,0.3730984487433922,0.0005000005372768893,0.6264015507193309,0.0,0.0,0.0,3,0,0,1,0,0,0,0,0.998672907585144,998672.907585144
Y2023_LAT23.70489_LON90.13153,2023,90.13152874889356,23.704893227843872,0.0608001817326044,0.0,0.9375998174174518,0.001600000849943794,0.0,0.0,3,0,0,1,0,0,0,0,0.9986873614425659,998687.3614425659
Y2023_LAT23.70507_LON90.14133,2023,90.14132598032158,23.70507464463464,0.315200541317761,0.008500016676775064,0.596799489364589,0.0794999526408749,0.0,0.0,3,0,0,1,0,0,0,0,0.9987017633590698,998701.7633590698
Y2023_LAT23.70526_LON90.15112,2023,90.15112330946769,23.70525544248744,0.5377008081440731,0.003199989798890296,0.3603989062493312,0.09870029580770542,0.0,0.0,1,1,0,0,0,0,0,0,0.9987161192016601,998716.1192016602
Y2023_LAT23.70544_LON90.16092,2023,90.16092073565879,23.705435621509512,0.7781993225568231,0.016500011366191104,0.17350062615644893,0.03180003992053688,0.0,0.0,1,1,0,0,0,0,0,0,0.998730424407959,998730.424407959
Y2023_LAT23.70562_LON90.17072,2023,90.17071825891546,23.705615181505287,0.21480004533363845,0.05849985723938065,0.7267000974269809,0.0,0.0,0.0,3,0,0,1,0,0,0,0,0.9987446825637818,998744.6825637817
Y2023_LAT23.70579_LON90.18052,2023,90.1805158787244,23.705794122595467,0.47350088922865957,0.0347001143769148,0.4909989911229846,0.0008000052714411334,0.0,0.0,3,0,0,1,0,0,0,1,0.99875888747406,998758.8874740601
Y2023_LAT23.70597_LON90.19031,2023,90.19031359471515,23.70597244471462,0.4730990688485566,0.08610008132089965,0.44080084983054374,0.0,0.0,0.0,1,1,0,0,0,0,0,1,0.9987730472564698,998773.0472564697
Y2023_LAT23.70615_LON90.20011,2023,90.20011140659537,23.70615014776379,0.37230022463760665,0.0023999839614315273,0.6252997914009618,0.0,0.0,0.0,3,0,0,1,0,0,0,0,0.9987871572418213,998787.1572418213
Y2023_LAT23.70633_LON90.20991,2023,90.20990931418312,23.706327231841282,0.3863003989898088,0.009200007134840966,0.5876994865220232,0.016800107353327105,0.0,0.0,3,0,0,1,0,0,0,0,0.9988012172393799,998801.2172393799
Y2023_LAT23.7065_LON90.21971,2023,90.21970731686676,23.706503696837245,0.3988946628489695,0.11769062980400175,0.21044206572662813,0.27297264162040064,0.0,0.0,1,1,0,0,0,0,0,1,0.8130350692443847,813035.0692443848
Y2023_LAT23.70668_LON90.22951,2023,90.2295054145378,23.706679542718494,0.5555989134740112,0.08676679912885617,0.3116752712336243,0.045959016163508254,0.0,0.0,1,1,0,0,0,0,0,0,0.7563140974197388,756314.0974197388
Y2023_LAT23.70685_LON90.2393,2023,90.2393036067637,23.70685476956079,0.6054430724264398,0.030311988922754458,0.19267689887751285,0.1715680397732929,0.0,0.0,1,1,0,0,0,0,0,0,0.9984435694503784,998443.5694503784
Y2023_LAT23.70703_LON90.2491,2023,90.24910189328038,23.70702937723754,0.4627999729709268,0.05849999234887858,0.4787000346801946,0.0,0.0,0.0,3,0,0,1,0,0,0,1,0.9988569683761597,998856.9683761597
Y2023_LAT23.7072_LON90.2589,2023,90.25890027363418,23.707203365788224,0.3671003278072403,0.037700154446178163,0.5951995177465815,0.0,0.0,0.0,3,0,0,1,0,0,0,0,0.9988707838973999,998870.7838973999
Y2023_LAT23.70738_LON90.2687,2023,90.26869874760163,23.70737673517037,0.17989985886755133,0.05279975840419301,0.7673003827282556,0.0,0.0,0.0,3,0,0,1,0,0,0,0,0.9988845475692749,998884.5475692749
Y2023_LAT23.70755_LON90.2785,2023,90.27849731481605,23.707549485322676,0.39580080810704765,0.19409967249367097,0.18319916139941855,0.22690035799986286,0.0,0.0,1,1,0,0,0,0,0,1,0.9988982654953003,998898.2654953003
Y2023_LAT23.70772_LON90.2883,2023,90.28829597489661,23.707721616278636,0.5898987465998553,0.02390006892665004,0.3862011844734946,0.0,0.0,0.0,1,1,0,0,0,0,0,0,0.9989119338912964,998911.9338912964
Y2023_LAT23.70789_LON90.29809,2023,90.29809472761363,23.707893127929356,0.6539998984136933,0.0058999624287944695,0.34010013915751225,0.0,0.0,0.0,1,1,0,0,0,0,0,0,0.9989255526809693,998925.5526809692
Y2023_LAT23.70806_LON90.30789,2023,90.3078935725446,23.708064020351678,0.10100014051394395,0.0,0.8989998594860561,0.0,0.0,0.0,3,0,0,1,0,0,0,0,0.9989391219711303,998939.1219711304
Y2023_LAT23.70823_LON90.31769,2023,90.3176925094649,23.70823429348737,0.27050108003388684,0.0,0.724998891004433,0.0045000289616801015,0.0,0.0,3,0,0,1,0,0,0,0,0.9989526433486938,998952.6433486938
Y2023_LAT23.7084_LON90.32749,2023,90.327491537878,23.70840394726484,0.42430003052988746,0.004300014787293078,0.564299970857903,0.006599980519749164,0.0,0.0005000033051673501,3,0,0,1,0,0,0,0,0.99896611378479,998966.11378479
Y2023_LAT23.70857_LON90.33729,2023,90.33729065754324,23.70857298171479,0.9079003684922823,0.018099935200651632,0.05609977259926743,0.0014999981243448114,0.0,0.016399925583453896,1,1,0,0,0,0,0,0,0.9989795359039306,998979.5359039307
Y2023_LAT23.70874_LON90.34709,2023,90.34708986814353,23.708741396866237,1.0,0.0,0.0,0.0,0.0,0.0,1,1,0,0,0,0,0,0,0.9989929087982178,998992.9087982178
Y2023_LAT23.70891_LON90.35689,2023,90.35688916927478,23.708909192524068,0.9289996232474682,0.0,0.0,0.07100037675253179,0.0,0.0,1,1,0,0,0,0,0,0,0.9990062343292236,999006.2343292236
Y2023_LAT23.70908_LON90.36669,2023,90.36668856077274,23.709076368808944,0.7055001726303299,0.0,0.0,0.29449982736967006,0.0,0.0,1,1,0,0,0,0,0,0,0.9990195076446533,999019.5076446533
Y2023_LAT23.70924_LON90.37649,2023,90.37648804206883,23.709242925688336,0.7581999496353065,0.0,0.0,0.24180005036469351,0.0,0.0,1,1,0,0,0,0,0,0,0.9990327344436646,999032.7344436646
Y2023_LAT23.70941_LON90.38629,2023,90.38628761296698,23.70940886311279,0.6764999655887354,0.0,0.0,0.3235000344112646,0.0,0.0,1,1,0,0,0,0,0,0,0.9990459114074707,999045.9114074707
Y2023_LAT23.70957_LON90.39609,2023,90.39608727315374,23.709574181013647,0.8080000576550813,0.0,0.0,0.19199994234491874,0.0,0.0,1,1,0,0,0,0,0,0,0.9990590388717652,999059.0388717651
Y2023_LAT23.70974_LON90.40589,2023,90.40588702222212,23.709738879499763,0.8729002900781018,0.0,0.0,0.12709970992189829,0.0,0.0,1,1,0,0,0,0,0,0,0.9990721169891358,999072.1169891357
Y2023_LAT23.7099_LON90.41569,2023,90.41568685985507,23.709902958407614,1.0,0.0,0.0,0.0,0.0,0.0,1,1,0,0,0,0,0,0,0.9990851458587646,999085.1458587646
Y2023_LAT23.71007_LON90.42549,2023,90.42548678580424,23.71006641772951,0.9933000216378198,0.006699978362180217,0.0,0.0,0.0,0.0,1,1,0,0,0,0,0,0,0.9990981264877319,999098.1264877319
Y2023_LAT23.71023_LON90.43529,2023,90.43528679955372,23.710229257551543,0.9978999964211205,0.001400002808455114,0.0,0.0007000007704243959,0.0,0.0,1,1,0,0,0,0,0,0,0.9991110568313598,999111.0568313599
Y2023_LAT23.71039_LON90.44509,2023,90.44508690096535,23.71039147781732,0.9996000003149518,0.0,0.0,0.00039999968504818013,0.0,0.0,1,1,0,0,0,0,0,0,0.9991239403762817,999123.9403762817
Y2023_LAT23.71055_LON90.45489,2023,90.45488708964757,23.71055307837448,1.0,0.0,0.0,0.0,0.0,0.0,1,1,0,0,0,0,0,0,0.9991367719268799,999136.7719268799
Y2023_LAT23.71071_LON90.46469,2023,90.46468736510884,23.71071405932823,1.0,0.0,0.0,0.0,0.0,0.0,1,1,0,0,0,0,0,0,0.99914955493927,999149.55493927
Y2023_LAT23.71087_LON90.47449,2023,90.47448772728887,23.710874420619206,1.0,0.0,0.0,0.0,0.0,0.0,1,1,0,0,0,0,0,0,0.9991622852020263,999162.2852020264
Y2023_LAT23.71103_LON90.48429,2023,90.48428817568954,23.71103416224019,1.0,0.0,0.0,0.0,0.0,0.0,1,1,0,0,0,0,0,0,0.9991749759140015,999174.9759140015
Y2023_LAT23.71119_LON90.49409,2023,90.49408870996135,23.711193284189665,1.0,0.0,0.0,0.0,0.0,0.0,1,1,0,0,0,0,0,0,0.9991876124572754,999187.6124572754
Y2023_LAT23.71135_LON90.50389,2023,90.50388932978802,23.71135178639017,0.8364083406752151,0.0,0.0,0.16359165932478495,0.0,0.0,1,1,0,0,0,0,0,0,0.9259585441513062,925958.5441513062
Y2023_LAT23.71151_LON90.51369,2023,90.51369003493744,23.711509668848223,0.43065655203698044,0.0,0.0,0.5693434479630196,0.0,0.0,4,0,0,0,1,0,0,0,0.21902658640289308,219026.58640289307
Y2023_LAT23.71225_LON90.04315,2023,90.04315465926568,23.712253180440282,0.535881420013631,0.008523495496124623,0.1932912824996648,0.26230380199057957,0.0,0.0,1,1,0,0,0,0,0,0,0.3631758915786743,363175.8915786743
Y2023_LAT23.71244_LON90.05295,2023,90.05295166927347,23.712440245698982,0.836417220308056,0.04449644508504969,0.08688501927022634,0.03220131533666801,0.0,0.0,1,1,0,0,0,0,0,0,0.8527797693099975,852779.7693099976
Y2023_LAT23.71263_LON90.06275,2023,90.06274877995331,23.71262669208791,0.8806994495086856,0.012300014039833248,0.10680053749742793,0.00019999895405299248,0.0,0.0,1,1,0,0,0,0,0,0,0.9985851631317139,998585.1631317139
Y2023_LAT23.71281_LON90.07255,2023,90.07254599089818,23.712812519580314,0.20756230586682628,0.005530938971070309,0.7857000023370052,0.0012067528250981898,0.0,0.0,3,0,0,1,0,0,0,0,0.9930077147445678,993007.7147445679
Y2023_LAT23.713_LON90.08234,2023,90.08234330177807,23.712997728017378,0.09668092003036681,0.0,0.8959538951682368,0.0073651848013965154,0.0,0.0,3,0,0,1,0,0,0,0,0.9626646095581055,962664.6095581055
Y2023_LAT23.71318_LON90.09214,2023,90.09214071220715,23.71318231749268,0.26790014632153947,0.009400034426544818,0.671299979462866,0.05139983978904973,0.0,0.0,3,0,0,1,0,0,0,0,0.9986292565765381,998629.2565765381
Y2023_LAT23.71337_LON90.10194,2023,90.10193822196237,23.713366287914933,0.8955832710705177,0.0,0.10411348229187602,0.0003032466376063115,0.0,0.0,1,1,0,0,0,0,0,0,0.9879582972564698,987958.2972564697
Y2023_LAT23.71355_LON90.11174,2023,90.11173583063987,23.71354963930146,0.5220408375524118,0.0,0.4779591624475882,0.0,0.0,0.0,1,1,0,0,0,0,0,0,0.8042194160690308,804219.4160690308
Y2023_LAT23.71373_LON90.12153,2023,90.12153353788551,23.713732371656334,0.20926470491119634,0.012901288070282166,0.7778340070185215,0.0,0.0,0.0,3,0,0,1,0,0,0,0,0.9830937078552247,983093.7078552246
Y2023_LAT23.71391_LON90.13133,2023,90.1313313434145,23.713914484865672,0.429099963646815,0.015299999566857741,0.5437000723350107,0.011899964451316474,0.0,0.0,3,0,0,1,0,0,0,0,0.9986873635177612,998687.3635177612
Y2023_LAT23.7141_LON90.14113,2023,90.14112924691034,23.714095978965492,0.40399992257101847,0.015200065808206605,0.33929947107648173,0.2415005405442932,0.0,0.0,1,1,0,0,0,0,0,1,0.998701766960144,998701.766960144
Y2023_LAT23.71428_LON90.15093,2023,90.15092724798122,23.714276853950853,0.1976999830255129,0.018599958811537073,0.5998005561179717,0.1838995020449784,0.0,0.0,3,0,0,1,0,0,0,0,0.9987161220932007,998716.1220932007
Y2023_LAT23.71446_LON90.16073,2023,90.16072534631115,23.714457109668174,0.5419001380123566,0.0055999951044903625,0.24960051634803385,0.20289935053511923,0.0,0.0,1,1,0,0,0,0,0,0,0.9987304276733399,998730.4276733398
Y2023_LAT23.71464_LON90.17052,2023,90.17052354161397,23.714636746246512,0.3376000911552244,0.07059988182614345,0.47279968287917795,0.1190003441394542,0.0,0.0,3,0,0,1,0,0,0,1,0.9987446852340698,998744.6852340698
Y2023_LAT23.71482_LON90.18032,2023,90.18032183351161,23.714815763575718,0.5266059399201333,0.017003334348378585,0.2958586608676091,0.16053206486387908,0.0,0.0,1,1,0,0,0,0,0,0,0.9985591408233643,998559.1408233643
Y2023_LAT23.71499_LON90.19012,2023,90.19012022165946,23.714994161677122,0.6995280641134886,0.0959666575955687,0.15557919080964963,0.048926087481293144,0.0,0.0,1,1,0,0,0,0,0,0,0.9533289357147217,953328.9357147217
Y2023_LAT23.71517_LON90.19992,2023,90.19991870576271,23.715171940552505,0.6336995984743914,0.0008999961380842111,0.3566004443800003,0.00879996100752404,0.0,0.0,1,1,0,0,0,0,0,0,0.9987871600265503,998787.1600265503
Y2023_LAT23.71535_LON90.20972,2023,90.20971728542136,23.715349100086577,0.3377966412638148,0.01870397224627974,0.42283209597773536,0.22066729051217013,0.0,0.0,3,0,0,1,0,0,0,1,0.9772269788589477,977226.9788589478
Y2023_LAT23.71553_LON90.21952,2023,90.21951596044296,23.71552564026661,0.2704920260145325,0.21926235955322002,0.18852445117230293,0.32172116325994454,0.0,0.0,4,0,0,0,1,0,0,1,0.04874188944244385,48741.88944244385
Y2023_LAT23.71588_LON90.23911,2023,90.2391135948237,23.715876862690298,0.7465318088344621,0.0,0.0,0.25346819116553787,0.0,0.0,1,1,0,0,0,0,0,0,0.18718338969421386,187183.38969421387
Y2023_LAT23.71605_LON90.24891,2023,90.24891255363129,23.716051544785955,0.4492341275792773,0.01668976694662424,0.5340761054740985,0.0,0.0,0.0,3,0,0,1,0,0,0,0,0.21545353811645507,215453.53811645508
Y2023_LAT23.71623_LON90.25871,2023,90.25871160641132,23.716225607492657,0.651102389508007,0.045573338135539154,0.29884162974623335,0.004482642610220449,0.0,0.0,1,1,0,0,0,0,0,0,0.802194110420227,802194.110420227
Y2023_LAT23.7164_LON90.26851,2023,90.2685107526447,23.71639905068736,0.33799974547507877,0.021800048615203255,0.4124998031133801,0.2277004027963379,0.0,0.0,3,0,0,1,0,0,0,1,0.9988845545272828,998884.5545272827
Y2023_LAT23.71657_LON90.27831,2023,90.27830999232893,23.716571874457628,0.7009009650720548,0.08799971667424018,0.042799895022159966,0.16419944734916536,0.0040999758823796585,0.0,1,1,0,0,0,0,0,0,0.9988982682800293,998898.2682800293
Y2023_LAT23.71674_LON90.28811,2023,90.28810932485533,23.716744078749503,0.5345991935508088,0.004699972484469489,0.4607008339647217,0.0,0.0,0.0,1,1,0,0,0,0,0,0,0.9989119372940064,998911.9372940063
Y2023_LAT23.71692_LON90.29791,2023,90.29790875007798,23.716915663572223,0.31199985760335036,9.999976290596121e-05,0.6879001426337437,0.0,0.0,0.0,3,0,0,1,0,0,0,0,0.9989255556488037,998925.5556488037
Y2023_LAT23.71709_LON90.30771,2023,90.30770826742497,23.717086628839887,0.3635004782688881,0.0,0.6364995217311119,0.0,0.0,0.0,3,0,0,1,0,0,0,0,0.998939126159668,998939.126159668
Y2023_LAT23.71726_LON90.31751,2023,90.31750787684767,23.71725697455599,0.5289014243226874,0.07019993042594264,0.40089864525137,0.0,0.0,0.0,1,1,0,0,0,0,0,0,0.9989526454849244,998952.6454849243
Y2023_LAT23.71743_LON90.32731,2023,90.32730757777604,23.717426700615942,0.9522997399737827,0.0005999962491219086,0.0321001702292213,0.0,0.0,0.01500009354787418,1,1,0,0,0,0,0,0,0.9989661169281006,998966.1169281006
Y2023_LAT23.7176_LON90.33711,2023,90.33710737004323,23.717595807190335,0.7876007522804696,0.009099994601964503,0.007099956171985846,0.027199979732235,0.0,0.1689993172133451,1,1,0,0,0,0,0,0,0.9989795381393433,998979.5381393433
Y2023_LAT23.71776_LON90.34691,2023,90.34690725325221,23.717764294034538,1.0,0.0,0.0,0.0,0.0,0.0,1,1,0,0,0,0,0,0,0.9989929161300659,998992.9161300659
Y2023_LAT23.71793_LON90.35671,2023,90.35670722699012,23.717932161248285,0.5758991838817059,0.017799992855648924,0.0,0.3459008653533351,0.06039995790931011,0.0,1,1,0,0,0,0,0,0,0.9990062364273071,999006.2364273071
Y2023_LAT23.7181_LON90.36651,2023,90.36650729109517,23.71809940882346,1.0,0.0,0.0,0.0,0.0,0.0,1,1,0,0,0,0,0,0,0.9990195111846923,999019.5111846924
Y2023_LAT23.71827_LON90.37631,2023,90.37630744512458,23.718266036684437,0.9778999279283147,0.0,0.0,0.022100072071685243,0.0,0.0,1,1,0,0,0,0,0,0,0.9990327369232178,999032.7369232178
Y2023_LAT23.71843_LON90.38611,2023,90.38610768871601,23.71843204482442,0.9783999448998284,0.01980006548402131,0.0,0.0017999896161503424,0.0,0.0,1,1,0,0,0,0,0,0,0.9990459134140015,999045.9134140015
Y2023_LAT23.7186_LON90.39591,2023,90.39590802162641,23.71859743325179,1.0,0.0,0.0,0.0,0.0,0.0,1,1,0,0,0,0,0,0,0.9990590405731201,999059.0405731201
Y2023_LAT23.71876_LON90.40571,2023,90.40570844351599,23.718762201795112,1.0,0.0,0.0,0.0,0.0,0.0,1,1,0,0,0,0,0,0,0.9990721187591552,999072.1187591553
Y2023_LAT23.71893_LON90.41551,2023,90.41550895382954,23.718926350723773,0.995799978932559,0.002100009613536625,0.0,0.00210001145390437,0.0,0.0,1,1,0,0,0,0,0,0,0.9990851487197876,999085.1487197876
Y2023_LAT23.71909_LON90.42531,2023,90.42530955264697,23.71908987976377,0.9990000041464856,0.0009999958535144343,0.0,0.0,0.0,0.0,1,1,0,0,0,0,0,0,0.9990981292572021,999098.1292572021
Y2023_LAT23.71925_LON90.43511,2023,90.43511023925143,23.71925278896357,0.9162997539541728,0.07020028972965615,0.0,0.013499956316171055,0.0,0.0,1,1,0,0,0,0,0,0,0.9991110600433349,999111.060043335
Y2023_LAT23.71942_LON90.44491,2023,90.4449110135486,23.719415078266074,0.8902995938905293,0.10870040702906918,0.0,0.0009999990804016548,0.0,0.0,1,1,0,0,0,0,0,0,0.999123942779541,999123.942779541
Y2023_LAT23.71958_LON90.45471,2023,90.45471187502976,23.71957674775833,0.2773003154748603,0.27409898580643943,0.164900052126798,0.28370064659190225,0.0,0.0,4,0,0,0,1,0,0,1,0.999136774887085,999136.774887085
Y2023_LAT23.71974_LON90.46451,2023,90.46451282347572,23.719737797334236,0.6920007003939855,0.047699867908184895,0.10719988634551855,0.15309954535231107,0.0,0.0,1,1,0,0,0,0,0,0,0.9991495563201904,999149.5563201904
Y2023_LAT23.7199_LON90.47431,2023,90.47431385864579,23.719898227019485,0.8856998817253678,0.003499992501611185,0.005699980404528263,0.10490014592678053,0.0,0.00019999944171219115,1,1,0,0,0,0,0,0,0.9991622968521118,999162.2968521118
Y2023_LAT23.72006_LON90.48411,2023,90.48411497992795,23.720058036749826,0.9200998683771696,0.00020000012561785868,0.007700000846637368,0.07200013065057523,0.0,0.0,1,1,0,0,0,0,0,0,0.9991749782028199,999174.9782028198
Y2023_LAT23.72022_LON90.49392,2023,90.49391618722424,23.720217226468566,0.7472994228286243,0.039200138952641364,0.07480030009892286,0.13870013811981147,0.0,0.0,1,1,0,0,0,0,0,0,0.9991876148681641,999187.6148681641
Y2023_LAT23.72038_LON90.50372,2023,90.50371748011912,23.72037579625026,0.251971210965361,0.0,0.0,0.748028789034639,0.0,0.0,4,0,0,0,1,0,0,0,0.2660859427185059,266085.94271850586
Y2023_LAT23.72146_LON90.05275,2023,90.05274878835802,23.721460862509293,0.22695222803697543,0.02990040763557541,0.7431473643274492,0.0,0.0,0.0,3,0,0,1,0,0,0,0,0.48091288206481936,480912.88206481934
Y2023_LAT23.72165_LON90.06255,2023,90.0625465711389,23.721647388393826,0.2523996662716821,0.016279489417257393,0.7313208443110606,0.0,0.0,0.0,3,0,0,1,0,0,0,0,0.7176832333068848,717683.2333068848
Y2023_LAT23.72183_LON90.07234,2023,90.07234445423342,23.721833295021217,0.2904476815048204,0.13176257148772516,0.5777897470074544,0.0,0.0,0.0,3,0,0,1,0,0,0,0,0.38575797618103025,385757.9761810303
Y2023_LAT23.72202_LON90.08214,2023,90.08214243713324,23.722018582365706,0.1646137569414262,0.0,0.8353862430585738,0.0,0.0,0.0,3,0,0,1,0,0,0,0,0.44588313291168213,445883.1329116821
Y2023_LAT23.7222_LON90.09194,2023,90.09194051985853,23.722203250488853,0.30978895750204993,0.001130985773834285,0.6862011629949831,0.0028788937291327186,0.0,0.0,3,0,0,1,0,0,0,0,0.9712668439941406,971266.8439941406
Y2023_LAT23.72239_LON90.10174,2023,90.10173870171215,23.72238729928123,0.8442176645579821,0.0017503626514279867,0.15107824014610835,0.0029537326444816583,0.0,0.0,1,1,0,0,0,0,0,0,0.9128598093338013,912859.8093338013
Y2023_LAT23.72257_LON90.11154,2023,90.11153698272746,23.722570728826035,0.4930227170218504,0.0,0.5069772829781496,0.0,0.0,0.0,3,0,0,1,0,0,0,0,0.02147105185699463,21471.05185699463
Y2023_LAT23.72275_LON90.12134,2023,90.12133536220219,23.722753539004486,0.36253733797560933,0.010854419338183584,0.6266082426862071,0.0,0.0,0.0,3,0,0,1,0,0,0,0,0.6440454950180053,644045.4950180054
Y2023_LAT23.72294_LON90.13113,2023,90.13113384005356,23.722935729858083,0.37780026040811665,0.0891001168632313,0.3578989529309476,0.1749006679579054,0.0,0.0003000018397990141,1,1,0,0,0,0,0,1,0.9986873670043945,998687.3670043945
Y2023_LAT23.72312_LON90.14093,2023,90.14093241582901,23.72311730120901,0.4979991718129453,0.005899960882624242,0.34330151546880955,0.15279935183562096,0.0,0.0,1,1,0,0,0,0,0,1,0.9987017699890137,998701.7699890137
Y2023_LAT23.7233_LON90.15073,2023,90.15073108927966,23.723298253293567,0.3053011469323639,0.009000053400644352,0.6856987996669918,0.0,0.0,0.0,3,0,0,1,0,0,0,0,0.9987161260452271,998716.126045227
Y2023_LAT23.72348_LON90.16053,2023,90.16052985997881,23.72347858588141,0.2087629579728909,0.011238045600087935,0.6220941103876922,0.15790488603932892,0.0,0.0,3,0,0,1,0,0,0,0,0.5243324732742309,524332.473274231
Y2023_LAT23.72366_LON90.17033,2023,90.17032872769948,23.723658298978677,0.30103888317097754,0.0033407606582923736,0.41351264504558893,0.2821077111251411,0.0,0.0,3,0,0,1,0,0,0,1,0.5381236379776001,538123.6379776001
Y2023_LAT23.72384_LON90.18013,2023,90.18012769201721,23.723837392595122,0.3670016425799922,0.0007710145423729772,0.5913635671256483,0.04086377575198667,0.0,0.0,3,0,0,1,0,0,0,0,0.1295385901184082,129538.5901184082
Y2023_LAT23.72402_LON90.18993,2023,90.18992675270556,23.72401586672108,0.0,0.0,0.0,1.0,0.0,0.0,4,0,0,0,1,0,0,0,0.005892776298522949,5892.776298522949
Y2023_LAT23.72419_LON90.19973,2023,90.19972590928332,23.72419372129912,0.07390603278129754,0.0015082882008430303,0.9004531084747253,0.0241325705431342,0.0,0.0,3,0,0,1,0,0,0,0,0.06621964122772217,66219.64122772217
Y2023_LAT23.72437_LON90.20953,2023,90.20952516150587,23.724370956323977,0.3071014537372328,0.0,0.5009592194076499,0.1919393268551174,0.0,0.0,3,0,0,1,0,0,0,0,0.10407475458526612,104074.75458526611
Y2023_LAT23.7249_LON90.23892,2023,90.2389234886288,23.724898943745163,0.0,0.0,0.0,1.0,0.0,0.0,4,0,0,0,1,0,0,0,0.00239723908996582,2397.2390899658203
Y2023_LAT23.72507_LON90.24872,2023,90.24872312013223,23.725073700287105,0.7698749198501235,0.0730365924117981,0.14008671396437591,0.017001773773702548,0.0,0.0,1,1,0,0,0,0,0,0,0.4171235576324463,417123.5576324463
Y2023_LAT23.72525_LON90.25852,2023,90.25852284549343,23.72524783715912,0.2716027850711097,0.024239218529786905,0.4077072891095552,0.29645070728954814,0.0,0.0,3,0,0,1,0,0,0,1,0.9848866849288941,984886.684928894
Y2023_LAT23.72542_LON90.26832,2023,90.26832266450006,23.725421354334042,0.8754004672043706,0.0,0.008500040570927483,0.11609949222470194,0.0,0.0,1,1,0,0,0,0,0,0,0.9988845566864014,998884.5566864014
Y2023_LAT23.72559_LON90.27812,2023,90.27812257691255,23.72559425172567,0.6575993013278608,0.02550006629418378,0.31690063237795535,0.0,0.0,0.0,1,1,0,0,0,0,0,0,0.9988982721252442,998898.2721252441
Y2023_LAT23.72577_LON90.28792,2023,90.28792258221351,23.7257665294433,0.6722008573270678,0.006899991346960095,0.32089915132597213,0.0,0.0,0.0,1,1,0,0,0,0,0,0,0.9989119399108887,998911.9399108887
Y2023_LAT23.72594_LON90.29772,2023,90.29772268015856,23.725938187378954,0.8181991740239188,0.0006000038301941146,0.18120082214588706,0.0,0.0,0.0,1,1,0,0,0,0,0,0,0.9989255588302612,998925.5588302612
Y2023_LAT23.72611_LON90.30752,2023,90.30752287034858,23.726109225413403,0.826900457850359,0.05160015531992285,0.12149938682971809,0.0,0.0,0.0,1,1,0,0,0,0,0,0,0.9989391281814575,998939.1281814575
Y2023_LAT23.72628_LON90.31732,2023,90.31732315262447,23.72627964369308,1.0,0.0,0.0,0.0,0.0,0.0,1,1,0,0,0,0,0,0,0.9989526492767334,998952.6492767334
Y2023_LAT23.72645_LON90.32712,2023,90.32712352645275,23.726449442192326,1.0,0.0,0.0,0.0,0.0,0.0,1,1,0,0,0,0,0,0,0.9989661193847656,998966.1193847656
Y2023_LAT23.72662_LON90.33692,2023,90.33692399163178,23.72661862070005,1.0,0.0,0.0,0.0,0.0,0.0,1,1,0,0,0,0,0,0,0.9989795417709351,998979.5417709351
Y2023_LAT23.72679_LON90.34672,2023,90.34672454770153,23.72678717936387,0.9735998566078202,0.0038000232961585647,0.0,0.022600120096021175,0.0,0.0,1,1,0,0,0,0,0,0,0.9989929191207886,998992.9191207886
Y2023_LAT23.72696_LON90.35653,2023,90.35652519444098,23.726955118153832,0.614100139115037,0.017199962675108878,0.0,0.36789990003150075,0.0007999981783532915,0.0,1,1,0,0,0,0,0,0,0.9990062382659912,999006.2382659912
Y2023_LAT23.72712_LON90.36633,2023,90.36632593158285,23.72712243702517,1.0,0.0,0.0,0.0,0.0,0.0,1,1,0,0,0,0,0,0,0.9990195142593383,999019.5142593384
Y2023_LAT23.72729_LON90.37613,2023,90.37612675854025,23.72728913584262,1.0,0.0,0.0,0.0,0.0,0.0,1,1,0,0,0,0,0,0,0.9990327402114868,999032.7402114868
Y2023_LAT23.72746_LON90.38593,2023,90.38592767518416,23.7274552146954,0.998100003367518,0.0010999934711894842,0.0,0.0008000031612925059,0.0,0.0,1,1,0,0,0,0,0,0,0.9990459159698486,999045.9159698486
Y2023_LAT23.72762_LON90.39573,2023,90.39572868118505,23.72762067358994,0.9989000015260247,0.0010999984739753035,0.0,0.0,0.0,0.0,1,1,0,0,0,0,0,0,0.9990590447921753,999059.0447921753
Y2023_LAT23.72779_LON90.40553,2023,90.40552977608516,23.72778551248489,0.9583998256343282,0.04160017436567178,0.0,0.0,0.0,0.0,1,1,0,0,0,0,0,0,0.9990721227111816,999072.1227111816
Y2023_LAT23.72795_LON90.41533,2023,90.41533095961898,23.727949731210405,0.9435997654176345,0.040100161891153244,0.0,0.016300072691212305,0.0,0.0,1,1,0,0,0,0,0,0,0.9990851513137817,999085.1513137817
Y2023_LAT23.72811_LON90.42513,2023,90.42513223150547,23.72811332992402,0.9969000195892024,0.0030999804107976416,0.0,0.0,0.0,0.0,1,1,0,0,0,0,0,0,0.9990981324234008,999098.1324234009
Y2023_LAT23.72828_LON90.43493,2023,90.43493359134165,23.72827630857057,0.9935999741471478,0.0064000258528521675,0.0,0.0,0.0,0.0,1,1,0,0,0,0,0,0,0.9991110627975464,999111.0627975464
Y2023_LAT23.72844_LON90.44474,2023,90.44473503880128,23.728438667083,0.9889999975819423,0.011000002418057682,0.0,0.0,0.0,0.0,1,1,0,0,0,0,0,0,0.9991239452972412,999123.9452972412
Y2023_LAT23.7286_LON90.45454,2023,90.45453657354857,23.72860040542981,0.5837993274649346,0.06520005111986939,0.19510010402245975,0.05790025440361796,0.0,0.09800026298911829,1,1,0,0,0,0,0,0,0.9991367777023316,999136.7777023315
Y2023_LAT23.72876_LON90.46434,2023,90.46433819528421,23.728761523702694,0.3088000925257091,0.0010999968451525304,0.44720036553917136,0.2254996439239966,0.0,0.01739990116597042,3,0,0,1,0,0,0,1,0.9991495594406128,999149.5594406128
Y2023_LAT23.72892_LON90.47414,2023,90.47413990363053,23.728922021661404,0.7528004793477586,0.019699950723910856,0.06599972779872607,0.16049984397886324,0.0009999981507412229,0.0,1,1,0,0,0,0,0,0,0.9991623015060425,999162.3015060425
Y2023_LAT23.72908_LON90.48394,2023,90.48394169826065,23.729081899487273,0.9176999569236775,0.001700010521119096,0.03720013695459181,0.0433998956006116,0.0,0.0,1,1,0,0,0,0,0,0,0.9991749802246094,999174.9802246094
Y2023_LAT23.72924_LON90.49374,2023,90.49374357888938,23.729241157051728,0.74838479337921,0.05509046300352756,0.02998187272322882,0.16654287089403363,0.0,0.0,1,1,0,0,0,0,0,0,0.9431329385147095,943132.9385147095
Y2023_LAT23.7294_LON90.50355,2023,90.5035455452018,23.729399794413194,0.41864395401629617,0.04152539304505839,0.0,0.5398306529386454,0.0,0.0,4,0,0,0,1,0,0,0,0.11790500700378417,117905.00700378418
Y2023_LAT23.73104_LON90.08194,2023,90.0819414729446,23.73103942460765,0.0,0.0,1.0,0.0,0.0,0.0,3,0,0,1,0,0,0,0,0.0007988970947265626,798.8970947265625
Y2023_LAT23.73122_LON90.09174,2023,90.09174022814801,23.731224171414905,0.9380538462683136,0.0,0.061946153731686465,0.0,0.0,0.0,1,1,0,0,0,0,0,0,0.011284570083618163,11284.570083618164
Y2023_LAT23.73141_LON90.10154,2023,90.10153908262842,23.731408298682876,1.0,0.0,0.0,0.0,0.0,0.0,1,1,0,0,0,0,0,0,0.09117593395996093,91175.93395996094
Y2023_LAT23.73177_LON90.12114,2023,90.1211370882111,23.731774694303866,0.12953969315852013,0.0,0.8704603068414799,0.0,0.0,0.0,3,0,0,1,0,0,0,0,0.16498160977172852,164981.60977172852
Y2023_LAT23.73196_LON90.13094,2023,90.13093623868204,23.731956962745272,0.5186776753206045,0.11735810058910202,0.22734841932235503,0.13661580476793844,0.0,0.0,1,1,0,0,0,0,0,0,0.7726852063598633,772685.2063598633
Y2023_LAT23.73214_LON90.14074,2023,90.14073548712526,23.732138611569457,0.18489910299405948,0.022199889786775163,0.7929010072191653,0.0,0.0,0.0,3,0,0,1,0,0,0,0,0.9987017736740113,998701.7736740112
Y2023_LAT23.73232_LON90.15053,2023,90.15053483332763,23.73231964059836,0.07230035548858696,0.0,0.9276996445114131,0.0,0.0,0.0,3,0,0,1,0,0,0,0,0.9987161286773681,998716.1286773682
Y2023_LAT23.7325_LON90.16033,2023,90.16033427668371,23.732500049979638,0.1940665533428735,0.0,0.7886281375637582,0.017305309093368307,0.0,0.0,3,0,0,1,0,0,0,0,0.24239067287445068,242390.67287445068
Y2023_LAT23.73375_LON90.22893,2023,90.22893307807338,23.733745562124344,0.4116484913347381,0.017828911491387472,0.5705225971738744,0.0,0.0,0.0,3,0,0,1,0,0,0,0,0.2521049069747925,252104.90697479248
Y2023_LAT23.73392_LON90.23873,2023,90.23873328811024,23.73392101295773,0.7443431211026468,0.03285827736929447,0.19580770955141702,0.026990891976641722,0.0,0.0,1,1,0,0,0,0,0,0,0.5958107975158692,595810.7975158691
Y2023_LAT23.7341_LON90.24853,2023,90.24853359265339,23.7340958439822,0.4712994824846154,0.22430027438257094,0.03180018209354975,0.27260006103926393,0.0,0.0,1,1,0,0,0,0,0,1,0.9988569768066407,998856.9768066406
Y2023_LAT23.73427_LON90.25833,2023,90.25833399097498,23.734270054975184,0.8308005590926687,0.011900022948977046,0.02549986733368605,0.13179955062466817,0.0,0.0,1,1,0,0,0,0,0,0,0.9988707928237915,998870.7928237915
Y2023_LAT23.73444_LON90.26813,2023,90.2681344831414,23.734443646021468,1.0,0.0,0.0,0.0,0.0,0.0,1,1,0,0,0,0,0,0,0.9988845583953857,998884.5583953857
Y2023_LAT23.73462_LON90.27794,2023,90.27793506841533,23.734616617136147,0.9169996540517446,0.003900010505049775,0.0,0.07910033544320567,0.0,0.0,1,1,0,0,0,0,0,0,0.9988982755203247,998898.2755203247
Y2023_LAT23.73479_LON90.28774,2023,90.28773574692843,23.734788968162896,0.7650992936809835,0.11070039293186497,0.09170049929344967,0.03249981409370191,0.0,0.0,1,1,0,0,0,0,0,0,0.9989119430770874,998911.9430770874
Y2023_LAT23.73496_LON90.29754,2023,90.29753651795686,23.73496069918461,0.43499972163313233,0.07379995575437119,0.4454001259840866,0.0423002100170476,0.0034999866113624074,0.0,3,0,0,1,0,0,0,1,0.9989255610656739,998925.5610656738
Y2023_LAT23.73513_LON90.30734,2023,90.30733738135562,23.73513181014325,0.5455007135485278,0.010400037149463226,0.3176997601471351,0.12639948915487392,0.0,0.0,1,1,0,0,0,0,0,0,0.9989391304244996,998939.1304244995
Y2023_LAT23.7353_LON90.31714,2023,90.31713833675774,23.73530230099782,0.9544002391278734,0.04039979485041089,0.005199966021715745,0.0,0.0,0.0,1,1,0,0,0,0,0,0,0.998952651298523,998952.651298523
Y2023_LAT23.73547_LON90.32694,2023,90.32693938385805,23.735472171769125,0.9787999543291094,0.014600004285383016,0.0,0.006600041385507581,0.0,0.0,1,1,0,0,0,0,0,0,0.9989661223983765,998966.1223983765
Y2023_LAT23.73564_LON90.33674,2023,90.33674052213941,23.735641422429293,0.9807999922060725,0.0,0.0,0.019200007793927467,0.0,0.0,1,1,0,0,0,0,0,0,0.9989795456237793,998979.5456237793
Y2023_LAT23.73581_LON90.34654,2023,90.34654175156675,23.735810052937783,0.8837994732320147,0.0,0.0,0.11620052676798534,0.0,0.0,1,1,0,0,0,0,0,0,0.998992919921875,998992.919921875
Y2023_LAT23.73598_LON90.35634,2023,90.35634307163333,23.735978063227318,0.682201259338405,0.0,0.0,0.31779874066159497,0.0,0.0,1,1,0,0,0,0,0,0,0.9990062410888672,999006.2410888672
Y2023_LAT23.73615_LON90.36614,2023,90.36614448197618,23.73614545326336,1.0,0.0,0.0,0.0,0.0,0.0,1,1,0,0,0,0,0,0,0.9990195176010132,999019.5176010132
Y2023_LAT23.73631_LON90.37595,2023,90.37594598234861,23.736312223164685,0.9649999841551299,0.025800017453426756,0.0,0.009199998391443379,0.0,0.0,1,1,0,0,0,0,0,0,0.9990327425689697,999032.7425689697
Y2023_LAT23.73648_LON90.38575,2023,90.38574757237537,23.736478372837592,1.0,0.0,0.0,0.0,0.0,0.0,1,1,0,0,0,0,0,0,0.9990459190826416,999045.9190826416
Y2023_LAT23.73664_LON90.39555,2023,90.39554925174671,23.73664390217882,0.8388993725290201,0.1511005682480023,0.0,0.010000059222977592,0.0,0.0,1,1,0,0,0,0,0,0,0.9990590475692749,999059.0475692749
Y2023_LAT23.73681_LON90.40535,2023,90.40535102012889,23.736808811179472,0.801200892173403,0.17539923654001952,0.0,0.023399871286577476,0.0,0.0,1,1,0,0,0,0,0,0,0.9990721254501342,999072.1254501343
Y2023_LAT23.73697_LON90.41515,2023,90.41515287705107,23.73697309997329,1.0,0.0,0.0,0.0,0.0,0.0,1,1,0,0,0,0,0,0,0.9990851545181274,999085.1545181274
Y2023_LAT23.73714_LON90.42495,2023,90.42495482246659,23.737136768441125,1.0,0.0,0.0,0.0,0.0,0.0,1,1,0,0,0,0,0,0,0.9990981340866089,999098.1340866089
Y2023_LAT23.7373_LON90.43476,2023,90.43475685579241,23.73729981642581,1.0,0.0,0.0,0.0,0.0,0.0,1,1,0,0,0,0,0,0,0.9991110654144287,999111.0654144287
Y2023_LAT23.73746_LON90.44456,2023,90.44455897672613,23.737462244092796,0.966999939928438,0.021800073433695197,0.0,0.01119998663786682,0.0,0.0,1,1,0,0,0,0,0,0,0.9991239471893311,999123.947189331
Y2023_LAT23.73762_LON90.45436,2023,90.45436118513084,23.737624051377253,0.9654999344300627,0.0256000248333507,0.00320000606693143,0.0012000070609535518,0.004500027608701757,0.0,1,1,0,0,0,0,0,0,0.999136780456543,999136.780456543
Y2023_LAT23.73779_LON90.46416,2023,90.46416348037994,23.737785238206047,0.7107997820912113,0.010399945524576638,0.24400042639988812,0.005699973489411971,0.026899866076277392,0.0022000064186346075,1,1,0,0,0,0,0,0,0.9991495632247924,999149.5632247925
Y2023_LAT23.73795_LON90.47397,2023,90.47396586232873,23.737945804640315,0.4889006012245785,0.0017000021795846184,0.2276995307618527,0.28169986583398415,0.0,0.0,1,1,0,0,0,0,0,1,0.9991623039550781,999162.3039550781
Y2023_LAT23.73811_LON90.48377,2023,90.48376833068637,23.73810575048113,0.6755994248673786,0.0,0.3228005771120988,0.0015999980205226578,0.0,0.0,1,1,0,0,0,0,0,0,0.9991749822616577,999174.9822616577
Y2023_LAT23.73827_LON90.49357,2023,90.49357088494017,23.738265075944682,0.7519924160203868,0.0,0.06763825107658603,0.18036933290302715,0.0,0.0,1,1,0,0,0,0,0,0,0.4387417768936157,438741.7768936157
Y2023_LAT23.74098_LON90.13074,2023,90.13073853935036,23.740978183589952,0.7573856081969349,0.0,0.23097612728194572,0.011638264521119367,0.0,0.0,1,1,0,0,0,0,0,0,0.11155396456909179,111553.9645690918
Y2023_LAT23.74116_LON90.14054,2023,90.14053846080701,23.741159909708305,0.4005749647579208,0.013440568896253485,0.5859844663458257,0.0,0.0,0.0,3,0,0,1,0,0,0,0,0.8693700593032837,869370.0593032837
Y2023_LAT23.74134_LON90.15034,2023,90.15033847991525,23.74134101587991,0.23046646335557533,0.0,0.7695335366444247,0.0,0.0,0.0,3,0,0,1,0,0,0,0,0.9139249920578003,913924.9920578003
Y2023_LAT23.74152_LON90.16014,2023,90.16013859642045,23.74152150213728,0.4836543996464478,0.0,0.5163456003535521,0.0,0.0,0.0,3,0,0,1,0,0,0,0,0.22301533613586424,223015.33613586426
Y2023_LAT23.74259_LON90.21894,2023,90.21894132132913,23.74259139878478,1.0,0.0,0.0,0.0,0.0,0.0,1,1,0,0,0,0,0,0,0.23871803524017335,238718.03524017334
Y2023_LAT23.74277_LON90.22874,2023,90.2287421100175,23.74276754451651,0.7731311703585045,0.0,0.22686882964149546,0.0,0.0,0.0,1,1,0,0,0,0,0,0,0.998529556854248,998529.556854248
Y2023_LAT23.74294_LON90.23854,2023,90.23854299328866,23.74294307015497,0.846300656391163,0.015599980392410293,0.130999331831392,0.007100031385034727,0.0,0.0,1,1,0,0,0,0,0,0,0.9988431162872314,998843.1162872314
Y2023_LAT23.74312_LON90.24834,2023,90.24834397112943,23.743117975566047,0.8329994713771197,0.05080011194784691,0.07500039742864165,0.0412000192463917,0.0,0.0,1,1,0,0,0,0,0,0,0.9988569802627564,998856.9802627563
Y2023_LAT23.74329_LON90.25815,2023,90.25814504281456,23.743292260772836,0.43980031844413753,0.014100016683351552,0.5265995654052955,0.019500099467215388,0.0,0.0,3,0,0,1,0,0,0,0,0.9988707953643798,998870.7953643799
Y2023_LAT23.74347_LON90.26795,2023,90.2679462082869,23.743465925773716,0.8526999824834138,0.06250010318153726,0.008899949504137824,0.07589996483091105,0.0,0.0,1,1,0,0,0,0,0,0,0.9988845595550537,998884.5595550537
Y2023_LAT23.74364_LON90.27775,2023,90.27774746707775,23.743638970502243,0.867000411167798,0.07699968468939686,0.0,0.05599990414280516,0.0,0.0,1,1,0,0,0,0,0,0,0.9988982785568238,998898.2785568237
Y2023_LAT23.74381_LON90.28755,2023,90.28754881895775,23.743811394960073,0.9274000912300815,9.999965133037573e-05,0.0214001286927637,0.051099780425824436,0.0,0.0,1,1,0,0,0,0,0,0,0.998911945426941,998911.9454269409
Y2023_LAT23.74398_LON90.29735,2023,90.29735026346388,23.743983199124013,0.36779929106862436,0.0,0.6295006925130195,0.0027000164183561,0.0,0.0,3,0,0,1,0,0,0,0,0.9989255645904541,998925.5645904541
Y2023_LAT23.74415_LON90.30715,2023,90.3071518003199,23.74415438300012,0.7540009703153695,0.003599990003307819,0.19939917817745345,0.04299986150386923,0.0,0.0,1,1,0,0,0,0,0,0,0.9989391345901489,998939.1345901489
Y2023_LAT23.74432_LON90.31695,2023,90.31695342921796,23.74432494650829,1.0,0.0,0.0,0.0,0.0,0.0,1,1,0,0,0,0,0,0,0.9989526544647217,998952.6544647217
Y2023_LAT23.74449_LON90.32676,2023,90.32675514987204,23.74449488957721,0.9908999473992016,0.0,0.0,0.009100052600798342,0.0,0.0,1,1,0,0,0,0,0,0,0.9989661253509522,998966.1253509521
Y2023_LAT23.74466_LON90.33656,2023,90.33655696174202,23.744664212253483,0.661699197102524,0.11950035394154805,0.0,0.2115004290564682,0.0,0.0073000198994598664,1,1,0,0,0,0,0,0,0.998979549041748,998979.549041748
Y2023_LAT23.74483_LON90.34636,2023,90.3463588647759,23.7448329145388,0.6996005460287155,0.021499876813807852,0.0,0.2788995771574767,0.0,0.0,1,1,0,0,0,0,0,0,0.998992919921875,998992.919921875
Y2023_LAT23.745_LON90.35616,2023,90.35616085841329,23.74500099638217,0.8318000353715215,0.16299999671692175,0.0,0.005199967911556759,0.0,0.0,1,1,0,0,0,0,0,0,0.9990062445373535,999006.2445373535
Y2023_LAT23.74517_LON90.36596,2023,90.36596294242004,23.745168457777467,1.0,0.0,0.0,0.0,0.0,0.0,1,1,0,0,0,0,0,0,0.9990195198440551,999019.5198440552
Y2023_LAT23.74534_LON90.37577,2023,90.37576511650848,23.745335298684513,0.9375998001411704,0.011100039447450633,0.0,0.05130016041137895,0.0,0.0,1,1,0,0,0,0,0,0,0.9990327450485229,999032.745048523
Y2023_LAT23.7455_LON90.38557,2023,90.38556738024695,23.745501519059466,1.0,0.0,0.0,0.0,0.0,0.0,1,1,0,0,0,0,0,0,0.9990459216461182,999045.9216461182
Y2023_LAT23.74567_LON90.39537,2023,90.39536973334006,23.74566711891753,0.9587999239562817,0.01180005663734903,0.0,0.029400019406369257,0.0,0.0,1,1,0,0,0,0,0,0,0.999059049583435,999059.0495834351
Y2023_LAT23.74583_LON90.40517,2023,90.40517217543393,23.745832098256265,0.9991000056182142,0.0008999943817857624,0.0,0.0,0.0,0.0,1,1,0,0,0,0,0,0,0.9990721275100708,999072.1275100708
Y2023_LAT23.746_LON90.41497,2023,90.41497470619652,23.74599645691055,0.9991999992116445,0.0,0.0,0.0008000007883554989,0.0,0.0,1,1,0,0,0,0,0,0,0.999085157043457,999085.157043457
Y2023_LAT23.74616_LON90.42478,2023,90.42477732538151,23.74616019500123,1.0,0.0,0.0,0.0,0.0,0.0,1,1,0,0,0,0,0,0,0.99909813697052,999098.13697052
Y2023_LAT23.74632_LON90.43458,2023,90.43458003258418,23.74632331250182,1.0,0.0,0.0,0.0,0.0,0.0,1,1,0,0,0,0,0,0,0.9991110685424804,999111.0685424805
Y2023_LAT23.74649_LON90.44438,2023,90.4443828274079,23.74648580934497,1.0,0.0,0.0,0.0,0.0,0.0,1,1,0,0,0,0,0,0,0.9991239499893189,999123.9499893188
Y2023_LAT23.74665_LON90.45419,2023,90.45418570962228,23.7466476854843,0.9853999818974901,0.0,0.0,0.014600018102509934,0.0,0.0,1,1,0,0,0,0,0,0,0.9991367832946777,999136.7832946777
Y2023_LAT23.74681_LON90.46399,2023,90.46398867885233,23.746808940936813,0.919199667072061,0.006500019946181193,0.013800044003677391,0.06050026897808041,0.0,0.0,1,1,0,0,0,0,0,0,0.9991495664596558,999149.5664596558
Y2023_LAT23.74697_LON90.47379,2023,90.47379173479939,23.746969575766016,0.4783998402607674,0.0,0.3318005458084155,0.1897996139308171,0.0,0.0,1,1,0,0,0,0,0,1,0.99916230544281,999162.3054428101
Y2023_LAT23.74713_LON90.48359,2023,90.48359487702845,23.74712958985989,0.6905020035263024,0.002620088035871655,0.24213965542371865,0.06473825301410725,0.0,0.0,1,1,0,0,0,0,0,0,0.9152438592300415,915243.8592300415
Y2023_LAT23.74729_LON90.4934,2023,90.493398105351,23.747288983134844,0.5294118295308896,0.0,0.11307166329668786,0.3575165071724225,0.0,0.0,1,1,0,0,0,0,0,0,0.15287518077850343,152875.18077850342
Y2023_LAT23.75018_LON90.14034,2023,90.14034133672807,23.750181195813376,1.0,0.0,0.0,0.0,0.0,0.0,1,1,0,0,0,0,0,0,0.002996125602722168,2996.125602722168
Y2023_LAT23.75036_LON90.15014,2023,90.15014202925222,23.75036237914662,1.0,0.0,0.0,0.0,0.0,0.0,1,1,0,0,0,0,0,0,0.011085689514160156,11085.689514160156
Y2023_LAT23.75161_LON90.21875,2023,90.21874958492761,23.75161329427381,1.0,0.0,0.0,0.0,0.0,0.0,1,1,0,0,0,0,0,0,0.1209571446685791,120957.1446685791
Y2023_LAT23.75179_LON90.22855,2023,90.22855104721349,23.751789515059894,0.9083197518808713,0.0,0.09168024811912871,0.0,0.0,0.0,1,1,0,0,0,0,0,0,0.9304097875213623,930409.7875213623
Y2023_LAT23.75197_LON90.23835,2023,90.23835260414353,23.75196511539724,0.9652001113139179,0.0,0.026199834235245703,0.008600054450836425,0.0,0.0,1,1,0,0,0,0,0,0,0.9988431196670532,998843.1196670532
Y2023_LAT23.75214_LON90.24815,2023,90.24815425556822,23.752140095274402,0.7069998333613863,0.017100032653196106,0.0651001196237597,0.21080001436165793,0.0,0.0,1,1,0,0,0,0,0,0,0.9988569832839966,998856.9832839966
Y2023_LAT23.75231_LON90.25796,2023,90.25795600099448,23.752314454715368,0.7527004295301272,0.009899948116320561,0.04589979947786624,0.191499822875686,0.0,0.0,1,1,0,0,0,0,0,0,0.9988707986068726,998870.7986068726
Y2023_LAT23.75249_LON90.26776,2023,90.26775784009696,23.75248819362814,0.9935000234895763,0.0,0.001500005240094116,0.004999971270329624,0.0,0.0,1,1,0,0,0,0,0,0,0.9988845618515014,998884.5618515015
Y2023_LAT23.75266_LON90.27756,2023,90.27755977269007,23.752661312035087,0.9102999629386435,0.02149996915209903,9.999999581371675e-05,0.06810006791344382,0.0,0.0,1,1,0,0,0,0,0,0,0.9988982809524536,998898.2809524536
Y2023_LAT23.75283_LON90.28736,2023,90.28736179827857,23.752833809906356,1.0,0.0,0.0,0.0,0.0,0.0,1,1,0,0,0,0,0,0,0.998911948890686,998911.948890686
Y2023_LAT23.75301_LON90.29716,2023,90.29716391659903,23.753005687175584,0.9269997110976675,0.025300155202292826,0.047700133700039726,0.0,0.0,0.0,1,1,0,0,0,0,0,0,0.9989255678024292,998925.5678024292
Y2023_LAT23.75318_LON90.30697,2023,90.3069661272607,23.753176943865817,0.8418007097349248,0.12619944054755122,0.03199984971752397,0.0,0.0,0.0,1,1,0,0,0,0,0,0,0.9989391367263794,998939.1367263794
Y2023_LAT23.75335_LON90.31677,2023,90.31676843004367,23.753347579903743,0.9906999457612453,0.0,0.0,0.00930005423875469,0.0,0.0,1,1,0,0,0,0,0,0,0.9989526566238404,998952.6566238403
Y2023_LAT23.75352_LON90.32657,2023,90.32657082451311,23.753517595394705,0.56229866476664,0.023900075650502204,0.0002000008349834441,0.4024012006703371,0.007300034360457935,0.0039000237170794725,1,1,0,0,0,0,0,0,0.9989661281661988,998966.1281661987
Y2023_LAT23.75369_LON90.33637,2023,90.33637331037123,23.75368699020764,0.7790006998883027,0.014699932773778871,0.0,0.204299379233419,0.0019999881044994393,0.0,1,1,0,0,0,0,0,0,0.9989795516052246,998979.5516052246
Y2023_LAT23.75386_LON90.34618,2023,90.34617588723401,23.75385576429891,1.0,0.0,0.0,0.0,0.0,0.0,1,1,0,0,0,0,0,0,0.998992919921875,998992.919921875
Y2023_LAT23.75402_LON90.35598,2023,90.35597855490903,23.75402391774723,0.8884000227941117,0.10519997121149145,0.0,0.006400005994396887,0.0,0.0,1,1,0,0,0,0,0,0,0.9990062476196289,999006.2476196289
Y2023_LAT23.75419_LON90.36578,2023,90.36578131285476,23.7541914503989,1.0,0.0,0.0,0.0,0.0,0.0,1,1,0,0,0,0,0,0,0.999019522819519,999019.522819519
Y2023_LAT23.75436_LON90.37558,2023,90.37558416098803,23.754358362329956,0.9741999512649001,0.005300011583999747,0.0,0.02050003715110017,0.0,0.0,1,1,0,0,0,0,0,0,0.9990327484283448,999032.7484283447
Y2023_LAT23.75452_LON90.38539,2023,90.38538709874506,23.754524653475627,1.0,0.0,0.0,0.0,0.0,0.0,1,1,0,0,0,0,0,0,0.9990459246826172,999045.9246826172
Y2023_LAT23.75469_LON90.39519,2023,90.39519012585518,23.754690323823056,0.9809999155901227,0.009800058578573714,0.0,0.00920002583130361,0.0,0.0,1,1,0,0,0,0,0,0,0.9990590513687134,999059.0513687134
Y2023_LAT23.75486_LON90.40499,2023,90.40499324206858,23.75485537337216,0.8426001899590929,0.017199900172781564,0.0,0.14019990986812556,0.0,0.0,1,1,0,0,0,0,0,0,0.9990721291885376,999072.1291885376
Y2023_LAT23.75502_LON90.4148,2023,90.4147964469972,23.755019802046764,0.9991000057048642,0.0,0.0,0.0008999942951357279,0.0,0.0,1,1,0,0,0,0,0,0,0.9990851598434448,999085.1598434448
Y2023_LAT23.75518_LON90.4246,2023,90.42459974029687,23.755183609872024,0.9681999905034655,0.015099930379414733,0.0,0.016700079117119782,0.0,0.0,1,1,0,0,0,0,0,0,0.9990981399230957,999098.1399230957
Y2023_LAT23.75535_LON90.4344,2023,90.43440312163821,23.755346796793834,0.9994000009679823,0.000599999032017645,0.0,0.0,0.0,0.0,1,1,0,0,0,0,0,0,0.9991110707931519,999111.0707931519
Y2023_LAT23.75551_LON90.44421,2023,90.44420659070467,23.755509362861847,1.0,0.0,0.0,0.0,0.0,0.0,1,1,0,0,0,0,0,0,0.9991239521331787,999123.9521331787
Y2023_LAT23.75567_LON90.45401,2023,90.4540101471481,23.75567130799374,0.9919999614436463,0.0,0.0,0.008000038556353667,0.0,0.0,1,1,0,0,0,0,0,0,0.9991367861785889,999136.7861785889
Y2023_LAT23.75583_LON90.46381,2023,90.46381379066433,23.755832632118793,0.921300202880678,0.010299985580461794,0.0,0.0683998115388602,0.0,0.0,1,1,0,0,0,0,0,0,0.9991495694580078,999149.5694580078
Y2023_LAT23.75599_LON90.47362,2023,90.47361752085249,23.755993335209055,0.5990990301822331,0.0,0.3726009245994526,0.028300045218314317,0.0,0.0,1,1,0,0,0,0,0,0,0.9991623054504395,999162.3054504395
Y2023_LAT23.75615_LON90.48342,2023,90.48342133741092,23.756153417361674,0.5246200093319654,0.0,0.3402701510717387,0.1351098395962959,0.0,0.0,1,1,0,0,0,0,0,0,0.8401056873550415,840105.6873550415
Y2023_LAT23.75631_LON90.49323,2023,90.49322524001843,23.756312878533233,0.0,0.0,0.0,1.0,0.0,0.0,4,0,0,0,1,0,0,0,0.013189197273254395,13189.197273254395
Y2023_LAT23.76081_LON90.22836,2023,90.22835988964839,23.76081147358909,0.40931269809359283,0.0,0.5906873019064072,0.0,0.0,0.0,3,0,0,1,0,0,0,0,0.6349572957382202,634957.2957382202
Y2023_LAT23.76099_LON90.23816,2023,90.23816212061057,23.760987148651456,0.5164990817417957,0.006500036497759312,0.18930023125554085,0.2877006505049041,0.0,0.0,1,1,0,0,0,0,0,0,0.9988431228637695,998843.1228637695
Y2023_LAT23.76116_LON90.24796,2023,90.2479644459894,23.761162203025258,0.35239923468622214,0.0,0.6376008275947437,0.009999937719034164,0.0,0.0,3,0,0,1,0,0,0,0,0.9988569862060547,998856.9862060547
Y2023_LAT23.76134_LON90.25777,2023,90.2577668653888,23.761336636649737,0.11260031698504763,0.010100004490875836,0.8164993886304818,0.06080028989359481,0.0,0.0,3,0,0,1,0,0,0,0,0.9988708020477295,998870.8020477295
Y2023_LAT23.76151_LON90.26757,2023,90.26756937861607,23.761510449554255,0.6688006239462005,0.051200017862832466,0.007799949584889408,0.27219940860607755,0.0,0.0,1,1,0,0,0,0,0,0,0.9988845694503784,998884.5694503784
Y2023_LAT23.76168_LON90.27737,2023,90.27737198516861,23.76168364164506,0.9561001974098764,0.018199905379237092,0.0,0.025699897210886533,0.0,0.0,1,1,0,0,0,0,0,0,0.9988982833480835,998898.2833480835
Y2023_LAT23.76186_LON90.28717,2023,90.28717468493886,23.761856212904412,1.0,0.0,0.0,0.0,0.0,0.0,1,1,0,0,0,0,0,0,0.9989119513473511,998911.9513473511
Y2023_LAT23.76203_LON90.29698,2023,90.29697747734382,23.762028163329866,1.0,0.0,0.0,0.0,0.0,0.0,1,1,0,0,0,0,0,0,0.9989255701065064,998925.5701065063
Y2023_LAT23.7622_LON90.30678,2023,90.30678036212258,23.762199492944596,1.0,0.0,0.0,0.0,0.0,0.0,1,1,0,0,0,0,0,0,0.9989391392822266,998939.1392822266
Y2023_LAT23.76237_LON90.31658,2023,90.31658333913239,23.762370201657625,0.6262986307695992,0.02040005845197223,0.019100098449409696,0.30580119830333663,0.0,0.028400014025682076,1,1,0,0,0,0,0,0,0.9989526605072021,998952.6605072021
Y2023_LAT23.76254_LON90.32639,2023,90.32638640779447,23.762540289448026,0.09709980810311214,0.1886006430860534,0.025999891308510447,0.477099548957168,0.045400187032907574,0.16579992151224843,4,0,0,0,1,0,0,1,0.9989661312637329,998966.1312637329
Y2023_LAT23.76271_LON90.33619,2023,90.3361895678366,23.762709756351583,0.26890105823386234,0.4740987767002357,0.0,0.21150027443531985,0.04529989158229769,0.0001999990482841963,2,0,1,0,0,0,0,1,0.9989795538330078,998979.5538330078
Y2023_LAT23.76288_LON90.34599,2023,90.34599281907632,23.762878602283685,0.9793000190065534,0.011000038201367014,0.0,0.009699942792079615,0.0,0.0,1,1,0,0,0,0,0,0,0.9989929205551148,998992.9205551147
Y2023_LAT23.76305_LON90.3558,2023,90.35579616093816,23.763046827230234,1.0,0.0,0.0,0.0,0.0,0.0,1,1,0,0,0,0,0,0,0.9990062505493164,999006.2505493164
Y2023_LAT23.76321_LON90.3656,2023,90.36559959324714,23.763214431236197,0.984999962014262,0.015000037985738018,0.0,0.0,0.0,0.0,1,1,0,0,0,0,0,0,0.9990195251541137,999019.5251541138
Y2023_LAT23.76338_LON90.3754,2023,90.37540311576633,23.763381414237692,0.5328990064681532,0.38170069195115214,0.0,0.08540030158069459,0.0,0.0,1,1,0,0,0,0,0,0,0.9990327504043579,999032.7504043579
Y2023_LAT23.76355_LON90.38521,2023,90.3852067277836,23.763547776097877,0.7339009872558958,0.24209914860682039,0.0,0.023999864137283788,0.0,0.0,1,1,0,0,0,0,0,0,0.9990459269866944,999045.9269866943
Y2023_LAT23.76371_LON90.39501,2023,90.39501042943009,23.763713516960536,0.9863000797187671,0.01369992028123293,0.0,0.0,0.0,0.0,1,1,0,0,0,0,0,0,0.9990590551147461,999059.0551147461
Y2023_LAT23.76388_LON90.40481,2023,90.40481422001753,23.7638786367501,0.9148995898003266,0.0,0.0,0.08510041019967342,0.0,0.0,1,1,0,0,0,0,0,0,0.9990721333160401,999072.13331604
Y2023_LAT23.76404_LON90.41462,2023,90.41461809937496,23.764043135474466,0.829300700794447,0.0,0.0,0.1706992992055531,0.0,0.0,1,1,0,0,0,0,0,0,0.999085162765503,999085.1627655029
Y2023_LAT23.76421_LON90.42442,2023,90.42442206719913,23.76420701298965,0.9912000381888477,0.0,0.0,0.008799961811152321,0.0,0.0,1,1,0,0,0,0,0,0,0.9990981413879394,999098.1413879395
Y2023_LAT23.76437_LON90.43423,2023,90.43422612297073,23.764370269374343,1.0,0.0,0.0,0.0,0.0,0.0,1,1,0,0,0,0,0,0,0.9991110741882324,999111.0741882324
Y2023_LAT23.76453_LON90.44403,2023,90.44403026665844,23.764532904578363,0.9972999975676599,0.0,0.0,0.002700002432340191,0.0,0.0,1,1,0,0,0,0,0,0,0.9991239546813965,999123.9546813965
Y2023_LAT23.76469_LON90.45383,2023,90.45383449767927,23.76469491859851,0.988599937408148,0.0,0.0,0.011400062591851983,0.0,0.0,1,1,0,0,0,0,0,0,0.9991367882461548,999136.7882461548
Y2023_LAT23.76486_LON90.46364,2023,90.46363881566843,23.764856311400155,0.8246993546662194,9.999983756098455e-05,0.13010054939221305,0.04510009610400659,0.0,0.0,1,1,0,0,0,0,0,0,0.999149572227478,999149.572227478
Y2023_LAT23.76502_LON90.47344,2023,90.47344322047181,23.765017082957055,0.27659987027386695,0.0,0.7005001148128988,0.02290001491323431,0.0,0.0,3,0,0,1,0,0,0,0,0.9991623054504395,999162.3054504395
Y2023_LAT23.76518_LON90.48325,2023,90.48324771175145,23.76517723326621,0.42181256852929466,0.0,0.38612608267592885,0.19206134879477657,0.0,0.0,1,1,0,0,0,0,0,1,0.49838690830993654,498386.9083099365
Y2023_LAT23.76983_LON90.22817,2023,90.2281686374244,23.769833420109688,0.7921977334780094,0.0,0.2078022665219907,0.0,0.0,0.0,1,1,0,0,0,0,0,0,0.1254535876083374,125453.5876083374
Y2023_LAT23.77001_LON90.23797,2023,90.23797154263815,23.770009169948537,0.6786423432803281,0.0,0.0574414881857625,0.2639161685339094,0.0,0.0,1,1,0,0,0,0,0,0,0.9563925403823853,956392.5403823853
Y2023_LAT23.77018_LON90.24777,2023,90.24777454231223,23.77018429878142,0.5234990144841097,0.0,0.47650098551589026,0.0,0.0,0.0,1,1,0,0,0,0,0,0,0.998856989074707,998856.989074707
Y2023_LAT23.77036_LON90.25758,2023,90.25757763606937,23.770358806663783,0.4758011508596936,0.00020000043665181747,0.4312986620880471,0.09270018661560746,0.0,0.0,1,1,0,0,0,0,0,1,0.9988708050460815,998870.8050460815
Y2023_LAT23.77053_LON90.26738,2023,90.26738082362911,23.77053269346265,0.8436993421328034,0.06660021711056568,0.004700031235393966,0.08500040952123697,0.0,0.0,1,1,0,0,0,0,0,0,0.9988845719375611,998884.571937561
Y2023_LAT23.77071_LON90.27718,2023,90.27718410465431,23.77070595923242,0.8410002050768803,0.000499997134687334,0.12989996105496135,0.028599836733470982,0.0,0.0,1,1,0,0,0,0,0,0,0.9988982871780395,998898.2871780396
Y2023_LAT23.77088_LON90.28699,2023,90.28698747876511,23.770878603944194,0.49809990173850943,0.003899978170376799,0.4980001200911138,0.0,0.0,0.0,1,1,0,0,0,0,0,1,0.9989119547119141,998911.9547119141
Y2023_LAT23.77105_LON90.29679,2023,90.29679094568877,23.77105062758184,0.8015999706787993,0.0,0.19840002932120074,0.0,0.0,0.0,1,1,0,0,0,0,0,0,0.9989255736312866,998925.5736312866
Y2023_LAT23.77122_LON90.30659,2023,90.30659450499972,23.77122203003455,0.9732000837725102,0.01979994144310565,0.006999974784384178,0.0,0.0,0.0,1,1,0,0,0,0,0,0,0.9989391431045532,998939.1431045532
Y2023_LAT23.77139_LON90.3164,2023,90.31639815643658,23.77139281141807,0.5597990259659433,0.060000203604813965,0.09940022556232474,0.27440050582277853,0.0,0.006400039044139455,1,1,0,0,0,0,0,0,0.9989526626663208,998952.6626663208
Y2023_LAT23.77156_LON90.3262,2023,90.32620189962677,23.771562971608304,0.11639961440822236,0.0722999491840262,0.003299986733192469,0.4441997344370463,0.04690017261868369,0.316900542618829,4,0,0,0,1,0,0,1,0.9989661340637207,998966.1340637207
Y2023_LAT23.77173_LON90.33601,2023,90.33600573426834,23.771732510588965,0.19750042390295192,0.32440007961553274,0.0,0.28720005630791073,0.01859996432997647,0.17229947584362815,2,0,1,0,0,0,0,1,0.9989795559997559,998979.5559997559
Y2023_LAT23.7719_LON90.34581,2023,90.34580966010452,23.77190142837294,0.8272007753614949,0.0,0.0,0.17079923734446187,0.001999987294043205,0.0,1,1,0,0,0,0,0,0,0.9989929302902222,998992.9302902222
Y2023_LAT23.77207_LON90.35561,2023,90.35561367664954,23.772069724907464,1.0,0.0,0.0,0.0,0.0,0.0,1,1,0,0,0,0,0,0,0.9990062533035279,999006.2533035278
Y2023_LAT23.77224_LON90.36542,2023,90.36541778357672,23.77223740023536,1.0,0.0,0.0,0.0,0.0,0.0,1,1,0,0,0,0,0,0,0.9990195277862549,999019.5277862549
Y2023_LAT23.7724_LON90.37522,2023,90.37522198066777,23.77240445418439,0.9849999381883132,0.014600060914019853,0.0,0.00040000089766697083,0.0,0.0,1,1,0,0,0,0,0,0,0.9990327540359497,999032.7540359497
Y2023_LAT23.77257_LON90.38503,2023,90.3850262675189,23.77257088690493,0.8282000410910821,0.17179995890891786,0.0,0.0,0.0,0.0,1,1,0,0,0,0,0,0,0.999045929725647,999045.929725647
Y2023_LAT23.77274_LON90.39483,2023,90.39483064385604,23.772736698317658,0.9853000851611696,0.014699914838830404,0.0,0.0,0.0,0.0,1,1,0,0,0,0,0,0,0.9990590583343506,999059.0583343506
Y2023_LAT23.7729_LON90.40464,2023,90.40463510921352,23.772901888335102,0.9983999900570585,0.0,0.0,0.0016000099429415106,0.0,0.0,1,1,0,0,0,0,0,0,0.9990721367263794,999072.1367263794
Y2023_LAT23.77307_LON90.41444,2023,90.41443966335169,23.773066456979556,0.6792992095075332,0.0032000146298634103,0.0,0.3175007758626034,0.0,0.0,1,1,0,0,0,0,0,0,0.9990851645202636,999085.1645202637
Y2023_LAT23.77323_LON90.42424,2023,90.42424430601035,23.773230404240934,0.8913005021576156,0.0,0.0,0.10869949784238443,0.0,0.0,1,1,0,0,0,0,0,0,0.9990981454467773,999098.1454467773
Y2023_LAT23.77339_LON90.43405,2023,90.43404903666072,23.773393730153238,0.9759999139813362,0.009500005242510386,0.0,0.014500080776153418,0.0,0.0,1,1,0,0,0,0,0,0,0.9991110755233764,999111.0755233765
Y2023_LAT23.77356_LON90.44385,2023,90.44385385512356,23.773556434545352,0.3351003424024369,0.0776997854055121,0.0,0.4445002683771995,0.1426996038148515,0.0,4,0,0,0,1,0,0,1,0.9991239581298829,999123.9581298828
Y2023_LAT23.77372_LON90.45366,2023,90.4536587610521,23.773718517509927,0.7644999205780334,0.1724001919815773,0.02400005533707414,0.03209983148984008,0.007000000613475115,0.0,1,1,0,0,0,0,0,0,0.9991367903137207,999136.7903137207
Y2023_LAT23.77388_LON90.46346,2023,90.46346375401616,23.77387997896651,0.2016996913555287,0.11889950747141159,0.44050039301960897,0.23800040534173733,0.0008000033180378071,9.999949367570186e-05,3,0,0,1,0,0,0,1,0.9991495749282837,999149.5749282837
Y2023_LAT23.77404_LON90.47327,2023,90.47326883379803,23.77404081891772,0.07340015939118104,0.0,0.8859997119000788,0.04060012870874024,0.0,0.0,3,0,0,1,0,0,0,0,0.9991623054504395,999162.3054504395
Y2023_LAT23.7742_LON90.48307,2023,90.48307400000965,23.774201037396843,0.26270540702477624,0.0,0.40682920404456224,0.3304653889306616,0.0,0.0,3,0,0,1,0,0,0,1,0.3715918806991577,371591.8806991577
Y2023_LAT23.77903_LON90.23778,2023,90.23778087024198,23.77903117932616,0.6832494653446102,0.0,0.0005993366262712378,0.31615119802911856,0.0,0.0,1,1,0,0,0,0,0,0,0.33331506922912596,333315.069229126
Y2023_LAT23.77921_LON90.24758,2023,90.24758454448232,23.77920638265439,0.9777999865499845,0.0,0.022200013450015495,0.0,0.0,0.0,1,1,0,0,0,0,0,0,0.9988569926681519,998856.9926681519
Y2023_LAT23.77938_LON90.25739,2023,90.25738831298713,23.779380964660106,0.8068005975984761,0.0,0.1931994024015239,0.0,0.0,0.0,1,1,0,0,0,0,0,0,0.9988708076705932,998870.8076705933
Y2023_LAT23.77955_LON90.26719,2023,90.2671921752579,23.779554925466496,0.8791994223301514,0.0019000110077632732,0.11670056643640334,0.0022000002256820296,0.0,0.0,1,1,0,0,0,0,0,0,0.9988845736846924,998884.5736846924
Y2023_LAT23.77973_LON90.277,2023,90.27699613101784,23.77972826495153,0.08409985828807172,0.010200042727673456,0.770499950066211,0.1352001489180439,0.0,0.0,3,0,0,1,0,0,0,0,0.9988982905731201,998898.2905731201
Y2023_LAT23.7799_LON90.2868,2023,90.28680017985353,23.779900983053583,0.04039987354477826,0.007299958971376255,0.8797004305210574,0.07259973696278804,0.0,0.0,3,0,0,1,0,0,0,0,0.9989119572601318,998911.9572601318
Y2023_LAT23.78007_LON90.2966,2023,90.29660432153942,23.780073079838317,0.3404010225956952,0.0,0.6595989774043047,0.0,0.0,0.0,3,0,0,1,0,0,0,0,0.998925576133728,998925.576133728
Y2023_LAT23.78024_LON90.30641,2023,90.30640855569301,23.780244555222104,0.7899007228777816,0.006700011541577436,0.19039918763240965,0.01300007794823132,0.0,0.0,1,1,0,0,0,0,0,0,0.9989391450195313,998939.1450195312
Y2023_LAT23.78042_LON90.31621,2023,90.31621288199962,23.780415409211372,0.3637994007825865,0.023500034171114938,0.07210024755316491,0.5329002895561893,0.0016000097739450759,0.00610001816299931,4,0,0,0,1,0,0,0,0.9989526665267945,998952.6665267944
Y2023_LAT23.78059_LON90.32602,2023,90.32601730007362,23.780585641787265,0.3428010542914977,0.09680027055136227,0.02839986949155833,0.46459885996789446,0.00989999739658745,0.05749994830109982,4,0,0,0,1,0,0,1,0.9989661368026733,998966.1368026733
Y2023_LAT23.78076_LON90.33582,2023,90.33582180971567,23.78075525291085,0.7925002490996161,0.04059977355623962,0.000899994449413311,0.16579998303013652,0.0,0.00019999986459418704,1,1,0,0,0,0,0,0,0.9989795581741333,998979.5581741333
Y2023_LAT23.78092_LON90.34563,2023,90.34562641029187,23.780924242580376,0.828000462965656,0.06579985483741954,0.0,0.10569968353405212,0.00049999866287233,0.0,1,1,0,0,0,0,0,0,0.9989929364547729,998992.936454773
Y2023_LAT23.78109_LON90.35543,2023,90.35543110185843,23.781092610693655,0.9813999523310518,0.011200030436410569,0.0,0.007400017232537644,0.0,0.0,1,1,0,0,0,0,0,0,0.9990062554244995,999006.2554244995
Y2023_LAT23.78126_LON90.36524,2023,90.36523588379275,23.781260357308057,1.0,0.0,0.0,0.0,0.0,0.0,1,1,0,0,0,0,0,0,0.9990195310516358,999019.5310516357
Y2023_LAT23.78143_LON90.37504,2023,90.37504075589361,23.781427482373413,0.9612997761920498,0.00200001269336889,0.0,0.036700211114581334,0.0,0.0,1,1,0,0,0,0,0,0,0.9990327562866211,999032.7562866211
Y2023_LAT23.78159_LON90.38485,2023,90.38484571781854,23.781593985947048,0.7075010287757111,0.2522991293082294,0.0,0.039499844649331345,0.0,0.0006999972667282114,1,1,0,0,0,0,0,0,0.9990459323730468,999045.9323730469
Y2023_LAT23.78176_LON90.39465,2023,90.39465076911613,23.781759867802887,1.0,0.0,0.0,0.0,0.0,0.0,1,1,0,0,0,0,0,0,0.9990590604019165,999059.0604019165
Y2023_LAT23.78193_LON90.40446,2023,90.4044559096802,23.781925128054173,0.9897000239297352,0.0,0.0,0.010299976070264786,0.0,0.0,1,1,0,0,0,0,0,0,0.999072138671875,999072.138671875
Y2023_LAT23.78209_LON90.41426,2023,90.41426113889632,23.782089766771552,0.901500061110265,0.0,0.0,0.09849993888973493,0.0,0.0,1,1,0,0,0,0,0,0,0.9990851678619385,999085.1678619385
Y2023_LAT23.78225_LON90.42407,2023,90.42406645664691,23.782253783813083,0.839100820412465,0.0,0.0,0.160899179587535,0.0,0.0,1,1,0,0,0,0,0,0,0.9990981482925415,999098.1482925415
Y2023_LAT23.78242_LON90.43387,2023,90.43387186256976,23.78241717909984,0.9840999118952453,0.010400054051508205,0.0,0.0,0.005500034053246562,0.0,1,1,0,0,0,0,0,0,0.9991110791854858,999111.0791854858
Y2023_LAT23.78258_LON90.44368,2023,90.44367735622691,23.782579952763438,0.3172000430100204,0.04499987990734441,0.003799997199834236,0.2751008349057874,0.3588992449770136,0.0,5,0,0,0,0,1,0,1,0.9991239601974488,999123.9601974487
Y2023_LAT23.78274_LON90.45348,2023,90.45348293729924,23.78274210462299,0.04339976811096443,0.054800292862127,0.037100067542275184,0.44909939629347556,0.37840026950446454,0.0372002056866934,4,0,0,0,1,0,0,1,0.9991367923583985,999136.7923583984
Y2023_LAT23.7829_LON90.46329,2023,90.4632886056146,23.78290363476873,0.17270077013217397,0.2963989634432843,0.33930046446548523,0.030200105886769385,0.05909980692205933,0.10229988915022777,3,0,0,1,0,0,0,1,0.9991495774154663,999149.5774154663
Y2023_LAT23.78306_LON90.47309,2023,90.47309436063489,23.78306454319206,0.5012976140119281,0.07027892063389314,0.1142460634479979,0.31227329325167646,0.0008655035577647432,0.001038605096739656,1,1,0,0,0,0,0,0,0.5772146720275879,577214.6720275879
Y2023_LAT23.78322_LON90.4829,2023,90.48290020213764,23.78322482975275,0.0,0.0,0.0,0.0,0.0,0.0,1,1,0,0,0,0,0,1,0.0,0.0
Y2023_LAT23.78805_LON90.23759,2023,90.23759010331662,23.78805317659742,1.0,0.0,0.0,0.0,0.0,0.0,1,1,0,0,0,0,0,0,0.015382285095214844,15382.285095214844
Y2023_LAT23.78823_LON90.24739,2023,90.24739445257077,23.788228454460032,0.9483101439688034,0.0439935886481735,0.0,0.0076962673830231225,0.0,0.0,1,1,0,0,0,0,0,0,0.9604012449340821,960401.244934082
Y2023_LAT23.7884_LON90.2572,2023,90.25719889607419,23.78840311079776,1.0,0.0,0.0,0.0,0.0,0.0,1,1,0,0,0,0,0,0,0.9988708102188111,998870.810218811
Y2023_LAT23.78858_LON90.267,2023,90.26700343342867,23.788577145484922,0.9339999461807371,0.0,0.03210017918745335,0.03389987463180957,0.0,0.0,1,1,0,0,0,0,0,0,0.9988845748519898,998884.5748519897
Y2023_LAT23.78875_LON90.27681,2023,90.2768080641597,23.788750558677172,0.7976997471184523,0.0,0.20230025288154768,0.0,0.0,0.0,1,1,0,0,0,0,0,0,0.9988982936248779,998898.2936248779
Y2023_LAT23.78892_LON90.28661,2023,90.28661278815758,23.788923350292766,0.06239975914959083,0.0,0.6921005902723878,0.2451996511856741,0.0002999993923472729,0.0,3,0,0,1,0,0,0,0,0.9989119608459472,998911.9608459473
Y2023_LAT23.7891_LON90.29642,2023,90.2964176049781,23.78909552023466,0.4582014544948049,0.015900010256947712,0.4180987255788076,0.08579980182687656,0.022000007842563177,0.0,1,1,0,0,0,0,0,1,0.998925578781128,998925.5787811279
Y2023_LAT23.78927_LON90.30622,2023,90.30622251427266,23.789267068588416,0.8282995249443561,0.021100046921094406,0.07610020430599783,0.07450022382855163,0.0,0.0,1,1,0,0,0,0,0,0,0.9989391476898193,998939.1476898193
Y2023_LAT23.78944_LON90.31603,2023,90.31602751569397,23.78943799523181,0.6466996578714639,0.028399933017875464,0.0006000022186704242,0.3243004068919902,0.0,0.0,1,1,0,0,0,0,0,0,0.9989526684951783,998952.6684951782
Y2023_LAT23.78961_LON90.32583,2023,90.32583260912646,23.789608300122723,0.8177006003518015,0.00949994644606706,0.004899989188889965,0.1678994640132415,0.0,0.0,1,1,0,0,0,0,0,0,0.9989661400756836,998966.1400756836
Y2023_LAT23.78978_LON90.33564,2023,90.33563779382342,23.789777983385996,0.7833997957443651,0.0,0.0,0.21660020425563484,0.0,0.0,1,1,0,0,0,0,0,0,0.9989795618286132,998979.5618286133
Y2023_LAT23.78995_LON90.34544,2023,90.34544306975062,23.789947044838637,0.9959000041862807,0.00409999581371934,0.0,0.0,0.0,0.0,1,1,0,0,0,0,0,0,0.9989929388122558,998992.9388122559
Y2023_LAT23.79012_LON90.35525,2023,90.35524843665517,23.790115484590547,0.9977999922485485,0.0,0.0,0.0022000077514514205,0.0,0.0,1,1,0,0,0,0,0,0,0.9990062575302124,999006.2575302124
Y2023_LAT23.79028_LON90.36505,2023,90.36505389383696,23.790283302504637,1.0,0.0,0.0,0.0,0.0,0.0,1,1,0,0,0,0,0,0,0.9990195340881348,999019.5340881348
Y2023_LAT23.79045_LON90.37486,2023,90.37485944136164,23.790450498703276,0.9077995198739094,0.03070018424343081,0.0,0.058300277253080485,0.0,0.0032000186295793594,1,1,0,0,0,0,0,0,0.9990327585830688,999032.7585830688
Y2023_LAT23.79062_LON90.38467,2023,90.38466507857925,23.790617072987214,0.8512007033870802,0.10329947616059322,0.0,0.045499820452326624,0.0,0.0,1,1,0,0,0,0,0,0,0.9990459353637695,999045.9353637695
Y2023_LAT23.79078_LON90.39447,2023,90.39447080530314,23.79078302544955,1.0,0.0,0.0,0.0,0.0,0.0,1,1,0,0,0,0,0,0,0.9990590620727539,999059.0620727539
Y2023_LAT23.79095_LON90.40428,2023,90.40427662132565,23.790948356082836,0.9974000103958993,0.0,0.0,0.0025999896041007087,0.0,0.0,1,1,0,0,0,0,0,0,0.9990721404647828,999072.1404647827
Y2023_LAT23.79111_LON90.41408,2023,90.41408252599528,23.791113064692745,0.9299002101744607,0.004699982300210907,0.0,0.06539980752532838,0.0,0.0,1,1,0,0,0,0,0,0,0.9990851703796386,999085.1703796387
Y2023_LAT23.79128_LON90.42389,2023,90.42388851925058,23.79127715145555,0.9119002983182091,0.0,0.0,0.08809970168179097,0.0,0.0,1,1,0,0,0,0,0,0,0.9990981497879028,999098.1497879028
Y2023_LAT23.79144_LON90.43369,2023,90.43369460060386,23.791440616295244,1.0,0.0,0.0,0.0,0.0,0.0,1,1,0,0,0,0,0,0,0.9991110805664063,999111.0805664062
Y2023_LAT23.7916_LON90.4435,2023,90.44350076984269,23.791603459055196,0.9758000262852445,0.012699964443942393,0.0,0.011500009270813067,0.0,0.0,1,1,0,0,0,0,0,0,0.9991239636764526,999123.9636764526
Y2023_LAT23.79177_LON90.45331,2023,90.45330702655826,23.79176567997596,0.3631994389489865,0.05940018075753225,0.2982007990631683,0.1919997079693532,0.06559984202824981,0.02160003123270974,1,1,0,0,0,0,0,1,0.9991367950439453,999136.7950439453
Y2023_LAT23.79193_LON90.46311,2023,90.46311337030475,23.791927278821454,0.6430005381772435,0.1093997193812458,0.19609965502449142,0.051000089225377104,0.0,0.0004999981916422192,1,1,0,0,0,0,0,0,0.9991495792160034,999149.5792160034
Y2023_LAT23.79209_LON90.47292,2023,90.47291980105021,23.79208825562145,0.3007617483654182,0.00963086978800414,0.6396472820120825,0.04985977830101436,0.0,0.00010032153348064538,3,0,0,1,0,0,0,0,0.9959649670562745,995964.9670562744
Y2023_LAT23.79225_LON90.48273,2023,90.48272631819844,23.792248610374624,0.022720530645858123,0.13042220168926508,0.4629679912285444,0.3824139172045826,0.00029507216628871127,0.001180287065461083,3,0,0,1,0,0,0,1,0.3386191935882568,338619.19358825684
Y2023_LAT23.79725_LON90.2472,2023,90.24720426655135,23.797250514278943,0.8829589079547902,0.02668695328570658,0.0,0.09035413875950328,0.0,0.0,1,1,0,0,0,0,0,0,0.7860017212905884,786001.7212905884
Y2023_LAT23.79743_LON90.25701,2023,90.25700938527707,23.79742524481358,0.8931997374827683,0.0015000076464516529,0.0,0.10530025487078006,0.0,0.0,1,1,0,0,0,0,0,0,0.9988708134765625,998870.8134765625
Y2023_LAT23.7976_LON90.26681,2023,90.26681459801992,23.79759935357892,0.9942000310962991,0.003299982376809504,0.0,0.0024999865268914845,0.0,0.0,1,1,0,0,0,0,0,0,0.9988845763473511,998884.5763473511
Y2023_LAT23.79777_LON90.27662,2023,90.27661990422925,23.797772840465942,0.934300047831682,0.030499999567486145,0.019999993225874323,0.015199959374957597,0.0,0.0,1,1,0,0,0,0,0,0,0.9988982963256836,998898.2963256836
Y2023_LAT23.79795_LON90.28643,2023,90.28642530362129,23.797945705505228,0.9268998804219469,0.005399986339565041,0.030000038362815604,0.0377000948756724,0.0,0.0,1,1,0,0,0,0,0,0,0.9989119629364014,998911.9629364014
Y2023_LAT23.79812_LON90.29623,2023,90.29623079589055,23.798117948708644,0.5745994368214736,0.0609003162447594,0.2968001969034144,0.06770005003035261,0.0,0.0,1,1,0,0,0,0,0,0,0.998925582397461,998925.5823974609
Y2023_LAT23.79829_LON90.30604,2023,90.30603638069547,23.79828956991583,0.0894998617858938,0.06559971687374264,0.16649974425393788,0.6561006046238377,0.0,0.02230007246258807,4,0,0,0,1,0,0,0,0.9989391515960694,998939.1515960693
Y2023_LAT23.79846_LON90.31584,2023,90.31584205760416,23.798460569223078,0.0176999680044273,0.010199968458565802,0.2633000518054819,0.6719000676109377,0.001500001772696286,0.03539994234789111,4,0,0,0,1,0,0,0,0.9989526717758179,998952.6717758179
Y2023_LAT23.79863_LON90.32565,2023,90.32564782655705,23.79863094659514,0.230700963907831,0.034600046274399054,0.05889999144160732,0.6142991935486959,0.026799924068601638,0.03469988075886506,4,0,0,0,1,0,0,0,0.9989661425094605,998966.1425094604
Y2023_LAT23.7988_LON90.33545,2023,90.33545368682985,23.798800701915248,0.9398997856566772,0.0,0.0,0.060100214343322786,0.0,0.0,1,1,0,0,0,0,0,0,0.9989795654678345,998979.5654678345
Y2023_LAT23.79897_LON90.34526,2023,90.3452596384617,23.798969835327316,0.8273004875114464,0.06069996484076744,0.0,0.11199954764778625,0.0,0.0,1,1,0,0,0,0,0,0,0.9989929389953613,998992.9389953613
Y2023_LAT23.79914_LON90.35507,2023,90.35506568082454,23.799138346676852,1.0,0.0,0.0,0.0,0.0,0.0,1,1,0,0,0,0,0,0,0.9990062610778808,999006.2610778809
Y2023_LAT23.79931_LON90.36487,2023,90.36487181381128,23.799306235971265,1.0,0.0,0.0,0.0,0.0,0.0,1,1,0,0,0,0,0,0,0.9990195365142822,999019.5365142822
Y2023_LAT23.79947_LON90.37468,2023,90.37467803696323,23.79947350314875,0.9985999909662775,0.0014000090337224996,0.0,0.0,0.0,0.0,1,1,0,0,0,0,0,0,0.9990327621307373,999032.7621307373
Y2023_LAT23.79964_LON90.38448,2023,90.38448434988418,23.79964014829496,0.9804000736074636,0.0064999790073994364,0.0,0.013099947385136949,0.0,0.0,1,1,0,0,0,0,0,0,0.9990459382476806,999045.9382476807
Y2023_LAT23.79981_LON90.39429,2023,90.39429075234119,23.799806171282878,0.7876990597063996,0.1803008040754012,0.0,0.03200013621819917,0.0,0.0,1,1,0,0,0,0,0,0,0.99905906615448,999059.06615448
Y2023_LAT23.79997_LON90.4041,2023,90.40409724415045,23.7999715721438,0.9025005190913756,0.06679963561662278,0.0,0.03069984529200168,0.0,0.0,1,1,0,0,0,0,0,0,0.9990721441192627,999072.1441192627
Y2023_LAT23.80014_LON90.4139,2023,90.4139038245308,23.800136350824417,0.88139951355822,0.0,0.0,0.11860048644177996,0.0,0.0,1,1,0,0,0,0,0,0,0.9990851726455688,999085.1726455688
Y2023_LAT23.8003_LON90.42371,2023,90.4237104937259,23.800300507329418,0.9884000666030558,0.0,0.0,0.011599933396944158,0.0,0.0,1,1,0,0,0,0,0,0,0.9990981535568237,999098.1535568237
Y2023_LAT23.80046_LON90.43352,2023,90.43351725086663,23.80046404161673,0.9662998472839366,0.03270014639316683,0.0,0.0010000063228965258,0.0,0.0,1,1,0,0,0,0,0,0,0.9991110838470459,999111.0838470459
Y2023_LAT23.80063_LON90.44332,2023,90.44332409596677,23.800626953769726,0.8867996674150316,0.014899982869982687,0.096600360329044,0.0016999893859417441,0.0,0.0,1,1,0,0,0,0,0,0,0.9991239659347534,999123.9659347534
Y2023_LAT23.80079_LON90.45313,2023,90.45313102860304,23.80078924353125,0.7032997914019392,0.0518999555961485,0.2413002586627779,0.0,0.0,0.0034999943391343727,1,1,0,0,0,0,0,0,0.9991367979660034,999136.7979660034
Y2023_LAT23.80095_LON90.46294,2023,90.46293804826024,23.800950911081745,0.4325999110910756,0.14200042939322524,0.41709967176949847,0.008299987746200683,0.0,0.0,1,1,0,0,0,0,0,1,0.9991495805892945,999149.5805892944
Y2023_LAT23.80111_LON90.47275,2023,90.47274515495704,23.801111956381202,0.6228008002475705,0.12579960464244186,0.2327995442327294,0.014700039521732227,0.0,0.003900011355526032,1,1,0,0,0,0,0,0,0.9991623117599487,999162.3117599487
Y2023_LAT23.80127_LON90.48255,2023,90.48255234803564,23.80127237926544,0.6513286355322502,0.14706918522682474,0.0037491673650050473,0.19222927240950374,0.0,0.005623739466416146,1,1,0,0,0,0,0,0,0.5863144399108887,586314.4399108887
Y2023_LAT23.80627_LON90.24701,2023,90.24701398626348,23.806272562241883,0.6463355573317774,0.008877428548768076,0.044673356313974066,0.29567494876971934,0.0,0.00443870903576119,1,1,0,0,0,0,0,0,0.6976031843338013,697603.1843338013
Y2023_LAT23.80645_LON90.25682,2023,90.25681978070311,23.806447367020546,1.0,0.0,0.0,0.0,0.0,0.0,1,1,0,0,0,0,0,0,0.9988708167648316,998870.8167648315
Y2023_LAT23.80662_LON90.26663,2023,90.26662566907555,23.80662154980031,0.8619996896369094,0.054700071281049145,0.07750021859961864,0.005800020482422833,0.0,0.0,1,1,0,0,0,0,0,0,0.9988845842590331,998884.5842590332
Y2023_LAT23.8068_LON90.27643,2023,90.27643165109296,23.806795110431324,0.27170047542788267,0.13839994205172226,0.38199967980987426,0.2078999027105208,0.0,0.0,3,0,0,1,0,0,0,1,0.9988982985076904,998898.2985076904
Y2023_LAT23.80697_LON90.28624,2023,90.28623772619403,23.80696804893316,0.747100436582627,0.0021999854403154913,0.1268995798009979,0.12379999817605962,0.0,0.0,1,1,0,0,0,0,0,0,0.9989119661178589,998911.9661178589
Y2023_LAT23.80714_LON90.29604,2023,90.29604389431331,23.80714036519484,0.6473991369164954,0.004500027751267172,0.18660080846787894,0.16150002686435846,0.0,0.0,1,1,0,0,0,0,0,0,0.9989255854187011,998925.5854187012
Y2023_LAT23.80731_LON90.30585,2023,90.3058501548795,23.807312059403436,0.34809954542641974,0.00830003232442721,0.3688000263784412,0.2465004741190602,0.0,0.028299921751651618,3,0,0,1,0,0,0,1,0.9989391535263061,998939.1535263062
Y2023_LAT23.80748_LON90.31566,2023,90.31565650773749,23.807483131377893,0.01369991616689758,0.0386998716435673,0.4153001744468492,0.5216000311292088,0.002900012272440345,0.007799994341036721,4,0,0,0,1,0,0,0,0.9989526738433838,998952.6738433838
Y2023_LAT23.80765_LON90.32546,2023,90.32546295242372,23.807653581111232,0.0,0.0008000038607663735,0.697799887557191,0.16749986122657698,0.13390024735546563,0.0,3,0,0,1,0,0,0,0,0.9989661453704834,998966.1453704834
Y2023_LAT23.80782_LON90.33527,2023,90.33526948874122,23.80782340866654,0.3550002582620816,0.017000014073649223,0.18359937966647036,0.30530070118571995,0.1195996328685102,0.01950001394356882,1,1,0,0,0,0,0,1,0.9989795685806274,998979.5685806274
Y2023_LAT23.80799_LON90.34508,2023,90.34507611620025,23.80799261389139,0.6618005152474318,0.12419977801665308,0.0,0.21399970673591517,0.0,0.0,1,1,0,0,0,0,0,0,0.9989929389953613,998992.9389953613
Y2023_LAT23.80816_LON90.35488,2023,90.35488283462158,23.808161196892865,0.9179002608771805,0.08209973912281958,0.0,0.0,0.0,0.0,1,1,0,0,0,0,0,0,0.9990062643661499,999006.2643661499
Y2023_LAT23.80833_LON90.36469,2023,90.36468964352085,23.808329157484692,0.9845000235297954,0.015499976470204646,0.0,0.0,0.0,0.0,1,1,0,0,0,0,0,0,0.9990195391616822,999019.5391616821
Y2023_LAT23.8085_LON90.3745,2023,90.37449654264427,23.808496495836255,1.0,0.0,0.0,0.0,0.0,0.0,1,1,0,0,0,0,0,0,0.9990327639770508,999032.7639770508
Y2023_LAT23.80866_LON90.3843,2023,90.3843035316802,23.808663211747557,0.9983999951529929,0.0005000012617246951,0.0,0.001100003585282449,0.0,0.0,1,1,0,0,0,0,0,0,0.9990459408721923,999045.9408721924
Y2023_LAT23.80883_LON90.39411,2023,90.39411061027911,23.80882930532484,0.8788000207520305,0.04470000203276367,0.0,0.07649997721520582,0.0,0.0,1,1,0,0,0,0,0,0,0.9990590691299438,999059.0691299438
Y2023_LAT23.80899_LON90.40392,2023,90.40391777799685,23.80899477641592,0.9827999313251684,0.0015000053171627008,0.0,0.015700063357668884,0.0,0.0,1,1,0,0,0,0,0,0,0.9990721471939087,999072.1471939087
Y2023_LAT23.80916_LON90.41373,2023,90.41372503467097,23.809159625194418,0.9757999115419418,0.0008000007957658272,0.0,0.023400087662292398,0.0,0.0,1,1,0,0,0,0,0,0,0.999085176399231,999085.176399231
Y2023_LAT23.80932_LON90.42353,2023,90.42353237991689,23.80932385149931,0.9984999905477462,0.0014000088134491525,0.0,0.00010000063880470957,0.0,0.0,1,1,0,0,0,0,0,0,0.9990981556777954,999098.1556777954
Y2023_LAT23.80949_LON90.43334,2023,90.43333981333951,23.80948745529724,0.9982000112404834,0.0017999887595165447,0.0,0.0,0.0,0.0,1,1,0,0,0,0,0,0,0.9991110865402222,999111.0865402222
Y2023_LAT23.80965_LON90.44315,2023,90.44314733453504,23.809650436574852,0.715098973319052,0.02590014363698777,0.2590008830439602,0.0,0.0,0.0,1,1,0,0,0,0,0,0,0.999123968383789,999123.9683837891
Y2023_LAT23.80981_LON90.45295,2023,90.45295494343091,23.80981279535805,0.17559954117508228,0.7613006361664914,0.05659980763089388,0.0017000077512075893,0.0,0.0048000072763248625,2,0,1,0,0,0,0,0,0.9991368009262085,999136.8009262085
Y2023_LAT23.80997_LON90.46276,2023,90.46276263939755,23.80997453160247,0.004599975691597288,0.9758000654702416,0.013999935643771892,0.0,0.0,0.005600023194389233,2,0,1,0,0,0,0,0,0.9991495819778442,999149.5819778442
Y2023_LAT23.81014_LON90.47257,2023,90.47257042239056,23.81013564529753,0.004199999925169249,0.7069999846978751,0.04309989087385853,0.018500020815165875,0.0,0.22720010368793117,2,0,1,0,0,0,0,0,0.9991623229980469,999162.3229980469
Y2023_LAT23.8103_LON90.48238,2023,90.48237829174252,23.810296136432793,0.018925729551446526,0.673339392086209,0.0,0.18017783122723618,0.0022973466219226722,0.1252597005131857,2,0,1,0,0,0,0,0,0.9133453850784302,913345.3850784302
Y2023_LAT23.81046_LON90.49219,2023,90.49218624744012,23.810456004957235,0.0,0.0,0.0,0.0,0.0,0.0,1,1,0,0,0,0,0,1,0.0,0.0
Y2023_LAT23.81387_LON90.16838,2023,90.16837526889276,23.813873164051003,0.33070889387232566,0.0,0.6692911061276744,0.0,0.0,0.0,3,0,0,1,0,0,0,0,0.012684135070800781,12684.135070800781
Y2023_LAT23.81405_LON90.17818,2023,90.17818097601702,23.814053020972818,1.0,0.0,0.0,0.0,0.0,0.0,1,1,0,0,0,0,0,0,0.00649189047241211,6491.890472412109
Y2023_LAT23.81423_LON90.18799,2023,90.1879867797294,23.81423225578895,0.0,0.0,1.0,0.0,0.0,0.0,3,0,0,1,0,0,0,0,0.008689298416137695,8689.298416137695
Y2023_LAT23.81529_LON90.24682,2023,90.24682361169884,23.81529459808003,0.6666672238597537,0.0003115257190609249,0.027258452423875482,0.3057627979973098,0.0,0.0,1,1,0,0,0,0,0,0,0.6412677857971192,641267.7857971191
Y2023_LAT23.81547_LON90.25663,2023,90.25663008222348,23.81546947719915,0.894199926492259,0.011600066023453733,0.0,0.0942000074842873,0.0,0.0,1,1,0,0,0,0,0,0,0.9988708199768066,998870.8199768066
Y2023_LAT23.81564_LON90.26644,2023,90.26643664668188,23.815643733920812,0.8671998820981783,0.00039999729432397315,0.011200073470634172,0.12120004713686357,0.0,0.0,1,1,0,0,0,0,0,0,0.9988845871505737,998884.5871505737
Y2023_LAT23.81582_LON90.27624,2023,90.27624330468434,23.81581736828319,0.33620047364059846,0.0,0.5021993894778866,0.16160013688151495,0.0,0.0,3,0,0,1,0,0,0,0,0.998898302230835,998898.302230835
Y2023_LAT23.81599_LON90.28605,2023,90.28605005590951,23.815990380239477,0.7349004486421525,0.007900035804850334,0.24709954412017526,0.01009997143282184,0.0,0.0,1,1,0,0,0,0,0,0,0.9989119692382813,998911.9692382812
Y2023_LAT23.81616_LON90.29586,2023,90.29585690010072,23.81616276984901,0.6058995301013974,0.007899961600772209,0.38310052097918,0.0030999873186503936,0.0,0.0,1,1,0,0,0,0,0,0,0.9989255877685547,998925.5877685547
Y2023_LAT23.81633_LON90.30566,2023,90.3056638368472,23.81633453695183,0.5518003635899035,0.0005000002247753472,0.4443996328428371,0.0033000033424839927,0.0,0.0,1,1,0,0,0,0,0,0,0.9989391566390992,998939.1566390991
Y2023_LAT23.81651_LON90.31547,2023,90.3154708659422,23.816505681581,0.15109917745512572,0.0,0.68150057226692,0.15560017907570917,0.011800071202245046,0.0,3,0,0,1,0,0,0,0,0.9989526775512695,998952.6775512695
Y2023_LAT23.81668_LON90.32528,2023,90.32527798681842,23.81667620381214,0.0,0.0,0.9074003792984462,0.03459986589300307,0.057999754808550706,0.0,3,0,0,1,0,0,0,0,0.9989661485748291,998966.1485748291
Y2023_LAT23.81685_LON90.33509,2023,90.33508519938587,23.81684610342066,0.05510029802752522,0.018400074485925816,0.6653988693836688,0.20450082470130945,0.056599933401570754,0.0,3,0,0,1,0,0,0,0,0.9989795709457397,998979.5709457397
Y2023_LAT23.81702_LON90.34489,2023,90.34489250309701,23.81701538055114,0.30169934235338053,0.5394009545020438,0.0,0.1588997031445757,0.0,0.0,2,0,1,0,0,0,0,0,0.9989929389953613,998992.9389953613
Y2023_LAT23.81718_LON90.3547,2023,90.3546998977826,23.817184035140357,0.8297008298026171,0.16129921448724488,0.0,0.008999955710138114,0.0,0.0,1,1,0,0,0,0,0,0,0.9990062674560547,999006.2674560547
Y2023_LAT23.81735_LON90.36451,2023,90.36450738306544,23.817352067193895,1.0,0.0,0.0,0.0,0.0,0.0,1,1,0,0,0,0,0,0,0.9990195421295166,999019.5421295166
Y2023_LAT23.81752_LON90.37431,2023,90.37431495851645,23.817519476542795,1.0,0.0,0.0,0.0,0.0,0.0,1,1,0,0,0,0,0,0,0.9990327677993774,999032.7677993774
Y2023_LAT23.81769_LON90.38412,2023,90.38412262389322,23.817686263292853,0.9945999924481479,0.003500004428740035,0.0,0.0019000031231120689,0.0,0.0,1,1,0,0,0,0,0,0,0.9990459443664551,999045.9443664551
Y2023_LAT23.81785_LON90.39393,2023,90.39393037889359,23.81785242739153,0.9859999977697521,0.005099970683957436,0.0,0.008900031546290483,0.0,0.0,1,1,0,0,0,0,0,0,0.999059071105957,999059.071105957
Y2023_LAT23.81802_LON90.40374,2023,90.40373822309905,23.818017968948304,0.9539998578177373,0.015400069461100232,0.0,0.030600072721162438,0.0,0.0,1,1,0,0,0,0,0,0,0.9990721492233277,999072.1492233276
Y2023_LAT23.81818_LON90.41355,2023,90.41354615625141,23.818182887687353,0.7928002576699811,0.18539983324247075,0.0,0.021799909087548204,0.0,0.0,1,1,0,0,0,0,0,0,0.9990851786117554,999085.1786117554
Y2023_LAT23.81835_LON90.42335,2023,90.42335417790741,23.81834718371926,0.9945000210097884,0.0,0.0,0.005499978990211567,0.0,0.0,1,1,0,0,0,0,0,0,0.9990981574478149,999098.1574478149
Y2023_LAT23.81851_LON90.43316,2023,90.43316228784003,23.81851085705533,1.0,0.0,0.0,0.0,0.0,0.0,1,1,0,0,0,0,0,0,0.9991110893020629,999111.089302063
Y2023_LAT23.81867_LON90.44297,2023,90.44297048569636,23.8186739076418,0.9930000003781236,0.006999999621876394,0.0,0.0,0.0,0.0,1,1,0,0,0,0,0,0,0.9991239705963135,999123.9705963135
Y2023_LAT23.81884_LON90.45278,2023,90.45277877102127,23.818836335449905,0.8306993987556419,0.1693006012443581,0.0,0.0,0.0,0.0,1,1,0,0,0,0,0,0,0.9991368037109375,999136.8037109375
Y2023_LAT23.819_LON90.46259,2023,90.46258714368346,23.81899814041967,0.2507996564817288,0.7342003037982515,0.015000039720019627,0.0,0.0,0.0,2,0,1,0,0,0,0,0,0.9991495855941772,999149.5855941772
Y2023_LAT23.81916_LON90.4724,2023,90.47239560318073,23.81915932249695,0.1371996786173099,0.6477995733028885,0.06260015503171522,0.007300030541633091,0.03300018399137433,0.112100378515079,2,0,1,0,0,0,0,0,0.999162327178955,999162.3271789551
Y2023_LAT23.81932_LON90.4822,2023,90.48220414927536,23.81931988179996,0.2882003879935468,0.34429955555147285,0.10839991027578576,0.1310004213255652,0.06619975588904102,0.06189996896458837,2,0,1,0,0,0,0,1,0.999175005531311,999175.005531311
Y2023_LAT23.81948_LON90.49201,2023,90.49201278165333,23.81947981821177,0.2496857944306224,0.38930789260067666,0.08050309893857197,0.17547174060291718,0.10503147342721182,0.0,2,0,1,0,0,0,0,1,0.15887009790039064,158870.09790039062
Y2023_LAT23.82289_LON90.16818,2023,90.16817939044108,23.822894584165926,0.014206779341523779,0.0,0.9431728574320475,0.04262036322642871,0.0,0.0,3,0,0,1,0,0,0,0,0.1265417412261963,126541.74122619629
Y2023_LAT23.82307_LON90.17799,2023,90.17798577362288,23.823074517538494,0.11557083013417165,0.0011467880669998101,0.8775484749569071,0.0057339068419214,0.0,0.0,3,0,0,1,0,0,0,0,0.7838260447616577,783826.0447616577
Y2023_LAT23.82325_LON90.18779,2023,90.18779225350889,23.823253828431376,0.030508855205476682,0.0,0.9694911447945234,0.0,0.0,0.0,3,0,0,1,0,0,0,0,0.8675339437561035,867533.9437561035
Y2023_LAT23.82343_LON90.1976,2023,90.19759882957575,23.823432516997453,0.005240730615577815,0.0,0.9947592693844222,0.0,0.0,0.0,3,0,0,1,0,0,0,0,0.30492857583618166,304928.57583618164
Y2023_LAT23.82432_LON90.24663,2023,90.24663314295388,23.824316621992267,0.504346705295082,0.09457562461181442,0.0,0.40107767009310363,0.0,0.0,1,1,0,0,0,0,0,0,0.5745442405471802,574544.2405471802
Y2023_LAT23.82449_LON90.25644,2023,90.25644028981523,23.824491575335806,0.9624002258296478,0.0010999998388759847,0.0,0.03649977433147627,0.0,0.0,1,1,0,0,0,0,0,0,0.9988708225250245,998870.8225250244
Y2023_LAT23.82467_LON90.26625,2023,90.26624753061103,23.824665906121677,0.9970999994381023,0.0,0.0013000086836153968,0.0015999918782822547,0.0,0.0,1,1,0,0,0,0,0,0,0.9988845889205933,998884.5889205933
Y2023_LAT23.82484_LON90.27605,2023,90.27605486501137,23.824839614227137,0.7176998008673752,0.08330002883749825,0.0808999194255535,0.1181002508695731,0.0,0.0,1,1,0,0,0,0,0,0,0.9988983057556152,998898.3057556152
Y2023_LAT23.82501_LON90.28586,2023,90.2858622927241,23.82501269965501,0.8587000201436982,0.018099990122097877,0.0537999013749732,0.06940008835923088,0.0,0.0,1,1,0,0,0,0,0,0,0.9989119721755981,998911.9721755981
Y2023_LAT23.82519_LON90.29567,2023,90.29566981343716,23.825185162441457,0.8164000739515489,0.00029999804833646547,0.16729990533012792,0.01600002266998671,0.0,0.0,1,1,0,0,0,0,0,0,0.9989255913696289,998925.5913696289
Y2023_LAT23.82536_LON90.30548,2023,90.30547742655001,23.82535700253232,0.6958002985320756,0.03899999097944431,0.12179971843218541,0.14339999205629467,0.0,0.0,1,1,0,0,0,0,0,0,0.9989391600952149,998939.1600952148
Y2023_LAT23.82553_LON90.31529,2023,90.31528513220435,23.825528219882454,0.3390987584272745,0.03739987664266513,0.6235013649300604,0.0,0.0,0.0,3,0,0,1,0,0,0,0,0.9989526799163818,998952.6799163818
Y2023_LAT23.8257_LON90.32509,2023,90.32509292964225,23.825698814482774,0.006099975220273087,0.009299945301218757,0.884899912947992,0.09320013451600705,0.006500032014509134,0.0,3,0,0,1,0,0,0,0,0.9989661514663696,998966.1514663696
Y2023_LAT23.82587_LON90.3349,2023,90.33490081871678,23.82586878634034,0.05350025979700234,0.008400046013109019,0.6427997064638651,0.2702999945021184,0.024999993223905195,0.0,3,0,0,1,0,0,0,0,0.998979573135376,998979.573135376
Y2023_LAT23.82604_LON90.34471,2023,90.34470879908258,23.82603813541711,0.6948000667610831,0.1323004165467598,0.00879994419809498,0.16409957249406218,0.0,0.0,1,1,0,0,0,0,0,0,0.9989929413375854,998992.9413375854
Y2023_LAT23.82621_LON90.35452,2023,90.3545168704309,23.826206861579013,0.8856003704210892,0.1094996542569269,0.0,0.004899975321983989,0.0,0.0,1,1,0,0,0,0,0,0,0.999006270401001,999006.270401001
Y2023_LAT23.82637_LON90.36433,2023,90.36432503228613,23.826374964926323,0.9517998322796983,0.04300014389706614,0.0,0.0032000144636560716,0.0,0.002000009359579485,1,1,0,0,0,0,0,0,0.9990195443115234,999019.5443115234
Y2023_LAT23.82654_LON90.37413,2023,90.37413328450373,23.826542445427858,0.9973000117889768,0.0026999882110231898,0.0,0.0,0.0,0.0,1,1,0,0,0,0,0,0,0.9990327699737549,999032.7699737549
Y2023_LAT23.82671_LON90.38394,2023,90.38394162658005,23.82670930307954,0.9461000791026287,0.03389995773977182,0.0,0.01999996315759941,0.0,0.0,1,1,0,0,0,0,0,0,0.9990459466552735,999045.9466552734
Y2023_LAT23.82688_LON90.39375,2023,90.39375005825224,23.826875537835253,0.9625998257510484,0.0002000011289751861,0.0,0.0372001731199764,0.0,0.0,1,1,0,0,0,0,0,0,0.9990590729598999,999059.0729598999
Y2023_LAT23.82704_LON90.40356,2023,90.40355857929806,23.827041149533837,0.7646994787228658,0.05400025311916425,0.14230036452666722,0.038999903631302776,0.0,0.0,1,1,0,0,0,0,0,0,0.999072150894165,999072.150894165
Y2023_LAT23.82721_LON90.41337,2023,90.4133671891908,23.82720613841696,0.48050132863105977,0.33839884380250657,0.001699991042748735,0.15649991887410303,0.0,0.022899917649581925,1,1,0,0,0,0,0,1,0.9990851816101074,999085.1816101074
Y2023_LAT23.82737_LON90.42318,2023,90.4231758877953,23.827370504220717,0.9937999633613335,0.006100036939687236,0.0,9.999969897932137e-05,0.0,0.0,1,1,0,0,0,0,0,0,0.9990981613006592,999098.1613006592
Y2023_LAT23.82753_LON90.43298,2023,90.43298467440856,23.827534247061728,0.9930000148651424,0.003399978779611155,0.0,0.003600006355246395,0.0,0.0,1,1,0,0,0,0,0,0,0.9991110923461914,999111.0923461914
Y2023_LAT23.8277_LON90.44279,2023,90.442793549186,23.82769736684151,0.9048001488076605,0.08899986193686094,0.004799980652692356,0.0,0.0,0.0014000086027862093,1,1,0,0,0,0,0,0,0.9991239733200074,999123.9733200073
Y2023_LAT23.82786_LON90.4526,2023,90.45260251149202,23.827859863599773,0.944399740521824,0.013300058884527007,0.0,0.0,0.0,0.04230020059364901,1,1,0,0,0,0,0,0,0.9991368066024781,999136.806602478
Y2023_LAT23.82802_LON90.46241,2023,90.46241156103278,23.828021737310443,0.5524996688387269,0.3982004397258565,0.02140003471879373,0.0,0.0,0.02789985671662303,1,1,0,0,0,0,0,0,0.9991495892562866,999149.5892562866
Y2023_LAT23.82818_LON90.47222,2023,90.47222069746103,23.828182987928958,0.8505002029765841,0.0703997914175985,0.011300047944203489,0.0438999062466594,0.0021000126888227146,0.021800038726131746,1,1,0,0,0,0,0,0,0.9991623296966553,999162.3296966553
Y2023_LAT23.82834_LON90.48203,2023,90.48202992058056,23.82834361542162,0.8217782792566491,0.08592060383789187,0.0,0.08560187313113174,0.006699243774327249,0.0,1,1,0,0,0,0,0,0,0.9396239306716919,939623.9306716919
Y2023_LAT23.8285_LON90.49184,2023,90.49183922986218,23.828503619784502,0.6049021774068237,0.006862746935684726,0.0,0.38823507565749166,0.0,0.0,1,1,0,0,0,0,0,0,0.10191665102386474,101916.65102386475
Y2023_LAT23.83155_LON90.14837,2023,90.14836958692833,23.831554104874208,0.16471045620910374,0.006475099024095469,0.7656821207924723,0.06313232397432861,0.0,0.0,3,0,0,1,0,0,0,0,0.24678404809570312,246784.04809570312
Y2023_LAT23.83174_LON90.15818,2023,90.15817645223937,23.83173535987494,0.3138573681522242,0.0,0.6861426318477758,0.0,0.0,0.0,3,0,0,1,0,0,0,0,0.4785912795791626,478591.2795791626
Y2023_LAT23.83192_LON90.16798,2023,90.1679834149831,23.83191599233053,0.3573558451889975,0.007664149582880466,0.5708069187147927,0.0641730865133293,0.0,0.0,3,0,0,1,0,0,0,0,0.8731030589904785,873103.0589904785
Y2023_LAT23.8321_LON90.17779,2023,90.17779047460897,23.832096002084114,0.15699957811659698,0.0,0.8418004295303629,0.001199992353040129,0.0,0.0,3,0,0,1,0,0,0,0,0.9987589331207275,998758.9331207275
Y2023_LAT23.83228_LON90.1876,2023,90.18759763098288,23.83227538919579,0.15390015810445332,0.0,0.8364998598687823,0.009599982026764403,0.0,0.0,3,0,0,1,0,0,0,0,0.9987730915527344,998773.0915527344
Y2023_LAT23.83245_LON90.1974,2023,90.197404883615,23.83245415351192,0.2067759786086395,0.0,0.76880819924958,0.024415822141780532,0.0,0.0,3,0,0,1,0,0,0,0,0.854961383720398,854961.383720398
Y2023_LAT23.83263_LON90.20721,2023,90.2072122322437,23.83263229513139,0.40937124263341473,0.0,0.5906287573665853,0.0,0.0,0.0,3,0,0,1,0,0,0,0,0.1620048981704712,162004.8981704712
Y2023_LAT23.83299_LON90.22683,2023,90.22682721609769,23.83298671014301,0.698663467737966,0.0,0.30133653226203405,0.0,0.0,0.0,1,1,0,0,0,0,0,0,0.20915537764739991,209155.3776473999
Y2023_LAT23.83316_LON90.23663,2023,90.23663485065207,23.833162983466416,1.0,0.0,0.0,0.0,0.0,0.0,1,1,0,0,0,0,0,0,0.5516612175750732,551661.2175750732
Y2023_LAT23.83334_LON90.24644,2023,90.24644257992824,23.83333863396304,0.6847668662984199,0.02365364948328849,0.0,0.2915794842182916,0.0,0.0,1,1,0,0,0,0,0,0,0.6714328807449341,671432.8807449341
Y2023_LAT23.83351_LON90.25625,2023,90.25625040340556,23.833513661644123,0.9944000010080597,0.005599998991940337,0.0,0.0,0.0,0.0,1,1,0,0,0,0,0,0,0.9988708250579834,998870.8250579834
Y2023_LAT23.83369_LON90.26606,2023,90.26605832095383,23.833688066342177,0.9751999352738426,0.000599999796854403,0.0,0.024200064929302975,0.0,0.0,1,1,0,0,0,0,0,0,0.9988845901107788,998884.5901107788
Y2023_LAT23.83386_LON90.27587,2023,90.27586633211241,23.83386184824758,0.7563000560667648,0.12090015585970287,0.02340006440348907,0.09939972367004331,0.0,0.0,1,1,0,0,0,0,0,0,0.99889830884552,998898.30884552
Y2023_LAT23.83404_LON90.28567,2023,90.28567443656736,23.83403500725343,0.7601995538010262,0.0460001444037274,0.12190006125808554,0.0426001556109376,0.029300084926222946,0.0,1,1,0,0,0,0,0,0,0.9989119750823975,998911.9750823975
Y2023_LAT23.83421_LON90.29548,2023,90.2954826340372,23.834207543222686,0.8071004661737374,0.030399899627034148,0.13979972964762072,0.018899929569475185,0.003799974982132488,0.0,1,1,0,0,0,0,0,0,0.9989255937652588,998925.5937652588
Y2023_LAT23.83438_LON90.30529,2023,90.30529092407066,23.834379456264415,0.5005000428164709,0.00570000915882339,0.4897999689079435,0.003999979116762281,0.0,0.0,1,1,0,0,0,0,0,0,0.9989391618804931,998939.1618804932
Y2023_LAT23.83455_LON90.3151,2023,90.31509930648197,23.834550746337584,0.9062999919814878,0.013499977056151656,0.041000051395693085,0.039199979566667466,0.0,0.0,1,1,0,0,0,0,0,0,0.9989526837081909,998952.6837081909
Y2023_LAT23.83472_LON90.32491,2023,90.32490778084068,23.834721413344035,0.4060987830048436,0.06969989021948805,0.4315012838486293,0.09270004292703908,0.0,0.0,3,0,0,1,0,0,0,1,0.9989661543502808,998966.1543502808
Y2023_LAT23.83489_LON90.33472,2023,90.33471634680083,23.834891457379513,0.12810071399669662,0.004700026468951405,0.6971987599017423,0.16950049800166533,0.0005000016309443463,0.0,3,0,0,1,0,0,0,0,0.998979575302124,998979.575302124
Y2023_LAT23.83506_LON90.34453,2023,90.3445250041786,23.835060878266724,0.3045993078626366,0.03599989681020638,0.018799922055007787,0.6394008743712969,0.0011999989008523331,0.0,4,0,0,0,1,0,0,0,0.9989929512176514,998992.9512176514
Y2023_LAT23.83523_LON90.35433,2023,90.3543337523925,23.835229676143097,0.9104997525225458,0.013300048770139312,0.0,0.07620019870731494,0.0,0.0,1,1,0,0,0,0,0,0,0.9990062730560303,999006.2730560303
Y2023_LAT23.8354_LON90.36414,2023,90.36414259131713,23.835397850949132,0.81219983326937,0.06460011066822942,0.0017000012591378152,0.09429991064936566,0.0,0.027200144153897148,1,1,0,0,0,0,0,0,0.9990195470657348,999019.5470657349
Y2023_LAT23.83557_LON90.37395,2023,90.37395152049466,23.8355654025433,0.9870000629205921,0.004399980656348282,0.0,0.002599994284402445,0.0,0.005999962138657198,1,1,0,0,0,0,0,0,0.9990327730331421,999032.7730331421
Y2023_LAT23.83573_LON90.38376,2023,90.38376053961815,23.83573233096978,0.9869000266383728,0.0,0.0,0.013099973361627108,0.0,0.0,1,1,0,0,0,0,0,0,0.9990459489974975,999045.9489974976
Y2023_LAT23.8359_LON90.39357,2023,90.39356964845436,23.835898636245652,0.7248993125050922,0.08480026337423097,0.0263001356388799,0.1640002884817969,0.0,0.0,1,1,0,0,0,0,0,0,0.999059076713562,999059.076713562
Y2023_LAT23.83606_LON90.40338,2023,90.40337884655563,23.83606431840792,0.20879979064167317,0.6624000545882105,0.09730006013402993,0.004899992280948266,0.0,0.026600102355138183,2,0,1,0,0,0,0,0,0.9990721547851562,999072.1547851562
Y2023_LAT23.83623_LON90.41319,2023,90.41318813352635,23.83622937723867,0.6166010748168804,0.1294993438659526,0.0024999850153979947,0.027999933940971992,0.0,0.22339966236079714,1,1,0,0,0,0,0,0,0.9990851845245361,999085.1845245361
Y2023_LAT23.83639_LON90.423,2023,90.42299750926796,23.83639381286551,0.9865000652533172,0.013199936681236047,0.0,0.0,0.0,0.00029999806544666344,1,1,0,0,0,0,0,0,0.9990981632766723,999098.1632766724
Y2023_LAT23.83656_LON90.43281,2023,90.43280697316571,23.836557625216,0.7783991054478332,0.006800032393192675,0.1911008073145943,0.023700054844379818,0.0,0.0,1,1,0,0,0,0,0,0,0.9991110946807862,999111.0946807861
Y2023_LAT23.83672_LON90.44262,2023,90.44261652508888,23.836720814273363,0.6475010551039657,0.04919992598641654,0.2513989667577035,0.05190005215191425,0.0,0.0,1,1,0,0,0,0,0,0,0.9991239751815796,999123.9751815796
Y2023_LAT23.83688_LON90.45243,2023,90.45242616467249,23.836883380054967,0.8301995997988572,0.0241999962352803,0.09680038862514877,0.04319998314213791,0.0,0.005600032198575981,1,1,0,0,0,0,0,0,0.9991368093643188,999136.8093643188
Y2023_LAT23.83705_LON90.46224,2023,90.46223589141553,23.837045322543688,0.46019932155823023,0.49610064780973173,0.014499942760531043,0.0040000159548217624,0.0,0.025200071916685222,2,0,1,0,0,0,0,1,0.9991495924911499,999149.5924911499
Y2023_LAT23.83721_LON90.47205,2023,90.47204570518304,23.837206641628736,0.7341997132925072,0.0584984379401467,0.020965362122461195,0.17529131495954384,0.0,0.011045171685340922,1,1,0,0,0,0,0,0,0.9769808027877808,976980.8027877808
Y2023_LAT23.83737_LON90.48186,2023,90.48185560564076,23.837367337295152,0.6073106990738372,0.12167111404894487,0.0,0.251174856235376,0.0,0.01984333064184197,1,1,0,0,0,0,0,0,0.19134119912719727,191341.19912719727
Y2023_LAT23.84058_LON90.14817,2023,90.14817216103816,23.84057534732791,0.4081507340347649,0.0,0.5818111250063307,0.010038140958904396,0.0,0.0,3,0,0,1,0,0,0,0,0.49746220937347413,497462.2093734741
Y2023_LAT23.84076_LON90.15798,2023,90.15797970307277,23.8407566793346,0.4497008951786711,0.0,0.5486991019857589,0.0016000028355700488,0.0,0.0,3,0,0,1,0,0,0,0,0.9987304726028442,998730.4726028442
Y2023_LAT23.84094_LON90.16779,2023,90.16778734254447,23.840937388387445,0.8232998942766689,0.0,0.16790004812526702,0.008800057598064135,0.0,0.0,1,1,0,0,0,0,0,0,0.9987447287673951,998744.728767395
Y2023_LAT23.84112_LON90.1776,2023,90.17759507896123,23.841117474552508,0.6776002426455107,0.0017999923629493154,0.27339982834382137,0.04719993664771867,0.0,0.0,1,1,0,0,0,0,0,0,0.9987589380950928,998758.9380950928
Y2023_LAT23.8413_LON90.1874,2023,90.18740291206971,23.841296937759036,0.7368992165243208,0.012100070682716273,0.23500077308446427,0.015999939708498796,0.0,0.0,1,1,0,0,0,0,0,0,0.9987730955276489,998773.0955276489
Y2023_LAT23.84148_LON90.19721,2023,90.19721084159713,23.841475777990155,0.42119975798721604,0.029899926076351405,0.5139002452730728,0.03500007066335985,0.0,0.0,3,0,0,1,0,0,0,0,0.998787204032898,998787.204032898
Y2023_LAT23.84165_LON90.20702,2023,90.20701886710472,23.84165399525762,0.4262620903123526,0.0015545666989870862,0.5266865082772971,0.04549683471136313,0.0,0.0,3,0,0,1,0,0,0,0,0.963743245300293,963743.245300293
Y2023_LAT23.84183_LON90.21683,2023,90.21682698822377,23.84183158947361,0.48472863722954324,0.012680609829145671,0.47327520683463675,0.029315546106674337,0.0,0.0,1,1,0,0,0,0,0,1,0.7325311472244262,732531.1472244263
Y2023_LAT23.84201_LON90.22664,2023,90.22663520484046,23.842008560680036,0.47196485166106517,0.0011133567488954184,0.4944319416776785,0.032489849912360945,0.0,0.0,3,0,0,1,0,0,0,1,0.9868433621444702,986843.3621444702
Y2023_LAT23.84218_LON90.23644,2023,90.23644351630509,23.842184908856428,0.9623999278014626,0.00010000053512834035,0.010699942975522955,0.026800128687886202,0.0,0.0,1,1,0,0,0,0,0,0,0.998843150390625,998843.150390625
Y2023_LAT23.84236_LON90.24625,2023,90.24625192253338,23.84236063387516,0.8496247582705184,0.0,0.0,0.15037524172948155,0.0,0.0,1,1,0,0,0,0,0,0,0.9963598748168946,996359.8748168945
Y2023_LAT23.84254_LON90.25606,2023,90.25606042303819,23.842535735804308,1.0,0.0,0.0,0.0,0.0,0.0,1,1,0,0,0,0,0,0,0.9988708284072876,998870.8284072876
Y2023_LAT23.84271_LON90.26587,2023,90.26586901766919,23.84271021459621,0.9129998416385172,0.07270012411188828,0.0,0.014300034249594518,0.0,0.0,1,1,0,0,0,0,0,0,0.9988845909729004,998884.5909729004
Y2023_LAT23.84288_LON90.27568,2023,90.27567770591823,23.842884070255604,0.9997000020226858,0.0,0.0,0.00029999797731417076,0.0,0.0,1,1,0,0,0,0,0,0,0.9988983109893799,998898.3109893799
Y2023_LAT23.84306_LON90.28549,2023,90.28548648737947,23.843057302676108,0.7750002203216161,0.08279972983285583,0.138400024786728,0.003800025058799859,0.0,0.0,1,1,0,0,0,0,0,0,0.9989119782028199,998911.9782028198
Y2023_LAT23.84323_LON90.2953,2023,90.29529536205294,23.843229911966674,0.6319008451909508,0.13509990723379797,0.18799928926742251,0.044999958307828755,0.0,0.0,1,1,0,0,0,0,0,0,0.9989255960769653,998925.5960769653
Y2023_LAT23.8434_LON90.3051,2023,90.3051043292476,23.843401897972704,0.3150996198075224,0.38260060776523863,0.28729973345611054,0.015000038971128603,0.0,0.0,2,0,1,0,0,0,0,1,0.9989391654434204,998939.1654434204
Y2023_LAT23.84357_LON90.31491,2023,90.31491338880836,23.84357326075308,0.7446010780715983,0.20869912058928114,0.04449980216519173,0.0021999991739288503,0.0,0.0,1,1,0,0,0,0,0,0,0.9989526858291626,998952.6858291626
Y2023_LAT23.84374_LON90.32472,2023,90.32472254042095,23.843744000271027,0.3289990268649413,0.030599934886926798,0.5588011936349615,0.08149984463010913,9.999998306125388e-05,0.0,3,0,0,1,0,0,0,0,0.998966157371521,998966.157371521
Y2023_LAT23.84391_LON90.33453,2023,90.33453178363415,23.843914116423864,0.10400036716317464,0.0,0.8135993023211663,0.08240033051565906,0.0,0.0,3,0,0,1,0,0,0,0,0.9989795778198243,998979.5778198242
Y2023_LAT23.84408_LON90.34434,2023,90.34434111824926,23.844083609322155,0.1940992020124141,0.0023999910536798732,0.01189993319322299,0.7776008463516662,0.014000027389016874,0.0,4,0,0,0,1,0,0,0,0.9989929562606812,998992.9562606812
Y2023_LAT23.84425_LON90.35415,2023,90.3541505437578,23.84425247880271,0.36420087757124336,0.10350014374810881,0.0014999997345460873,0.5238989425061689,0.006300036686634946,0.0005999997532979369,4,0,0,0,1,0,0,0,0.9990062752227783,999006.2752227783
Y2023_LAT23.84442_LON90.36396,2023,90.36396005998247,23.844420724846596,0.5553007577985546,0.12260016016747015,0.02719991717883218,0.2906991764554969,0.004199988399646333,0.0,1,1,0,0,0,0,0,0,0.9990195501251221,999019.5501251221
Y2023_LAT23.84459_LON90.37377,2023,90.37376966657563,23.844588347690777,0.800399297762857,0.16980077006855937,0.00010000028714296598,0.0248999034130485,0.0,0.00480002846839225,1,1,0,0,0,0,0,0,0.9990327758789063,999032.7758789062
Y2023_LAT23.84476_LON90.38358,2023,90.38357936302975,23.844755347063185,0.8064007330522479,0.17579928469903533,0.0032999912451157445,0.01449999100360115,0.0,0.0,1,1,0,0,0,0,0,0,0.9990459521331787,999045.9521331787
Y2023_LAT23.84492_LON90.39339,2023,90.39338914935368,23.844921722962663,0.4902986918283847,0.4826012402484964,0.0005000030633453149,0.02110004207564787,0.0,0.0055000227841257255,1,1,0,0,0,0,0,1,0.9990590798797607,999059.0798797607
Y2023_LAT23.84509_LON90.4032,2023,90.40319902480896,23.845087475305515,0.561300762966483,0.38869902759618097,0.0,9.999946090880535e-05,0.0,0.04990020997642736,1,1,0,0,0,0,0,0,0.9990721583709716,999072.1583709717
Y2023_LAT23.84525_LON90.41301,2023,90.41300898926613,23.845252604256814,0.74729982308493,0.037500187126828864,0.0,0.03200011934294119,0.0,0.18319987044529995,1,1,0,0,0,0,0,0,0.9990851864318848,999085.1864318848
Y2023_LAT23.84542_LON90.42282,2023,90.42281904246684,23.845417109739255,0.9618002044159428,0.03259982099185247,0.0,0.004599977835234123,0.0,0.0009999967569706476,1,1,0,0,0,0,0,0,0.9990981650314331,999098.1650314331
Y2023_LAT23.84558_LON90.43263,2023,90.43262918394738,23.84558099160856,0.706599324239215,0.06489993472566968,0.19540057510397385,0.0331001659311414,0.0,0.0,1,1,0,0,0,0,0,0,0.9991110979537964,999111.0979537964
Y2023_LAT23.84574_LON90.44244,2023,90.44243941341043,23.845744249986087,0.5706999854532311,0.003099995503068951,0.2055999702590537,0.22060004878464623,0.0,0.0,1,1,0,0,0,0,0,0,0.9991239779205322,999123.9779205322
Y2023_LAT23.84591_LON90.45225,2023,90.45224973051488,23.845906884744103,0.4154994200000833,0.02720010500406602,0.31960038333985447,0.23770009165599626,0.0,0.0,1,1,0,0,0,0,0,1,0.9991368116455078,999136.8116455078
Y2023_LAT23.84607_LON90.46206,2023,90.46206013489734,23.846068895891545,0.11977691411286877,0.43588211385872627,0.10811907034449232,0.2152063387266454,0.017022574426414732,0.10399298853085248,2,0,1,0,0,0,0,1,0.9684755185241699,968475.5185241699
Y2023_LAT23.84623_LON90.47187,2023,90.47187062631693,23.846230283490918,0.5754841904798408,0.09771370281476308,0.016076340325157278,0.27480528194005194,0.0,0.03592048444018696,1,1,0,0,0,0,0,0,0.39776610844421384,397766.10844421387
Y2023_LAT23.84941_LON90.13817,2023,90.13816651599821,23.849414545645395,0.8469092813146809,0.012131670164673636,0.14095904852064542,0.0,0.0,0.0,1,1,0,0,0,0,0,0,0.17287613026428222,172876.13026428223
Y2023_LAT23.8496_LON90.14797,2023,90.14797463735019,23.849596577685013,0.7215453607433132,0.0,0.2784546392566868,0.0,0.0,0.0,1,1,0,0,0,0,0,0,0.9511775594711304,951177.5594711304
Y2023_LAT23.84978_LON90.15778,2023,90.15778285658293,23.849777986577454,0.3823002162372709,0.0,0.6176997837627292,0.0,0.0,0.0,3,0,0,1,0,0,0,0,0.9987304762802124,998730.4762802124
Y2023_LAT23.84996_LON90.16759,2023,90.16759117304086,23.849958772327916,0.39129929325983326,0.0,0.6087007067401667,0.0,0.0,0.0,3,0,0,1,0,0,0,0,0.9987447327651977,998744.7327651978
Y2023_LAT23.85014_LON90.1774,2023,90.1773995866221,23.850138934900187,0.06990030625048162,0.0,0.9300996937495184,0.0,0.0,0.0,3,0,0,1,0,0,0,0,0.9987589398117065,998758.9398117065
Y2023_LAT23.85032_LON90.18721,2023,90.18720809689493,23.85031847430285,0.5608995956271029,0.010600030052811158,0.3572000100743903,0.07130036424569564,0.0,0.0,1,1,0,0,0,0,0,0,0.9987730988922119,998773.0988922119
Y2023_LAT23.8505_LON90.19702,2023,90.19701670358802,23.850497390412862,0.4133003595273081,0.008399958402092449,0.5304998591705917,0.047799822900007706,0.0,0.0,3,0,0,1,0,0,0,0,0.9987872066574097,998787.2066574097
Y2023_LAT23.85068_LON90.20683,2023,90.20682540628808,23.85067568334006,0.554200150482271,0.0,0.43139979860412153,0.014400050913607493,0.0,0.0,1,1,0,0,0,0,0,0,0.9988012672271729,998801.2672271729
Y2023_LAT23.85085_LON90.21663,2023,90.21663420466585,23.850853352912015,0.2780995357882626,0.0,0.5149997308773016,0.20690073333443587,0.0,0.0,3,0,0,1,0,0,0,0,0.9988152804870606,998815.2804870605
Y2023_LAT23.85103_LON90.22644,2023,90.22644309843818,23.851030399238997,0.19249995442937481,0.0,0.8024000795357198,0.005099966034905453,0.0,0.0,3,0,0,1,0,0,0,0,0.9988292404785156,998829.2404785156
Y2023_LAT23.85121_LON90.23625,2023,90.2362520873236,23.851206822179524,0.495300449683507,0.0,0.4162989939258553,0.08840055639063768,0.0,0.0,1,1,0,0,0,0,0,1,0.9988431528472901,998843.15284729
Y2023_LAT23.85138_LON90.24606,2023,90.24606117078189,23.85138262187051,0.9297004484894353,0.0,0.0,0.07029955151056468,0.0,0.0,1,1,0,0,0,0,0,0,0.9988570172042847,998857.0172042847
Y2023_LAT23.85156_LON90.25587,2023,90.25587034873803,23.85155779805201,1.0,0.0,0.0,0.0,0.0,0.0,1,1,0,0,0,0,0,0,0.9988708315963745,998870.8315963745
Y2023_LAT23.85173_LON90.26568,2023,90.26567962069254,23.851732350916897,0.9805999212216749,0.01940007877832505,0.0,0.0,0.0,0.0,1,1,0,0,0,0,0,0,0.998884598991394,998884.598991394
Y2023_LAT23.85191_LON90.27549,2023,90.27548898628667,23.851906280300767,0.9880000367940145,0.011999963205985512,0.0,0.0,0.0,0.0,1,1,0,0,0,0,0,0,0.9988983131103516,998898.3131103516
Y2023_LAT23.85208_LON90.2853,2023,90.28529844528776,23.85207958628689,0.881599792002088,0.06950011170438782,0.04760009552713778,0.0013000007663863632,0.0,0.0,1,1,0,0,0,0,0,0,0.9989119817733765,998911.9817733765
Y2023_LAT23.85225_LON90.29511,2023,90.29510799736741,23.852252268768797,0.722899408355282,0.22750057997546666,0.04960001166925132,0.0,0.0,0.0,1,1,0,0,0,0,0,0,0.9989255994567872,998925.5994567871
Y2023_LAT23.85242_LON90.30492,2023,90.30491764209752,23.85242432778987,0.5879004471742335,0.24019995708307806,0.1654996019038631,0.006399993838825365,0.0,0.0,1,1,0,0,0,0,0,0,0.9989391692886352,998939.1692886353
Y2023_LAT23.8526_LON90.31473,2023,90.31472737912624,23.852595763293294,0.9547001728146646,0.04529982718533544,0.0,0.0,0.0,0.0,1,1,0,0,0,0,0,0,0.9989526890029907,998952.6890029907
Y2023_LAT23.85277_LON90.32454,2023,90.32453720834886,23.85276657516604,0.4881990614792281,0.07829985990943662,0.32110080015478504,0.11240027845655025,0.0,0.0,1,1,0,0,0,0,0,1,0.9989661597442627,998966.1597442627
Y2023_LAT23.85294_LON90.33435,2023,90.33434712912769,23.852936763576526,0.3856997066687955,0.0,0.5084999829437504,0.08570036306903649,0.0,0.020099947318417587,3,0,0,1,0,0,0,0,0.99897958177948,998979.58177948
Y2023_LAT23.85311_LON90.34416,2023,90.34415714126574,23.853106328323356,0.40079995149693176,0.03950005148079077,0.1083995418747998,0.44450043642846204,0.00680001871901563,0.0,4,0,0,0,1,0,0,1,0.9989929579925537,998992.9579925537
Y2023_LAT23.85328_LON90.35397,2023,90.35396724451219,23.853275269547233,0.5297997965191558,0.011799990984097947,0.025400157752786045,0.43300005474396025,0.0,0.0,1,1,0,0,0,0,0,0,0.9990062775421142,999006.2775421143
Y2023_LAT23.85344_LON90.36378,2023,90.36377743835727,23.85344358714176,0.43930062896614747,0.17080038716691953,0.12699952752114993,0.25229946467329895,0.010599991672484118,0.0,1,1,0,0,0,0,0,1,0.9990195532989502,999019.5532989502
Y2023_LAT23.85361_LON90.37359,2023,90.37358772264568,23.853611280975656,0.9081004249103058,0.02639986069612772,0.004099975970282863,0.06139973842328358,0.0,0.0,1,1,0,0,0,0,0,0,0.9990327780685425,999032.7780685425
Y2023_LAT23.85378_LON90.3834,2023,90.38339809685728,23.853778351178395,0.9454998372984038,0.04290014060307182,0.0,0.006699991570500963,0.0,0.004900030528023447,1,1,0,0,0,0,0,0,0.9990459542541504,999045.9542541504
Y2023_LAT23.85394_LON90.39321,2023,90.3932085608357,23.853944797669996,0.2567001935580302,0.6162999145662433,0.0005999994945042284,0.03779988560997396,0.0,0.08860000677124852,2,0,1,0,0,0,0,0,0.9990590819549561,999059.081954956
Y2023_LAT23.85411_LON90.40302,2023,90.40301911406132,23.8541106204841,1.0,0.0,0.0,0.0,0.0,0.0,1,1,0,0,0,0,0,0,0.9990721604995727,999072.1604995728
Y2023_LAT23.85428_LON90.41283,2023,90.41282975646459,23.85427581947158,0.9764000088689594,0.021499997242525958,0.0,0.0018999936043771835,0.0,0.00020000028413749544,1,1,0,0,0,0,0,0,0.9990851894989013,999085.1894989014
Y2023_LAT23.85444_LON90.42264,2023,90.42264048734816,23.854440394729643,1.0,0.0,0.0,0.0,0.0,0.0,1,1,0,0,0,0,0,0,0.9990981697387695,999098.1697387695
Y2023_LAT23.8546_LON90.43245,2023,90.4324513067417,23.85460434620307,0.9213995997827813,0.0,0.048200230326762114,0.028600159368209727,0.0,0.0018000105222469075,1,1,0,0,0,0,0,0,0.9991110994720459,999111.0994720459
Y2023_LAT23.85477_LON90.44226,2023,90.44226221400886,23.854767673863886,0.39329988921825004,0.022299949066042202,0.4019002149463522,0.18249994676935558,0.0,0.0,3,0,0,1,0,0,0,1,0.9991239810028076,999123.9810028076
Y2023_LAT23.85493_LON90.45207,2023,90.45207320908156,23.854930377638144,0.6540008013347828,0.0026999917130044035,0.21699915010023296,0.12630005685197987,0.0,0.0,1,1,0,0,0,0,0,0,0.9991368138504029,999136.8138504028
Y2023_LAT23.85509_LON90.46188,2023,90.46188429141417,23.855092457552743,0.4994489536342035,0.06778801746144927,0.0836089726640008,0.33022936945201853,0.0,0.018924686788327875,1,1,0,0,0,0,0,1,0.9978506957702636,997850.6957702637
Y2023_LAT23.85525_LON90.4717,2023,90.47169546076705,23.8552539135842,0.09346882214522648,0.003910836703747187,0.4192407955861673,0.4825973810789557,0.0,0.0007821644859033643,4,0,0,0,1,0,0,1,0.2554849187927246,255484.9187927246
Y2023_LAT23.85825_LON90.12816,2023,90.1281595165627,23.85825295405436,0.0,0.0,1.0,0.0,0.0,0.0,3,0,0,1,0,0,0,0,0.01428132363128662,14281.323631286621
Y2023_LAT23.85844_LON90.13797,2023,90.13796821735538,23.858435686635293,0.7008017550156929,0.000635243119755453,0.2985630018645517,0.0,0.0,0.0,1,1,0,0,0,0,0,0,0.7860791742477417,786079.1742477417
Y2023_LAT23.85862_LON90.14778,2023,90.14777701605465,23.858617795927742,0.6943991211287877,0.0,0.3056008788712123,0.0,0.0,0.0,1,1,0,0,0,0,0,0,0.9987161750564575,998716.1750564575
Y2023_LAT23.8588_LON90.15759,2023,90.1575859125968,23.858799281880138,0.1497997900604535,0.0,0.8502002099395465,0.0,0.0,0.0,3,0,0,1,0,0,0,0,0.99873047971344,998730.4797134399
Y2023_LAT23.85898_LON90.16739,2023,90.16739490654852,23.858980144305885,0.05289978968108238,0.0,0.9471002103189177,0.0,0.0,0.0,3,0,0,1,0,0,0,0,0.9987447357635498,998744.7357635498
Y2023_LAT23.85916_LON90.1772,2023,90.17720399757113,23.859160383258743,0.1611995023262115,0.019599940195817355,0.7933005517597952,0.025900005718175998,0.0,0.0,3,0,0,1,0,0,0,0,0.9987589415435791,998758.9415435791
Y2023_LAT23.85934_LON90.18701,2023,90.18701318531267,23.859339998803858,0.018000009554508055,0.0,0.9819999904454919,0.0,0.0,0.0,3,0,0,1,0,0,0,0,0.9987731014709472,998773.1014709473
Y2023_LAT23.85952_LON90.19682,2023,90.1968224695223,23.85951899083173,0.0,0.0,1.0,0.0,0.0,0.0,3,0,0,1,0,0,0,0,0.9987872106552124,998787.2106552124
Y2023_LAT23.8597_LON90.20663,2023,90.20663184970567,23.859697359340366,0.13430016479742932,0.0,0.8656998352025707,0.0,0.0,0.0,3,0,0,1,0,0,0,0,0.9988012703018189,998801.2703018188
Y2023_LAT23.85988_LON90.21644,2023,90.21644132573505,23.859875104366267,0.07699975874873892,0.0,0.7244996700236105,0.19850057122765058,0.0,0.0,3,0,0,1,0,0,0,0,0.9988152824325561,998815.2824325562
Y2023_LAT23.86005_LON90.22625,2023,90.22625089712375,23.86005222573555,0.0,0.0,0.9953000319186098,0.00469996808139022,0.0,0.0,3,0,0,1,0,0,0,0,0.9988292430114746,998829.2430114746
Y2023_LAT23.86023_LON90.23606,2023,90.23606056358047,23.860228723536842,0.4239007011623741,0.0,0.40399854002655444,0.17210075881107145,0.0,0.0,1,1,0,0,0,0,0,1,0.9988431565551757,998843.1565551758
Y2023_LAT23.8604_LON90.24587,2023,90.24587032471145,23.86040459774019,0.6022994898949028,0.03620012636819577,0.3440004522615548,0.017499931475346675,0.0,0.0,1,1,0,0,0,0,0,0,0.9988570200881958,998857.0200881958
Y2023_LAT23.86058_LON90.25568,2023,90.25568018032497,23.860579848308465,0.8959004932773117,0.023699880350624543,0.04949972516214343,0.03089990120992032,0.0,0.0,1,1,0,0,0,0,0,0,0.9988708347930908,998870.8347930908
Y2023_LAT23.86075_LON90.26549,2023,90.26549013003545,23.86075447522358,0.6215995523837927,0.044500104616418054,0.33120035118029206,0.0026999918194971603,0.0,0.0,1,1,0,0,0,0,0,0,0.9988846024093628,998884.6024093628
Y2023_LAT23.86093_LON90.2753,2023,90.275300173294,23.860928478430182,0.2373997893968791,0.004700018539646319,0.7579001920634746,0.0,0.0,0.0,3,0,0,1,0,0,0,0,0.9988983164825439,998898.316482544
Y2023_LAT23.8611_LON90.28511,2023,90.28511031017463,23.86110185790649,0.3472007637303036,0.16199961776336552,0.49079961850633086,0.0,0.0,0.0,3,0,0,1,0,0,0,1,0.9989119842910766,998911.9842910767
Y2023_LAT23.86127_LON90.29492,2023,90.29492053998196,23.861274613670293,0.467299698040891,0.061599868782139924,0.4711004331769691,0.0,0.0,0.0,3,0,0,1,0,0,0,1,0.9989256020965576,998925.6020965576
Y2023_LAT23.86145_LON90.30473,2023,90.30473086251274,23.861446745670065,0.8627005795078746,0.006299971002078898,0.13099944949004644,0.0,0.0,0.0,1,1,0,0,0,0,0,0,0.9989391711807251,998939.1711807251
Y2023_LAT23.86162_LON90.31454,2023,90.31454127750341,23.86161825383387,0.9309996868123996,0.06290027680742986,0.0,0.006100036380170516,0.0,0.0,1,1,0,0,0,0,0,0,0.9989526912155151,998952.6912155151
Y2023_LAT23.86179_LON90.32435,2023,90.32435178453636,23.861789138311877,0.9267998061354857,0.07300019519782786,0.0,0.0001999986666864513,0.0,0.0,1,1,0,0,0,0,0,0,0.9989661628494263,998966.1628494263
Y2023_LAT23.86196_LON90.33416,2023,90.3341623832019,23.86195939884345,0.2517993443169788,0.2043998852363603,0.2351009009820767,0.19889999109685383,0.0004000024524048135,0.10939987591532555,1,1,0,0,0,0,0,1,0.9989795853881835,998979.5853881836
Y2023_LAT23.86213_LON90.34397,2023,90.34397307332979,23.8621290356191,0.17620046318922933,0.3721998517107129,0.2559990135558648,0.19460066734379614,0.0010000042003969682,0.0,2,0,1,0,0,0,0,1,0.9989929580688477,998992.9580688477
Y2023_LAT23.8623_LON90.35378,2023,90.3537838545608,23.86229804845084,0.9315002805000899,0.0033999790572741416,0.0,0.06509974044263596,0.0,0.0,1,1,0,0,0,0,0,0,0.999006280960083,999006.280960083
Y2023_LAT23.86247_LON90.36359,2023,90.3635947263993,23.862466437383123,0.8752001848183378,0.042700056607765165,0.0,0.08209975857389697,0.0,0.0,1,1,0,0,0,0,0,0,0.9990195557250977,999019.5557250977
Y2023_LAT23.86263_LON90.37341,2023,90.37340568866655,23.862634202412984,0.8269999470781617,0.02829996628223893,0.0,0.12890000845694527,0.0,0.01580007818265403,1,1,0,0,0,0,0,0,0.9990327812652587,999032.7812652588
Y2023_LAT23.8628_LON90.38322,2023,90.38321674099215,23.862801343461857,0.8114002684583316,0.051600043931979485,0.00040000020067057414,0.1340997032972653,0.0,0.0024999841117531083,1,1,0,0,0,0,0,0,0.9990459580001831,999045.9580001831
Y2023_LAT23.86297_LON90.39303,2023,90.39302788295696,23.8629678606028,0.8903000376372407,0.02440000335285263,0.0,0.0249999591040145,0.0,0.06029999990589213,1,1,0,0,0,0,0,0,0.9990590836410522,999059.0836410522
Y2023_LAT23.86313_LON90.40284,2023,90.40283911441058,23.863133753729567,1.0,0.0,0.0,0.0,0.0,0.0,1,1,0,0,0,0,0,0,0.9990721621627807,999072.1621627808
Y2023_LAT23.8633_LON90.41265,2023,90.41265043480634,23.863299022862698,1.0,0.0,0.0,0.0,0.0,0.0,1,1,0,0,0,0,0,0,0.9990851920700073,999085.1920700073
Y2023_LAT23.86346_LON90.42246,2023,90.4224618439574,23.863463667882602,1.0,0.0,0.0,0.0,0.0,0.0,1,1,0,0,0,0,0,0,0.99909817162323,999098.17162323
Y2023_LAT23.86363_LON90.43227,2023,90.43227334149971,23.86362768889646,0.980399883744485,0.008100048443868035,0.0,0.011500067811647044,0.0,0.0,1,1,0,0,0,0,0,0,0.9991111030197144,999111.1030197144
Y2023_LAT23.86379_LON90.44208,2023,90.44208492704509,23.863791085843058,0.9520999391202867,0.008799978091739397,0.024900106790636704,0.014199975997337222,0.0,0.0,1,1,0,0,0,0,0,0,0.9991239834213257,999123.9834213257
Y2023_LAT23.86395_LON90.4519,2023,90.4518966002369,23.863953858680702,0.9116002435199528,0.004799979103031409,0.03719980258506641,0.046399974791949315,0.0,0.0,1,1,0,0,0,0,0,0,0.9991368160934448,999136.8160934448
Y2023_LAT23.86412_LON90.46171,2023,90.46170836094092,23.864116007374196,0.7050993885294659,0.029099955613214823,0.23940064817094886,0.026400007686370467,0.0,0.0,1,1,0,0,0,0,0,0,0.9991496009216309,999149.6009216309
Y2023_LAT23.86428_LON90.47152,2023,90.47152020851755,23.86427753190479,0.09977265788444208,0.005393152704097004,0.5689753646012776,0.3258588248101833,0.0,0.0,3,0,0,1,0,0,0,0,0.7040084608383179,704008.4608383179
Y2023_LAT23.86709_LON90.11815,2023,90.11815116227423,23.867090571677974,0.8846153659687273,0.0,0.1153846340312727,0.0,0.0,0.0,1,1,0,0,0,0,0,0,0.0025965678787231447,2596.5678787231445
Y2023_LAT23.86727_LON90.12796,2023,90.12796044213833,23.867274005435014,0.3150982049176714,0.0,0.6849017950823286,0.0,0.0,0.0,3,0,0,1,0,0,0,0,0.6462517286682129,646251.7286682129
Y2023_LAT23.86746_LON90.13777,2023,90.13776982052174,23.867456815575864,0.5742005050076736,0.0,0.4189995179899731,0.006799977002353239,0.0,0.0,1,1,0,0,0,0,0,0,0.9987018231048584,998701.8231048584
Y2023_LAT23.86764_LON90.14758,2023,90.14757929701629,23.867639002098965,0.334099924393025,0.11890026337791625,0.5469998122290588,0.0,0.0,0.0,3,0,0,1,0,0,0,0,0.9987161775817871,998716.1775817871
Y2023_LAT23.86782_LON90.15739,2023,90.15738887128897,23.867820564877498,0.09769985059916576,0.022999859150878484,0.8793002902499557,0.0,0.0,0.0,3,0,0,1,0,0,0,0,0.998730481666565,998730.4816665649
Y2023_LAT23.868_LON90.1672,2023,90.16719854295404,23.868001504038673,0.11609953271987916,0.0,0.8839004672801208,0.0,0.0,0.0,3,0,0,1,0,0,0,0,0.9987447389678955,998744.7389678955
Y2023_LAT23.86818_LON90.17701,2023,90.17700831177075,23.868181819529703,0.07240026822494663,0.0,0.924699732157648,0.0028999996174054296,0.0,0.0,3,0,0,1,0,0,0,0,0.9987589476623535,998758.9476623535
Y2023_LAT23.86836_LON90.18682,2023,90.18681817732688,23.86836151118984,0.12789986245157556,0.0,0.8721001375484244,0.0,0.0,0.0,3,0,0,1,0,0,0,0,0.9987731045761108,998773.1045761108
Y2023_LAT23.86854_LON90.19663,2023,90.19662813934337,23.86854057920083,0.2483000046473828,0.0,0.7516999953526172,0.0,0.0,0.0,3,0,0,1,0,0,0,0,0.9987872130584717,998787.2130584717
Y2023_LAT23.86872_LON90.20644,2023,90.20643819746425,23.868719023370055,0.28690033238409574,0.0,0.6797996299149235,0.033300037700980806,0.0,0.0,3,0,0,1,0,0,0,0,0.9988012739715576,998801.2739715576
Y2023_LAT23.8689_LON90.21625,2023,90.21624835134534,23.868896843680513,0.17409999487865252,0.0,0.8258000056458795,9.999947546805535e-05,0.0,0.0,3,0,0,1,0,0,0,0,0.9988152824401856,998815.2824401855
Y2023_LAT23.86907_LON90.22606,2023,90.22605860070595,23.869074040275994,0.207500533180929,0.0,0.792499466819071,0.0,0.0,0.0,3,0,0,1,0,0,0,0,0.9988292463455201,998829.24634552
Y2023_LAT23.86925_LON90.23587,2023,90.23586894511965,23.869250612942142,0.6064993194614011,0.0,0.2070010693384878,0.1864996112001111,0.0,0.0,1,1,0,0,0,0,0,0,0.9988431586227416,998843.1586227417
Y2023_LAT23.86943_LON90.24568,2023,90.24567938423829,23.86942656165754,0.13400019038841635,0.0,0.8658998092432717,0.00010000036831190199,0.0,0.0,3,0,0,1,0,0,0,0,0.9988570236053467,998857.0236053467
Y2023_LAT23.8696_LON90.25549,2023,90.25548991784117,23.86960188655395,0.8876006551046765,0.0,0.11239934489532358,0.0,0.0,0.0,1,1,0,0,0,0,0,0,0.9988708373184204,998870.8373184204
Y2023_LAT23.86978_LON90.2653,2023,90.26530054560041,23.869776587524374,0.47039927663253883,0.32230078102244236,0.13479987516061123,0.07130006844777045,0.0011999987366371149,0.0,1,1,0,0,0,0,0,1,0.9988846041793823,998884.6041793823
Y2023_LAT23.86995_LON90.27511,2023,90.27511126701698,23.869950664508774,0.14939977620160405,0.34429981506342905,0.48000044406679515,0.026299964668171732,0.0,0.0,3,0,0,1,0,0,0,1,0.9988983200454712,998898.3200454712
Y2023_LAT23.87012_LON90.28492,2023,90.28492208192733,23.870124117585018,0.8380006870987682,0.0,0.16009931550491607,0.001899997396315719,0.0,0.0,1,1,0,0,0,0,0,0,0.998911987701416,998911.987701416
Y2023_LAT23.8703_LON90.29473,2023,90.29473298989551,23.870296946589846,0.9638997812600071,0.02440014811062776,0.011700070629365143,0.0,0.0,0.0,1,1,0,0,0,0,0,0,0.9989256048049927,998925.6048049927
Y2023_LAT23.87047_LON90.30454,2023,90.30454399062427,23.87046915158999,0.6473010114940388,0.12879953943622705,0.18039944400699037,0.043500005062743735,0.0,0.0,1,1,0,0,0,0,0,0,0.9989391748046875,998939.1748046875
Y2023_LAT23.87064_LON90.31436,2023,90.31435508375876,23.870640732586768,0.8943999711666656,0.023099967645136797,0.04920015939601345,0.033299901792184276,0.0,0.0,1,1,0,0,0,0,0,0,0.9989526946411132,998952.6946411133
Y2023_LAT23.87081_LON90.32417,2023,90.32416626902638,23.870811689443677,0.5397986303751133,0.21860067716340315,0.24160069246148352,0.0,0.0,0.0,1,1,0,0,0,0,0,0,0.9989661659317016,998966.1659317017
Y2023_LAT23.87098_LON90.33398,2023,90.33397754591326,23.870982022268148,0.2650006896226522,0.2789995785820574,0.3638995103317201,0.0921002214635703,0.0,0.0,3,0,0,1,0,0,0,1,0.9989795879440307,998979.5879440308
Y2023_LAT23.87115_LON90.34379,2023,90.34378891438959,23.87115173088338,0.5324998382808983,0.32700031706887445,0.1296998272529469,0.010800017397280535,0.0,0.0,1,1,0,0,0,0,0,0,0.9989929580688477,998992.9580688477
Y2023_LAT23.87132_LON90.3536,2023,90.3536003738261,23.871320815399113,0.7504010940003455,0.07279965685911317,0.01169995864693171,0.16509929049360958,0.0,0.0,1,1,0,0,0,0,0,0,0.9990062843017579,999006.2843017578
Y2023_LAT23.87149_LON90.36341,2023,90.3634119239931,23.871489275819783,0.9400002278831856,0.0035000027371387124,0.0,0.05649976937967568,0.0,0.0,1,1,0,0,0,0,0,0,0.9990195586929321,999019.5586929321
Y2023_LAT23.87166_LON90.37322,2023,90.37322356466466,23.871657111953418,0.8877998368364147,0.05860012566018496,0.002699995481648149,0.050900042021752204,0.0,0.0,1,1,0,0,0,0,0,0,0.9990327839508056,999032.7839508057
Y2023_LAT23.87182_LON90.38304,2023,90.3830352954085,23.871824323942175,0.9966000214453605,0.0018999880407594475,0.0,0.001499990513880011,0.0,0.0,1,1,0,0,0,0,0,0,0.9990459603805542,999045.9603805542
Y2023_LAT23.87199_LON90.39285,2023,90.3928471157417,23.87199091166142,0.955199993612899,0.0,0.0,0.04480000638710101,0.0,0.0,1,1,0,0,0,0,0,0,0.9990590876541138,999059.0876541138
Y2023_LAT23.87216_LON90.40266,2023,90.40265902563314,23.872156875146953,1.0,0.0,0.0,0.0,0.0,0.0,1,1,0,0,0,0,0,0,0.9990721655578614,999072.1655578613
Y2023_LAT23.87232_LON90.41247,2023,90.41247102454169,23.87232221436768,1.0,0.0,0.0,0.0,0.0,0.0,1,1,0,0,0,0,0,0,0.9990851946334839,999085.1946334839
Y2023_LAT23.87249_LON90.42228,2023,90.42228311222333,23.872486929276324,1.0,0.0,0.0,0.0,0.0,0.0,1,1,0,0,0,0,0,0,0.9990981738357544,999098.1738357544
Y2023_LAT23.87265_LON90.4321,2023,90.43209528818458,23.872651019865874,1.0,0.0,0.0,0.0,0.0,0.0,1,1,0,0,0,0,0,0,0.999111104347229,999111.104347229
Y2023_LAT23.87281_LON90.44191,2023,90.44190755228512,23.87281448604507,0.8923995931944173,0.04920022228576834,0.054900181161705246,0.0035000033581091368,0.0,0.0,1,1,0,0,0,0,0,0,0.9991239868850708,999123.9868850708
Y2023_LAT23.87298_LON90.45172,2023,90.45171990414154,23.87297732794404,0.6280993043182715,0.01879989426201258,0.33040088412764046,0.022699917292075426,0.0,0.0,1,1,0,0,0,0,0,0,0.999136818145752,999136.818145752
Y2023_LAT23.87314_LON90.46153,2023,90.46153234339499,23.873139545423033,0.16814161102940733,0.0035398113125040863,0.7725140735119057,0.05580450414618292,0.0,0.0,3,0,0,1,0,0,0,0,0.9596829937896728,959682.9937896729
Y2023_LAT23.8733_LON90.47134,2023,90.471344869614,23.87330113850247,0.17385529885520687,0.0,0.5397951917747933,0.28634950936999987,0.0,0.0,3,0,0,1,0,0,0,0,0.224710787109375,224710.787109375
Y2023_LAT23.87611_LON90.11795,2023,90.11795131142644,23.876111533173482,0.9906449148125622,0.0,0.00935508518743777,0.0,0.0,0.0,1,1,0,0,0,0,0,0,0.5017347626647949,501734.7626647949
Y2023_LAT23.8763_LON90.12776,2023,90.12776126928469,23.876295044659045,0.926699739905218,0.0,0.07330026009478194,0.0,0.0,0.0,1,1,0,0,0,0,0,0,0.9986874227905274,998687.4227905273
Y2023_LAT23.87648_LON90.13757,2023,90.13757132564852,23.876477932361663,0.6805000191530569,0.05260011429877483,0.2657998604474208,0.0011000061007474342,0.0,0.0,1,1,0,0,0,0,0,0,0.9987018266220092,998701.8266220093
Y2023_LAT23.87666_LON90.14738,2023,90.14738148013728,23.876660196054146,0.15029960105686085,0.03529998223007895,0.8144004167130602,0.0,0.0,0.0,3,0,0,1,0,0,0,0,0.9987161812820434,998716.1812820435
Y2023_LAT23.87684_LON90.15719,2023,90.15719173245301,23.876841835856744,0.07970020412054668,0.0,0.918899794314874,0.0014000015645793337,0.0,0.0,3,0,0,1,0,0,0,0,0.9987304861221313,998730.4861221313
Y2023_LAT23.87702_LON90.167,2023,90.1670020822725,23.877022851766043,0.21010015882231206,0.0,0.7892998394249752,0.0006000017527128007,0.0,0.0,3,0,0,1,0,0,0,0,0.9987447427978515,998744.7427978516
Y2023_LAT23.8772_LON90.17681,2023,90.17681252922719,23.87720324365502,0.1779004064891352,0.0,0.8220995935108648,0.0,0.0,0.0,3,0,0,1,0,0,0,0,0.998758950012207,998758.950012207
Y2023_LAT23.87738_LON90.18662,2023,90.18662307289256,23.877383011578214,0.4132991181389622,0.0,0.5867008818610379,0.0,0.0,0.0,3,0,0,1,0,0,0,0,0.9987731086196899,998773.1086196899
Y2023_LAT23.87756_LON90.19643,2023,90.19643371310634,23.877562155429512,0.044999940419647146,0.0,0.9544000594415172,0.000600000138835675,0.0,0.0,3,0,0,1,0,0,0,0,0.9987872164993287,998787.2164993286
Y2023_LAT23.87774_LON90.20624,2023,90.20624444949506,23.877740675279334,0.11500011908176429,0.0,0.8849998809182357,0.0,0.0,0.0,3,0,0,1,0,0,0,0,0.9988012771224976,998801.2771224976
Y2023_LAT23.87792_LON90.21606,2023,90.21605528152162,23.877918571034517,0.03729985611989304,0.0,0.9442002344227721,0.018499909457334884,0.0,0.0,3,0,0,1,0,0,0,0,0.9988152876358032,998815.2876358032
Y2023_LAT23.8781_LON90.22587,2023,90.22586620916908,23.87809584263195,0.29610101215101403,0.0,0.7031989830534584,0.0007000047955275436,0.0,0.0,3,0,0,1,0,0,0,0,0.9988292495346069,998829.2495346069
Y2023_LAT23.87827_LON90.23568,2023,90.235677231866,23.87827249018192,0.5264991594763131,0.06510033700303043,0.24450103396782244,0.15849944248938194,0.005400027063452164,0.0,1,1,0,0,0,0,0,0,0.9988431631622314,998843.1631622314
Y2023_LAT23.87845_LON90.24549,2023,90.24548834936337,23.87844851361341,0.29900072310807135,0.0010999927207900114,0.699399285943913,0.0004999982272256276,0.0,0.0,3,0,0,1,0,0,0,0,0.9988570266036987,998857.0266036987
Y2023_LAT23.87862_LON90.2553,2023,90.25529956130038,23.87862391286281,0.853600736718042,0.0013999941399437273,0.13949924188203872,0.005500027259975517,0.0,0.0,1,1,0,0,0,0,0,0,0.998870839920044,998870.839920044
Y2023_LAT23.8788_LON90.26511,2023,90.26511086739242,23.878798687852132,0.5429994449652449,0.2791008873005522,0.1568996952225735,0.020999972511629352,0.0,0.0,1,1,0,0,0,0,0,0,0.9988846053848267,998884.6053848267
Y2023_LAT23.87897_LON90.27492,2023,90.27492226729622,23.878972838677736,0.2881994319808274,0.17529961560851182,0.5365009524106608,0.0,0.0,0.0,3,0,0,1,0,0,0,0,0.9988983231964111,998898.3231964111
Y2023_LAT23.87915_LON90.28473,2023,90.28473376062148,23.87914636523858,0.38860069702503747,0.003699983031661109,0.6076993199433014,0.0,0.0,0.0,3,0,0,1,0,0,0,0,0.9989119898910522,998911.9898910522
Y2023_LAT23.87932_LON90.29455,2023,90.2945453470586,23.879319267580957,1.0,0.0,0.0,0.0,0.0,0.0,1,1,0,0,0,0,0,0,0.9989256082839966,998925.6082839966
Y2023_LAT23.87949_LON90.30436,2023,90.30435702627162,23.87949154556289,0.9959000203176304,0.0020999896021640196,0.0019999900802056218,0.0,0.0,0.0,1,1,0,0,0,0,0,0,0.998939177810669,998939.177810669
Y2023_LAT23.87966_LON90.31417,2023,90.3141687979401,23.87966319926252,0.7712991719077245,0.1979006621502711,0.029800165215963258,0.0010000007260411465,0.0,0.0,1,1,0,0,0,0,0,0,0.998952697265625,998952.697265625
Y2023_LAT23.87983_LON90.32398,2023,90.32398066170884,23.879834228654786,0.6909990716974725,0.02630007048298257,0.2773008596735215,0.005399998146023364,0.0,0.0,1,1,0,0,0,0,0,0,0.9989661686553956,998966.1686553955
Y2023_LAT23.88_LON90.33379,2023,90.33379261725966,23.880004633649552,0.856299863628046,0.03770003701174633,0.05469987560294838,0.051300223757259324,0.0,0.0,1,1,0,0,0,0,0,0,0.9989795902862549,998979.5902862549
Y2023_LAT23.88017_LON90.3436,2023,90.3436046642828,23.880174414292746,0.4273990484649821,0.020299984966397396,0.07950008611959347,0.43990083124710433,0.008299980720177916,0.02460006848174475,4,0,0,0,1,0,0,1,0.9989929580688477,998992.9580688477
Y2023_LAT23.88034_LON90.35342,2023,90.35341680239053,23.880343570500127,0.346051546304415,0.0,0.10815581952191679,0.5415924138566968,0.003966876890188608,0.00023334342678289505,4,0,0,0,1,0,0,0,0.856248426498413,856248.4264984131
Y2023_LAT23.88051_LON90.36323,2023,90.3632290312946,23.880512102303292,0.9745001317881993,0.00020000033309941078,0.0012000023422561559,0.024099865536445206,0.0,0.0,1,1,0,0,0,0,0,0,0.9990195611114502,999019.5611114502
Y2023_LAT23.88068_LON90.37304,2023,90.37304135059024,23.880680009676105,0.977300044237878,0.009799992691687711,0.0,0.012899963070434336,0.0,0.0,1,1,0,0,0,0,0,0,0.9990327866134644,999032.7866134644
Y2023_LAT23.88085_LON90.38285,2023,90.38285375999334,23.880847292551543,1.0,0.0,0.0,0.0,0.0,0.0,1,1,0,0,0,0,0,0,0.9990459630889893,999045.9630889893
Y2023_LAT23.88101_LON90.39267,2023,90.39266625919572,23.881013950935998,0.925473031325923,0.007886450984800689,0.0,0.06664051768927633,0.0,0.0,1,1,0,0,0,0,0,0,0.7600832523422241,760083.2523422241
Y2023_LAT23.88118_LON90.40248,2023,90.40247884781476,23.881179984723175,0.9937190361046659,0.0,0.0,0.006280963895334085,0.0,0.0,1,1,0,0,0,0,0,0,0.524912664932251,524912.664932251
Y2023_LAT23.88135_LON90.41229,2023,90.41229152550925,23.88134539401079,0.9823853780347931,0.0037649698608316277,0.0,0.013849652104375278,0.0,0.0,1,1,0,0,0,0,0,0,0.7430201359024048,743020.1359024048
Y2023_LAT23.88151_LON90.4221,2023,90.42210429197655,23.881510178808302,0.991099973417936,0.008900026582064022,0.0,0.0,0.0,0.0,1,1,0,0,0,0,0,0,0.9990981781158448,999098.1781158447
Y2023_LAT23.88167_LON90.43192,2023,90.43191714687842,23.88167433892366,1.0,0.0,0.0,0.0,0.0,0.0,1,1,0,0,0,0,0,0,0.999111107849121,999111.1078491211
Y2023_LAT23.88184_LON90.44173,2023,90.44173008984653,23.881837874471696,0.9771999385330623,0.005100030823667826,0.011100009465816268,0.00660002117745366,0.0,0.0,1,1,0,0,0,0,0,0,0.9991239890594482,999123.9890594482
Y2023_LAT23.882_LON90.45154,2023,90.45154312062475,23.88200078537362,0.6067996325090621,0.016699902201626052,0.35600041208883015,0.020500053200481625,0.0,0.0,1,1,0,0,0,0,0,0,0.9991368210678101,999136.8210678101
Y2023_LAT23.88216_LON90.46136,2023,90.46135623874355,23.882163071670725,0.4033043902489455,0.021541955158687114,0.36750844772814295,0.2076452068642245,0.0,0.0,1,1,0,0,0,0,0,1,0.6168735284347534,616873.5284347534
Y2023_LAT23.88495_LON90.10794,2023,90.1079408244057,23.884948269171346,0.5561497525139728,0.0,0.4438502474860272,0.0,0.0,0.0,1,1,0,0,0,0,0,0,0.01867504242706299,18675.04242706299
Y2023_LAT23.88513_LON90.11775,2023,90.11775136173655,23.885132482546023,0.7455864135125136,0.0005284875403672723,0.20093067487910948,0.0529544240680096,0.0,0.0,1,1,0,0,0,0,0,0,0.9448448193359374,944844.8193359375
Y2023_LAT23.88532_LON90.12756,2023,90.12756199790492,23.88531607182513,0.656199211143132,0.0059999880652674056,0.29560076673098795,0.042200034060612825,0.0,0.0,1,1,0,0,0,0,0,0,0.998687426574707,998687.426574707
Y2023_LAT23.8855_LON90.13737,2023,90.13737273264519,23.885499036955927,0.020599931675735195,0.0,0.9226003339549509,0.056799734369313945,0.0,0.0,3,0,0,1,0,0,0,0,0.9987018291778564,998701.8291778564
Y2023_LAT23.88568_LON90.14718,2023,90.14718356552991,23.885681377975942,0.24280098328511338,0.0,0.7571990167148867,0.0,0.0,0.0,3,0,0,1,0,0,0,0,0.9987161847610474,998716.1847610474
Y2023_LAT23.88586_LON90.15699,2023,90.15699449619838,23.88586309480321,0.4123996203086273,0.0,0.585700385460171,0.001899994231201841,0.0,0.0,3,0,0,1,0,0,0,0,0.9987304895019531,998730.4895019531
Y2023_LAT23.88604_LON90.16681,2023,90.16680552444365,23.886044187363694,0.27609955200836583,0.0,0.7239004479916341,0.0,0.0,0.0,3,0,0,1,0,0,0,0,0.9987447457885742,998744.7457885742
Y2023_LAT23.88622_LON90.17662,2023,90.17661664984978,23.886224655768682,0.1751009082950431,0.0,0.8237990855219868,0.0011000061829701505,0.0,0.0,3,0,0,1,0,0,0,0,0.9987589513015747,998758.9513015747
Y2023_LAT23.8864_LON90.18643,2023,90.18642787196937,23.88640449980139,0.6227988764532045,0.0,0.37720112354679547,0.0,0.0,0.0,1,1,0,0,0,0,0,0,0.9987731115264893,998773.1115264893
Y2023_LAT23.88658_LON90.19624,2023,90.19623919080364,23.886583719668685,0.5607004592103572,0.0,0.4392995407896429,0.0,0.0,0.0,1,1,0,0,0,0,0,0,0.9987872189865112,998787.2189865112
Y2023_LAT23.88676_LON90.20605,2023,90.20605060561063,23.886762315116666,0.2435998760088797,0.0,0.7564001239911203,0.0,0.0,0.0,3,0,0,1,0,0,0,0,0.9988012796249389,998801.279624939
Y2023_LAT23.88694_LON90.21586,2023,90.21586211628791,23.886940286283938,0.16940013956974528,0.0,0.8305998604302547,0.0,0.0,0.0,3,0,0,1,0,0,0,0,0.9988152931594849,998815.2931594849
Y2023_LAT23.88712_LON90.22567,2023,90.22567372246279,23.887117633117875,0.5673004342629824,0.0,0.36769916257069096,0.06500040316632669,0.0,0.0,1,1,0,0,0,0,0,0,0.9988292523956299,998829.2523956299
Y2023_LAT23.88729_LON90.23549,2023,90.2354854238705,23.887294355538742,0.5114997837823503,0.06470007186008492,0.2931005734109692,0.13069957094659582,0.0,0.0,1,1,0,0,0,0,0,0,0.9988431650543212,998843.1650543213
Y2023_LAT23.88747_LON90.2453,2023,90.24529721996404,23.887470453492192,0.6032994585130147,0.04820022809896113,0.34410029241893997,0.004400020969084233,0.0,0.0,1,1,0,0,0,0,0,0,0.9988570294494629,998857.0294494629
Y2023_LAT23.88765_LON90.25511,2023,90.25510911064741,23.887645927057292,0.8053004242269411,0.13789967760350158,0.04819989240317828,0.008600005766379003,0.0,0.0,1,1,0,0,0,0,0,0,0.9988708434371948,998870.8434371948
Y2023_LAT23.88782_LON90.26492,2023,90.26492109546471,23.887820776209647,0.828099426368073,0.08840041905906951,0.017899917873016244,0.06560023669984127,0.0,0.0,1,1,0,0,0,0,0,0,0.9988846057662963,998884.6057662964
Y2023_LAT23.888_LON90.27473,2023,90.27473317411365,23.88799500083301,0.3000990866040929,0.12819962225439183,0.5307010929513114,0.04100019819020384,0.0,0.0,3,0,0,1,0,0,0,0,0.9988983257446289,998898.3257446289
Y2023_LAT23.88817_LON90.28455,2023,90.28454534613876,23.888168600941068,0.13390042877731045,0.0,0.8656995739196821,0.0003999973030074265,0.0,0.0,3,0,0,1,0,0,0,0,0.9989119933242798,998911.9933242798
Y2023_LAT23.88834_LON90.29436,2023,90.2943576114211,23.888341576523093,0.9343003821366237,0.0,0.06569961786337625,0.0,0.0,0.0,1,1,0,0,0,0,0,0,0.9989256113128662,998925.6113128662
Y2023_LAT23.88851_LON90.30417,2023,90.30416996947874,23.888513927549504,1.0,0.0,0.0,0.0,0.0,0.0,1,1,0,0,0,0,0,0,0.9989391795883179,998939.1795883179
Y2023_LAT23.88869_LON90.31398,2023,90.31398242003155,23.888685654084437,0.9862999676254921,0.013700032374507908,0.0,0.0,0.0,0.0,1,1,0,0,0,0,0,0,0.9989527007904053,998952.7007904053
Y2023_LAT23.88886_LON90.32379,2023,90.32379496267446,23.888856755916844,0.9787998796548838,0.02120012034511624,0.0,0.0,0.0,0.0,1,1,0,0,0,0,0,0,0.9989661718521118,998966.1718521118
Y2023_LAT23.88903_LON90.33361,2023,90.3336075971591,23.88902723312417,0.3602986652118599,0.049099884563468386,0.34810091170225144,0.24190053663523153,0.0002999999011182776,0.00030000198607048535,1,1,0,0,0,0,0,1,0.9989795925750733,998979.5925750732
Y2023_LAT23.8892_LON90.34342,2023,90.34342032310458,23.8891970857695,0.027800146558955054,0.0012999952243655636,0.07999975625814398,0.8526002219578093,0.016399971946199465,0.021899908054526636,4,0,0,0,1,0,0,0,0.998992962890625,998992.962890625
Y2023_LAT23.88937_LON90.35323,2023,90.35323314018162,23.889366313710504,0.0,0.0,0.6301960639479319,0.26370798312084875,0.10609595293121939,0.0,3,0,0,1,0,0,0,0,0.3917101365890503,391710.1365890503
Y2023_LAT23.88953_LON90.36305,2023,90.36304604804593,23.889534916892327,0.8941630429500866,0.0030367868137270233,0.028118244996838886,0.05106268877604109,0.023619236463306454,0.0,1,1,0,0,0,0,0,0,0.8882287384490967,888228.7384490967
Y2023_LAT23.8897_LON90.37286,2023,90.37285904640676,23.889702895410892,0.9647001890379916,0.02179987754433276,0.0,0.013499933417675634,0.0,0.0,1,1,0,0,0,0,0,0,0.9990327898025513,999032.7898025513
Y2023_LAT23.88987_LON90.38267,2023,90.38267213493529,23.88987024918704,1.0,0.0,0.0,0.0,0.0,0.0,1,1,0,0,0,0,0,0,0.9464959260177612,946495.9260177612
Y2023_LAT23.89004_LON90.39249,2023,90.39248531317736,23.890036978215416,0.8848774916022994,0.0005685070938548929,0.001705521281564679,0.11284848002228098,0.0,0.0,1,1,0,0,0,0,0,0,0.3514677157211304,351467.7157211304
Y2023_LAT23.89037_LON90.41211,2023,90.41211193769273,23.890368561872727,0.24000001466175985,0.0,0.0,0.7599999853382402,0.0,0.0,4,0,0,0,1,0,0,0,0.002497728385925293,2497.728385925293
Y2023_LAT23.89053_LON90.42193,2023,90.42192538342933,23.890533416443915,0.4340037505085971,0.45813569351137756,0.0,0.10786055598002539,0.0,0.0,2,0,1,0,0,0,0,1,0.27325393497467043,273253.9349746704
Y2023_LAT23.8907_LON90.43174,2023,90.4317389174173,23.89069764620837,0.8615433251490829,0.07121558193675799,0.06657861878292215,0.0006624741312369207,0.0,0.0,1,1,0,0,0,0,0,0,0.9048953443069458,904895.3443069458
Y2023_LAT23.89086_LON90.44155,2023,90.44155253969976,23.890861251127227,0.6127003596847835,0.03569987709040383,0.23759995015677032,0.11399981306804244,0.0,0.0,1,1,0,0,0,0,0,0,0.9991239922561646,999123.9922561646
Y2023_LAT23.89102_LON90.45137,2023,90.45136624966206,23.891024231067785,0.4200007283442961,0.011099999062367385,0.5185991449936088,0.05030012759972768,0.0,0.0,3,0,0,1,0,0,0,0,0.9991368239059448,999136.8239059448
Y2023_LAT23.89119_LON90.46118,2023,90.46118004702986,23.891186586033598,0.055882671924778846,0.0070695052217327956,0.7040905566750292,0.23295726617845916,0.0,0.0,3,0,0,1,0,0,0,0,0.5935932569046021,593593.256904602
Y2023_LAT23.89397_LON90.10774,2023,90.10774009725942,23.893969128205097,0.46174015963821263,0.003488123391492222,0.5347717169702951,0.0,0.0,0.0,3,0,0,1,0,0,0,0,0.4580860647506714,458086.0647506714
Y2023_LAT23.89415_LON90.11755,2023,90.11755131324067,23.894153419720762,0.4366000197847845,0.004699975137562071,0.3656991792178476,0.19300082585980577,0.0,0.0,1,1,0,0,0,0,0,1,0.9986729763031006,998672.9763031006
Y2023_LAT23.89434_LON90.12736,2023,90.12736262809105,23.894337086837012,0.5240996008322351,0.001599992206689681,0.42030065051623205,0.0539997564448432,0.0,0.0,1,1,0,0,0,0,0,0,0.9986874301147461,998687.4301147461
Y2023_LAT23.89452_LON90.13717,2023,90.13717404147403,23.894520129493834,0.26699953850149893,0.0,0.6929005128987065,0.04009994859979463,0.0,0.0,3,0,0,1,0,0,0,0,0.9987018327178955,998701.8327178955
Y2023_LAT23.8947_LON90.14699,2023,90.14698555298556,23.894702547736294,0.43880040111980595,0.0,0.4824000073905,0.07879959148969407,0.0,0.0,3,0,0,1,0,0,0,1,0.9987161870193482,998716.1870193481
Y2023_LAT23.89488_LON90.1568,2023,90.15679716250132,23.894884341569774,0.4311998171788995,0.0,0.5688001828211005,0.0,0.0,0.0,3,0,0,1,0,0,0,0,0.9987304916152954,998730.4916152954
Y2023_LAT23.89507_LON90.16661,2023,90.16660886945022,23.895065510912552,0.07170014196140029,0.0,0.9282998580385997,0.0,0.0,0.0,3,0,0,1,0,0,0,0,0.9987447491455078,998744.7491455078
Y2023_LAT23.89525_LON90.17642,2023,90.17642067357016,23.895246055750324,0.37100079050787244,0.0,0.6289992094921276,0.0,0.0,0.0,3,0,0,1,0,0,0,0,0.9987589559249878,998758.9559249878
Y2023_LAT23.89543_LON90.18623,2023,90.1862325746454,23.8954259761038,0.4304988203325097,0.0,0.5695011796674904,0.0,0.0,0.0,3,0,0,1,0,0,0,0,0.9987731140823364,998773.1140823364
Y2023_LAT23.89561_LON90.19604,2023,90.19604457221276,23.895605271762815,0.19969986283616703,0.0,0.800300137163833,0.0,0.0,0.0,3,0,0,1,0,0,0,0,0.998787222946167,998787.222946167
Y2023_LAT23.89578_LON90.20586,2023,90.20585666596777,23.895783942944398,0.3348003053366299,0.0,0.66519969466337,0.0,0.0,0.0,3,0,0,1,0,0,0,0,0.998801282836914,998801.2828369141
Y2023_LAT23.89596_LON90.21567,2023,90.21566885557635,23.895961989555126,0.7739001420687169,0.0,0.22609985793128312,0.0,0.0,0.0,1,1,0,0,0,0,0,0,0.9988152952728272,998815.2952728271
Y2023_LAT23.89614_LON90.22548,2023,90.22548114066961,23.896139411474614,0.598700577458056,0.002900005647939964,0.33869912200393804,0.05970029489006601,0.0,0.0,1,1,0,0,0,0,0,0,0.9988292551498413,998829.2551498413
Y2023_LAT23.89632_LON90.23529,2023,90.23529352093622,23.896316208777705,0.7853000433193583,0.0,0.07710038543738311,0.13759957124325856,0.0,0.0,1,1,0,0,0,0,0,0,0.9988431686019897,998843.1686019897
Y2023_LAT23.89649_LON90.24511,2023,90.24510599617967,23.8964923814273,0.6969997311518982,0.029700039890272534,0.2379001444329089,0.03540008452492037,0.0,0.0,1,1,0,0,0,0,0,0,0.9988570328216553,998857.0328216553
Y2023_LAT23.89667_LON90.25492,2023,90.25491856583866,23.896667929349793,0.5216008176080071,0.0981998592824138,0.25349944226328847,0.12619987988239553,0.000500000963895087,0.0,1,1,0,0,0,0,0,0,0.9988708466033935,998870.8466033936
Y2023_LAT23.89684_LON90.26473,2023,90.26473122968088,23.896842852513508,0.7833998159906539,0.03260011476108706,0.1273998151622763,0.056600254085982786,0.0,0.0,1,1,0,0,0,0,0,0,0.9988846136016846,998884.6136016846
Y2023_LAT23.89702_LON90.27454,2023,90.27454398737359,23.897017150956458,0.31509880916225536,0.041299922109644754,0.6179013997399598,0.02569986898814008,0.0,0.0,3,0,0,1,0,0,0,0,0.9988983276214599,998898.32762146
Y2023_LAT23.89719_LON90.28436,2023,90.28435683861467,23.897190824658555,0.014100072878174809,0.0,0.9804999461999797,0.0053999809218454285,0.0,0.0,3,0,0,1,0,0,0,0,0.9989119959106445,998911.9959106445
Y2023_LAT23.89736_LON90.29417,2023,90.29416978297067,23.89736387356079,0.972800170272978,0.0,0.027199829727022,0.0,0.0,0.0,1,1,0,0,0,0,0,0,0.9989256138076782,998925.6138076782
Y2023_LAT23.89754_LON90.30398,2023,90.30398282021284,23.897536297686035,0.8450994289906347,0.15480057120541602,9.99998039492833e-05,0.0,0.0,0.0,1,1,0,0,0,0,0,0,0.9989391837692261,998939.1837692261
Y2023_LAT23.89771_LON90.3138,2023,90.31379594996622,23.897708096862914,0.7808009144819894,0.21919908551801054,0.0,0.0,0.0,0.0,1,1,0,0,0,0,0,0,0.9989527031784058,998952.7031784058
Y2023_LAT23.89788_LON90.32361,2023,90.32360917178374,23.897879271231613,1.0,0.0,0.0,0.0,0.0,0.0,1,1,0,0,0,0,0,0,0.9989661745147705,998966.1745147705
Y2023_LAT23.89805_LON90.33342,2023,90.33342248558723,23.89804982073345,0.5402989761482013,0.002299995151391718,0.19380080463124755,0.21150026444875808,0.052099959620401516,0.0,1,1,0,0,0,0,0,0,0.998979594581604,998979.594581604
Y2023_LAT23.89822_LON90.34324,2023,90.34323589076368,23.89821974529185,0.10602511989933223,0.0,0.7135539885307632,0.18042089156990457,0.0,0.0,3,0,0,1,0,0,0,0,0.8969952746124268,896995.2746124268
Y2023_LAT23.89839_LON90.35305,2023,90.35304938721862,23.898389044927477,0.05898876482831545,0.0,0.612359513909647,0.3286517212620375,0.0,0.0,3,0,0,1,0,0,0,0,0.0355644084777832,35564.4084777832
Y2023_LAT23.89856_LON90.36286,2023,90.36286297439925,23.898557719634137,0.6125002768234887,0.0,0.0,0.3874997231765113,0.0,0.0,1,1,0,0,0,0,0,0,0.007992201301574707,7992.201301574707
Y2023_LAT23.89873_LON90.37268,2023,90.37267665208984,23.898725769381308,0.7658012016371059,0.03386004525636616,0.0,0.2003387531065281,0.0,0.0,1,1,0,0,0,0,0,0,0.1770288427734375,177028.8427734375
Y2023_LAT23.89889_LON90.38249,2023,90.38249041997798,23.898893194068872,0.8922693645867853,0.0013706071786272072,0.0,0.10636002823458751,0.0,0.0,1,1,0,0,0,0,0,0,0.36445165724182127,364451.6572418213
Y2023_LAT23.89972_LON90.43156,2023,90.43156059992621,23.899720941693886,0.7857146836866844,0.032581391480685215,0.17293200770056844,0.008771917132061954,0.0,0.0,1,1,0,0,0,0,0,0,0.07972941591644288,79729.41591644287
Y2023_LAT23.89988_LON90.44137,2023,90.44137490170039,23.89988461582515,0.45514362967829314,0.17960497877895867,0.14665002751053133,0.21860136403221686,0.0,0.0,1,1,0,0,0,0,0,1,0.5457212988891602,545721.2988891602
Y2023_LAT23.90005_LON90.45119,2023,90.45118929121746,23.900047664867294,0.019141861637071527,0.06270621345213771,0.48910926240778846,0.42904266250300227,0.0,0.0,3,0,0,1,0,0,0,1,0.15136885875701905,151368.85875701904
Y2023_LAT23.90021_LON90.461,2023,90.46100376822567,23.900210088743844,0.0,0.0,0.8778626844261777,0.1221373155738223,0.0,0.0,3,0,0,1,0,0,0,0,0.0392664382019043,39266.4382019043
Y2023_LAT23.90262_LON90.08792,2023,90.0879157791817,23.902619362338964,0.5421686153014353,0.006024098353994629,0.45180728634457007,0.0,0.0,0.0,1,1,0,0,0,0,0,0,0.016577361328125,16577.361328125
Y2023_LAT23.9028_LON90.09773,2023,90.09772747523351,23.902804981100473,0.38454657532055936,0.003256369720311703,0.5870340881702831,0.02516296678884594,0.0,0.0,3,0,0,1,0,0,0,0,0.6746843717803955,674684.3717803955
Y2023_LAT23.90299_LON90.10754,2023,90.10753927088368,23.902989975253977,0.6019162617081185,0.0025214358519136857,0.3686333069773076,0.026928995462660168,0.0,0.0,1,1,0,0,0,0,0,0,0.9901699400253295,990169.9400253296
Y2023_LAT23.90317_LON90.11735,2023,90.117351165922,23.90317434474127,0.5424000502175186,0.024199927934633655,0.38350002961543017,0.045500017515404084,0.004399974717013556,0.0,1,1,0,0,0,0,0,0,0.9986729803848267,998672.9803848267
Y2023_LAT23.90336_LON90.12716,2023,90.12716315965166,23.903358089657306,0.45929997212044815,0.0,0.5391000353940416,0.0008999971410334853,0.0006999953444767749,0.0,3,0,0,1,0,0,0,0,0.998687432510376,998687.432510376
Y2023_LAT23.90354_LON90.13698,2023,90.1369752521041,23.903541209896854,0.33390070374125813,0.0,0.6657992960379773,0.00030000022076464666,0.0,0.0,3,0,0,1,0,0,0,0,0.9987018356704712,998701.8356704712
Y2023_LAT23.90372_LON90.14679,2023,90.1467874426553,23.903723705491075,0.5338988175284237,0.0,0.46210118896786184,0.003999993503714454,0.0,0.0,1,1,0,0,0,0,0,0,0.998716191078186,998716.191078186
Y2023_LAT23.90391_LON90.1566,2023,90.15659973118292,23.903905576283538,0.5876009789957597,0.010599999657690744,0.40149902180543073,0.0002999995411189563,0.0,0.0,1,1,0,0,0,0,0,0,0.9987304959640503,998730.4959640503
Y2023_LAT23.90409_LON90.16641,2023,90.16641211728204,23.904086822344457,0.4077996704398988,0.011400073605061919,0.5808002559550393,0.0,0.0,0.0,3,0,0,1,0,0,0,0,0.9987447528152466,998744.7528152466
Y2023_LAT23.90427_LON90.17622,2023,90.17622460057586,23.904267443610873,0.4542999829603969,0.01829988418831119,0.5190001274666706,0.008400005384621373,0.0,0.0,3,0,0,1,0,0,0,0,0.9987589600906372,998758.9600906372
Y2023_LAT23.90445_LON90.18604,2023,90.1860371806879,23.904447440139403,0.8644994317868208,0.0034000145502137676,0.13210055366296544,0.0,0.0,0.0,1,1,0,0,0,0,0,0,0.9987731175460816,998773.1175460815
Y2023_LAT23.90463_LON90.19585,2023,90.19584985746877,23.90462681183442,0.5556984424444175,0.01680003479193231,0.4275015227636502,0.0,0.0,0.0,1,1,0,0,0,0,0,0,0.9987872256698609,998787.2256698608
Y2023_LAT23.90481_LON90.20566,2023,90.20566263040952,23.904805558711846,0.5967998483477167,0.03759999233131037,0.34290010103177254,0.022700058289200367,0.0,0.0,1,1,0,0,0,0,0,0,0.9988012863616943,998801.2863616943
Y2023_LAT23.90498_LON90.21548,2023,90.21547549931775,23.90498368072012,0.9471003323285256,0.0001999987497395138,0.051499670159773886,0.001199998761961024,0.0,0.0,1,1,0,0,0,0,0,0,0.9988152954101562,998815.2954101562
Y2023_LAT23.90516_LON90.22529,2023,90.22528846370547,23.905161177852765,0.9171998184482867,0.008000015814779668,0.00029999887280525477,0.07450016686412841,0.0,0.0,1,1,0,0,0,0,0,0,0.9988292584915162,998829.2584915161
Y2023_LAT23.90534_LON90.2351,2023,90.23510152327206,23.905338050015168,0.8114996825150906,0.07520043423292377,0.013700065405622948,0.07239968649708742,0.027200131349275226,0.0,1,1,0,0,0,0,0,0,0.9988431716537476,998843.1716537476
Y2023_LAT23.90551_LON90.24491,2023,90.24491467776171,23.905514297304098,0.7705010747005772,0.16229916444409456,0.009799946524947128,0.05739981433038118,0.0,0.0,1,1,0,0,0,0,0,0,0.9988570357894897,998857.0357894897
Y2023_LAT23.90569_LON90.25473,2023,90.25472792682538,23.90568991954032,0.9266999960081154,0.04030000837736779,0.010199985166577557,0.02260001082984785,0.00019999961809141181,0.0,1,1,0,0,0,0,0,0,0.9988708496475219,998870.849647522
Y2023_LAT23.90586_LON90.26454,2023,90.26454127009222,23.90586491690071,0.6090004837103289,0.2179995552544269,0.1059000678509208,0.06709989318432343,0.0,0.0,1,1,0,0,0,0,0,0,0.9988846176452637,998884.6176452637
Y2023_LAT23.90604_LON90.27435,2023,90.27435470717882,23.906039289197267,0.4511985125926315,0.0004999987320282552,0.5061015515532582,0.04219993712208219,0.0,0.0,3,0,0,1,0,0,0,0,0.9988983308792114,998898.3308792114
Y2023_LAT23.90621_LON90.28417,2023,90.28416823786657,23.906213036451277,0.6703006725056262,0.01609995992328951,0.3096993679442671,0.0038999996268171823,0.0,0.0,1,1,0,0,0,0,0,0,0.9989119991607666,998911.9991607666
Y2023_LAT23.90639_LON90.29398,2023,90.29398186171044,23.9063861586221,1.0,0.0,0.0,0.0,0.0,0.0,1,1,0,0,0,0,0,0,0.9989256173553467,998925.6173553467
Y2023_LAT23.90656_LON90.3038,2023,90.30379557837136,23.906558655724737,0.9530997804679675,0.04570021160848429,0.0,0.001200007923548225,0.0,0.0,1,1,0,0,0,0,0,0,0.9989391870269776,998939.1870269775
Y2023_LAT23.90673_LON90.31361,2023,90.31360938772924,23.906730527740624,0.8710002543810892,0.0914996319871983,0.003999987555295596,0.03350012607641695,0.0,0.0,1,1,0,0,0,0,0,0,0.9989527062301635,998952.7062301636
Y2023_LAT23.9069_LON90.32342,2023,90.32342328917473,23.90690177465683,0.7707990644756589,0.07450028486723706,0.11640051191248177,0.020400048927428603,0.017900089817193588,0.0,1,1,0,0,0,0,0,0,0.9989661772537232,998966.1772537231
Y2023_LAT23.90707_LON90.33324,2023,90.333237282474,23.90707239642108,0.09179951778945315,0.01899992066921092,0.05909989956776487,0.5477000194682564,0.28240064250531466,0.0,4,0,0,0,1,0,0,0,0.9989795979690552,998979.5979690552
Y2023_LAT23.90724_LON90.34305,2023,90.34305136728841,23.907242392934382,0.0,0.0009418363433649823,0.6413947849202202,0.10536853332133729,0.2522948454150777,0.0,3,0,0,1,0,0,0,0,0.8485438510589599,848543.85105896
Y2023_LAT23.90741_LON90.35287,2023,90.35286554337758,23.90741176433192,0.0,0.0,0.9736842089925627,0.02631579100743727,0.0,0.0,3,0,0,1,0,0,0,0,0.003796199546813965,3796.199546813965
Y2023_LAT23.91127_LON90.06809,2023,90.06808904464485,23.911266771038225,0.9464156252593093,0.0,0.043639325393362675,0.009945049347327962,0.0,0.0,1,1,0,0,0,0,0,0,0.6727576366119384,672757.6366119385
Y2023_LAT23.91145_LON90.0779,2023,90.07790121976794,23.911453717955496,0.8276782665059672,0.035337047445944486,0.11741558002277797,0.01956910602531033,0.0,0.0,1,1,0,0,0,0,0,0,0.7093154868545533,709315.4868545532
Y2023_LAT23.91164_LON90.08771,2023,90.08771349513708,23.911640040153838,0.8500148068494296,0.0324171822132806,0.11248881197607352,0.005079198961216186,0.0,0.0,1,1,0,0,0,0,0,0,0.6684832994537353,668483.2994537354
Y2023_LAT23.91183_LON90.09753,2023,90.09752587049503,23.911825737522538,0.7041993007060893,0.0071000078841610016,0.2487005056310879,0.04000018577866188,0.0,0.0,1,1,0,0,0,0,0,0,0.9986439320831298,998643.9320831299
Y2023_LAT23.91201_LON90.10734,2023,90.10733834536826,23.912010810066647,0.4971994468792285,0.00019999910664609402,0.5025005547358297,9.999927829589028e-05,0.0,0.0,3,0,0,1,0,0,0,0,0.9986584829940796,998658.4829940796
Y2023_LAT23.9122_LON90.11715,2023,90.11715091963796,23.91219525767759,0.11809965259761798,0.0,0.862500255533475,0.01480006133789968,0.004600030531007389,0.0,3,0,0,1,0,0,0,0,0.998672983833313,998672.983833313
Y2023_LAT23.91238_LON90.12696,2023,90.12696359272061,23.912379080422376,0.3540010250310712,0.004900026562827871,0.39159963970776096,0.1642993961570467,0.08519991254129322,0.0,3,0,0,1,0,0,0,1,0.9986874372940063,998687.4372940063
Y2023_LAT23.91256_LON90.13678,2023,90.13677636446604,23.91256227816318,0.5093001158384424,0.0001999986594184616,0.4899998840179089,0.0005000014842303898,0.0,0.0,1,1,0,0,0,0,0,0,0.9987018388595581,998701.8388595581
Y2023_LAT23.91274_LON90.14659,2023,90.14658923438279,23.912744850967222,0.39660129505671254,0.0,0.6033987049432874,0.0,0.0,0.0,3,0,0,1,0,0,0,0,0.9987161944961548,998716.1944961548
Y2023_LAT23.91293_LON90.1564,2023,90.15640220232353,23.912926798802285,0.7819005575290077,0.0042000010017676555,0.2138994414692247,0.0,0.0,0.0,1,1,0,0,0,0,0,0,0.9987304993820191,998730.499382019
Y2023_LAT23.91311_LON90.16622,2023,90.16621526782451,23.91310812164641,0.5785998194925445,0.006500030647471224,0.406900144642131,0.00800000521785339,0.0,0.0,1,1,0,0,0,0,0,0,0.9987447556915283,998744.7556915283
Y2023_LAT23.91329_LON90.17603,2023,90.17602843061668,23.91328881945634,0.44330002871504476,0.0,0.5536999811151634,0.002999990169791912,0.0,0.0,3,0,0,1,0,0,0,0,0.998758961654663,998758.9616546631
Y2023_LAT23.91347_LON90.18584,2023,90.18584169027079,23.91346889219602,0.8421004539288863,0.0,0.15789954607111367,0.0,0.0,0.0,1,1,0,0,0,0,0,0,0.9987731206588745,998773.1206588745
Y2023_LAT23.91365_LON90.19566,2023,90.19565504647575,23.913648339915518,0.7527998029073157,0.0005000010933479223,0.2467001959993363,0.0,0.0,0.0,1,1,0,0,0,0,0,0,0.9987872294082641,998787.2294082642
Y2023_LAT23.91383_LON90.20547,2023,90.20546849904862,23.91382716245591,0.6865007405628569,0.0024000085908582533,0.28649911572696574,0.024600135119319085,0.0,0.0,1,1,0,0,0,0,0,0,0.9988012896499634,998801.2896499634
Y2023_LAT23.91401_LON90.21528,2023,90.21528204750622,23.914005359878427,0.9199999972761309,0.02619984166822877,0.0,0.05380016105564029,0.0,0.0,1,1,0,0,0,0,0,0,0.9988152998352051,998815.2998352051
Y2023_LAT23.91418_LON90.2251,2023,90.2250956914889,23.914182932130917,0.7701000241004176,0.01609993128073623,0.009099967149457938,0.20470007746938826,0.0,0.0,1,1,0,0,0,0,0,0,0.9988292616500855,998829.2616500854
Y2023_LAT23.91436_LON90.23491,2023,90.23490943068923,23.91435987920369,0.9345001113173619,0.016799961690234295,0.0015000089834261599,0.04719991800897761,0.0,0.0,1,1,0,0,0,0,0,0,0.9988431746749878,998843.1746749878
Y2023_LAT23.91454_LON90.24472,2023,90.24472326485738,23.914536201057746,0.8276999854088272,0.02049993200221046,0.07780008777712799,0.0739999948118344,0.0,0.0,1,1,0,0,0,0,0,0,0.9988570379562378,998857.0379562378
Y2023_LAT23.91471_LON90.25454,2023,90.25453719364454,23.914711897814605,0.6952001990027429,0.20769999854064344,0.0195998886964166,0.06369994000329371,0.013799973756903327,0.0,1,1,0,0,0,0,0,0,0.9988708528442383,998870.8528442383
Y2023_LAT23.91489_LON90.26435,2023,90.26435121660649,23.91488696920912,0.903799863133965,0.04059996295959681,0.043000209865710085,0.012599964040728216,0.0,0.0,1,1,0,0,0,0,0,0,0.9988846194534302,998884.6194534302
Y2023_LAT23.91506_LON90.27417,2023,90.27416533338909,23.915061415381363,0.5241993813660645,0.03750016707420425,0.38950052841527444,0.04879992314445687,0.0,0.0,1,1,0,0,0,0,0,0,0.9988983344268799,998898.3344268799
Y2023_LAT23.91524_LON90.28398,2023,90.2839795439219,23.915235236192398,0.9584002603832599,9.999932489262069e-05,0.03949975141103134,0.0019999888808161677,0.0,0.0,1,1,0,0,0,0,0,0,0.9989120019073486,998912.0019073486
Y2023_LAT23.91541_LON90.29379,2023,90.2937938475782,23.91540843172261,1.0,0.0,0.0,0.0,0.0,0.0,1,1,0,0,0,0,0,0,0.9989256195831299,998925.6195831299
Y2023_LAT23.91558_LON90.30361,2023,90.3036082440733,23.915581001930963,1.0,0.0,0.0,0.0,0.0,0.0,1,1,0,0,0,0,0,0,0.9989391888275146,998939.1888275146
Y2023_LAT23.91575_LON90.31342,2023,90.31342273328266,23.91575294669763,0.9682998360298594,0.0009000027228986654,0.002800009077988745,0.028000152169253247,0.0,0.0,1,1,0,0,0,0,0,0,0.9989527085876465,998952.7085876465
Y2023_LAT23.91592_LON90.32324,2023,90.32323731461811,23.915924266097917,0.7642992479524725,0.023599964766813163,0.1236004544278499,0.05080018491842139,0.03770014793444308,0.0,1,1,0,0,0,0,0,0,0.9989661806106568,998966.1806106567
Y2023_LAT23.91609_LON90.33305,2023,90.33305198782428,23.916094960058114,0.02629983820128194,0.0029999832739713026,0.4821997999521994,0.30629993516668036,0.18020044505334584,0.001999998352521186,3,0,0,1,0,0,0,1,0.9989796017379761,998979.6017379761
Y2023_LAT23.91627_LON90.34287,2023,90.34286675264342,23.91626502868802,0.0,0.0,0.8119001218434763,0.13140016954248457,0.056699708614039133,0.0,3,0,0,1,0,0,0,0,0.9989929771194458,998992.9771194458
Y2023_LAT23.91643_LON90.35268,2023,90.35268160867729,23.916434471708154,0.014492762245125516,0.0,0.8822463756922462,0.10326086206262827,0.0,0.0,3,0,0,1,0,0,0,0,0.05514480278015137,55144.80278015137
Y2023_LAT23.92029_LON90.06789,2023,90.06788530164413,23.92028727869885,0.6900076896424924,0.02176769755339665,0.27537379461544076,0.012850818188670187,0.0,0.0,1,1,0,0,0,0,0,0,0.38076738818359374,380767.38818359375
Y2023_LAT23.92047_LON90.0777,2023,90.077698156294,23.920474304845623,0.4195251338275156,0.0,0.5782741901873248,0.0022006759851595638,0.0,0.0,3,0,0,1,0,0,0,0,0.9983151056442261,998315.1056442261
Y2023_LAT23.92066_LON90.08751,2023,90.08751111119,23.92066070591179,0.30009990735197256,0.019700095519356607,0.5622995638048746,0.11790043332379643,0.0,0.0,3,0,0,1,0,0,0,0,0.9986293348312378,998629.3348312378
Y2023_LAT23.92085_LON90.09732,2023,90.09732416609907,23.920846481884332,0.5317997737305619,0.06950014137147649,0.3455003185498828,0.05319976634807903,0.0,0.0,1,1,0,0,0,0,0,0,0.9986439353103638,998643.9353103638
Y2023_LAT23.92103_LON90.10714,2023,90.10713732055757,23.921031632657122,0.6361995345416073,0.00250000263848448,0.303200675580758,0.0580997872391503,0.0,0.0,1,1,0,0,0,0,0,0,0.9986584858169556,998658.4858169556
Y2023_LAT23.92122_LON90.11695,2023,90.11695057441325,23.921216158393985,0.5305005979009356,0.014100026017735098,0.45539937608132924,0.0,0.0,0.0,1,1,0,0,0,0,0,0,0.998672987121582,998672.987121582
Y2023_LAT23.9214_LON90.12676,2023,90.12676392713566,23.92140005884229,0.8992002639456511,0.00030000209298612315,0.10049973396136275,0.0,0.0,0.0,1,1,0,0,0,0,0,0,0.9986874396820068,998687.4396820068
Y2023_LAT23.92158_LON90.13658,2023,90.13657737857478,23.9215833342621,0.8430992567968346,0.02200008649935952,0.13490065670380597,0.0,0.0,0.0,1,1,0,0,0,0,0,0,0.9987018422470093,998701.8422470093
Y2023_LAT23.92177_LON90.14639,2023,90.14639092827193,23.921765984405067,0.5837007898526897,0.0,0.4162992101473103,0.0,0.0,0.0,1,1,0,0,0,0,0,0,0.9987161966629028,998716.1966629028
Y2023_LAT23.92195_LON90.1562,2023,90.15620457582648,23.92194800928787,0.739399242467218,0.0,0.25510073390193355,0.005500023630848479,0.0,0.0,1,1,0,0,0,0,0,0,0.9987305014724731,998730.5014724731
Y2023_LAT23.92213_LON90.16602,2023,90.16601832120915,23.92212940888181,0.8911001784214326,0.0011000039996868598,0.10089982984248055,0.006899987736399902,0.0,0.0,1,1,0,0,0,0,0,0,0.9987447593765258,998744.7593765259
Y2023_LAT23.92231_LON90.17583,2023,90.17583216369981,23.922310183155794,0.5886993543525131,0.0,0.4113006456474869,0.0,0.0,0.0,1,1,0,0,0,0,0,0,0.9987589638748169,998758.9638748169
Y2023_LAT23.92249_LON90.18565,2023,90.18564610319386,23.922490332086976,0.7346998556057653,0.003599981156190048,0.2526001054373604,0.00910005780068422,0.0,0.0,1,1,0,0,0,0,0,0,0.9987731231384277,998773.1231384277
Y2023_LAT23.92267_LON90.19546,2023,90.19546013933515,23.9226698557382,0.40979979683601286,0.005099974344554241,0.5716002633971495,0.013499965422283405,0.0,0.0,3,0,0,1,0,0,0,0,0.9987872323913575,998787.2323913574
Y2023_LAT23.92285_LON90.20527,2023,90.20527427173054,23.9228487540319,0.927400337361782,0.018699947856991153,0.049199723190491554,0.00469999159073533,0.0,0.0,1,1,0,0,0,0,0,0,0.9988012920913696,998801.2920913696
Y2023_LAT23.92303_LON90.21509,2023,90.21508850007542,23.923027026920437,0.8187994897434114,0.0034000060790294892,0.14060045360141557,0.037200050576143465,0.0,0.0,1,1,0,0,0,0,0,0,0.9988153057174682,998815.3057174683
Y2023_LAT23.9232_LON90.2249,2023,90.22490282402647,23.92320467436388,0.622499521268966,0.011700044720250335,0.16840042540935474,0.19740000860142895,0.0,0.0,1,1,0,0,0,0,0,0,0.9988292643814087,998829.2643814087
Y2023_LAT23.92338_LON90.23472,2023,90.23471724324217,23.923381696428333,0.928000199010982,0.012799929377983079,0.03839983465077361,0.020800036960261323,0.0,0.0,1,1,0,0,0,0,0,0,0.9988431780700684,998843.1780700684
Y2023_LAT23.92356_LON90.24453,2023,90.24453175737668,23.923558092970506,0.7071997319783548,0.08960006636999877,0.06990001311111889,0.13300018664664845,0.00030000189387910245,0.0,1,1,0,0,0,0,0,0,0.9988570416564941,998857.0416564941
Y2023_LAT23.92373_LON90.25435,2023,90.25434636615259,23.92373386398265,0.9856000899469732,0.0006999954359376703,0.003999973884727173,0.009699940732361875,0.0,0.0,1,1,0,0,0,0,0,0,0.9988708555526733,998870.8555526733
Y2023_LAT23.92391_LON90.26416,2023,90.26416106922473,23.92390900955616,0.9437998107464866,0.004000022195868875,0.0,0.052200167057644596,0.0,0.0,1,1,0,0,0,0,0,0,0.9988846206436157,998884.6206436157
Y2023_LAT23.92408_LON90.27398,2023,90.27397586614127,23.92408352950021,0.8582000869613828,0.04590007056382379,0.0014999931156266515,0.09439984935916672,0.0,0.0,1,1,0,0,0,0,0,0,0.9988983375778199,998898.3375778198
Y2023_LAT23.92426_LON90.28379,2023,90.28379075666041,23.9242574239903,0.9982999887755526,0.0017000112244474003,0.0,0.0,0.0,0.0,1,1,0,0,0,0,0,0,0.9989120052108764,998912.0052108765
Y2023_LAT23.92443_LON90.29361,2023,90.29360574054748,23.924430692810738,0.9752000951566958,0.024799904843304146,0.0,0.0,0.0,0.0,1,1,0,0,0,0,0,0,0.9989256228103638,998925.6228103638
Y2023_LAT23.9246_LON90.30342,2023,90.30342081726704,23.924603336033616,1.0,0.0,0.0,0.0,0.0,0.0,1,1,0,0,0,0,0,0,0.998939193069458,998939.193069458
Y2023_LAT23.92478_LON90.31324,2023,90.31323598660447,23.924775353675173,0.8393993831471398,0.09300032134257316,0.028800090296324094,0.038800205213962984,0.0,0.0,1,1,0,0,0,0,0,0,0.9989527117080689,998952.7117080688
Y2023_LAT23.92495_LON90.32305,2023,90.32305124818397,23.924946745615596,0.9196997430923229,0.018699884403551182,0.001500009651659724,0.00019999987704421185,0.059900362975421936,0.0,1,1,0,0,0,0,0,0,0.998966182685852,998966.182685852
Y2023_LAT23.92512_LON90.33287,2023,90.33286660165298,23.925117511913353,0.054099702962900724,9.999956098849743e-05,0.4587006543285941,0.30800035078463556,0.17909929236288114,0.0,3,0,0,1,0,0,0,1,0.9989796053619385,998979.6053619385
Y2023_LAT23.92529_LON90.34268,2023,90.34268204675328,23.925287652394083,0.0029000189036952665,0.0,0.8881001166812977,0.10869986634909884,0.0002999980659081603,0.0,3,0,0,1,0,0,0,0,0.998992977142334,998992.977142334
Y2023_LAT23.92546_LON90.3525,2023,90.35249758312685,23.925457167268462,0.040133755877919224,0.0,0.19398007088949468,0.7658861732325861,0.0,0.0,4,0,0,0,1,0,0,0,0.1493506028060913,149350.6028060913
Y2023_LAT23.92931_LON90.06768,2023,90.06768145807496,23.92930777409205,0.4812568551268434,0.07311696092204997,0.443768692851257,0.0018574910998496188,0.0,0.0,1,1,0,0,0,0,0,1,0.5913717108001709,591371.7108001709
Y2023_LAT23.92949_LON90.07749,2023,90.0774949924864,23.92949487938198,0.5957360151978452,0.03072769758327772,0.3725353930738707,0.0010008941450063884,0.0,0.0,1,1,0,0,0,0,0,0,0.9977159447555543,997715.9447555542
Y2023_LAT23.92968_LON90.08731,2023,90.08730862722784,23.929681359316312,0.22129948010632822,0.005299969119983991,0.7219003708816815,0.05150017989200631,0.0,0.0,3,0,0,1,0,0,0,0,0.9986293389053345,998629.3389053345
Y2023_LAT23.92987_LON90.09712,2023,90.09712236206408,23.929867213915298,0.43560012758214617,0.0,0.4941001762136834,0.07029969620417048,0.0,0.0,3,0,0,1,0,0,0,1,0.9986439389495849,998643.938949585
Y2023_LAT23.93005_LON90.10694,2023,90.10693619646736,23.930052443185215,0.24990006220045535,0.002200012329435272,0.7464999301128382,0.0013999953572711803,0.0,0.0,3,0,0,1,0,0,0,0,0.9986584893112183,998658.4893112183
Y2023_LAT23.93024_LON90.11675,2023,90.11675013023752,23.930237046970703,0.1606001466721117,0.008000045726756468,0.8261997808994113,0.005200026701720649,0.0,0.0,3,0,0,1,0,0,0,0,0.9986729912338257,998672.9912338257
Y2023_LAT23.93042_LON90.12656,2023,90.12656416296012,23.930421025382827,0.3766000721790287,0.016099910292348776,0.6073000175286225,0.0,0.0,0.0,3,0,0,1,0,0,0,0,0.9986874426269531,998687.4426269531
Y2023_LAT23.9306_LON90.13638,2023,90.13637829441423,23.930604378231934,0.4055005121458742,0.00010000071179514459,0.5943994871423307,0.0,0.0,0.0,3,0,0,1,0,0,0,0,0.9987018451461792,998701.8451461792
Y2023_LAT23.93079_LON90.14619,2023,90.14619252409949,23.930787105600274,0.36969972859009187,0.0031000061832164813,0.5818004461615865,0.045399819065105144,0.0,0.0,3,0,0,1,0,0,0,0,0.9987162007827759,998716.2007827759
Y2023_LAT23.93097_LON90.15601,2023,90.15600685182127,23.93096920750875,0.7970997143596675,0.0012999910598824147,0.17660030811214728,0.024999986468302853,0.0,0.0,1,1,0,0,0,0,0,0,0.9987305057907104,998730.5057907104
Y2023_LAT23.93115_LON90.16582,2023,90.16582127721317,23.93115068394927,0.6725002411619762,0.0011999984248233161,0.2980997271206506,0.028200033292549945,0.0,0.0,1,1,0,0,0,0,0,0,0.998744762435913,998744.7624359131
Y2023_LAT23.93133_LON90.17564,2023,90.17563579985985,23.931331534791155,0.5037005540571869,0.0,0.4828993690570009,0.013400076885812177,0.0,0.0,1,1,0,0,0,0,0,0,0.9987589701919556,998758.9701919556
Y2023_LAT23.93151_LON90.18545,2023,90.18545041956013,23.93151176005887,0.4242999746612038,0.0014000082442455054,0.46880017611701325,0.10549984097753749,0.0,0.0,3,0,0,1,0,0,0,1,0.9987731265258789,998773.1265258789
Y2023_LAT23.93169_LON90.19527,2023,90.19526513579697,23.931691359646724,0.47100056818008107,0.017000039404126418,0.4952993927161338,0.016699999699658644,0.0,0.0,3,0,0,1,0,0,0,1,0.9987872357025146,998787.2357025146
Y2023_LAT23.93187_LON90.20508,2023,90.20507994855271,23.931870333590116,0.8286990969896696,0.0,0.16480090385812937,0.006499999152201055,0.0,0.0,1,1,0,0,0,0,0,0,0.9988012953414916,998801.2953414917
Y2023_LAT23.93205_LON90.21489,2023,90.21489485704817,23.932048681917674,0.26910027648874796,0.0,0.7079998183654463,0.022899905145805668,0.0,0.0,3,0,0,1,0,0,0,0,0.9988153076171875,998815.3076171875
Y2023_LAT23.93223_LON90.22471,2023,90.22470986128958,23.932226404551212,0.4198002343249207,0.0,0.4408992371121223,0.13930052856295697,0.0,0.0,3,0,0,1,0,0,0,1,0.9988292678375245,998829.2678375244
Y2023_LAT23.9324_LON90.23452,2023,90.23452496079805,23.93240350148894,0.5429999927081861,0.19970054790707417,0.1846996630939465,0.07259979629079323,0.0,0.0,1,1,0,0,0,0,0,0,0.9988431803054809,998843.180305481
Y2023_LAT23.93258_LON90.24434,2023,90.2443401553406,23.9325799727201,0.6870996430103321,0.023699882522229095,0.2667004162562794,0.022500058211159406,0.0,0.0,1,1,0,0,0,0,0,0,0.998857044090271,998857.044090271
Y2023_LAT23.93276_LON90.25416,2023,90.25415544444176,23.9327558182226,0.936500354969246,0.0,0.060999646704320364,0.002499998326433672,0.0,0.0,1,1,0,0,0,0,0,0,0.9988708591003418,998870.8591003418
Y2023_LAT23.93293_LON90.26397,2023,90.26397082788185,23.93293103780714,0.9414996743289874,0.05850032567101265,0.0,0.0,0.0,0.0,1,1,0,0,0,0,0,0,0.9988846207656861,998884.620765686
Y2023_LAT23.93311_LON90.27379,2023,90.2737863052287,23.933105631695824,0.9715001686737705,0.017499886638591637,0.0,0.010999944687637908,0.0,0.0,1,1,0,0,0,0,0,0,0.9988983403396606,998898.3403396606
Y2023_LAT23.93328_LON90.2836,2023,90.28360187622492,23.933279599675004,0.9919999772948771,0.0,0.0,0.008000022705122924,0.0,0.0,1,1,0,0,0,0,0,0,0.9989120075531006,998912.0075531006
Y2023_LAT23.93345_LON90.29342,2023,90.29341754059122,23.933452941948936,1.0,0.0,0.0,0.0,0.0,0.0,1,1,0,0,0,0,0,0,0.9989256260299683,998925.6260299683
Y2023_LAT23.93363_LON90.30323,2023,90.303233297789,23.933625658220567,0.9809999597768578,0.019000040223142216,0.0,0.0,0.0,0.0,1,1,0,0,0,0,0,0,0.9989391955184936,998939.1955184937
Y2023_LAT23.9338_LON90.31305,2023,90.31304914771525,23.933797748639137,0.9912000035582675,0.008799996441732462,0.0,0.0,0.0,0.0,1,1,0,0,0,0,0,0,0.9989527146606445,998952.7146606445
Y2023_LAT23.93397_LON90.32287,2023,90.32286508980216,23.933969213126904,0.8457993003107406,0.0030000080688504247,0.08910030545691365,0.00010000062944177234,0.062000385534053584,0.0,1,1,0,0,0,0,0,0,0.9989661852340698,998966.1852340698
Y2023_LAT23.93414_LON90.33268,2023,90.33268112394374,23.93414005168791,0.0,0.0,0.2596007772100082,0.06120010828304362,0.6791991145069481,0.0,5,0,0,0,0,1,0,0,0.9989796082000733,998979.6082000732
Y2023_LAT23.93431_LON90.3425,2023,90.34249724966791,23.934310264303605,0.0,0.0,0.8448363466498543,0.15426212526919517,0.0009015280809505335,0.0,3,0,0,1,0,0,0,0,0.9972946778945923,997294.6778945923
Y2023_LAT23.93448_LON90.35231,2023,90.35231346652779,23.93447985089774,0.002433088720682053,0.0,0.3272505700637497,0.6703163412155683,0.0,0.0,4,0,0,0,1,0,0,0,0.08211785152435302,82117.85152435303
Y2023_LAT23.93833_LON90.06748,2023,90.06747751374465,23.938328257252962,0.5055900502981304,0.14344157171338875,0.35096837798848085,0.0,0.0,0.0,1,1,0,0,0,0,0,0,0.6342125400848388,634212.5400848389
Y2023_LAT23.93852_LON90.07729,2023,90.07729172843332,23.938515441761226,0.14509964178222493,0.0,0.8549003582177751,0.0,0.0,0.0,3,0,0,1,0,0,0,0,0.9986146943588257,998614.6943588257
Y2023_LAT23.9387_LON90.08711,2023,90.08710604329207,23.938702000645563,0.173700744444945,9.999996549148849e-05,0.6125989199098755,0.21360033567968809,0.0,0.0,3,0,0,1,0,0,0,0,0.9986293424148559,998629.342414856
Y2023_LAT23.93889_LON90.09692,2023,90.09692045837127,23.938887933835517,0.048099690297648004,0.0,0.5758003463570063,0.37609996334534573,0.0,0.0,3,0,0,1,0,0,0,0,0.9986439419403076,998643.9419403076
Y2023_LAT23.93907_LON90.10673,2023,90.10673497303367,23.939073241416285,0.33080119127679675,0.0,0.6691988087232033,0.0,0.0,0.0,3,0,0,1,0,0,0,0,0.9986584921340942,998658.4921340942
Y2023_LAT23.93926_LON90.11655,2023,90.11654958707904,23.939257923351963,0.2970003457016911,0.0,0.6871996348804806,0.01580001941782843,0.0,0.0,3,0,0,1,0,0,0,0,0.9986729939346314,998672.9939346313
Y2023_LAT23.93944_LON90.12636,2023,90.12636430010852,23.939441979547208,0.3259997447082661,0.0,0.6740002552917339,0.0,0.0,0.0,3,0,0,1,0,0,0,0,0.9986874462356568,998687.4462356567
Y2023_LAT23.93963_LON90.13618,2023,90.1361791119022,23.939625410110324,0.3468006824943028,0.0017000114598572462,0.6514993060458399,0.0,0.0,0.0,3,0,0,1,0,0,0,0,0.9987018490219116,998701.8490219116
Y2023_LAT23.93981_LON90.14599,2023,90.14599402201988,23.93980821480279,0.7431001101654626,0.050699902323562744,0.1416000536311684,0.06459993387980634,0.0,0.0,1,1,0,0,0,0,0,0,0.9987162040710449,998716.2040710449
Y2023_LAT23.93999_LON90.15581,2023,90.15580903010611,23.9399903938047,0.6880000673016253,0.02270004027769848,0.26349980053667343,0.025800091884002768,0.0,0.0,1,1,0,0,0,0,0,0,0.998730509223938,998730.509223938
Y2023_LAT23.94017_LON90.16562,2023,90.1656241359553,23.94017194692044,0.5115994170625422,0.00319999975371918,0.43020055782517885,0.05500002535855977,0.0,0.0,1,1,0,0,0,0,0,0,0.9987447649002075,998744.7649002075
Y2023_LAT23.94035_LON90.17544,2023,90.17543933906119,23.940352874256657,0.6182003965346656,0.0,0.35649951077785264,0.025300092687481773,0.0,0.0,1,1,0,0,0,0,0,0,0.9987589726333618,998758.9726333618
Y2023_LAT23.94053_LON90.18525,2023,90.18525463917793,23.940533175734274,0.141599655731393,0.0,0.858400344268607,0.0,0.0,0.0,3,0,0,1,0,0,0,0,0.9987731298141479,998773.129814148
Y2023_LAT23.94071_LON90.19507,2023,90.19507003610771,23.940712851366772,0.1427999512276092,0.0,0.8554000551340718,0.0017999936383190434,0.0,0.0,3,0,0,1,0,0,0,0,0.9987872391891479,998787.239189148
Y2023_LAT23.94089_LON90.20489,2023,90.20488552924164,23.9408919011051,0.41979997046666745,9.999993596144492e-05,0.5384997912866345,0.04160023831073661,0.0,0.0,3,0,0,1,0,0,0,0,0.9988012987976074,998801.2987976074
Y2023_LAT23.94107_LON90.2147,2023,90.21470111838693,23.941070324893516,0.036199990795675305,0.0,0.8610005374561783,0.10279947174814646,0.0,0.0,3,0,0,1,0,0,0,0,0.9988153076171875,998815.3076171875
Y2023_LAT23.94125_LON90.22452,2023,90.22451680325467,23.94124812277844,0.16270042106065408,0.0,0.8352995868029832,0.001999992136362662,0.0,0.0,3,0,0,1,0,0,0,0,0.9988292713012695,998829.2713012695
Y2023_LAT23.94143_LON90.23433,2023,90.23433258346124,23.941425294618774,0.22409962625183036,0.0007999989681606001,0.5982007842350795,0.17689959054492957,0.0,0.0,3,0,0,1,0,0,0,0,0.9988431843643188,998843.1843643188
Y2023_LAT23.9416_LON90.24415,2023,90.24414845858257,23.94160184052209,0.21470044404816316,0.007600022600807235,0.7401993617132053,0.03750017163782427,0.0,0.0,3,0,0,1,0,0,0,0,0.9988570474853515,998857.0474853516
Y2023_LAT23.94178_LON90.25396,2023,90.25396442841975,23.941777760279727,0.6920005596110038,0.0,0.2626995194835783,0.04529992090541789,0.0,0.0,1,1,0,0,0,0,0,0,0.9988708623046875,998870.8623046875
Y2023_LAT23.94195_LON90.26378,2023,90.26378049259982,23.94195305417155,0.9076000498817842,0.03580002196054764,0.007200016971456342,0.049399911186211815,0.0,0.0,1,1,0,0,0,0,0,0,0.9988846280822754,998884.6280822754
Y2023_LAT23.94213_LON90.2736,2023,90.27359665073752,23.942127721924884,1.0,0.0,0.0,0.0,0.0,0.0,1,1,0,0,0,0,0,0,0.99889834249115,998898.3424911499
Y2023_LAT23.9423_LON90.28341,2023,90.2834129024596,23.942301763599044,1.0,0.0,0.0,0.0,0.0,0.0,1,1,0,0,0,0,0,0,0.9989120105819702,998912.0105819702
Y2023_LAT23.94248_LON90.29323,2023,90.29322924770673,23.942475179096554,1.0,0.0,0.0,0.0,0.0,0.0,1,1,0,0,0,0,0,0,0.9989256288223266,998925.6288223267
Y2023_LAT23.94265_LON90.30305,2023,90.30304568573182,23.942647968534864,1.0,0.0,0.0,0.0,0.0,0.0,1,1,0,0,0,0,0,0,0.9989391973876953,998939.1973876953
Y2023_LAT23.94282_LON90.31286,2023,90.31286221645671,23.942820131722108,1.0,0.0,0.0,0.0,0.0,0.0,1,1,0,0,0,0,0,0,0.9989527179336548,998952.7179336548
Y2023_LAT23.94299_LON90.32268,2023,90.32267883952481,23.942991668730105,0.8102989890032284,0.0032000079045952016,0.08140045991951614,0.0,0.10510054317266031,0.0,1,1,0,0,0,0,0,0,0.9989661884307861,998966.1884307861
Y2023_LAT23.94316_LON90.3325,2023,90.33249555454867,23.943162579535592,0.0,0.0,0.8916000257879837,0.0006999992374054503,0.10769997497461084,0.0,3,0,0,1,0,0,0,0,0.9989796104736328,998979.6104736328
Y2023_LAT23.94333_LON90.34231,2023,90.34231236127957,23.94333286412143,0.01565384860714851,0.0,0.863514712285425,0.12072912633328309,0.00010231277414355599,0.0,3,0,0,1,0,0,0,0,0.9764155916900634,976415.5916900635
Y2023_LAT23.9435_LON90.35213,2023,90.35212925913545,23.943502522483644,0.0,0.0,0.8333333333333334,0.16666666666666666,0.0,0.0,3,0,0,1,0,0,0,0,0.0011987996520996093,1198.7996520996094
Y2023_LAT23.94716_LON90.05746,2023,90.05745867441148,23.94716083880053,0.0,0.0,0.0,0.0,0.0,0.0,1,1,0,0,0,0,0,1,0.0,0.0
Y2023_LAT23.94735_LON90.06727,2023,90.067273468832,23.94734872830013,0.49768302876296533,0.0760812878497836,0.4216013017266148,0.004634381660636241,0.0,0.0,1,1,0,0,0,0,0,1,0.7757135784072876,775713.5784072876
Y2023_LAT23.94754_LON90.07709,2023,90.07708836392115,23.94753599191719,0.1507000351138441,0.0,0.8492999648861559,0.0,0.0,0.0,3,0,0,1,0,0,0,0,0.9986146974182128,998614.6974182129
Y2023_LAT23.94772_LON90.0869,2023,90.08690335938364,23.947722629629236,0.5336003345000487,0.07220018819123364,0.3903994686789693,0.003800008629748321,0.0,0.0,1,1,0,0,0,0,0,0,0.9986293460083008,998629.3460083008
Y2023_LAT23.94791_LON90.09672,2023,90.09671845494364,23.947908641565324,0.3294997853651859,0.01669999165884733,0.6514002349875554,0.0023999879884113425,0.0,0.0,3,0,0,1,0,0,0,0,0.9986439458465576,998643.9458465576
Y2023_LAT23.94809_LON90.10653,2023,90.10653365022651,23.948094027544432,0.2501000103869849,0.0,0.7498999896130151,0.0,0.0,0.0,3,0,0,1,0,0,0,0,0.9986584955978394,998658.4955978394
Y2023_LAT23.94828_LON90.11635,2023,90.11634894491192,23.948278787560028,0.7882996910599389,0.0014999987099542146,0.19210027126160417,0.018100038968502805,0.0,0.0,1,1,0,0,0,0,0,0,0.998672998374939,998672.998374939
Y2023_LAT23.94846_LON90.12616,2023,90.12616433862213,23.948462921613686,0.3896998020774135,0.06040005078141458,0.4744002830112924,0.07549986412987955,0.0,0.0,3,0,0,1,0,0,0,1,0.9986874484024048,998687.4484024048
Y2023_LAT23.94865_LON90.13598,2023,90.13597983105984,23.948646429658158,0.5287007716959838,0.05779984797145402,0.40149938109964073,0.011999999232921455,0.0,0.0,1,1,0,0,0,0,0,0,0.9987018524246216,998701.8524246216
Y2023_LAT23.94883_LON90.1458,2023,90.14579542184372,23.948829311813448,0.13509944999188356,0.004099975589455812,0.6519998038433596,0.20880077057530097,0.0,0.0,3,0,0,1,0,0,0,0,0.9987162063064575,998716.2063064575
Y2023_LAT23.94901_LON90.15561,2023,90.15561111075377,23.949011567798742,0.6116995159411668,0.0,0.28360052697813887,0.10469995708069434,0.0,0.0,1,1,0,0,0,0,0,0,0.9987305114059448,998730.5114059448
Y2023_LAT23.94919_LON90.16543,2023,90.1654268972933,23.949193197765204,0.3635000681713328,0.009300037963123382,0.6109998654582706,0.016200028407273297,0.0,0.0,3,0,0,1,0,0,0,0,0.9987447688140869,998744.7688140869
Y2023_LAT23.94937_LON90.17524,2023,90.17524278123004,23.949374201629876,0.41580006663890945,0.015199929189142146,0.5287001736430629,0.04029983052888558,0.0,0.0,3,0,0,1,0,0,0,0,0.9987589739761352,998758.9739761353
Y2023_LAT23.94955_LON90.18506,2023,90.18505876224124,23.94955457943429,0.20929993936279873,0.0,0.7907000606372012,0.0,0.0,0.0,3,0,0,1,0,0,0,0,0.99877313256073,998773.13256073
Y2023_LAT23.94973_LON90.19487,2023,90.19487484000675,23.94973433102749,0.2316007316047429,0.0,0.7515992124543369,0.016800055940920183,0.0,0.0,3,0,0,1,0,0,0,0,0.9987872421646118,998787.2421646118
Y2023_LAT23.94991_LON90.20469,2023,90.2046910139725,23.94991345649013,0.2779991336915232,0.0,0.7047009718281508,0.01729989448032609,0.0,0.0,3,0,0,1,0,0,0,0,0.9988013022079468,998801.3022079468
Y2023_LAT23.95009_LON90.21451,2023,90.21450728412792,23.950091955740824,0.02110000453577433,0.0,0.972700008006509,0.006199987457716677,0.0,0.0,3,0,0,1,0,0,0,0,0.998815311302185,998815.3113021851
Y2023_LAT23.95027_LON90.22432,2023,90.22432364986126,23.950269828777618,0.14200056086555826,0.0003000010984150014,0.8064994958783903,0.05119994215763647,0.0,0.0,3,0,0,1,0,0,0,0,0.9988292744216919,998829.2744216919
Y2023_LAT23.95045_LON90.23414,2023,90.23414011106804,23.95044707559433,0.07649982078632789,0.0,0.8248001780225038,0.0987000011911683,0.0,0.0,3,0,0,1,0,0,0,0,0.9988431862945557,998843.1862945557
Y2023_LAT23.95062_LON90.24396,2023,90.24395666719467,23.95062369614407,0.35350007179047266,0.014400059011648994,0.4410991586299062,0.19100071056797216,0.0,0.0,3,0,0,1,0,0,0,1,0.9988570505065918,998857.0505065918
Y2023_LAT23.9508_LON90.25377,2023,90.25377331809902,23.950799690482313,0.3816003826879289,0.004299987382486222,0.22349987417560768,0.39059975575397715,0.0,0.0,4,0,0,0,1,0,0,1,0.9988708654632569,998870.8654632568
Y2023_LAT23.95098_LON90.26359,2023,90.26359006331022,23.95097505840862,0.6424006382680377,0.02500014347419735,0.22889931815521106,0.10369990010255388,0.0,0.0,1,1,0,0,0,0,0,0,0.9988846321182251,998884.6321182251
Y2023_LAT23.95115_LON90.27341,2023,90.27340690258569,23.951149800035324,0.8828997718859981,0.10470023597722679,0.0,0.012399992136775067,0.0,0.0,1,1,0,0,0,0,0,0,0.9988983458938598,998898.3458938599
Y2023_LAT23.95132_LON90.28322,2023,90.28322383542117,23.951323915316387,0.745000548671173,0.25399945752672476,0.0,0.0009999938021022937,0.0,0.0,1,1,0,0,0,0,0,0,0.9989120139083862,998912.0139083862
Y2023_LAT23.9515_LON90.29304,2023,90.29304086174535,23.951497404204595,1.0,0.0,0.0,0.0,0.0,0.0,1,1,0,0,0,0,0,0,0.998925631729126,998925.631729126
Y2023_LAT23.95167_LON90.30286,2023,90.30285798102922,23.951670266684594,1.0,0.0,0.0,0.0,0.0,0.0,1,1,0,0,0,0,0,0,0.4257470512237549,425747.0512237549
Y2023_LAT23.95184_LON90.31268,2023,90.31267519299199,23.951842502758858,1.0,0.0,0.0,0.0,0.0,0.0,1,1,0,0,0,0,0,0,0.29099511734771727,290995.1173477173
Y2023_LAT23.95201_LON90.32249,2023,90.32249249722054,23.952014112410495,0.6732406085894412,0.0012258996451354521,0.26780453899682855,0.0,0.057728952768594764,0.0,1,1,0,0,0,0,0,0,0.8963726201019288,896372.6201019287
Y2023_LAT23.95219_LON90.33231,2023,90.33230989353223,23.952185095488655,0.0,0.0,0.9608148353032452,0.0,0.03918516469675477,0.0,3,0,0,1,0,0,0,0,0.44614313147735596,446143.13147735596
Y2023_LAT23.95236_LON90.34213,2023,90.34212738156036,23.95235545215825,0.13956979700242264,0.0,0.7918170456333941,0.06754773732495589,0.0010654200392275076,0.0,3,0,0,1,0,0,0,0,0.4688269426498413,468826.9426498413
Y2023_LAT23.95599_LON90.04744,2023,90.04743847386032,23.955992623041222,0.9906250148142371,0.006249978504247125,0.003125006681515689,0.0,0.0,0.0,1,1,0,0,0,0,0,0,0.03195440189361572,31954.401893615723
Y2023_LAT23.95618_LON90.05725,2023,90.0572538479042,23.95618121808232,0.603457097619102,0.13116416745047077,0.17946099776242408,0.08591773716800309,0.0,0.0,1,1,0,0,0,0,0,0,0.19642220934295654,196422.20934295654
Y2023_LAT23.95637_LON90.06707,2023,90.06706932315382,23.95636918701169,0.5237594784730314,0.12697999914679048,0.3004220063345559,0.04883851604562227,0.0,0.0,1,1,0,0,0,0,0,0,0.3782701325759888,378270.13257598877
Y2023_LAT23.95656_LON90.07688,2023,90.07688489900916,23.956556529803077,0.6069246848439134,0.05741285913696903,0.30555829629421083,0.030104159724906817,0.0,0.0,1,1,0,0,0,0,0,0,0.9288119347000122,928811.9347000122
Y2023_LAT23.95674_LON90.0867,2023,90.08670057538667,23.956743246538494,0.586700012045686,0.08159991246691242,0.3317000754874016,0.0,0.0,0.0,1,1,0,0,0,0,0,0,0.9986293499526978,998629.3499526978
Y2023_LAT23.95693_LON90.09652,2023,90.09651635184042,23.956929337096245,0.2471998662908454,0.0,0.7494001315148078,0.0009000050294405715,0.0,0.00249999716490623,3,0,0,1,0,0,0,0,0.9986439486618042,998643.9486618042
Y2023_LAT23.95711_LON90.10633,2023,90.10633222802885,23.9571148014168,0.24620014377876503,0.0,0.753799856221235,0.0,0.0,0.0,3,0,0,1,0,0,0,0,0.9986584986419678,998658.4986419678
Y2023_LAT23.9573_LON90.11615,2023,90.11614820364301,23.957299639595977,0.8477999800360811,0.0011999949958497297,0.1250000835230054,0.025999941445063745,0.0,0.0,1,1,0,0,0,0,0,0,0.9986730005493164,998673.0005493164
Y2023_LAT23.95748_LON90.12596,2023,90.125964278366,23.957483851585305,0.02679982306969942,0.0,0.9732001769303006,0.0,0.0,0.0,3,0,0,1,0,0,0,0,0.9986874532470703,998687.4532470703
Y2023_LAT23.95767_LON90.13578,2023,90.13578045187357,23.957667437253278,0.1912009470496647,0.0,0.8087990529503353,0.0,0.0,0.0,3,0,0,1,0,0,0,0,0.9987018557052613,998701.8557052612
Y2023_LAT23.95785_LON90.1456,2023,90.1455967236531,23.957850396592836,0.2920996472964774,0.00030000112796402907,0.6912002581471782,0.01640009342838048,0.0,0.0,3,0,0,1,0,0,0,0,0.9987162105636597,998716.2105636597
Y2023_LAT23.95803_LON90.15541,2023,90.15541309367222,23.958032729743756,0.45519934807825496,0.0,0.5321006159506438,0.01270003597110115,0.0,0.0,3,0,0,1,0,0,0,0,0.9987305157165527,998730.5157165527
Y2023_LAT23.95821_LON90.16523,2023,90.16522956127949,23.958214436509994,0.5517996702015551,0.0,0.4476003306374132,0.0005999991610318644,0.0,0.0,1,1,0,0,0,0,0,0,0.9987447716674804,998744.7716674805
Y2023_LAT23.9584_LON90.17505,2023,90.17504612638228,23.95839551692667,0.2691006400925944,0.0,0.7308993599074056,0.0,0.0,0.0,3,0,0,1,0,0,0,0,0.9987589791793823,998758.9791793823
Y2023_LAT23.95858_LON90.18486,2023,90.18486278857263,23.958575970906242,0.16310012859716871,0.0,0.8368998714028313,0.0,0.0,0.0,3,0,0,1,0,0,0,0,0.9987731355514526,998773.1355514526
Y2023_LAT23.95876_LON90.19468,2023,90.19467954745946,23.958755798577045,0.6255999740859433,0.00019999921038424794,0.27159984799208914,0.10260017871158342,0.0,0.0,1,1,0,0,0,0,0,0,0.9987872455978394,998787.2455978394
Y2023_LAT23.95893_LON90.2045,2023,90.20449640275629,23.958934999812023,0.4155996224409642,0.0025999987018313422,0.5525004427052751,0.029299936151929357,0.0,0.0,3,0,0,1,0,0,0,0,0.9988013045959473,998801.3045959473
Y2023_LAT23.95911_LON90.21431,2023,90.21431335408627,23.959113574561474,0.23729967795623524,0.00039999927799597287,0.7329003405358167,0.029399982229952167,0.0,0.0,3,0,0,1,0,0,0,0,0.9988153175811768,998815.3175811768
Y2023_LAT23.95929_LON90.22413,2023,90.22413040115858,23.959291522849245,0.265600630612821,0.003300009468061555,0.5581994442236428,0.1728999156954747,0.0,0.0,3,0,0,1,0,0,0,0,0.9988292773971558,998829.2773971558
Y2023_LAT23.95947_LON90.23395,2023,90.23394754360976,23.959468844646736,0.14529932006081478,0.00019999863322572658,0.7246008647198916,0.12989981658606803,0.0,0.0,3,0,0,1,0,0,0,0,0.9988431907119751,998843.1907119751
Y2023_LAT23.95965_LON90.24376,2023,90.24376478116957,23.959645539859693,0.28940048922458916,0.0006000032464671938,0.5084995270918112,0.2014999804371324,0.0,0.0,3,0,0,1,0,0,0,0,0.9988570526809692,998857.0526809692
Y2023_LAT23.95982_LON90.25358,2023,90.25358211343243,23.959821608556528,0.6415003218894948,0.0167999543442861,0.29189960047948116,0.049800123286738086,0.0,0.0,1,1,0,0,0,0,0,0,0.998870868423462,998870.8684234619
Y2023_LAT23.96_LON90.2634,2023,90.26339954000085,23.95999705072584,0.9203999891894377,0.02470004761609918,0.0,0.05489996319446319,0.0,0.0,1,1,0,0,0,0,0,0,0.998884634048462,998884.6340484619
Y2023_LAT23.96017_LON90.27322,2023,90.27321706067328,23.960171866235015,0.9548401302865426,0.02186562911583732,0.0,0.0232942405976201,0.0,0.0,1,1,0,0,0,0,0,0,0.9090975727767945,909097.5727767944
Y2023_LAT23.96035_LON90.28303,2023,90.28303467507726,23.960346055135613,0.5697061992078898,0.3687633726693431,0.03218041293928332,0.02924519395607636,0.00010482122740736474,0.0,1,1,0,0,0,0,0,0,0.9529618675537109,952961.8675537109
Y2023_LAT23.96052_LON90.29285,2023,90.29285238283336,23.96051961737,0.8566415836083934,0.11567056269961203,0.027687853691994616,0.0,0.0,0.0,1,1,0,0,0,0,0,0,0.710735286239624,710735.286239624
Y2023_LAT23.96069_LON90.30267,2023,90.30267018363574,23.960692552967732,1.0,0.0,0.0,0.0,0.0,0.0,1,1,0,0,0,0,0,0,0.055740474609375,55740.474609375
Y2023_LAT23.96086_LON90.31249,2023,90.31248807715275,23.960864861899754,1.0,0.0,0.0,0.0,0.0,0.0,1,1,0,0,0,0,0,0,0.0006992715682983398,699.2715682983398
Y2023_LAT23.96104_LON90.32231,2023,90.32230606291132,23.96103654404865,1.0,0.0,0.0,0.0,0.0,0.0,1,1,0,0,0,0,0,0,0.03076803345489502,30768.03345489502
Y2023_LAT23.96482_LON90.03742,2023,90.0374169114705,23.96482360939133,0.930434755698391,0.0,0.06956524430160904,0.0,0.0,0.0,1,1,0,0,0,0,0,0,0.01148346900177002,11483.46900177002
Y2023_LAT23.96501_LON90.04723,2023,90.04723286513152,23.965012910462278,0.3777915715913983,0.043003779708774656,0.561361334341204,0.01784331435862293,0.0,0.0,3,0,0,1,0,0,0,0,0.7778874535980225,777887.4535980225
Y2023_LAT23.9652_LON90.05705,2023,90.0570489202927,23.965201585135084,0.284499720541063,0.0,0.715500279458937,0.0,0.0,0.0,3,0,0,1,0,0,0,0,0.9985852616729737,998585.2616729736
Y2023_LAT23.96539_LON90.06687,2023,90.06686507664904,23.965389633526623,0.27740039951794526,0.0,0.7086995102677649,0.013900090214289978,0.0,0.0,3,0,0,1,0,0,0,0,0.9986000066452027,998600.0066452026
Y2023_LAT23.96558_LON90.07668,2023,90.0766813337264,23.965577055523735,0.5355005047505826,0.019499902061370335,0.41879972970877577,0.026199863479271262,0.0,0.0,1,1,0,0,0,0,0,0,0.9986147035369873,998614.7035369873
Y2023_LAT23.96576_LON90.0865,2023,90.08649769131077,23.96576385119665,0.38049942646998114,0.0010999982180929131,0.6184005753119259,0.0,0.0,0.0,3,0,0,1,0,0,0,0,0.9986293531799316,998629.3531799316
Y2023_LAT23.96595_LON90.09631,2023,90.0963141489496,23.965950020400243,0.30220032163772914,0.014500050969221199,0.679899606105392,0.0034000212876576594,0.0,0.0,3,0,0,1,0,0,0,0,0.9986439526901245,998643.9526901245
Y2023_LAT23.96614_LON90.10613,2023,90.10613070638702,23.966135563209384,0.2679000928370668,0.002799980435320176,0.7250999393323551,0.004199987395258118,0.0,0.0,3,0,0,1,0,0,0,0,0.9986585016021728,998658.5016021729
Y2023_LAT23.96632_LON90.11595,2023,90.11594736339083,23.96632047948856,0.6837995980420799,0.016899930877836998,0.27020059863602525,0.02909987244405787,0.0,0.0,1,1,0,0,0,0,0,0,0.9986730049438477,998673.0049438477
Y2023_LAT23.9665_LON90.12576,2023,90.12576411937276,23.9665047693033,0.14800000493020768,0.0,0.8519999950697923,0.0,0.0,0.0,3,0,0,1,0,0,0,0,0.9986874558029175,998687.4558029175
Y2023_LAT23.96669_LON90.13558,2023,90.13558097420697,23.966688432586764,0.518399741107488,0.0,0.48160025889251207,0.0,0.0,0.0,1,1,0,0,0,0,0,0,0.9987018591461182,998701.8591461182
Y2023_LAT23.96687_LON90.1454,2023,90.14539792740979,23.96687146938734,0.3237999463300647,0.0,0.6762000536699353,0.0,0.0,0.0,3,0,0,1,0,0,0,0,0.9987162135772705,998716.2135772705
Y2023_LAT23.96705_LON90.15521,2023,90.15521497878699,23.967053879535577,0.4431006059027934,0.0,0.5568993940972066,0.0,0.0,0.0,3,0,0,1,0,0,0,0,0.9987305189743042,998730.5189743042
Y2023_LAT23.96724_LON90.16503,2023,90.16503212789496,23.967235663102,0.5017003258249652,0.0013000035325828401,0.496999670642452,0.0,0.0,0.0,1,1,0,0,0,0,0,0,0.9987447742080688,998744.7742080688
Y2023_LAT23.96742_LON90.17485,2023,90.17484937448165,23.96741682006917,0.0879998049492228,0.0,0.9120001950507772,0.0,0.0,0.0,3,0,0,1,0,0,0,0,0.9987589827423096,998758.9827423096
Y2023_LAT23.9676_LON90.18467,2023,90.18466671814993,23.967597350440354,0.1432002598478498,0.0,0.8567997401521502,0.0,0.0,0.0,3,0,0,1,0,0,0,0,0.9987731394958496,998773.1394958496
Y2023_LAT23.96778_LON90.19448,2023,90.19448415855958,23.967777254098067,0.5799014656552282,0.0020000020433716564,0.4180985323014002,0.0,0.0,0.0,1,1,0,0,0,0,0,0,0.9987872485961914,998787.2485961914
Y2023_LAT23.96796_LON90.2043,2023,90.20430169541568,23.967956531058125,0.6500994253101755,0.057700142781112296,0.29030043916948856,0.0018999927392236579,0.0,0.0,1,1,0,0,0,0,0,0,0.9988013078536987,998801.3078536987
Y2023_LAT23.96814_LON90.21412,2023,90.21411932832416,23.968135181275997,0.31919991853992774,0.027399944677439888,0.5316996212095941,0.12170051557303818,0.0,0.0,3,0,0,1,0,0,0,0,0.998815319770813,998815.319770813
Y2023_LAT23.96831_LON90.22394,2023,90.2239370570402,23.96831320478585,0.29090022600821325,0.0028000003046688153,0.6907998337685152,0.015499939918602736,0.0,0.0,3,0,0,1,0,0,0,0,0.9988292806167602,998829.2806167603
Y2023_LAT23.96849_LON90.23375,2023,90.23375488121232,23.96849060152162,0.1604005400517255,0.00010000040867282893,0.7151992548963229,0.12430020464327884,0.0,0.0,3,0,0,1,0,0,0,0,0.998843192779541,998843.192779541
Y2023_LAT23.96867_LON90.24357,2023,90.24357280032979,23.968667371477327,0.11579965423841992,0.0001999988358276196,0.8082004653675823,0.07579988155817013,0.0,0.0,3,0,0,1,0,0,0,0,0.998857056274414,998857.0562744141
Y2023_LAT23.96884_LON90.25339,2023,90.25339081432813,23.968843514621888,0.2229003126717396,0.05670007293629051,0.7014995822458118,0.01890003214615816,0.0,0.0,3,0,0,1,0,0,0,0,0.9988708707199097,998870.8707199097
Y2023_LAT23.96902_LON90.26321,2023,90.2632089227475,23.969019030884144,0.648021878613046,0.016506145735042665,0.27510209059819274,0.06036988505371871,0.0,0.0,1,1,0,0,0,0,0,0,0.6535695346069336,653569.5346069336
Y2023_LAT23.96919_LON90.27303,2023,90.27302712508032,23.969193920349003,0.9569267863957417,0.0,0.0,0.04307321360425828,0.0,0.0,1,1,0,0,0,0,0,0,0.08580520124816894,85805.20124816895
Y2023_LAT23.96937_LON90.28285,2023,90.28284542130831,23.969368182886846,0.8163718178714631,0.0,0.1836281821285369,0.0,0.0,0.0,1,1,0,0,0,0,0,0,0.09030131080627442,90301.31080627441
Y2023_LAT23.97384_LON90.03721,2023,90.03721051980621,23.973843804404627,0.8365677381391908,0.0,0.13942814490795316,0.024004116952856147,0.0,0.0,1,1,0,0,0,0,0,0,0.19551819928741454,195518.19928741455
Y2023_LAT23.97403_LON90.04703,2023,90.04702715495428,23.97403318543268,0.48623026814431347,0.0032214647571055795,0.4972467361059541,0.013301530992626868,0.0,0.0,3,0,0,1,0,0,0,1,0.9609245925598144,960924.5925598145
Y2023_LAT23.97422_LON90.05684,2023,90.05684389162556,23.974221939936697,0.16099969147232102,0.00019999853630664255,0.8007002908035432,0.038100019187829126,0.0,0.0,3,0,0,1,0,0,0,0,0.9985852652664184,998585.2652664185
Y2023_LAT23.97441_LON90.06666,2023,90.06666072936207,23.97441006783677,0.14940043481794327,0.0,0.8505995651820567,0.0,0.0,0.0,3,0,0,1,0,0,0,0,0.9986000101547241,998600.0101547241
Y2023_LAT23.9746_LON90.07648,2023,90.07647766794187,23.97459756908933,0.3694996752586838,9.999952106428641e-05,0.6289003177660895,0.0015000074541624108,0.0,0.0,3,0,0,1,0,0,0,0,0.9986147070388794,998614.7070388794
Y2023_LAT23.97478_LON90.08629,2023,90.0862947070933,23.974784443647522,0.2439000208631166,0.0,0.7560999791368834,0.0,0.0,0.0,3,0,0,1,0,0,0,0,0.9986293574752808,998629.3574752808
Y2023_LAT23.97497_LON90.09611,2023,90.0961118463249,23.974970691544694,0.38659923478392094,0.045099916841955044,0.5462008804933841,0.022099967880739892,0.0,0.0,3,0,0,1,0,0,0,0,0.9986439552917481,998643.955291748
Y2023_LAT23.97516_LON90.10593,2023,90.10592908534069,23.975156312692146,0.2495003567085948,0.0,0.7385995758345364,0.011900067456868781,0.0,0.0,3,0,0,1,0,0,0,0,0.998658505065918,998658.505065918
Y2023_LAT23.97534_LON90.11575,2023,90.11574642392185,23.975341307190906,0.55230028616484,0.009699991873731884,0.42409981159677373,0.013899910364654412,0.0,0.0,1,1,0,0,0,0,0,0,0.9986730073852539,998673.0073852539
Y2023_LAT23.97553_LON90.12556,2023,90.12556386161538,23.975525674822016,0.2988001234829444,0.0,0.7011998765170556,0.0,0.0,0.0,3,0,0,1,0,0,0,0,0.9986874587554931,998687.4587554932
Y2023_LAT23.97571_LON90.13538,2023,90.13538139813804,23.975709415773085,0.18349937742564235,0.0,0.8165006225743576,0.0,0.0,0.0,3,0,0,1,0,0,0,0,0.9987018624343872,998701.8624343872
Y2023_LAT23.97589_LON90.1452,2023,90.14519903300263,23.975892529839115,0.2148000326753954,0.00019999972215307017,0.7849999676024515,0.0,0.0,0.0,3,0,0,1,0,0,0,0,0.9987162159423828,998716.2159423828
Y2023_LAT23.97608_LON90.15502,2023,90.1550167662372,23.976075017126078,0.2688004083988491,0.0,0.7311995916011509,0.0,0.0,0.0,3,0,0,1,0,0,0,0,0.9987305213241577,998730.5213241577
Y2023_LAT23.97626_LON90.16483,2023,90.16483459705708,23.976256877577896,0.2650003576603994,0.006300039446917584,0.728699602892683,0.0,0.0,0.0,3,0,0,1,0,0,0,0,0.9987447782287597,998744.7782287598
Y2023_LAT23.97644_LON90.17465,2023,90.17465252544086,23.976438111140663,0.5641989844831663,0.0,0.4358010155168337,0.0,0.0,0.0,1,1,0,0,0,0,0,0,0.9987589842224122,998758.9842224121
Y2023_LAT23.97662_LON90.18447,2023,90.18447055098922,23.97661871773375,0.557200626152795,0.0012000050263203876,0.44159936882088463,0.0,0.0,0.0,1,1,0,0,0,0,0,0,0.9987731424865722,998773.1424865723
Y2023_LAT23.9768_LON90.19429,2023,90.19428867323285,23.97679869744215,0.6049988985480212,0.0,0.39500110145197875,0.0,0.0,0.0,1,1,0,0,0,0,0,0,0.9987872525482178,998787.2525482178
Y2023_LAT23.97698_LON90.20411,2023,90.20410689194429,23.976978050127602,0.354899828864328,0.06480007588007401,0.5705000760119024,0.009800019243695557,0.0,0.0,3,0,0,1,0,0,0,0,0.9988013113479615,998801.3113479614
Y2023_LAT23.97716_LON90.21393,2023,90.21392520686369,23.977156775852194,0.13459981021247938,0.006999974730500737,0.6671998524976812,0.19120036255933864,0.0,0.0,3,0,0,1,0,0,0,0,0.9988153198242188,998815.3198242188
Y2023_LAT23.97733_LON90.22374,2023,90.22374361751692,23.977334874635005,0.3601996716188396,0.00010000005199415896,0.6335003145264319,0.006200013802734398,0.0,0.0,3,0,0,1,0,0,0,0,0.9988292841339111,998829.2841339111
Y2023_LAT23.97751_LON90.23356,2023,90.23356212365879,23.97751234636371,0.1587999200055609,0.0026000143745463153,0.7780998957655639,0.06050016985432886,0.0,0.0,3,0,0,1,0,0,0,0,0.998843196220398,998843.196220398
Y2023_LAT23.97769_LON90.24338,2023,90.2433807248103,23.97768919106518,0.21030036565292484,0.02469990419720015,0.7342998475284517,0.03069988262142337,0.0,0.0,3,0,0,1,0,0,0,0,0.9988570591583252,998857.0591583252
Y2023_LAT23.97787_LON90.2532,2023,90.2531994208089,23.977865408622943,0.7579786132413099,0.00010708899293494942,0.18654904417018395,0.055365253595571234,0.0,0.0,1,1,0,0,0,0,0,0,0.9327452479476929,932745.2479476929
Y2023_LAT23.97804_LON90.26302,2023,90.26301821134744,23.978040999082296,0.3262477215723784,0.020332750963050348,0.5942696595766096,0.05914986788796159,0.0,0.0,3,0,0,1,0,0,0,0,0.10807878334808349,108078.7833480835
Y2023_LAT23.98286_LON90.037,2023,90.03700402643314,23.982863987226168,0.44014676927682034,0.0,0.5598532307231797,0.0,0.0,0.0,3,0,0,1,0,0,0,0,0.2168873693008423,216887.36930084229
Y2023_LAT23.98305_LON90.04682,2023,90.04682134329869,23.983053448325194,0.28266451824321365,0.003186755252153381,0.6768635968116007,0.037285129693032285,0.0,0.0,3,0,0,1,0,0,0,0,0.940054517501831,940054.517501831
Y2023_LAT23.98324_LON90.05664,2023,90.05663876174621,23.98324228254006,0.31529960473877305,0.0,0.6197006906993341,0.06499970456189288,0.0,0.0,3,0,0,1,0,0,0,0,0.9985852687988281,998585.2687988281
Y2023_LAT23.98343_LON90.06646,2023,90.06645628123246,23.98343048982159,0.4242007710121299,0.0,0.5757992289878702,0.0,0.0,0.0,3,0,0,1,0,0,0,0,0.9986000144195557,998600.0144195557
Y2023_LAT23.98362_LON90.07627,2023,90.07627390172335,23.98361807027664,0.16990059039931266,0.0,0.8003992474444828,0.029700162156204548,0.0,0.0,3,0,0,1,0,0,0,0,0.998614710105896,998614.710105896
Y2023_LAT23.98381_LON90.08609,2023,90.08609162271958,23.9838050238103,0.12579980456066925,0.0,0.8690002270308125,0.0,0.0,0.00519996840851831,3,0,0,1,0,0,0,0,0.9986293603210449,998629.3603210449
Y2023_LAT23.98399_LON90.09591,2023,90.09590944385178,23.983991350348965,0.17020065910706206,0.0028000002538323666,0.7888992346585776,0.03810010598052807,0.0,0.0,3,0,0,1,0,0,0,0,0.9986439589767456,998643.9589767456
Y2023_LAT23.98418_LON90.10573,2023,90.10572736482118,23.984177050016708,0.38169923110009624,0.00499997953225033,0.6133007893676534,0.0,0.0,0.0,3,0,0,1,0,0,0,0,0.9986585085296631,998658.5085296631
Y2023_LAT23.98436_LON90.11555,2023,90.11554538531021,23.984362122614808,0.4390006884975292,0.008800003811228113,0.5521993076912427,0.0,0.0,0.0,3,0,0,1,0,0,0,0,0.9986730108413696,998673.0108413696
Y2023_LAT23.98455_LON90.12536,2023,90.12536350504517,23.984546568254345,0.13699954428546382,0.03319993609488194,0.8298005196196542,0.0,0.0,0.0,3,0,0,1,0,0,0,0,0.9986874631347656,998687.4631347656
Y2023_LAT23.98473_LON90.13518,2023,90.13518172355465,23.984730386793192,0.2729997730408641,0.0037000173427654552,0.7233002096163704,0.0,0.0,0.0,3,0,0,1,0,0,0,0,0.998701866355896,998701.866355896
Y2023_LAT23.98491_LON90.145,2023,90.14500004052871,23.98491357826769,0.42370081955635114,0.0010999991698166433,0.5751991812738322,0.0,0.0,0.0,3,0,0,1,0,0,0,0,0.9987162203292846,998716.2203292847
Y2023_LAT23.9851_LON90.15482,2023,90.1548184558327,23.9850961426335,0.017699973530360028,0.0,0.98230002646964,0.0,0.0,0.0,3,0,0,1,0,0,0,0,0.9987305256576539,998730.5256576538
Y2023_LAT23.98528_LON90.16464,2023,90.16463696878233,23.985278079884445,0.45610038734116165,0.0,0.5438996126588383,0.0,0.0,0.0,3,0,0,1,0,0,0,0,0.9987447810516358,998744.7810516357
Y2023_LAT23.98546_LON90.17446,2023,90.17445557925724,23.98545938995834,0.25839993129640915,0.0,0.7416000687035909,0.0,0.0,0.0,3,0,0,1,0,0,0,0,0.9987589874191284,998758.9874191284
Y2023_LAT23.98564_LON90.18427,2023,90.18427428700817,23.9856400729411,0.40440079894051434,0.01230003728383466,0.5831991632284625,0.00010000054718850232,0.0,0.0,3,0,0,1,0,0,0,0,0.9987731450576782,998773.1450576782
Y2023_LAT23.98582_LON90.19409,2023,90.19409309144393,23.985820128648346,0.3640986579052724,0.0,0.6359013420947276,0.0,0.0,0.0,3,0,0,1,0,0,0,0,0.9987872550125122,998787.2550125122
Y2023_LAT23.986_LON90.20391,2023,90.20391199242617,23.98599955722351,0.12220039361187267,0.0,0.8741996009895877,0.003600005398539632,0.0,0.0,3,0,0,1,0,0,0,0,0.9988013145675659,998801.3145675659
Y2023_LAT23.98618_LON90.21373,2023,90.21373098958487,23.986178358547683,0.23019952167821006,0.0,0.6102004570169363,0.15960002130485362,0.0,0.0,3,0,0,1,0,0,0,0,0.9988153229064941,998815.3229064941
Y2023_LAT23.98636_LON90.22355,2023,90.22355008253786,23.986356532477554,0.46610076202789386,0.0005999984616404902,0.4723991316424817,0.06090010786798394,0.0,0.0,3,0,0,1,0,0,0,1,0.9988292872085571,998829.2872085571
Y2023_LAT23.98653_LON90.23337,2023,90.23336927093084,23.986534079154005,0.7228999710345347,0.017800100445272304,0.2321997995397383,0.027100128980454673,0.0,0.0,1,1,0,0,0,0,0,0,0.9988431993408203,998843.1993408203
Y2023_LAT23.98671_LON90.24319,2023,90.24318855456185,23.986710998531812,0.794500581926233,0.05369985729016988,0.12949966932507348,0.022299891458523638,0.0,0.0,1,1,0,0,0,0,0,0,0.9988570621261597,998857.0621261597
Y2023_LAT23.98689_LON90.25301,2023,90.25300793288221,23.986887290569346,0.9432466437041678,0.025030942937492615,0.004213126849445563,0.027509286508894084,0.0,0.0,1,1,0,0,0,0,0,0,0.4030429231491089,403042.9231491089
Y2023_LAT23.99207_LON90.04662,2023,90.04661543010013,23.992073698764727,0.17583550515755605,0.1661264014221272,0.6580380934203167,0.0,0.0,0.0,3,0,0,1,0,0,0,0,0.09256783625793458,92567.83625793457
Y2023_LAT23.99226_LON90.05643,2023,90.05643353060012,23.99226261272556,0.2889620792957361,0.00011037591039782677,0.7062917869661626,0.00463575782770348,0.0,0.0,3,0,0,1,0,0,0,0,0.9047187324447632,904718.7324447632
Y2023_LAT23.99245_LON90.06625,2023,90.0662517323497,23.99245089958671,0.21040036998327163,0.0,0.7887996242651766,0.0008000057515518282,0.0,0.0,3,0,0,1,0,0,0,0,0.9986000174331665,998600.0174331665
Y2023_LAT23.99264_LON90.07607,2023,90.07607003497604,23.992638559336502,0.32519999163168445,0.0,0.6202997148357086,0.054500293532607005,0.0,0.0,3,0,0,1,0,0,0,0,0.9986147139511108,998614.7139511108
Y2023_LAT23.99283_LON90.08589,2023,90.08588843813719,23.992825591785948,0.3730005709302808,0.00030000015734686034,0.6005996021248775,0.026099826787494885,0.0,0.0,3,0,0,1,0,0,0,0,0.9986293641281128,998629.3641281128
Y2023_LAT23.99301_LON90.09571,2023,90.09570694155349,23.993011997118185,0.6666005209351844,0.0007000000918672818,0.3055994644707869,0.02710001450216136,0.0,0.0,1,1,0,0,0,0,0,0,0.9986439620437622,998643.9620437622
Y2023_LAT23.9932_LON90.10553,2023,90.1055255447771,23.993197775140846,0.03370000919263271,0.0,0.9662999908073673,0.0,0.0,0.0,3,0,0,1,0,0,0,0,0.9986585121765137,998658.5121765137
Y2023_LAT23.99338_LON90.11534,2023,90.11534424756522,23.99338292596083,0.122499748547399,9.999960325159674e-05,0.8774002518493494,0.0,0.0,0.0,3,0,0,1,0,0,0,0,0.9986730143432617,998673.0143432617
Y2023_LAT23.99357_LON90.12516,2023,90.1251630496369,23.993567449479496,0.09240016964267533,0.0,0.9075998303573247,0.0,0.0,0.0,3,0,0,1,0,0,0,0,0.9986874652862548,998687.4652862549
Y2023_LAT23.99375_LON90.13498,2023,90.13498195048736,23.993751345642877,0.27729956363629943,0.04979993156503364,0.6729005047986669,0.0,0.0,0.0,3,0,0,1,0,0,0,0,0.9987018694381714,998701.8694381714
Y2023_LAT23.99393_LON90.1448,2023,90.14480094986662,23.993934614536396,0.12790010943259977,0.0,0.8720998905674002,0.0,0.0,0.0,3,0,0,1,0,0,0,0,0.9987162231292724,998716.2231292725
Y2023_LAT23.99412_LON90.15462,2023,90.15462004752416,23.994117256035924,0.21119988186560795,0.0,0.788800118134392,0.0,0.0,0.0,3,0,0,1,0,0,0,0,0.9987305287322998,998730.5287322998
Y2023_LAT23.9943_LON90.16444,2023,90.16443924301608,23.99429927011732,0.4300985398658281,0.0,0.569901460134172,0.0,0.0,0.0,3,0,0,1,0,0,0,0,0.998744783744812,998744.783744812
Y2023_LAT23.99448_LON90.17426,2023,90.17425853595219,23.99448065679874,0.15639943332952444,0.0,0.8436005666704756,0.0,0.0,0.0,3,0,0,1,0,0,0,0,0.9987589925613404,998758.9925613403
Y2023_LAT23.99466_LON90.18408,2023,90.18407792612972,23.994661416030453,0.5467007069222282,0.017300029571335925,0.4359992635064359,0.0,0.0,0.0,1,1,0,0,0,0,0,0,0.9987731491622924,998773.1491622925
Y2023_LAT23.99484_LON90.1939,2023,90.193897413242,23.994841547842743,0.14329959086478966,0.0,0.8567004091352103,0.0,0.0,0.0,3,0,0,1,0,0,0,0,0.998787258392334,998787.258392334
Y2023_LAT23.99502_LON90.20372,2023,90.20371699672887,23.995021052140032,0.24160050584498263,0.024200097673466776,0.7341993964815506,0.0,0.0,0.0,3,0,0,1,0,0,0,0,0.9988013177947999,998801.3177947998
Y2023_LAT23.9952_LON90.21354,2023,90.21353667649774,23.995199928919764,0.190999745035865,0.13850035601279564,0.5866996590246507,0.08380023992668861,0.0,0.0,3,0,0,1,0,0,0,0,0.9988153294296265,998815.3294296265
Y2023_LAT23.99538_LON90.22336,2023,90.22335645208524,23.995378178219756,0.057400006773281415,0.09879984674905751,0.6778007114522995,0.16599943502536163,0.0,0.0,3,0,0,1,0,0,0,0,0.9988292904434204,998829.2904434204
Y2023_LAT23.99556_LON90.23318,2023,90.23317632312855,23.99555579991514,0.46140066384807116,0.13970032584516517,0.3730989847281448,0.025800025578618838,0.0,0.0,1,1,0,0,0,0,0,1,0.9988432019958496,998843.2019958496
Y2023_LAT23.99573_LON90.243,2023,90.24299628940503,23.995732794001327,0.9592002002573418,0.032599851985570076,0.00809994801163859,9.999974544957452e-05,0.0,0.0,1,1,0,0,0,0,0,0,0.9988570652999877,998857.0652999878
Y2023_LAT23.99591_LON90.25282,2023,90.25281635055009,23.995909160573362,0.9949898207743332,0.001409118838370988,0.0,0.0036010603872958236,0.0,0.0,1,1,0,0,0,0,0,0,0.6379774355926514,637977.4355926514
Y2023_LAT24.00071_LON90.02677,2023,90.02677215455752,24.000714067507797,0.375000744237316,0.0,0.624999255762684,0.0,0.0,0.0,3,0,0,1,0,0,0,0,0.07748695835876465,77486.95835876465
Y2023_LAT24.0009_LON90.03659,2023,90.03659073394734,24.000904315890693,0.0,0.0,1.0,0.0,0.0,0.0,3,0,0,1,0,0,0,0,0.009686047241210938,9686.047241210938
Y2023_LAT24.00109_LON90.04641,2023,90.04640941533675,24.00109393706591,0.24460155708815226,0.04665410132426959,0.7087443415875782,0.0,0.0,0.0,3,0,0,1,0,0,0,0,0.7491284092941284,749128.4092941284
Y2023_LAT24.00128_LON90.05623,2023,90.05622819828714,24.001282930860743,0.5213352596319369,0.11406454391709166,0.3646001964509714,0.0,0.0,0.0,1,1,0,0,0,0,0,0,0.8378136173934937,837813.6173934937
Y2023_LAT24.00147_LON90.06605,2023,90.06604708253283,24.001471297199046,0.24019903657220942,0.00939999031336304,0.7504009731144275,0.0,0.0,0.0,3,0,0,1,0,0,0,0,0.9986000206069946,998600.0206069946
Y2023_LAT24.00166_LON90.07587,2023,90.07586606760358,24.00165903601108,0.4591005202430377,0.0,0.539699471077275,0.001200008679687393,0.0,0.0,3,0,0,1,0,0,0,0,0.9986147175598145,998614.7175598145
Y2023_LAT24.00185_LON90.08569,2023,90.08568515340238,24.00184614755451,0.17179983334314594,0.0,0.8223002066389734,0.005899960017880607,0.0,0.0,3,0,0,1,0,0,0,0,0.9986293667984009,998629.3667984009
Y2023_LAT24.00203_LON90.0955,2023,90.09550433935439,24.002032631581265,0.33760006745576676,0.01229999141801112,0.6174999747628548,0.03259996636336738,0.0,0.0,3,0,0,1,0,0,0,0,0.9986439658889771,998643.965888977
Y2023_LAT24.00222_LON90.10532,2023,90.1053236252335,24.002218488110845,0.26420057327979285,0.0023000066273207776,0.7313994083028217,0.002100011790064696,0.0,0.0,3,0,0,1,0,0,0,0,0.9986585152969361,998658.515296936
Y2023_LAT24.0024_LON90.11514,2023,90.11514301061867,24.00240371702454,0.18390028779529058,0.003400003957949886,0.8083997245848461,0.004299983661913386,0.0,0.0,3,0,0,1,0,0,0,0,0.9986730169677734,998673.0169677734
Y2023_LAT24.00259_LON90.12496,2023,90.12496249532208,24.00258831841588,0.27720036500772444,0.01329992535776788,0.7094997096345077,0.0,0.0,0.0,3,0,0,1,0,0,0,0,0.9986874697494507,998687.4697494507
Y2023_LAT24.00277_LON90.13478,2023,90.13478207889872,24.002772292308027,0.403400597257245,0.0,0.596599402742755,0.0,0.0,0.0,3,0,0,1,0,0,0,0,0.9987018727035523,998701.8727035522
Y2023_LAT24.00296_LON90.1446,2023,90.14460176103334,24.002955638543433,0.40519989916082844,0.02019995053598667,0.5746001503031849,0.0,0.0,0.0,3,0,0,1,0,0,0,0,0.9987162255859375,998716.2255859375
Y2023_LAT24.00314_LON90.15442,2023,90.15442154138915,24.00313835715581,0.5132993295971447,0.011299976994083435,0.4754006934087718,0.0,0.0,0.0,1,1,0,0,0,0,0,0,0.9987305312728881,998730.5312728882
Y2023_LAT24.00332_LON90.16424,2023,90.16424141964353,24.00332044815204,0.2716624991185203,0.026066522887013086,0.7022709779944666,0.0,0.0,0.0,3,0,0,1,0,0,0,0,0.9808671385192871,980867.1385192871
Y2023_LAT24.0035_LON90.17406,2023,90.17406139547691,24.00350191142814,0.4684572511533237,0.0,0.5315427488466763,0.0,0.0,0.0,3,0,0,1,0,0,0,0,0.2564809611053467,256480.96110534668
Y2023_LAT24.00368_LON90.18388,2023,90.18388146853671,24.003682747040553,0.6049348372023741,0.012931050373989755,0.3764860676116164,0.005648044812019783,0.0,0.0,1,1,0,0,0,0,0,0,0.6719757221679687,671975.7221679688
Y2023_LAT24.00386_LON90.1937,2023,90.19370163840667,24.003862954888493,0.3455791716278193,0.0485060402161209,0.6057101231719765,0.00020466498408328414,0.0,0.0,3,0,0,1,0,0,0,0,0.9760148206787109,976014.8206787109
Y2023_LAT24.00404_LON90.20352,2023,90.20352190487804,24.004042534973074,0.3597376136105662,0.03210686121113304,0.6015935442758888,0.006561980902411853,0.0,0.0,3,0,0,1,0,0,0,0,0.8523765694580078,852376.5694580078
Y2023_LAT24.00422_LON90.21334,2023,90.21334226757082,24.00422148730903,0.12832575801598164,0.36839536010440677,0.4159130416035817,0.0873658402760299,0.0,0.0,3,0,0,1,0,0,0,1,0.8071421149368286,807142.1149368286
Y2023_LAT24.0044_LON90.22316,2023,90.22316272609173,24.004399811826477,0.16403351101517832,0.48264047267768484,0.3309768582590303,0.02234915804810655,0.0,0.0,2,0,1,0,0,0,0,1,0.9608739478302002,960873.9478302002
Y2023_LAT24.00458_LON90.23298,2023,90.23298328017596,24.00457750857473,0.3577107548454468,0.405034557349962,0.23704574514142818,0.00020894266316299695,0.0,0.0,2,0,1,0,0,0,0,1,0.9560926986541748,956092.6986541748
Y2023_LAT24.00475_LON90.2428,2023,90.24280392946517,24.004754577451283,0.8652500098834955,0.08135865915300546,0.05298454003257727,0.00040679093092177513,0.0,0.0,1,1,0,0,0,0,0,0,0.9821762474136353,982176.2474136353
Y2023_LAT24.00493_LON90.25262,2023,90.2526246736737,24.004931018398594,0.43581192689260584,0.3121797207364553,0.1882821004902463,0.0637262518806926,0.0,0.0,1,1,0,0,0,0,0,1,0.7586413481063843,758641.3481063843
Y2023_LAT24.00511_LON90.26245,2023,90.26244551224927,24.005106831446067,0.0,0.47552401237290837,0.5244759876270916,0.0,0.0,0.0,3,0,0,1,0,0,0,0,0.028567949981689454,28567.949981689453
Y2023_LAT24.00935_LON90.00693,2023,90.00692645556579,24.009351592831333,0.5349487584402004,0.0326187869447688,0.3886300766035413,0.043802378011489444,0.0,0.0,1,1,0,0,0,0,0,0,0.2142814344406128,214281.4344406128
Y2023_LAT24.00954_LON90.01675,2023,90.0167455127659,24.009543176768688,0.2449402652075473,0.08909673160442878,0.6659630031880239,0.0,0.0,0.0,3,0,0,1,0,0,0,0,0.3306114072036743,330611.4072036743
Y2023_LAT24.00973_LON90.02656,2023,90.02656467272134,24.00973413308127,0.2519943129895482,0.000490734075319384,0.7475149529351324,0.0,0.0,0.0,3,0,0,1,0,0,0,0,0.813911564086914,813911.5640869141
Y2023_LAT24.00992_LON90.03638,2023,90.0363839348386,24.00992446192118,0.18077161728276983,0.003389474903622608,0.8158389078136076,0.0,0.0,0.0,3,0,0,1,0,0,0,0,0.972193871925354,972193.871925354
Y2023_LAT24.01011_LON90.0462,2023,90.04620329900287,24.010114163037514,0.0718001977262475,0.0,0.9281998022737525,0.0,0.0,0.0,3,0,0,1,0,0,0,0,0.9985704824371338,998570.4824371338
Y2023_LAT24.0103_LON90.05602,2023,90.05602276473513,24.01030323653413,0.2647005605628225,0.0063000311896943394,0.7289994082474832,0.0,0.0,0.0,3,0,0,1,0,0,0,0,0.9985852785720826,998585.2785720825
Y2023_LAT24.01049_LON90.06584,2023,90.06584233176525,24.01049168243344,0.5171002470404834,0.03149990640972071,0.44349984697981015,0.007899999569985914,0.0,0.0,1,1,0,0,0,0,0,0,0.9986000247268677,998600.0247268677
Y2023_LAT24.01068_LON90.07566,2023,90.07566199971286,24.010679500663898,0.7238003586769353,0.0235001352832188,0.2500994966085942,0.002600009431251869,0.0,0.0,1,1,0,0,0,0,0,0,0.9986147206802368,998614.7206802368
Y2023_LAT24.01087_LON90.08548,2023,90.08548176839925,24.010866691120324,0.4121994196911779,0.04170007519566486,0.5449005118947667,0.0011999932183904747,0.0,0.0,3,0,0,1,0,0,0,0,0.9986293707580567,998629.3707580566
Y2023_LAT24.01105_LON90.0953,2023,90.09530163723639,24.011053253815835,0.23529989993574452,0.0677999730155521,0.694600122558269,0.002300004490434415,0.0,0.0,3,0,0,1,0,0,0,0,0.9986439687576294,998643.9687576294
Y2023_LAT24.01124_LON90.10512,2023,90.10512160607054,24.01123918877232,0.4106002059593777,0.033700038448315345,0.555699755592307,0.0,0.0,0.0,3,0,0,1,0,0,0,0,0.998658519317627,998658.519317627
Y2023_LAT24.01142_LON90.11494,2023,90.11494167441529,24.011424495946347,0.47990056151708177,0.02849996113476699,0.49159947734815124,0.0,0.0,0.0,3,0,0,1,0,0,0,1,0.998673021118164,998673.0211181641
Y2023_LAT24.01161_LON90.12476,2023,90.12476184214272,24.01160917528913,0.38229932351281615,0.0003999999712116041,0.6173006765159723,0.0,0.0,0.0,3,0,0,1,0,0,0,0,0.998687472694397,998687.472694397
Y2023_LAT24.01179_LON90.13458,2023,90.13458210874504,24.011793226804958,0.19110060047933608,0.0,0.8088993995206639,0.0,0.0,0.0,3,0,0,1,0,0,0,0,0.9987018765716553,998701.8765716553
Y2023_LAT24.01198_LON90.1444,2023,90.14440247393608,24.01197665041393,0.3150000515636171,0.010100040820912046,0.6748999076154709,0.0,0.0,0.0,3,0,0,1,0,0,0,0,0.9987162300262451,998716.2300262451
Y2023_LAT24.01216_LON90.15422,2023,90.15422293740608,24.012159446180302,0.29639949891389206,0.054399960962161605,0.6492005401239463,0.0,0.0,0.0,3,0,0,1,0,0,0,0,0.9987305355453491,998730.5355453491
Y2023_LAT24.01234_LON90.16404,2023,90.1640434987687,24.012341613997805,0.3553161764844367,0.009918271696250047,0.6347655518193133,0.0,0.0,0.0,3,0,0,1,0,0,0,0,0.5739772430114746,573977.2430114746
Y2023_LAT24.0127_LON90.18368,2023,90.18368491398347,24.012704065831226,0.7468851948898683,0.0,0.25311480511013174,0.0,0.0,0.0,1,1,0,0,0,0,0,0,0.15231357847595214,152313.57847595215
Y2023_LAT24.01288_LON90.19351,2023,90.19350576707565,24.012884349796376,0.2786419950537523,0.10820389794580727,0.6131541070004404,0.0,0.0,0.0,3,0,0,1,0,0,0,0,0.2824561531143189,282456.15311431885
Y2023_LAT24.01306_LON90.20333,2023,90.20332671680983,24.01306400570573,0.0,0.0,1.0,0.0,0.0,0.0,3,0,0,1,0,0,0,0,0.0652215040359497,65221.50403594971
Y2023_LAT24.01324_LON90.21315,2023,90.21314776275689,24.01324303362963,0.0,0.0,1.0,0.0,0.0,0.0,3,0,0,1,0,0,0,0,0.03136264914703369,31362.64914703369
Y2023_LAT24.01342_LON90.22297,2023,90.22296890459543,24.01342143342227,0.20312547628196484,0.1445313949449923,0.6523431287730429,0.0,0.0,0.0,3,0,0,1,0,0,0,0,0.025570021812438965,25570.021812438965
Y2023_LAT24.01378_LON90.24261,2023,90.24261147465621,24.013776348732712,0.7468602745448102,0.048192758468522674,0.18533666903565726,0.019610297951009856,0.0,0.0,1,1,0,0,0,0,0,0,0.7793094709320069,779309.4709320068
Y2023_LAT24.01395_LON90.25243,2023,90.2524329021685,24.013952864169255,0.44527687945217287,0.03244559941714821,0.5222775211306789,0.0,0.0,0.0,3,0,0,1,0,0,0,0,0.8250668649902344,825066.8649902344
Y2023_LAT24.01413_LON90.26225,2023,90.26225442429529,24.01412875148566,0.0,0.03297604804051127,0.9670239519594888,0.0,0.0,0.0,3,0,0,1,0,0,0,0,0.12116408152770997,121164.08152770996
Y2023_LAT24.01837_LON90.00672,2023,90.00671750543356,24.018371484734054,0.5779705568265474,0.027846408188597068,0.39418303498485546,0.0,0.0,0.0,1,1,0,0,0,0,0,0,0.16135979586791993,161359.79586791992
Y2023_LAT24.01856_LON90.01654,2023,90.01653724561554,24.018563149446305,0.2249187587953954,0.04922735045694124,0.7258538907476634,0.0,0.0,0.0,3,0,0,1,0,0,0,0,0.5882329226074219,588232.9226074219
Y2023_LAT24.01875_LON90.02636,2023,90.02635708857962,24.018754186457038,0.18859182963865204,0.004763668795374644,0.8046901754492776,0.0019543261166957682,0.0,0.0,3,0,0,1,0,0,0,0,0.8175051090164185,817505.1090164185
Y2023_LAT24.01894_LON90.03618,2023,90.03617703379972,24.018944595524587,0.17695116979513964,0.06362969098821832,0.7594191392166421,0.0,0.0,0.0,3,0,0,1,0,0,0,0,0.9886700053482056,988670.0053482056
Y2023_LAT24.01913_LON90.046,2023,90.0459970810189,24.01913437675637,0.09039995102839528,0.0,0.9096000489716047,0.0,0.0,0.0,3,0,0,1,0,0,0,0,0.9985704858856201,998570.4858856201
Y2023_LAT24.01932_LON90.05582,2023,90.05581722992184,24.019323530082506,0.38389969651258193,0.005599996628616673,0.6015003068162608,0.009000000042540653,0.0,0.0,3,0,0,1,0,0,0,0,0.9985852817382812,998585.2817382812
Y2023_LAT24.01951_LON90.06564,2023,90.06563748003342,24.0195120554735,0.46310027593348785,0.033600049464097004,0.4963996756754743,0.006899998926940893,0.0,0.0,3,0,0,1,0,0,0,1,0.9986000276107788,998600.0276107788
Y2023_LAT24.0197_LON90.07546,2023,90.07545783126656,24.019699952918344,0.498999540464812,0.11540052182175269,0.3733999525254609,0.01219998518797431,0.0,0.0,1,1,0,0,0,0,0,1,0.9986147250518799,998614.7250518799
Y2023_LAT24.01989_LON90.08528,2023,90.08527828307327,24.019887222368435,0.20660020940171187,0.028199861456486137,0.7494999151525276,0.015700013989274474,0.0,0.0,3,0,0,1,0,0,0,0,0.9986293733978272,998629.3733978271
Y2023_LAT24.02007_LON90.0951,2023,90.09509883521426,24.02007386384001,0.2034599490350392,0.00021226911426051697,0.7963277818507003,0.0,0.0,0.0,3,0,0,1,0,0,0,0,0.9409220185775757,940922.0185775757
Y2023_LAT24.02026_LON90.10492,2023,90.1049194872924,24.02025987727862,0.28139704468879373,0.0,0.7186029553112062,0.0,0.0,0.0,3,0,0,1,0,0,0,0,0.3204692573928833,320469.2573928833
Y2023_LAT24.02045_LON90.11474,2023,90.11474023897387,24.02044526268811,0.5067569948344846,0.0,0.4932430051655155,0.0,0.0,0.0,1,1,0,0,0,0,0,0,0.997574490951538,997574.4909515381
Y2023_LAT24.02063_LON90.12456,2023,90.12456109000473,24.020630019989614,0.1586003032166637,0.0,0.8413996967833363,0.0,0.0,0.0,3,0,0,1,0,0,0,0,0.9986874754257202,998687.4754257202
Y2023_LAT24.02081_LON90.13438,2023,90.134382039963,24.020814149124085,0.8507998875539093,0.0,0.14920011244609063,0.0,0.0,0.0,1,1,0,0,0,0,0,0,0.9987018795166016,998701.8795166016
Y2023_LAT24.021_LON90.1442,2023,90.1442030886186,24.02099765017474,0.2337698106170651,0.1670506148456836,0.5991795745372513,0.0,0.0,0.0,3,0,0,1,0,0,0,0,0.998416616355896,998416.616355896
Y2023_LAT24.02118_LON90.15402,2023,90.15402423550923,24.021180523111386,0.4339850902510705,0.12578107624474988,0.4402338335041796,0.0,0.0,0.0,3,0,0,1,0,0,0,1,0.7352647973632812,735264.7973632812
Y2023_LAT24.02136_LON90.16385,2023,90.16384548029855,24.021362767818765,0.1515767633108105,0.26653110223646276,0.5818921344527267,0.0,0.0,0.0,3,0,0,1,0,0,0,0,0.0981760906677246,98176.09066772461
Y2023_LAT24.0228_LON90.24242,2023,90.2424189249264,24.022798108014854,0.8894368808811948,0.007450989109336262,0.10311213000946898,0.0,0.0,0.0,1,1,0,0,0,0,0,0,0.8311499176559448,831149.9176559448
Y2023_LAT24.02297_LON90.25224,2023,90.25224103617214,24.022974697941994,0.9178411852170084,0.054314215400885324,0.02784459938210631,0.0,0.0,0.0,1,1,0,0,0,0,0,0,0.2905701661148071,290570.1661148071
Y2023_LAT24.02739_LON90.00651,2023,90.00650845226181,24.02739136426117,0.5634922685489072,0.4365077314510928,0.0,0.0,0.0,0.0,1,1,0,0,0,0,0,0,0.01258132022857666,12581.32022857666
Y2023_LAT24.02758_LON90.01633,2023,90.01632887578877,24.027583109939343,0.4536700845783114,0.002909582865063923,0.5087291772779676,0.034691155278657085,0.0,0.0,3,0,0,1,0,0,0,0,0.44614263244628904,446142.63244628906
Y2023_LAT24.02777_LON90.02615,2023,90.02614940218974,24.027774227450884,0.5313691305551634,0.046372107712622346,0.3682487837786614,0.05400997795355285,0.0,0.0,1,1,0,0,0,0,0,0,0.18303205152893065,183032.05152893066
Y2023_LAT24.02796_LON90.03597,2023,90.03597003069595,24.027964716901543,0.3146308916841997,0.0028409009816412825,0.682528207334159,0.0,0.0,0.0,3,0,0,1,0,0,0,0,0.14059707320404052,140597.07320404053
Y2023_LAT24.02815_LON90.04579,2023,90.04579076145403,24.028154578179574,0.3571417471233253,0.3000592296588957,0.3355526500233049,0.0072463731944742114,0.0,0.0,1,1,0,0,0,0,0,1,0.6752337200775147,675233.7200775146
Y2023_LAT24.02834_LON90.05561,2023,90.05561159372064,24.02834381130787,0.5214464856206587,0.0008857358616692557,0.47766777851767206,0.0,0.0,0.0,1,1,0,0,0,0,0,0,0.7891819902648926,789181.9902648926
Y2023_LAT24.02853_LON90.06543,2023,90.06543252742239,24.028532416215814,0.30998963043327243,0.015094421140442049,0.6694775334941471,0.0054384149321384245,0.0,0.0,3,0,0,1,0,0,0,0,0.8997389232025147,899738.9232025146
Y2023_LAT24.02872_LON90.07525,2023,90.07525356212062,24.02872039298285,0.6609242850168906,0.00010439509890810681,0.33897131988420126,0.0,0.0,0.0,1,1,0,0,0,0,0,0,0.9565732304611206,956573.2304611206
Y2023_LAT24.02891_LON90.08507,2023,90.08507469747711,24.02890774142831,0.14795839333616365,0.001304048148339786,0.8507375585154966,0.0,0.0,0.0,3,0,0,1,0,0,0,0,0.9955336113662719,995533.611366272
Y2023_LAT24.02909_LON90.0949,2023,90.0948959331981,24.029094461614562,0.0,0.0007151360654385532,0.9992848639345614,0.0,0.0,0.0,3,0,0,1,0,0,0,0,0.41892969788360596,418929.69788360596
Y2023_LAT24.02928_LON90.10472,2023,90.10471726886135,24.029280553518188,0.0,0.0,0.0,0.0,0.0,0.0,1,1,0,0,0,0,0,1,0.0,0.0
Y2023_LAT24.02947_LON90.11454,2023,90.11453870427195,24.029466017085266,0.0,0.0,1.0,0.0,0.0,0.0,3,0,0,1,0,0,0,0,0.2260991318511963,226099.1318511963
Y2023_LAT24.02965_LON90.12436,2023,90.12436023893018,24.02965085236639,0.16578507171791557,0.0,0.8342149282820844,0.0,0.0,0.0,3,0,0,1,0,0,0,0,0.6228819507522583,622881.9507522583
Y2023_LAT24.02984_LON90.13418,2023,90.13418187256471,24.0298350592277,0.14178129137309875,0.0,0.8582187086269013,0.0,0.0,0.0,3,0,0,1,0,0,0,0,0.769200195137024,769200.1951370239
Y2023_LAT24.03002_LON90.144,2023,90.14400360500903,24.030018637753553,0.20882821474949195,0.0012347560818311433,0.7899370291686769,0.0,0.0,0.0,3,0,0,1,0,0,0,0,0.6470675158386231,647067.515838623
Y2023_LAT24.0302_LON90.15383,2023,90.15382543554587,24.030201587748444,0.0,0.0,1.0,0.0,0.0,0.0,3,0,0,1,0,0,0,0,0.0034955336380004883,3495.5336380004883
Y2023_LAT24.03164_LON90.2324,2023,90.23240357986296,24.031642561978984,1.0,0.0,0.0,0.0,0.0,0.0,1,1,0,0,0,0,0,0,0.005094134674072266,5094.134674072266
Y2023_LAT24.03182_LON90.24223,2023,90.24222628036154,24.03181985510634,0.8621401818580227,0.12750311439768017,0.0,0.010356703744297173,0.0,0.0,1,1,0,0,0,0,0,0,0.43400328407287597,434003.284072876
Y2023_LAT24.032_LON90.25205,2023,90.25204907562119,24.03199651969358,1.0,0.0,0.0,0.0,0.0,0.0,1,1,0,0,0,0,0,0,0.006093073814392089,6093.07381439209
Y2023_LAT24.03641_LON90.0063,2023,90.00629929605367,24.036411231532128,0.882901492018619,0.03212434002825066,0.06010368175118901,0.024870486201941287,0.0,0.0,1,1,0,0,0,0,0,0,0.09635688662719727,96356.88662719727
Y2023_LAT24.0366_LON90.01612,2023,90.01612040333335,24.036603057988735,0.5810643701249898,0.010367250714212461,0.3804644681933985,0.028103910967399216,0.0,0.0,1,1,0,0,0,0,0,0,0.7994188454666138,799418.8454666138
Y2023_LAT24.03679_LON90.02594,2023,90.0259416133831,24.03679425616398,0.3116201731349982,0.0,0.6091544096880565,0.07922541717694533,0.0,0.0,3,0,0,1,0,0,0,0,0.056716989601135255,56716.989601135254
Y2023_LAT24.03755_LON90.06523,2023,90.06522747375895,24.037552764788703,0.8253617666385326,0.0,0.17463823336146744,0.0,0.0,0.0,1,1,0,0,0,0,0,0,0.0897743159942627,89774.3159942627
Y2023_LAT24.03774_LON90.07505,2023,90.07504919229622,24.037740820748656,0.5729901983474898,0.0,0.42700980165251023,0.0,0.0,0.0,1,1,0,0,0,0,0,0,0.4658553452377319,465855.34523773193
Y2023_LAT24.03793_LON90.08487,2023,90.08487101152558,24.037928248245947,0.15338936511984091,0.08091235216954584,0.7656982827106132,0.0,0.0,0.0,3,0,0,1,0,0,0,0,0.31965987990570066,319659.8799057007
Y2023_LAT24.04562_LON90.01591,2023,90.01591182811815,24.045622993824633,0.0,0.0,1.0,0.0,0.0,0.0,3,0,0,1,0,0,0,0,0.09575872640228271,95758.72640228271
