grid_id,year,longitude,latitude,frac_built,frac_vegetation,frac_cropland,frac_water,frac_wetland,frac_bare,dominant_class,oh_built,oh_vegetation,oh_cropland,oh_water,oh_wetland,oh_bare,mixed_flag,valid_obs_ratio,a_valid
Y2024_LAT23.52482_LON90.15502,2024,90.1550241570054,23.524824690602465,0.0,0.0,0.0,1.0,0.0,0.0,4,0,0,0,1,0,0,0,0.08778755969238282,87787.55969238281
Y2024_LAT23.525_LON90.16481,2024,90.1648082119649,23.525003335839628,0.0,0.0,0.0,1.0,0.0,0.0,4,0,0,0,1,0,0,0,0.4589164562301636,458916.4562301636
Y2024_LAT23.52518_LON90.17459,2024,90.17459236325458,23.525181367403054,0.3816606452216209,0.4010327372647226,0.11785598980311776,0.08782650277395111,0.0,0.011624124936587753,2,0,1,0,0,0,0,1,0.30931080532836913,309310.80532836914
Y2024_LAT23.53385_LON90.15483,2024,90.15483003470506,23.53384634211063,0.0,0.0,0.0,1.0,0.0,0.0,4,0,0,0,1,0,0,0,0.6275947598495484,627594.7598495483
Y2024_LAT23.53403_LON90.16461,2024,90.16461475515497,23.534025063927817,0.209800906430417,0.0009000000481767064,0.0,0.7778990320887064,0.0,0.0114000614326999,4,0,0,0,1,0,0,0,0.9987303644256592,998730.3644256592
Y2024_LAT23.5342_LON90.1744,2024,90.17439957191237,23.534203171825425,0.8574420165902719,0.08831332165642011,0.024145529615631177,0.01907383518926545,0.0,0.011025296948411367,1,1,0,0,0,0,0,0,0.9058607890701293,905860.7890701294
Y2024_LAT23.53438_LON90.18418,2024,90.18418448473497,23.53438066576062,1.0,0.0,0.0,0.0,0.0,0.0,1,1,0,0,0,0,0,0,0.016579294891357423,16579.294891357422
Y2024_LAT23.54269_LON90.14485,2024,90.14485052640549,23.542688569025696,0.0,0.0,0.0,1.0,0.0,0.0,4,0,0,0,1,0,0,0,0.21572049773406982,215720.49773406982
Y2024_LAT23.54287_LON90.15464,2024,90.15463581577698,23.542867981597322,0.0740402390233185,0.005442632099717262,0.0,0.9205171288769642,0.0,0.0,4,0,0,0,1,0,0,0,0.972549864227295,972549.8642272949
Y2024_LAT23.54305_LON90.16442,2024,90.1644212020168,23.543046780096628,0.7395006524855635,0.13239984964821672,0.01080007146935006,0.11249943737513912,0.0,0.004799989021730574,1,1,0,0,0,0,0,0,0.9987303672103882,998730.3672103882
Y2024_LAT23.54322_LON90.17421,2024,90.17420668449734,23.543224964297092,0.6195988540911411,0.042400019237993684,0.3380011266708652,0.0,0.0,0.0,1,1,0,0,0,0,0,0,0.9987446240844726,998744.6240844727
Y2024_LAT23.5434_LON90.18399,2024,90.18399226315104,23.543402534303326,0.6258248289484621,0.0,0.37417517105153786,0.0,0.0,0.0,1,1,0,0,0,0,0,0,0.21193544891357421,211935.44891357422
Y2024_LAT23.55153_LON90.13487,2024,90.13486968623477,23.551530015873873,0.0,0.0,0.0,1.0,0.0,0.0,4,0,0,0,1,0,0,0,0.08099400813293457,80994.00813293457
Y2024_LAT23.55171_LON90.14466,2024,90.1446555446026,23.551710119726966,0.0021034120606274417,0.0,0.0,0.9956824876811052,0.0,0.002214100258267288,4,0,0,0,1,0,0,0,0.9021277667770385,902127.7667770386
Y2024_LAT23.55189_LON90.15444,2024,90.15444150020963,23.551889609207137,0.4982005267181611,0.17610072260017573,0.00200001290463025,0.32109874363520746,0.0,0.0025999941418253995,1,1,0,0,0,0,0,1,0.9987160634460449,998716.0634460449
Y2024_LAT23.55207_LON90.16423,2024,90.16422755244805,23.552068484213372,0.6229004101182266,0.20509918398239815,0.17060039864105103,0.0014000072583242743,0.0,0.0,1,1,0,0,0,0,0,0,0.9987303698120117,998730.3698120117
Y2024_LAT23.55225_LON90.17401,2024,90.17401370108601,23.55224674483653,0.784819377697144,0.0,0.210637653612249,0.004542968690606958,0.0,0.0,1,1,0,0,0,0,0,0,0.9013664519577026,901366.4519577026
Y2024_LAT23.55242_LON90.1838,2024,90.18379994578027,23.552424390914943,0.41711972749038734,0.01222829192339906,0.480978152186858,0.08967382839935556,0.0,0.0,3,0,0,1,0,0,0,1,0.07350824320220947,73508.24320220947
Y2024_LAT23.55946_LON90.07596,2024,90.07595684999934,23.559457484428947,0.0,1.0,0.0,0.0,0.0,0.0,2,0,1,0,0,0,0,0,0.10395469815063477,103954.69815063477
Y2024_LAT23.55964_LON90.08574,2024,90.08574278522664,23.55964135297958,0.0,0.8735995824514418,0.0,0.0,0.0,0.12640041754855824,2,0,1,0,0,0,0,0,0.06241312474822998,62413.12474822998
Y2024_LAT23.56055_LON90.13467,2024,90.1346739410854,23.560551477377906,0.0,0.026018449484135838,0.0,0.9477002810409096,0.0,0.026281269474954537,4,0,0,0,1,0,0,0,0.38000215110778807,380002.1511077881
Y2024_LAT23.56073_LON90.14446,2024,90.14446046595044,23.560731658431774,0.2892014019799942,0.016999897413428697,0.0,0.5981991492896523,0.0,0.09559955131692478,4,0,0,0,1,0,0,0,0.9987017121124268,998701.7121124268
Y2024_LAT23.56091_LON90.15425,2024,90.15424708780326,23.560911224833013,0.7782997524980453,0.02590007166035804,0.19580017584159667,0.0,0.0,0.0,1,1,0,0,0,0,0,0,0.9987160675735474,998716.0675735474
Y2024_LAT23.56109_LON90.16403,2024,90.16403380646625,23.561090176470476,0.7222001758774077,0.018899961624955875,0.2588998624976364,0.0,0.0,0.0,1,1,0,0,0,0,0,0,0.9987303740921021,998730.374092102
Y2024_LAT23.56127_LON90.17382,2024,90.17382062156541,23.561268513386995,0.5045996293518781,0.01960011682395825,0.47580025382416374,0.0,0.0,0.0,1,1,0,0,0,0,0,0,0.9987446305694581,998744.630569458
Y2024_LAT23.56145_LON90.18361,2024,90.18360753279721,23.561446235584405,0.6755195752763918,0.17565671644004716,0.14868539632595817,0.0,0.00013831195760281384,0.0,1,1,0,0,0,0,0,0,0.7221016843185425,722101.6843185425
Y2024_LAT23.56162_LON90.19339,2024,90.1933945397836,23.561623342995592,0.31690819852148977,0.32778518944186963,0.34937384414254563,0.0,0.005932767894095009,0.0,3,0,0,1,0,0,0,1,0.6060551046066284,606055.1046066284
Y2024_LAT23.5618_LON90.20318,2024,90.20318164219123,23.561799835613527,0.29020202161698866,0.10689158468965933,0.602906393693352,0.0,0.0,0.0,3,0,0,1,0,0,0,0,0.21304068893432618,213040.68893432617
Y2024_LAT23.56811_LON90.05618,2024,90.05618410326446,23.568108726675845,0.0,0.0013297797214882397,0.0,0.9960106382804437,0.0,0.0026595819980680595,4,0,0,0,1,0,0,0,0.07509282682037353,75092.82682037354
Y2024_LAT23.56829_LON90.06597,2024,90.06597050581358,23.56829390350254,0.0,0.029926205908056513,0.0,0.7612811851569109,0.0,0.20879260893503257,4,0,0,0,1,0,0,0,0.4337858655395508,433785.8655395508
Y2024_LAT23.56848_LON90.07576,2024,90.07575700810392,23.56847846551177,0.0,0.5585740146212405,0.0,0.2733768548639751,0.0,0.16804913051478437,2,0,1,0,0,0,0,0,0.8788682603988648,878868.2603988647
Y2024_LAT23.56866_LON90.08554,2024,90.08554360972573,23.56866241285735,0.0,0.9682573436940719,0.0,0.0,0.0,0.03174265630592811,2,0,1,0,0,0,0,0,0.9437903206634521,943790.3206634521
Y2024_LAT23.56885_LON90.09533,2024,90.09533031066343,23.568845745324147,0.0,0.6858990847625234,0.0,0.3105149250424747,0.0,0.0035859901950019454,2,0,1,0,0,0,0,0,0.6126586168670655,612658.6168670654
Y2024_LAT23.56903_LON90.10512,2024,90.10511711033375,23.569028462994325,0.0,0.0,0.0,0.8657746876409789,0.0,0.13422531235902116,4,0,0,0,1,0,0,0,0.6346385269851684,634638.5269851685
Y2024_LAT23.56921_LON90.1149,2024,90.11490400839595,23.569210565833927,0.0,0.0,0.0,0.9746073018342046,0.0,0.02539269816579538,4,0,0,0,1,0,0,0,0.877021916267395,877021.916267395
Y2024_LAT23.56939_LON90.12469,2024,90.12469100461325,23.56939205385297,0.0,0.0,0.0,1.0,0.0,0.0,4,0,0,0,1,0,0,0,0.9181797448043824,918179.7448043823
Y2024_LAT23.56957_LON90.13448,2024,90.1344780985474,23.56957292697544,0.0,0.3524714490566289,0.0,0.4623587462988343,0.0,0.1851698046445368,4,0,0,0,1,0,0,1,0.9724219916381835,972421.9916381836
Y2024_LAT23.56975_LON90.14427,2024,90.1442652900815,23.569753185109537,0.4489017455183635,0.13139924177323392,0.0,0.33239944480421324,0.0,0.08729956790418934,1,1,0,0,0,0,0,1,0.9987017156448365,998701.7156448364
Y2024_LAT23.56993_LON90.15405,2024,90.15405257867346,23.56993282837941,0.834499399523739,0.0778001931116136,0.08770040736464742,0.0,0.0,0.0,1,1,0,0,0,0,0,0,0.9987160703735352,998716.0703735352
Y2024_LAT23.57011_LON90.16384,2024,90.16383996414751,23.570111856688687,0.4893002371465694,0.08650017797051952,0.4237995828447185,0.0004000020381925946,0.0,0.0,1,1,0,0,0,0,0,1,0.998730376991272,998730.376991272
Y2024_LAT23.57029_LON90.17363,2024,90.17362744588779,23.570290270041415,0.5255998177100265,0.153399881142025,0.2890001426000359,0.006800020400744701,0.025200138147168084,0.0,1,1,0,0,0,0,0,0,0.9987446329345703,998744.6329345703
Y2024_LAT23.57047_LON90.18342,2024,90.18341502396534,23.570468068373103,0.9644001076610903,0.026399870040115226,0.008900024404603331,0.0,0.0002999978941911675,0.0,1,1,0,0,0,0,0,0,0.9987588417053223,998758.8417053223
Y2024_LAT23.57065_LON90.1932,2024,90.19320269773947,23.570645251572213,0.5560989831509084,0.10340016987712963,0.3385008473803457,0.0019999995916162227,0.0,0.0,1,1,0,0,0,0,0,0,0.9987730005722046,998773.0005722046
Y2024_LAT23.57082_LON90.20299,2024,90.2029904670979,23.57082181976487,0.08032169848015737,0.015038422757945421,0.7875958172782236,0.06166952906249137,0.05537453242118227,0.0,3,0,0,1,0,0,0,0,0.856758760231018,856758.7602310181
Y2024_LAT23.57694_LON90.0462,2024,90.04619585909796,23.576943666385603,0.0,0.8370706050072552,0.0029895377167688,0.13452877663329899,0.0,0.025411080642677112,2,0,1,0,0,0,0,0,0.13360740531921386,133607.40531921387
Y2024_LAT23.57713_LON90.05598,2024,90.05598282827117,23.577129537391478,0.0,0.5789127369783456,0.0657878073536157,0.30397643805387287,0.0,0.05132301761416603,2,0,1,0,0,0,0,0,0.9319660593185425,931966.0593185425
Y2024_LAT23.57731_LON90.06577,2024,90.06576989755973,23.5773147934798,0.0,0.0,0.0,0.9785000553932097,0.0,0.021499944606790288,4,0,0,0,1,0,0,0,0.9985851132507324,998585.1132507324
Y2024_LAT23.5775_LON90.07556,2024,90.07555706661577,23.57749943454349,0.0,0.09570055555157231,0.0,0.7380988898347951,0.0,0.16620055461363262,4,0,0,0,1,0,0,0,0.998599859550476,998599.8595504761
Y2024_LAT23.57768_LON90.08534,2024,90.08534433523448,23.5776834605988,0.0,0.46309926378797883,0.0,0.11460033061537313,0.0,0.42230040559664805,2,0,1,0,0,0,0,1,0.9986145565185547,998614.5565185547
Y2024_LAT23.57787_LON90.09513,2024,90.0951317028898,23.57786687159305,0.0,0.039599784142058336,0.0,0.8133009114335924,0.0,0.14709930442434924,4,0,0,0,1,0,0,0,0.9986292078323364,998629.2078323364
Y2024_LAT23.57805_LON90.10492,2024,90.10491916941976,23.578049667496614,0.0,0.0,0.0,1.0,0.0,0.0,4,0,0,0,1,0,0,0,0.9986438070220948,998643.8070220947
Y2024_LAT23.57823_LON90.11471,2024,90.1147067344997,23.578231848268874,0.0,0.0,0.0,1.0,0.0,0.0,4,0,0,0,1,0,0,0,0.9986583585891724,998658.3585891724
Y2024_LAT23.57841_LON90.12449,2024,90.12449439761953,23.57841341395374,0.0,0.0,0.0,0.9350996906561274,0.0,0.0649003093438726,4,0,0,0,1,0,0,0,0.9986728618240357,998672.8618240356
Y2024_LAT23.57859_LON90.13428,2024,90.13428215862764,23.578594364495654,0.04770025804547867,0.007600026797389701,0.0,0.7469002146112781,0.0,0.1977995005458535,4,0,0,0,1,0,0,0,0.9986873137054444,998687.3137054443
Y2024_LAT23.57877_LON90.14407,2024,90.14407001712559,23.57877469990404,0.7932009870548298,0.0012999947197400443,0.0,0.20549901822543015,0.0,0.0,1,1,0,0,0,0,0,0,0.9987017188186645,998701.7188186646
Y2024_LAT23.57895_LON90.15386,2024,90.15385797276721,23.57895442004641,0.9830998918489547,0.0022000105661571174,0.01470009758488813,0.0,0.0,0.0,1,1,0,0,0,0,0,0,0.9987160729522705,998716.0729522705
Y2024_LAT23.57913_LON90.16365,2024,90.16364602520018,23.579133524951896,0.5392989812590262,0.0459001938328289,0.4113008037330939,0.0035000211750509345,0.0,0.0,1,1,0,0,0,0,0,0,0.9987303795242309,998730.379524231
Y2024_LAT23.57931_LON90.17343,2024,90.17343417419333,23.5793120146146,0.3604002902492713,0.3826998520127048,0.2267997130415421,0.016000061560740575,0.014100083135741452,0.0,2,0,1,0,0,0,0,1,0.9987446366500855,998744.6366500854
Y2024_LAT23.57949_LON90.18322,2024,90.18322241931939,23.579489889044485,0.9013003546063949,0.04819985827451912,0.017599924718869,0.026799887039067175,0.0060999753611498215,0.0,1,1,0,0,0,0,0,0,0.9987588431625366,998758.8431625366
Y2024_LAT23.57967_LON90.19301,2024,90.19301076027847,23.579667148187877,0.6998995313746855,0.03139988921532795,0.1792007458962547,0.03079993627056518,0.05869989724316667,0.0,1,1,0,0,0,0,0,0,0.9987730033416748,998773.0033416748
Y2024_LAT23.57984_LON90.2028,2024,90.20279919677195,23.579843791982267,0.0707191338767962,0.00022065176453488027,0.8950796064402848,0.028464286087043808,0.005516321831340294,0.0,3,0,0,1,0,0,0,0,0.9053000693664551,905300.0693664551
Y2024_LAT23.58002_LON90.21259,2024,90.21258772841915,23.580019820434256,0.0,0.0,1.0,0.0,0.0,0.0,3,0,0,1,0,0,0,0,0.006492164047241211,6492.164047241211
Y2024_LAT23.58596_LON90.04599,2024,90.04599381691534,23.58596438550922,0.0,0.9821428767310746,0.0,0.01785712326892539,0.0,0.0,2,0,1,0,0,0,0,0,0.005591948699951172,5591.948699951172
Y2024_LAT23.58615_LON90.05578,2024,90.05578145311696,23.586150336100093,0.0,0.5704766667105217,0.016984064689594066,0.33571413030078934,0.0,0.076825138299095,2,0,1,0,0,0,0,0,0.6291007388534546,629100.7388534546
Y2024_LAT23.58634_LON90.06557,2024,90.06556918952256,23.586335671448463,0.0,0.14939932874879913,0.0,0.7395007507901094,0.0,0.11109992046109149,4,0,0,0,1,0,0,0,0.9985851166687012,998585.1166687012
Y2024_LAT23.58652_LON90.07536,2024,90.07535702575844,23.586520391571334,0.0,0.0,0.0,1.0,0.0,0.0,4,0,0,0,1,0,0,0,0.9985998625869751,998599.8625869751
Y2024_LAT23.5867_LON90.08514,2024,90.08514496144403,23.586704496301582,0.0,0.0,0.0,0.9308001093295242,0.0,0.06919989067047577,4,0,0,0,1,0,0,0,0.9986145607376099,998614.5607376099
Y2024_LAT23.58689_LON90.09493,2024,90.0949329963622,23.586887985781267,0.0,0.0,0.0,1.0,0.0,0.0,4,0,0,0,1,0,0,0,0.9986292118759156,998629.2118759155
Y2024_LAT23.58707_LON90.10472,2024,90.10472113013071,23.58707085993436,0.0,0.17150057702394741,0.0,0.7906993773490615,0.0,0.037800045626991116,4,0,0,0,1,0,0,0,0.9986438112792969,998643.8112792969
Y2024_LAT23.58725_LON90.11451,2024,90.11450936241313,23.587253118724117,0.0489002780355499,0.08709970356855364,0.013200029675491883,0.5743997689158842,0.0,0.2764002198045204,4,0,0,0,1,0,0,0,0.9986583614883423,998658.3614883423
Y2024_LAT23.58743_LON90.1243,2024,90.1242976928291,23.5874347621317,0.3677007097420989,0.03340000694833119,0.07269979895102664,0.31929993433942283,0.0,0.20689955001912058,1,1,0,0,0,0,0,1,0.9986728641891479,998672.864189148
Y2024_LAT23.58762_LON90.13409,2024,90.13408612112966,23.58761579007283,0.9136003673042238,0.003799988052509803,0.0002999980194239073,0.08229964662384247,0.0,0.0,1,1,0,0,0,0,0,0,0.9986873183517456,998687.3183517456
Y2024_LAT23.5878_LON90.14387,2024,90.14387464704231,23.58779620262227,1.0,0.0,0.0,0.0,0.0,0.0,1,1,0,0,0,0,0,0,0.99870172265625,998701.72265625
Y2024_LAT23.58798_LON90.15366,2024,90.15366326991588,23.58797599966816,0.991299940519961,0.0034000229294946344,0.005300036550544413,0.0,0.0,0.0,1,1,0,0,0,0,0,0,0.9987160771179199,998716.0771179199
Y2024_LAT23.58816_LON90.16345,2024,90.16345198990635,23.58815518125924,0.27849929701231785,0.16440063683252273,0.5567000681455069,0.0003999980096525882,0.0,0.0,3,0,0,1,0,0,0,0,0.9987303838272095,998730.3838272095
Y2024_LAT23.58833_LON90.17324,2024,90.17324080625525,23.588333747325716,0.18739984091427322,0.25069999431511375,0.5175002115933693,0.04339994698523569,0.0010000061920078195,0.0,3,0,0,1,0,0,0,0,0.9987446397399903,998744.6397399902
Y2024_LAT23.58851_LON90.18303,2024,90.183029718879,23.58851169786459,0.09339978272040501,0.012700030668389421,0.6728004844742306,0.15039950776656646,0.07070019437040868,0.0,3,0,0,1,0,0,0,0,0.998758849029541,998758.849029541
Y2024_LAT23.58869_LON90.19282,2024,90.19281872730237,23.588689032843238,0.0,0.013300027359191344,0.7136003584344012,0.026999928967416546,0.24609968523899095,0.0,3,0,0,1,0,0,0,0,0.9987730065689087,998773.0065689087
Y2024_LAT23.58887_LON90.20261,2024,90.20260783126669,23.588865752282388,0.010100066981821724,0.0,0.7920993235392039,0.019399963957464118,0.17840064552151033,0.0,3,0,0,1,0,0,0,0,0.9987871167831421,998787.1167831421
Y2024_LAT23.58904_LON90.2124,2024,90.21239703050647,23.589041856029944,0.3218258412658713,0.0,0.4830245128826888,0.002853063034641493,0.19229658281679846,0.0,3,0,0,1,0,0,0,1,0.35007886922454834,350078.86922454834
Y2024_LAT23.5948_LON90.036,2024,90.03600347109716,23.59479844689503,0.0,1.0,0.0,0.0,0.0,0.0,2,0,1,0,0,0,0,0,0.00029956439208984377,299.56439208984375
Y2024_LAT23.59499_LON90.04579,2024,90.04579167421163,23.594985092509138,0.0,0.7684622568543225,0.06753810594950549,0.16076958223363266,0.0,0.0032300549625393507,2,0,1,0,0,0,0,0,0.6801172602539063,680117.2602539062
Y2024_LAT23.59517_LON90.05558,2024,90.05557997778936,23.59517112263364,0.0,0.7124004391288076,0.2691996005369838,9.999945809212869e-05,0.0,0.01829996087611654,2,0,1,0,0,0,0,0,0.9985703222198486,998570.3222198486
Y2024_LAT23.59536_LON90.06537,2024,90.06536838168688,23.59535653729053,0.0,0.2543987110492383,0.0,0.3987016802159624,0.0,0.34689960873479925,4,0,0,0,1,0,0,1,0.9985851197967529,998585.1197967529
Y2024_LAT23.59554_LON90.07516,2024,90.0751568853136,23.595541336404963,0.0,0.0,0.0,1.0,0.0,0.0,4,0,0,0,1,0,0,0,0.9985998668136596,998599.8668136597
Y2024_LAT23.59573_LON90.08495,2024,90.0849454885187,23.595725519945518,0.0,0.0,0.0,1.0,0.0,0.0,4,0,0,0,1,0,0,0,0.9986145637664795,998614.5637664795
Y2024_LAT23.59591_LON90.09473,2024,90.09473419102342,23.595909087928014,0.07200036779573407,0.03470021149607729,0.00020000143877034148,0.6305990808061138,0.0,0.2625003384633045,4,0,0,0,1,0,0,0,0.9986292143249512,998629.2143249512
Y2024_LAT23.59609_LON90.10452,2024,90.10452299225352,23.596092040304715,0.2485000582757338,0.13199953304054418,0.3417006356900529,0.23459993806732002,0.0,0.04319983492634913,3,0,0,1,0,0,0,1,0.998643813873291,998643.813873291
Y2024_LAT23.59627_LON90.11431,2024,90.1143118921462,23.596274377074877,0.8172005835058097,0.0071000322703328005,0.1521995152456222,0.02349986897823508,0.0,0.0,1,1,0,0,0,0,0,0,0.9986583655319213,998658.3655319214
Y2024_LAT23.59646_LON90.1241,2024,90.12410089023778,23.596456098183445,0.5457996646836288,0.1358000908766844,0.30970023971806415,0.00870000472162266,0.0,0.0,1,1,0,0,0,0,0,0,0.9986728685302735,998672.8685302734
Y2024_LAT23.59664_LON90.13389,2024,90.13388998615632,23.59663720361965,0.9004005295327655,0.0839995737967329,0.015599896670501625,0.0,0.0,0.0,1,1,0,0,0,0,0,0,0.9986873205261231,998687.320526123
Y2024_LAT23.59682_LON90.14368,2024,90.14367917963702,23.596817693352214,0.9173997916836483,0.025000061274352243,0.05760014704199947,0.0,0.0,0.0,1,1,0,0,0,0,0,0,0.9987017257919312,998701.7257919312
Y2024_LAT23.597_LON90.15347,2024,90.1534684703842,23.59699756729302,0.6600000914953414,0.014699966219626133,0.31909996896780796,0.006199973317224601,0.0,0.0,1,1,0,0,0,0,0,0,0.9987160798034668,998716.0798034668
Y2024_LAT23.59718_LON90.16326,2024,90.16325785798442,23.597176825579254,0.3633992708305448,0.06280021477003205,0.5730005090780796,0.0008000053213434502,0.0,0.0,3,0,0,1,0,0,0,0,0.998730386795044,998730.386795044
Y2024_LAT23.59736_LON90.17305,2024,90.1730473421215,23.597355468053422,0.09109975048702061,0.19129944714797262,0.6916009125700956,0.02599988979491122,0.0,0.0,3,0,0,1,0,0,0,0,0.9987446420135498,998744.6420135498
Y2024_LAT23.59753_LON90.18284,2024,90.18283692257297,23.597533494740503,0.00019999993853913545,0.0,0.9173997929934664,0.07790020869530796,0.004499998372686531,0.0,3,0,0,1,0,0,0,0,0.9987588518447876,998758.8518447876
Y2024_LAT23.59771_LON90.19263,2024,90.19262659872543,23.597710905631754,0.0066999866685163705,0.04700004265272203,0.8390002329821405,0.021399919918766913,0.08589981777785421,0.0,3,0,0,1,0,0,0,0,0.9987730102996826,998773.0102996826
Y2024_LAT23.59789_LON90.20242,2024,90.20241637070119,23.597887700577804,0.0,0.018799903611800492,0.9359001104103513,0.022200047042987406,0.023099938934860894,0.0,3,0,0,1,0,0,0,0,0.9987871192245483,998787.1192245483
Y2024_LAT23.59806_LON90.21221,2024,90.2122062376602,23.598063879734603,0.0018016334592642468,0.0,0.9738765424260868,0.0005004489471219315,0.02382137516752703,0.0,3,0,0,1,0,0,0,0,0.997902252861023,997902.252861023
Y2024_LAT23.59824_LON90.222,2024,90.22199619966455,23.598239442940674,0.31064869356924457,0.006030348293113634,0.5289445501890184,0.004479687744150727,0.14989672020447262,0.0,3,0,0,1,0,0,0,0,0.5797111211776733,579711.1211776733
Y2024_LAT23.60382_LON90.0358,2024,90.03580056021092,23.603819062003787,0.0,0.8755708038707742,0.010273975636630434,0.0,0.0,0.11415522049259537,2,0,1,0,0,0,0,0,0.08747274250030518,87472.74250030518
Y2024_LAT23.60401_LON90.04559,2024,90.04558943091567,23.604005787425084,0.0,0.8646000863635065,0.0,0.0052000352171896564,0.0,0.13019987841930386,2,0,1,0,0,0,0,0,0.9985554807815552,998555.4807815552
Y2024_LAT23.60419_LON90.05538,2024,90.05537840230976,23.604191897131464,0.0,0.5197995912102064,0.003299997599930957,0.3301005111587713,0.0,0.1467999000310913,2,0,1,0,0,0,0,0,0.9985703257522583,998570.3257522583
Y2024_LAT23.60438_LON90.06517,2024,90.06516747390894,23.604377391056207,0.0,0.056199645150308584,0.0,0.8072007988386204,0.0,0.13659955601107107,4,0,0,0,1,0,0,0,0.9985851228179932,998585.1228179932
Y2024_LAT23.60456_LON90.07496,2024,90.07495664531908,23.604562269171513,0.0,0.0,0.0,1.0,0.0,0.0,4,0,0,0,1,0,0,0,0.9985998696670533,998599.8696670532
Y2024_LAT23.60475_LON90.08475,2024,90.0847459164338,23.60474653156223,0.038100209485225044,0.043800192455863425,0.14700040078436277,0.6981989324226725,0.0,0.07290026485187626,4,0,0,0,1,0,0,0,0.9986145675125122,998614.5675125122
Y2024_LAT23.60493_LON90.09454,2024,90.09453528668544,23.604930178071733,0.7588005341707293,0.02579993220494834,0.11020003891158667,0.0710996728346859,0.0,0.03409982187804973,1,1,0,0,0,0,0,0,0.9986292183609009,998629.2183609009
Y2024_LAT23.60511_LON90.10432,2024,90.1043247559147,23.605113208680958,0.6817996491098529,0.016000013384851516,0.2891003469232041,0.013099990582091492,0.0,0.0,1,1,0,0,0,0,0,0,0.9986438179016113,998643.8179016113
Y2024_LAT23.6053_LON90.11411,2024,90.11411432372446,23.60529562340362,0.9019003038562105,9.99993661540068e-05,0.09799969677763558,0.0,0.0,0.0,1,1,0,0,0,0,0,0,0.9986583685302735,998658.3685302734
Y2024_LAT23.60548_LON90.1239,2024,90.12390398969818,23.605477422242103,0.9990000032964585,0.0009999967035414328,0.0,0.0,0.0,0.0,1,1,0,0,0,0,0,0,0.9986728706359863,998672.8706359863
Y2024_LAT23.60566_LON90.13369,2024,90.13369375355154,23.60565860512001,1.0,0.0,0.0,0.0,0.0,0.0,1,1,0,0,0,0,0,0,0.9986873244476319,998687.3244476318
Y2024_LAT23.60584_LON90.14348,2024,90.14348361520004,23.605839172028713,0.8417993460102977,0.06360029155297159,0.09370035886692127,0.0009000035698094463,0.0,0.0,1,1,0,0,0,0,0,0,0.9987017288665772,998701.7288665771
Y2024_LAT23.60602_LON90.15327,2024,90.15327357382665,23.606019123018413,0.5236002478623633,0.16909974615482715,0.30249997833598524,0.004700027054297254,0.00010000059252711337,0.0,1,1,0,0,0,0,0,0,0.9987160824584961,998716.0824584961
Y2024_LAT23.6062_LON90.16306,2024,90.16306362955613,23.60619845790072,0.28229986532513657,0.05289994540183332,0.648400096177259,0.0021000049185462746,0.014300088177224795,0.0,3,0,0,1,0,0,0,0,0.9987303893127442,998730.3893127441
Y2024_LAT23.60638_LON90.17285,2024,90.17285378178809,23.606377176799203,0.11319979038718216,0.007900011954216522,0.6473004066124377,0.15900002441175656,0.0676997807006867,0.004899985933720472,3,0,0,1,0,0,0,0,0.9987446460037231,998744.6460037231
Y2024_LAT23.60656_LON90.18264,2024,90.18264403031846,23.606555279586352,0.0017000116973810203,0.0,0.8488998193983093,0.1494001689043097,0.0,0.0,3,0,0,1,0,0,0,0,0.9987588532562256,998758.8532562256
Y2024_LAT23.60673_LON90.19243,2024,90.19243437474309,23.606732766323343,0.20189931008089226,0.0010999956992365696,0.7948007058310723,0.0,0.0021999883887988633,0.0,3,0,0,1,0,0,0,0,0.9987730131530762,998773.0131530762
Y2024_LAT23.60691_LON90.20222,2024,90.2022248147184,23.606909636996896,0.22610011820335607,0.0,0.7429998007392326,0.02360006592074354,0.007300015136667936,0.0,3,0,0,1,0,0,0,0,0.9987871231842042,998787.1231842041
Y2024_LAT23.60709_LON90.21202,2024,90.21201535003638,23.607085891462493,0.29370016140210975,0.0,0.7009998453443815,0.0,0.005299993253508876,0.0,3,0,0,1,0,0,0,0,0.9988011834716797,998801.1834716797
Y2024_LAT23.60726_LON90.22181,2024,90.22180598019388,23.607261529761217,0.6407501490154197,0.0010215614331429363,0.3419967389593954,0.0,0.016231550592041965,0.0,1,1,0,0,0,0,0,0,0.8799554725189209,879955.4725189209
Y2024_LAT23.61081_LON90.42743,2024,90.4274305541086,23.610807560186927,0.5546769110910561,0.0,0.0,0.4453230889089439,0.0,0.0,1,1,0,0,0,0,0,0,0.07583186631774902,75831.86631774902
Y2024_LAT23.61097_LON90.43722,2024,90.43722318874711,23.610969637133653,0.0775622358370619,0.002770081226266251,0.0,0.9196676829366719,0.0,0.0,4,0,0,0,1,0,0,0,0.03606773405456543,36067.73405456543
Y2024_LAT23.61284_LON90.0356,2024,90.03559754830985,23.612839664946023,0.0,0.2167833232659208,0.0,0.0,0.0,0.7832166767340792,6,0,0,0,0,0,1,0,0.014279223342895508,14279.223342895508
Y2024_LAT23.61303_LON90.04539,2024,90.04538708712415,23.613026470220152,0.0,0.17719473757418164,0.0,0.5963274513715995,0.0,0.226477811054219,4,0,0,0,1,0,0,0,0.4457563989028931,445756.39890289307
Y2024_LAT23.61321_LON90.05518,2024,90.05517672658286,23.613212659495474,0.0,0.0,0.0,0.7953005183653801,0.0,0.20469948163461996,4,0,0,0,1,0,0,0,0.9985703291397094,998570.3291397095
Y2024_LAT23.6134_LON90.06497,2024,90.06496646617603,23.613398232742085,0.0,0.0,0.0,1.0,0.0,0.0,4,0,0,0,1,0,0,0,0.9985851262435913,998585.1262435913
Y2024_LAT23.61358_LON90.07476,2024,90.07475630593599,23.613583189987473,0.24460083941195013,0.09700018531117119,0.014700096672217082,0.6431988752375434,0.0,0.0005000033671182625,4,0,0,0,1,0,0,0,0.9985998730926514,998599.8730926514
Y2024_LAT23.61377_LON90.08455,2024,90.08454624503301,23.613767531104923,0.5976007720349865,0.02259988064022482,0.35949946531037685,0.01639990324121309,0.0,0.0038999787731987417,1,1,0,0,0,0,0,0,0.9986145711746216,998614.5711746216
Y2024_LAT23.61395_LON90.09434,2024,90.0943362835386,23.61395125614078,0.8201002458177427,0.010000011946383789,0.1612997915083301,0.008599950727543486,0.0,0.0,1,1,0,0,0,0,0,0,0.9986292208175659,998629.2208175659
Y2024_LAT23.61413_LON90.10413,2024,90.1041264209493,23.614134364989457,0.5960997588802173,0.07419989430970762,0.30720032611141834,0.022500020698656722,0.0,0.0,1,1,0,0,0,0,0,0,0.9986438207550049,998643.8207550049
Y2024_LAT23.61432_LON90.11392,2024,90.11391665695459,23.61431685772132,0.9604001947398175,9.9999572050821e-05,0.03949980568813164,0.0,0.0,0.0,1,1,0,0,0,0,0,0,0.9986583722610474,998658.3722610474
Y2024_LAT23.6145_LON90.12371,2024,90.12370699133956,23.61449873427826,1.0,0.0,0.0,0.0,0.0,0.0,1,1,0,0,0,0,0,0,0.9986728748474121,998672.8748474121
Y2024_LAT23.61468_LON90.1335,2024,90.13349742341325,23.614679994649983,1.0,0.0,0.0,0.0,0.0,0.0,1,1,0,0,0,0,0,0,0.9986873279266357,998687.3279266357
Y2024_LAT23.61486_LON90.14329,2024,90.14328795335798,23.61486063877238,0.9732999405909849,0.0160000458169289,0.0,0.010700013592086161,0.0,0.0,1,1,0,0,0,0,0,0,0.9987017328643799,998701.7328643799
Y2024_LAT23.61504_LON90.15308,2024,90.15307858043687,23.615040666645115,0.4959987396209795,0.0905998957302655,0.3940013987621062,0.019399965886648805,0.0,0.0,1,1,0,0,0,0,0,1,0.9987160867767334,998716.0867767334
Y2024_LAT23.61522_LON90.16287,2024,90.16286930453626,23.615220078272785,0.008099946242925204,0.0007999963324041434,0.7603989755486052,0.00010000069505358713,0.23060108118101186,0.0,3,0,0,1,0,0,0,0,0.9987303934936523,998730.3934936523
Y2024_LAT23.6154_LON90.17266,2024,90.17266012519073,23.61539887355715,0.0,0.0,0.6150005624349505,0.012499942480550157,0.3724994950844994,0.0,3,0,0,1,0,0,0,0,0.9987446488800049,998744.6488800049
Y2024_LAT23.61558_LON90.18245,2024,90.18245104214844,23.615577052580065,0.2979011245701862,0.00790001515384379,0.666998961092785,0.0,0.027199899183184904,0.0,3,0,0,1,0,0,0,0,0.9987588570709228,998758.8570709229
Y2024_LAT23.61575_LON90.19224,2024,90.19224205510541,23.615754615156238,0.43279869004755517,0.00589998174603529,0.5574013104478647,0.00020000139526665773,0.0037000163632781684,0.0,3,0,0,1,0,0,0,0,0.9987730157470703,998773.0157470703
Y2024_LAT23.61593_LON90.20203,2024,90.20203316359571,23.615931561351996,0.19169995836774872,0.006800033276933007,0.7931000516085236,0.005599975340330175,0.0027999814064644892,0.0,3,0,0,1,0,0,0,0,0.9987871255493164,998787.1255493164
Y2024_LAT23.61611_LON90.21182,2024,90.21182436738655,23.616107891202397,0.12900010494141034,0.13520038990101846,0.735599504736108,0.0,0.00020000042146320254,0.0,3,0,0,1,0,0,0,0,0.9988011865310669,998801.1865310669
Y2024_LAT23.61628_LON90.22162,2024,90.22161566617069,23.61628360470942,0.5493855243091073,0.0009089087943577685,0.449705566896535,0.0,0.0,0.0,1,1,0,0,0,0,0,0,0.9890267427825927,989026.7427825928
Y2024_LAT23.61646_LON90.23141,2024,90.23140705959227,23.616458701651823,0.9935047148157669,0.004059568434171491,0.0,0.0024357167500616743,0.0,0.0,1,1,0,0,0,0,0,0,0.3690664388809204,369066.4388809204
Y2024_LAT23.61967_LON90.41746,2024,90.41746107051672,23.619668388276192,0.0,0.11068691715299446,0.8511451976873436,0.030534306495535204,0.0,0.007633578664126686,3,0,0,1,0,0,0,0,0.02617617839050293,26176.17839050293
Y2024_LAT23.61983_LON90.42725,2024,90.42725428650954,23.619831151396586,0.17559019048979307,0.033944952491368384,0.740920218935347,0.04954463808349152,0.0,0.0,3,0,0,1,0,0,0,0,0.800578106552124,800578.106552124
Y2024_LAT23.61999_LON90.43705,2024,90.4370475903296,23.619993297595872,0.6214650332859198,0.15909595710234403,0.07047429736655265,0.14696069226786856,0.0,0.0020040199773149383,1,1,0,0,0,0,0,0,0.8974011365432739,897401.1365432739
Y2024_LAT23.62015_LON90.44684,2024,90.44684098126899,23.62015482686077,0.30823821027430454,0.2267990728011258,0.0,0.3825762892566321,0.0,0.08238642766793752,4,0,0,0,1,0,0,1,0.21101419497680665,211014.19497680664
Y2024_LAT23.62205_LON90.04518,2024,90.0451846426677,23.622047140885098,0.0,0.0,0.0,1.0,0.0,0.0,4,0,0,0,1,0,0,0,0.5322318859863281,532231.8859863281
Y2024_LAT23.62223_LON90.05497,2024,90.05497495057985,23.622233409800938,0.0,0.0,0.0,1.0,0.0,0.0,4,0,0,0,1,0,0,0,0.9985703326950073,998570.3326950073
Y2024_LAT23.62242_LON90.06477,2024,90.0647653586326,23.622419062338707,0.3645012345631989,0.049500017826568106,0.0,0.5853987490776841,0.0005999985325489913,0.0,4,0,0,0,1,0,0,0,0.9985851296691894,998585.1296691895
Y2024_LAT23.6226_LON90.07456,2024,90.07455586678286,23.622604098559172,0.9555001524537263,0.03379985665178203,0.004600032148713938,0.006099958745777522,0.0,0.0,1,1,0,0,0,0,0,0,0.9985998769073486,998599.8769073486
Y2024_LAT23.62279_LON90.08435,2024,90.08434647441372,23.622788518455952,0.9048004404453178,0.04659976002008758,0.041199816526221456,0.007399983008373119,0.0,0.0,1,1,0,0,0,0,0,0,0.9986145741653443,998614.5741653442
Y2024_LAT23.62297_LON90.09414,2024,90.0941371814257,23.62297232203743,0.9840998975954127,0.0,0.015900102404587235,0.0,0.0,0.0,1,1,0,0,0,0,0,0,0.9986292247772217,998629.2247772217
Y2024_LAT23.62316_LON90.10393,2024,90.10392798735614,23.6231555092476,0.9710001256402465,0.006699974471409788,0.017299891376319276,0.005000008512024451,0.0,0.0,1,1,0,0,0,0,0,0,0.9986438245010376,998643.8245010376
Y2024_LAT23.62334_LON90.11372,2024,90.11371889198318,23.623338079937007,1.0,0.0,0.0,0.0,0.0,0.0,1,1,0,0,0,0,0,0,0.9986583757247924,998658.3757247925
Y2024_LAT23.62352_LON90.12351,2024,90.12350989495626,23.623520034243022,1.0,0.0,0.0,0.0,0.0,0.0,1,1,0,0,0,0,0,0,0.998672877456665,998672.877456665
Y2024_LAT23.6237_LON90.1333,2024,90.13330099572634,23.623701372131254,0.955999731291531,0.004700032047940713,0.013400074677123399,0.02590016198340482,0.0,0.0,1,1,0,0,0,0,0,0,0.9986873300857544,998687.3300857544
Y2024_LAT23.62388_LON90.14309,2024,90.14309219432819,23.623882093479704,0.7468002666854769,0.0301998999805991,0.18860005265060692,0.03439978068331701,0.0,0.0,1,1,0,0,0,0,0,0,0.998701735420227,998701.735420227
Y2024_LAT23.62406_LON90.15288,2024,90.15288349003131,23.624062198306426,0.2976996249908982,0.0622999887331288,0.5803004193160337,0.028999963927540263,0.030700003032399035,0.0,3,0,0,1,0,0,0,0,0.9987160897140503,998716.0897140503
Y2024_LAT23.62424_LON90.16267,2024,90.16267488295445,23.62424168658617,0.0,0.0,0.5449982789825917,0.009700025420854746,0.44530169559655364,0.0,3,0,0,1,0,0,0,0,0.9987303958129883,998730.3958129883
Y2024_LAT23.62442_LON90.17247,2024,90.1724663722966,23.62442055832163,0.0,0.0,0.005600024554952207,0.0,0.9943999754450478,0.0,5,0,0,0,0,1,0,0,0.9987446520309449,998744.6520309448
Y2024_LAT23.6246_LON90.18226,2024,90.18225795806664,23.62459881340563,0.034700198077730435,0.00019999918031658287,0.6686008431566073,0.0,0.29649895958534567,0.0,3,0,0,1,0,0,0,0,0.9987588617019654,998758.8617019653
Y2024_LAT23.62478_LON90.19205,2024,90.19204963976729,23.624776451971467,0.527600486040026,0.0017999988533904964,0.38639969296745447,0.0,0.08419982213912912,0.0,1,1,0,0,0,0,0,0,0.9987730200195313,998773.0200195312
Y2024_LAT23.62495_LON90.20184,2024,90.20184141712039,23.62495347385864,0.8788005418935171,0.00039999874247197305,0.12079945936401093,0.0,0.0,0.0,1,1,0,0,0,0,0,0,0.9987871289596557,998787.1289596558
Y2024_LAT23.62513_LON90.21163,2024,90.21163328993414,23.625129879066357,0.8374994236701281,0.04130009467478555,0.12100048190648025,0.00019999974860609714,0.0,0.0,1,1,0,0,0,0,0,0,0.9988011898498536,998801.1898498535
Y2024_LAT23.62531_LON90.22143,2024,90.22142525746936,23.62530566762347,0.5515998758554194,0.012699917422542874,0.43460020856220855,0.001099998159829201,0.0,0.0,1,1,0,0,0,0,0,0,0.998815202949524,998815.2029495239
Y2024_LAT23.62548_LON90.23122,2024,90.23121731985778,23.625480839488127,0.3767807464565213,0.03200897797304638,0.5912102755704323,0.0,0.0,0.0,3,0,0,1,0,0,0,0,0.995433122215271,995433.122215271
Y2024_LAT23.62566_LON90.24101,2024,90.24100947645256,23.62565539456397,0.174162803722023,0.1846891146088426,0.6411480816691344,0.0,0.0,0.0,3,0,0,1,0,0,0,0,0.10437848424530029,104378.4842453003
Y2024_LAT23.62853_LON90.40749,2024,90.40749024821709,23.62852844823897,0.21383645677056748,0.23270429888117872,0.4025158465994449,0.037735832627436856,0.0,0.11320756512137209,3,0,0,1,0,0,0,1,0.01588533822631836,15885.33822631836
Y2024_LAT23.62869_LON90.41728,2024,90.41728404573055,23.628691898141074,0.36325807446815783,0.28251823239226886,0.1540222017854391,0.17123251899987274,0.0,0.028968972354261588,1,1,0,0,0,0,0,1,0.6966629853744507,696662.9853744507
Y2024_LAT23.62885_LON90.42708,2024,90.42707793134738,23.628854730893405,0.22439952428177276,0.5469005132993368,0.07269981503993712,0.12490003588600164,0.0,0.031100111492951686,2,0,1,0,0,0,0,0,0.9990981031646728,999098.1031646729
Y2024_LAT23.62902_LON90.43687,2024,90.43687190449724,23.62901694640605,0.4941008325112984,0.17699934384927518,0.025899942982472186,0.25189988024900034,0.0,0.051100000407953906,1,1,0,0,0,0,0,1,0.9991110331878662,999111.0331878662
Y2024_LAT23.62918_LON90.44667,2024,90.44666596520008,23.629178544766493,0.36747959200524044,0.11731926768430416,0.0032113149399776867,0.45686258115592826,0.0,0.05512724421454941,4,0,0,0,1,0,0,1,0.9333812489013672,933381.2489013672
Y2024_LAT23.62934_LON90.45646,2024,90.45646011266055,23.629339525830826,0.3064849619484918,0.0,0.0,0.6935150380515083,0.0,0.0,4,0,0,0,1,0,0,0,0.38206938999176027,382069.38999176025
Y2024_LAT23.6295_LON90.46625,2024,90.46625434707975,23.629499889634047,0.006485064361736316,0.0,0.0,0.9935149356382637,0.0,0.0,4,0,0,0,1,0,0,0,0.07703419909667969,77034.19909667969
Y2024_LAT23.63032_LON90.00582,2024,90.00581920137908,23.630316240577596,0.0,0.0,0.0,1.0,0.0,0.0,4,0,0,0,1,0,0,0,0.022965541114807128,22965.54111480713
Y2024_LAT23.63051_LON90.01561,2024,90.01560977336864,23.63050505498827,0.0,0.0,0.0,0.9917902887390666,0.0,0.008209711260933363,4,0,0,0,1,0,0,0,0.316228695930481,316228.69593048096
Y2024_LAT23.63069_LON90.0254,2024,90.02540044685855,23.630693252966037,0.0,0.0,0.0,0.4742355292846988,0.0,0.5257644707153012,6,0,0,0,0,0,1,0,0.5232276231307983,523227.62313079834
Y2024_LAT23.63088_LON90.03519,2024,90.03519122181311,23.630880834439807,0.0,0.0,0.0,0.7643390238871044,0.0,0.23566097611289563,4,0,0,0,1,0,0,0,0.5745602910232543,574560.2910232544
Y2024_LAT23.63107_LON90.04498,2024,90.04498209763678,23.631067799488108,0.0,0.0,0.0,1.0,0.0,0.0,4,0,0,0,1,0,0,0,0.8353921760406494,835392.1760406494
Y2024_LAT23.63125_LON90.05477,2024,90.05477307428313,23.63125414791276,0.45140111160525676,0.0003999996144298436,0.0,0.5481988887803134,0.0,0.0,4,0,0,0,1,0,0,0,0.9985703366317749,998570.3366317749
Y2024_LAT23.63144_LON90.06456,2024,90.06456415109373,23.631439879824676,0.9959000283452898,0.0,0.0,0.004099971654710236,0.0,0.0,1,1,0,0,0,0,0,0,0.9985851325378418,998585.1325378418
Y2024_LAT23.63162_LON90.07436,2024,90.07435532800123,23.631624995172196,0.9951000125057672,0.0,0.0,0.004899987494232824,0.0,0.0,1,1,0,0,0,0,0,0,0.9985998797683716,998599.8797683716
Y2024_LAT23.63181_LON90.08415,2024,90.08414660449293,23.63180949390038,0.9586999332818883,0.03970006911743189,0.0,0.0015999976006798365,0.0,0.0,1,1,0,0,0,0,0,0,0.9986145784759521,998614.5784759521
Y2024_LAT23.63199_LON90.09394,2024,90.09393798038876,23.631993375975423,0.999699999419581,0.0003000005804190356,0.0,0.0,0.0,0.0,1,1,0,0,0,0,0,0,0.9986292273864746,998629.2273864746
Y2024_LAT23.63218_LON90.10373,2024,90.10372945514797,23.632176641432846,1.0,0.0,0.0,0.0,0.0,0.0,1,1,0,0,0,0,0,0,0.9986438276672364,998643.8276672363
Y2024_LAT23.63236_LON90.11352,2024,90.11352102874518,23.632359290245322,1.0,0.0,0.0,0.0,0.0,0.0,1,1,0,0,0,0,0,0,0.9986583791046143,998658.3791046143
Y2024_LAT23.63254_LON90.12331,2024,90.1233127005404,23.632541322280527,1.0,0.0,0.0,0.0,0.0,0.0,1,1,0,0,0,0,0,0,0.9986728806991577,998672.8806991577
Y2024_LAT23.63272_LON90.1331,2024,90.1331044703737,23.632722737589727,0.7883991410634922,0.04890019464220122,0.14530055519407697,0.017400109100229575,0.0,0.0,1,1,0,0,0,0,0,0,0.9986873349533081,998687.3349533081
Y2024_LAT23.6329_LON90.1429,2024,90.14289633789178,23.632903536121397,0.27940015573012494,0.0680999766508505,0.6411999011112559,0.011299966507768783,0.0,0.0,3,0,0,1,0,0,0,0,0.9987017384719848,998701.7384719849
Y2024_LAT23.63308_LON90.15269,2024,90.15268830279018,23.633083717909535,0.41859956520219854,0.07700011604963936,0.42570042317911755,0.07839989491754971,0.00030000065149487565,0.0,3,0,0,1,0,0,0,1,0.9987160928573608,998716.0928573608
Y2024_LAT23.63326_LON90.16248,2024,90.16248036463116,23.63326328292619,0.1240999312850013,0.10060027690211537,0.6647996208624879,0.05910001763253568,0.051400153317859694,0.0,3,0,0,1,0,0,0,0,0.9987303983688355,998730.3983688354
Y2024_LAT23.63344_LON90.17227,2024,90.17227252312696,23.633442231101427,0.29860031591985625,0.08349996456141982,0.5409996258049222,0.0006000018812663606,0.0763000918325353,0.0,3,0,0,1,0,0,0,0,0.9987446559677124,998744.6559677124
Y2024_LAT23.63362_LON90.18206,2024,90.18206477793981,23.633620562439855,0.35269908732072397,0.0,0.5880008512457212,0.00019999898899483834,0.05910006244456003,0.0,3,0,0,1,0,0,0,0,0.9987588634490967,998758.8634490967
Y2024_LAT23.6338_LON90.19186,2024,90.1918571289066,23.633798276889035,0.006200040901129263,0.023200089854359337,0.39629919994148427,0.0020000079569217734,0.5723006613461054,0.0,5,0,0,0,0,1,0,0,0.9987730230331421,998773.0230331421
Y2024_LAT23.63398_LON90.20165,2024,90.20164957542866,23.633975374415314,0.6835013359360534,0.02319995216521879,0.10729959410527926,0.0,0.18599911779344863,0.0,1,1,0,0,0,0,0,0,0.9987871315383912,998787.1315383911
Y2024_LAT23.63415_LON90.21144,2024,90.21144211729985,23.634151855098914,0.7805988954802269,0.004900030786956462,0.21430107424445294,0.00019999948836369735,0.0,0.0,1,1,0,0,0,0,0,0,0.9988011925048829,998801.1925048828
Y2024_LAT23.63433_LON90.22123,2024,90.22123475423295,23.63432771868755,0.07589964283967883,0.005599966197194288,0.9140003637627405,0.0,0.004500027200386341,0.0,3,0,0,1,0,0,0,0,0.9988152059173584,998815.2059173584
Y2024_LAT23.6345_LON90.23103,2024,90.23102748576463,23.634502965365662,0.03420007139136024,0.0,0.9319998713589652,0.033800057249674505,0.0,0.0,3,0,0,1,0,0,0,0,0.9988291662445068,998829.1662445068
Y2024_LAT23.63468_LON90.24082,2024,90.24082031170049,23.634677595118372,0.35980290984276764,0.016349081879939126,0.6238480082772933,0.0,0.0,0.0,3,0,0,1,0,0,0,0,0.8125584328308105,812558.4328308105
Y2024_LAT23.63485_LON90.25061,2024,90.25061323168009,23.634851607806073,0.048295529939726654,0.0,0.9517044700602734,0.0,0.0,0.0,3,0,0,1,0,0,0,0,0.14063826360321044,140638.26360321045
Y2024_LAT23.63639_LON90.33875,2024,90.33875368700485,23.636389951955973,0.1984437124376086,0.0,0.8015562875623914,0.0,0.0,0.0,3,0,0,1,0,0,0,0,0.025673895767211914,25673.895767211914
Y2024_LAT23.63656_LON90.34855,2024,90.3485475288623,23.636557793127782,0.6714901914000467,0.036501073054701676,0.0,0.2920087355452516,0.0,0.0,1,1,0,0,0,0,0,0,0.15873993330383301,158739.933303833
Y2024_LAT23.63673_LON90.35834,2024,90.35834146104834,23.6367250170369,0.0,0.9701492767666219,0.0,0.029850723233378153,0.0,0.0,2,0,1,0,0,0,0,0,0.0066933027114868164,6693.302711486816
Y2024_LAT23.63739_LON90.39752,2024,90.39751808669469,23.637387739383705,0.6404112036676086,0.09931508644793732,0.26027370988445403,0.0,0.0,0.0,1,1,0,0,0,0,0,0,0.029172682411193848,29172.682411193848
Y2024_LAT23.63755_LON90.40731,2024,90.40731246568988,23.637551876547917,0.509922672597088,0.15102030662817115,0.053624294197883095,0.284025260571546,0.0,0.0014074660053119716,1,1,0,0,0,0,0,0,0.7098415767898559,709841.576789856
Y2024_LAT23.63772_LON90.41711,2024,90.41710693302514,23.637715396337033,0.8767000897670103,0.013799958414719553,0.019200042211677495,0.0898999119218945,0.0,0.00039999768469819416,1,1,0,0,0,0,0,0,0.9990851248474121,999085.1248474121
Y2024_LAT23.63788_LON90.4269,2024,90.4269014883994,23.63787829860412,0.27139971734626933,0.03280010740512009,0.618000119091875,0.07480005438113227,0.0,0.0030000017756034833,3,0,0,1,0,0,0,0,0.9990981050567627,999098.1050567627
Y2024_LAT23.63804_LON90.4367,2024,90.43669613149267,23.638040583534906,0.7437005269860015,0.004100002763306241,0.021399950431898584,0.23079951981879365,0.0,0.0,1,1,0,0,0,0,0,0,0.9991110362167358,999111.0362167358
Y2024_LAT23.6382_LON90.44649,2024,90.44649086199318,23.638202250870602,0.612499961953687,0.05589999517115025,0.08389993854423945,0.24770010433092343,0.0,0.0,1,1,0,0,0,0,0,0,0.99912391872406,999123.9187240601
Y2024_LAT23.63836_LON90.45629,2024,90.45628567938968,23.638363300724464,0.7699995536752273,0.10870041558316394,0.03860005600161783,0.08269997473999091,0.0,0.0,1,1,0,0,0,0,0,0,0.9991367518157959,999136.7518157959
Y2024_LAT23.63852_LON90.46608,2024,90.4660805836651,23.638523733078866,0.7482399384171384,0.064979786037421,0.00020401791127185322,0.18647424831243387,0.0,0.00010200932173488032,1,1,0,0,0,0,0,0,0.9794661780090332,979466.1780090332
Y2024_LAT23.63868_LON90.47588,2024,90.4758755741877,23.638683547890317,0.0,0.0,0.0,1.0,0.0,0.0,4,0,0,0,1,0,0,0,0.05265554526519775,52655.545265197754
Y2024_LAT23.63934_LON90.00561,2024,90.00561387970349,23.639336565967717,0.0,0.0,0.0,0.48256023428821976,0.0,0.5174397657117802,6,0,0,0,0,0,1,0,0.2776831385269165,277683.1385269165
Y2024_LAT23.63953_LON90.01541,2024,90.01540512064885,23.63952546108223,0.0,0.011200001177156015,0.0,0.2804996622761442,0.0,0.7083003365466998,6,0,0,0,0,0,1,0,0.9985106624450684,998510.6624450684
Y2024_LAT23.63971_LON90.0252,2024,90.02519646314518,23.63971373938418,0.0,0.0,0.0,0.3547010388537438,0.0,0.6452989611462562,6,0,0,0,0,0,1,0,0.9985256575164795,998525.6575164795
Y2024_LAT23.6399_LON90.03499,2024,90.034987907132,23.639901401038887,0.0,0.0,0.0,0.9893000694373538,0.0,0.010699930562646147,4,0,0,0,1,0,0,0,0.998540598083496,998540.5980834961
Y2024_LAT23.64009_LON90.04478,2024,90.0447794519759,23.640088445903352,0.5113014106830429,0.0,0.0,0.48869858931695703,0.0,0.0,1,1,0,0,0,0,0,0,0.9985554943542481,998555.494354248
Y2024_LAT23.64027_LON90.05457,2024,90.05457109761258,23.640274873959928,0.9944999624866977,9.999926526733138e-05,0.0054000382480349435,0.0,0.0,0.0,1,1,0,0,0,0,0,0,0.9985703403625489,998570.3403625488
Y2024_LAT23.64046_LON90.06436,2024,90.06436284361011,23.640460685216986,0.6759997229858397,0.015000093275091412,0.30900018373906896,0.0,0.0,0.0,1,1,0,0,0,0,0,0,0.9985851356735229,998585.135673523
Y2024_LAT23.64065_LON90.07415,2024,90.07415468950585,23.640645879660966,0.3594004328265474,0.028599984949030346,0.6119995822244223,0.0,0.0,0.0,3,0,0,1,0,0,0,0,0.9985998836593628,998599.8836593628
Y2024_LAT23.64083_LON90.08395,2024,90.08394663527612,23.640830457164387,0.9081999645053982,0.014799995338527872,0.07700004015607395,0.0,0.0,0.0,1,1,0,0,0,0,0,0,0.9986145814132691,998614.581413269
Y2024_LAT23.64101_LON90.09374,2024,90.09373868027474,23.641014417838402,0.7794002124939657,0.06210011455013089,0.15609967298953112,0.0004999994018595311,0.0019000005645128306,0.0,1,1,0,0,0,0,0,0,0.9986292311401367,998629.2311401367
Y2024_LAT23.6412_LON90.10353,2024,90.1035308243452,23.64119776157217,1.0,0.0,0.0,0.0,0.0,0.0,1,1,0,0,0,0,0,0,0.9986438310928345,998643.8310928345
Y2024_LAT23.64138_LON90.11332,2024,90.11332306709959,23.641380488381355,0.8804993389137725,0.07460038024158709,0.04490028084464036,0.0,0.0,0.0,1,1,0,0,0,0,0,0,0.9986583826141358,998658.3826141357
Y2024_LAT23.64156_LON90.12312,2024,90.12311540817527,23.641562598137853,0.4823003761752214,0.02039992593627308,0.4952996857155819,0.0006000036717398891,0.001400008501183788,0.0,3,0,0,1,0,0,0,1,0.9986728843231201,998672.8843231201
Y2024_LAT23.64174_LON90.13291,2024,90.13290784739192,23.641744090980474,0.3011987923791108,0.04659998452210981,0.6520012239034779,0.00019999919530142927,0.0,0.0,3,0,0,1,0,0,0,0,0.9986873373031616,998687.3373031616
Y2024_LAT23.64192_LON90.1427,2024,90.14270038417922,23.641924966844844,0.14979990741645732,0.16179987612076152,0.6639002709057843,0.02449994555699685,0.0,0.0,3,0,0,1,0,0,0,0,0.9987017419586182,998701.7419586182
Y2024_LAT23.64211_LON90.15249,2024,90.15249301838595,23.642105225609342,0.045700140615837506,0.038300130506213136,0.806199488736793,0.0496000414928602,0.06020019864829613,0.0,3,0,0,1,0,0,0,0,0.9987160972518921,998716.0972518921
Y2024_LAT23.64228_LON90.16229,2024,90.16228574967943,23.642284867321358,0.640900389147439,0.11129952147597234,0.23290018166148108,0.003299983405271095,0.011599924309836574,0.0,1,1,0,0,0,0,0,0,0.9987304024963379,998730.4024963379
Y2024_LAT23.64246_LON90.17208,2024,90.1720785776046,23.642463891935662,0.9552000700995223,0.002699989345205378,0.00579999097413241,0.03629994958113997,0.0,0.0,1,1,0,0,0,0,0,0,0.9987446588363648,998744.6588363647
Y2024_LAT23.64264_LON90.18187,2024,90.18187150192378,23.64264229939514,0.7332988603536285,0.006100016170623817,0.25220108789143997,0.007200034120570882,0.0012000014637368608,0.0,1,1,0,0,0,0,0,0,0.9987588652496338,998758.8652496338
Y2024_LAT23.64282_LON90.19166,2024,90.19166452226102,23.642820089801756,0.17240036706441367,0.043699904946198735,0.7775997613444072,0.0,0.006299966644980468,0.0,3,0,0,1,0,0,0,0,0.9987730256881714,998773.0256881714
Y2024_LAT23.643_LON90.20146,2024,90.20145763831516,23.642997262986942,0.8221008792980559,0.013699919531984631,0.13869929795614439,0.0,0.025499903213814904,0.0,1,1,0,0,0,0,0,0,0.9987871352767944,998787.1352767944
Y2024_LAT23.64317_LON90.21125,2024,90.21125084981313,23.643173818962985,0.7073987523472547,0.0029000017032602896,0.28970124594948504,0.0,0.0,0.0,1,1,0,0,0,0,0,0,0.9988011959152222,998801.1959152222
Y2024_LAT23.64335_LON90.22104,2024,90.22104415619775,23.64334975780712,0.0036999768953094206,0.0029999812774086534,0.9933000418272819,0.0,0.0,0.0,3,0,0,1,0,0,0,0,0.9988152061462402,998815.2061462402
Y2024_LAT23.64353_LON90.23084,2024,90.23083755737242,23.64352507933352,0.0,0.0,1.0,0.0,0.0,0.0,3,0,0,1,0,0,0,0,0.9988291694946289,998829.1694946289
Y2024_LAT23.6437_LON90.24063,2024,90.24063105299706,23.643699783631327,0.0,0.0,1.0,0.0,0.0,0.0,3,0,0,1,0,0,0,0,0.9988430824813843,998843.0824813843
Y2024_LAT23.64387_LON90.25042,2024,90.25042464252478,23.64387387064979,0.0525148950247183,0.003328410073937372,0.9105027857006541,0.03032550034140164,0.003328408859288603,0.0,3,0,0,1,0,0,0,0,0.27008957106018067,270089.57106018066
Y2024_LAT23.64524_LON90.32878,2024,90.32877670500014,23.645244341741815,0.07966208546995933,0.0028176342581764094,0.9144465239966605,0.0030737562752038094,0.0,0.0,3,0,0,1,0,0,0,0,0.3899973263320923,389997.3263320923
Y2024_LAT23.64541_LON90.33857,2024,90.33857112603943,23.645412872119582,0.3477010320624078,0.011735891117858971,0.5604389459111401,0.08012413090859333,0.0,0.0,3,0,0,1,0,0,0,0,0.9363437696380615,936343.7696380615
Y2024_LAT23.64558_LON90.34837,2024,90.3483656377998,23.64558078499094,0.5969004256223431,0.1471001164345555,0.02809992200062523,0.2278995359424761,0.0,0.0,1,1,0,0,0,0,0,0,0.9989928874053955,998992.8874053955
Y2024_LAT23.64575_LON90.35816,2024,90.35816023995986,23.64574808033217,0.8870219602977557,0.1129780397022443,0.0,0.0,0.0,0.0,1,1,0,0,0,0,0,0,0.7073952833557129,707395.2833557129
Y2024_LAT23.64591_LON90.36795,2024,90.36795493214012,23.645914758103384,1.0,0.0,0.0,0.0,0.0,0.0,1,1,0,0,0,0,0,0,0.005994079727172852,5994.079727172852
Y2024_LAT23.64625_LON90.38754,2024,90.38754458534906,23.646246260859712,0.0,0.0,1.0,0.0,0.0,0.0,3,0,0,1,0,0,0,0,0.000599431396484375,599.431396484375
Y2024_LAT23.64641_LON90.39734,2024,90.39733954568743,23.646411085819135,0.3337146255995729,0.03115631187233078,0.4547660295259855,0.18036303300211085,0.0,0.0,3,0,0,1,0,0,0,1,0.6990427157821655,699042.7157821655
Y2024_LAT23.64658_LON90.40713,2024,90.4071345948111,23.646575293117806,0.7633001061601915,0.03239983791968578,0.16290024552417573,0.04129981089836322,0.0,9.999949758373327e-05,1,1,0,0,0,0,0,0,0.9990720971374512,999072.0971374512
Y2024_LAT23.64674_LON90.41693,2024,90.41692973226978,23.64673888273046,0.7492996390309709,0.004299993530440585,0.24330034992202224,0.003100017516566345,0.0,0.0,1,1,0,0,0,0,0,0,0.9990851277236938,999085.1277236938
Y2024_LAT23.6469_LON90.42672,2024,90.42672495781879,23.646901854634045,0.5373997804887543,0.06410014811199351,0.3397001086360371,0.05879996276321518,0.0,0.0,1,1,0,0,0,0,0,0,0.9990981089401245,999098.1089401245
Y2024_LAT23.64706_LON90.43652,2024,90.43652027111423,23.647064208822663,0.5701001797901792,0.018899908779950195,0.23970037667511437,0.17129953475475618,0.0,0.0,1,1,0,0,0,0,0,0,0.9991110390014648,999111.0390014648
Y2024_LAT23.64723_LON90.44632,2024,90.44631567169093,23.64722594529034,0.8131002180660102,0.03229993689963016,0.14019982219571112,0.014400022838648587,0.0,0.0,1,1,0,0,0,0,0,0,0.9991239214553833,999123.9214553833
Y2024_LAT23.64739_LON90.45611,2024,90.4561111594736,23.647387064043734,0.767399533734049,0.05390012529837167,0.017000009139741035,0.1617003318278383,0.0,0.0,1,1,0,0,0,0,0,0,0.9991367546844483,999136.7546844482
Y2024_LAT23.64755_LON90.46591,2024,90.4659067338507,23.64754756495049,0.2664354065123206,0.12016045436450586,0.03451418482417421,0.5772464196856553,0.0,0.0016435346133440686,4,0,0,0,1,0,0,0,0.5471330102233887,547133.0102233887
Y2024_LAT23.64836_LON90.00541,2024,90.00540845614941,23.64835687910562,0.0,0.0,0.0,0.15021427640170562,0.0,0.8497857235982944,6,0,0,0,0,0,1,0,0.046530157821655274,46530.15782165527
Y2024_LAT23.64855_LON90.0152,2024,90.01520036621756,23.64854585489665,0.0,0.11555327793575097,0.0,0.18104000423478525,0.0,0.7034067178294638,6,0,0,0,0,0,1,0,0.524518486755371,524518.4867553711
Y2024_LAT23.64873_LON90.02499,2024,90.02499237812492,23.648734213692826,0.0,0.005599982656393743,0.0,0.9223004195715,0.0,0.07209959777210623,4,0,0,0,1,0,0,0,0.9985256602554321,998525.6602554321
Y2024_LAT23.64892_LON90.03478,2024,90.03478449128586,23.648921955469756,0.1481007994508738,0.011800044905607784,0.007700042839138309,0.8323991128043802,0.0,0.0,4,0,0,0,1,0,0,0,0.9985406020355224,998540.6020355225
Y2024_LAT23.64911_LON90.04458,2024,90.04457670567825,23.649109080184143,0.9869000748630257,0.0,0.0011000080390752307,0.011999917097899097,0.0,0.0,1,1,0,0,0,0,0,0,0.9985554977722167,998555.4977722168
Y2024_LAT23.6493_LON90.05437,2024,90.05436902062065,23.649295587906977,0.5339993302472262,0.0005000023528434326,0.46550066739993035,0.0,0.0,0.0,1,1,0,0,0,0,0,0,0.9985703437652588,998570.3437652588
Y2024_LAT23.64948_LON90.06416,2024,90.06416143605516,23.649481478506278,0.0,0.0,1.0,0.0,0.0,0.0,3,0,0,1,0,0,0,0,0.9985851394500732,998585.1394500732
Y2024_LAT23.64967_LON90.07395,2024,90.07395395141465,23.649666751983958,0.0,0.028000036117463063,0.971999963882537,0.0,0.0,0.0,3,0,0,1,0,0,0,0,0.998599886932373,998599.886932373
Y2024_LAT23.64985_LON90.08375,2024,90.08374656663091,23.649851408340954,0.11970008533245576,0.049800072675200056,0.8259998432239317,0.004499998768412454,0.0,0.0,3,0,0,1,0,0,0,0,0.9986145853729248,998614.5853729248
Y2024_LAT23.65004_LON90.09354,2024,90.09353928119047,23.65003544756201,0.18330106453523587,0.05830020222344738,0.7461986685286974,0.011900063668139605,0.00030000104447983327,0.0,3,0,0,1,0,0,0,0,0.9986292339477539,998629.2339477539
Y2024_LAT23.65022_LON90.10333,2024,90.10333209480983,23.650218869588418,0.9994000004950989,0.0,0.0,0.0005999995049010737,0.0,0.0,1,1,0,0,0,0,0,0,0.9986438345031738,998643.8345031738
Y2024_LAT23.6504_LON90.11313,2024,90.11312500711442,23.65040167440918,0.44359913182731575,0.002500007564183402,0.5501008366079008,0.0038000240006001184,0.0,0.0,3,0,0,1,0,0,0,0,0.9986583858566285,998658.3858566284
Y2024_LAT23.65058_LON90.12292,2024,90.12291801782324,23.650583862046677,0.4552006870711779,0.053700142460657935,0.38079897921993094,0.09650010457987132,0.013800086668361921,0.0,1,1,0,0,0,0,0,1,0.9986728868789673,998672.8868789673
Y2024_LAT23.65077_LON90.13271,2024,90.13271112660111,23.650765432392348,0.8729998455536886,0.004899970459283712,0.12020019195894997,0.0018999920280777572,0.0,0.0,1,1,0,0,0,0,0,0,0.9986873406829834,998687.3406829834
Y2024_LAT23.65095_LON90.1425,2024,90.14250433313134,23.650946385418102,0.7744994813394559,0.10700020040160618,0.11850031825893792,0.0,0.0,0.0,1,1,0,0,0,0,0,0,0.9987017445831299,998701.7445831299
Y2024_LAT23.65113_LON90.1523,2024,90.15229763707127,23.651126721263665,0.8288004194155018,0.07579985269167681,0.09159972726890489,0.0007000006900835385,0.0030999999338330473,0.0,1,1,0,0,0,0,0,0,0.9987161000442505,998716.1000442505
Y2024_LAT23.65131_LON90.16209,2024,90.16209103800124,23.65130643968151,0.9694998146944779,9.999928832528201e-05,0.0,0.03040018601719681,0.0,0.0,1,1,0,0,0,0,0,0,0.9987304048309327,998730.4048309326
Y2024_LAT23.65149_LON90.17188,2024,90.17188453565397,23.65148554072681,0.9753998883864559,0.009500060229890474,0.004800031230097877,0.010300020153555746,0.0,0.0,1,1,0,0,0,0,0,0,0.9987446622009277,998744.6622009277
Y2024_LAT23.65166_LON90.18168,2024,90.18167812981739,23.651664024468683,0.80120030707875,0.07389980160313987,0.01799989364445782,0.10689999767365231,0.0,0.0,1,1,0,0,0,0,0,0,0.9987588712615967,998758.8712615967
Y2024_LAT23.65184_LON90.19147,2024,90.19147181996394,23.651841890690815,0.6612998428678426,0.04639990234787165,0.2606003261047277,0.028199922786635027,0.003500005892923043,0.0,1,1,0,0,0,0,0,0,0.9987730288925171,998773.0288925171
Y2024_LAT23.65202_LON90.20127,2024,90.20126560587352,23.65201913955223,0.9905000620059565,0.0,0.009499937994043518,0.0,0.0,0.0,1,1,0,0,0,0,0,0,0.9987871377944947,998787.1377944946
Y2024_LAT23.6522_LON90.21106,2024,90.21105948714879,23.652195770994364,0.7586994313191215,0.010799996768046306,0.23050057191283213,0.0,0.0,0.0,1,1,0,0,0,0,0,0,0.9988011989669799,998801.19896698
Y2024_LAT23.65237_LON90.22085,2024,90.2208534635432,23.652371784935802,0.6942994847497045,0.0,0.3044005183832189,0.0012999968670767143,0.0,0.0,1,1,0,0,0,0,0,0,0.9988152087402343,998815.2087402344
Y2024_LAT23.65255_LON90.23065,2024,90.23064753466687,23.65254718137857,0.0,0.0,1.0,0.0,0.0,0.0,3,0,0,1,0,0,0,0,0.9988291728134155,998829.1728134155
Y2024_LAT23.65272_LON90.24044,2024,90.24044170013242,23.652721960302607,0.0,0.023900039939739368,0.8544995012367904,0.0897004018102063,0.03190005701326393,0.0,3,0,0,1,0,0,0,0,0.9988430869369507,998843.0869369507
Y2024_LAT23.6529_LON90.25024,2024,90.25023595971354,23.652896121670423,0.0,0.00035310534878777263,0.48905404404851804,0.5068852318450524,0.0037076187576417377,0.0,4,0,0,0,1,0,0,0,0.5657518930740356,565751.8930740356
Y2024_LAT23.65307_LON90.26003,2024,90.26003031308993,23.65306966545825,0.016846835695317045,0.07501607213124932,0.6964398110191403,0.2097900949383018,0.0019071862159914601,0.0,3,0,0,1,0,0,0,0,0.31424441891479493,314244.4189147949
Y2024_LAT23.65324_LON90.26982,2024,90.26982475978058,23.653242591653335,0.1321994009812243,0.030537359357230728,0.564746938343462,0.272516301318083,0.0,0.0,3,0,0,1,0,0,0,0,0.25841062744903565,258410.62744903564
Y2024_LAT23.65393_LON90.309,2024,90.30900347414284,23.653928120017913,0.0,0.0,0.0,1.0,0.0,0.0,4,0,0,0,1,0,0,0,0.005394304824829102,5394.304824829102
Y2024_LAT23.6541_LON90.3188,2024,90.31879838284914,23.654097957912555,0.003540944279528544,0.4072071583037945,0.09935460995206818,0.480524262770595,0.009373024694013757,0.0,4,0,0,0,1,0,0,1,0.47959806758117673,479598.06758117676
Y2024_LAT23.65427_LON90.32859,2024,90.32859338310587,23.654267177999625,0.17606235368716464,0.05757988294451638,0.46456596743322315,0.3017917959350958,0.0,0.0,3,0,0,1,0,0,0,1,0.9923729619522095,992372.9619522095
Y2024_LAT23.65444_LON90.33839,2024,90.33838847432703,23.65443578045313,0.406799636786198,0.062200265986661354,0.3010004244361278,0.2211996369705781,0.0,0.008800035820434725,1,1,0,0,0,0,0,1,0.9989795179672242,998979.5179672241
Y2024_LAT23.6546_LON90.34818,2024,90.34818365641897,23.65460376508775,0.6647010544970948,0.1084996835382275,0.21639930841693475,0.010399953547742894,0.0,0.0,1,1,0,0,0,0,0,0,0.9989928960494995,998992.8960494995
Y2024_LAT23.65477_LON90.35798,2024,90.3579789287785,23.654771131881432,1.0,0.0,0.0,0.0,0.0,0.0,1,1,0,0,0,0,0,0,0.9990062174682617,999006.2174682617
Y2024_LAT23.65494_LON90.36777,2024,90.36777429131557,23.654937880803143,1.0,0.0,0.0,0.0,0.0,0.0,1,1,0,0,0,0,0,0,0.7181946359481811,718194.6359481812
Y2024_LAT23.6551_LON90.37757,2024,90.37756974353579,23.655104011943166,0.730903205685472,0.00013401270572968406,0.26011792788398364,0.008844853724814654,0.0,0.0,1,1,0,0,0,0,0,0,0.7454783599700928,745478.3599700928
Y2024_LAT23.65527_LON90.38737,2024,90.38736528525558,23.655269525170006,0.5975426002163907,0.24226275875022654,0.14906672743148364,0.011127913601899103,0.0,0.0,1,1,0,0,0,0,0,0,0.8618770925827026,861877.0925827026
Y2024_LAT23.65543_LON90.39716,2024,90.39716091607464,23.655434420458946,0.6594998531628168,0.0008000021659541294,0.2871000287834979,0.052600115887731204,0.0,0.0,1,1,0,0,0,0,0,0,0.9990590226287842,999059.0226287842
Y2024_LAT23.6556_LON90.40696,2024,90.4069566355684,23.65559869789448,0.390400380745945,0.0,0.5792997575840737,0.030199862226269126,9.99994437121843e-05,0.0,3,0,0,1,0,0,0,0,0.9990721012954712,999072.1012954712
Y2024_LAT23.65576_LON90.41675,2024,90.41675244345194,23.655762357398,0.9169002187966181,0.0,0.08309978120338195,0.0,0.0,0.0,1,1,0,0,0,0,0,0,0.9990851307373046,999085.1307373047
Y2024_LAT23.65593_LON90.42655,2024,90.42654833946496,23.655925398947424,0.2857999239147643,0.421000120404299,0.2922999520294417,0.0009000036514949956,0.0,0.0,2,0,1,0,0,0,0,1,0.9990981108169555,999098.1108169556
Y2024_LAT23.65609_LON90.43634,2024,90.43634432324464,23.656087822467907,0.7114993474254578,0.10750047789621966,0.17770017528951346,0.0032999993888090935,0.0,0.0,1,1,0,0,0,0,0,0,0.9991110415344239,999111.0415344238
Y2024_LAT23.65625_LON90.44614,2024,90.44614039448588,23.656249628012446,0.5264013219366456,0.3646989026604047,0.10379977873628146,0.005099996666668216,0.0,0.0,1,1,0,0,0,0,0,0,0.9991239233932495,999123.9233932495
Y2024_LAT23.65641_LON90.45594,2024,90.45593655269141,23.65641081546605,0.5561716854645966,0.019111505155013527,0.006327448888013034,0.41838936049237685,0.0,0.0,1,1,0,0,0,0,0,0,0.7737305947418213,773730.5947418213
Y2024_LAT23.65657_LON90.46573,2024,90.46573279774167,23.656571384915978,0.0,0.0,0.0,1.0,0.0,0.0,4,0,0,0,1,0,0,0,0.015386814949035644,15386.814949035645
Y2024_LAT23.65757_LON90.015,2024,90.01499551019903,23.657566236585186,0.0,0.0,0.0,1.0,0.0,0.0,4,0,0,0,1,0,0,0,0.0011982215576171874,1198.2215576171875
Y2024_LAT23.65775_LON90.02479,2024,90.02478819161975,23.65775467577237,0.0,0.0,0.0,0.9062368301816583,0.0,0.09376316981834161,4,0,0,0,1,0,0,0,0.9190435606384277,919043.5606384277
Y2024_LAT23.65794_LON90.03458,2024,90.03458097454474,23.657942497728577,0.6426009778235876,0.02210004106702526,0.04790031884635275,0.2873986622630345,0.0,0.0,1,1,0,0,0,0,0,0,0.9985406059570312,998540.6059570312
Y2024_LAT23.65813_LON90.04437,2024,90.04437385854851,23.658129702363212,0.3328997513922574,0.0,0.6671002486077425,0.0,0.0,0.0,3,0,0,1,0,0,0,0,0.9985555013046264,998555.5013046265
Y2024_LAT23.65832_LON90.05417,2024,90.0541668432674,23.658316289703766,0.11169966588850859,9.99997994088114e-05,0.8882003343120826,0.0,0.0,0.0,3,0,0,1,0,0,0,0,0.9985703471603393,998570.3471603394
Y2024_LAT23.6585_LON90.06396,2024,90.0639599284142,23.658502259629763,0.0,0.0,1.0,0.0,0.0,0.0,3,0,0,1,0,0,0,0,0.9985851423568726,998585.1423568726
Y2024_LAT23.65869_LON90.07375,2024,90.07375311361477,23.658687612249345,0.0,0.26620089889877935,0.7178990137143553,0.010000058539603484,0.005900028847261898,0.0,3,0,0,1,0,0,0,0,0.9985998900146484,998599.8900146484
Y2024_LAT23.65887_LON90.08355,2024,90.08354639866737,23.658872347538416,0.0,0.08069975524468474,0.8792003733836656,0.03459987321726607,0.005499998154383522,0.0,3,0,0,1,0,0,0,0,0.9986145887527466,998614.5887527466
Y2024_LAT23.65906_LON90.09334,2024,90.09333978298189,23.659056465318894,0.3517015162296014,0.016100047833646415,0.6146983337530539,0.01750010218369827,0.0,0.0,3,0,0,1,0,0,0,0,0.9986292375564575,998629.2375564575
Y2024_LAT23.65924_LON90.10313,2024,90.10313326654132,23.659239965684655,0.9542999837323536,0.001599988997640049,0.0,0.04410002727000639,0.0,0.0,1,1,0,0,0,0,0,0,0.9986438376693726,998643.8376693726
Y2024_LAT23.65942_LON90.11293,2024,90.11292684870853,23.65942284855296,0.946600116646793,0.0018999989255039406,0.005900003579697274,0.04559988084800578,0.0,0.0,1,1,0,0,0,0,0,0,0.9986583896331787,998658.3896331787
Y2024_LAT23.65961_LON90.12272,2024,90.12272052944654,23.659605113964613,0.8981000089521515,0.03989989974332786,0.02639994460853294,0.03560014669598772,0.0,0.0,1,1,0,0,0,0,0,0,0.9986728909912109,998672.8909912109
Y2024_LAT23.65979_LON90.13251,2024,90.13251430809983,23.65978676176679,0.9321000542777887,0.0,0.007600025644878095,0.060299920077333195,0.0,0.0,1,1,0,0,0,0,0,0,0.9986873446884156,998687.3446884155
Y2024_LAT23.65997_LON90.14231,2024,90.14230818469736,23.65996779208798,0.912800009378417,0.006500016470529166,0.013400005048294375,0.06729996910275945,0.0,0.0,1,1,0,0,0,0,0,0,0.998701748161316,998701.7481613159
Y2024_LAT23.66015_LON90.1521,2024,90.15210215861856,23.660148204856682,0.9157001090480693,0.043099943087336494,0.004299985117018492,0.01569998264065795,0.02119998010691783,0.0,1,1,0,0,0,0,0,0,0.9987161028442383,998716.1028442383
Y2024_LAT23.66033_LON90.1619,2024,90.16189622959884,23.660327999998714,0.9395998481439143,0.00019999996635285068,0.0,0.06020015188973284,0.0,0.0,1,1,0,0,0,0,0,0,0.9987304078903199,998730.4078903198
Y2024_LAT23.66051_LON90.17169,2024,90.1716903974127,23.660507177524767,0.5100984109847341,0.019500015695656205,0.4701015715645616,0.0003000017550481732,0.0,0.0,1,1,0,0,0,0,0,0,0.9987446658096314,998744.6658096313
Y2024_LAT23.66069_LON90.18148,2024,90.18148466162795,23.660685737425936,0.14780045575737308,0.09899992824411755,0.7349995635894476,0.018200052409061772,0.0,0.0,3,0,0,1,0,0,0,0,0.9987588736419678,998758.8736419678
Y2024_LAT23.66086_LON90.19128,2024,90.19127902192852,23.660863679687363,0.7440007062343242,0.005399976439397883,0.1701993138492731,0.08040000347700482,0.0,0.0,1,1,0,0,0,0,0,0,0.9987730327835083,998773.0327835083
Y2024_LAT23.66104_LON90.20107,2024,90.20107347796802,23.661041004243668,0.7632995206653111,0.002699995913650401,0.13190046180575044,0.10210002161528796,0.0,0.0,1,1,0,0,0,0,0,0,0.9987871408996583,998787.1408996582
Y2024_LAT23.66122_LON90.21087,2024,90.21086802951356,23.661217711034126,0.3583994476177981,0.10160022880460051,0.4163002157974579,0.1237001077801435,0.0,0.0,3,0,0,1,0,0,0,1,0.9988012021789551,998801.2021789551
Y2024_LAT23.66139_LON90.22066,2024,90.220662676087,23.661393800122905,0.017099980244858422,0.03759983729766858,0.47039949214782856,0.47470069026062256,0.00020000004902200877,0.0,4,0,0,0,1,0,0,1,0.998815215385437,998815.215385437
Y2024_LAT23.66157_LON90.23046,2024,90.23045741750062,23.66156927146884,0.0,0.0010999933356954999,0.48859914875992394,0.47170072513178546,0.038600132772595115,0.0,3,0,0,1,0,0,0,1,0.9988291756439209,998829.1756439209
Y2024_LAT23.66174_LON90.24025,2024,90.24025225327951,23.66174412498888,0.0,0.09219973316335943,0.4752005178981246,0.4130998508010252,0.01949989813749088,0.0,3,0,0,1,0,0,0,1,0.9988430887374878,998843.0887374878
Y2024_LAT23.66192_LON90.25005,2024,90.25004718316151,23.661918360714164,0.08200042404150754,0.000199998734147249,0.6443997880018444,0.27339978922250086,0.0,0.0,3,0,0,1,0,0,0,0,0.998856953742981,998856.953742981
Y2024_LAT23.66209_LON90.25984,2024,90.25984220680603,23.662091978609304,0.17599957568185726,9.999934362754734e-05,0.7475006467693425,0.07639977820517276,0.0,0.0,3,0,0,1,0,0,0,0,0.9988707683486938,998870.7683486938
Y2024_LAT23.66226_LON90.26964,2024,90.26963732395171,23.662264978646316,0.0009093011731842894,0.01170726278697692,0.9511250725001306,0.03625836353970824,0.0,0.0,3,0,0,1,0,0,0,0,0.8788179817962647,878817.9817962646
Y2024_LAT23.66244_LON90.27943,2024,90.2794325341449,23.66243736081661,0.38988145061891033,0.0,0.6101185493810897,0.0,0.0,0.0,3,0,0,1,0,0,0,0,0.10068850269317627,100688.50269317627
Y2024_LAT23.66278_LON90.29902,2024,90.29902323249809,23.662780271433803,0.9821579902191503,0.0,0.0,0.017842009780849686,0.0,0.0,1,1,0,0,0,0,0,0,0.11757402460479736,117574.02460479736
Y2024_LAT23.66295_LON90.30882,2024,90.30881872009743,23.662950799786913,0.5357134516750095,0.07521035446347307,0.1156866652792999,0.2669469234970329,0.00644260508518464,0.0,1,1,0,0,0,0,0,0,0.7132432492599488,713243.2492599487
Y2024_LAT23.66312_LON90.31861,2024,90.31861429927962,23.66312071015699,0.5553007274382986,0.018199926046164955,0.23389960289587702,0.19229974556456692,0.00029999805509262767,0.0,1,1,0,0,0,0,0,0,0.9989526279678345,998952.6279678345
Y2024_LAT23.66329_LON90.32841,2024,90.32840997011043,23.66329000255966,0.9788000824586977,0.01739994187293162,0.0017999881585487542,0.0019999875098220053,0.0,0.0,1,1,0,0,0,0,0,0,0.9989661003875733,998966.1003875732
Y2024_LAT23.66346_LON90.33821,2024,90.33820573193998,23.66345867691498,0.8090991917865268,0.0,0.1909008082134732,0.0,0.0,0.0,1,1,0,0,0,0,0,0,0.9989795212402344,998979.5212402344
Y2024_LAT23.66363_LON90.348,2024,90.34800158450707,23.663626733183868,0.8172006608901645,0.006999995795471123,0.17359935327464102,0.002199990039723337,0.0,0.0,1,1,0,0,0,0,0,0,0.9989928998031616,998992.8998031616
Y2024_LAT23.66379_LON90.3578,2024,90.3577975276254,23.66379417142866,0.7585996977128726,0.0,0.24140030228712742,0.0,0.0,0.0,1,1,0,0,0,0,0,0,0.9990062192459106,999006.2192459106
Y2024_LAT23.66396_LON90.36759,2024,90.36759356076453,23.663960991623295,0.6048993485449621,0.24160083130695897,0.15349982014807895,0.0,0.0,0.0,1,1,0,0,0,0,0,0,0.9990194944915771,999019.4944915771
Y2024_LAT23.66413_LON90.37739,2024,90.377389683661,23.664127193707802,0.8313005120138273,0.14499956751868148,0.008499963957996202,0.0,0.0,0.015199956509495035,1,1,0,0,0,0,0,0,0.999032720703125,999032.720703125
Y2024_LAT23.66429_LON90.38719,2024,90.38718589605449,23.664292777625025,0.9238000098561124,0.07139998188719393,0.0,0.004800008256693648,0.0,0.0,1,1,0,0,0,0,0,0,0.999045897819519,999045.897819519
Y2024_LAT23.66446_LON90.39698,2024,90.39698219760385,23.66445774343565,0.8907996610583533,0.08040019157562303,0.02850014543680199,0.00030000192922165973,0.0,0.0,1,1,0,0,0,0,0,0,0.9990590253448486,999059.0253448486
Y2024_LAT23.66462_LON90.40678,2024,90.40677858784863,23.66462209094527,0.6855000129841243,0.10949986007496766,0.20400013274377782,0.0009999941971301919,0.0,0.0,1,1,0,0,0,0,0,0,0.9990721045532227,999072.1045532227
Y2024_LAT23.66479_LON90.41658,2024,90.4165750666007,23.664785820305546,0.9807000676445816,0.01699994696320474,0.0022999853922136613,0.0,0.0,0.0,1,1,0,0,0,0,0,0,0.9990851324996948,999085.1324996948
Y2024_LAT23.66495_LON90.42637,2024,90.42637163340864,23.664948931485743,0.959399918432687,0.040600081567313005,0.0,0.0,0.0,0.0,1,1,0,0,0,0,0,0,0.9990981126327515,999098.1126327515
Y2024_LAT23.66511_LON90.43617,2024,90.43616828794282,23.66511142432253,0.9759999258271912,0.010100019954138941,0.01170004981483904,0.0022000044038308856,0.0,0.0,1,1,0,0,0,0,0,0,0.9991110447769165,999111.0447769165
Y2024_LAT23.66527_LON90.44597,2024,90.44596503013005,23.665273298973965,0.778078006529393,0.00030084046197969525,0.025270631450325653,0.1963505215583018,0.0,0.0,1,1,0,0,0,0,0,0,0.9963263615722656,996326.3615722656
Y2024_LAT23.66543_LON90.45576,2024,90.45576185923434,23.66543455530344,0.17894715508674525,0.0,0.0,0.8210528449132548,0.0,0.0,4,0,0,0,1,0,0,0,0.17085160498046875,170851.60498046875
Y2024_LAT23.66659_LON90.01479,2024,90.01479055230986,23.66658660610992,0.0,0.0,0.0,0.9744779626817944,0.0,0.025522037318205557,4,0,0,0,1,0,0,0,0.04303610417175293,43036.10417175293
Y2024_LAT23.66678_LON90.02458,2024,90.02458390376384,23.666775125733885,0.0779401718715976,0.00398617416561966,0.1406699747144046,0.7774036792483782,0.0,0.0,4,0,0,0,1,0,0,0,0.9518948298416138,951894.8298416138
Y2024_LAT23.66696_LON90.03438,2024,90.03437735670103,23.666963027828814,0.47729984965720484,0.015099970898252619,0.5076001794445425,0.0,0.0,0.0,3,0,0,1,0,0,0,0,0.9985406099319458,998540.6099319458
Y2024_LAT23.66715_LON90.04417,2024,90.04417091070803,23.66715031242928,0.15069961008715346,0.12419988304654744,0.7189005259607892,0.006199980905509835,0.0,0.0,3,0,0,1,0,0,0,0,0.9985555047531128,998555.5047531128
Y2024_LAT23.66734_LON90.05396,2024,90.05396456547801,23.66733697935477,0.14520034809973262,0.15519977784698655,0.6995998740532808,0.0,0.0,0.0,3,0,0,1,0,0,0,0,0.9985703508834839,998570.3508834839
Y2024_LAT23.66752_LON90.06376,2024,90.06375832072634,23.667523028751464,0.2230997865529977,0.059700012697474054,0.7088002131966497,0.008399987552878633,0.0,0.0,3,0,0,1,0,0,0,0,0.9985851452789307,998585.1452789307
Y2024_LAT23.66771_LON90.07355,2024,90.07355217606052,23.66770846043795,0.2769001739868572,0.027799949297330588,0.6952998767158122,0.0,0.0,0.0,3,0,0,1,0,0,0,0,0.9985998939666748,998599.8939666748
Y2024_LAT23.66789_LON90.08335,2024,90.08334613123408,23.667893274471247,0.2504000442929617,0.02809993376137045,0.7149000547286574,0.006599967217010471,0.0,0.0,3,0,0,1,0,0,0,0,0.9986145920944214,998614.5920944214
Y2024_LAT23.66808_LON90.09314,2024,90.09314018576747,23.668077470833218,0.75380001453002,0.007900004115543612,0.17389991640508845,0.06440006494934793,0.0,0.0,1,1,0,0,0,0,0,0,0.9986292405014038,998629.2405014038
Y2024_LAT23.66826_LON90.10293,2024,90.10293433954028,23.66826104950129,0.6555991481575015,0.01600008981883007,0.3095008034877167,0.01889995853595186,0.0,0.0,1,1,0,0,0,0,0,0,0.9986438413772583,998643.8413772583
Y2024_LAT23.66844_LON90.11273,2024,90.112728591943,23.668444010458366,0.7772003173082623,0.03810021245846645,0.14699938967215423,0.037700080561117115,0.0,0.0,1,1,0,0,0,0,0,0,0.9986583927993774,998658.3927993774
Y2024_LAT23.66863_LON90.12252,2024,90.12252294289848,23.668626353653995,0.8174001699641013,0.12229969591652473,0.0014000087256454158,0.05890012539372869,0.0,0.0,1,1,0,0,0,0,0,0,0.9986728931427002,998672.8931427002
Y2024_LAT23.66881_LON90.13232,2024,90.13231739188161,23.66880807905234,0.26549874633833603,0.005299994309501937,0.7292012593521621,0.0,0.0,0.0,3,0,0,1,0,0,0,0,0.998687346672058,998687.3466720581
Y2024_LAT23.66899_LON90.14211,2024,90.14211193876392,23.668989186696077,0.16490052693517182,0.00010000061426640382,0.8200995111675023,0.0147999606458751,0.0001000006371843406,0.0,3,0,0,1,0,0,0,0,0.9987017510528564,998701.7510528564
Y2024_LAT23.66917_LON90.15191,2024,90.15190658312679,23.669169676403158,0.8913003449306678,0.009799955807963985,0.08869970983339959,0.010099990121257637,9.999930671105676e-05,0.0,1,1,0,0,0,0,0,0,0.9987161067276001,998716.1067276001
Y2024_LAT23.66935_LON90.1617,2024,90.16170132439991,23.669349548309892,0.6167996988459788,0.010100037605886063,0.3527003279676655,0.017999934573796044,0.002400001006673568,0.0,1,1,0,0,0,0,0,0,0.9987304122314453,998730.4122314453
Y2024_LAT23.66953_LON90.1715,2024,90.17149616269431,23.669528802350268,0.6084006593148076,0.1096997067329368,0.2591996470797709,0.003499977356229564,0.019200009516255136,0.0,1,1,0,0,0,0,0,0,0.9987446686630249,998744.6686630249
Y2024_LAT23.66971_LON90.18129,2024,90.181291097336,23.669707438463153,0.4362992177932484,0.035200044629548566,0.5285007375772031,0.0,0.0,0.0,3,0,0,1,0,0,0,0,0.9987588749313354,998758.8749313354
Y2024_LAT23.66989_LON90.19109,2024,90.19108612815432,23.669885456637395,0.25359990877932914,0.008499963301617746,0.7379001279190531,0.0,0.0,0.0,3,0,0,1,0,0,0,0,0.9987730355911255,998773.0355911255
Y2024_LAT23.67006_LON90.20088,2024,90.20088125471285,23.67006285691961,0.35309946522643404,0.09869996684824461,0.5482005679253213,0.0,0.0,0.0,3,0,0,1,0,0,0,0,0.9987871440200806,998787.1440200806
Y2024_LAT23.67024_LON90.21068,2024,90.21067647668647,23.670239639191372,0.11829966619489374,0.030799894321573713,0.8436003918885624,0.007300047594970133,0.0,0.0,3,0,0,1,0,0,0,0,0.9988012048492432,998801.2048492432
Y2024_LAT23.67042_LON90.22047,2024,90.22047179394893,23.67041580340139,0.2711993438820064,0.0009999948261760578,0.6239003370820619,0.10390032420975547,0.0,0.0,3,0,0,1,0,0,0,0,0.9988152186584472,998815.2186584473
Y2024_LAT23.67059_LON90.23027,2024,90.23026720585548,23.670591349666754,0.10650006527800514,0.00020000038490194553,0.5225998782155695,0.367400047456225,0.0033000086652984133,0.0,3,0,0,1,0,0,0,0,0.9988291782073975,998829.1782073975
Y2024_LAT23.67077_LON90.24006,2024,90.24006271224383,23.670766277818203,0.0,0.0,0.5573002940487948,0.442399704526976,0.0003000014242291836,0.0,3,0,0,1,0,0,0,0,0.9988430923309326,998843.0923309326
Y2024_LAT23.67094_LON90.24986,2024,90.24985831288325,23.670940587969213,0.0,0.00560002105328845,0.9586001688140585,0.035799810132652994,0.0,0.0,3,0,0,1,0,0,0,0,0.9988569568328858,998856.9568328857
Y2024_LAT23.67111_LON90.25965,2024,90.25965400712329,23.671114279914892,0.0,0.0,1.0,0.0,0.0,0.0,3,0,0,1,0,0,0,0,0.998870771560669,998870.771560669
Y2024_LAT23.67129_LON90.26945,2024,90.26944979506199,23.671287353785523,0.0,0.0,1.0,0.0,0.0,0.0,3,0,0,1,0,0,0,0,0.9988845400543213,998884.5400543213
Y2024_LAT23.67146_LON90.27925,2024,90.2792456758877,23.67145980955585,0.408380086847907,0.0,0.5211326992602039,0.07048721389188913,0.0,0.0,3,0,0,1,0,0,0,0,0.81060508984375,810605.08984375
Y2024_LAT23.67163_LON90.28904,2024,90.28904164969387,23.6716316470606,0.6518067923647924,0.020838350639989994,0.1793064261650929,0.14804843083012467,0.0,0.0,1,1,0,0,0,0,0,0,0.41225145290374754,412251.45290374756
Y2024_LAT23.6718_LON90.29884,2024,90.29883771588908,23.671802866432873,0.9017644058253342,0.023283105315898237,0.012545239820865863,0.04390836382211513,0.018498885215786565,0.0,1,1,0,0,0,0,0,0,0.9395896532287598,939589.6532287598
Y2024_LAT23.67197_LON90.30863,2024,90.308633874208,23.67197346760044,0.9781000865533103,0.007199973690044609,0.004800003081271816,0.009899936675373332,0.0,0.0,1,1,0,0,0,0,0,0,0.998939111328125,998939.111328125
Y2024_LAT23.67214_LON90.31843,2024,90.3184301243405,23.67214345053694,0.8408000831865899,0.0,0.1591999168134101,0.0,0.0,0.0,1,1,0,0,0,0,0,0,0.9989526312561036,998952.6312561035
Y2024_LAT23.67231_LON90.32823,2024,90.32822646598497,23.67231281518136,0.9778000632841091,0.0,0.02219993671589094,0.0,0.0,0.0,1,1,0,0,0,0,0,0,0.998966103012085,998966.103012085
Y2024_LAT23.67248_LON90.33802,2024,90.33802289867329,23.672481561505204,0.7084994192541537,0.0,0.29150058074584634,0.0,0.0,0.0,1,1,0,0,0,0,0,0,0.9989795249862671,998979.5249862671
Y2024_LAT23.67265_LON90.34782,2024,90.3478194222483,23.672649689635012,0.4574986380078402,0.0,0.5425013619921598,0.0,0.0,0.0,3,0,0,1,0,0,0,0,0.9989929008483887,998992.9008483887
Y2024_LAT23.67282_LON90.35762,2024,90.35761603619699,23.672817199345946,0.027899903052192847,0.0,0.9721000969478072,0.0,0.0,0.0,3,0,0,1,0,0,0,0,0.9990062220077515,999006.2220077515
Y2024_LAT23.67298_LON90.36741,2024,90.36741274047314,23.67298409068382,0.08320024091039534,0.0009000058098484865,0.9158997532797561,0.0,0.0,0.0,3,0,0,1,0,0,0,0,0.9990194976654053,999019.4976654053
Y2024_LAT23.67315_LON90.37721,2024,90.37720953435257,23.673150363665247,0.2260002040796037,0.004799989492937345,0.7095999332995936,0.030499957844309825,0.0012999984942741367,0.02779991678928146,3,0,0,1,0,0,0,0,0.9990327228698731,999032.722869873
Y2024_LAT23.67332_LON90.38701,2024,90.38700641778833,23.673316018295026,0.41789931230595534,0.09090041499973621,0.481700240993901,0.009300030462048003,0.0,0.00020000123835955846,3,0,0,1,0,0,0,1,0.9990458999862671,999045.8999862671
Y2024_LAT23.67348_LON90.3968,2024,90.39680339038652,23.67348105447667,0.3689003163638702,0.5901998837626575,0.040299803668046294,0.0,0.0,0.0005999962054259914,2,0,1,0,0,0,0,0,0.9990590272827149,999059.0272827148
Y2024_LAT23.67365_LON90.4066,2024,90.40660045173146,23.673645472239443,0.78020059279836,0.20419940626036745,0.008800003310261512,0.0,0.0,0.006799997631011059,1,1,0,0,0,0,0,0,0.999072106552124,999072.106552124
Y2024_LAT23.67381_LON90.4164,2024,90.4163976015693,23.673809271456115,0.7816004239283705,0.13169993320965626,0.08659964347051426,9.999939145910625e-05,0.0,0.0,1,1,0,0,0,0,0,0,0.9990851356277466,999085.1356277466
Y2024_LAT23.67397_LON90.42619,2024,90.42619483952524,23.673972452223403,1.0,0.0,0.0,0.0,0.0,0.0,1,1,0,0,0,0,0,0,0.9990981164855957,999098.1164855957
Y2024_LAT23.67414_LON90.43599,2024,90.4359921653364,23.67413501454715,0.7918992936675343,0.0,0.0,0.20810070633246563,0.0,0.0,1,1,0,0,0,0,0,0,0.9991110469589234,999111.0469589233
Y2024_LAT23.6743_LON90.44579,2024,90.44578957854675,23.67429695814361,0.6720004955325715,0.018300028450840482,0.008100039284990165,0.29969942483558065,0.001900011896017457,0.0,1,1,0,0,0,0,0,0,0.9991239291992188,999123.9291992188
Y2024_LAT23.67446_LON90.45559,2024,90.45558707899347,23.67445828331242,0.40972973715770633,0.11620965290590116,0.0,0.40857765664201917,0.06548295329437334,0.0,1,1,0,0,0,0,0,1,0.43332419115447995,433324.19115448
Y2024_LAT23.6758_LON90.02438,2024,90.02437951445009,23.675795563623268,0.26617424808422124,0.00046210707912687054,0.17282912081632015,0.5605345240203318,0.0,0.0,4,0,0,0,1,0,0,0,0.2160810047302246,216081.0047302246
Y2024_LAT23.67598_LON90.03417,2024,90.03417363773467,23.67598354586048,0.3430931897852765,0.10264526496927254,0.5529050055321713,0.0013565397132797058,0.0,0.0,3,0,0,1,0,0,0,0,0.8833096795425415,883309.6795425415
Y2024_LAT23.67617_LON90.04397,2024,90.04396786212106,23.67617091028834,0.5680006132422688,0.07010017164918945,0.3598992099980408,0.0020000051105009734,0.0,0.0,1,1,0,0,0,0,0,0,0.9985555081329346,998555.5081329346
Y2024_LAT23.67636_LON90.05376,2024,90.05376218724636,23.676357656908316,0.2752989553679786,0.00879994794616253,0.7159010966858589,0.0,0.0,0.0,3,0,0,1,0,0,0,0,0.998570354675293,998570.354675293
Y2024_LAT23.67654_LON90.06356,2024,90.06355661293519,23.67654378564914,0.7294004817322859,0.0002000010350230582,0.269599514146947,0.0008000030857440419,0.0,0.0,1,1,0,0,0,0,0,0,0.998585148979187,998585.148979187
Y2024_LAT23.67673_LON90.07335,2024,90.07335113865678,23.67672929648878,0.6464998366661179,0.1659005043723361,0.17489961147303806,0.012700047488508,0.0,0.0,1,1,0,0,0,0,0,0,0.998599896949768,998599.8969497681
Y2024_LAT23.67691_LON90.08315,2024,90.0831457643995,23.67691418943131,0.5093005877792843,0.13929978067960375,0.3451996545875012,0.006199976953610689,0.0,0.0,1,1,0,0,0,0,0,0,0.9986145961532593,998614.5961532593
Y2024_LAT23.6771_LON90.09294,2024,90.09294048935858,23.67709846441234,0.9105997984564218,0.03400007198274977,0.018400115479063887,0.037000014081764517,0.0,0.0,1,1,0,0,0,0,0,0,0.998629243965149,998629.2439651489
Y2024_LAT23.67728_LON90.10274,2024,90.10273531372378,23.67728212142359,0.06369993121916907,0.014600054036981907,0.8503996638516866,0.07130035089216234,0.0,0.0,3,0,0,1,0,0,0,0,0.9986438442230224,998643.8442230225
Y2024_LAT23.67747_LON90.11253,2024,90.11253023667851,23.67746516043704,0.2418002570611079,0.04559992674909572,0.7044998693710697,0.008099946818726745,0.0,0.0,3,0,0,1,0,0,0,0,0.9986583966140747,998658.3966140747
Y2024_LAT23.67765_LON90.12233,2024,90.12232525822147,23.677647581362717,0.21679910231579147,0.013599922700669023,0.7603009428681156,0.009300032115423964,0.0,0.0,3,0,0,1,0,0,0,0,0.9986728973007202,998672.8973007202
Y2024_LAT23.67783_LON90.13212,2024,90.13212037793532,23.677829384331158,0.47590064857127423,0.001800002075576065,0.5203993461152385,0.0019000032379111287,0.0,0.0,3,0,0,1,0,0,0,0,0.9986873512573242,998687.3512573242
Y2024_LAT23.67801_LON90.14192,2024,90.1419155954399,23.678010569231475,0.12249933399918245,0.00359997986499751,0.8716007015481967,0.002299984587623391,0.0,0.0,3,0,0,1,0,0,0,0,0.9987017540588379,998701.7540588379
Y2024_LAT23.67819_LON90.15171,2024,90.15171091041965,23.67819113599706,0.5264003110965941,0.016100072063340517,0.4574996168400654,0.0,0.0,0.0,1,1,0,0,0,0,0,0,0.9987161096801758,998716.1096801758
Y2024_LAT23.67837_LON90.16151,2024,90.16150632254963,23.678371084679632,0.16679980479275,0.016399986748783138,0.8097001811229855,0.0071000273354814,0.0,0.0,3,0,0,1,0,0,0,0,0.9987304146270752,998730.4146270752
Y2024_LAT23.67855_LON90.1713,2024,90.17130183151394,23.678550415217572,0.43870164215492236,0.022899919897799076,0.5251984766881292,0.008399957326368359,0.004800003932781168,0.0,3,0,0,1,0,0,0,0,0.9987446724090576,998744.6724090576
Y2024_LAT23.67873_LON90.1811,2024,90.1810974369278,23.678729127524555,0.27299880342186955,0.005099990858742794,0.7219012057193877,0.0,0.0,0.0,3,0,0,1,0,0,0,0,0.9987588795318604,998758.8795318604
Y2024_LAT23.67891_LON90.19089,2024,90.19089313848514,23.67890722165649,0.14529969135953857,0.0,0.8547003086404614,0.0,0.0,0.0,3,0,0,1,0,0,0,0,0.9987730382766724,998773.0382766724
Y2024_LAT23.67908_LON90.20069,2024,90.20068893600222,23.679084697594934,0.0,0.0,1.0,0.0,0.0,0.0,3,0,0,1,0,0,0,0,0.9987871473464965,998787.1473464966
Y2024_LAT23.67926_LON90.21048,2024,90.21048482882942,23.679261555294072,0.0922999013423471,0.007000010137427321,0.9007000885202255,0.0,0.0,0.0,3,0,0,1,0,0,0,0,0.9988012083435058,998801.2083435059
Y2024_LAT23.67944_LON90.22028,2024,90.22028081693281,23.679437794770266,0.12349973730320278,0.0,0.8765002626967973,0.0,0.0,0.0,3,0,0,1,0,0,0,0,0.998815219116211,998815.2191162109
Y2024_LAT23.67961_LON90.23008,2024,90.23007689982296,23.67961341587413,0.3201009657714802,0.03180003280606895,0.6419989712266303,0.006100030195820588,0.0,0.0,3,0,0,1,0,0,0,0,0.9988291816177368,998829.1816177368
Y2024_LAT23.67979_LON90.23987,2024,90.23987307712183,23.679788418657314,0.023999974271626322,0.08730027869241111,0.8886997470359626,0.0,0.0,0.0,3,0,0,1,0,0,0,0,0.9988430952606201,998843.0952606201
Y2024_LAT23.67996_LON90.24967,2024,90.24966934874014,23.679962803109927,0.036499808545388555,0.028199835841000456,0.935300355613611,0.0,0.0,0.0,3,0,0,1,0,0,0,0,0.998856960067749,998856.960067749
Y2024_LAT23.68014_LON90.25947,2024,90.25946571401025,23.68013656923403,0.0,0.004799978639001171,0.9916000374199381,0.0035999839410607807,0.0,0.0,3,0,0,1,0,0,0,0,0.9988707743759155,998870.7743759155
Y2024_LAT23.68031_LON90.26926,2024,90.26926217294265,23.68030971703201,0.21740091504174444,0.0,0.7716990170076533,0.010900067950602237,0.0,0.0,3,0,0,1,0,0,0,0,0.9988845422821044,998884.5422821045
Y2024_LAT23.68048_LON90.27906,2024,90.2790587249214,23.680482246324317,0.4142993417183327,0.0015999984282488032,0.19860055584243996,0.38550010401097856,0.0,0.0,1,1,0,0,0,0,0,1,0.9988982571868896,998898.2571868896
Y2024_LAT23.68065_LON90.28886,2024,90.28885536966108,23.680654157252754,0.37020149393647006,0.003099983242377419,0.616598586942047,0.010099935879105588,0.0,0.0,3,0,0,1,0,0,0,0,0.9989119254455566,998911.9254455566
Y2024_LAT23.68083_LON90.29865,2024,90.29865210716333,23.680825449606015,0.9996999991800937,0.0003000008199063749,0.0,0.0,0.0,0.0,1,1,0,0,0,0,0,0,0.9989255434341431,998925.5434341431
Y2024_LAT23.681_LON90.30845,2024,90.30844893649466,23.680996123580947,1.0,0.0,0.0,0.0,0.0,0.0,1,1,0,0,0,0,0,0,0.9989391132125854,998939.1132125854
Y2024_LAT23.68117_LON90.31825,2024,90.31824585795975,23.68116617902077,0.5999985032235862,0.0,0.40000149677641383,0.0,0.0,0.0,1,1,0,0,0,0,0,0,0.9989526333999634,998952.6333999634
Y2024_LAT23.68134_LON90.32804,2024,90.32804287070928,23.68133561596575,0.39949921591516524,0.0,0.6005007840848348,0.0,0.0,0.0,3,0,0,1,0,0,0,0,0.9989661054611206,998966.1054611206
Y2024_LAT23.6815_LON90.33784,2024,90.33783997472696,23.681504434349236,0.0017000071095973658,0.0,0.9982999928904026,0.0,0.0,0.0,3,0,0,1,0,0,0,0,0.9989795284576416,998979.5284576416
Y2024_LAT23.68167_LON90.34764,2024,90.34763716945086,23.68167263414678,0.20290017065259222,0.0,0.7970998293474078,0.0,0.0,0.0,3,0,0,1,0,0,0,0,0.9989929008483887,998992.9008483887
Y2024_LAT23.68184_LON90.35743,2024,90.35743445478417,23.681840215417694,0.1493002771288956,0.0,0.8502997220355787,0.0004000008355257588,0.0,0.0,3,0,0,1,0,0,0,0,0.9990062254867553,999006.2254867554
Y2024_LAT23.68201_LON90.36723,2024,90.36723183029923,23.68200717798605,0.24309964386485824,0.0,0.7569003561351417,0.0,0.0,0.0,3,0,0,1,0,0,0,0,0.9990194999847413,999019.4999847412
Y2024_LAT23.68217_LON90.37703,2024,90.37702929558071,23.682173521989846,0.601900034114561,0.0006999969433461747,0.38469990109941815,0.01270006784267474,0.0,0.0,1,1,0,0,0,0,0,0,0.9990327263336182,999032.7263336182
Y2024_LAT23.68234_LON90.38683,2024,90.38682685033648,23.68233924724553,0.7690996640071518,0.0,0.2305003337313491,0.0004000022614991191,0.0,0.0,1,1,0,0,0,0,0,0,0.999045903465271,999045.903465271
Y2024_LAT23.6825_LON90.39662,2024,90.396624494353,23.68250435376783,0.570199477629088,0.4103006379644997,0.019499884406412298,0.0,0.0,0.0,1,1,0,0,0,0,0,0,0.9990590291442871,999059.0291442871
Y2024_LAT23.68267_LON90.40642,2024,90.40642222709387,23.682668841659588,0.7953006211611687,0.17929935688606863,0.0,0.0,0.0,0.02540002195276267,1,1,0,0,0,0,0,0,0.9990721083145142,999072.1083145142
Y2024_LAT23.68283_LON90.41622,2024,90.41622004845539,23.68283271081502,0.954800224334816,0.018899906746203458,0.020799901257552492,0.005499967661428013,0.0,0.0,1,1,0,0,0,0,0,0,0.9990851382217407,999085.1382217407
Y2024_LAT23.683_LON90.42602,2024,90.42601795782869,23.682995961220236,0.7652993548242962,0.022599886865179213,0.0,0.2121007583105246,0.0,0.0,1,1,0,0,0,0,0,0,0.9990981182785034,999098.1182785034
Y2024_LAT23.68316_LON90.43582,2024,90.43581595519673,23.683158592809995,0.623200728970821,0.0,0.0,0.37679927102917893,0.0,0.0,1,1,0,0,0,0,0,0,0.9991110503997803,999111.0503997803
Y2024_LAT23.68332_LON90.44561,2024,90.44561403987778,23.683320605739087,0.9737998572613649,0.012200064976112975,0.01260006886452926,0.0009000057288653136,0.0005000031691276912,0.0,1,1,0,0,0,0,0,0,0.9991239315795899,999123.9315795898
Y2024_LAT23.68348_LON90.45541,2024,90.45541221193358,23.683481999713646,0.6820398953359335,0.21346012977255108,0.0028380171318541808,0.08726916633967567,0.0143927914199856,0.0,1,1,0,0,0,0,0,0,0.9857482493362427,985748.2493362427
Y2024_LAT23.68364_LON90.46521,2024,90.46521047078002,23.68364277487145,0.987944310751856,0.0,0.0,0.012055689248144041,0.0,0.0,1,1,0,0,0,0,0,0,0.32322485633850095,323224.856338501
Y2024_LAT23.6838_LON90.47501,2024,90.47500881595936,23.683802931227632,1.0,0.0,0.0,0.0,0.0,0.0,1,1,0,0,0,0,0,0,0.07343803986358642,73438.03986358643
Y2024_LAT23.685_LON90.03397,2024,90.0339698175753,23.68500405171829,0.178607001348736,0.08507443370829665,0.733831005297438,0.002487559645529321,0.0,0.0,3,0,0,1,0,0,0,0,0.20070771918487548,200707.7191848755
Y2024_LAT23.68519_LON90.04376,2024,90.04376471264946,23.685191496040034,0.40970361839977404,0.0723182739954437,0.5157683898482702,0.0021092758212434785,0.00010044193526854128,0.0,3,0,0,1,0,0,0,0,0.9941618983840942,994161.8983840942
Y2024_LAT23.68538_LON90.05356,2024,90.05355970857393,23.685378322280247,0.38019957993472636,0.06820001759405273,0.5428003966741515,0.00880000579706947,0.0,0.0,3,0,0,1,0,0,0,0,0.9985703583221436,998570.3583221436
Y2024_LAT23.68556_LON90.06335,2024,90.06335480498136,23.685564530434736,0.9353003932120978,0.028999823214635435,0.030299822038182267,0.005399961535084528,0.0,0.0,1,1,0,0,0,0,0,0,0.9985851521530151,998585.1521530151
Y2024_LAT23.68575_LON90.07315,2024,90.07315000154732,23.68575012041738,0.7072992709635262,0.14680047655432066,0.05230007558693581,0.09360017689521731,0.0,0.0,1,1,0,0,0,0,0,0,0.9985999004211426,998599.9004211426
Y2024_LAT23.68594_LON90.08295,2024,90.08294529797043,23.685935092210325,0.588700142568986,0.14350013452449753,0.20469985820676848,0.06309986469974821,0.0,0.0,1,1,0,0,0,0,0,0,0.9986145989837647,998614.5989837646
Y2024_LAT23.68612_LON90.09274,2024,90.0927406939334,23.68611944578735,0.8129000956348355,0.12479995217374867,0.01419991346312524,0.04810003872829062,0.0,0.0,1,1,0,0,0,0,0,0,0.9986292471084595,998629.2471084595
Y2024_LAT23.6863_LON90.10254,2024,90.10253618905443,23.686303181129063,0.6799997838251813,0.1042001148025433,0.1726002261359685,0.04319987523630687,0.0,0.0,1,1,0,0,0,0,0,0,0.9986438482513428,998643.8482513428
Y2024_LAT23.68649_LON90.11233,2024,90.112331782981,23.68648629824178,0.9843999105919305,0.0049000231673889,0.010700066240680496,0.0,0.0,0.0,1,1,0,0,0,0,0,0,0.9986583997421264,998658.3997421265
Y2024_LAT23.68667_LON90.12213,2024,90.12212747545509,23.686668797078124,0.5762995034211126,0.16530003308898533,0.23850047383111464,0.01989998965878747,0.0,0.0,1,1,0,0,0,0,0,0,0.9986729000396729,998672.9000396729
Y2024_LAT23.68685_LON90.13192,2024,90.1319232660632,23.686850677571027,0.43580032610044667,0.024699886475805167,0.5394997874237482,0.0,0.0,0.0,3,0,0,1,0,0,0,0,0.9986873541183472,998687.3541183472
Y2024_LAT23.68703_LON90.14172,2024,90.14171915461574,23.68703193971143,0.07429961971381893,0.0750001960560725,0.8507001842301085,0.0,0.0,0.0,3,0,0,1,0,0,0,0,0.9987017575988769,998701.757598877
Y2024_LAT23.68721_LON90.15152,2024,90.15151514060925,23.687212583529078,0.0,0.009199991816226353,0.9865000277604185,0.00429998042335517,0.0,0.0,3,0,0,1,0,0,0,0,0.9987161124572754,998716.1124572754
Y2024_LAT23.68739_LON90.16131,2024,90.16131122379636,23.68739260891942,0.38810095188241117,0.13270037802945886,0.4712986869876662,0.007899983100463902,0.0,0.0,3,0,0,1,0,0,0,1,0.9987304178009033,998730.4178009033
Y2024_LAT23.68757_LON90.17111,2024,90.17110740382451,23.68757201592602,0.4394002703487519,0.18169976093574045,0.37889996871550763,0.0,0.0,0.0,1,1,0,0,0,0,0,1,0.9987446755599976,998744.6755599976
Y2024_LAT23.68775_LON90.1809,2024,90.18090368039647,23.68775080454604,0.19849925413570468,0.00010000069177196056,0.800200749353182,0.0011999958193413458,0.0,0.0,3,0,0,1,0,0,0,0,0.9987588837127686,998758.8837127686
Y2024_LAT23.68793_LON90.1907,2024,90.19070005306492,23.687928974663805,0.22119954632095482,0.019199983628386832,0.74640048248299,0.01319998756766841,0.0,0.0,3,0,0,1,0,0,0,0,0.9987730416564942,998773.0416564941
Y2024_LAT23.68811_LON90.2005,2024,90.20049652181393,23.688106526310385,0.23710087446945524,0.0725000048876915,0.6903991206428532,0.0,0.0,0.0,3,0,0,1,0,0,0,0,0.9987871505355835,998787.1505355835
Y2024_LAT23.68828_LON90.21029,2024,90.21029308574387,23.688283459446588,0.1457992096552751,0.0006999960915808061,0.8535007942531441,0.0,0.0,0.0,3,0,0,1,0,0,0,0,0.9988012114410401,998801.21144104
Y2024_LAT23.68846_LON90.22009,2024,90.22008974513571,23.68845977402114,0.06260034048900148,0.002600017778933066,0.9243995762840589,0.010400065448006519,0.0,0.0,3,0,0,1,0,0,0,0,0.9988152208786011,998815.2208786011
Y2024_LAT23.68864_LON90.22989,2024,90.22988649921702,23.68863547003125,0.404900603554051,0.031199942395293563,0.5598994733342498,0.003999980716405627,0.0,0.0,3,0,0,1,0,0,0,0,0.9988291846847535,998829.1846847534
Y2024_LAT23.68881_LON90.23968,2024,90.23968334785647,23.688810547539706,0.15849981797301024,0.11220008698981866,0.7293000950371711,0.0,0.0,0.0,3,0,0,1,0,0,0,0,0.9988430983505249,998843.0983505249
Y2024_LAT23.68899_LON90.24948,2024,90.24948029079363,23.68898500645863,0.03209984880027784,0.009099954839117312,0.9501001483371789,0.008700048023425923,0.0,0.0,3,0,0,1,0,0,0,0,0.9988569620666504,998856.9620666504
Y2024_LAT23.68916_LON90.25928,2024,90.25927732741697,23.689158846767523,0.02030010644807224,0.0,0.9690999498244808,0.010599943727446963,0.0,0.0,3,0,0,1,0,0,0,0,0.9988707772216797,998870.7772216797
Y2024_LAT23.68933_LON90.26907,2024,90.26907445770107,23.689332068321665,0.3641998357864941,0.03290017302554405,0.3610992622960743,0.24180072889188753,0.0,0.0,1,1,0,0,0,0,0,1,0.9988845439071655,998884.5439071655
Y2024_LAT23.6895_LON90.27887,2024,90.2788716810474,23.689504671203686,0.17159986098711805,0.03789981830468282,0.7706004350280318,0.01989988568016733,0.0,0.0,3,0,0,1,0,0,0,0,0.9988982604598999,998898.2604598999
Y2024_LAT23.68968_LON90.28867,2024,90.28866899734574,23.68967665544883,0.683901183643442,0.02780016350152651,0.28829865285503153,0.0,0.0,0.0,1,1,0,0,0,0,0,0,0.998911928642273,998911.928642273
Y2024_LAT23.68985_LON90.29847,2024,90.29846640613246,23.689848020978896,0.9830000986078798,0.014899913692464815,0.0,0.002099987699655409,0.0,0.0,1,1,0,0,0,0,0,0,0.9989255469131469,998925.546913147
Y2024_LAT23.69002_LON90.30826,2024,90.30826390708313,23.69001876778733,0.9908999436809596,0.0,0.009100056319040482,0.0,0.0,0.0,1,1,0,0,0,0,0,0,0.9989391175842285,998939.1175842285
Y2024_LAT23.69019_LON90.31806,2024,90.31806149997757,23.6901888957526,0.3308994278864279,0.0,0.6657005825247938,0.0033999895887782904,0.0,0.0,3,0,0,1,0,0,0,0,0.9989526371459961,998952.6371459961
Y2024_LAT23.69036_LON90.32786,2024,90.32785918429643,23.69035840492038,0.3582001108456342,0.0009999971075976425,0.6396998985407037,0.0010999935060644456,0.0,0.0,3,0,0,1,0,0,0,0,0.9989661081008911,998966.1081008911
Y2024_LAT23.69053_LON90.33766,2024,90.33765695983121,23.690527295348776,0.3078005266533068,0.0,0.6836994217487167,0.008500051597976526,0.0,0.0,3,0,0,1,0,0,0,0,0.9989795315475464,998979.5315475464
Y2024_LAT23.6907_LON90.34745,2024,90.34745482628604,23.690695566908847,0.46729979121925674,0.000200001195203933,0.5309002180330727,0.0015999895524665792,0.0,0.0,3,0,0,1,0,0,0,0,0.9989929008483887,998992.9008483887
Y2024_LAT23.69086_LON90.35725,2024,90.35725278308364,23.69086321959695,0.3444012195140391,0.0,0.6544987759942009,0.0005000028012418934,0.0,0.0006000016905181845,3,0,0,1,0,0,0,0,0.9990062286453247,999006.2286453247
Y2024_LAT23.69103_LON90.36705,2024,90.36705083033317,23.69103025338073,0.975500125099978,0.0,0.02449987490002199,0.0,0.0,0.0,1,1,0,0,0,0,0,0,0.999019502609253,999019.5026092529
Y2024_LAT23.6912_LON90.37685,2024,90.37684896729039,23.691196668292005,0.9377000204961872,0.03610002966474198,0.02189995408921226,0.004299995749858534,0.0,0.0,1,1,0,0,0,0,0,0,0.9990327285690308,999032.7285690308
Y2024_LAT23.69136_LON90.38665,2024,90.38664719373304,23.691362464298813,1.0,0.0,0.0,0.0,0.0,0.0,1,1,0,0,0,0,0,0,0.9990459057922363,999045.9057922363
Y2024_LAT23.69153_LON90.39645,2024,90.39644550946858,23.69152764137907,1.0,0.0,0.0,0.0,0.0,0.0,1,1,0,0,0,0,0,0,0.9990590336990356,999059.0336990356
Y2024_LAT23.69169_LON90.40624,2024,90.4062439140388,23.69169219937678,1.0,0.0,0.0,0.0,0.0,0.0,1,1,0,0,0,0,0,0,0.9990721120147705,999072.1120147705
Y2024_LAT23.69186_LON90.41604,2024,90.41604240708742,23.691856138478396,0.8244992969793019,0.006899988399928336,0.0,0.16860071462076975,0.0,0.0,1,1,0,0,0,0,0,0,0.9990851405639648,999085.1405639648
Y2024_LAT23.69202_LON90.42584,2024,90.42584098839943,23.69201945854091,0.6707009566999944,0.029799902142330446,0.0,0.2994991411576751,0.0,0.0,1,1,0,0,0,0,0,0,0.9990981207809448,999098.1207809448
Y2024_LAT23.69218_LON90.43564,2024,90.43563965751427,23.692182159512154,1.0,0.0,0.0,0.0,0.0,0.0,1,1,0,0,0,0,0,0,0.9991110517501831,999111.0517501831
Y2024_LAT23.69234_LON90.44544,2024,90.4454384141069,23.69234424143475,1.0,0.0,0.0,0.0,0.0,0.0,1,1,0,0,0,0,0,0,0.9991239349365234,999123.9349365234
Y2024_LAT23.69251_LON90.45524,2024,90.45523725805928,23.692505704334405,1.0,0.0,0.0,0.0,0.0,0.0,1,1,0,0,0,0,0,0,0.9991367661590577,999136.7661590576
Y2024_LAT23.69267_LON90.46504,2024,90.46503618872939,23.692666548096195,0.8948000542260176,0.008599989700912185,0.0,0.0965999560730703,0.0,0.0,1,1,0,0,0,0,0,0,0.9991495520782471,999149.5520782471
Y2024_LAT23.69283_LON90.47484,2024,90.47483520593858,23.692826772691703,1.0,0.0,0.0,0.0,0.0,0.0,1,1,0,0,0,0,0,0,0.7905364627914429,790536.4627914429
Y2024_LAT23.69299_LON90.48463,2024,90.48463430943491,23.6929863781478,0.949034087554342,0.05096591244565798,0.0,0.0,0.0,0.0,1,1,0,0,0,0,0,0,0.2430989380722046,243098.9380722046
Y2024_LAT23.69315_LON90.49443,2024,90.49443349867948,23.69314536447778,0.0,0.0,0.0,0.0,0.0,0.0,1,1,0,0,0,0,0,1,0.0,0.0
Y2024_LAT23.69402_LON90.03377,2024,90.03376589630383,23.694024545291867,0.0,0.0,1.0,0.0,0.0,0.0,3,0,0,1,0,0,0,0,0.07948433137512206,79484.33137512207
Y2024_LAT23.69421_LON90.04356,2024,90.04356146245503,23.694212069656356,0.10991225730609433,0.014128422518298994,0.8692844577278963,0.006674862447710406,0.0,0.0,3,0,0,1,0,0,0,0,0.8976020648345947,897602.0648345947
Y2024_LAT23.6944_LON90.05336,2024,90.05335712933497,23.694398975621432,0.3298996484174561,0.0975997996048893,0.5671005408532929,0.005400011124361761,0.0,0.0,3,0,0,1,0,0,0,0,0.998570361656189,998570.361656189
Y2024_LAT23.69459_LON90.06315,2024,90.06315289686664,23.69458526312828,0.3203008974871826,0.09820020176186708,0.5814989007509503,0.0,0.0,0.0,3,0,0,1,0,0,0,0,0.998585155128479,998585.155128479
Y2024_LAT23.69477_LON90.07295,2024,90.07294876450825,23.694770932261218,0.6664007402237501,0.08000001854311303,0.21299914038342946,0.040600100849707575,0.0,0.0,1,1,0,0,0,0,0,0,0.9985999040527344,998599.9040527344
Y2024_LAT23.69496_LON90.08274,2024,90.08274473214368,23.694955982978474,0.5352987488344784,0.015100008148515795,0.42480132806674265,0.02479991495026319,0.0,0.0,1,1,0,0,0,0,0,0,0.998614603225708,998614.603225708
Y2024_LAT23.69514_LON90.09254,2024,90.09254079914159,23.695140415116487,0.4009007722011833,0.003799989932481385,0.552999306196682,0.037299917386731184,0.005000014282922122,0.0,3,0,0,1,0,0,0,0,0.9986292502975463,998629.2502975464
Y2024_LAT23.69532_LON90.10234,2024,90.10233696563171,23.695324228819757,0.7532995337153887,0.15790062706882083,0.06839977634766452,0.01120000460469436,0.009200058263431631,0.0,1,1,0,0,0,0,0,0,0.9986438507843017,998643.8507843018
Y2024_LAT23.69551_LON90.11213,2024,90.1121332307547,23.695507423993153,0.9937999780806043,0.006200021919395709,0.0,0.0,0.0,0.0,1,1,0,0,0,0,0,0,0.9986584027633667,998658.4027633667
Y2024_LAT23.69569_LON90.12193,2024,90.12192959448173,23.695690000641797,0.7005991361306757,0.06920009883183989,0.21830082314223093,0.01189994189525346,0.0,0.0,1,1,0,0,0,0,0,0,0.9986729038772583,998672.9038772583
Y2024_LAT23.69587_LON90.13173,2024,90.1317260564157,23.69587195872346,0.006599954002655964,0.0,0.993400045997344,0.0,0.0,0.0,3,0,0,1,0,0,0,0,0.9986873569488526,998687.3569488525
Y2024_LAT23.69605_LON90.14152,2024,90.14152261628611,23.69605329816605,0.15900025179441118,0.0649001833243645,0.7678995395439955,0.008200025337228821,0.0,0.0,3,0,0,1,0,0,0,0,0.9987017601852417,998701.7601852417
Y2024_LAT23.69623_LON90.15132,2024,90.15131927360359,23.696234018988964,0.08200022498908563,0.0,0.9144997697766933,0.0035000052342210462,0.0,0.0,3,0,0,1,0,0,0,0,0.9987161163787842,998716.1163787842
Y2024_LAT23.69641_LON90.16112,2024,90.16111602820861,23.696414121209525,0.6587004808365658,0.15100024302266285,0.1844992672524515,0.005800008888319939,0.0,0.0,1,1,0,0,0,0,0,0,0.9987304220123291,998730.4220123291
Y2024_LAT23.69659_LON90.17091,2024,90.17091287964736,23.696593604758856,0.450499171607123,0.3344001403712672,0.2151006880216098,0.0,0.0,0.0,1,1,0,0,0,0,0,1,0.9987446786422729,998744.678642273
Y2024_LAT23.69677_LON90.18071,2024,90.18070982763672,23.6967724695766,0.207599868327427,0.16259997055883826,0.6298001611137347,0.0,0.0,0.0,3,0,0,1,0,0,0,0,0.9987588852005005,998758.8852005005
Y2024_LAT23.69695_LON90.19051,2024,90.19050687187254,23.696950715695937,0.3477000869250239,0.11880020214186363,0.5334997109331124,0.0,0.0,0.0,3,0,0,1,0,0,0,0,0.9987730447769165,998773.0447769165
Y2024_LAT23.69713_LON90.2003,2024,90.20030401193569,23.697128343056402,0.6206004288755403,0.13519984669386056,0.2440997241096272,0.00010000032097187013,0.0,0.0,1,1,0,0,0,0,0,0,0.9987871536712647,998787.1536712646
Y2024_LAT23.69731_LON90.2101,2024,90.21010124755631,23.697305351576016,0.13769997678083679,0.020500050649119222,0.841799972570044,0.0,0.0,0.0,3,0,0,1,0,0,0,0,0.998801214553833,998801.214553833
Y2024_LAT23.69748_LON90.2199,2024,90.21989857844044,23.69748174142072,0.4838000465666577,0.0018000107385039317,0.48339977744754425,0.031000165247294084,0.0,0.0,1,1,0,0,0,0,0,1,0.998815227722168,998815.227722168
Y2024_LAT23.69766_LON90.2297,2024,90.22969600417127,23.697657512448863,0.4144005818131276,0.0734002231817431,0.3621993160991324,0.14999987890599692,0.0,0.0,1,1,0,0,0,0,0,1,0.9988291876449585,998829.1876449585
Y2024_LAT23.69783_LON90.23949,2024,90.23949352444232,23.69783266458546,0.3649995291208825,0.03230010034666416,0.6027003705324533,0.0,0.0,0.0,3,0,0,1,0,0,0,0,0.9988431016616821,998843.1016616821
Y2024_LAT23.69801_LON90.24929,2024,90.24929113900173,23.698007197833338,0.15239966057179674,0.06469968903436658,0.7829006503938367,0.0,0.0,0.0,3,0,0,1,0,0,0,0,0.9988569657974243,998856.9657974243
Y2024_LAT23.69818_LON90.25909,2024,90.25908884727923,23.698181112204736,0.4195000545235862,0.010799974442768081,0.5696999710336458,0.0,0.0,0.0,3,0,0,1,0,0,0,0,0.9988707804183959,998870.780418396
Y2024_LAT23.69835_LON90.26889,2024,90.26888664922271,23.698354407670063,0.3228995455708327,0.018099944865715728,0.560000022547123,0.0990004870163286,0.0,0.0,3,0,0,1,0,0,0,0,0.9988845443725586,998884.5443725586
Y2024_LAT23.69853_LON90.27868,2024,90.27868454438945,23.69852708423566,0.46960091318926056,0.1590994811717198,0.1695002639778916,0.20179934166112806,0.0,0.0,1,1,0,0,0,0,0,1,0.9988982633972168,998898.2633972168
Y2024_LAT23.6987_LON90.28848,2024,90.28848253237545,23.698699141794624,0.928000103461328,0.00870003046671847,0.04179975963197034,0.02150010643998322,0.0,0.0,1,1,0,0,0,0,0,0,0.9989119308395386,998911.9308395386
Y2024_LAT23.69887_LON90.29828,2024,90.29828061301143,23.698870580392295,0.8214000262648185,0.0036000115342405005,0.17499996220094105,0.0,0.0,0.0,1,1,0,0,0,0,0,0,0.9989255498428344,998925.5498428345
Y2024_LAT23.69904_LON90.30808,2024,90.30807878576685,23.699041399959277,0.8186993962278187,0.017600028729770838,0.1573006056856492,0.006399969356761215,0.0,0.0,1,1,0,0,0,0,0,0,0.9989391198272705,998939.1198272705
Y2024_LAT23.69921_LON90.31788,2024,90.31787705044069,23.69921160050114,0.3374001247481276,0.010600017742908783,0.6508998609182824,0.0010999965906812283,0.0,0.0,3,0,0,1,0,0,0,0,0.9989526394805908,998952.6394805908
Y2024_LAT23.69938_LON90.32768,2024,90.32767540668374,23.69938118206402,0.42700056764949335,0.0,0.5729994323505067,0.0,0.0,0.0,3,0,0,1,0,0,0,0,0.9989661110687256,998966.1110687256
Y2024_LAT23.69955_LON90.33747,2024,90.33747385416156,23.699550144481268,0.7533002586294667,0.0021999993966041035,0.23519974802074456,0.009299993953184593,0.0,0.0,1,1,0,0,0,0,0,0,0.9989795338287354,998979.5338287354
Y2024_LAT23.69972_LON90.34727,2024,90.34727239251424,23.699718487758588,0.9439002094163351,0.012200006372775438,0.04389978421088943,0.0,0.0,0.0,1,1,0,0,0,0,0,0,0.9989929008789062,998992.9008789062
Y2024_LAT23.69989_LON90.35707,2024,90.35707102129193,23.69988621195301,0.7444000890740567,0.03820013703377964,0.16579962875583884,0.005400028663077663,0.0,0.046200116473247135,1,1,0,0,0,0,0,0,0.9990062315292358,999006.2315292358
Y2024_LAT23.70005_LON90.36687,2024,90.36686974047907,23.700053317093538,0.9948000327779608,0.0,0.0,0.005199967222039247,0.0,0.0,1,1,0,0,0,0,0,0,0.9990195055160522,999019.5055160522
Y2024_LAT23.70022_LON90.37667,2024,90.376668549419,23.700219802920405,0.9907000276791726,0.009299972320827372,0.0,0.0,0.0,0.0,1,1,0,0,0,0,0,0,0.9990327317886353,999032.7317886353
Y2024_LAT23.70039_LON90.38647,2024,90.38646744800242,23.70038566959848,1.0,0.0,0.0,0.0,0.0,0.0,1,1,0,0,0,0,0,0,0.9990459079666137,999045.9079666138
Y2024_LAT23.70055_LON90.39627,2024,90.39626643575552,23.70055091708713,1.0,0.0,0.0,0.0,0.0,0.0,1,1,0,0,0,0,0,0,0.9990590367736817,999059.0367736816
Y2024_LAT23.70072_LON90.40607,2024,90.40606551238739,23.700715545377125,0.8971995908971849,0.0,0.0,0.10280040910281507,0.0,0.0,1,1,0,0,0,0,0,0,0.9990721150283813,999072.1150283813
Y2024_LAT23.70088_LON90.41586,2024,90.41586467759917,23.70087955431993,0.69290045614708,0.023899950797176245,0.0,0.28319959305574377,0.0,0.0,1,1,0,0,0,0,0,0,0.9990851430892944,999085.1430892944
Y2024_LAT23.70104_LON90.42566,2024,90.4256639310151,23.701042944001834,0.9904999588287668,0.009500041171233181,0.0,0.0,0.0,0.0,1,1,0,0,0,0,0,0,0.9990981248321533,999098.1248321533
Y2024_LAT23.70121_LON90.43546,2024,90.43546327232818,23.701205714455323,0.9598999225002591,0.0,0.0,0.04010007749974091,0.0,0.0,1,1,0,0,0,0,0,0,0.9991110552902221,999111.0552902222
Y2024_LAT23.70137_LON90.44526,2024,90.44526270110596,23.70136786549647,1.0,0.0,0.0,0.0,0.0,0.0,1,1,0,0,0,0,0,0,0.9991239372406006,999123.9372406006
Y2024_LAT23.70153_LON90.45506,2024,90.45506221733368,23.701529397245388,1.0,0.0,0.0,0.0,0.0,0.0,1,1,0,0,0,0,0,0,0.9991367690353393,999136.7690353394
Y2024_LAT23.70169_LON90.46486,2024,90.46486182016598,23.701690309568644,1.0,0.0,0.0,0.0,0.0,0.0,1,1,0,0,0,0,0,0,0.9991495536346435,999149.5536346436
Y2024_LAT23.70185_LON90.47466,2024,90.47466150978964,23.701850602500215,1.0,0.0,0.0,0.0,0.0,0.0,1,1,0,0,0,0,0,0,0.9991622795104981,999162.279510498
Y2024_LAT23.70201_LON90.48446,2024,90.48446128543061,23.702010276103653,0.9639000522571295,0.022599975781845864,0.0,0.01349997196102467,0.0,0.0,1,1,0,0,0,0,0,0,0.9991749737167358,999174.9737167358
Y2024_LAT23.70217_LON90.49426,2024,90.49426114712661,23.702169330188557,1.0,0.0,0.0,0.0,0.0,0.0,1,1,0,0,0,0,0,0,0.571035258972168,571035.258972168
Y2024_LAT23.70233_LON90.50406,2024,90.5040610942863,23.7023277648228,0.99786324159164,0.0,0.0,0.00213675840836001,0.0,0.0,1,1,0,0,0,0,0,0,0.1402871014251709,140287.1014251709
Y2024_LAT23.70305_LON90.03356,2024,90.03356187373416,23.70304502686462,0.0,0.0,1.0,0.0,0.0,0.0,3,0,0,1,0,0,0,0,0.01607660913848877,16076.60913848877
Y2024_LAT23.70323_LON90.04336,2024,90.04335811133733,23.703232631056487,0.04713297717287673,0.0004195821992756668,0.9474124498446355,0.005034990783212167,0.0,0.0,3,0,0,1,0,0,0,0,0.7139684827041626,713968.4827041626
Y2024_LAT23.70342_LON90.05315,2024,90.05315444958619,23.703419616701094,0.37809995781526723,0.07819966366318105,0.5437003785215517,0.0,0.0,0.0,3,0,0,1,0,0,0,0,0.9985703645706177,998570.3645706177
Y2024_LAT23.70361_LON90.06295,2024,90.06295088851031,23.703605983712084,0.443900068024539,0.1794002162474612,0.3327996748796671,0.043900040848332676,0.0,0.0,1,1,0,0,0,0,0,1,0.998585159111023,998585.159111023
Y2024_LAT23.70379_LON90.07275,2024,90.0727474277177,23.703791731950638,0.5293998811531683,0.0070000011062088295,0.43579998426390243,0.0278001334767205,0.0,0.0,1,1,0,0,0,0,0,0,0.9985999071502686,998599.9071502686
Y2024_LAT23.70398_LON90.08254,2024,90.08254406670223,23.703976861512988,0.1117996952015577,0.0,0.8551003163764018,0.03309998842204057,0.0,0.0,3,0,0,1,0,0,0,0,0.9986146062393189,998614.6062393188
Y2024_LAT23.70416_LON90.09234,2024,90.09234080530119,23.704161372368265,0.0,0.0,0.9217997996049785,0.07820020039502154,0.0,0.0,3,0,0,1,0,0,0,0,0.998629253692627,998629.253692627
Y2024_LAT23.70435_LON90.10214,2024,90.10213764327416,23.704345264440022,0.44290157873126623,0.10580017590002817,0.3885985852970386,0.0626996600716671,0.0,0.0,1,1,0,0,0,0,0,1,0.9986438551254272,998643.8551254272
Y2024_LAT23.70453_LON90.11193,2024,90.11193457993346,23.70452853772212,1.0,0.0,0.0,0.0,0.0,0.0,1,1,0,0,0,0,0,0,0.998658406173706,998658.406173706
Y2024_LAT23.70471_LON90.12173,2024,90.12173161533806,23.704711192214116,0.3507984689434547,0.02579997333154117,0.6234015577250042,0.0,0.0,0.0,3,0,0,1,0,0,0,0,0.998672907585144,998672.907585144
Y2024_LAT23.70489_LON90.13153,2024,90.13152874887366,23.70489322782501,0.061500153742621945,0.038700188764248813,0.8968996564658799,0.002900001027249439,0.0,0.0,3,0,0,1,0,0,0,0,0.9986873614425659,998687.3614425659
Y2024_LAT23.70507_LON90.14133,2024,90.14132598034229,23.705074644616523,0.3366007935748937,0.04959995698044194,0.5013993336148717,0.11239991582979271,0.0,0.0,3,0,0,1,0,0,0,0,0.9987017633590698,998701.7633590698
Y2024_LAT23.70526_LON90.15112,2024,90.15112330948841,23.70525544246932,0.5910007162514908,0.013699953433628637,0.28869906324196154,0.10660026707291909,0.0,0.0,1,1,0,0,0,0,0,0,0.9987161192016601,998716.1192016602
Y2024_LAT23.70544_LON90.16092,2024,90.1609207356397,23.705435621453674,0.8628994767616647,0.0035000093375841396,0.10030047570880364,0.033300038191947656,0.0,0.0,1,1,0,0,0,0,0,0,0.998730424407959,998730.424407959
Y2024_LAT23.70562_LON90.17072,2024,90.17071825891627,23.705615181468307,0.19390005444992314,0.10979982241636296,0.6963001231337139,0.0,0.0,0.0,3,0,0,1,0,0,0,0,0.9987446825637818,998744.6825637817
Y2024_LAT23.70579_LON90.18052,2024,90.1805158787244,23.705794122595467,0.2938004966695371,0.2052005933780902,0.5009989099523727,0.0,0.0,0.0,3,0,0,1,0,0,0,0,0.99875888747406,998758.8874740601
Y2024_LAT23.70597_LON90.19031,2024,90.19031359471971,23.705972444710646,0.3045993207004213,0.20869984917716827,0.48670083012241044,0.0,0.0,0.0,3,0,0,1,0,0,0,1,0.9987730472564698,998773.0472564697
Y2024_LAT23.70615_LON90.20011,2024,90.200111406591,23.706150147759647,0.35480024921724546,0.013199969043442112,0.6319997817393124,0.0,0.0,0.0,3,0,0,1,0,0,0,0,0.9987871572418213,998787.1572418213
Y2024_LAT23.70633_LON90.20991,2024,90.20990931416321,23.706327231822428,0.41880077231450313,0.042299877950645215,0.5240992544176514,0.01480009531720041,0.0,0.0,3,0,0,1,0,0,0,0,0.9988012172393799,998801.2172393799
Y2024_LAT23.7065_LON90.21971,2024,90.21970731686756,23.706503696800265,0.4157250241965044,0.1219904187598149,0.18685493049174817,0.2754296265519325,0.0,0.0,1,1,0,0,0,0,0,1,0.8130350692443847,813035.0692443848
Y2024_LAT23.70668_LON90.22951,2024,90.2295054145585,23.706679542700364,0.6224244847447381,0.09046455226618265,0.24418946370028435,0.04292149928879485,0.0,0.0,1,1,0,0,0,0,0,0,0.7563140974197388,756314.0974197388
Y2024_LAT23.70685_LON90.2393,2024,90.2393036067637,23.70685476956079,0.6262508904561102,0.012004751380025788,0.19097663029702183,0.1707677278668422,0.0,0.0,1,1,0,0,0,0,0,0,0.9984435694503784,998443.5694503784
Y2024_LAT23.70703_LON90.2491,2024,90.24910189330109,23.707029377219417,0.2506999792690491,0.2365003470595762,0.5127996736713747,0.0,0.0,0.0,3,0,0,1,0,0,0,0,0.9988569683761597,998856.9683761597
Y2024_LAT23.7072_LON90.2589,2024,90.25890027361427,23.707203365769384,0.3076005106807247,0.12119993202082899,0.5711995572984463,0.0,0.0,0.0,3,0,0,1,0,0,0,0,0.9988707838973999,998870.7838973999
Y2024_LAT23.70738_LON90.2687,2024,90.26869874760163,23.70737673517037,0.5237995367874451,0.030099832392754766,0.44610063081980017,0.0,0.0,0.0,1,1,0,0,0,0,0,0,0.9988845475692749,998884.5475692749
Y2024_LAT23.70755_LON90.2785,2024,90.27849731481605,23.707549485322676,0.3735008534378014,0.2146996923582918,0.19449910311497828,0.21730035108892853,0.0,0.0,1,1,0,0,0,0,0,1,0.9988982654953003,998898.2654953003
Y2024_LAT23.70772_LON90.2883,2024,90.28829597489661,23.707721616278636,0.6100987012931444,0.0,0.38990129870685564,0.0,0.0,0.0,1,1,0,0,0,0,0,0,0.9989119338912964,998911.9338912964
Y2024_LAT23.70789_LON90.29809,2024,90.29809472761363,23.707893127929356,0.6259998961770067,0.016199964128754078,0.35780013969423935,0.0,0.0,0.0,1,1,0,0,0,0,0,0,0.9989255526809693,998925.5526809692
Y2024_LAT23.70806_LON90.30789,2024,90.30789357256529,23.708064020333538,0.09650010127765885,0.0004000011957418028,0.9030998975265994,0.0,0.0,0.0,3,0,0,1,0,0,0,0,0.9989391219711303,998939.1219711304
Y2024_LAT23.70823_LON90.31769,2024,90.31769250940437,23.708234293467843,0.2683010871207145,0.0,0.727098883314915,0.004600029564370507,0.0,0.0,3,0,0,1,0,0,0,0,0.9989526433486938,998952.6433486938
Y2024_LAT23.7084_LON90.32749,2024,90.32749153792315,23.708403947261555,0.5293002246092513,0.013300062931291518,0.43369967043331187,0.00789997717151666,0.0,0.0158000648546286,1,1,0,0,0,0,0,0,0.99896611378479,998966.11378479
Y2024_LAT23.70857_LON90.33729,2024,90.33729065753963,23.708572981673683,0.9767000970954585,0.00469998430610561,0.005499970676902088,0.0021999972459841814,0.0,0.010899950675549653,1,1,0,0,0,0,0,0,0.9989795359039306,998979.5359039307
Y2024_LAT23.70874_LON90.34709,2024,90.3470898681642,23.708741396848097,1.0,0.0,0.0,0.0,0.0,0.0,1,1,0,0,0,0,0,0,0.9989929087982178,998992.9087982178
Y2024_LAT23.70891_LON90.35689,2024,90.35688916925412,23.708909192542208,0.9258996080113233,0.0,0.0,0.07410039198867667,0.0,0.0,1,1,0,0,0,0,0,0,0.9990062343292236,999006.2343292236
Y2024_LAT23.70908_LON90.36669,2024,90.36668856079342,23.709076368790804,0.7022001771680876,0.0,0.0,0.2977998228319124,0.0,0.0,1,1,0,0,0,0,0,0,0.9990195076446533,999019.5076446533
Y2024_LAT23.70924_LON90.37649,2024,90.37648804206883,23.709242925688343,0.7582999534395164,0.0,0.0,0.24170004656048358,0.0,0.0,1,1,0,0,0,0,0,0,0.9990327344436646,999032.7344436646
Y2024_LAT23.70941_LON90.38629,2024,90.38628761298692,23.709408863131618,0.6747999473652481,0.0,0.0,0.32520005263475193,0.0,0.0,1,1,0,0,0,0,0,0,0.9990459114074707,999045.9114074707
Y2024_LAT23.70957_LON90.39609,2024,90.39608727311314,23.709574181012975,0.8043000593234381,0.0,0.0,0.1956999406765619,0.0,0.0,1,1,0,0,0,0,0,0,0.9990590388717652,999059.0388717651
Y2024_LAT23.70974_LON90.40589,2024,90.40588702224204,23.70973887951858,0.8678003232558732,0.0,0.0,0.1321996767441268,0.0,0.0,1,1,0,0,0,0,0,0,0.9990721169891358,999072.1169891357
Y2024_LAT23.7099_LON90.41569,2024,90.4156868598344,23.709902958425765,1.0,0.0,0.0,0.0,0.0,0.0,1,1,0,0,0,0,0,0,0.9990851458587646,999085.1458587646
Y2024_LAT23.71007_LON90.42549,2024,90.4254867857843,23.710066417710696,1.0,0.0,0.0,0.0,0.0,0.0,1,1,0,0,0,0,0,0,0.9990981264877319,999098.1264877319
Y2024_LAT23.71023_LON90.43529,2024,90.43528679955445,23.710229257514577,0.999399998836739,0.0,0.0,0.0006000011632609405,0.0,0.0,1,1,0,0,0,0,0,0,0.9991110568313598,999111.0568313599
Y2024_LAT23.71039_LON90.44509,2024,90.44508690096607,23.710391477780355,1.0,0.0,0.0,0.0,0.0,0.0,1,1,0,0,0,0,0,0,0.9991239403762817,999123.9403762817
Y2024_LAT23.71055_LON90.45489,2024,90.4548870896483,23.71055307833751,0.9994000013819806,0.0005999986180193768,0.0,0.0,0.0,0.0,1,1,0,0,0,0,0,0,0.9991367719345092,999136.7719345093
Y2024_LAT23.71071_LON90.46469,2024,90.4646873651295,23.71071405931008,1.0,0.0,0.0,0.0,0.0,0.0,1,1,0,0,0,0,0,0,0.99914955493927,999149.55493927
Y2024_LAT23.71087_LON90.47449,2024,90.47448772728887,23.710874420619206,1.0,0.0,0.0,0.0,0.0,0.0,1,1,0,0,0,0,0,0,0.999162285194397,999162.285194397
Y2024_LAT23.71103_LON90.48429,2024,90.48428817568954,23.71103416224019,1.0,0.0,0.0,0.0,0.0,0.0,1,1,0,0,0,0,0,0,0.9991749759140015,999174.9759140015
Y2024_LAT23.71119_LON90.49409,2024,90.49408870998201,23.71119328417151,1.0,0.0,0.0,0.0,0.0,0.0,1,1,0,0,0,0,0,0,0.9991876124572754,999187.6124572754
Y2024_LAT23.71135_LON90.50389,2024,90.50388932976809,23.71135178637137,0.8068410594937863,0.0,0.0,0.19315894050621368,0.0,0.0,1,1,0,0,0,0,0,0,0.9259585441513062,925958.5441513062
Y2024_LAT23.71151_LON90.51369,2024,90.51369003493744,23.711509668848223,0.41925144713403967,0.0,0.0,0.5807485528659603,0.0,0.0,4,0,0,0,1,0,0,0,0.21902658640289308,219026.58640289307
Y2024_LAT23.71225_LON90.04315,2024,90.0431546592458,23.71225318042141,0.45724530689050047,0.12757756145645283,0.130602179412174,0.2845749522408727,0.0,0.0,1,1,0,0,0,0,0,1,0.3631758915786743,363175.8915786743
Y2024_LAT23.71244_LON90.05295,2024,90.0529516692942,23.712440245680874,0.8507029220746768,0.07622942100369595,0.03981261511185203,0.033255041809775385,0.0,0.0,1,1,0,0,0,0,0,0,0.8527797693099975,852779.7693099976
Y2024_LAT23.71263_LON90.06275,2024,90.06274877995331,23.71262669208791,0.8618992928664511,0.0468002924082351,0.08900042661618081,0.002299988109133089,0.0,0.0,1,1,0,0,0,0,0,0,0.9985851631317139,998585.1631317139
Y2024_LAT23.71281_LON90.07255,2024,90.07254599089818,23.712812519580314,0.17548284275965909,0.038414878317952525,0.7746380542864213,0.011464224635967113,0.0,0.0,3,0,0,1,0,0,0,0,0.9930077147445678,993007.7147445679
Y2024_LAT23.713_LON90.08234,2024,90.08234330177807,23.712997728017378,0.08288418892420774,0.0,0.8661820695123694,0.05083000649053909,0.00010373507288368953,0.0,3,0,0,1,0,0,0,0,0.9626646095581055,962664.6095581055
Y2024_LAT23.71318_LON90.09214,2024,90.09214071218643,23.713182317510785,0.26270053579716474,0.012200045947690136,0.6436996447537056,0.08139977350143959,0.0,0.0,3,0,0,1,0,0,0,0,0.9986292565765381,998629.2565765381
Y2024_LAT23.71337_LON90.10194,2024,90.10193822196155,23.713366287951914,0.9218643747540369,0.0,0.07763022100472612,0.0005054042412369273,0.0,0.0,1,1,0,0,0,0,0,0,0.9879582972564698,987958.2972564697
Y2024_LAT23.71355_LON90.11174,2024,90.11173583065977,23.71354963932032,0.5334650858405231,0.0002483563157026067,0.46591402414813043,0.00037253369564387825,0.0,0.0,1,1,0,0,0,0,0,0,0.8042194160690308,804219.4160690308
Y2024_LAT23.71373_LON90.12153,2024,90.12153353788551,23.713732371656334,0.1493297448996852,0.06267786046322586,0.7879923946370889,0.0,0.0,0.0,3,0,0,1,0,0,0,0,0.9830937078552247,983093.7078552246
Y2024_LAT23.71391_LON90.13133,2024,90.1313313433938,23.713914484883787,0.35979975081015864,0.09040018601203118,0.5377000986044326,0.012099964573377637,0.0,0.0,3,0,0,1,0,0,0,0,0.9986873635177612,998687.3635177612
Y2024_LAT23.7141_LON90.14113,2024,90.14112924693023,23.714095978984354,0.3938001187836171,0.010000025011184336,0.35239934157649033,0.24380051462870828,0.0,0.0,1,1,0,0,0,0,0,1,0.998701766960144,998701.766960144
Y2024_LAT23.71428_LON90.15093,2024,90.15092724796132,23.714276853931995,0.26730004642303923,0.0014999940159645376,0.5572004678855133,0.17399949167548315,0.0,0.0,3,0,0,1,0,0,0,0,0.9987161220932007,998716.1220932007
Y2024_LAT23.71446_LON90.16073,2024,90.16072534631115,23.714457109668174,0.5442000040714289,0.006300000511201987,0.2522006213779101,0.1972993740394592,0.0,0.0,1,1,0,0,0,0,0,0,0.9987304276733399,998730.4276733398
Y2024_LAT23.71464_LON90.17052,2024,90.1705235416538,23.714636746284214,0.32089992669933054,0.07649971680912195,0.47970000961881676,0.12290034687273076,0.0,0.0,3,0,0,1,0,0,0,1,0.9987446852340698,998744.6852340698
Y2024_LAT23.71482_LON90.18032,2024,90.18032183351082,23.71481576361268,0.45359143144021574,0.06431279746693709,0.3173628499656509,0.1647329211271963,0.0,0.0,1,1,0,0,0,0,0,1,0.9985591408233643,998559.1408233643
Y2024_LAT23.71499_LON90.19012,2024,90.19012022163874,23.714994161695245,0.48747990089114884,0.12613939178574096,0.32310152156983096,0.06327918575327923,0.0,0.0,1,1,0,0,0,0,0,1,0.9533289357147217,953328.9357147217
Y2024_LAT23.71517_LON90.19992,2024,90.19991870576271,23.715171940552505,0.5360996895681989,0.008700003677561336,0.4437003571033034,0.011499949650936444,0.0,0.0,1,1,0,0,0,0,0,0,0.9987871600265503,998787.1600265503
Y2024_LAT23.71535_LON90.20972,2024,90.20971728540066,23.715349100104703,0.3031484089513028,0.05069494356669375,0.4228319423088582,0.22332470517314526,0.0,0.0,3,0,0,1,0,0,0,1,0.9772269788589477,977226.9788589478
Y2024_LAT23.71553_LON90.21952,2024,90.21951596044218,23.715525640303582,0.4528690508161878,0.0901639774183979,0.12909826473999061,0.3278687070254237,0.0,0.0,1,1,0,0,0,0,0,1,0.04874188944244385,48741.88944244385
Y2024_LAT23.71588_LON90.23911,2024,90.2391135948237,23.715876862690298,0.7310567742670445,0.0,0.015475005220988545,0.2534682205119669,0.0,0.0,1,1,0,0,0,0,0,0,0.18718338969421386,187183.38969421387
Y2024_LAT23.71605_LON90.24891,2024,90.24891255363129,23.716051544785955,0.3866471508025985,0.00973573063042417,0.6036171185669773,0.0,0.0,0.0,3,0,0,1,0,0,0,0,0.21545353811645507,215453.53811645508
Y2024_LAT23.71623_LON90.25871,2024,90.25871160641132,23.716225607492657,0.5028023099627612,0.19387344524267436,0.3014564770284176,0.001867767766146844,0.0,0.0,1,1,0,0,0,0,0,0,0.802194110420227,802194.110420227
Y2024_LAT23.7164_LON90.26851,2024,90.2685107526447,23.71639905068736,0.738899660808052,0.0016000018855749356,0.02519994911971982,0.23430038818665325,0.0,0.0,1,1,0,0,0,0,0,0,0.9988845545272828,998884.5545272827
Y2024_LAT23.71657_LON90.27831,2024,90.27830999232893,23.716571874457628,0.7814006810867702,0.04109982995943521,0.016600043310870036,0.1608994456429246,0.0,0.0,1,1,0,0,0,0,0,0,0.9988982682800293,998898.2682800293
Y2024_LAT23.71674_LON90.28811,2024,90.28810932485533,23.716744078749503,0.6333992692559988,0.0013999908529090247,0.3650007395939015,0.00020000029719073275,0.0,0.0,1,1,0,0,0,0,0,0,0.9989119372940064,998911.9372940063
Y2024_LAT23.71692_LON90.29791,2024,90.29790875005806,23.716915663553387,0.4733007042515598,0.0018000008724125785,0.5248992948760276,0.0,0.0,0.0,3,0,0,1,0,0,0,0,0.9989255556488037,998925.5556488037
Y2024_LAT23.71709_LON90.30771,2024,90.30770826742575,23.717086628802917,0.6014995615304141,0.0,0.39760044266432537,0.0008999958052606041,0.0,0.0,1,1,0,0,0,0,0,0,0.998939126159668,998939.126159668
Y2024_LAT23.71726_LON90.31751,2024,90.31750787684767,23.71725697455599,0.5628013215466553,0.006099996402719647,0.431098682050625,0.0,0.0,0.0,1,1,0,0,0,0,0,0,0.9989526454849244,998952.6454849243
Y2024_LAT23.71743_LON90.32731,2024,90.32730757780034,23.717426700638914,0.9662998478253704,0.0034000184411149066,0.015200081042760907,0.0,0.0,0.01510005269075385,1,1,0,0,0,0,0,0,0.9989661169281006,998966.1169281006
Y2024_LAT23.7176_LON90.33711,2024,90.337107370018,23.717595807212458,0.844400050719931,0.0591000894317822,0.005099968590404829,0.024799982294169423,0.0,0.06659990896371257,1,1,0,0,0,0,0,0,0.9989795381393433,998979.5381393433
Y2024_LAT23.71776_LON90.34691,2024,90.34690725329281,23.717764294035227,1.0,0.0,0.0,0.0,0.0,0.0,1,1,0,0,0,0,0,0,0.9989929161300659,998992.9161300659
Y2024_LAT23.71793_LON90.35671,2024,90.3567072269702,23.71793216122946,0.5774991598124254,0.005400000601233776,0.0,0.3705008673133166,0.04659997227302425,0.0,1,1,0,0,0,0,0,0,0.9990062364273071,999006.2364273071
Y2024_LAT23.7181_LON90.36651,2024,90.36650729109517,23.71809940882346,1.0,0.0,0.0,0.0,0.0,0.0,1,1,0,0,0,0,0,0,0.9990195111846923,999019.5111846924
Y2024_LAT23.71827_LON90.37631,2024,90.37630744514527,23.718266036666293,0.9654998867682446,0.0014000043647901376,0.0,0.03310010886696529,0.0,0.0,1,1,0,0,0,0,0,0,0.9990327369232178,999032.7369232178
Y2024_LAT23.71843_LON90.38611,2024,90.38610768873669,23.71843204480628,0.9755999333813955,0.023000074991065485,0.0,0.0013999916275389858,0.0,0.0,1,1,0,0,0,0,0,0,0.9990459134140015,999045.9134140015
Y2024_LAT23.7186_LON90.39591,2024,90.39590802158581,23.718597433251112,0.9902999950414936,0.00970000495850639,0.0,0.0,0.0,0.0,1,1,0,0,0,0,0,0,0.9990590405731201,999059.0405731201
Y2024_LAT23.71876_LON90.40571,2024,90.40570844351673,23.718762201758146,1.0,0.0,0.0,0.0,0.0,0.0,1,1,0,0,0,0,0,0,0.9990721187591552,999072.1187591553
Y2024_LAT23.71893_LON90.41551,2024,90.41550895383028,23.718926350686807,0.9950999777185967,0.002800010758771509,0.0,0.002100011522631796,0.0,0.0,1,1,0,0,0,0,0,0,0.9990851487197876,999085.1487197876
Y2024_LAT23.71909_LON90.42531,2024,90.4253095526263,23.71908987978192,1.0,0.0,0.0,0.0,0.0,0.0,1,1,0,0,0,0,0,0,0.9990981292572021,999098.1292572021
Y2024_LAT23.71925_LON90.43511,2024,90.43511023925069,23.71925278900053,0.9151997601421397,0.07150028284700743,0.0,0.013299957010852917,0.0,0.0,1,1,0,0,0,0,0,0,0.9991110600433349,999111.060043335
Y2024_LAT23.71942_LON90.44491,2024,90.44491101354788,23.71941507830304,0.9303998581642325,0.047900139555538054,0.0,0.021700002280229422,0.0,0.0,1,1,0,0,0,0,0,0,0.999123942779541,999123.942779541
Y2024_LAT23.71958_LON90.45471,2024,90.4547118750091,23.719576747776486,0.4746997117534168,0.23609958347204815,0.021700008198998054,0.26750069657553704,0.0,0.0,1,1,0,0,0,0,0,1,0.999136774887085,999136.774887085
Y2024_LAT23.71974_LON90.46451,2024,90.46451282353627,23.719737797353705,0.6669007258842197,0.004399988906257536,0.09459976257646906,0.2340995226330537,0.0,0.0,1,1,0,0,0,0,0,0,0.9991495563201904,999149.5563201904
Y2024_LAT23.7199_LON90.47431,2024,90.47431385862512,23.71989822703764,0.8532000154710014,0.03139990627072433,0.009000002900401783,0.10350008871792356,0.0,0.0028999866399488376,1,1,0,0,0,0,0,0,0.9991622968521118,999162.2968521118
Y2024_LAT23.72006_LON90.48411,2024,90.48411497992795,23.720058036749826,0.9047998142245816,0.010900004635639842,0.034600048563718774,0.04970013257605981,0.0,0.0,1,1,0,0,0,0,0,0,0.9991749782028199,999174.9782028198
Y2024_LAT23.72022_LON90.49392,2024,90.49391618722424,23.720217226468566,0.708399351697523,0.04520015959673165,0.09810036271078634,0.14830012599495898,0.0,0.0,1,1,0,0,0,0,0,0,0.9991876148681641,999187.6148681641
Y2024_LAT23.72038_LON90.50372,2024,90.50371748011912,23.72037579625026,0.23582402978839234,0.0037551551005548826,0.0,0.7604208151110528,0.0,0.0,4,0,0,0,1,0,0,0,0.2660859427185059,266085.94271850586
Y2024_LAT23.72146_LON90.05275,2024,90.05274878835718,23.721460862546273,0.20431911949466688,0.11565643013338665,0.6800244503719465,0.0,0.0,0.0,3,0,0,1,0,0,0,0,0.48091288206481936,480912.88206481934
Y2024_LAT23.72165_LON90.06255,2024,90.0625465711389,23.721647388393826,0.2529560911733336,0.10073788449817672,0.6463060243284896,0.0,0.0,0.0,3,0,0,1,0,0,0,0,0.7176832333068848,717683.2333068848
Y2024_LAT23.72183_LON90.07234,2024,90.07234445423342,23.721833295021217,0.12296158108513008,0.38881630327424693,0.488222115640623,0.0,0.0,0.0,3,0,0,1,0,0,0,1,0.38575797618103025,385757.9761810303
Y2024_LAT23.72202_LON90.08214,2024,90.08214243713324,23.722018582365706,0.2248601509482004,0.006270997276735486,0.7688688517750641,0.0,0.0,0.0,3,0,0,1,0,0,0,0,0.44588313291168213,445883.1329116821
Y2024_LAT23.7222_LON90.09194,2024,90.09194051985853,23.722203250488853,0.25478174506014295,0.08194526427839488,0.6610110027909036,0.00226198787055855,0.0,0.0,3,0,0,1,0,0,0,0,0.9712668439941406,971266.8439941406
Y2024_LAT23.72239_LON90.10174,2024,90.10173870173205,23.7223872993001,0.8817409957969422,0.002516147562468671,0.11322671429331582,0.0025161423472733705,0.0,0.0,1,1,0,0,0,0,0,0,0.9128598093338013,912859.8093338013
Y2024_LAT23.72257_LON90.11154,2024,90.11153698272662,23.72257072886301,0.3813949877963899,0.0,0.6186050122036101,0.0,0.0,0.0,3,0,0,1,0,0,0,0,0.02147105185699463,21471.05185699463
Y2024_LAT23.72275_LON90.12134,2024,90.12133536216156,23.72275353900374,0.2502716490629827,0.13459483082064816,0.6151335201163691,0.0,0.0,0.0,3,0,0,1,0,0,0,0,0.6440454950180053,644045.4950180054
Y2024_LAT23.72294_LON90.13113,2024,90.13113384009418,23.72293572985883,0.3204002434455679,0.10550002726567874,0.4004990734871673,0.17360065580158607,0.0,0.0,3,0,0,1,0,0,0,1,0.9986873670043945,998687.3670043945
Y2024_LAT23.72312_LON90.14093,2024,90.14093241580831,23.723117301227123,0.49549913207316726,0.008999963739516129,0.3508015303275008,0.14469937385981585,0.0,0.0,1,1,0,0,0,0,0,1,0.9987017699890137,998701.7699890137
Y2024_LAT23.7233_LON90.15073,2024,90.15073108925895,23.723298253311683,0.2970010914381877,0.0,0.7029989085618124,0.0,0.0,0.0,3,0,0,1,0,0,0,0,0.9987161260452271,998716.126045227
Y2024_LAT23.72348_LON90.16053,2024,90.1605298599987,23.72347858590026,0.2232391885903581,0.0022857114400334547,0.5988559676653593,0.1756191323042491,0.0,0.0,3,0,0,1,0,0,0,0,0.5243324732742309,524332.473274231
Y2024_LAT23.72366_LON90.17033,2024,90.1703287277202,23.72365829896056,0.33092027067396823,0.015775703872535095,0.37620747264103216,0.27709655281246454,0.0,0.0,3,0,0,1,0,0,0,1,0.5381236379776001,538123.6379776001
Y2024_LAT23.72384_LON90.18013,2024,90.18012769201802,23.723837392558153,0.30609182243496874,0.0,0.6630675862110545,0.030840591353976682,0.0,0.0,3,0,0,1,0,0,0,0,0.1295385901184082,129538.5901184082
Y2024_LAT23.72402_LON90.18993,2024,90.18992675266574,23.72401586668338,0.0,0.0,0.0,1.0,0.0,0.0,4,0,0,0,1,0,0,0,0.005892776298522949,5892.776298522949
Y2024_LAT23.72419_LON90.19973,2024,90.19972590930401,23.724193721281,0.0,0.0,0.9411768567160081,0.058823143283991804,0.0,0.0,3,0,0,1,0,0,0,0,0.06621964122772217,66219.64122772217
Y2024_LAT23.72437_LON90.20953,2024,90.20952516150587,23.724370956323977,0.22168884974235553,0.0,0.5854121320085931,0.19289901824905134,0.0,0.0,3,0,0,1,0,0,0,0,0.10407475458526612,104074.75458526611
Y2024_LAT23.7249_LON90.23892,2024,90.2389234886081,23.724898943763282,0.0,0.0,0.0,1.0,0.0,0.0,4,0,0,0,1,0,0,0,0.00239723908996582,2397.2390899658203
Y2024_LAT23.72507_LON90.24872,2024,90.24872312015214,23.725073700305945,0.4568953597495759,0.15205964770816258,0.3716486013210421,0.01939639122121939,0.0,0.0,1,1,0,0,0,0,0,1,0.4171235576324463,417123.5576324463
Y2024_LAT23.72525_LON90.25852,2024,90.25852284547274,23.725247837177246,0.22728261389404084,0.040364915196750936,0.4266725766940686,0.30567989421513964,0.0,0.0,3,0,0,1,0,0,0,1,0.9848866849288941,984886.684928894
Y2024_LAT23.72542_LON90.26832,2024,90.26832266450006,23.725421354334042,0.8877004977075098,0.0,0.00019999959272502915,0.11209950269976518,0.0,0.0,1,1,0,0,0,0,0,0,0.9988845566864014,998884.5566864014
Y2024_LAT23.72559_LON90.27812,2024,90.27812257691255,23.72559425172567,0.7385992443784909,0.002699994022079119,0.2583007627430361,0.00039999885639386586,0.0,0.0,1,1,0,0,0,0,0,0,0.9988982721252442,998898.2721252441
Y2024_LAT23.72577_LON90.28792,2024,90.28792258221351,23.7257665294433,0.6921008400339201,0.006400005697397842,0.2974991528110414,0.0026000018250387303,0.0013999996326019579,0.0,1,1,0,0,0,0,0,0,0.9989119399108887,998911.9399108887
Y2024_LAT23.72594_LON90.29772,2024,90.29772268015779,23.72593818741592,1.0,0.0,0.0,0.0,0.0,0.0,1,1,0,0,0,0,0,0,0.9989255588302612,998925.5588302612
Y2024_LAT23.72611_LON90.30752,2024,90.30752287032713,23.726109225468498,0.9997000018392826,0.0002999981607173665,0.0,0.0,0.0,0.0,1,1,0,0,0,0,0,0,0.9989391281814575,998939.1281814575
Y2024_LAT23.72628_LON90.31732,2024,90.31732315264439,23.726279643711912,1.0,0.0,0.0,0.0,0.0,0.0,1,1,0,0,0,0,0,0,0.9989526492767334,998952.6492767334
Y2024_LAT23.72645_LON90.32712,2024,90.32712352645731,23.726449442188336,1.0,0.0,0.0,0.0,0.0,0.0,1,1,0,0,0,0,0,0,0.9989661193847656,998966.1193847656
Y2024_LAT23.72662_LON90.33692,2024,90.3369239916274,23.72661862069591,1.0,0.0,0.0,0.0,0.0,0.0,1,1,0,0,0,0,0,0,0.9989795417709351,998979.5417709351
Y2024_LAT23.72679_LON90.34672,2024,90.34672454770153,23.72678717936387,0.9831999055463265,0.0011000069735413222,0.0,0.015700087480132192,0.0,0.0,1,1,0,0,0,0,0,0,0.9989929191207886,998992.9191207886
Y2024_LAT23.72696_LON90.35653,2024,90.35652519444098,23.726955118153832,0.6288001090006424,0.0019999891835564523,0.0,0.3691999018158011,0.0,0.0,1,1,0,0,0,0,0,0,0.9990062382659912,999006.2382659912
Y2024_LAT23.72712_LON90.36633,2024,90.36632593158285,23.72712243702517,1.0,0.0,0.0,0.0,0.0,0.0,1,1,0,0,0,0,0,0,0.9990195142593383,999019.5142593384
Y2024_LAT23.72729_LON90.37613,2024,90.37612675854025,23.72728913584262,1.0,0.0,0.0,0.0,0.0,0.0,1,1,0,0,0,0,0,0,0.9990327402114868,999032.7402114868
Y2024_LAT23.72746_LON90.38593,2024,90.38592767522476,23.727455214696075,0.9889000557852474,0.011099944214752565,0.0,0.0,0.0,0.0,1,1,0,0,0,0,0,0,0.9990459159698486,999045.9159698486
Y2024_LAT23.72762_LON90.39573,2024,90.39572868114443,23.727620673589268,0.9983000022153895,0.0016999977846105165,0.0,0.0,0.0,0.0,1,1,0,0,0,0,0,0,0.9990590447921753,999059.0447921753
Y2024_LAT23.72779_LON90.40553,2024,90.40552977606448,23.727785512503033,0.9909999597665319,0.008900040616260516,0.0,9.999961720768192e-05,0.0,0.0,1,1,0,0,0,0,0,0,0.9990721227111816,999072.1227111816
Y2024_LAT23.72795_LON90.41533,2024,90.41533095963892,23.727949731229227,0.9207997299247176,0.060900194137890454,0.0,0.01830007593739191,0.0,0.0,1,1,0,0,0,0,0,0,0.9990851513137817,999085.1513137817
Y2024_LAT23.72811_LON90.42513,2024,90.42513223150547,23.72811332992402,0.9956000277412146,0.00439997225878542,0.0,0.0,0.0,0.0,1,1,0,0,0,0,0,0,0.9990981324234008,999098.1324234009
Y2024_LAT23.72828_LON90.43493,2024,90.43493359134165,23.72827630857057,0.9975999902145007,0.0024000097854992315,0.0,0.0,0.0,0.0,1,1,0,0,0,0,0,0,0.9991110627975464,999111.0627975464
Y2024_LAT23.72844_LON90.44474,2024,90.44473503880128,23.728438667083,0.9992999998062772,0.0007000001937228735,0.0,0.0,0.0,0.0,1,1,0,0,0,0,0,0,0.9991239452972412,999123.9452972412
Y2024_LAT23.7286_LON90.45454,2024,90.45453657352789,23.728600405447963,0.4431989895360212,0.0980999780937403,0.3378005445024622,0.052300243202170034,0.0,0.068600244665606,1,1,0,0,0,0,0,1,0.9991367777023316,999136.7777023315
Y2024_LAT23.72876_LON90.46434,2024,90.46433819532483,23.728761523703355,0.3317003275953156,0.003500010654412354,0.07799991047462998,0.5682998377560298,0.0,0.018499913519612294,4,0,0,0,1,0,0,0,0.9991495594406128,999149.5594406128
Y2024_LAT23.72892_LON90.47414,2024,90.47413990361059,23.728922021642596,0.7078002488250221,0.005099970624857667,0.07150008091965013,0.21559969963047013,0.0,0.0,1,1,0,0,0,0,0,0,0.9991623015060425,999162.3015060425
Y2024_LAT23.72908_LON90.48394,2024,90.4839416982806,23.729081899506085,0.825399871782927,0.008999976947289653,0.1387001989922243,0.0268999522775592,0.0,0.0,1,1,0,0,0,0,0,0,0.9991749802246094,999174.9802246094
Y2024_LAT23.72924_LON90.49374,2024,90.49374357886872,23.729241157069886,0.7218988785624839,0.02966412696486772,0.07850390150435213,0.1699330929682962,0.0,0.0,1,1,0,0,0,0,0,0,0.9431329385147095,943132.9385147095
Y2024_LAT23.7294_LON90.50355,2024,90.5035455452018,23.729399794413194,0.42118632792563154,0.0228813393655354,0.00338982717700081,0.5525425055318323,0.0,0.0,4,0,0,0,1,0,0,0,0.11790500700378417,117905.00700378418
Y2024_LAT23.73104_LON90.08194,2024,90.0819414729446,23.73103942460765,0.0,0.0,1.0,0.0,0.0,0.0,3,0,0,1,0,0,0,0,0.0007988970947265626,798.8970947265625
Y2024_LAT23.73122_LON90.09174,2024,90.09174022812813,23.731224171396043,0.9292043038834449,0.0,0.07079569611655515,0.0,0.0,0.0,1,1,0,0,0,0,0,0,0.011284570083618163,11284.570083618164
Y2024_LAT23.73141_LON90.10154,2024,90.10153908266986,23.731408298646656,0.9671414045176714,0.03285859548232865,0.0,0.0,0.0,0.0,1,1,0,0,0,0,0,0,0.09117593395996093,91175.93395996094
Y2024_LAT23.73177_LON90.12114,2024,90.12113708814977,23.731774694321228,0.10048408084059086,0.02784496019385272,0.8716709589655565,0.0,0.0,0.0,3,0,0,1,0,0,0,0,0.16498160977172852,164981.60977172852
Y2024_LAT23.73196_LON90.13094,2024,90.13093623872265,23.731956962746025,0.5427180807057661,0.12020149946358563,0.20214485113495165,0.13493556869569673,0.0,0.0,1,1,0,0,0,0,0,0,0.7726852063598633,772685.2063598633
Y2024_LAT23.73214_LON90.14074,2024,90.14073548710536,23.732138611550607,0.14799926648018988,0.04119979985907742,0.8108009336607327,0.0,0.0,0.0,3,0,0,1,0,0,0,0,0.9987017736740113,998701.7736740112
Y2024_LAT23.73232_LON90.15053,2024,90.15053483332763,23.73231964059836,0.0672003102960731,0.0,0.9327996897039269,0.0,0.0,0.0,3,0,0,1,0,0,0,0,0.9987161286773681,998716.1286773682
Y2024_LAT23.7325_LON90.16033,2024,90.16033427670362,23.732500049998492,0.18046952878714964,0.010300782205681314,0.7840957873159474,0.025133901691221643,0.0,0.0,3,0,0,1,0,0,0,0,0.24239067287445068,242390.67287445068
Y2024_LAT23.73375_LON90.22893,2024,90.22893307815539,23.733745562088824,0.3415214033388936,0.11370882143214908,0.5447697752289573,0.0,0.0,0.0,3,0,0,1,0,0,0,0,0.2521049069747925,252104.90697479248
Y2024_LAT23.73392_LON90.23873,2024,90.23873328809033,23.733921012938882,0.788768834889485,0.013746833414120875,0.1766963080066106,0.020788023689783473,0.0,0.0,1,1,0,0,0,0,0,0,0.5958107975158692,595810.7975158691
Y2024_LAT23.7341_LON90.24853,2024,90.24853359265417,23.734095843945234,0.5308996554791784,0.16430017478019773,0.029500087562793823,0.2753000821778301,0.0,0.0,1,1,0,0,0,0,0,0,0.9988569768066407,998856.9768066406
Y2024_LAT23.73427_LON90.25833,2024,90.25833399097574,23.73427005493822,0.8229004976616083,0.030400021800948352,0.02109990016380921,0.12559958037363414,0.0,0.0,1,1,0,0,0,0,0,0,0.9988707928237915,998870.7928237915
Y2024_LAT23.73444_LON90.26813,2024,90.26813448312147,23.734443646002624,1.0,0.0,0.0,0.0,0.0,0.0,1,1,0,0,0,0,0,0,0.9988845583953857,998884.5583953857
Y2024_LAT23.73462_LON90.27794,2024,90.27793506845595,23.734616617136854,0.9191996624572164,0.014800022740956981,0.0,0.06600031480182672,0.0,0.0,1,1,0,0,0,0,0,0,0.9988982755203247,998898.2755203247
Y2024_LAT23.73479_LON90.28774,2024,90.28773574690774,23.73478896818103,0.8117995067906658,0.1140004854132433,0.03970020422260942,0.03449980357348151,0.0,0.0,1,1,0,0,0,0,0,0,0.9989119430770874,998911.9430770874
Y2024_LAT23.73496_LON90.29754,2024,90.29753651797753,23.734960699166475,0.451499661740519,0.11859986898304009,0.2975001241175028,0.09100046916451954,0.005899973087187953,0.03549990290723065,1,1,0,0,0,0,0,1,0.9989255610656739,998925.5610656738
Y2024_LAT23.73513_LON90.30734,2024,90.3073373813357,23.73513181012442,0.5913009463134864,0.01319997281754052,0.19849990994592634,0.19699917092304692,0.0,0.0,1,1,0,0,0,0,0,0,0.9989391304244996,998939.1304244995
Y2024_LAT23.7353_LON90.31714,2024,90.31713833677766,23.73530230101666,1.0,0.0,0.0,0.0,0.0,0.0,1,1,0,0,0,0,0,0,0.998952651298523,998952.651298523
Y2024_LAT23.73547_LON90.32694,2024,90.32693938381743,23.735472171768436,0.9937999610123114,0.0,0.0,0.0062000389876885635,0.0,0.0,1,1,0,0,0,0,0,0,0.9989661223983765,998966.1223983765
Y2024_LAT23.73564_LON90.33674,2024,90.3367405221601,23.73564142241116,0.9837000098455969,0.0,0.0,0.01629999015440309,0.0,0.0,1,1,0,0,0,0,0,0,0.9989795456237793,998979.5456237793
Y2024_LAT23.73581_LON90.34654,2024,90.34654175158667,23.735810052956612,0.8846994344508935,0.0,0.0,0.11530056554910646,0.0,0.0,1,1,0,0,0,0,0,0,0.998992919921875,998992.919921875
Y2024_LAT23.73598_LON90.35634,2024,90.35634307161267,23.735978063245454,0.6852012544194542,0.0,0.0,0.3147987455805457,0.0,0.0,1,1,0,0,0,0,0,0,0.9990062410888672,999006.2410888672
Y2024_LAT23.73615_LON90.36614,2024,90.36614448197618,23.73614545326336,1.0,0.0,0.0,0.0,0.0,0.0,1,1,0,0,0,0,0,0,0.9990195176010132,999019.5176010132
Y2024_LAT23.73631_LON90.37595,2024,90.37594598234861,23.736312223164685,0.9709999957110768,0.019900002827773332,0.0,0.009100001461149941,0.0,0.0,1,1,0,0,0,0,0,0,0.9990327425689697,999032.7425689697
Y2024_LAT23.73648_LON90.38575,2024,90.38574757239606,23.736478372819445,1.0,0.0,0.0,0.0,0.0,0.0,1,1,0,0,0,0,0,0,0.9990459190826416,999045.9190826416
Y2024_LAT23.73664_LON90.39555,2024,90.39554925172678,23.736643902159994,0.8276993260284293,0.1617006121635328,0.0,0.010600061808037879,0.0,0.0,1,1,0,0,0,0,0,0,0.9990590475692749,999059.0475692749
Y2024_LAT23.73681_LON90.40535,2024,90.40535102010895,23.73680881116065,0.7873009599900461,0.190099163978819,0.0,0.02259987603113486,0.0,0.0,1,1,0,0,0,0,0,0,0.9990721254501342,999072.1254501343
Y2024_LAT23.73697_LON90.41515,2024,90.41515287707173,23.736973099955147,1.0,0.0,0.0,0.0,0.0,0.0,1,1,0,0,0,0,0,0,0.9990851545181274,999085.1545181274
Y2024_LAT23.73714_LON90.42495,2024,90.42495482246659,23.737136768441125,1.0,0.0,0.0,0.0,0.0,0.0,1,1,0,0,0,0,0,0,0.9990981340866089,999098.1340866089
Y2024_LAT23.7373_LON90.43476,2024,90.43475685581235,23.737299816444626,1.0,0.0,0.0,0.0,0.0,0.0,1,1,0,0,0,0,0,0,0.9991110654144287,999111.0654144287
Y2024_LAT23.73746_LON90.44456,2024,90.4445589767254,23.73746224412976,0.9824000160472736,0.006699996900970084,0.0,0.010899987051756325,0.0,0.0,1,1,0,0,0,0,0,0,0.9991239471893311,999123.947189331
Y2024_LAT23.73762_LON90.45436,2024,90.45436118509025,23.737624051376592,0.9561999541509006,0.034099997948968036,0.007300034343287154,0.0024000135568441345,0.0,0.0,1,1,0,0,0,0,0,0,0.999136780456543,999136.780456543
Y2024_LAT23.73779_LON90.46416,2024,90.4641634804006,23.737785238187897,0.8537999942712221,0.01830006903313993,0.08609990208850753,0.03010000113251602,0.0,0.011700033474614437,1,1,0,0,0,0,0,0,0.9991495632247924,999149.5632247925
Y2024_LAT23.73795_LON90.47397,2024,90.47396586232873,23.737945804640315,0.4843004763405936,0.061399884536565315,0.11999982880190053,0.3342998103209406,0.0,0.0,1,1,0,0,0,0,0,1,0.9991623039550781,999162.3039550781
Y2024_LAT23.73811_LON90.48377,2024,90.48376833070704,23.738105750462978,0.6658993312418067,0.00020000098764038236,0.3025006047745769,0.030800060827167134,0.0006000021688089592,0.0,1,1,0,0,0,0,0,0,0.9991749822540283,999174.9822540283
Y2024_LAT23.73827_LON90.49357,2024,90.49357088492022,23.738265075925874,0.6920972470634045,0.00022773932148673548,0.1166019388101707,0.19107307480493813,0.0,0.0,1,1,0,0,0,0,0,0,0.4387417768936157,438741.7768936157
Y2024_LAT23.74098_LON90.13074,2024,90.13073853935036,23.740978183589952,0.7224706253930173,0.0,0.2605196016792701,0.017009772927712594,0.0,0.0,1,1,0,0,0,0,0,0,0.11155396456909179,111553.9645690918
Y2024_LAT23.74116_LON90.14054,2024,90.14053846080701,23.741159909708305,0.2737509990510654,0.1215395999206051,0.6047094010283295,0.0,0.0,0.0,3,0,0,1,0,0,0,0,0.8693700593032837,869370.0593032837
Y2024_LAT23.74134_LON90.15034,2024,90.15033847991525,23.74134101587991,0.16785044773839508,0.05955640066000157,0.7725931516016034,0.0,0.0,0.0,3,0,0,1,0,0,0,0,0.9139249920578003,913924.9920578003
Y2024_LAT23.74152_LON90.16014,2024,90.16013859644116,23.741521502119166,0.43842373245975785,0.06896556514506696,0.4926107023951752,0.0,0.0,0.0,3,0,0,1,0,0,0,1,0.22301533613586424,223015.33613586426
Y2024_LAT23.74259_LON90.21894,2024,90.2189413212678,23.742591398802176,1.0,0.0,0.0,0.0,0.0,0.0,1,1,0,0,0,0,0,0,0.23871803524017335,238718.03524017334
Y2024_LAT23.74277_LON90.22874,2024,90.22874211003742,23.742767544535354,0.8484539160352375,0.00020005943481372736,0.15134602452994886,0.0,0.0,0.0,1,1,0,0,0,0,0,0,0.998529556854248,998529.556854248
Y2024_LAT23.74294_LON90.23854,2024,90.23854299330937,23.74294307013684,0.9105004012206277,0.005999991562596082,0.08339960677753057,0.00010000043924564393,0.0,0.0,1,1,0,0,0,0,0,0,0.9988431162872314,998843.1162872314
Y2024_LAT23.74312_LON90.24834,2024,90.24834397110874,23.743117975584173,0.7997992103158157,0.050900252029443496,0.10590051273824355,0.04340002491649732,0.0,0.0,1,1,0,0,0,0,0,0,0.9988569802627564,998856.9802627563
Y2024_LAT23.74329_LON90.25815,2024,90.25814504283447,23.743292260791677,0.3120002468097656,0.08230005076344567,0.5856995967761766,0.020000105650612197,0.0,0.0,3,0,0,1,0,0,0,0,0.9988707953643798,998870.7953643799
Y2024_LAT23.74347_LON90.26795,2024,90.2679462082662,23.743465925791845,0.766200389428693,0.15169970178235384,0.007099953900383738,0.07499995488856943,0.0,0.0,1,1,0,0,0,0,0,0,0.9988845595550537,998884.5595550537
Y2024_LAT23.74364_LON90.27775,2024,90.27774746711835,23.743638970502946,0.8817003053921219,0.0668997781776083,0.0,0.05139991643026983,0.0,0.0,1,1,0,0,0,0,0,0,0.9988982785568238,998898.2785568237
Y2024_LAT23.74381_LON90.28755,2024,90.28754881893784,23.74381139494124,0.925300049670833,0.003999989238137919,0.025300155574483642,0.04539980551654538,0.0,0.0,1,1,0,0,0,0,0,0,0.998911945426941,998911.9454269409
Y2024_LAT23.74398_LON90.29735,2024,90.29735026348379,23.743983199142846,0.5212991791097469,0.00030000108850626063,0.47840081980174687,0.0,0.0,0.0,1,1,0,0,0,0,0,0,0.9989255645904541,998925.5645904541
Y2024_LAT23.74415_LON90.30715,2024,90.30715180029921,23.744154383018248,0.8133008427251359,0.0013999945212523003,0.14359929331191099,0.04169986944170075,0.0,0.0,1,1,0,0,0,0,0,0,0.9989391345901489,998939.1345901489
Y2024_LAT23.74432_LON90.31695,2024,90.31695342923865,23.744324946490167,1.0,0.0,0.0,0.0,0.0,0.0,1,1,0,0,0,0,0,0,0.9989526544647217,998952.6544647217
Y2024_LAT23.74449_LON90.32676,2024,90.32675514983146,23.74449488957652,0.9885999350066178,0.0,0.0,0.011400064993382144,0.0,0.0,1,1,0,0,0,0,0,0,0.9989661253509522,998966.1253509521
Y2024_LAT23.74466_LON90.33656,2024,90.33655696174202,23.744664212253483,0.6757992498902077,0.10220030737699934,0.0,0.22080043924979537,0.0,0.0012000034829975875,1,1,0,0,0,0,0,0,0.998979549041748,998979.549041748
Y2024_LAT23.74483_LON90.34636,2024,90.34635886481725,23.744832914502528,0.6955005750725524,0.017899895967618755,0.0,0.28659952895982893,0.0,0.0,1,1,0,0,0,0,0,0,0.998992919921875,998992.919921875
Y2024_LAT23.745_LON90.35616,2024,90.35616085839337,23.745000996363345,0.8241000512711628,0.17239997068282878,0.0,0.0034999780460084184,0.0,0.0,1,1,0,0,0,0,0,0,0.9990062445373535,999006.2445373535
Y2024_LAT23.74517_LON90.36596,2024,90.36596294242004,23.745168457777467,1.0,0.0,0.0,0.0,0.0,0.0,1,1,0,0,0,0,0,0,0.9990195198440551,999019.5198440552
Y2024_LAT23.74534_LON90.37577,2024,90.37576511650848,23.745335298684513,0.9356997989568744,0.013100041013617005,0.0,0.05120016002950857,0.0,0.0,1,1,0,0,0,0,0,0,0.9990327450485229,999032.745048523
Y2024_LAT23.7455_LON90.38557,2024,90.38556738022702,23.74550151904065,1.0,0.0,0.0,0.0,0.0,0.0,1,1,0,0,0,0,0,0,0.9990459216461182,999045.9216461182
Y2024_LAT23.74567_LON90.39537,2024,90.39536973336072,23.74566711889939,0.9689999243379626,0.01380006500326843,0.0,0.017200010658768996,0.0,0.0,1,1,0,0,0,0,0,0,0.999059049583435,999059.0495834351
Y2024_LAT23.74583_LON90.40517,2024,90.40517217541326,23.745832098274406,0.9974000157077221,0.002599984292277959,0.0,0.0,0.0,0.0,1,1,0,0,0,0,0,0,0.9990721275100708,999072.1275100708
Y2024_LAT23.746_LON90.41497,2024,90.41497470621646,23.74599645692936,0.9995999996096404,0.0,0.0,0.0004000003903595591,0.0,0.0,1,1,0,0,0,0,0,0,0.999085157043457,999085.157043457
Y2024_LAT23.74616_LON90.42478,2024,90.42477732538151,23.74616019500123,1.0,0.0,0.0,0.0,0.0,0.0,1,1,0,0,0,0,0,0,0.99909813697052,999098.13697052
Y2024_LAT23.74632_LON90.43458,2024,90.43458003260486,23.746323312483675,1.0,0.0,0.0,0.0,0.0,0.0,1,1,0,0,0,0,0,0,0.9991110685424804,999111.0685424805
Y2024_LAT23.74649_LON90.44438,2024,90.44438282740863,23.746485809308016,1.0,0.0,0.0,0.0,0.0,0.0,1,1,0,0,0,0,0,0,0.9991239499893189,999123.9499893188
Y2024_LAT23.74665_LON90.45419,2024,90.45418570958167,23.746647685483648,0.9904999857311674,0.0,0.0,0.009500014268832598,0.0,0.0,1,1,0,0,0,0,0,0,0.9991367832946777,999136.7832946777
Y2024_LAT23.74681_LON90.46399,2024,90.46398867887227,23.746808940955614,0.9151996453090157,0.003900016259077967,0.062300251678555386,0.01860008675335102,0.0,0.0,1,1,0,0,0,0,0,0,0.9991495664596558,999149.5664596558
Y2024_LAT23.74697_LON90.47379,2024,90.47379173477945,23.74696957574721,0.42249987540811557,0.0,0.3921004091625019,0.18539971542938255,0.0,0.0,1,1,0,0,0,0,0,1,0.99916230544281,999162.3054428101
Y2024_LAT23.74713_LON90.48359,2024,90.48359487702918,23.747129589822944,0.7017465567892189,0.00032751307804268167,0.22805664632604092,0.06986928380669749,0.0,0.0,1,1,0,0,0,0,0,0,0.9152438592300415,915243.8592300415
Y2024_LAT23.74729_LON90.4934,2024,90.49339810537167,23.747288983116697,0.4816993772085073,0.007843117348264228,0.09346385388123618,0.41699365156199225,0.0,0.0,1,1,0,0,0,0,0,1,0.15287518077850343,152875.18077850342
Y2024_LAT23.75018_LON90.14034,2024,90.14034133676869,23.750181195814122,0.7666666603006164,0.23333333969938364,0.0,0.0,0.0,0.0,1,1,0,0,0,0,0,0,0.002996125602722168,2996.125602722168
Y2024_LAT23.75036_LON90.15014,2024,90.15014202923152,23.75036237916473,1.0,0.0,0.0,0.0,0.0,0.0,1,1,0,0,0,0,0,0,0.011085689514160156,11085.689514160156
Y2024_LAT23.75161_LON90.21875,2024,90.21874958492761,23.75161329427381,1.0,0.0,0.0,0.0,0.0,0.0,1,1,0,0,0,0,0,0,0.1209571446685791,120957.1446685791
Y2024_LAT23.75179_LON90.22855,2024,90.22855104719278,23.751789515078023,0.9736983217880132,0.0,0.026301678211986843,0.0,0.0,0.0,1,1,0,0,0,0,0,0,0.9304097875213623,930409.7875213623
Y2024_LAT23.75197_LON90.23835,2024,90.23835260418335,23.751965115434924,0.9805000036428977,0.0,0.009899936065929272,0.009600060291173012,0.0,0.0,1,1,0,0,0,0,0,0,0.9988431196670532,998843.1196670532
Y2024_LAT23.75214_LON90.24815,2024,90.24815425554752,23.75214009529253,0.7057997815521033,0.04159996054495349,0.04880020592664346,0.20380005197629975,0.0,0.0,1,1,0,0,0,0,0,0,0.9988569832839966,998856.9832839966
Y2024_LAT23.75231_LON90.25796,2024,90.25795600099448,23.752314454715368,0.7330003906167518,0.00049999775703832,0.06109978219770282,0.20539982942850707,0.0,0.0,1,1,0,0,0,0,0,0,0.9988707986068726,998870.7986068726
Y2024_LAT23.75249_LON90.26776,2024,90.26775784009696,23.75248819362814,0.992200042756049,0.0,0.0,0.007799957243951033,0.0,0.0,1,1,0,0,0,0,0,0,0.9988845618515014,998884.5618515015
Y2024_LAT23.75266_LON90.27756,2024,90.27755977270999,23.75266131205392,0.8896999614256591,0.04329997408241336,0.0,0.06700006449192754,0.0,0.0,1,1,0,0,0,0,0,0,0.9988982809524536,998898.2809524536
Y2024_LAT23.75283_LON90.28736,2024,90.2873617982778,23.752833809943315,1.0,0.0,0.0,0.0,0.0,0.0,1,1,0,0,0,0,0,0,0.998911948890686,998911.948890686
Y2024_LAT23.75301_LON90.29716,2024,90.29716391660341,23.753005687179723,0.9971999864330582,0.002300010504351857,0.0005000030625900143,0.0,0.0,0.0,1,1,0,0,0,0,0,0,0.9989255678024292,998925.5678024292
Y2024_LAT23.75318_LON90.30697,2024,90.30696612725615,23.753176943869807,0.9599001298467104,0.03979987164381363,0.00029999850947603937,0.0,0.0,0.0,1,1,0,0,0,0,0,0,0.9989391367263794,998939.1367263794
Y2024_LAT23.75335_LON90.31677,2024,90.31676843000305,23.753347579903046,0.9996999980355302,0.0,0.0,0.0003000019644697363,0.0,0.0,1,1,0,0,0,0,0,0,0.9989526566238404,998952.6566238403
Y2024_LAT23.75352_LON90.32657,2024,90.32657082453379,23.75351759537657,0.563198682091712,0.02840007359164524,0.0,0.4041012225496721,0.004300021766970658,0.0,1,1,0,0,0,0,0,0,0.9989661281661988,998966.1281661987
Y2024_LAT23.75369_LON90.33637,2024,90.33637331035054,23.75368699022577,0.7856007030623119,0.013699927510137332,0.0,0.20069936942755082,0.0,0.0,1,1,0,0,0,0,0,0,0.9989795516052246,998979.5516052246
Y2024_LAT23.75386_LON90.34618,2024,90.34617588725393,23.75385576431773,0.9997999987016954,0.0,0.0,0.00020000129830456697,0.0,0.0,1,1,0,0,0,0,0,0,0.998992919921875,998992.919921875
Y2024_LAT23.75402_LON90.35598,2024,90.35597855490903,23.75402391774723,0.8787000178973816,0.11489997749051568,0.0,0.006400004612102821,0.0,0.0,1,1,0,0,0,0,0,0,0.9990062476196289,999006.2476196289
Y2024_LAT23.75419_LON90.36578,2024,90.36578131285476,23.7541914503989,1.0,0.0,0.0,0.0,0.0,0.0,1,1,0,0,0,0,0,0,0.999019522819519,999019.522819519
Y2024_LAT23.75436_LON90.37558,2024,90.3755841609681,23.754358362311134,0.9699999420525623,0.012000028242161025,0.0,0.018000029705276664,0.0,0.0,1,1,0,0,0,0,0,0,0.9990327484283448,999032.7484283447
Y2024_LAT23.75452_LON90.38539,2024,90.38538709874507,23.75452465347563,0.9990000057919639,0.0009999942080360419,0.0,0.0,0.0,0.0,1,1,0,0,0,0,0,0,0.9990459246826172,999045.9246826172
Y2024_LAT23.75469_LON90.39519,2024,90.39519012585518,23.754690323823056,0.9969999938597542,0.0,0.0,0.0030000061402457342,0.0,0.0,1,1,0,0,0,0,0,0,0.9990590513687134,999059.0513687134
Y2024_LAT23.75486_LON90.40499,2024,90.40499324208925,23.754855373354022,0.8493000836807936,0.0,0.0,0.15069991631920637,0.0,0.0,1,1,0,0,0,0,0,0,0.9990721291885376,999072.1291885376
Y2024_LAT23.75502_LON90.4148,2024,90.4147964469972,23.755019802046764,0.998200011257001,0.0,0.0,0.0017999887429990678,0.0,0.0,1,1,0,0,0,0,0,0,0.9990851598434448,999085.1598434448
Y2024_LAT23.75518_LON90.4246,2024,90.42459974029687,23.755183609872024,0.9752999898245115,0.004399974867910544,0.0,0.020300035307577968,0.0,0.0,1,1,0,0,0,0,0,0,0.9990981399230957,999098.1399230957
Y2024_LAT23.75535_LON90.4344,2024,90.43440312163821,23.755346796793834,1.0,0.0,0.0,0.0,0.0,0.0,1,1,0,0,0,0,0,0,0.9991110707931519,999111.0707931519
Y2024_LAT23.75551_LON90.44421,2024,90.4442065907246,23.75550936288066,1.0,0.0,0.0,0.0,0.0,0.0,1,1,0,0,0,0,0,0,0.9991239521331787,999123.9521331787
Y2024_LAT23.75567_LON90.45401,2024,90.45401014712743,23.755671308011888,0.98459992379519,0.0,0.0,0.015400076204809977,0.0,0.0,1,1,0,0,0,0,0,0,0.9991367861785889,999136.7861785889
Y2024_LAT23.75583_LON90.46381,2024,90.46381379066433,23.755832632118793,0.9383001581476894,0.007899991648573962,0.003800016020105921,0.049999834183630694,0.0,0.0,1,1,0,0,0,0,0,0,0.9991495694580078,999149.5694580078
Y2024_LAT23.75599_LON90.47362,2024,90.47361752085176,23.75599333524601,0.6310990317674233,0.0,0.3535009404549435,0.015400027777633185,0.0,0.0,1,1,0,0,0,0,0,0,0.9991623054504395,999162.3054504395
Y2024_LAT23.75615_LON90.48342,2024,90.48342133738953,23.75615341741678,0.5298531347400437,0.00285443737819753,0.3231435977288336,0.14414883015292518,0.0,0.0,1,1,0,0,0,0,0,0,0.8401056873550415,840105.6873550415
Y2024_LAT23.75631_LON90.49323,2024,90.49322524005832,23.75631287857084,0.0,0.0,0.0,1.0,0.0,0.0,4,0,0,0,1,0,0,0,0.013189197273254395,13189.197273254395
Y2024_LAT23.76081_LON90.22836,2024,90.22835988964839,23.76081147358909,0.4569768050108292,0.0,0.5430231949891708,0.0,0.0,0.0,3,0,0,1,0,0,0,0,0.6349572957382202,634957.2957382202
Y2024_LAT23.76099_LON90.23816,2024,90.23816212063127,23.760987148633337,0.5478990304654343,0.005200030269087439,0.16340030714304649,0.28350063212243176,0.0,0.0,1,1,0,0,0,0,0,0,0.9988431228637695,998843.1228637695
Y2024_LAT23.76116_LON90.24796,2024,90.24796444596949,23.76116220300642,0.36139930130545966,0.005399984711235669,0.6252007634719998,0.007999950511304832,0.0,0.0,3,0,0,1,0,0,0,0,0.9988569862060547,998856.9862060547
Y2024_LAT23.76134_LON90.25777,2024,90.2577668653888,23.761336636649737,0.13660033780335545,0.01850004554038438,0.7835993336207132,0.061300283035547076,0.0,0.0,3,0,0,1,0,0,0,0,0.9988708020477295,998870.8020477295
Y2024_LAT23.76151_LON90.26757,2024,90.267569378636,23.761510449573084,0.6780005962798397,0.028900082798851274,0.015099902531557059,0.2779994183897521,0.0,0.0,1,1,0,0,0,0,0,0,0.9988845694503784,998884.5694503784
Y2024_LAT23.76168_LON90.27737,2024,90.27737198516861,23.761683641645057,0.9679001423154484,0.006199962941891886,0.0,0.02589989474265974,0.0,0.0,1,1,0,0,0,0,0,0,0.9988982833480835,998898.2833480835
Y2024_LAT23.76186_LON90.28717,2024,90.28717468493964,23.761856212867453,1.0,0.0,0.0,0.0,0.0,0.0,1,1,0,0,0,0,0,0,0.9989119513473511,998911.9513473511
Y2024_LAT23.76203_LON90.29698,2024,90.29697747732845,23.762028163307043,1.0,0.0,0.0,0.0,0.0,0.0,1,1,0,0,0,0,0,0,0.9989255701065064,998925.5701065063
Y2024_LAT23.7622_LON90.30678,2024,90.3067803621389,23.762199492922328,1.0,0.0,0.0,0.0,0.0,0.0,1,1,0,0,0,0,0,0,0.9989391392822266,998939.1392822266
Y2024_LAT23.76237_LON90.31658,2024,90.31658333907187,23.7623702016381,0.6909987041975272,0.007600019615142102,0.007700043540714519,0.2894012074921536,0.0,0.004300025154462633,1,1,0,0,0,0,0,0,0.9989526605072021,998952.6605072021
Y2024_LAT23.76254_LON90.32639,2024,90.32638640785501,23.762540289467555,0.12949985625067786,0.2689008399357868,0.015199946515242112,0.4837995492880773,0.0023000086901589526,0.100299799320057,4,0,0,0,1,0,0,1,0.9989661312637329,998966.1312637329
Y2024_LAT23.76271_LON90.33619,2024,90.33618956783583,23.76270975638854,0.32710100291575556,0.4387987596404689,0.0,0.2223002607245515,0.01179997671922418,0.0,2,0,1,0,0,0,0,1,0.9989795538330078,998979.5538330078
Y2024_LAT23.76288_LON90.34599,2024,90.34599281907555,23.762878602320644,0.9798000429332259,0.008000028129952633,0.0,0.01219992893682149,0.0,0.0,1,1,0,0,0,0,0,0,0.9989929205551148,998992.9205551147
Y2024_LAT23.76305_LON90.3558,2024,90.35579616091748,23.763046827248367,1.0,0.0,0.0,0.0,0.0,0.0,1,1,0,0,0,0,0,0,0.9990062505493164,999006.2505493164
Y2024_LAT23.76321_LON90.3656,2024,90.36559959324714,23.763214431236197,0.9828999556307608,0.01710004436923916,0.0,0.0,0.0,0.0,1,1,0,0,0,0,0,0,0.9990195251541137,999019.5251541138
Y2024_LAT23.76338_LON90.3754,2024,90.37540311574566,23.76338141425583,0.5048990821601713,0.392200582928918,0.00019999986152835584,0.10270033504938232,0.0,0.0,1,1,0,0,0,0,0,0,0.9990327504043579,999032.7504043579
Y2024_LAT23.76355_LON90.38521,2024,90.38520672780353,23.763547776116702,0.743501013561792,0.22959913894470135,0.0,0.026899847493506768,0.0,0.0,1,1,0,0,0,0,0,0,0.9990459269866944,999045.9269866943
Y2024_LAT23.76371_LON90.39501,2024,90.39501042940941,23.763713516978676,0.9835000959596469,0.016499904040353012,0.0,0.0,0.0,0.0,1,1,0,0,0,0,0,0,0.9990590551147461,999059.0551147461
Y2024_LAT23.76388_LON90.40481,2024,90.40481422003747,23.76387863676891,0.9178995984526571,0.0,0.0,0.08210040154734284,0.0,0.0,1,1,0,0,0,0,0,0,0.9990721333160401,999072.13331604
Y2024_LAT23.76404_LON90.41462,2024,90.41461809937496,23.764043135474466,0.8177007222776198,0.0,0.0,0.18229927772238022,0.0,0.0,1,1,0,0,0,0,0,0,0.999085162765503,999085.1627655029
Y2024_LAT23.76421_LON90.42442,2024,90.42442206719913,23.76420701298965,0.9872000554037139,0.0,0.0,0.012799944596286125,0.0,0.0,1,1,0,0,0,0,0,0,0.9990981413879394,999098.1413879395
Y2024_LAT23.76437_LON90.43423,2024,90.43422612299067,23.764370269393154,1.0,0.0,0.0,0.0,0.0,0.0,1,1,0,0,0,0,0,0,0.9991110741882324,999111.0741882324
Y2024_LAT23.76453_LON90.44403,2024,90.44403026665844,23.764532904578363,0.9957999964946526,0.0,0.0,0.004200003505347455,0.0,0.0,1,1,0,0,0,0,0,0,0.9991239546813965,999123.9546813965
Y2024_LAT23.76469_LON90.45383,2024,90.45383449765932,23.7646949185797,0.9838999140222712,0.0,0.0,0.016100085977728797,0.0,0.0,1,1,0,0,0,0,0,0,0.9991367882461548,999136.7882461548
Y2024_LAT23.76486_LON90.46364,2024,90.46363881566843,23.764856311400155,0.7927994247034948,0.01509995871856973,0.11860048797223154,0.07350012860570394,0.0,0.0,1,1,0,0,0,0,0,0,0.999149572227478,999149.572227478
Y2024_LAT23.76502_LON90.47344,2024,90.47344322051242,23.765017082957712,0.2353999253129539,0.0,0.7071999323374235,0.05740014234962271,0.0,0.0,3,0,0,1,0,0,0,0,0.9991623054504395,999162.3054504395
Y2024_LAT23.76518_LON90.48325,2024,90.48324771171083,23.76517723326555,0.403368306006255,0.0,0.39434586349477885,0.20228583049896615,0.0,0.0,1,1,0,0,0,0,0,1,0.49838690830993654,498386.9083099365
Y2024_LAT23.76983_LON90.22817,2024,90.2281686374244,23.769833420109688,0.8351911864767566,0.015923576380952674,0.1488852371422907,0.0,0.0,0.0,1,1,0,0,0,0,0,0,0.1254535876083374,125453.5876083374
Y2024_LAT23.77001_LON90.23797,2024,90.23797154261824,23.770009169929704,0.7144650425869229,0.0,0.025587459398775127,0.259947498014302,0.0,0.0,1,1,0,0,0,0,0,0,0.9563925403823853,956392.5403823853
Y2024_LAT23.77018_LON90.24777,2024,90.24777454231302,23.77018429874446,0.7277990538015904,0.0005000010339271514,0.2717009451644825,0.0,0.0,0.0,1,1,0,0,0,0,0,0,0.998856989074707,998856.989074707
Y2024_LAT23.77036_LON90.25758,2024,90.25757763609005,23.77035880664566,0.6098008262644483,0.00019999993254254077,0.30219901918016917,0.08780015462284,0.0,0.0,1,1,0,0,0,0,0,0,0.9988708050460815,998870.8050460815
Y2024_LAT23.77053_LON90.26738,2024,90.26738082364982,23.77053269344452,0.8486993716986723,0.03500007426760121,0.0004000022039567683,0.11590055182976973,0.0,0.0,1,1,0,0,0,0,0,0,0.9988845719375611,998884.571937561
Y2024_LAT23.77071_LON90.27718,2024,90.2771841046344,23.77070595921358,0.8260000649647458,0.007399979319884603,0.12330019139265219,0.043299764322717496,0.0,0.0,1,1,0,0,0,0,0,0,0.9988982871780395,998898.2871780396
Y2024_LAT23.77088_LON90.28699,2024,90.28698747876511,23.770878603944194,0.7195998558530737,0.01459993258328819,0.2658002115636381,0.0,0.0,0.0,1,1,0,0,0,0,0,0,0.9989119547119141,998911.9547119141
Y2024_LAT23.77105_LON90.29679,2024,90.29679094568877,23.77105062758184,0.8700997013863241,0.008700050383298795,0.12120024823037713,0.0,0.0,0.0,1,1,0,0,0,0,0,0,0.998925573638916,998925.573638916
Y2024_LAT23.77122_LON90.30659,2024,90.30659450499972,23.77122203003455,0.9815001038795228,0.01799989947091345,0.0004999966495638002,0.0,0.0,0.0,1,1,0,0,0,0,0,0,0.9989391431045532,998939.1431045532
Y2024_LAT23.77139_LON90.3164,2024,90.31639815641589,23.771392811436197,0.601799245969906,0.013700069663768808,0.039400116668827055,0.3451005676974982,0.0,0.0,1,1,0,0,0,0,0,0,0.9989526626663208,998952.6626663208
Y2024_LAT23.77156_LON90.3262,2024,90.32620189964746,23.771562971590182,0.17029948647762247,0.14280021421143171,0.00899996123222767,0.3989998207033337,0.0,0.27890051737538446,4,0,0,0,1,0,0,1,0.9989661340637207,998966.1340637207
Y2024_LAT23.77173_LON90.33601,2024,90.3360057342898,23.77173251053388,0.19180044797288442,0.40079991271235604,0.0,0.28520005312112606,0.005500025393634339,0.11669956079999909,2,0,1,0,0,0,0,1,0.9989795559997559,998979.5559997559
Y2024_LAT23.7719_LON90.34581,2024,90.34580966012521,23.771901428354806,0.8292007661685975,0.003399999697414086,0.0,0.1673992341339884,0.0,0.0,1,1,0,0,0,0,0,0,0.9989929302902222,998992.9302902222
Y2024_LAT23.77207_LON90.35561,2024,90.35561367660894,23.77206972490677,1.0,0.0,0.0,0.0,0.0,0.0,1,1,0,0,0,0,0,0,0.9990062533035279,999006.2533035278
Y2024_LAT23.77224_LON90.36542,2024,90.36541778357672,23.77223740023536,1.0,0.0,0.0,0.0,0.0,0.0,1,1,0,0,0,0,0,0,0.9990195277862549,999019.5277862549
Y2024_LAT23.7724_LON90.37522,2024,90.37522198066777,23.77240445418439,0.985499940475006,0.0142000588326518,0.0,0.00030000069234218106,0.0,0.0,1,1,0,0,0,0,0,0,0.9990327540359497,999032.7540359497
Y2024_LAT23.77257_LON90.38503,2024,90.3850262675189,23.77257088690493,0.7986000517884647,0.20139994821153528,0.0,0.0,0.0,0.0,1,1,0,0,0,0,0,0,0.999045929725647,999045.929725647
Y2024_LAT23.77274_LON90.39483,2024,90.39483064385604,23.772736698317658,0.987500073029952,0.01249992697004803,0.0,0.0,0.0,0.0,1,1,0,0,0,0,0,0,0.9990590583343506,999059.0583343506
Y2024_LAT23.7729_LON90.40464,2024,90.40463510921352,23.772901888335102,0.9986999919361557,0.0,0.0,0.001300008063844297,0.0,0.0,1,1,0,0,0,0,0,0,0.9990721367263794,999072.1367263794
Y2024_LAT23.77307_LON90.41444,2024,90.41443966335169,23.773066456979556,0.6807991943796647,0.0026000118457184754,0.0,0.3166007937746168,0.0,0.0,1,1,0,0,0,0,0,0,0.9990851645202636,999085.1645202637
Y2024_LAT23.77323_LON90.42424,2024,90.42424430601035,23.773230404240934,0.8903005080537412,0.0,0.0,0.10969949194625889,0.0,0.0,1,1,0,0,0,0,0,0,0.9990981454467773,999098.1454467773
Y2024_LAT23.77339_LON90.43405,2024,90.43404903668139,23.773393730135094,0.9856999164108434,0.0010000062854105586,0.0,0.013200076667568793,0.00010000063617723838,0.0,1,1,0,0,0,0,0,0,0.9991110755233764,999111.0755233765
Y2024_LAT23.77356_LON90.44385,2024,90.44385385510363,23.773556434526544,0.3097003516205344,0.02659990840743198,0.0009999948422833823,0.5023001931202924,0.16039955200945805,0.0,4,0,0,0,1,0,0,0,0.9991239581298829,999123.9581298828
Y2024_LAT23.77372_LON90.45366,2024,90.4536587610521,23.773718517509927,0.8300000075642077,0.10870012225056266,0.004600027642666349,0.03189982722495864,0.024600014229293362,0.000200001088311267,1,1,0,0,0,0,0,0,0.9991367903137207,999136.7903137207
Y2024_LAT23.77388_LON90.46346,2024,90.46346375401616,23.77387997896651,0.2246995444871971,0.13419943642557602,0.1451000498346055,0.47850101537329126,0.016899953885828368,0.0005999999935018592,4,0,0,0,1,0,0,1,0.9991495749282837,999149.5749282837
Y2024_LAT23.77404_LON90.47327,2024,90.47326883383865,23.774040818918376,0.11620023512478868,0.0,0.8195997883257945,0.06419997654941685,0.0,0.0,3,0,0,1,0,0,0,0,0.9991623054504395,999162.3054504395
Y2024_LAT23.7742_LON90.48307,2024,90.48307399996906,23.77420103739619,0.247378687321998,0.0,0.4407092812714992,0.31191203140650275,0.0,0.0,3,0,0,1,0,0,0,1,0.3715918806991577,371591.8806991577
Y2024_LAT23.77903_LON90.23778,2024,90.23778087022127,23.779031179344283,0.6736600504149105,0.0,0.004495026047511111,0.32184492353757843,0.0,0.0,1,1,0,0,0,0,0,0,0.33331506922912596,333315.069229126
Y2024_LAT23.77921_LON90.24758,2024,90.24758454448153,23.779206382691346,0.9991999989535341,0.0,0.0008000010464658936,0.0,0.0,0.0,1,1,0,0,0,0,0,0,0.9988569926681519,998856.9926681519
Y2024_LAT23.77938_LON90.25739,2024,90.25738831300704,23.779380964678936,0.9034003072698015,0.0,0.09659969273019851,0.0,0.0,0.0,1,1,0,0,0,0,0,0,0.9988708076705932,998870.8076705933
Y2024_LAT23.77955_LON90.26719,2024,90.26719217523798,23.779554925447666,0.8059990871038936,0.0,0.1933009130732251,0.0006999998228813557,0.0,0.0,1,1,0,0,0,0,0,0,0.9988845736846924,998884.5736846924
Y2024_LAT23.77973_LON90.277,2024,90.27699613105844,23.779728264952244,0.06979980077850469,0.010800001758119798,0.7432000397039717,0.17620015775940379,0.0,0.0,3,0,0,1,0,0,0,0,0.9988982905731201,998898.2905731201
Y2024_LAT23.7799_LON90.2868,2024,90.28680017983285,23.779900983071705,0.032500000076262484,0.006299964325880774,0.8715003560008008,0.08969967959705594,0.0,0.0,3,0,0,1,0,0,0,0,0.9989119572601318,998911.9572601318
Y2024_LAT23.78007_LON90.2966,2024,90.29660432153942,23.780073079838317,0.3591011971664178,0.004300026965354514,0.6348987701575594,0.0017000057106683016,0.0,0.0,3,0,0,1,0,0,0,0,0.998925576133728,998925.576133728
Y2024_LAT23.78024_LON90.30641,2024,90.30640855571293,23.780244555240934,0.8053006252943525,0.014199918668699754,0.16889939422474312,0.011600061812204644,0.0,0.0,1,1,0,0,0,0,0,0,0.9989391450195313,998939.1450195312
Y2024_LAT23.78042_LON90.31621,2024,90.31621288197893,23.780415409229505,0.3960994500117268,0.01080003089939994,0.06170014850864247,0.5269003550043894,0.0,0.004500015575841451,4,0,0,0,1,0,0,0,0.9989526665267945,998952.6665267944
Y2024_LAT23.78059_LON90.32602,2024,90.32601730005294,23.78058564180539,0.45920131771064804,0.05180018304126448,0.03769980264088948,0.4395987514807565,0.0,0.011699945126441619,1,1,0,0,0,0,0,1,0.9989661368026733,998966.1368026733
Y2024_LAT23.78076_LON90.33582,2024,90.33582180973559,23.780755252929673,0.8433000227000004,0.005899962432450787,0.0,0.1508000148675488,0.0,0.0,1,1,0,0,0,0,0,0,0.9989795581741333,998979.5581741333
Y2024_LAT23.78092_LON90.34563,2024,90.34562641031255,23.780924242562243,0.8202004622775745,0.05379988000164702,0.0007999990397617388,0.1251996586810168,0.0,0.0,1,1,0,0,0,0,0,0,0.9989929364547729,998992.936454773
Y2024_LAT23.78109_LON90.35543,2024,90.35543110183411,23.781092610670694,0.9871999617407031,0.005100015324783211,0.0,0.007700022934513613,0.0,0.0,1,1,0,0,0,0,0,0,0.9990062554244995,999006.2554244995
Y2024_LAT23.78126_LON90.36524,2024,90.36523588379731,23.781260357304063,1.0,0.0,0.0,0.0,0.0,0.0,1,1,0,0,0,0,0,0,0.9990195310516358,999019.5310516357
Y2024_LAT23.78143_LON90.37504,2024,90.37504075589361,23.781427482373413,0.9593997666668516,0.001400008950270863,0.0,0.03920022438287766,0.0,0.0,1,1,0,0,0,0,0,0,0.9990327562866211,999032.7562866211
Y2024_LAT23.78159_LON90.38485,2024,90.38484571779861,23.781593985928232,0.8001005500682227,0.16179960170979912,0.0,0.03809984822197817,0.0,0.0,1,1,0,0,0,0,0,0,0.9990459323730468,999045.9323730469
Y2024_LAT23.78176_LON90.39465,2024,90.39465076917666,23.781759867822373,0.9986999964712471,0.00130000352875293,0.0,0.0,0.0,0.0,1,1,0,0,0,0,0,0,0.9990590604019165,999059.0604019165
Y2024_LAT23.78193_LON90.40446,2024,90.40445590963886,23.781925128090453,0.9916000243238998,0.0,0.0,0.008399975676100228,0.0,0.0,1,1,0,0,0,0,0,0,0.999072138671875,999072.138671875
Y2024_LAT23.78209_LON90.41426,2024,90.41426113889632,23.782089766771552,0.8993000594567474,0.0,0.0,0.10069994054325263,0.0,0.0,1,1,0,0,0,0,0,0,0.9990851678619385,999085.1678619385
Y2024_LAT23.78225_LON90.42407,2024,90.42406645664691,23.782253783813083,0.8378008245608053,0.0,0.0,0.16219917543919465,0.0,0.0,1,1,0,0,0,0,0,0,0.9990981482925415,999098.1482925415
Y2024_LAT23.78242_LON90.43387,2024,90.43387186256976,23.78241717909984,0.9858999211100725,0.009000047456285527,0.0,0.0,0.005100031433641939,0.0,1,1,0,0,0,0,0,0,0.9991110791854858,999111.0791854858
Y2024_LAT23.78258_LON90.44368,2024,90.44367735622691,23.782579952763438,0.3679000011448254,0.004999986052272507,0.0,0.35470070849350405,0.27239930430939807,0.0,1,1,0,0,0,0,0,1,0.9991239601974488,999123.9601974487
Y2024_LAT23.78274_LON90.45348,2024,90.45348293729924,23.78274210462299,0.04819974370092865,0.06110033004798588,0.02460012580942974,0.43199921006537584,0.3404001938137004,0.09370039656257952,4,0,0,0,1,0,0,1,0.9991367923583985,999136.7923583984
Y2024_LAT23.7829_LON90.46329,2024,90.46328860563453,23.782903634787534,0.12040060682645015,0.3574988906013994,0.2678003415497252,0.11530045364592029,0.0578998093280758,0.08109989804842915,2,0,1,0,0,0,0,1,0.9991495774154663,999149.5774154663
Y2024_LAT23.78306_LON90.47309,2024,90.47309436063489,23.783064543192065,0.4851994690896084,0.039813216448285615,0.09866701865306288,0.3763202958090432,0.0,0.0,1,1,0,0,0,0,0,1,0.5772146720275879,577214.6720275879
Y2024_LAT23.78322_LON90.4829,2024,90.48290020211769,23.783224829733953,0.0,0.0,0.0,0.0,0.0,0.0,1,1,0,0,0,0,0,1,0.0,0.0
Y2024_LAT23.78805_LON90.23759,2024,90.23759010327602,23.788053176596694,1.0,0.0,0.0,0.0,0.0,0.0,1,1,0,0,0,0,0,0,0.015382285095214844,15382.285095214844
Y2024_LAT23.78823_LON90.24739,2024,90.24739445257156,23.788228454423088,0.9923037317510847,0.0007280261966684456,0.0,0.006968242052246936,0.0,0.0,1,1,0,0,0,0,0,0,0.9604012449340821,960401.244934082
Y2024_LAT23.7884_LON90.2572,2024,90.25719889609486,23.788403110779644,1.0,0.0,0.0,0.0,0.0,0.0,1,1,0,0,0,0,0,0,0.9988708102188111,998870.810218811
Y2024_LAT23.78858_LON90.267,2024,90.26700343340796,23.788577145503037,0.957399918443782,0.0,0.026000145869875507,0.016599935686342458,0.0,0.0,1,1,0,0,0,0,0,0,0.9988845748519898,998884.5748519897
Y2024_LAT23.78875_LON90.27681,2024,90.2768080642003,23.788750558677886,0.8376997014849867,0.0001000003458842978,0.16220029816912898,0.0,0.0,0.0,1,1,0,0,0,0,0,0,0.9988982936248779,998898.2936248779
Y2024_LAT23.78892_LON90.28661,2024,90.28661278813766,23.788923350273937,0.04599980995502783,0.03770014158275547,0.6401000666058774,0.2761999818563393,0.0,0.0,3,0,0,1,0,0,0,0,0.9989119608459472,998911.9608459473
Y2024_LAT23.7891_LON90.29642,2024,90.2964176049781,23.78909552023466,0.45810138674429474,0.0327999234975649,0.3873989075162544,0.11259977298132741,0.007100000148320675,0.0020000091122378914,1,1,0,0,0,0,0,1,0.998925578781128,998925.5787811279
Y2024_LAT23.78927_LON90.30622,2024,90.30622251429335,23.789267068570286,0.8413996513697147,0.017000013362396354,0.044700095607099755,0.0969002396607892,0.0,0.0,1,1,0,0,0,0,0,0,0.9989391476898193,998939.1476898193
Y2024_LAT23.78944_LON90.31603,2024,90.31602751567405,23.789437995212978,0.6634996962037554,0.006499992644636432,0.008599991646073975,0.3214003195055343,0.0,0.0,1,1,0,0,0,0,0,0,0.9989526684951783,998952.6684951782
Y2024_LAT23.78961_LON90.32583,2024,90.32583260912646,23.789608300122723,0.8231005817204421,0.0,0.0053999769313748825,0.171499441348183,0.0,0.0,1,1,0,0,0,0,0,0,0.9989661400756836,998966.1400756836
Y2024_LAT23.78978_LON90.33564,2024,90.33563779382342,23.789777983385996,0.7739997740379744,0.0,0.0,0.2260002259620256,0.0,0.0,1,1,0,0,0,0,0,0,0.9989795618286132,998979.5618286133
Y2024_LAT23.78995_LON90.34544,2024,90.34544306977054,23.78994704485746,0.9993000012351703,0.0006999987648297163,0.0,0.0,0.0,0.0,1,1,0,0,0,0,0,0,0.9989929388122558,998992.9388122559
Y2024_LAT23.79012_LON90.35525,2024,90.35524843664986,23.790115484631492,0.9980999939939347,0.0,0.0,0.0019000060060653755,0.0,0.0,1,1,0,0,0,0,0,0,0.9990062575302124,999006.2575302124
Y2024_LAT23.79028_LON90.36505,2024,90.36505389384061,23.790283302545735,1.0,0.0,0.0,0.0,0.0,0.0,1,1,0,0,0,0,0,0,0.9990195340881348,999019.5340881348
Y2024_LAT23.79045_LON90.37486,2024,90.37485944132104,23.790450498702594,0.9265996299842243,0.015500095491369097,0.0,0.05790027452440665,0.0,0.0,1,1,0,0,0,0,0,0,0.9990327585830688,999032.7585830688
Y2024_LAT23.79062_LON90.38467,2024,90.38466507857925,23.790617072987214,0.8744005708059994,0.07939961381386548,0.0,0.04619981538013513,0.0,0.0,1,1,0,0,0,0,0,0,0.9990459353637695,999045.9353637695
Y2024_LAT23.79078_LON90.39447,2024,90.39447080536442,23.790783025432102,1.0,0.0,0.0,0.0,0.0,0.0,1,1,0,0,0,0,0,0,0.9990590620727539,999059.0620727539
Y2024_LAT23.79095_LON90.40428,2024,90.40427662128579,23.79094835604521,0.998900004413538,0.0,0.0,0.001099995586461955,0.0,0.0,1,1,0,0,0,0,0,0,0.9990721404647828,999072.1404647827
Y2024_LAT23.79111_LON90.41408,2024,90.41408252599528,23.791113064692745,0.9334001985054451,0.003999983461065983,0.0,0.06259981803348892,0.0,0.0,1,1,0,0,0,0,0,0,0.9990851703796386,999085.1703796387
Y2024_LAT23.79128_LON90.42389,2024,90.42388851925058,23.79127715145555,0.9098003089146711,0.0,0.0,0.09019969108532888,0.0,0.0,1,1,0,0,0,0,0,0,0.9990981497879028,999098.1497879028
Y2024_LAT23.79144_LON90.43369,2024,90.43369460060386,23.791440616295244,1.0,0.0,0.0,0.0,0.0,0.0,1,1,0,0,0,0,0,0,0.9991110805664063,999111.0805664062
Y2024_LAT23.7916_LON90.4435,2024,90.44350076984269,23.791603459055196,0.9631000399639215,0.019199944024400842,9.99999571104069e-05,0.017600016054567316,0.0,0.0,1,1,0,0,0,0,0,0,0.9991239636764526,999123.9636764526
Y2024_LAT23.79177_LON90.45331,2024,90.45330702653833,23.79176567995715,0.42819921964347,0.136400379316075,0.22340069007015928,0.1771997058725115,0.01459996518906724,0.02020003990871698,1,1,0,0,0,0,0,1,0.9991367950439453,999136.7950439453
Y2024_LAT23.79193_LON90.46311,2024,90.4631133703461,23.791927278785167,0.6458000016857552,0.09479970523382485,0.17060007644151653,0.08880021663890342,0.0,0.0,1,1,0,0,0,0,0,0,0.9991495792160034,999149.5792160034
Y2024_LAT23.79209_LON90.47292,2024,90.47291980103026,23.79208825560265,0.29243510310329274,0.007624439677593432,0.5141451211270919,0.18579533609202198,0.0,0.0,3,0,0,1,0,0,0,0,0.9959649670562745,995964.9670562744
Y2024_LAT23.79225_LON90.48273,2024,90.48272631819844,23.792248610374624,0.030392397957005393,0.052522932050446454,0.37267625272897553,0.5438182737421076,0.0,0.0005901435214650925,4,0,0,0,1,0,0,0,0.3386191935882568,338619.19358825684
Y2024_LAT23.79725_LON90.2472,2024,90.24720426657046,23.797250514334728,0.8830859917339311,0.023382855689786756,0.0,0.09353115257628225,0.0,0.0,1,1,0,0,0,0,0,0,0.7860017212905884,786001.7212905884
Y2024_LAT23.79743_LON90.25701,2024,90.2570093852763,23.797425244850526,0.8891997204962412,0.00490002510774586,0.0,0.10590025439601299,0.0,0.0,1,1,0,0,0,0,0,0,0.9988708134765625,998870.8134765625
Y2024_LAT23.7976_LON90.26681,2024,90.26681459803983,23.797599353597747,0.9998000000675054,9.99994736018384e-05,0.0,0.00010000045889274972,0.0,0.0,1,1,0,0,0,0,0,0,0.9988845763473511,998884.5763473511
Y2024_LAT23.79777_LON90.27662,2024,90.27661990422847,23.797772840502898,0.9317000151914252,0.016800032316083704,0.010899989821042885,0.0005999979187153419,0.0,0.039999964752732896,1,1,0,0,0,0,0,0,0.9988982963256836,998898.2963256836
Y2024_LAT23.79795_LON90.28643,2024,90.28642530358069,23.797945705504517,0.9042999458084555,0.019199907690127402,0.015699994185765266,0.060800152315651834,0.0,0.0,1,1,0,0,0,0,0,0,0.9989119629364014,998911.9629364014
Y2024_LAT23.79812_LON90.29623,2024,90.29623079591124,23.79811794869052,0.4895991428200586,0.05200026110955071,0.22520001425816286,0.14490021075819967,0.0,0.08830037105402816,1,1,0,0,0,0,0,1,0.9989255823898315,998925.5823898315
Y2024_LAT23.79829_LON90.30604,2024,90.30603638069547,23.79828956991583,0.09490000645244596,0.1236996422632522,0.0744999154100569,0.6694004022534114,0.005599998847678929,0.03190003477315461,4,0,0,0,1,0,0,0,0.9989391515960694,998939.1515960693
Y2024_LAT23.79846_LON90.31584,2024,90.31584205758423,23.798460569204252,0.017999971209241766,0.020199961470732723,0.19380028676494426,0.733199863213872,0.001600002067045246,0.03319991527416402,4,0,0,0,1,0,0,0,0.9989526717758179,998952.6717758179
Y2024_LAT23.79863_LON90.32565,2024,90.32564782657774,23.798630946577013,0.24230093372006906,0.024300004508954677,0.136299934521803,0.5902991321184866,0.004600005009584409,0.0021999901211022404,4,0,0,0,1,0,0,0,0.9989661425094605,998966.1425094604
Y2024_LAT23.7988_LON90.33545,2024,90.33545368684976,23.798800701934066,0.9359997952754059,0.0,0.0,0.06400020472459408,0.0,0.0,1,1,0,0,0,0,0,0,0.9989795654678345,998979.5654678345
Y2024_LAT23.79897_LON90.34526,2024,90.3452596384617,23.798969835327316,0.8371005180941554,0.039099981199404665,0.0,0.12379950070643995,0.0,0.0,1,1,0,0,0,0,0,0,0.9989929389953613,998992.9389953613
Y2024_LAT23.79914_LON90.35507,2024,90.3550656808253,23.799138346639904,1.0,0.0,0.0,0.0,0.0,0.0,1,1,0,0,0,0,0,0,0.9990062610778808,999006.2610778809
Y2024_LAT23.79931_LON90.36487,2024,90.36487181381203,23.79930623593432,1.0,0.0,0.0,0.0,0.0,0.0,1,1,0,0,0,0,0,0,0.9990195365142822,999019.5365142822
Y2024_LAT23.79947_LON90.37468,2024,90.37467803692263,23.799473503148064,0.9985999909357304,0.0014000090642696241,0.0,0.0,0.0,0.0,1,1,0,0,0,0,0,0,0.9990327621307373,999032.7621307373
Y2024_LAT23.79964_LON90.38448,2024,90.38448434990411,23.799640148313774,0.9791000711406891,0.00789998010780537,0.0,0.012999948751505551,0.0,0.0,1,1,0,0,0,0,0,0,0.9990459382476806,999045.9382476807
Y2024_LAT23.79981_LON90.39429,2024,90.39429075234119,23.799806171282878,0.7900990657331458,0.16670075386411148,0.0,0.04320018040274265,0.0,0.0,1,1,0,0,0,0,0,0,0.99905906615448,999059.06615448
Y2024_LAT23.79997_LON90.4041,2024,90.40409724415045,23.7999715721438,0.9018005256728897,0.05899967825702614,0.0,0.039199796070084184,0.0,0.0,1,1,0,0,0,0,0,0,0.9990721441192627,999072.1441192627
Y2024_LAT23.80014_LON90.4139,2024,90.41390382455074,23.80013635084323,0.8781994868812639,0.0,0.0,0.12180051311873603,0.0,0.0,1,1,0,0,0,0,0,0,0.9990851726455688,999085.1726455688
Y2024_LAT23.8003_LON90.42371,2024,90.42371049370523,23.80030050734755,0.9895000608796531,0.0,0.0,0.01049993912034691,0.0,0.0,1,1,0,0,0,0,0,0,0.9990981535568237,999098.1535568237
Y2024_LAT23.80046_LON90.43352,2024,90.43351725086663,23.80046404161673,0.9721998680536367,0.0,0.0,0.02780013194636335,0.0,0.0,1,1,0,0,0,0,0,0,0.9991110838470459,999111.0838470459
Y2024_LAT23.80063_LON90.44332,2024,90.44332409596677,23.800626953769726,0.9363998848940271,0.011599998091201973,0.03740014953960011,0.014599967475170776,0.0,0.0,1,1,0,0,0,0,0,0,0.9991239659347534,999123.9659347534
Y2024_LAT23.80079_LON90.45313,2024,90.45313102857797,23.800789243545246,0.9295998858508925,0.052200076576777804,0.016000047494855077,0.00219999007747459,0.0,0.0,1,1,0,0,0,0,0,0,0.9991367979660034,999136.7979660034
Y2024_LAT23.80095_LON90.46294,2024,90.46293804828476,23.800950911096542,0.5919997240650833,0.1477002505926873,0.25300003560438294,0.007299989737846504,0.0,0.0,1,1,0,0,0,0,0,0,0.9991495805892945,999149.5805892944
Y2024_LAT23.80111_LON90.47275,2024,90.47274515495704,23.801111956381202,0.6450006327917017,0.0711999222595176,0.2616993900695181,0.020700050752427583,0.0,0.0014000041268349918,1,1,0,0,0,0,0,0,0.9991623117752075,999162.3117752075
Y2024_LAT23.80127_LON90.48255,2024,90.48255234803564,23.80127237926544,0.6768910150274058,0.12031387995056045,0.015337465443643889,0.18677597212584882,0.0,0.0006816674525410531,1,1,0,0,0,0,0,0,0.5863144399108887,586314.4399108887
Y2024_LAT23.80627_LON90.24701,2024,90.24701398626884,23.806272562200945,0.6542106959415397,0.0042955220418008835,0.021048024160477217,0.32044575785618223,0.0,0.0,1,1,0,0,0,0,0,0,0.6976031843338013,697603.1843338013
Y2024_LAT23.80645_LON90.25682,2024,90.25681978070389,23.8064473669836,0.9978999896883647,0.0021000103116353332,0.0,0.0,0.0,0.0,1,1,0,0,0,0,0,0,0.9988708167648316,998870.8167648315
Y2024_LAT23.80662_LON90.26663,2024,90.26662566909624,23.806621549782196,0.8608997504289824,0.04870001390785007,0.06830014821698677,0.022100087446180815,0.0,0.0,1,1,0,0,0,0,0,0,0.9988845842590331,998884.5842590332
Y2024_LAT23.8068_LON90.27643,2024,90.27643165107384,23.80679511037555,0.3930000424790043,0.09599993154940474,0.2656000373038296,0.2132000512945911,0.0,0.03219993737317006,1,1,0,0,0,0,0,1,0.9988982985076904,998898.2985076904
Y2024_LAT23.80697_LON90.28624,2024,90.28623772617412,23.806968048914335,0.7402004505645048,0.00339997790138473,0.12119957522273701,0.13519999631137364,0.0,0.0,1,1,0,0,0,0,0,0,0.9989119661178589,998911.9661178589
Y2024_LAT23.80714_LON90.29604,2024,90.29604389433322,23.807140365213662,0.6237990457100668,9.999959953616648e-05,0.2086009195468185,0.16750003514357847,0.0,0.0,1,1,0,0,0,0,0,0,0.9989255854187011,998925.5854187012
Y2024_LAT23.80731_LON90.30585,2024,90.3058501548795,23.807312059403436,0.30009928172724176,0.016099974170222013,0.47810043504944866,0.20540030785262045,0.0003000012004670843,0.0,3,0,0,1,0,0,0,1,0.9989391535263061,998939.1535263062
Y2024_LAT23.80748_LON90.31566,2024,90.3156565077168,23.807483131396015,0.0001999986636608419,0.02999990224915497,0.34279950935808007,0.5766003735545667,0.044900218838177804,0.0054999973363597755,4,0,0,0,1,0,0,0,0.9989526738433838,998952.6738433838
Y2024_LAT23.80765_LON90.32546,2024,90.32546295244364,23.807653581130058,0.002900009342258941,0.0,0.43340017307138373,0.520599873706073,0.04309994388028452,0.0,4,0,0,0,1,0,0,0,0.9989661453704834,998966.1453704834
Y2024_LAT23.80782_LON90.33527,2024,90.33526948874199,23.807823408629595,0.28799999780244506,0.13379994449490962,0.04819982369073515,0.3941002706991784,0.067299755969895,0.06860020734283677,4,0,0,0,1,0,0,1,0.9989795685806274,998979.5685806274
Y2024_LAT23.80799_LON90.34508,2024,90.34507611622092,23.80799261387326,0.6416005439896032,0.13479977551550756,0.0,0.22059969957614747,0.0,0.0029999809187417725,1,1,0,0,0,0,0,0,0.9989929389953613,998992.9389953613
Y2024_LAT23.80816_LON90.35488,2024,90.35488283460089,23.80816119691099,0.9157002572265693,0.08259975235357686,0.0016999904198537993,0.0,0.0,0.0,1,1,0,0,0,0,0,0,0.9990062643661499,999006.2643661499
Y2024_LAT23.80833_LON90.36469,2024,90.36468964352085,23.808329157484692,0.9835000248283479,0.01649997517165211,0.0,0.0,0.0,0.0,1,1,0,0,0,0,0,0,0.9990195391616822,999019.5391616821
Y2024_LAT23.8085_LON90.3745,2024,90.37449654264427,23.808496495836255,1.0,0.0,0.0,0.0,0.0,0.0,1,1,0,0,0,0,0,0,0.9990327639770508,999032.7639770508
Y2024_LAT23.80866_LON90.3843,2024,90.3843035316802,23.808663211747557,0.9911999770452506,0.008800022954749308,0.0,0.0,0.0,0.0,1,1,0,0,0,0,0,0,0.9990459408721923,999045.9408721924
Y2024_LAT23.80883_LON90.39411,2024,90.39411061027911,23.80882930532484,0.873400037091781,0.047099995238180745,0.0,0.07949996767003827,0.0,0.0,1,1,0,0,0,0,0,0,0.9990590691299438,999059.0691299438
Y2024_LAT23.80899_LON90.40392,2024,90.40391777799685,23.80899477641592,0.9840999370462657,0.0007000001669800367,0.0,0.015200062786754181,0.0,0.0,1,1,0,0,0,0,0,0,0.9990721471939087,999072.1471939087
Y2024_LAT23.80916_LON90.41373,2024,90.41372503471159,23.809159625195083,0.9770999211338978,0.0006000006006425606,0.0,0.022300078265459714,0.0,0.0,1,1,0,0,0,0,0,0,0.999085176399231,999085.176399231
Y2024_LAT23.80932_LON90.42353,2024,90.42353237987629,23.809323851498643,0.9993999961824444,0.00030000190877784745,0.0,0.00030000190877784745,0.0,0.0,1,1,0,0,0,0,0,0,0.9990981556777954,999098.1556777954
Y2024_LAT23.80949_LON90.43334,2024,90.43333981333951,23.80948745529724,0.9961000236454886,0.0036999776348472504,0.0,0.00019999871966419941,0.0,0.0,1,1,0,0,0,0,0,0,0.9991110865402222,999111.0865402222
Y2024_LAT23.80965_LON90.44315,2024,90.44314733453504,23.809650436574852,0.9259996710752396,0.0,0.07400032892476043,0.0,0.0,0.0,1,1,0,0,0,0,0,0,0.9991239683761597,999123.9683761597
Y2024_LAT23.80981_LON90.45295,2024,90.45295494342636,23.809812795362046,0.91569961666889,0.0813003896637324,0.002099989573678995,0.0009000040936986244,0.0,0.0,1,1,0,0,0,0,0,0,0.9991368009262085,999136.8009262085
Y2024_LAT23.80997_LON90.46276,2024,90.46276263940196,23.809974531606617,0.23129930568944004,0.7676006875941083,0.0,0.0,0.0,0.0011000067164516902,2,0,1,0,0,0,0,0,0.9991495819778442,999149.5819778442
Y2024_LAT23.81014_LON90.47257,2024,90.47257042239056,23.81013564529753,0.027999969487379733,0.8199997939710911,0.012199975956421747,0.018300022157537912,0.0,0.12150023842756953,2,0,1,0,0,0,0,0,0.9991623229980469,999162.3229980469
Y2024_LAT23.8103_LON90.48238,2024,90.48237829176247,23.81029613645159,0.11628955010996266,0.5973079852247414,0.0,0.18455374891752163,0.000984577432751079,0.10086413831502326,2,0,1,0,0,0,0,0,0.9133453850784302,913345.3850784302
Y2024_LAT23.81046_LON90.49219,2024,90.49218624742016,23.810456004938438,0.0,0.0,0.0,0.0,0.0,0.0,1,1,0,0,0,0,0,1,0.0,0.0
Y2024_LAT23.81387_LON90.16838,2024,90.16837526891346,23.813873164032902,0.3464569309096847,0.0,0.6535430690903152,0.0,0.0,0.0,3,0,0,1,0,0,0,0,0.012684135070800781,12684.135070800781
Y2024_LAT23.81405_LON90.17818,2024,90.17818097599711,23.814053020953978,1.0,0.0,0.0,0.0,0.0,0.0,1,1,0,0,0,0,0,0,0.00649189047241211,6491.890472412109
Y2024_LAT23.81423_LON90.18799,2024,90.18798677977081,23.814232255752742,0.0,0.0,1.0,0.0,0.0,0.0,3,0,0,1,0,0,0,0,0.008689298416137695,8689.298416137695
Y2024_LAT23.81529_LON90.24682,2024,90.24682361170247,23.815294598121127,0.6714958244874479,0.0007788125844322865,0.008566941712426867,0.31915842121569293,0.0,0.0,1,1,0,0,0,0,0,0,0.6412677857971192,641267.7857971191
Y2024_LAT23.81547_LON90.25663,2024,90.25663008224262,23.815469477254926,0.8911999403120938,0.010900062901651679,0.0,0.09789999678625452,0.0,0.0,1,1,0,0,0,0,0,0,0.9988708199768066,998870.8199768066
Y2024_LAT23.81564_LON90.26644,2024,90.26643664664127,23.815643733920098,0.8736999556746198,0.0022999851870594565,0.005000032667090674,0.11900002647123015,0.0,0.0,1,1,0,0,0,0,0,0,0.9988845871505737,998884.5871505737
Y2024_LAT23.81582_LON90.27624,2024,90.27624330468436,23.815817368283188,0.41940040012619717,0.009199986671381565,0.4201994713562693,0.15120014184615196,0.0,0.0,3,0,0,1,0,0,0,1,0.998898302230835,998898.302230835
Y2024_LAT23.81599_LON90.28605,2024,90.28605005592944,23.8159903802583,0.8604002670113051,0.027600058994827835,0.09959969946894803,0.012399974524919047,0.0,0.0,1,1,0,0,0,0,0,0,0.9989119692382813,998911.9692382812
Y2024_LAT23.81616_LON90.29586,2024,90.29585690010072,23.81616276984901,0.7020993840982164,0.016399971075673838,0.28050064895530213,0.000999995870807686,0.0,0.0,1,1,0,0,0,0,0,0,0.9989255877685547,998925.5877685547
Y2024_LAT23.81633_LON90.30566,2024,90.3056638368472,23.81633453695183,0.5510003806254254,0.008900009371688873,0.41449952145648594,0.02560008854639968,0.0,0.0,1,1,0,0,0,0,0,0,0.9989391566390992,998939.1566390991
Y2024_LAT23.81651_LON90.31547,2024,90.31547086596213,23.81650568159982,0.16209912808799276,0.0,0.5719004647826696,0.23840025810634352,0.027600149022994073,0.0,3,0,0,1,0,0,0,0,0.9989526775512695,998952.6775512695
Y2024_LAT23.81668_LON90.32528,2024,90.32527798679773,23.816676203830262,0.0,0.0,0.8363003234236375,0.05249978883759002,0.11119988773877255,0.0,3,0,0,1,0,0,0,0,0.9989661485748291,998966.1485748291
Y2024_LAT23.81685_LON90.33509,2024,90.3350851993851,23.8168461034576,0.07200028684317919,0.058000179697421814,0.5757988161443809,0.2706007640746379,0.02359995324038022,0.0,3,0,0,1,0,0,0,0,0.9989795709457397,998979.5709457397
Y2024_LAT23.81702_LON90.34489,2024,90.34489250309701,23.81701538055114,0.2807993347334784,0.5516009888040135,0.00010000032648540694,0.16749967613602268,0.0,0.0,2,0,1,0,0,0,0,0,0.9989929389953613,998992.9389953613
Y2024_LAT23.81718_LON90.3547,2024,90.35469989778336,23.817184035103416,0.8258008522782844,0.17109916312866424,0.0,0.00309998459305143,0.0,0.0,1,1,0,0,0,0,0,0,0.9990062674560547,999006.2674560547
Y2024_LAT23.81735_LON90.36451,2024,90.3645073830455,23.817352067175083,1.0,0.0,0.0,0.0,0.0,0.0,1,1,0,0,0,0,0,0,0.9990195421295166,999019.5421295166
Y2024_LAT23.81752_LON90.37431,2024,90.3743149585172,23.817519476505847,1.0,0.0,0.0,0.0,0.0,0.0,1,1,0,0,0,0,0,0,0.9990327677993774,999032.7677993774
Y2024_LAT23.81769_LON90.38412,2024,90.3841226239139,23.817686263274723,0.9977999894769904,9.999966397079127e-05,0.0,0.002100010859038716,0.0,0.0,1,1,0,0,0,0,0,0,0.9990459443664551,999045.9443664551
Y2024_LAT23.81785_LON90.39393,2024,90.39393037889359,23.81785242739153,0.9883999588356935,0.0,0.0,0.011600041164306416,0.0,0.0,1,1,0,0,0,0,0,0,0.999059071105957,999059.071105957
Y2024_LAT23.81802_LON90.40374,2024,90.40373822309905,23.818017968948304,0.9236997571591015,0.03730014859128622,0.0,0.03900009424961236,0.0,0.0,1,1,0,0,0,0,0,0,0.9990721492233277,999072.1492233276
Y2024_LAT23.81818_LON90.41355,2024,90.41354615627209,23.81818288766922,0.8003002480406389,0.1745998375061277,0.0,0.025099914453233365,0.0,0.0,1,1,0,0,0,0,0,0,0.9990851786117554,999085.1786117554
Y2024_LAT23.81835_LON90.42335,2024,90.42335417786755,23.81834718368165,0.9952000184318937,0.0,0.0,0.004799981568106338,0.0,0.0,1,1,0,0,0,0,0,0,0.9990981574478149,999098.1574478149
Y2024_LAT23.81851_LON90.43316,2024,90.43316228784077,23.81851085701839,1.0,0.0,0.0,0.0,0.0,0.0,1,1,0,0,0,0,0,0,0.9991110893020629,999111.089302063
Y2024_LAT23.81867_LON90.44297,2024,90.44297048569709,23.818673907604865,1.0,0.0,0.0,0.0,0.0,0.0,1,1,0,0,0,0,0,0,0.9991239705963135,999123.9705963135
Y2024_LAT23.81884_LON90.45278,2024,90.45277877104193,23.81883633543177,0.9932999619133152,0.006700038086684879,0.0,0.0,0.0,0.0,1,1,0,0,0,0,0,0,0.9991368037109375,999136.8037109375
Y2024_LAT23.819_LON90.46259,2024,90.46258714366351,23.81899814040087,0.6457994009025566,0.32870054697728734,0.0255000521201561,0.0,0.0,0.0,1,1,0,0,0,0,0,0,0.9991495855941772,999149.5855941772
Y2024_LAT23.81916_LON90.4724,2024,90.47239560320139,23.81915932247881,0.3595992731531885,0.5308002327688489,0.03460014780324802,0.00020000123005259842,0.006700040275195567,0.06810030476946641,2,0,1,0,0,0,0,0,0.999162327178955,999162.3271789551
Y2024_LAT23.81932_LON90.4822,2024,90.48220414929602,23.819319881781826,0.447500630071216,0.3303991739341314,0.0652998864341523,0.10970046367864057,0.00869995100154203,0.038399894880317864,1,1,0,0,0,0,0,1,0.999175005531311,999175.005531311
Y2024_LAT23.81948_LON90.49201,2024,90.49201278159279,23.819479818192317,0.5138365262109986,0.30377355279994017,0.006918231338385504,0.17169811007319558,0.0037735795774801093,0.0,1,1,0,0,0,0,0,0,0.15887009790039064,158870.09790039062
Y2024_LAT23.82289_LON90.16818,2024,90.16817939046098,23.822894584184766,0.03472767453470266,0.0,0.9179163653266613,0.047355960138636036,0.0,0.0,3,0,0,1,0,0,0,0,0.1265417412261963,126541.74122619629
Y2024_LAT23.82307_LON90.17799,2024,90.17798577362207,23.82307451757543,0.11365948137267964,0.004077469718746215,0.8776759237387233,0.004587125169850976,0.0,0.0,3,0,0,1,0,0,0,0,0.7838260447616577,783826.0447616577
Y2024_LAT23.82325_LON90.18779,2024,90.18779225350809,23.82325382846832,0.02993333374659494,0.00460513358793387,0.9654615326654712,0.0,0.0,0.0,3,0,0,1,0,0,0,0,0.8675339437561035,867533.9437561035
Y2024_LAT23.82343_LON90.1976,2024,90.19759882957655,23.823432516960516,0.018015013780403214,0.0,0.9819849862195967,0.0,0.0,0.0,3,0,0,1,0,0,0,0,0.30492857583618166,304928.57583618164
Y2024_LAT23.82432_LON90.24663,2024,90.24663314299448,23.82431662199299,0.48609220455414337,0.05180800804701473,0.0,0.46209978739884194,0.0,0.0,1,1,0,0,0,0,0,1,0.5745442405471802,574544.2405471802
Y2024_LAT23.82449_LON90.25644,2024,90.25644028981523,23.824491575335806,0.9575002566689523,0.0,0.0,0.042499743331047696,0.0,0.0,1,1,0,0,0,0,0,0,0.9988708225250245,998870.8225250244
Y2024_LAT23.82467_LON90.26625,2024,90.26624753054972,23.824665906139078,1.0,0.0,0.0,0.0,0.0,0.0,1,1,0,0,0,0,0,0,0.9988845889205933,998884.5889205933
Y2024_LAT23.82484_LON90.27605,2024,90.27605486503128,23.824839614245956,0.8197998001835071,0.085500037886695,0.0,0.09470016192979788,0.0,0.0,1,1,0,0,0,0,0,0,0.9988983057556152,998898.3057556152
Y2024_LAT23.82501_LON90.28586,2024,90.2858622927241,23.82501269965501,0.8220998624604018,0.0013000072174620219,0.09609999155549644,0.08050013876663978,0.0,0.0,1,1,0,0,0,0,0,0,0.9989119721755981,998911.9721755981
Y2024_LAT23.82519_LON90.29567,2024,90.29566981343716,23.825185162441457,0.6291999536390046,0.020699885788551985,0.34030021867249016,0.009799941899953212,0.0,0.0,1,1,0,0,0,0,0,0,0.9989255913772583,998925.5913772583
Y2024_LAT23.82536_LON90.30548,2024,90.30547742655001,23.82535700253232,0.5951002498943154,0.036600002936867986,0.35119973574635377,0.017100011422462865,0.0,0.0,1,1,0,0,0,0,0,0,0.9989391600952149,998939.1600952148
Y2024_LAT23.82553_LON90.31529,2024,90.31528513222065,23.82552821986018,0.40569881426357596,0.006999976265776827,0.5805011710202029,0.00630003561568084,0.0005000028347636438,0.0,3,0,0,1,0,0,0,0,0.9989526799163818,998952.6799163818
Y2024_LAT23.8257_LON90.32509,2024,90.3250929296269,23.825698814459958,0.009799956881622995,0.004599975694606096,0.7945000053974831,0.1237998438789769,0.06730021814731091,0.0,3,0,0,1,0,0,0,0,0.9989661514663696,998966.1514663696
Y2024_LAT23.82587_LON90.3349,2024,90.33490081873747,23.82586878632221,0.04460022940427156,0.16510064058660176,0.28349907147121306,0.3212003713969583,0.18559968714095532,0.0,4,0,0,0,1,0,0,1,0.998979573135376,998979.573135376
Y2024_LAT23.82604_LON90.34471,2024,90.34470879902204,23.8260381353976,0.7045000133913889,0.13120040266320812,0.0,0.164299583945403,0.0,0.0,1,1,0,0,0,0,0,0,0.9989929413375854,998992.9413375854
Y2024_LAT23.82621_LON90.35452,2024,90.3545168704715,23.826206861579703,0.8929003838844788,0.10329963532651544,0.0,0.00379998078900578,0.0,0.0,1,1,0,0,0,0,0,0,0.999006270401001,999006.270401001
Y2024_LAT23.82637_LON90.36433,2024,90.36432503226546,23.82637496494445,0.941599777508456,0.05730021751751433,0.0,0.0003000014363936719,0.0,0.0008000035376359758,1,1,0,0,0,0,0,0,0.9990195443115234,999019.5443115234
Y2024_LAT23.82654_LON90.37413,2024,90.37413328450297,23.826542445464796,0.9910000521212904,0.007899953908319438,0.0,0.0010999939703902094,0.0,0.0,1,1,0,0,0,0,0,0,0.9990327699737549,999032.7699737549
Y2024_LAT23.82671_LON90.38394,2024,90.38394162659998,23.82670930309834,0.9068000739904517,0.07079997889484257,0.0,0.02239994711470574,0.0,0.0,1,1,0,0,0,0,0,0,0.9990459466552735,999045.9466552734
Y2024_LAT23.82688_LON90.39375,2024,90.39375005825224,23.826875537835253,0.9578998031835165,0.0005000032119035451,0.0005000017227704458,0.041100191881809446,0.0,0.0,1,1,0,0,0,0,0,0,0.9990590729598999,999059.0729598999
Y2024_LAT23.82704_LON90.40356,2024,90.40355857927814,23.82704114951503,0.7355993949613265,0.08590039399475011,0.13420031809833635,0.044299892945586956,0.0,0.0,1,1,0,0,0,0,0,0,0.999072150894165,999072.150894165
Y2024_LAT23.82721_LON90.41337,2024,90.41336718923141,23.827206138417626,0.49630132471207544,0.30459885382778507,0.004299978308302399,0.19249985114502896,0.0,0.0022999920068081645,1,1,0,0,0,0,0,1,0.9990851816101074,999085.1816101074
Y2024_LAT23.82737_LON90.42318,2024,90.42317588773403,23.827370504238175,1.0,0.0,0.0,0.0,0.0,0.0,1,1,0,0,0,0,0,0,0.9990981613006592,999098.1613006592
Y2024_LAT23.82753_LON90.43298,2024,90.4329846744285,23.827534247080532,0.9967999944340417,0.0,0.0,0.0032000055659583654,0.0,0.0,1,1,0,0,0,0,0,0,0.9991110923461914,999111.0923461914
Y2024_LAT23.8277_LON90.44279,2024,90.44279354918528,23.82769736687845,0.9252001461152354,0.07009987122574393,0.004699982659020723,0.0,0.0,0.0,1,1,0,0,0,0,0,0,0.9991239733200074,999123.9733200073
Y2024_LAT23.82786_LON90.4526,2024,90.45260251151196,23.82785986361857,0.9990999980876705,0.0,0.0,0.0009000019123295737,0.0,0.0,1,1,0,0,0,0,0,0,0.9991368066024781,999136.806602478
Y2024_LAT23.82802_LON90.46241,2024,90.46241156101212,23.82802173732858,0.8112996739973465,0.18820032770913322,0.00010000021001517754,0.0,0.0,0.00039999808350507985,1,1,0,0,0,0,0,0,0.9991495892562866,999149.5892562866
Y2024_LAT23.82818_LON90.47222,2024,90.47222069748096,23.828182987947756,0.9510000899574195,0.016799971770860123,0.00010000046205850043,0.031999937332331814,0.0,0.00010000047733008205,1,1,0,0,0,0,0,0,0.9991623296966553,999162.3296966553
Y2024_LAT23.82834_LON90.48203,2024,90.48202992058056,23.82834361542162,0.842514083262926,0.0685876077714287,0.004147153181798688,0.08411313276018186,0.0006380230236648247,0.0,1,1,0,0,0,0,0,0,0.9396239306716919,939623.9306716919
Y2024_LAT23.8285_LON90.49184,2024,90.49183922984152,23.828503619802646,0.6058825806059257,0.0,0.0,0.3941174193940743,0.0,0.0,1,1,0,0,0,0,0,0,0.10191665102386474,101916.65102386475
Y2024_LAT23.83155_LON90.14837,2024,90.14836958690762,23.831554104892312,0.05787126445360787,0.13476305694419594,0.6904089818005054,0.11695669680169087,0.0,0.0,3,0,0,1,0,0,0,0,0.24678404809570312,246784.04809570312
Y2024_LAT23.83174_LON90.15818,2024,90.15817645227916,23.831735359912624,0.27733809191398245,0.001460767199373085,0.7197403810043544,0.0014607598822901392,0.0,0.0,3,0,0,1,0,0,0,0,0.4785912795791626,478591.2795791626
Y2024_LAT23.83192_LON90.16798,2024,90.16798341496239,23.831915992348627,0.3257841323793441,0.0474720426353832,0.5458697325092726,0.08087409247600008,0.0,0.0,3,0,0,1,0,0,0,0,0.8731030589904785,873103.0589904785
Y2024_LAT23.8321_LON90.17779,2024,90.17779047462967,23.832096002066017,0.15119960508270838,0.012099980324762317,0.8355004224075444,0.0011999921849848816,0.0,0.0,3,0,0,1,0,0,0,0,0.9987589331207275,998758.9331207275
Y2024_LAT23.83228_LON90.1876,2024,90.18759763096298,23.832275389176957,0.1423002259383018,0.00010000046088039946,0.8443997970354782,0.013199976565339614,0.0,0.0,3,0,0,1,0,0,0,0,0.9987730915527344,998773.0915527344
Y2024_LAT23.83245_LON90.1974,2024,90.19740488359427,23.83245415353002,0.18925255711675393,0.02184574994135024,0.766705484649281,0.022196208292614886,0.0,0.0,3,0,0,1,0,0,0,0,0.854961383720398,854961.383720398
Y2024_LAT23.83263_LON90.20721,2024,90.20721223228351,23.832632295169052,0.406905091633804,0.0,0.593094908366196,0.0,0.0,0.0,3,0,0,1,0,0,0,0,0.1620048981704712,162004.8981704712
Y2024_LAT23.83299_LON90.22683,2024,90.22682721609848,23.832986710106077,0.7765049654458488,0.0,0.2234950345541512,0.0,0.0,0.0,1,1,0,0,0,0,0,0,0.20915537764739991,209155.3776473999
Y2024_LAT23.83316_LON90.23663,2024,90.23663485069268,23.83316298346713,1.0,0.0,0.0,0.0,0.0,0.0,1,1,0,0,0,0,0,0,0.5516612175750732,551661.2175750732
Y2024_LAT23.83334_LON90.24644,2024,90.24644257992824,23.83333863396304,0.6749483737783156,0.03778631978604262,0.0,0.28726530643564174,0.0,0.0,1,1,0,0,0,0,0,0,0.6714328807449341,671432.8807449341
Y2024_LAT23.83351_LON90.25625,2024,90.25625040342625,23.833513661626004,1.0,0.0,0.0,0.0,0.0,0.0,1,1,0,0,0,0,0,0,0.9988708250579834,998870.8250579834
Y2024_LAT23.83369_LON90.26606,2024,90.26605832091322,23.83368806634147,0.9888999777587345,0.0,0.0,0.011100022241265495,0.0,0.0,1,1,0,0,0,0,0,0,0.9988845901107788,998884.5901107788
Y2024_LAT23.83386_LON90.27587,2024,90.27586633211241,23.83386184824758,0.796200063280169,0.11350021740221838,0.0011000003127629337,0.08919971900484969,0.0,0.0,1,1,0,0,0,0,0,0,0.99889830884552,998898.30884552
Y2024_LAT23.83404_LON90.28567,2024,90.28567443656736,23.83403500725343,0.7834996463908305,0.099999955397333,0.005899975235902419,0.07490031987615364,0.03570010309978042,0.0,1,1,0,0,0,0,0,0,0.9989119750823975,998911.9750823975
Y2024_LAT23.83421_LON90.29548,2024,90.29548263401729,23.83420754320387,0.7705001184994097,0.032199890944863564,0.15390021822105016,0.03369983022487862,0.00969994210979795,0.0,1,1,0,0,0,0,0,0,0.9989255937652588,998925.5937652588
Y2024_LAT23.83438_LON90.30529,2024,90.30529092409135,23.8343794562463,0.3880002366441075,0.0011999977195107016,0.6075997739707482,0.003199991665633684,0.0,0.0,3,0,0,1,0,0,0,0,0.9989391618804931,998939.1618804932
Y2024_LAT23.83455_LON90.3151,2024,90.31509930647739,23.834550746341588,0.9480000441461801,0.0022999964397092073,0.015199967131585897,0.034499992282524816,0.0,0.0,1,1,0,0,0,0,0,0,0.9989526837081909,998952.6837081909
Y2024_LAT23.83472_LON90.32491,2024,90.32490778084507,23.834721413348195,0.42459880764285285,0.05019993533883118,0.3310010604898994,0.19420019652841655,0.0,0.0,1,1,0,0,0,0,0,1,0.9989661543502808,998966.1543502808
Y2024_LAT23.83489_LON90.33472,2024,90.33471634678091,23.834891457360698,0.12440069737288971,0.01630002644321103,0.6403986967863368,0.21590057272023178,0.003000006677330681,0.0,3,0,0,1,0,0,0,0,0.998979575302124,998979.575302124
Y2024_LAT23.83506_LON90.34453,2024,90.3445250041786,23.835060878266724,0.30799923608971386,0.02929989680626106,0.010399966032834423,0.647200915443576,0.005099985627614625,0.0,4,0,0,0,1,0,0,0,0.9989929512176514,998992.9512176514
Y2024_LAT23.83523_LON90.35433,2024,90.35433375241244,23.835229676161905,0.9195997925707335,0.0006000018318588196,0.0,0.07980020559740766,0.0,0.0,1,1,0,0,0,0,0,0,0.9990062730560303,999006.2730560303
Y2024_LAT23.8354_LON90.36414,2024,90.36414259129721,23.835397850930327,0.8002998774324567,0.06560009262935633,0.0,0.09329983447966075,0.0017000009383887657,0.039100194520137556,1,1,0,0,0,0,0,0,0.9990195470657348,999019.5470657349
Y2024_LAT23.83557_LON90.37395,2024,90.37395152049541,23.83556540250637,0.9872000540411128,0.005199978931187228,0.0,0.003999990075941955,0.0,0.003599976951758022,1,1,0,0,0,0,0,0,0.9990327730331421,999032.7730331421
Y2024_LAT23.83573_LON90.38376,2024,90.38376053963883,23.835732330951657,0.9821000243627155,0.0,0.0,0.01789997563728453,0.0,0.0,1,1,0,0,0,0,0,0,0.9990459489974975,999045.9489974976
Y2024_LAT23.8359_LON90.39357,2024,90.39356964845436,23.835898636245652,0.7078993000204371,0.0942003181724334,0.020700104659541512,0.177200277147588,0.0,0.0,1,1,0,0,0,0,0,0,0.999059076713562,999059.076713562
Y2024_LAT23.83606_LON90.40338,2024,90.40337884653496,23.836064318426047,0.1721996770434982,0.6854000963150368,0.11930016711054589,0.005699996661404253,0.0,0.01740006286951482,2,0,1,0,0,0,0,0,0.9990721547851562,999072.1547851562
Y2024_LAT23.83623_LON90.41319,2024,90.41318813356696,23.836229377239338,0.5899013915454576,0.16529920074220153,0.007899953554637833,0.027599937647078455,0.0,0.2092995165106246,1,1,0,0,0,0,0,0,0.9990851845245361,999085.1845245361
Y2024_LAT23.83639_LON90.423,2024,90.42299750922736,23.83639381286483,0.9716001331353465,0.026699873642440308,0.0,0.0,0.0,0.001699993222213196,1,1,0,0,0,0,0,0,0.9990981632766723,999098.1632766724
Y2024_LAT23.83656_LON90.43281,2024,90.43280697318565,23.8365576252348,0.8472993072049517,0.010700057633312162,0.12190058224284105,0.02010005291889505,0.0,0.0,1,1,0,0,0,0,0,0,0.9991110946807862,999111.0946807861
Y2024_LAT23.83672_LON90.44262,2024,90.44261652508888,23.836720814273363,0.6463010669644076,0.03019993509492835,0.25359891194677125,0.06990008599389282,0.0,0.0,1,1,0,0,0,0,0,0,0.9991239751815796,999123.9751815796
Y2024_LAT23.83688_LON90.45243,2024,90.45242616467249,23.836883380054967,0.8323996983204127,0.012299963488632198,0.07320033172252446,0.08210000646843063,0.0,0.0,1,1,0,0,0,0,0,0,0.9991368093643188,999136.8093643188
Y2024_LAT23.83705_LON90.46224,2024,90.46223589141553,23.837045322543688,0.5208992067527214,0.37610044495808703,0.09210033671103413,0.0077999929595691,0.0,0.003100018618588362,1,1,0,0,0,0,0,0,0.9991495924911499,999149.5924911499
Y2024_LAT23.83721_LON90.47205,2024,90.47204570520299,23.83720664164753,0.7799145648631184,0.021272165073042464,0.02986283125131553,0.1528940757874277,0.0,0.016056363025096027,1,1,0,0,0,0,0,0,0.9769808027877808,976980.8027877808
Y2024_LAT23.83737_LON90.48186,2024,90.4818556056201,23.83736733731328,0.617754559165738,0.145692021040825,0.0,0.23655341979343705,0.0,0.0,1,1,0,0,0,0,0,0,0.19134119912719727,191341.19912719727
Y2024_LAT23.84058_LON90.14817,2024,90.14817216103816,23.84057534732791,0.41397275133497347,0.0026099206006448524,0.573780712875115,0.009636615189266656,0.0,0.0,3,0,0,1,0,0,0,0,0.49746220937347413,497462.2093734741
Y2024_LAT23.84076_LON90.15798,2024,90.15797970307358,23.840756679297666,0.43560098424377186,0.0006000016935639052,0.5637990140626642,0.0,0.0,0.0,3,0,0,1,0,0,0,0,0.9987304726028442,998730.4726028442
Y2024_LAT23.84094_LON90.16779,2024,90.16778734252539,23.84093738833167,0.8442998894116371,0.0005000021805898623,0.1469000539528107,0.008300054454962345,0.0,0.0,1,1,0,0,0,0,0,0,0.9987447287673951,998744.728767395
Y2024_LAT23.84112_LON90.1776,2024,90.17759507896204,23.84111747451557,0.6815002623768573,0.003899985356409833,0.2636998196040303,0.05089993266270252,0.0,0.0,1,1,0,0,0,0,0,0,0.9987589380950928,998758.9380950928
Y2024_LAT23.8413_LON90.1874,2024,90.18740291207052,23.841296937722095,0.6724992085967996,0.03430002962946852,0.27420083660586203,0.018999925167869827,0.0,0.0,1,1,0,0,0,0,0,0,0.9987730955276489,998773.0955276489
Y2024_LAT23.84148_LON90.19721,2024,90.19721084163774,23.841475777990876,0.4053996634987698,0.021299978409567315,0.5108002855506635,0.06250007254099943,0.0,0.0,3,0,0,1,0,0,0,0,0.998787204032898,998787.204032898
Y2024_LAT23.84165_LON90.20702,2024,90.20701886708483,23.84165399523879,0.37340686972864395,0.016063783829017495,0.5679343280226666,0.04259501841967194,0.0,0.0,3,0,0,1,0,0,0,0,0.963743245300293,963743.245300293
Y2024_LAT23.84183_LON90.21683,2024,90.21682698822377,23.84183158947361,0.49018254952311624,0.02208884821698787,0.4258251318354204,0.061903470424475464,0.0,0.0,1,1,0,0,0,0,0,1,0.7325311472244262,732531.1472244263
Y2024_LAT23.84201_LON90.22664,2024,90.22663520481896,23.842008560735078,0.3838065729513336,0.0,0.5693311158025645,0.04686231124610195,0.0,0.0,3,0,0,1,0,0,0,0,0.9868433621444702,986843.3621444702
Y2024_LAT23.84218_LON90.23644,2024,90.23644351635009,23.84218490886131,0.9314998976587673,0.0022000126664964933,0.015699915660904028,0.050600174013832246,0.0,0.0,1,1,0,0,0,0,0,0,0.998843150390625,998843.150390625
Y2024_LAT23.84236_LON90.24625,2024,90.2462519225089,23.84236063386034,0.8427075005836849,0.0,0.0,0.1572924994163151,0.0,0.0,1,1,0,0,0,0,0,0,0.9963598748168946,996359.8748168945
Y2024_LAT23.84254_LON90.25606,2024,90.25606042307881,23.842535735805026,1.0,0.0,0.0,0.0,0.0,0.0,1,1,0,0,0,0,0,0,0.9988708284072876,998870.8284072876
Y2024_LAT23.84271_LON90.26587,2024,90.26586901762857,23.842710214595492,0.9219998718695944,0.06800011021247056,0.0,0.010000017917935046,0.0,0.0,1,1,0,0,0,0,0,0,0.9988845909729004,998884.5909729004
Y2024_LAT23.84288_LON90.27568,2024,90.27567770591823,23.842884070255604,1.0,0.0,0.0,0.0,0.0,0.0,1,1,0,0,0,0,0,0,0.9988983109893799,998898.3109893799
Y2024_LAT23.84306_LON90.28549,2024,90.28548648737947,23.843057302676108,0.8705004341615443,0.07079982061983597,0.05529972690908528,0.0034000183095345155,0.0,0.0,1,1,0,0,0,0,0,0,0.9989119782028199,998911.9782028198
Y2024_LAT23.84323_LON90.2953,2024,90.29529536203225,23.843229911984785,0.7109004400346486,0.2026996774697236,0.03099990913089313,0.05539997336473471,0.0,0.0,1,1,0,0,0,0,0,0,0.9989255960769653,998925.5960769653
Y2024_LAT23.8434_LON90.3051,2024,90.30510432926752,23.843401897991527,0.27569979912940756,0.5026004409763647,0.19999969111977792,0.02170006877444986,0.0,0.0,2,0,1,0,0,0,0,0,0.9989391654434204,998939.1654434204
Y2024_LAT23.84357_LON90.31491,2024,90.31491338880836,23.84357326075308,0.7189010850401919,0.2451990519142188,0.03359985985930777,0.0023000031862815263,0.0,0.0,1,1,0,0,0,0,0,0,0.9989526858291626,998952.6858291626
Y2024_LAT23.84374_LON90.32472,2024,90.32472254042095,23.843744000271027,0.3409992152604878,0.0671999258691856,0.32490074034397354,0.26690011852635304,0.0,0.0,1,1,0,0,0,0,0,1,0.998966157371521,998966.157371521
Y2024_LAT23.84391_LON90.33453,2024,90.33453178359355,23.843914116423164,0.10280035801740411,0.0,0.7996992085747914,0.09740043275957844,0.00010000064822616164,0.0,3,0,0,1,0,0,0,0,0.9989795778198243,998979.5778198242
Y2024_LAT23.84408_LON90.34434,2024,90.34434111828988,23.844083609322848,0.1874992435920353,0.0013999919683201332,0.010299938139158353,0.7904008138179389,0.010400012482547278,0.0,4,0,0,0,1,0,0,0,0.9989929562606812,998992.9562606812
Y2024_LAT23.84425_LON90.35415,2024,90.3541505437578,23.84425247880271,0.40740100569799237,0.032300130101026864,0.00010000035091481381,0.5592988583167308,0.0009000055333352212,0.0,4,0,0,0,1,0,0,0,0.9990062752227783,999006.2752227783
Y2024_LAT23.84442_LON90.36396,2024,90.3639600599618,23.84442072486472,0.5552007065630744,0.12530019179729904,0.008099973928910955,0.3101991327095804,0.0011999950011352407,0.0,1,1,0,0,0,0,0,0,0.9990195501251221,999019.5501251221
Y2024_LAT23.84459_LON90.37377,2024,90.37376966657489,23.844588347727708,0.8102993374466257,0.16020075734110012,0.0,0.028399898777522425,0.0,0.001100006434751679,1,1,0,0,0,0,0,0,0.9990327758789063,999032.7758789062
Y2024_LAT23.84476_LON90.38358,2024,90.38357936304968,23.84475534708199,0.848400586728902,0.12999947867484155,0.00019999883000254082,0.02139993576625394,0.0,0.0,1,1,0,0,0,0,0,0,0.9990459521331787,999045.9521331787
Y2024_LAT23.84492_LON90.39339,2024,90.39338914935368,23.844921722962663,0.4885986793572433,0.4824012598160381,0.0006000038180547649,0.023300038343043377,0.0,0.005100018665620414,1,1,0,0,0,0,0,1,0.9990590798797607,999059.0798797607
Y2024_LAT23.84509_LON90.4032,2024,90.40319902480896,23.845087475305515,0.4294007900358938,0.45449872634480765,9.999935399808569e-05,0.00029999835218049613,0.0,0.11570048591312003,2,0,1,0,0,0,0,1,0.9990721583709716,999072.1583709717
Y2024_LAT23.84525_LON90.41301,2024,90.41300898926613,23.845252604256814,0.6276005542685483,0.015600074428063998,0.0,0.04570009739015814,0.0,0.3110992739132295,1,1,0,0,0,0,0,0,0.9990851864395142,999085.1864395142
Y2024_LAT23.84542_LON90.42282,2024,90.42281904246684,23.845417109739255,0.9360002989067105,0.039899798646451115,0.0,0.00589996657100842,0.0,0.018199935875829944,1,1,0,0,0,0,0,0,0.9990981650314331,999098.1650314331
Y2024_LAT23.84558_LON90.43263,2024,90.43262918394738,23.84558099160856,0.6986993866929916,0.08569997110074037,0.18510048678586888,0.030500155420399147,0.0,0.0,1,1,0,0,0,0,0,0,0.9991110979537964,999111.0979537964
Y2024_LAT23.84574_LON90.44244,2024,90.44243941341043,23.845744249986087,0.5738000571873257,0.024699947681830786,0.20409992174740205,0.1974000733834414,0.0,0.0,1,1,0,0,0,0,0,0,0.9991239779205322,999123.9779205322
Y2024_LAT23.84591_LON90.45225,2024,90.45224973051488,23.845906884744103,0.4236995408438107,0.022700085263454378,0.2514003642040984,0.2853999254328391,0.0,0.01680008425579747,1,1,0,0,0,0,0,1,0.9991368116455078,999136.8116455078
Y2024_LAT23.84607_LON90.46206,2024,90.46206013489734,23.846068895891545,0.08284296191134102,0.46435635419607224,0.13143481284420983,0.21572231262020128,0.011142036047785386,0.09450152238039022,2,0,1,0,0,0,0,1,0.9684755185241699,968475.5185241699
Y2024_LAT23.84623_LON90.47187,2024,90.47187062633759,23.846230283472785,0.5370515434343003,0.10198397116498845,0.03089680415813591,0.29339362085721105,0.0,0.036674060385364325,1,1,0,0,0,0,0,0,0.39776610844421384,397766.10844421387
Y2024_LAT23.84941_LON90.13817,2024,90.13816651597831,23.84941454562656,0.7394568294954241,0.008087780418707445,0.25245539008586854,0.0,0.0,0.0,1,1,0,0,0,0,0,0,0.17287613026428222,172876.13026428223
Y2024_LAT23.8496_LON90.14797,2024,90.14797463737091,23.84959657766691,0.7090505420717351,0.04063415672729784,0.250315301200967,0.0,0.0,0.0,1,1,0,0,0,0,0,0,0.9511775594711304,951177.5594711304
Y2024_LAT23.84978_LON90.15778,2024,90.15778285658212,23.84977798661439,0.33730019988008153,0.012599945308500582,0.6500998548114179,0.0,0.0,0.0,3,0,0,1,0,0,0,0,0.998730476272583,998730.476272583
Y2024_LAT23.84996_LON90.16759,2024,90.16759117303923,23.849958772401788,0.41049939622897963,0.004400013587481335,0.585100590183539,0.0,0.0,0.0,3,0,0,1,0,0,0,0,0.9987447327651977,998744.7327651978
Y2024_LAT23.85014_LON90.1774,2024,90.17739958660057,23.850138934955222,0.08340013445412305,0.002099985564864822,0.9144998799810121,0.0,0.0,0.0,3,0,0,1,0,0,0,0,0.9987589398117065,998758.9398117065
Y2024_LAT23.85032_LON90.18721,2024,90.18720809689412,23.850318474339787,0.5138995213404497,0.0062000293234556175,0.4510002779768686,0.028900171359226116,0.0,0.0,1,1,0,0,0,0,0,0,0.9987730988922119,998773.0988922119
Y2024_LAT23.8505_LON90.19702,2024,90.19701670362862,23.850497390413594,0.37860029227854114,0.0010999941302553278,0.5705999065935609,0.049699806997642655,0.0,0.0,3,0,0,1,0,0,0,0,0.9987872066574097,998787.2066574097
Y2024_LAT23.85068_LON90.20683,2024,90.20682540624746,23.850675683339336,0.5132002940306442,0.0006000021096242126,0.45869959561913265,0.027500108240599026,0.0,0.0,1,1,0,0,0,0,0,0,0.9988012672271729,998801.2672271729
Y2024_LAT23.85085_LON90.21663,2024,90.21663420470647,23.85085335291274,0.29409956175053914,0.0003000008560159699,0.48529969575869086,0.22030074163475405,0.0,0.0,3,0,0,1,0,0,0,1,0.9988152804870606,998815.2804870605
Y2024_LAT23.85103_LON90.22644,2024,90.22644309841827,23.851030399220175,0.15370008327185655,0.0,0.8385999677048904,0.0076999490232530585,0.0,0.0,3,0,0,1,0,0,0,0,0.9988292404785156,998829.2404785156
Y2024_LAT23.85121_LON90.23625,2024,90.23625208732818,23.851206822175524,0.48940031041875365,0.0013000074041266611,0.4154990991637494,0.09380058301337033,0.0,0.0,1,1,0,0,0,0,0,1,0.9988431528472901,998843.15284729
Y2024_LAT23.85138_LON90.24606,2024,90.24606117077748,23.851382621866343,0.9281004596115715,0.0,0.0,0.07189954038842844,0.0,0.0,1,1,0,0,0,0,0,0,0.9988570172042847,998857.0172042847
Y2024_LAT23.85156_LON90.25587,2024,90.25587034877863,23.85155779805272,1.0,0.0,0.0,0.0,0.0,0.0,1,1,0,0,0,0,0,0,0.9988708315963745,998870.8315963745
Y2024_LAT23.85173_LON90.26568,2024,90.26567962067185,23.851732350935006,0.9957999789886168,0.004200021011383201,0.0,0.0,0.0,0.0,1,1,0,0,0,0,0,0,0.998884598991394,998884.598991394
Y2024_LAT23.85191_LON90.27549,2024,90.275488986266,23.85190628031888,0.9853000187931796,0.014699981206820367,0.0,0.0,0.0,0.0,1,1,0,0,0,0,0,0,0.9988983131179809,998898.313117981
Y2024_LAT23.85208_LON90.2853,2024,90.28529844528776,23.85207958628689,0.860699812308052,0.13190019116278826,0.006099993433273525,0.0013000030958862335,0.0,0.0,1,1,0,0,0,0,0,0,0.9989119817733765,998911.9817733765
Y2024_LAT23.85225_LON90.29511,2024,90.29510799736741,23.852252268768797,0.7205994359972517,0.24860056663846586,0.03079999736428244,0.0,0.0,0.0,1,1,0,0,0,0,0,0,0.9989255994567872,998925.5994567871
Y2024_LAT23.85242_LON90.30492,2024,90.30491764209752,23.85242432778987,0.6280004415398102,0.3192994954565648,0.04970006211300137,0.0030000008906237562,0.0,0.0,1,1,0,0,0,0,0,0,0.9989391692810059,998939.1692810059
Y2024_LAT23.8526_LON90.31473,2024,90.31472737912624,23.852595763293294,0.9400000020863831,0.030199827853456897,0.029800170060160013,0.0,0.0,0.0,1,1,0,0,0,0,0,0,0.9989526890029907,998952.6890029907
Y2024_LAT23.85277_LON90.32454,2024,90.32453720834886,23.85276657516604,0.5209990668812974,0.053899955633369356,0.2830004822363025,0.1421004952490308,0.0,0.0,1,1,0,0,0,0,0,0,0.9989661597442627,998966.1597442627
Y2024_LAT23.85294_LON90.33435,2024,90.334347129107,23.85293676359464,0.39229958081936966,0.0,0.4606999739190034,0.14480044804030007,0.0,0.002199997221326884,3,0,0,1,0,0,0,1,0.99897958177948,998979.58177948
Y2024_LAT23.85311_LON90.34416,2024,90.34415714128566,23.85310632834217,0.3929000766414283,0.01410002134291197,0.13349947552953734,0.45860042141121043,0.0009000050749119801,0.0,4,0,0,0,1,0,0,1,0.9989929579925537,998992.9579925537
Y2024_LAT23.85328_LON90.35397,2024,90.35396724451219,23.853275269547233,0.532599817450081,0.025100019189211877,0.013700084036626453,0.4280000757307729,0.000600003593307689,0.0,1,1,0,0,0,0,0,0,0.9990062775421142,999006.2775421143
Y2024_LAT23.85344_LON90.36378,2024,90.36377743835727,23.85344358714176,0.49810058867142215,0.1731002857411296,0.09819958466512821,0.23059954092232007,0.0,0.0,1,1,0,0,0,0,0,1,0.9990195532989502,999019.5532989502
Y2024_LAT23.85361_LON90.37359,2024,90.37358772264568,23.853611280975656,0.9204003608245009,0.01919988917266377,0.0,0.060399750002835324,0.0,0.0,1,1,0,0,0,0,0,0,0.9990327780685425,999032.7780685425
Y2024_LAT23.85378_LON90.3834,2024,90.38339809685728,23.853778351178395,0.9767999078827825,0.019500087465480372,0.0007000021465089273,0.0014999928293557769,0.0,0.0015000096758724603,1,1,0,0,0,0,0,0,0.9990459542541504,999045.9542541504
Y2024_LAT23.85394_LON90.39321,2024,90.3932085608357,23.853944797669996,0.18979985450251835,0.6205001020950025,0.0008999994288525507,0.057999821163363906,0.0,0.13080022281026266,2,0,1,0,0,0,0,0,0.9990590819549561,999059.081954956
Y2024_LAT23.85411_LON90.40302,2024,90.40301911406132,23.8541106204841,0.9885000692288259,0.011499930771174017,0.0,0.0,0.0,0.0,1,1,0,0,0,0,0,0,0.9990721604995727,999072.1604995728
Y2024_LAT23.85428_LON90.41283,2024,90.41282975646459,23.85427581947158,0.9834000757964421,0.010799952358559444,0.0,0.005799971844998514,0.0,0.0,1,1,0,0,0,0,0,0,0.9990851894989013,999085.1894989014
Y2024_LAT23.85444_LON90.42264,2024,90.42264048732822,23.85444039471085,1.0,0.0,0.0,0.0,0.0,0.0,1,1,0,0,0,0,0,0,0.9990981697387695,999098.1697387695
Y2024_LAT23.8546_LON90.43245,2024,90.43245130676237,23.85460434618494,0.9208995982632956,0.00010000029015202031,0.049100234870084435,0.029100161972033366,0.0,0.0008000046044346814,1,1,0,0,0,0,0,0,0.9991110994720459,999111.0994720459
Y2024_LAT23.85477_LON90.44226,2024,90.44226221400886,23.854767673863886,0.38789993541323736,0.0027999877316660367,0.35950016295814596,0.24979991389695064,0.0,0.0,1,1,0,0,0,0,0,1,0.9991239810028076,999123.9810028076
Y2024_LAT23.85493_LON90.45207,2024,90.45207320908156,23.854930377638144,0.5957009239466431,0.03849983209305258,0.1437993108609324,0.22199993309937208,0.0,0.0,1,1,0,0,0,0,0,0,0.9991368138504029,999136.8138504028
Y2024_LAT23.85509_LON90.46188,2024,90.46188429141417,23.855092457552743,0.47031102160566296,0.030239373748484715,0.05817577377239158,0.42555333098270676,0.0,0.015720499890753983,1,1,0,0,0,0,0,1,0.9978506957702636,997850.6957702637
Y2024_LAT23.85525_LON90.4717,2024,90.47169546076705,23.8552539135842,0.1020726324756229,0.0,0.29487643711307404,0.592100565703887,0.010950364707416031,0.0,4,0,0,0,1,0,0,0,0.2554849187927246,255484.9187927246
Y2024_LAT23.85825_LON90.12816,2024,90.1281595165627,23.85825295405436,0.0,0.0,1.0,0.0,0.0,0.0,3,0,0,1,0,0,0,0,0.01428132363128662,14281.323631286621
Y2024_LAT23.85844_LON90.13797,2024,90.13796821733465,23.858435686653383,0.7110926821904371,0.0,0.2889073178095629,0.0,0.0,0.0,1,1,0,0,0,0,0,0,0.7860791742477417,786079.1742477417
Y2024_LAT23.85862_LON90.14778,2024,90.14777701605465,23.858617795927742,0.6782990186076552,0.0007000017451917231,0.3210009796471532,0.0,0.0,0.0,1,1,0,0,0,0,0,0,0.9987161750564575,998716.1750564575
Y2024_LAT23.8588_LON90.15759,2024,90.15758591263823,23.858799281843947,0.14919988304243492,0.0031000155802752335,0.8477001013772899,0.0,0.0,0.0,3,0,0,1,0,0,0,0,0.99873047971344,998730.4797134399
Y2024_LAT23.85898_LON90.16739,2024,90.16739490654933,23.858980144268955,0.04859978646526742,0.0,0.9512002121291688,0.00020000140556379243,0.0,0.0,3,0,0,1,0,0,0,0,0.9987447357635498,998744.7357635498
Y2024_LAT23.85916_LON90.1772,2024,90.17720399753132,23.85916038322108,0.16369945469809435,0.04239992056940294,0.7526006151840757,0.041300009548427,0.0,0.0,3,0,0,1,0,0,0,0,0.9987589415435791,998758.9415435791
Y2024_LAT23.85934_LON90.18701,2024,90.18701318533337,23.859339998785764,0.008500002813922979,0.0,0.9914999971860771,0.0,0.0,0.0,3,0,0,1,0,0,0,0,0.9987731014709472,998773.1014709473
Y2024_LAT23.85952_LON90.19682,2024,90.1968224695223,23.85951899083173,0.000399999550006621,0.0,0.9996000004499934,0.0,0.0,0.0,3,0,0,1,0,0,0,0,0.9987872106552124,998787.2106552124
Y2024_LAT23.8597_LON90.20663,2024,90.20663184970567,23.859697359340366,0.16060018098614445,0.0,0.8393998190138555,0.0,0.0,0.0,3,0,0,1,0,0,0,0,0.9988012703018189,998801.2703018188
Y2024_LAT23.85988_LON90.21644,2024,90.21644132573505,23.859875104366267,0.07859980798066103,0.0,0.6865996485282051,0.23480054349113386,0.0,0.0,3,0,0,1,0,0,0,0,0.9988152824325561,998815.2824325562
Y2024_LAT23.86005_LON90.22625,2024,90.22625089712375,23.86005222573555,0.0,0.0,0.968100197944651,0.031899802055349036,0.0,0.0,3,0,0,1,0,0,0,0,0.9988292430114746,998829.2430114746
Y2024_LAT23.86023_LON90.23606,2024,90.23606056358047,23.860228723536842,0.4050006827013997,0.0,0.4146985354336007,0.18030078186499954,0.0,0.0,3,0,0,1,0,0,0,1,0.9988431565551757,998843.1565551758
Y2024_LAT23.8604_LON90.24587,2024,90.24587032471145,23.86040459774019,0.616499524074095,0.08730023846592039,0.25120026660069095,0.043199960740356515,0.0018000101189372631,0.0,1,1,0,0,0,0,0,0,0.9988570200881958,998857.0200881958
Y2024_LAT23.86058_LON90.25568,2024,90.25568018036557,23.860579848309182,0.9316003376322741,0.0,0.04009976393842032,0.027499902389209085,0.0007999960400964858,0.0,1,1,0,0,0,0,0,0,0.9988708347930908,998870.8347930908
Y2024_LAT23.86075_LON90.26549,2024,90.26549013001554,23.860754475204757,0.5876994741820747,0.1709001433671845,0.23930038876328338,0.0020999936874574487,0.0,0.0,1,1,0,0,0,0,0,0,0.9988846024093628,998884.6024093628
Y2024_LAT23.86093_LON90.2753,2024,90.27530017327409,23.860928478411353,0.2430997613658933,0.10580051327064521,0.6510997253634615,0.0,0.0,0.0,3,0,0,1,0,0,0,0,0.9988983164901734,998898.3164901733
Y2024_LAT23.8611_LON90.28511,2024,90.28511031017463,23.86110185790649,0.2776008526996928,0.4121991218275775,0.3102000254727297,0.0,0.0,0.0,2,0,1,0,0,0,0,1,0.9989119842910766,998911.9842910767
Y2024_LAT23.86127_LON90.29492,2024,90.29492053998196,23.861274613670293,0.6148000712232843,0.10100001543393296,0.28409991367617704,9.999966660576067e-05,0.0,0.0,1,1,0,0,0,0,0,0,0.9989256020889282,998925.6020889282
Y2024_LAT23.86145_LON90.30473,2024,90.30473086251274,23.861446745670065,0.9152004616699897,0.0655996323465549,0.01919990598345546,0.0,0.0,0.0,1,1,0,0,0,0,0,0,0.9989391711807251,998939.1711807251
Y2024_LAT23.86162_LON90.31454,2024,90.31454127752333,23.86161825385268,0.9599998000279943,0.034600171565272946,0.0,0.005400028406732737,0.0,0.0,1,1,0,0,0,0,0,0,0.9989526912155151,998952.6912155151
Y2024_LAT23.86179_LON90.32435,2024,90.32435178451567,23.861789138329993,0.9405996640591386,0.059400335940861304,0.0,0.0,0.0,0.0,1,1,0,0,0,0,0,0,0.9989661628494263,998966.1628494263
Y2024_LAT23.86196_LON90.33416,2024,90.33416238322182,23.861959398862254,0.3477991853967577,0.2508999850464294,0.19920080560547446,0.13640007394124662,0.0,0.06569995001009186,1,1,0,0,0,0,0,1,0.9989795853881835,998979.5853881836
Y2024_LAT23.86213_LON90.34397,2024,90.3439730733091,23.862129035637217,0.06670030445622789,0.4077999373682627,0.310499202585184,0.21490055625093343,0.0,9.999933939211323e-05,2,0,1,0,0,0,0,1,0.9989929580688477,998992.9580688477
Y2024_LAT23.8623_LON90.35378,2024,90.3537838545608,23.86229804845084,0.9301002979640476,0.003099980992313177,0.0,0.06679972104363927,0.0,0.0,1,1,0,0,0,0,0,0,0.999006280960083,999006.280960083
Y2024_LAT23.86247_LON90.36359,2024,90.3635947263993,23.862466437383123,0.9237002417315294,0.00039999973665586825,0.0,0.07589975853181469,0.0,0.0,1,1,0,0,0,0,0,0,0.9990195557250977,999019.5557250977
Y2024_LAT23.86263_LON90.37341,2024,90.37340568866655,23.862634202412984,0.872300089771001,0.004099995996045666,0.0,0.12359991423295331,0.0,0.0,1,1,0,0,0,0,0,0,0.9990327812728882,999032.7812728882
Y2024_LAT23.8628_LON90.38322,2024,90.38321674099215,23.862801343461857,0.8247001924960204,0.02540002917289901,0.03820000927072058,0.11169976906036008,0.0,0.0,1,1,0,0,0,0,0,0,0.9990459580001831,999045.9580001831
Y2024_LAT23.86297_LON90.39303,2024,90.39302788297688,23.862967860621602,0.9004000205364099,0.02360000621480452,0.0,0.024099965068106282,0.0,0.05190000818067936,1,1,0,0,0,0,0,0,0.9990590836410522,999059.0836410522
Y2024_LAT23.86313_LON90.40284,2024,90.40283911440984,23.86313375376649,1.0,0.0,0.0,0.0,0.0,0.0,1,1,0,0,0,0,0,0,0.9990721621627807,999072.1621627808
Y2024_LAT23.8633_LON90.41265,2024,90.41265043476572,23.86329902286202,1.0,0.0,0.0,0.0,0.0,0.0,1,1,0,0,0,0,0,0,0.9990851920700073,999085.1920700073
Y2024_LAT23.86346_LON90.42246,2024,90.42246184397733,23.863463667901403,1.0,0.0,0.0,0.0,0.0,0.0,1,1,0,0,0,0,0,0,0.99909817162323,999098.17162323
Y2024_LAT23.86363_LON90.43227,2024,90.43227334149898,23.86362768893338,0.9828998973656206,0.006000036211005602,0.0,0.011100066423373828,0.0,0.0,1,1,0,0,0,0,0,0,0.9991111030197144,999111.1030197144
Y2024_LAT23.86379_LON90.44208,2024,90.44208492704509,23.863791085843058,0.9317997923679384,0.018900040948732637,0.036800187548450825,0.012499979134878087,0.0,0.0,1,1,0,0,0,0,0,0,0.9991239834213257,999123.9834213257
Y2024_LAT23.86395_LON90.4519,2024,90.4518966002369,23.863953858680702,0.851400466274577,0.03389986441749724,0.0641996778780179,0.05049999142990789,0.0,0.0,1,1,0,0,0,0,0,0,0.9991368160934448,999136.8160934448
Y2024_LAT23.86412_LON90.46171,2024,90.46170836094092,23.864116007374196,0.6821995587766823,0.05999993708394742,0.15620019595177514,0.10160030818759515,0.0,0.0,1,1,0,0,0,0,0,0,0.9991496009216309,999149.6009216309
Y2024_LAT23.86428_LON90.47152,2024,90.4715202084976,23.864277531886,0.08813485618391172,0.032358832616526036,0.15909745338033815,0.7167188109797751,0.0036900468394490374,0.0,4,0,0,0,1,0,0,0,0.7040084608383179,704008.4608383179
Y2024_LAT23.86709_LON90.11815,2024,90.11815116225434,23.86709057165913,1.0,0.0,0.0,0.0,0.0,0.0,1,1,0,0,0,0,0,0,0.0025965678787231447,2596.5678787231445
Y2024_LAT23.86727_LON90.12796,2024,90.12796044215904,23.867274005416917,0.3546593121974574,0.005717812129989153,0.6396228756725535,0.0,0.0,0.0,3,0,0,1,0,0,0,0,0.6462517286682129,646251.7286682129
Y2024_LAT23.86746_LON90.13777,2024,90.13776982052174,23.867456815575864,0.5439003879837114,0.051499963377620944,0.4040996502481101,0.0004999983905574484,0.0,0.0,1,1,0,0,0,0,0,0,0.9987018231048584,998701.8231048584
Y2024_LAT23.86764_LON90.14758,2024,90.14757929699556,23.86763900211706,0.3082999347148274,0.125000324715736,0.5666997405694366,0.0,0.0,0.0,3,0,0,1,0,0,0,0,0.9987161775817871,998716.1775817871
Y2024_LAT23.86782_LON90.15739,2024,90.15738887130888,23.867820564896334,0.12049987215973737,0.028399830075406154,0.8397002732303847,0.011400024534471852,0.0,0.0,3,0,0,1,0,0,0,0,0.998730481666565,998730.4816665649
Y2024_LAT23.868_LON90.1672,2024,90.16719854295404,23.868001504038673,0.13949948661121644,0.0,0.8605005133887835,0.0,0.0,0.0,3,0,0,1,0,0,0,0,0.9987447389678955,998744.7389678955
Y2024_LAT23.86818_LON90.17701,2024,90.17700831176992,23.868181819566637,0.06860026811490405,0.0,0.9255997376613869,0.005799994223709006,0.0,0.0,3,0,0,1,0,0,0,0,0.9987589476623535,998758.9476623535
Y2024_LAT23.86836_LON90.18682,2024,90.18681817732606,23.868361511226762,0.09819979505001111,0.0,0.8937001676708246,0.008100037279164302,0.0,0.0,3,0,0,1,0,0,0,0,0.9987731045761108,998773.1045761108
Y2024_LAT23.86854_LON90.19663,2024,90.19662813932348,23.868540579182,0.2582000455971545,0.00029999819516066275,0.7413999562975079,9.999991017701357e-05,0.0,0.0,3,0,0,1,0,0,0,0,0.9987872130584717,998787.2130584717
Y2024_LAT23.86872_LON90.20644,2024,90.20643819748497,23.868719023351957,0.3685005258342879,0.0,0.6251994690758905,0.0063000050898217004,0.0,0.0,3,0,0,1,0,0,0,0,0.9988012739715576,998801.2739715576
Y2024_LAT23.8689_LON90.21625,2024,90.21624835134534,23.868896843680513,0.2290996404968656,0.0,0.7691003692808009,0.001799990222333463,0.0,0.0,3,0,0,1,0,0,0,0,0.9988152824401856,998815.2824401855
Y2024_LAT23.86907_LON90.22606,2024,90.22605860068604,23.86907404025717,0.19860077352193511,0.0,0.8013992264780649,0.0,0.0,0.0,3,0,0,1,0,0,0,0,0.9988292463455201,998829.24634552
Y2024_LAT23.86925_LON90.23587,2024,90.23586894514035,23.869250612924038,0.5807992696640771,0.0,0.2229011430264606,0.19629958730946223,0.0,0.0,1,1,0,0,0,0,0,0,0.9988431586227416,998843.1586227417
Y2024_LAT23.86943_LON90.24568,2024,90.24567938423829,23.86942656165754,0.08840007714940126,0.0,0.9115999228505988,0.0,0.0,0.0,3,0,0,1,0,0,0,0,0.9988570236129761,998857.0236129761
Y2024_LAT23.8696_LON90.25549,2024,90.25548991786187,23.86960188653584,0.8778007182421631,0.0,0.12219928175783694,0.0,0.0,0.0,1,1,0,0,0,0,0,0,0.9988708373184204,998870.8373184204
Y2024_LAT23.86978_LON90.2653,2024,90.26530054560041,23.869776587524374,0.45199911929332875,0.4644008280153037,0.014399988994670503,0.0558000670500666,0.013399996646630455,0.0,2,0,1,0,0,0,0,1,0.9988846041793823,998884.6041793823
Y2024_LAT23.86995_LON90.27511,2024,90.27511126699628,23.869950664526883,0.15549977724270997,0.5027000995272688,0.3149001462677496,0.026899976962271623,0.0,0.0,2,0,1,0,0,0,0,0,0.9988983200454712,998898.3200454712
Y2024_LAT23.87012_LON90.28492,2024,90.28492208194724,23.870124117603833,0.8682005805453795,0.014999918469185317,0.1164995018226467,0.00029999916278844436,0.0,0.0,1,1,0,0,0,0,0,0,0.998911987701416,998911.987701416
Y2024_LAT23.8703_LON90.29473,2024,90.29473298987483,23.87029694660796,0.9583997642419175,0.018500095262639488,0.02310014049544302,0.0,0.0,0.0,1,1,0,0,0,0,0,0,0.9989256048049927,998925.6048049927
Y2024_LAT23.87047_LON90.30454,2024,90.30454399062427,23.87046915158999,0.637300806655138,0.18199967369973563,0.13039952488143758,0.050299994763688814,0.0,0.0,1,1,0,0,0,0,0,0,0.9989391747970581,998939.1747970581
Y2024_LAT23.87064_LON90.31436,2024,90.31435508377945,23.870640732568653,0.9453000878313432,0.024899940825546113,0.007400029112475125,0.02239994223063553,0.0,0.0,1,1,0,0,0,0,0,0,0.9989526946258545,998952.6946258545
Y2024_LAT23.87081_LON90.32417,2024,90.32416626898653,23.870811689406047,0.5909987207776322,0.14090064509050892,0.2681006341318589,0.0,0.0,0.0,1,1,0,0,0,0,0,0,0.9989661659317016,998966.1659317017
Y2024_LAT23.87098_LON90.33398,2024,90.33397754595464,23.87098202223192,0.20490049198991767,0.2406998423147911,0.5258996662810901,0.02239997310837489,0.0,0.006100026305826087,3,0,0,1,0,0,0,0,0.9989795879440307,998979.5879440308
Y2024_LAT23.87115_LON90.34379,2024,90.34378891436967,23.87115173086457,0.3609998708110635,0.4566003700396988,0.17779974949596195,0.004600009653275942,0.0,0.0,2,0,1,0,0,0,0,1,0.9989929580688477,998992.9580688477
Y2024_LAT23.87132_LON90.3536,2024,90.3536003738261,23.871320815399113,0.7507011540384243,0.048199780744133724,0.02169986956182441,0.1793991956556176,0.0,0.0,1,1,0,0,0,0,0,0,0.9990062843017579,999006.2843017578
Y2024_LAT23.87149_LON90.36341,2024,90.3634119239931,23.871489275819783,0.9479002127116313,0.001300002603595611,0.0,0.050799784684773135,0.0,0.0,1,1,0,0,0,0,0,0,0.9990195586929321,999019.5586929321
Y2024_LAT23.87166_LON90.37322,2024,90.37322356466466,23.871657111953418,0.9041998186307015,0.009699972621662238,0.0,0.08610020874763619,0.0,0.0,1,1,0,0,0,0,0,0,0.9990327839508056,999032.7839508057
Y2024_LAT23.87182_LON90.38304,2024,90.3830352954085,23.871824323942175,0.9933000411250298,0.0,0.0,0.006699958874970262,0.0,0.0,1,1,0,0,0,0,0,0,0.9990459603805542,999045.9603805542
Y2024_LAT23.87199_LON90.39285,2024,90.39284711576238,23.871990911643305,0.9787999994657877,0.0,0.0,0.021200000534212365,0.0,0.0,1,1,0,0,0,0,0,0,0.9990590876617431,999059.0876617432
Y2024_LAT23.87216_LON90.40266,2024,90.40265902563388,23.872156875110026,1.0,0.0,0.0,0.0,0.0,0.0,1,1,0,0,0,0,0,0,0.9990721655502319,999072.1655502319
Y2024_LAT23.87232_LON90.41247,2024,90.41247102448115,23.87232221434821,1.0,0.0,0.0,0.0,0.0,0.0,1,1,0,0,0,0,0,0,0.9990851946334839,999085.1946334839
Y2024_LAT23.87249_LON90.42228,2024,90.42228311228459,23.872486929258873,1.0,0.0,0.0,0.0,0.0,0.0,1,1,0,0,0,0,0,0,0.9990981738357544,999098.1738357544
Y2024_LAT23.87265_LON90.4321,2024,90.43209528816465,23.872651019847073,1.0,0.0,0.0,0.0,0.0,0.0,1,1,0,0,0,0,0,0,0.999111104347229,999111.104347229
Y2024_LAT23.87281_LON90.44191,2024,90.44190755230505,23.872814486063863,0.9226996704026114,0.054000241061346856,0.020900087208139097,0.002400001327902763,0.0,0.0,1,1,0,0,0,0,0,0,0.9991239868850708,999123.9868850708
Y2024_LAT23.87298_LON90.45172,2024,90.45171990412088,23.87297732796217,0.6180992820538751,0.02119988122381733,0.30860090466394,0.05209993205836756,0.0,0.0,1,1,0,0,0,0,0,0,0.999136818145752,999136.818145752
Y2024_LAT23.87314_LON90.46153,2024,90.46153234339499,23.873139545423033,0.17116095658100947,0.0032274713634990065,0.6776673596632146,0.14794421239227698,0.0,0.0,3,0,0,1,0,0,0,0,0.9596829937896728,959682.9937896729
Y2024_LAT23.8733_LON90.47134,2024,90.47134486957339,23.87330113850181,0.214762350203449,0.005780354954388724,0.2285461080608144,0.5509111867813479,0.0,0.0,4,0,0,0,1,0,0,0,0.224710787109375,224710.787109375
Y2024_LAT23.87611_LON90.11795,2024,90.11795131140572,23.876111533191573,0.9896497217099223,0.01035027829007771,0.0,0.0,0.0,0.0,1,1,0,0,0,0,0,0,0.5017347626647949,501734.7626647949
Y2024_LAT23.8763_LON90.12776,2024,90.12776126930459,23.87629504467789,0.9609998998190663,0.0,0.03900010018093369,0.0,0.0,0.0,1,1,0,0,0,0,0,0,0.9986874227905274,998687.4227905273
Y2024_LAT23.87648_LON90.13757,2024,90.13757132562863,23.87647793234283,0.6497996824858661,0.09540019335760502,0.2525001215009796,0.0023000026555492614,0.0,0.0,1,1,0,0,0,0,0,0,0.9987018266220092,998701.8266220093
Y2024_LAT23.87666_LON90.14738,2024,90.14738148015802,23.876660196036052,0.13969964309934438,0.04729999160524362,0.8099003719313598,0.00309999336405221,0.0,0.0,3,0,0,1,0,0,0,0,0.9987161812820434,998716.1812820435
Y2024_LAT23.87684_LON90.15719,2024,90.15719173245301,23.876841835856744,0.09450027445596579,9.999929546407186e-05,0.8968997381071497,0.008499988141420436,0.0,0.0,3,0,0,1,0,0,0,0,0.9987304861221313,998730.4861221313
Y2024_LAT23.87702_LON90.167,2024,90.1670020822725,23.877022851766043,0.20140016983064943,0.005900032316908807,0.788699786277182,0.0040000115752599095,0.0,0.0,3,0,0,1,0,0,0,0,0.9987447427978515,998744.7427978516
Y2024_LAT23.8772_LON90.17681,2024,90.1768125292479,23.877203243636924,0.1754002964567971,0.0003000006422093674,0.750899908793467,0.07339979410752646,0.0,0.0,3,0,0,1,0,0,0,0,0.998758950012207,998758.950012207
Y2024_LAT23.87738_LON90.18662,2024,90.18662307287266,23.877383011559388,0.40949913401074073,0.0,0.5905008659892593,0.0,0.0,0.0,3,0,0,1,0,0,0,0,0.9987731086196899,998773.1086196899
Y2024_LAT23.87756_LON90.19643,2024,90.19643371308563,23.877562155447613,0.07139995565661383,0.0,0.9108000370265428,0.010100002190659573,0.00770000512618384,0.0,3,0,0,1,0,0,0,0,0.9987872164993287,998787.2164993286
Y2024_LAT23.87774_LON90.20624,2024,90.20624444951497,23.87774067529816,0.11160012321714596,0.0,0.888399876782854,0.0,0.0,0.0,3,0,0,1,0,0,0,0,0.9988012771224976,998801.2771224976
Y2024_LAT23.87792_LON90.21606,2024,90.21605528152162,23.877918571034517,0.03859985053164339,0.0,0.9265003263639996,0.034899823104357006,0.0,0.0,3,0,0,1,0,0,0,0,0.9988152876358032,998815.2876358032
Y2024_LAT23.8781_LON90.22587,2024,90.22586620914839,23.87809584265005,0.2967010572138651,0.0,0.7020989346045134,0.001200008181621484,0.0,0.0,3,0,0,1,0,0,0,0,0.9988292495346069,998829.2495346069
Y2024_LAT23.87827_LON90.23568,2024,90.2356772318903,23.878272490204925,0.542699163245563,0.06850033410295615,0.19520088540685182,0.15439943244844034,0.039200184796188704,0.0,1,1,0,0,0,0,0,0,0.9988431631622314,998843.1631622314
Y2024_LAT23.87845_LON90.24549,2024,90.24548834935878,23.87844851361742,0.37160074986696867,0.008799963787033613,0.5944994432605312,0.011399932078912496,0.013699911006553881,0.0,3,0,0,1,0,0,0,0,0.9988570266036987,998857.0266036987
Y2024_LAT23.87862_LON90.2553,2024,90.25529956130038,23.87862391286281,0.8834004974100901,0.006400030491949824,0.10349943903672579,0.006700033061234319,0.0,0.0,1,1,0,0,0,0,0,0,0.998870839920044,998870.839920044
Y2024_LAT23.8788_LON90.26511,2024,90.26511086741313,23.87879868783402,0.5250994004640576,0.4170007245649737,0.041099923856287524,0.016799951114681345,0.0,0.0,1,1,0,0,0,0,0,0,0.9988846053848267,998884.6053848267
Y2024_LAT23.87897_LON90.27492,2024,90.2749222672763,23.878972838658918,0.25459943977295674,0.3615997931443898,0.3838007670826535,0.0,0.0,0.0,3,0,0,1,0,0,0,1,0.9988983231964111,998898.3231964111
Y2024_LAT23.87915_LON90.28473,2024,90.28473376064218,23.87914636522047,0.3832006988934537,0.09649965816908869,0.5202996429374577,0.0,0.0,0.0,3,0,0,1,0,0,0,0,0.9989119898910522,998911.9898910522
Y2024_LAT23.87932_LON90.29455,2024,90.29454534703868,23.879319267562146,1.0,0.0,0.0,0.0,0.0,0.0,1,1,0,0,0,0,0,0,0.9989256082839966,998925.6082839966
Y2024_LAT23.87949_LON90.30436,2024,90.30435702627162,23.87949154556289,1.0,0.0,0.0,0.0,0.0,0.0,1,1,0,0,0,0,0,0,0.998939177810669,998939.177810669
Y2024_LAT23.87966_LON90.31417,2024,90.3141687979401,23.87966319926252,0.8403995239504799,0.15590045660749094,0.0037000194420291708,0.0,0.0,0.0,1,1,0,0,0,0,0,0,0.998952697265625,998952.697265625
Y2024_LAT23.87983_LON90.32398,2024,90.32398066168815,23.879834228672898,0.6989990068624998,0.01640004102759017,0.2742009524997418,0.010399999610168268,0.0,0.0,1,1,0,0,0,0,0,0,0.9989661686553956,998966.1686553955
Y2024_LAT23.88_LON90.33379,2024,90.33379261727517,23.8800046336642,0.8455998808314267,0.032499947258460775,0.060299885561804344,0.061600286348308324,0.0,0.0,1,1,0,0,0,0,0,0,0.9989795902862549,998979.5902862549
Y2024_LAT23.88017_LON90.3436,2024,90.34360466428737,23.88017441428874,0.3975990118069722,0.008199990614022047,0.0721001772605706,0.4956007641209423,0.00419998613105292,0.02230007006643997,4,0,0,0,1,0,0,1,0.9989929580688477,998992.9580688477
Y2024_LAT23.88034_LON90.35342,2024,90.35341680239053,23.880343570500127,0.3359010350128064,0.0,0.0028001404031934045,0.4565382486773769,0.2047605759066233,0.0,4,0,0,0,1,0,0,1,0.856248426498413,856248.4264984131
Y2024_LAT23.88051_LON90.36323,2024,90.3632290312946,23.880512102303292,0.9745001350796954,0.002600004948879784,0.0,0.022899859971424835,0.0,0.0,1,1,0,0,0,0,0,0,0.9990195611114502,999019.5611114502
Y2024_LAT23.88068_LON90.37304,2024,90.37304135059024,23.880680009676105,0.9995999997721399,0.0,0.0,0.0004000002278601599,0.0,0.0,1,1,0,0,0,0,0,0,0.9990327866134644,999032.7866134644
Y2024_LAT23.88085_LON90.38285,2024,90.38285375997341,23.880847292532742,1.0,0.0,0.0,0.0,0.0,0.0,1,1,0,0,0,0,0,0,0.9990459630889893,999045.9630889893
Y2024_LAT23.88101_LON90.39267,2024,90.3926662592164,23.88101395091788,0.9257359094573921,0.01340697523822227,0.0,0.060857115304385596,0.0,0.0,1,1,0,0,0,0,0,0,0.7600832523422241,760083.2523422241
Y2024_LAT23.88118_LON90.40248,2024,90.40247884781476,23.881179984723175,0.9916253820542718,0.0,0.0,0.008374617945728196,0.0,0.0,1,1,0,0,0,0,0,0,0.524912664932251,524912.664932251
Y2024_LAT23.88135_LON90.41229,2024,90.41229152548857,23.881345394028912,0.9764690180065091,0.002420337539579283,0.0,0.021110644453911694,0.0,0.0,1,1,0,0,0,0,0,0,0.7430201359024048,743020.1359024048
Y2024_LAT23.88151_LON90.4221,2024,90.42210429199648,23.881510178827096,0.9965999910484978,0.003300008727302541,0.0,0.00010000022419968576,0.0,0.0,1,1,0,0,0,0,0,0,0.9990981781158448,999098.1781158447
Y2024_LAT23.88167_LON90.43192,2024,90.43191714687842,23.88167433892366,1.0,0.0,0.0,0.0,0.0,0.0,1,1,0,0,0,0,0,0,0.999111107849121,999111.1078491211
Y2024_LAT23.88184_LON90.44173,2024,90.4417300898672,23.881837874453563,0.9793999790433514,0.0003000019025440298,0.006500007699379324,0.013800011354725307,0.0,0.0,1,1,0,0,0,0,0,0,0.9991239890594482,999123.9890594482
Y2024_LAT23.882_LON90.45154,2024,90.45154312060482,23.882000785354826,0.6647994708564808,0.004199979971372905,0.2789004936624479,0.0521000555096984,0.0,0.0,1,1,0,0,0,0,0,0,0.9991368210678101,999136.8210678101
Y2024_LAT23.88216_LON90.46136,2024,90.46135623874355,23.882163071670725,0.37722730386355136,0.008098483780895418,0.39666295525606665,0.2180112570994867,0.0,0.0,3,0,0,1,0,0,0,1,0.6168735284347534,616873.5284347534
Y2024_LAT23.88495_LON90.10794,2024,90.1079408243858,23.884948269152503,0.5508021645457003,0.0,0.4491978354542997,0.0,0.0,0.0,1,1,0,0,0,0,0,0,0.01867504242706299,18675.04242706299
Y2024_LAT23.88513_LON90.11775,2024,90.11775136173655,23.885132482546023,0.819574441431494,0.005707638529253463,0.059719061716556165,0.09903852067302987,0.01596033764966644,0.0,1,1,0,0,0,0,0,0,0.9448448193359374,944844.8193359375
Y2024_LAT23.88532_LON90.12756,2024,90.12756199790492,23.88531607182513,0.71799932671508,0.009899981704177527,0.2068006177988458,0.06240008551062765,0.0028999882712689978,0.0,1,1,0,0,0,0,0,0,0.998687426574707,998687.426574707
Y2024_LAT23.8855_LON90.13737,2024,90.13737273262448,23.885499036974014,0.030699875258231417,0.0005999984592088964,0.882600504381577,0.08399963536086463,0.0020999865401180214,0.0,3,0,0,1,0,0,0,0,0.9987018291778564,998701.8291778564
Y2024_LAT23.88568_LON90.14718,2024,90.14718356554981,23.885681377994782,0.2447010353404598,0.0,0.7552989646595402,0.0,0.0,0.0,3,0,0,1,0,0,0,0,0.9987161847610474,998716.1847610474
Y2024_LAT23.88586_LON90.15699,2024,90.15699449619838,23.88586309480321,0.3905996735553627,0.005999972947529163,0.6025003567165884,0.00019999941527330833,0.0,0.0006999973652464613,3,0,0,1,0,0,0,0,0.9987304895019531,998730.4895019531
Y2024_LAT23.88604_LON90.16681,2024,90.16680552442375,23.88604418734486,0.28939952703992083,0.0,0.7106004729600792,0.0,0.0,0.0,3,0,0,1,0,0,0,0,0.9987447457885742,998744.7457885742
Y2024_LAT23.88622_LON90.17662,2024,90.17661664989039,23.886224655769425,0.17660091210762457,0.0,0.8220990806143955,0.0013000072779799287,0.0,0.0,3,0,0,1,0,0,0,0,0.9987589513015747,998758.9513015747
Y2024_LAT23.8864_LON90.18643,2024,90.18642787194865,23.886404499819488,0.5966988711140995,0.0014000012146891407,0.40190112767121144,0.0,0.0,0.0,1,1,0,0,0,0,0,0,0.9987731115264893,998773.1115264893
Y2024_LAT23.88658_LON90.19624,2024,90.19623919080364,23.886583719668685,0.5753004458109415,0.00020000039970503056,0.4244995537893534,0.0,0.0,0.0,1,1,0,0,0,0,0,0,0.9987872189865112,998787.2189865112
Y2024_LAT23.88676_LON90.20605,2024,90.20605060561063,23.886762315116666,0.2719999214691569,0.0,0.7105000528053681,0.01750002572547495,0.0,0.0,3,0,0,1,0,0,0,0,0.9988012796249389,998801.279624939
Y2024_LAT23.88694_LON90.21586,2024,90.21586211628791,23.886940286283938,0.14010022982159906,0.0,0.8598997701784009,0.0,0.0,0.0,3,0,0,1,0,0,0,0,0.9988152931594849,998815.2931594849
Y2024_LAT23.88712_LON90.22567,2024,90.22567372246279,23.887117633117875,0.5413002855829036,0.0,0.3820993347778563,0.07660037963924017,0.0,0.0,1,1,0,0,0,0,0,0,0.9988292523956299,998829.2523956299
Y2024_LAT23.88729_LON90.23549,2024,90.23548542389499,23.887294355553557,0.5938001528352371,0.030600163307679184,0.22270007522747529,0.15289960862960836,0.0,0.0,1,1,0,0,0,0,0,0,0.9988431650543212,998843.1650543213
Y2024_LAT23.88747_LON90.2453,2024,90.24529721995884,23.88747045352495,0.7929994740520858,0.023099963177911607,0.1839005627700026,0.0,0.0,0.0,1,1,0,0,0,0,0,0,0.9988570294494629,998857.0294494629
Y2024_LAT23.88765_LON90.25511,2024,90.25510911064661,23.887645927094212,0.8442002175610123,0.09620004935554856,0.057399731985246276,0.0022000010981928515,0.0,0.0,1,1,0,0,0,0,0,0,0.9988708434371948,998870.8434371948
Y2024_LAT23.88782_LON90.26492,2024,90.26492109544404,23.887820776227763,0.7940993604498063,0.11680047346748278,0.019299915984421375,0.06980025009828955,0.0,0.0,1,1,0,0,0,0,0,0,0.9988846057662963,998884.6057662964
Y2024_LAT23.888_LON90.27473,2024,90.27473317411365,23.88799500083301,0.2513990875347019,0.28259989184041373,0.4304008522427514,0.035600168382133125,0.0,0.0,3,0,0,1,0,0,0,1,0.9988983257446289,998898.3257446289
Y2024_LAT23.88817_LON90.28455,2024,90.28454534613876,23.888168600941068,0.14120035479575832,0.0,0.8587996452042417,0.0,0.0,0.0,3,0,0,1,0,0,0,0,0.9989119933242798,998911.9933242798
Y2024_LAT23.88834_LON90.29436,2024,90.2943576114211,23.888341576523093,0.931400398858951,0.0,0.06859960114104902,0.0,0.0,0.0,1,1,0,0,0,0,0,0,0.9989256113204956,998925.6113204956
Y2024_LAT23.88851_LON90.30417,2024,90.30416996947874,23.888513927549504,1.0,0.0,0.0,0.0,0.0,0.0,1,1,0,0,0,0,0,0,0.9989391795883179,998939.1795883179
Y2024_LAT23.88869_LON90.31398,2024,90.31398242003155,23.888685654084437,0.9845999631520922,0.015400036847907802,0.0,0.0,0.0,0.0,1,1,0,0,0,0,0,0,0.9989527007904053,998952.7007904053
Y2024_LAT23.88886_LON90.32379,2024,90.32379496267446,23.888856755916844,0.9844999236285761,0.009000055174128885,0.00090000510423549,0.005600016093059577,0.0,0.0,1,1,0,0,0,0,0,0,0.9989661718521118,998966.1718521118
Y2024_LAT23.88903_LON90.33361,2024,90.33360759717443,23.889027233146987,0.3769985907130915,0.07039993022418599,0.24490065955214552,0.2998008081307719,0.007800010717781597,0.00010000066202349511,1,1,0,0,0,0,0,1,0.9989795925750733,998979.5925750732
Y2024_LAT23.8892_LON90.34342,2024,90.34342032308831,23.88919708579177,0.012900012443463647,9.999956802201339e-05,0.00880000470779268,0.9400999897384822,0.02440005533510683,0.013699938207132641,4,0,0,0,1,0,0,0,0.998992962890625,998992.962890625
Y2024_LAT23.88937_LON90.35323,2024,90.35323314018162,23.889366313710504,0.0,0.0,0.2810494374608665,0.2705939887921181,0.4483565737470154,0.0,5,0,0,0,0,1,0,1,0.3917101365890503,391710.1365890503
Y2024_LAT23.88953_LON90.36305,2024,90.36304604804593,23.889534916892327,0.9064226078091202,0.021594843680090427,0.013159336933862517,0.042289748924923744,0.016533462652003117,0.0,1,1,0,0,0,0,0,0,0.8882287384490967,888228.7384490967
Y2024_LAT23.8897_LON90.37286,2024,90.37285904640676,23.889702895410892,0.9598002106771348,0.018799900313204106,0.0,0.021399889009661038,0.0,0.0,1,1,0,0,0,0,0,0,0.9990327898025513,999032.7898025513
Y2024_LAT23.88987_LON90.38267,2024,90.38267213491461,23.88987024920516,1.0,0.0,0.0,0.0,0.0,0.0,1,1,0,0,0,0,0,0,0.9464959260177612,946495.9260177612
Y2024_LAT23.89004_LON90.39249,2024,90.39248531317736,23.890036978215416,0.8661168207816965,0.00028425356863468783,0.0022740283754195717,0.13132489727424923,0.0,0.0,1,1,0,0,0,0,0,0,0.3514677157211304,351467.7157211304
Y2024_LAT23.89037_LON90.41211,2024,90.41211193771267,23.890368561891528,0.04000001160722654,0.0,0.0,0.9599999883927735,0.0,0.0,4,0,0,0,1,0,0,0,0.002497728385925293,2497.728385925293
Y2024_LAT23.89053_LON90.42193,2024,90.42192538340866,23.890533416462034,0.43729464075951213,0.4343695496775135,0.0,0.12833580956297433,0.0,0.0,1,1,0,0,0,0,0,1,0.27325393497467043,273253.9349746704
Y2024_LAT23.8907_LON90.43174,2024,90.4317389174173,23.89069764620837,0.8412273226806825,0.03754007242405685,0.1080936418571153,0.013138963038145348,0.0,0.0,1,1,0,0,0,0,0,0,0.9048953443069458,904895.3443069458
Y2024_LAT23.89086_LON90.44155,2024,90.44155253969976,23.890861251127227,0.6241005537557907,0.023900050009318347,0.21379954349658842,0.1381998527383026,0.0,0.0,1,1,0,0,0,0,0,0,0.9991239922561646,999123.9922561646
Y2024_LAT23.89102_LON90.45137,2024,90.45136624966206,23.891024231067785,0.44210052935505667,0.05539986418041545,0.44569946675862826,0.05680013970589963,0.0,0.0,3,0,0,1,0,0,0,1,0.9991368239059448,999136.8239059448
Y2024_LAT23.89119_LON90.46118,2024,90.46118004704978,23.89118658605238,0.052347919249647955,0.000504963665349674,0.7242891151908013,0.22235303807461676,0.0005049638195844691,0.0,3,0,0,1,0,0,0,0,0.5935932569046021,593593.256904602
Y2024_LAT23.89397_LON90.10774,2024,90.10774009725942,23.893969128205097,0.7985615793946298,0.05602792138518315,0.14453847193647051,0.0008720272837165459,0.0,0.0,1,1,0,0,0,0,0,0,0.4580860647506714,458086.0647506714
Y2024_LAT23.89415_LON90.11755,2024,90.11755131324067,23.894153419720762,0.502199963081425,0.014699967180989105,0.2639990905106153,0.21890097784322202,0.0002000013837484985,0.0,1,1,0,0,0,0,0,0,0.9986729763031006,998672.9763031006
Y2024_LAT23.89434_LON90.12736,2024,90.12736262809105,23.894337086837012,0.5514995108534749,0.0035999885880483597,0.33910108730634647,0.07769958224686635,0.0280998310052639,0.0,1,1,0,0,0,0,0,0,0.9986874301147461,998687.4301147461
Y2024_LAT23.89452_LON90.13717,2024,90.13717404147403,23.894520129493834,0.38649970867594324,0.0,0.5035001397676006,0.10670014092130767,0.00039999718378915563,0.002900013451359515,3,0,0,1,0,0,0,0,0.9987018327178955,998701.8327178955
Y2024_LAT23.8947_LON90.14699,2024,90.14698555296566,23.89470254771746,0.5049005309320257,0.013099982104012357,0.3770000189948372,0.10499946796912489,0.0,0.0,1,1,0,0,0,0,0,0,0.9987161870193482,998716.1870193481
Y2024_LAT23.89488_LON90.1568,2024,90.15679716252203,23.894884341551684,0.39459980577900705,0.0003000006882891025,0.6051001935327038,0.0,0.0,0.0,3,0,0,1,0,0,0,0,0.9987304916152954,998730.4916152954
Y2024_LAT23.89507_LON90.16661,2024,90.16660886942951,23.895065510930642,0.06770013989154136,0.006000022843921434,0.9262998372645372,0.0,0.0,0.0,3,0,0,1,0,0,0,0,0.9987447491455078,998744.7491455078
Y2024_LAT23.89525_LON90.17642,2024,90.17642067361078,23.895246055751066,0.40980077154669736,0.0,0.5901992284533026,0.0,0.0,0.0,3,0,0,1,0,0,0,0,0.9987589559249878,998758.9559249878
Y2024_LAT23.89543_LON90.18623,2024,90.18623257462549,23.895425976084976,0.4545991370771915,0.02669987438384489,0.5187009885389636,0.0,0.0,0.0,3,0,0,1,0,0,0,0,0.9987731140823364,998773.1140823364
Y2024_LAT23.89561_LON90.19604,2024,90.19604457221276,23.895605271762815,0.19899980847351637,0.0,0.8010001915264836,0.0,0.0,0.0,3,0,0,1,0,0,0,0,0.998787222946167,998787.222946167
Y2024_LAT23.89578_LON90.20586,2024,90.20585666596335,23.895783942940227,0.3590002019243622,0.0,0.6409997980756378,0.0,0.0,0.0,3,0,0,1,0,0,0,0,0.998801282836914,998801.2828369141
Y2024_LAT23.89596_LON90.21567,2024,90.21566885558094,23.89596198955111,0.7819002225774871,0.003999975965422607,0.21409980145709026,0.0,0.0,0.0,1,1,0,0,0,0,0,0,0.9988152952728272,998815.2952728271
Y2024_LAT23.89614_LON90.22548,2024,90.22548114066961,23.896139411474614,0.64030042867662,0.0012999954431949597,0.2898992759683158,0.06820029942637128,0.00030000048549805135,0.0,1,1,0,0,0,0,0,0,0.9988292551498413,998829.2551498413
Y2024_LAT23.89632_LON90.23529,2024,90.23529352095693,23.896316208759604,0.8298002827482728,0.0013000084071446247,0.027900136609140768,0.1409995722354418,0.0,0.0,1,1,0,0,0,0,0,0,0.9988431686019897,998843.1686019897
Y2024_LAT23.89649_LON90.24511,2024,90.24510599620038,23.8964923814092,0.7508995576028339,0.0740003325758325,0.1508000866919144,0.02430002312941926,0.0,0.0,1,1,0,0,0,0,0,0,0.9988570328216553,998857.0328216553
Y2024_LAT23.89667_LON90.25492,2024,90.25491856579885,23.89666792931216,0.49150078209229253,0.11649978563060184,0.293299535589808,0.09869989668729766,0.0,0.0,1,1,0,0,0,0,0,1,0.9988708466033935,998870.8466033936
Y2024_LAT23.89684_LON90.26473,2024,90.26473122968167,23.896842852476585,0.8297996971763109,0.04010011826234415,0.07349992542713357,0.056100257316674416,0.00040000229420015496,9.999952333689726e-05,1,1,0,0,0,0,0,0,0.9988846136093139,998884.613609314
Y2024_LAT23.89702_LON90.27454,2024,90.27454398739351,23.89701715097527,0.2835990972782564,0.08929968207084761,0.5916013884591254,0.03549983219177063,0.0,0.0,3,0,0,1,0,0,0,0,0.9988983276214599,998898.32762146
Y2024_LAT23.89719_LON90.28436,2024,90.28435683859396,23.89719082467666,0.03169997588656356,0.0,0.9608000501462464,0.007499973967190113,0.0,0.0,3,0,0,1,0,0,0,0,0.9989119959106445,998911.9959106445
Y2024_LAT23.89736_LON90.29417,2024,90.29416978297067,23.89736387356079,0.97500015656565,0.0,0.024999843434349977,0.0,0.0,0.0,1,1,0,0,0,0,0,0,0.9989256138076782,998925.6138076782
Y2024_LAT23.89754_LON90.30398,2024,90.30398282021284,23.897536297686035,0.878199392471147,0.121800607528853,0.0,0.0,0.0,0.0,1,1,0,0,0,0,0,0,0.9989391837692261,998939.1837692261
Y2024_LAT23.89771_LON90.3138,2024,90.31379594998613,23.897708096881722,0.7820009381009851,0.2179990618990148,0.0,0.0,0.0,0.0,1,1,0,0,0,0,0,0,0.9989527031784058,998952.7031784058
Y2024_LAT23.89788_LON90.32361,2024,90.32360917176304,23.897879271249717,1.0,0.0,0.0,0.0,0.0,0.0,1,1,0,0,0,0,0,0,0.9989661745147705,998966.1745147705
Y2024_LAT23.89805_LON90.33342,2024,90.33342248560791,23.89804982071534,0.5585989164360536,0.14900053886674947,0.03640018323503616,0.22910034611160388,0.026900015350556826,0.0,1,1,0,0,0,0,0,0,0.998979594581604,998979.594581604
Y2024_LAT23.89822_LON90.34324,2024,90.34323589076368,23.898219745291847,0.14322312837544257,0.030849617099689194,0.5957234339195462,0.23020382060532205,0.0,0.0,3,0,0,1,0,0,0,0,0.8969952746124268,896995.2746124268
Y2024_LAT23.89839_LON90.35305,2024,90.35304938719793,23.8983890449456,0.27808992363456797,0.0,0.4691010910168874,0.2528089853485446,0.0,0.0,3,0,0,1,0,0,0,1,0.0355644084777832,35564.4084777832
Y2024_LAT23.89856_LON90.36286,2024,90.36286297439925,23.898557719634137,0.43750020768622877,0.0,0.0,0.5624997923137712,0.0,0.0,4,0,0,0,1,0,0,0,0.007992201301574707,7992.201301574707
Y2024_LAT23.89873_LON90.37268,2024,90.37267665208984,23.898725769381308,0.715011085850351,0.05022578651810055,0.0,0.2347631276315485,0.0,0.0,1,1,0,0,0,0,0,0,0.1770288427734375,177028.8427734375
Y2024_LAT23.89889_LON90.38249,2024,90.38249041995805,23.898893194050075,0.8865127951899234,0.010416636584216307,0.0,0.1030705682258603,0.0,0.0,1,1,0,0,0,0,0,0,0.36445165724182127,364451.6572418213
Y2024_LAT23.89972_LON90.43156,2024,90.43156059994247,23.899720941671603,0.729323781973218,0.0,0.17919770395573625,0.0914785140710457,0.0,0.0,1,1,0,0,0,0,0,0,0.07972941591644288,79729.41591644287
Y2024_LAT23.89988_LON90.44137,2024,90.44137490170496,23.89988461582114,0.40003566323549117,0.10179453842848996,0.14097443694196066,0.3571953613940582,0.0,0.0,1,1,0,0,0,0,0,1,0.5457212988891602,545721.2988891602
Y2024_LAT23.90005_LON90.45119,2024,90.45118929121746,23.900047664867294,0.029702892612543285,0.007920765419190075,0.4831689743659436,0.4792073676023231,0.0,0.0,3,0,0,1,0,0,0,1,0.15136885875701905,151368.85875701904
Y2024_LAT23.90021_LON90.461,2024,90.46100376824633,23.900210088725718,0.0,0.0,0.893129819096721,0.1068701809032791,0.0,0.0,3,0,0,1,0,0,0,0,0.0392664382019043,39266.4382019043
Y2024_LAT23.90262_LON90.08792,2024,90.0879157791817,23.902619362338964,0.6084336718827411,0.006024098353994629,0.3855422297632643,0.0,0.0,0.0,1,1,0,0,0,0,0,0,0.016577361328125,16577.361328125
Y2024_LAT23.9028_LON90.09773,2024,90.09772747525341,23.902804981119317,0.5248666179801987,0.03996445770822717,0.39372406640273494,0.0414448579088392,0.0,0.0,1,1,0,0,0,0,0,0,0.6746843717803955,674684.3717803955
Y2024_LAT23.90299_LON90.10754,2024,90.10753927086296,23.902989975272064,0.6420574306638285,0.002622271301078403,0.3185072969591026,0.02753408777482377,0.00927891330116674,0.0,1,1,0,0,0,0,0,0,0.9901699400253295,990169.9400253296
Y2024_LAT23.90317_LON90.11735,2024,90.117351165922,23.90317434474127,0.5388999200635509,0.04529999237352744,0.3575001537044304,0.04729998876178573,0.010999945096705545,0.0,1,1,0,0,0,0,0,0,0.9986729803848267,998672.9803848267
Y2024_LAT23.90336_LON90.12716,2024,90.12716315965166,23.903358089657306,0.4961000841077467,0.009399967127204412,0.4644998567453106,0.03000009201973842,0.0,0.0,1,1,0,0,0,0,0,1,0.998687432510376,998687.432510376
Y2024_LAT23.90354_LON90.13698,2024,90.1369752521041,23.903541209896854,0.4008009608068861,0.0,0.5941990360077121,0.0050000031854019605,0.0,0.0,3,0,0,1,0,0,0,0,0.9987018356704712,998701.8356704712
Y2024_LAT23.90372_LON90.14679,2024,90.14678744263458,23.903723705509165,0.6024988418840768,0.0032000098201144748,0.34220097855964815,0.02950009804448382,0.02260007169167678,0.0,1,1,0,0,0,0,0,0,0.998716191078186,998716.191078186
Y2024_LAT23.90391_LON90.1566,2024,90.15659973118292,23.903905576283538,0.6773009404415667,0.03329992386283835,0.22959936440472425,0.006999985516517641,0.05279978577435316,0.0,1,1,0,0,0,0,0,0,0.9987304959640503,998730.4959640503
Y2024_LAT23.90409_LON90.16641,2024,90.16641211732265,23.904086822345192,0.4592995488546965,0.026100154601640026,0.5146002965436636,0.0,0.0,0.0,3,0,0,1,0,0,0,0,0.9987447528152466,998744.7528152466
Y2024_LAT23.90427_LON90.17622,2024,90.17622460057505,23.904267443647793,0.4795000353148881,0.026199892316881277,0.4627000723955564,0.0312999990737704,0.00030000089890381404,0.0,1,1,0,0,0,0,0,1,0.9987589600906372,998758.9600906372
Y2024_LAT23.90445_LON90.18604,2024,90.18603718066718,23.904447440157497,0.9178996389015509,0.0,0.08210036109844909,0.0,0.0,0.0,1,1,0,0,0,0,0,0,0.9987731175460816,998773.1175460815
Y2024_LAT23.90463_LON90.19585,2024,90.19584985746877,23.90462681183442,0.5595984465383741,0.03120008474036249,0.40360146629798155,0.0,0.0,0.005600002423281912,1,1,0,0,0,0,0,0,0.9987872256698609,998787.2256698608
Y2024_LAT23.90481_LON90.20566,2024,90.20566263040493,23.904805558715854,0.6249998502939492,0.09600029046525009,0.24199979613584377,0.037000063104956904,0.0,0.0,1,1,0,0,0,0,0,0,0.9988012863616943,998801.2863616943
Y2024_LAT23.90498_LON90.21548,2024,90.21547549934206,23.90498368074312,0.9684001881764247,0.014299907360036607,0.014499907224988921,0.0027999972385497865,0.0,0.0,1,1,0,0,0,0,0,0,0.9988152954101562,998815.2954101562
Y2024_LAT23.90516_LON90.22529,2024,90.22528846368476,23.905161177870863,0.8972998148775405,0.005000009701871995,0.005800015057452298,0.09190016036313517,0.0,0.0,1,1,0,0,0,0,0,0,0.9988292584915162,998829.2584915161
Y2024_LAT23.90534_LON90.2351,2024,90.23510152327206,23.905338050015168,0.8091996864873409,0.11030059604850023,0.0025000144936381417,0.06369963722359855,0.014300065746922004,0.0,1,1,0,0,0,0,0,0,0.9988431716537476,998843.1716537476
Y2024_LAT23.90551_LON90.24491,2024,90.24491467778242,23.905514297286,0.7628010918507754,0.1682991497607929,0.010299941012531675,0.058599817375900067,0.0,0.0,1,1,0,0,0,0,0,0,0.9988570357894897,998857.0357894897
Y2024_LAT23.90569_LON90.25473,2024,90.25472792678477,23.905689919539597,0.9192000015841557,0.04590000167861125,0.008899995905681923,0.02600000083155113,0.0,0.0,1,1,0,0,0,0,0,0,0.9988708496475219,998870.849647522
Y2024_LAT23.90586_LON90.26454,2024,90.26454127011213,23.905864916919537,0.6066003656820269,0.28539963356359166,0.050800115341027276,0.041199885112909215,0.0,0.016000000300444975,1,1,0,0,0,0,0,0,0.9988846176452637,998884.6176452637
Y2024_LAT23.90604_LON90.27435,2024,90.2743547071995,23.906039289179162,0.42689857971528067,0.016299959679949697,0.5121015187859125,0.04469994181885728,0.0,0.0,3,0,0,1,0,0,0,0,0.9988983308792114,998898.3308792114
Y2024_LAT23.90621_LON90.28417,2024,90.28416823784664,23.90621303643246,0.6910006063282189,0.03579988589855345,0.26869951688495547,0.004499990888272162,0.0,0.0,1,1,0,0,0,0,0,0,0.9989119991607666,998911.9991607666
Y2024_LAT23.90639_LON90.29398,2024,90.29398186171044,23.9063861586221,1.0,0.0,0.0,0.0,0.0,0.0,1,1,0,0,0,0,0,0,0.9989256173553467,998925.6173553467
Y2024_LAT23.90656_LON90.3038,2024,90.30379557837136,23.906558655724737,0.9767998588990121,0.022100133867012442,0.0,0.0011000072339754697,0.0,0.0,1,1,0,0,0,0,0,0,0.9989391870269776,998939.1870269775
Y2024_LAT23.90673_LON90.31361,2024,90.31360938776986,23.90673052774132,0.8758003085322472,0.09779957442875412,9.999955771016298e-05,0.026300117481288614,0.0,0.0,1,1,0,0,0,0,0,0,0.9989527062301635,998952.7062301636
Y2024_LAT23.9069_LON90.32342,2024,90.32342328913411,23.90690177465613,0.7758990515579197,0.08670033797407341,0.02410008497769486,0.0662002984518034,0.04710022703850862,0.0,1,1,0,0,0,0,0,0,0.9989661772537232,998966.1772537231
Y2024_LAT23.90707_LON90.33324,2024,90.333237282474,23.90707239642108,0.10219950142146338,0.08570004728770483,0.00729997481091734,0.6013000354058143,0.20350044107410015,0.0,4,0,0,0,1,0,0,0,0.9989795979690552,998979.5979690552
Y2024_LAT23.90724_LON90.34305,2024,90.3430513673091,23.90724239291627,0.0,0.014363016855410695,0.5397936379360732,0.24358353982040137,0.20225980538811494,0.0,3,0,0,1,0,0,0,0,0.8485438510589599,848543.85105896
Y2024_LAT23.90741_LON90.35287,2024,90.35286554335765,23.907411764313114,0.0,0.0,0.0,1.0,0.0,0.0,4,0,0,0,1,0,0,0,0.003796199546813965,3796.199546813965
Y2024_LAT23.91127_LON90.06809,2024,90.06808904466558,23.91126677102015,0.9424079288359707,0.0011874657106595505,0.05210001361893441,0.004304591834435342,0.0,0.0,1,1,0,0,0,0,0,0,0.6727576366119384,672757.6366119385
Y2024_LAT23.91145_LON90.0779,2024,90.07790121972816,23.911453717917812,0.8837110205938761,0.056736581828018585,0.03998328648672093,0.01956911109138444,0.0,0.0,1,1,0,0,0,0,0,0,0.7093154868545533,709315.4868545532
Y2024_LAT23.91164_LON90.08771,2024,90.08771349515781,23.911640040135758,0.8899012477157903,0.03854205539742939,0.07155669688678032,0.0,0.0,0.0,1,1,0,0,0,0,0,0,0.6684832994537353,668483.2994537354
Y2024_LAT23.91183_LON90.09753,2024,90.09752587051575,23.91182573750446,0.8154993875231118,0.03800010663057548,0.07930019117741285,0.0672003146688999,0.0,0.0,1,1,0,0,0,0,0,0,0.9986439320755005,998643.9320755005
Y2024_LAT23.91201_LON90.10734,2024,90.10733834534837,23.912010810047803,0.5811992431303007,0.001099995896347297,0.40450084833136457,0.013199912641987428,0.0,0.0,1,1,0,0,0,0,0,0,0.998658483001709,998658.483001709
Y2024_LAT23.9122_LON90.11715,2024,90.11715091963796,23.91219525767759,0.14189965438511118,0.003900006495021128,0.487499202480287,0.06040010821890426,0.30630102842067647,0.0,3,0,0,1,0,0,0,1,0.998672983833313,998672.983833313
Y2024_LAT23.91238_LON90.12696,2024,90.12696359274051,23.91237908044121,0.4044009964752,0.01970012305056722,0.13180006514031184,0.11679960998138667,0.3237992021839581,0.003500003168576222,1,1,0,0,0,0,0,1,0.9986874372940063,998687.4372940063
Y2024_LAT23.91256_LON90.13678,2024,90.13677636442543,23.912562278162426,0.5390001302502855,0.017499946869332733,0.43899990648186227,0.0045000163985195185,0.0,0.0,1,1,0,0,0,0,0,0,0.9987018388595581,998701.8388595581
Y2024_LAT23.91274_LON90.14659,2024,90.1465892344035,23.912744850949142,0.43390132363971423,0.0,0.5341987107025887,0.03049997073519198,0.0013999949225052273,0.0,3,0,0,1,0,0,0,0,0.9987161944961548,998716.1944961548
Y2024_LAT23.91293_LON90.1564,2024,90.15640220230281,23.912926798820372,0.8789003492380395,0.00039999998773161764,0.11629967081665583,0.0,0.004399979957573095,0.0,1,1,0,0,0,0,0,0,0.9987304993820191,998730.499382019
Y2024_LAT23.91311_LON90.16622,2024,90.16621526786511,23.91310812164716,0.7002997963493995,0.009099976503833292,0.2712002634914395,0.019399963655327652,0.0,0.0,1,1,0,0,0,0,0,0,0.9987447556915283,998744.7556915283
Y2024_LAT23.91329_LON90.17603,2024,90.17602843061748,23.913288819419428,0.4477000152298582,0.04909999230811001,0.29569940239001574,0.07460004467365766,0.13290054539835838,0.0,1,1,0,0,0,0,0,1,0.998758961654663,998758.9616546631
Y2024_LAT23.91347_LON90.18584,2024,90.1858416902509,23.91346889217719,0.8737005012061007,0.025399854856079675,0.07139982390634968,0.0014999894531056131,0.027999830578364464,0.0,1,1,0,0,0,0,0,0,0.9987731206588745,998773.1206588745
Y2024_LAT23.91365_LON90.19566,2024,90.19565504645585,23.91364833989669,0.7474998390349995,0.002400004206157012,0.24990015714036845,0.00019999961847498078,0.0,0.0,1,1,0,0,0,0,0,0,0.9987872294082641,998787.2294082642
Y2024_LAT23.91383_LON90.20547,2024,90.20546849906933,23.913827162437812,0.6756007889740321,0.002400016168300788,0.3000990726694991,0.021900122188168208,0.0,0.0,1,1,0,0,0,0,0,0,0.9988012896499634,998801.2896499634
Y2024_LAT23.91401_LON90.21528,2024,90.21528204752694,23.914005359860333,0.9251999693141103,0.01589991114364849,0.0,0.05890011954224122,0.0,0.0,1,1,0,0,0,0,0,0,0.9988152998352051,998815.2998352051
Y2024_LAT23.91418_LON90.2251,2024,90.2250956914889,23.914182932130917,0.7753999654944371,0.012699945576206307,0.014899955194685963,0.19700013373467037,0.0,0.0,1,1,0,0,0,0,0,0,0.9988292616500855,998829.2616500854
Y2024_LAT23.91436_LON90.23491,2024,90.23490943068843,23.9143598792406,0.9279001312615505,0.027099942108199434,0.0,0.044999926630250056,0.0,0.0,1,1,0,0,0,0,0,0,0.9988431746749878,998843.1746749878
Y2024_LAT23.91454_LON90.24472,2024,90.24472326483668,23.914536201075844,0.7876999034988009,0.04259980404142749,0.09170029642366812,0.07799999603610358,0.0,0.0,1,1,0,0,0,0,0,0,0.9988570379562378,998857.0379562378
Y2024_LAT23.91471_LON90.25454,2024,90.25453719364454,23.914711897814605,0.7080001311509574,0.20390000263928995,0.009799936251908184,0.07559993587841517,0.0026999940794293063,0.0,1,1,0,0,0,0,0,0,0.9988708528442383,998870.8528442383
Y2024_LAT23.91489_LON90.26435,2024,90.26435121656667,23.914886969171487,0.8869998179429408,0.07830012054880792,0.01640009911420912,0.01829996239404214,0.0,0.0,1,1,0,0,0,0,0,0,0.9988846194534302,998884.6194534302
Y2024_LAT23.91506_LON90.27417,2024,90.27416533341056,23.915061415326353,0.5554993961609813,0.04920007301357253,0.3445006427612925,0.050799888064153614,0.0,0.0,1,1,0,0,0,0,0,0,0.9988983344268799,998898.3344268799
Y2024_LAT23.91524_LON90.28398,2024,90.28397954394259,23.915235236174293,0.9604002492869892,0.0013999905943229156,0.03569977423152345,0.002499985887164488,0.0,0.0,1,1,0,0,0,0,0,0,0.9989120019073486,998912.0019073486
Y2024_LAT23.91541_LON90.29379,2024,90.29379384759811,23.915408431741415,0.9999000001976688,9.999980233126873e-05,0.0,0.0,0.0,0.0,1,1,0,0,0,0,0,0,0.9989256195831299,998925.6195831299
Y2024_LAT23.91558_LON90.30361,2024,90.30360824405261,23.91558100194907,1.0,0.0,0.0,0.0,0.0,0.0,1,1,0,0,0,0,0,0,0.9989391888275146,998939.1888275146
Y2024_LAT23.91575_LON90.31342,2024,90.31342273330336,23.91575294667953,0.9632997987369523,0.0020000115413382432,0.0,0.03190017527461203,0.0028000144470974844,0.0,1,1,0,0,0,0,0,0,0.9989527085800171,998952.7085800171
Y2024_LAT23.91592_LON90.32324,2024,90.32323731459819,23.915924266079113,0.7915992989646634,0.05040019918556667,0.045300212334288104,0.09010021646545106,0.02260007305003073,0.0,1,1,0,0,0,0,0,0,0.9989661806106568,998966.1806106567
Y2024_LAT23.91609_LON90.33305,2024,90.33305198782428,23.916094960058114,0.035499809477034634,0.026399874459319163,0.21639979616890626,0.49450008670861356,0.2260004340050681,0.0011999991810582743,4,0,0,0,1,0,0,1,0.9989796017379761,998979.6017379761
Y2024_LAT23.91627_LON90.34287,2024,90.34286675264342,23.91626502868802,0.0,0.0,0.5521000062387831,0.40230021069921584,0.04559978306200112,0.0,3,0,0,1,0,0,0,0,0.9989929771194458,998992.9771194458
Y2024_LAT23.91643_LON90.35268,2024,90.35268160865735,23.91643447168935,0.0,0.0,0.45108698314397505,0.5489130168560249,0.0,0.0,4,0,0,0,1,0,0,0,0.05514480278015137,55144.80278015137
Y2024_LAT23.92029_LON90.06789,2024,90.06788530166486,23.920287278680778,0.7762913991319116,0.03514301946576171,0.17886190199019747,0.009703679412129195,0.0,0.0,1,1,0,0,0,0,0,0,0.38076738818359374,380767.38818359375
Y2024_LAT23.92047_LON90.0777,2024,90.07769815627326,23.9204743048637,0.4725411838274445,0.005301588332199943,0.5179559434849874,0.0042012843553681616,0.0,0.0,3,0,0,1,0,0,0,0,0.9983151056442261,998315.1056442261
Y2024_LAT23.92066_LON90.08751,2024,90.08751111120989,23.920660705930626,0.3256999213262047,0.007899950035408557,0.43789948086167363,0.22270064409594034,0.0,0.0058000036807729525,3,0,0,1,0,0,0,1,0.9986293348312378,998629.3348312378
Y2024_LAT23.92085_LON90.09732,2024,90.09732416609907,23.920846481884332,0.5504995801351764,0.0031000163455917355,0.3809005457082767,0.06509985590984506,0.00040000190111013284,0.0,1,1,0,0,0,0,0,0,0.9986439353103638,998643.9353103638
Y2024_LAT23.92103_LON90.10714,2024,90.10713732057745,23.921031632675962,0.6259997547584532,0.00660000973787276,0.2819005165893078,0.08549971891436632,0.0,0.0,1,1,0,0,0,0,0,0,0.9986584858169556,998658.4858169556
Y2024_LAT23.92122_LON90.11695,2024,90.11695057441243,23.9212161584309,0.5952006411086819,0.008100009200129833,0.37759933205279783,0.0191000176383905,0.0,0.0,1,1,0,0,0,0,0,0,0.998672987121582,998672.987121582
Y2024_LAT23.9214_LON90.12676,2024,90.12676392713566,23.92140005884229,0.9138003475028011,0.0053000338159140525,0.08089961868128483,0.0,0.0,0.0,1,1,0,0,0,0,0,0,0.9986874396820068,998687.4396820068
Y2024_LAT23.92158_LON90.13658,2024,90.13657737851427,23.92158333424252,0.9078995110806276,0.028600121908162947,0.060400358931779544,0.0031000080794298724,0.0,0.0,1,1,0,0,0,0,0,0,0.9987018422470093,998701.8422470093
Y2024_LAT23.92177_LON90.14639,2024,90.14639092831253,23.921765984405816,0.6158007678711853,0.0,0.3835992327827105,0.0,0.0005999993461041909,0.0,1,1,0,0,0,0,0,0,0.9987161966629028,998716.1966629028
Y2024_LAT23.92195_LON90.1562,2024,90.15620457582648,23.92194800928787,0.7739992717448079,0.0,0.21290066183470427,0.013100066420487857,0.0,0.0,1,1,0,0,0,0,0,0,0.9987305014724731,998730.5014724731
Y2024_LAT23.92213_LON90.16602,2024,90.16601832120915,23.92212940888181,0.9314002096345453,0.0068000318997311696,0.04879976973561489,0.01299998873010864,0.0,0.0,1,1,0,0,0,0,0,0,0.9987447593765258,998744.7593765259
Y2024_LAT23.92231_LON90.17583,2024,90.1758321637197,23.922310183174623,0.6265994373931709,0.02910000178009994,0.25740035492804103,0.018500053259070517,0.06840015263961742,0.0,1,1,0,0,0,0,0,0,0.9987589638748169,998758.9638748169
Y2024_LAT23.92249_LON90.18565,2024,90.18564610317314,23.922490332105067,0.7981998259402648,0.04869981007914565,0.13700033660948108,0.011200059728161913,0.004899967642946533,0.0,1,1,0,0,0,0,0,0,0.9987731231384277,998773.1231384277
Y2024_LAT23.92267_LON90.19546,2024,90.19546013933434,23.922669855775112,0.6210996200682808,0.001699994468001054,0.35320044308957416,0.02399994237414399,0.0,0.0,1,1,0,0,0,0,0,0,0.9987872323913575,998787.2323913574
Y2024_LAT23.92285_LON90.20527,2024,90.20527427174963,23.92284875408763,0.9198003259915942,0.029399920276934416,0.04429975509281775,0.006499998638653635,0.0,0.0,1,1,0,0,0,0,0,0,0.9988012920913696,998801.2920913696
Y2024_LAT23.92303_LON90.21509,2024,90.21508850003481,23.923027026919705,0.807799478501616,0.004500007899071273,0.14130047620490202,0.046400037394410815,0.0,0.0,1,1,0,0,0,0,0,0,0.9988153057174682,998815.3057174683
Y2024_LAT23.9232_LON90.2249,2024,90.22490282406788,23.92320467432769,0.65499938607359,0.006000018698297623,0.05910006542195085,0.27990052980616154,0.0,0.0,1,1,0,0,0,0,0,0,0.9988292643814087,998829.2643814087
Y2024_LAT23.92338_LON90.23472,2024,90.23471724324297,23.923381696391417,0.9225002468316371,0.01519991860589034,0.005099969932230495,0.057199864630242125,0.0,0.0,1,1,0,0,0,0,0,0,0.9988431780700684,998843.1780700684
Y2024_LAT23.92356_LON90.24453,2024,90.24453175737668,23.923558092970506,0.7264996915561377,0.08030002071330151,0.04500010749606299,0.14490015937891335,0.0033000208555845007,0.0,1,1,0,0,0,0,0,0,0.9988570416564941,998857.0416564941
Y2024_LAT23.92373_LON90.25435,2024,90.25434636613188,23.923733864000745,0.9859000885397928,0.0,0.006599957852331374,0.0074999536078758375,0.0,0.0,1,1,0,0,0,0,0,0,0.9988708555526733,998870.8555526733
Y2024_LAT23.92391_LON90.26416,2024,90.26416106918333,23.92390900959236,0.9414997969485428,0.006200033859013509,0.0,0.05230016919244378,0.0,0.0,1,1,0,0,0,0,0,0,0.9988846206436157,998884.6206436157
Y2024_LAT23.92408_LON90.27398,2024,90.27397586616041,23.924083529555933,0.8189000773918798,0.09520006116841845,0.0,0.08589986143970181,0.0,0.0,1,1,0,0,0,0,0,0,0.9988983375778199,998898.3375778198
Y2024_LAT23.92426_LON90.28379,2024,90.28379075668033,23.92425742400911,0.9996999979706933,0.00030000202930672155,0.0,0.0,0.0,0.0,1,1,0,0,0,0,0,0,0.9989120052108764,998912.0052108765
Y2024_LAT23.92443_LON90.29361,2024,90.29360574058808,23.924430692811434,0.9508001727874424,0.04919982721255752,0.0,0.0,0.0,0.0,1,1,0,0,0,0,0,0,0.9989256228103638,998925.6228103638
Y2024_LAT23.9246_LON90.30342,2024,90.30342081724636,23.924603336051717,1.0,0.0,0.0,0.0,0.0,0.0,1,1,0,0,0,0,0,0,0.998939193069458,998939.193069458
Y2024_LAT23.92478_LON90.31324,2024,90.31323598658379,23.924775353693278,0.8589994692537947,0.10880036375073948,0.0014000043475050565,0.02600013678147901,0.004800025866481753,0.0,1,1,0,0,0,0,0,0,0.9989527117080689,998952.7117080688
Y2024_LAT23.92495_LON90.32305,2024,90.32305124818397,23.924946745615596,0.9213996213130983,0.005599977326541475,0.006100038831559381,0.0027999816598757213,0.06410038086892512,0.0,1,1,0,0,0,0,0,0,0.998966182685852,998966.182685852
Y2024_LAT23.92512_LON90.33287,2024,90.33286660165298,23.925117511913353,0.05329971032413523,0.0017999920290582663,0.1790998625552981,0.2615004475003052,0.5042999875912032,0.0,5,0,0,0,0,1,0,0,0.9989796053619385,998979.6053619385
Y2024_LAT23.92529_LON90.34268,2024,90.34268204675328,23.925287652394083,0.011000067362910454,0.0,0.8371001426741174,0.14179985301283873,0.010099936950133441,0.0,3,0,0,1,0,0,0,0,0.998992977142334,998992.977142334
Y2024_LAT23.92546_LON90.3525,2024,90.35249758308623,23.925457167267773,0.05685619882890119,0.0,0.12240809112918226,0.8207357100419166,0.0,0.0,4,0,0,0,1,0,0,0,0.1493506028060913,149350.6028060913
Y2024_LAT23.92931_LON90.06768,2024,90.06768145809569,23.929307774073976,0.39361760275074564,0.09304274074572957,0.5133396565035248,0.0,0.0,0.0,3,0,0,1,0,0,0,0,0.5913717108001709,591371.7108001709
Y2024_LAT23.92949_LON90.07749,2024,90.07749499252702,23.929494879382744,0.5835251745848862,0.038534606501554464,0.37543798163168146,0.0025022372818779273,0.0,0.0,1,1,0,0,0,0,0,0,0.9977159447555543,997715.9447555542
Y2024_LAT23.92968_LON90.08731,2024,90.087308627227,23.929681359353225,0.23549952159945153,0.016799947406311536,0.6287001540155136,0.11900037697872332,0.0,0.0,3,0,0,1,0,0,0,0,0.9986293389053345,998629.3389053345
Y2024_LAT23.92987_LON90.09712,2024,90.09712236204335,23.929867213933377,0.45970009398540435,0.0037000247989930233,0.4374003313263098,0.09919954988929282,0.0,0.0,1,1,0,0,0,0,0,1,0.9986439389495849,998643.938949585
Y2024_LAT23.93005_LON90.10694,2024,90.10693619648808,23.93005244316714,0.2866999617482783,0.009000055825936317,0.6823999728051132,0.021900009620672196,0.0,0.0,3,0,0,1,0,0,0,0,0.9986584893112183,998658.4893112183
Y2024_LAT23.93024_LON90.11675,2024,90.11675013021846,23.930237046914957,0.15360001774086407,0.02260004645188406,0.8043998252582987,0.019400110548953152,0.0,0.0,3,0,0,1,0,0,0,0,0.9986729912338257,998672.9912338257
Y2024_LAT23.93042_LON90.12656,2024,90.12656416296095,23.930421025345918,0.4214002389972303,0.02209988440326533,0.5551998858479716,0.001299990751532731,0.0,0.0,3,0,0,1,0,0,0,0,0.9986874426269531,998687.4426269531
Y2024_LAT23.9306_LON90.13638,2024,90.13637829439352,23.93060437825002,0.39980050992289484,0.0015999895555699304,0.5974995007589016,0.0010999997626336036,0.0,0.0,3,0,0,1,0,0,0,0,0.9987018451461792,998701.8451461792
Y2024_LAT23.93079_LON90.14619,2024,90.1461925241393,23.93078710563794,0.43089985618017057,0.004299998598690044,0.5310002432364688,0.03379990198467062,0.0,0.0,3,0,0,1,0,0,0,0,0.9987162007827759,998716.2007827759
Y2024_LAT23.93097_LON90.15601,2024,90.15600685180057,23.93096920752683,0.8258998553939343,0.00019999858698945545,0.15260015618985162,0.021299989829224642,0.0,0.0,1,1,0,0,0,0,0,0,0.9987305057907104,998730.5057907104
Y2024_LAT23.93115_LON90.16582,2024,90.16582127721317,23.93115068394927,0.7746999876706856,0.0068000329636367166,0.16599991636587502,0.05250006299980268,0.0,0.0,1,1,0,0,0,0,0,0,0.998744762435913,998744.7624359131
Y2024_LAT23.93133_LON90.17564,2024,90.17563579988057,23.931331534773076,0.4888005751751682,0.007000032150594732,0.445299144618169,0.05890024805606809,0.0,0.0,1,1,0,0,0,0,0,1,0.9987589701919556,998758.9701919556
Y2024_LAT23.93151_LON90.18545,2024,90.18545041952031,23.931511760021223,0.4748998509686161,0.012500008246048255,0.391700304628593,0.12089983615674262,0.0,0.0,1,1,0,0,0,0,0,1,0.9987731265258789,998773.1265258789
Y2024_LAT23.93169_LON90.19527,2024,90.1952651358384,23.93169135961054,0.576400603670715,0.013900003439258596,0.3838993900361961,0.025800002853830287,0.0,0.0,1,1,0,0,0,0,0,0,0.9987872357025146,998787.2357025146
Y2024_LAT23.93187_LON90.20508,2024,90.2050799485535,23.931870333553213,0.8316990953920743,0.0,0.13760075166777572,0.030700152940149987,0.0,0.0,1,1,0,0,0,0,0,0,0.9988012953414916,998801.2953414917
Y2024_LAT23.93205_LON90.21489,2024,90.21489485700756,23.932048681916946,0.26900031056384544,0.0,0.659299945690665,0.07169974374548949,0.0,0.0,3,0,0,1,0,0,0,0,0.9988153076171875,998815.3076171875
Y2024_LAT23.93223_LON90.22471,2024,90.2247098613294,23.932226404588842,0.437100226912402,0.0008000042328974837,0.3848990602041438,0.17720070865055676,0.0,0.0,1,1,0,0,0,0,0,1,0.9988292678375245,998829.2678375244
Y2024_LAT23.9324_LON90.23452,2024,90.23452496077734,23.93240350150703,0.6012000553894327,0.17240050185527836,0.019399919794128806,0.2066995243665847,0.00029999859457550173,0.0,1,1,0,0,0,0,0,0,0.9988431803054809,998843.180305481
Y2024_LAT23.93258_LON90.24434,2024,90.24434015536129,23.932579972702,0.8282000482651518,0.07419988576544172,0.05430003633282549,0.04330002963658098,0.0,0.0,1,1,0,0,0,0,0,0,0.998857044090271,998857.044090271
Y2024_LAT23.93276_LON90.25416,2024,90.25415544442185,23.932755818203784,0.9728001345042668,0.003999974145489232,0.005599968600360813,0.017599922749883107,0.0,0.0,1,1,0,0,0,0,0,0,0.9988708591003418,998870.8591003418
Y2024_LAT23.93293_LON90.26397,2024,90.26397082788185,23.93293103780714,0.9386996761088993,0.06130032389110073,0.0,0.0,0.0,0.0,1,1,0,0,0,0,0,0,0.9988846207656861,998884.620765686
Y2024_LAT23.93311_LON90.27379,2024,90.2737863052287,23.933105631695824,0.9805001127315183,0.009799935811877783,0.0,0.009699951456603944,0.0,0.0,1,1,0,0,0,0,0,0,0.9988983403396606,998898.3403396606
Y2024_LAT23.93328_LON90.2836,2024,90.28360187622492,23.933279599675004,0.9928999803408807,0.0,0.0,0.007100019659119381,0.0,0.0,1,1,0,0,0,0,0,0,0.9989120075531006,998912.0075531006
Y2024_LAT23.93345_LON90.29342,2024,90.29341754061193,23.933452941930838,1.0,0.0,0.0,0.0,0.0,0.0,1,1,0,0,0,0,0,0,0.9989256260299683,998925.6260299683
Y2024_LAT23.93363_LON90.30323,2024,90.30323329778979,23.93362565818366,0.9957999735176456,0.00420002648235438,0.0,0.0,0.0,0.0,1,1,0,0,0,0,0,0,0.9989391955184936,998939.1955184937
Y2024_LAT23.9338_LON90.31305,2024,90.31304914771525,23.933797748639137,0.9995000033612778,0.0004999966387222147,0.0,0.0,0.0,0.0,1,1,0,0,0,0,0,0,0.9989527146606445,998952.7146606445
Y2024_LAT23.93397_LON90.32287,2024,90.32286508978149,23.933969213145012,0.8197991780118055,0.004900010771848529,0.0746002118432086,0.0,0.10070059937313736,0.0,1,1,0,0,0,0,0,0,0.9989661852340698,998966.1852340698
Y2024_LAT23.93414_LON90.33268,2024,90.33268112394374,23.93414005168791,0.0,0.0,0.0,0.0,1.0,0.0,5,0,0,0,0,1,0,0,0.9989796082000733,998979.6082000732
Y2024_LAT23.93431_LON90.3425,2024,90.34249724964799,23.9343102642848,0.0003005123005016229,0.0,0.5739766626105873,0.2576379753612434,0.16808484972766763,0.0,3,0,0,1,0,0,0,0,0.9972946778945923,997294.6778945923
Y2024_LAT23.93448_LON90.35231,2024,90.35231346652779,23.93447985089774,0.00729926606913829,0.0,0.23722621316512696,0.7554745207657347,0.0,0.0,4,0,0,0,1,0,0,0,0.08211785152435302,82117.85152435303
Y2024_LAT23.93833_LON90.06748,2024,90.06747751374381,23.938328257289868,0.3161714675035089,0.2004403651322851,0.483388167364206,0.0,0.0,0.0,3,0,0,1,0,0,0,1,0.6342125400848388,634212.5400848389
Y2024_LAT23.93852_LON90.07729,2024,90.07729172849382,23.938515441780826,0.14399975553952135,0.0,0.8560002444604786,0.0,0.0,0.0,3,0,0,1,0,0,0,0,0.9986146943588257,998614.6943588257
Y2024_LAT23.9387_LON90.08711,2024,90.08710604327219,23.93870200062673,0.17440084638659548,0.0005000014318293385,0.5601988743522502,0.26450027569067885,0.0,0.00040000213864607313,3,0,0,1,0,0,0,0,0.9986293424148559,998629.342414856
Y2024_LAT23.93889_LON90.09692,2024,90.09692045835139,23.93888793381668,0.08469948903944884,0.005800002728947804,0.5676008550639292,0.33879966633975533,0.003099986827918838,0.0,3,0,0,1,0,0,0,0,0.9986439419403076,998643.9419403076
Y2024_LAT23.93907_LON90.10673,2024,90.10673497305355,23.93907324143512,0.37030124091691,0.058799929831384,0.543598921527528,0.027299907724178025,0.0,0.0,3,0,0,1,0,0,0,0,0.9986584921340942,998658.4921340942
Y2024_LAT23.93926_LON90.11655,2024,90.1165495870376,23.93925792338812,0.29820037801160293,0.0,0.6387994035327641,0.06300021845563292,0.0,0.0,3,0,0,1,0,0,0,0,0.9986729939270019,998672.993927002
Y2024_LAT23.93944_LON90.12636,2024,90.1263643001284,23.939441979566045,0.33539976249315917,0.0,0.6635002453376172,0.0010999921692237912,0.0,0.0,3,0,0,1,0,0,0,0,0.9986874462356568,998687.4462356567
Y2024_LAT23.93963_LON90.13618,2024,90.1361791119022,23.939625410110324,0.37190053310947224,0.0,0.6274994689015996,0.0005999979889283269,0.0,0.0,3,0,0,1,0,0,0,0,0.9987018490219116,998701.8490219116
Y2024_LAT23.93981_LON90.14599,2024,90.14599402204058,23.939808214784712,0.658000075961166,0.08599976912957384,0.18080020194810292,0.07519995296115714,0.0,0.0,1,1,0,0,0,0,0,0,0.9987162040710449,998716.2040710449
Y2024_LAT23.93999_LON90.15581,2024,90.15580903008622,23.93999039378588,0.6514001587351661,0.02220003320888353,0.29519970888919606,0.031200099166754317,0.0,0.0,1,1,0,0,0,0,0,0,0.998730509223938,998730.509223938
Y2024_LAT23.94017_LON90.16562,2024,90.1656241359553,23.94017194692044,0.5239993393707978,0.029299999342493614,0.37280062010240994,0.07390004118429867,0.0,0.0,1,1,0,0,0,0,0,0,0.9987447649002075,998744.7649002075
Y2024_LAT23.94035_LON90.17544,2024,90.17543933906119,23.940352874256657,0.5929002789215361,0.01260004127766256,0.35469954289099237,0.03980013690980903,0.0,0.0,1,1,0,0,0,0,0,0,0.9987589726333618,998758.9726333618
Y2024_LAT23.94053_LON90.18525,2024,90.18525463915722,23.94053317575236,0.1277996023368733,0.0,0.8722003976631267,0.0,0.0,0.0,3,0,0,1,0,0,0,0,0.9987731298141479,998773.129814148
Y2024_LAT23.94071_LON90.19507,2024,90.19507003612762,23.940712851385594,0.14320007375622723,0.0002000008234244592,0.8041000471827593,0.05249987823758904,0.0,0.0,3,0,0,1,0,0,0,0,0.9987872391891479,998787.239189148
Y2024_LAT23.94089_LON90.20489,2024,90.20488552924164,23.9408919011051,0.4387999708494811,0.0,0.38759925696123504,0.17360077218928388,0.0,0.0,1,1,0,0,0,0,0,1,0.9988012987976074,998801.2987976074
Y2024_LAT23.94107_LON90.2147,2024,90.21470111838693,23.941070324893516,0.029600025489486752,0.0,0.6455011895348433,0.32429878569368376,0.0005999992819862886,0.0,3,0,0,1,0,0,0,0,0.9988153076171875,998815.3076171875
Y2024_LAT23.94125_LON90.22452,2024,90.22451680327538,23.941248122760346,0.15750042027611744,0.0,0.8402995883364558,0.002199991387426779,0.0,0.0,3,0,0,1,0,0,0,0,0.9988292713012695,998829.2713012695
Y2024_LAT23.94143_LON90.23433,2024,90.23433258344133,23.941425294599956,0.2279995445605123,0.0050000291527963715,0.4253003500365554,0.34170007625013593,0.0,0.0,3,0,0,1,0,0,0,1,0.9988431843643188,998843.1843643188
Y2024_LAT23.9416_LON90.24415,2024,90.24414845858257,23.94160184052209,0.2684004944763324,0.016600003709036616,0.35939967888924784,0.3555998229253831,0.0,0.0,3,0,0,1,0,0,0,1,0.9988570474853515,998857.0474853516
Y2024_LAT23.94178_LON90.25396,2024,90.25396442841975,23.941777760279727,0.7544003852592173,0.0,0.19839968228791457,0.047199932452868174,0.0,0.0,1,1,0,0,0,0,0,0,0.9988708623046875,998870.8623046875
Y2024_LAT23.94195_LON90.26378,2024,90.26378049259982,23.94195305417155,0.9104000449727321,0.040600062421130345,0.0,0.04899989260613753,0.0,0.0,1,1,0,0,0,0,0,0,0.9988846280822754,998884.6280822754
Y2024_LAT23.94213_LON90.2736,2024,90.27359665073752,23.942127721924884,1.0,0.0,0.0,0.0,0.0,0.0,1,1,0,0,0,0,0,0,0.99889834249115,998898.3424911499
Y2024_LAT23.9423_LON90.28341,2024,90.2834129024596,23.942301763599044,1.0,0.0,0.0,0.0,0.0,0.0,1,1,0,0,0,0,0,0,0.9989120105819702,998912.0105819702
Y2024_LAT23.94248_LON90.29323,2024,90.29322924770673,23.942475179096554,1.0,0.0,0.0,0.0,0.0,0.0,1,1,0,0,0,0,0,0,0.9989256288223266,998925.6288223267
Y2024_LAT23.94265_LON90.30305,2024,90.30304568573182,23.942647968534864,1.0,0.0,0.0,0.0,0.0,0.0,1,1,0,0,0,0,0,0,0.9989391973876953,998939.1973876953
Y2024_LAT23.94282_LON90.31286,2024,90.3128622164774,23.94282013170401,1.0,0.0,0.0,0.0,0.0,0.0,1,1,0,0,0,0,0,0,0.9989527179336548,998952.7179336548
Y2024_LAT23.94299_LON90.32268,2024,90.3226788395049,23.9429916687113,0.7914989092661016,0.0,0.002900015609666201,0.0,0.20560107512423223,0.0,1,1,0,0,0,0,0,0,0.9989661884307861,998966.1884307861
Y2024_LAT23.94316_LON90.3325,2024,90.33249555454867,23.943162579535592,0.0,0.0,0.11969966753926396,0.0,0.880300332460736,0.0,5,0,0,0,0,1,0,0,0.9989796104736328,998979.6104736328
Y2024_LAT23.94333_LON90.34231,2024,90.34231236125888,23.943332864139528,0.007878081288392203,0.0,0.5706979014305239,0.18774390808760374,0.23368010919348017,0.0,3,0,0,1,0,0,0,0,0.9764155916900634,976415.5916900635
Y2024_LAT23.9435_LON90.35213,2024,90.35212925915538,23.943502522502445,0.0,0.0,0.3333333333333333,0.6666666666666666,0.0,0.0,4,0,0,0,1,0,0,0,0.0011987996520996093,1198.7996520996094
Y2024_LAT23.94716_LON90.05746,2024,90.05745867441148,23.94716083880053,0.0,0.0,0.0,0.0,0.0,0.0,1,1,0,0,0,0,0,1,0.0,0.0
Y2024_LAT23.94735_LON90.06727,2024,90.06727346881212,23.94734872828129,0.458547897809372,0.1216527338795716,0.4165810480180142,0.003218320293042209,0.0,0.0,1,1,0,0,0,0,0,1,0.7757135784072876,775713.5784072876
Y2024_LAT23.94754_LON90.07709,2024,90.0770883639626,23.947535991881036,0.15230014564911,0.0034000215591933987,0.8442998327916966,0.0,0.0,0.0,3,0,0,1,0,0,0,0,0.9986146974182128,998614.6974182129
Y2024_LAT23.94772_LON90.0869,2024,90.08690335936376,23.947722629610396,0.5487003742490194,0.0917001960986479,0.352599407332311,0.007000022320021738,0.0,0.0,1,1,0,0,0,0,0,0,0.9986293460083008,998629.3460083008
Y2024_LAT23.94791_LON90.09672,2024,90.09671845492376,23.947908641546487,0.32409981485508127,0.02769999257584706,0.6369002492770668,0.011299943292005003,0.0,0.0,3,0,0,1,0,0,0,0,0.9986439458465576,998643.9458465576
Y2024_LAT23.94809_LON90.10653,2024,90.10653365026796,23.94809402750827,0.26020007128270645,0.002799984600481004,0.7369999441168126,0.0,0.0,0.0,3,0,0,1,0,0,0,0,0.9986584955978394,998658.4955978394
Y2024_LAT23.94828_LON90.11635,2024,90.11634894491192,23.948278787560028,0.7759995626095235,0.012800034616932819,0.1907003704696404,0.02050003230390325,0.0,0.0,1,1,0,0,0,0,0,0,0.998672998374939,998672.998374939
Y2024_LAT23.94846_LON90.12616,2024,90.12616433860141,23.948462921631766,0.33209965421068677,0.1318002191670886,0.4581002223402515,0.07799990428197319,0.0,0.0,3,0,0,1,0,0,0,1,0.9986874484024048,998687.4484024048
Y2024_LAT23.94865_LON90.13598,2024,90.13597983105984,23.948646429658158,0.47730065855725656,0.1087998736987376,0.3689994253009452,0.04490004244306045,0.0,0.0,1,1,0,0,0,0,0,1,0.9987018524246216,998701.8524246216
Y2024_LAT23.94883_LON90.1458,2024,90.14579542184372,23.948829311813448,0.11739955207068634,0.03899990927587055,0.5958995112486984,0.2205008938419323,0.027200133562812312,0.0,3,0,0,1,0,0,0,0,0.9987162063064575,998716.2063064575
Y2024_LAT23.94901_LON90.15561,2024,90.15561111075377,23.949011567798742,0.643699413112018,0.0058999911005575756,0.2329006847365756,0.11699991414311901,0.0004999969077298243,0.0,1,1,0,0,0,0,0,0,0.9987305114059448,998730.5114059448
Y2024_LAT23.94919_LON90.16543,2024,90.1654268972933,23.949193197765204,0.3114000824104724,0.08860016742858505,0.5751997573460358,0.02479999281490683,0.0,0.0,3,0,0,1,0,0,0,0,0.9987447688140869,998744.7688140869
Y2024_LAT23.94937_LON90.17524,2024,90.17524278123004,23.949374201629876,0.33970044620416523,0.12169952142418027,0.4913002180040226,0.04729981436763184,0.0,0.0,3,0,0,1,0,0,0,1,0.9987589739761352,998758.9739761353
Y2024_LAT23.94955_LON90.18506,2024,90.18505876224124,23.94955457943429,0.21269996266175853,0.0,0.7851000305815098,0.0022000067567316916,0.0,0.0,3,0,0,1,0,0,0,0,0.99877313256073,998773.13256073
Y2024_LAT23.94973_LON90.19487,2024,90.19487484000675,23.94973433102749,0.24170080598090432,0.0,0.7126990320189484,0.04560016200014737,0.0,0.0,3,0,0,1,0,0,0,0,0.9987872421646118,998787.2421646118
Y2024_LAT23.94991_LON90.20469,2024,90.2046910139725,23.94991345649013,0.2999990633922134,0.0,0.6739010909354355,0.02609984567235108,0.0,0.0,3,0,0,1,0,0,0,0,0.9988013022079468,998801.3022079468
Y2024_LAT23.95009_LON90.21451,2024,90.21450728412792,23.950091955740824,0.06379999793139181,0.006300016002211881,0.9208999789347404,0.009000007131655885,0.0,0.0,3,0,0,1,0,0,0,0,0.998815311302185,998815.3113021851
Y2024_LAT23.95027_LON90.22432,2024,90.22432364984135,23.950269828758806,0.20230068121048128,0.0,0.7589994227352608,0.03869989605425792,0.0,0.0,3,0,0,1,0,0,0,0,0.9988292744216919,998829.2744216919
Y2024_LAT23.95045_LON90.23414,2024,90.23414011108873,23.950447075576243,0.08019979874070038,0.0,0.7667000711103696,0.15310013014892995,0.0,0.0,3,0,0,1,0,0,0,0,0.9988431862945557,998843.1862945557
Y2024_LAT23.95062_LON90.24396,2024,90.24395666719467,23.95062369614407,0.40020003574745544,0.024400090998281342,0.29369898567341823,0.28170088758084494,0.0,0.0,1,1,0,0,0,0,0,1,0.9988570505065918,998857.0505065918
Y2024_LAT23.9508_LON90.25377,2024,90.25377331807911,23.9507996904635,0.40920029436682187,0.001499994140745869,0.10659997151389554,0.4826997399785367,0.0,0.0,4,0,0,0,1,0,0,1,0.9988708654632569,998870.8654632568
Y2024_LAT23.95098_LON90.26359,2024,90.26359006333092,23.950975058390522,0.6650006805292049,0.019100112123280295,0.10039977854098306,0.21549942880653175,0.0,0.0,1,1,0,0,0,0,0,0,0.9988846321182251,998884.6321182251
Y2024_LAT23.95115_LON90.27341,2024,90.27340690258569,23.951149800035324,0.8851996928714619,0.0985003043337561,0.0,0.016300002794781915,0.0,0.0,1,1,0,0,0,0,0,0,0.9988983458938598,998898.3458938599
Y2024_LAT23.95132_LON90.28322,2024,90.28322383542117,23.951323915316387,0.7424005603512559,0.25759943964874404,0.0,0.0,0.0,0.0,1,1,0,0,0,0,0,0,0.9989120139083862,998912.0139083862
Y2024_LAT23.9515_LON90.29304,2024,90.29304086174535,23.951497404204595,1.0,0.0,0.0,0.0,0.0,0.0,1,1,0,0,0,0,0,0,0.998925631729126,998925.631729126
Y2024_LAT23.95167_LON90.30286,2024,90.30285798102922,23.951670266684594,1.0,0.0,0.0,0.0,0.0,0.0,1,1,0,0,0,0,0,0,0.4257470512237549,425747.0512237549
Y2024_LAT23.95184_LON90.31268,2024,90.31267519299199,23.951842502758858,1.0,0.0,0.0,0.0,0.0,0.0,1,1,0,0,0,0,0,0,0.29099511734771727,290995.1173477173
Y2024_LAT23.95201_LON90.32249,2024,90.32249249722054,23.952014112410495,0.6471623567970307,0.01738548595384286,0.2675816377590536,0.0007801219292760457,0.0670903975607968,0.0,1,1,0,0,0,0,0,0,0.8963726201019288,896372.6201019287
Y2024_LAT23.95219_LON90.33231,2024,90.33230989353223,23.952185095488655,0.0,0.0,0.9144643195218851,0.0,0.08553568047811493,0.0,3,0,0,1,0,0,0,0,0.44614313147735596,446143.13147735596
Y2024_LAT23.95236_LON90.34213,2024,90.34212738156036,23.95235545215825,0.14468377822575085,0.0,0.7327928885080401,0.09631409467374243,0.02620923859246656,0.0,3,0,0,1,0,0,0,0,0.4688269426498413,468826.9426498413
Y2024_LAT23.95599_LON90.04744,2024,90.04743847386032,23.955992623041222,0.9343749991233076,0.04999996269393808,0.01562503818275437,0.0,0.0,0.0,1,1,0,0,0,0,0,0,0.03195440189361572,31954.401893615723
Y2024_LAT23.95618_LON90.05725,2024,90.0572538479042,23.95618121808232,0.5409250461302343,0.37163217288936684,0.08134214759164299,0.00610063338875589,0.0,0.0,1,1,0,0,0,0,0,0,0.19642220934295654,196422.20934295654
Y2024_LAT23.95637_LON90.06707,2024,90.0670693231132,23.95636918701092,0.5081838490917274,0.20749765197947528,0.250527483410143,0.03379101551865427,0.0,0.0,1,1,0,0,0,0,0,0,0.3782701325683594,378270.1325683594
Y2024_LAT23.95656_LON90.07688,2024,90.07688489904977,23.95655652980384,0.5372541736271743,0.16041292304123955,0.2798622961316273,0.02247060719995888,0.0,0.0,1,1,0,0,0,0,0,0,0.9288119347000122,928811.9347000122
Y2024_LAT23.95674_LON90.0867,2024,90.08670057538667,23.956743246538494,0.6282002635385002,0.1522995782739578,0.21950015818754195,0.0,0.0,0.0,1,1,0,0,0,0,0,0,0.9986293499526978,998629.3499526978
Y2024_LAT23.95693_LON90.09652,2024,90.0965163518197,23.95692933711432,0.29229958727388167,0.0008000038068040675,0.7037004159696221,0.0,0.0,0.003199992949692351,3,0,0,1,0,0,0,0,0.9986439486618042,998643.9486618042
Y2024_LAT23.95711_LON90.10633,2024,90.10633222804873,23.957114801435633,0.2921000520335986,0.010399993551884512,0.6974999544145168,0.0,0.0,0.0,3,0,0,1,0,0,0,0,0.9986584986419678,998658.4986419678
Y2024_LAT23.9573_LON90.11615,2024,90.11614820366373,23.957299639577904,0.8233000954956619,0.015499944126875682,0.11930005643253365,0.04189990394492877,0.0,0.0,1,1,0,0,0,0,0,0,0.9986730005493164,998673.0005493164
Y2024_LAT23.95748_LON90.12596,2024,90.12596427832622,23.957483851547643,0.022699848621083485,0.0,0.9773001513789165,0.0,0.0,0.0,3,0,0,1,0,0,0,0,0.9986874532470703,998687.4532470703
Y2024_LAT23.95767_LON90.13578,2024,90.1357804518744,23.957667437216376,0.21440106434793696,0.00010000065726267613,0.7854989349948004,0.0,0.0,0.0,3,0,0,1,0,0,0,0,0.9987018557052613,998701.8557052612
Y2024_LAT23.95785_LON90.1456,2024,90.14559672367382,23.95785039657476,0.3425997378124191,0.0009000062103967003,0.6433001678910257,0.013200088086158421,0.0,0.0,3,0,0,1,0,0,0,0,0.9987162105636597,998716.2105636597
Y2024_LAT23.95803_LON90.15541,2024,90.15541309367222,23.958032729743756,0.5037992250874826,0.0001999985850017777,0.4636007696315029,0.03240000669601269,0.0,0.0,1,1,0,0,0,0,0,0,0.9987305157165527,998730.5157165527
Y2024_LAT23.95821_LON90.16523,2024,90.16522956127949,23.958214436509994,0.4659994931474146,0.10070026091330289,0.43330024593928246,0.0,0.0,0.0,1,1,0,0,0,0,0,1,0.9987447716674804,998744.7716674805
Y2024_LAT23.9584_LON90.17505,2024,90.17504612638228,23.95839551692667,0.30280084137563745,0.0014999921978177872,0.6956991664265447,0.0,0.0,0.0,3,0,0,1,0,0,0,0,0.9987589791793823,998758.9791793823
Y2024_LAT23.95858_LON90.18486,2024,90.18486278855273,23.958575970887413,0.20130009245389852,0.00409998156052011,0.7945999259855814,0.0,0.0,0.0,3,0,0,1,0,0,0,0,0.9987731355514526,998773.1355514526
Y2024_LAT23.95876_LON90.19468,2024,90.19467954748016,23.958755798558954,0.6727000436942067,0.011899962951937933,0.18719978806346865,0.1282002052903868,0.0,0.0,1,1,0,0,0,0,0,0,0.9987872455978394,998787.2455978394
Y2024_LAT23.95893_LON90.2045,2024,90.20449640273638,23.958934999793204,0.4787994340936477,0.03209996834942327,0.46110066241348086,0.027999935143448156,0.0,0.0,1,1,0,0,0,0,0,1,0.9988013045959473,998801.3045959473
Y2024_LAT23.95911_LON90.21431,2024,90.21431335410698,23.95911357454339,0.2765998264756452,0.0,0.6942001720206141,0.029200001503740684,0.0,0.0,3,0,0,1,0,0,0,0,0.9988153175811768,998815.3175811768
Y2024_LAT23.95929_LON90.22413,2024,90.22413040111796,23.95929152284852,0.3494005960207898,0.00410001050811584,0.40089979553896615,0.24559959793212818,0.0,0.0,3,0,0,1,0,0,0,1,0.9988292773971558,998829.2773971558
Y2024_LAT23.95947_LON90.23395,2024,90.23394754365036,23.95946884464746,0.16429928865877355,0.0037999774990454547,0.6392006739763356,0.19270005986584532,0.0,0.0,3,0,0,1,0,0,0,0,0.9988431907119751,998843.1907119751
Y2024_LAT23.95965_LON90.24376,2024,90.24376478116957,23.959645539859693,0.314800521015467,0.004900023931129334,0.3741996240813938,0.30579983254151244,0.0002999984304975538,0.0,3,0,0,1,0,0,0,1,0.9988570526809692,998857.0526809692
Y2024_LAT23.95982_LON90.25358,2024,90.25358211341174,23.95982160857462,0.6610004495430394,0.0469998512350552,0.23599957278287445,0.05600012643903095,0.0,0.0,1,1,0,0,0,0,0,0,0.998870868423462,998870.8684234619
Y2024_LAT23.96_LON90.2634,2024,90.26339954000085,23.95999705072584,0.9257999069178682,0.018700112557642878,0.0,0.05549998052448892,0.0,0.0,1,1,0,0,0,0,0,0,0.998884634048462,998884.6340484619
Y2024_LAT23.96017_LON90.27322,2024,90.27321706069397,23.960171866216925,0.9797823404817019,0.007142107479200912,0.0,0.013075552039097235,0.0,0.0,1,1,0,0,0,0,0,0,0.9090975727767945,909097.5727767944
Y2024_LAT23.96035_LON90.28303,2024,90.28303467507726,23.960346055135613,0.5780919753226913,0.3922434459610088,0.010587036573325166,0.019077542142974715,0.0,0.0,1,1,0,0,0,0,0,0,0.9529618675537109,952961.8675537109
Y2024_LAT23.96052_LON90.29285,2024,90.29285238283336,23.96051961737,0.8671826577794304,0.1085026004883006,0.024314741732269027,0.0,0.0,0.0,1,1,0,0,0,0,0,0,0.710735286239624,710735.286239624
Y2024_LAT23.96069_LON90.30267,2024,90.30267018363574,23.960692552967732,1.0,0.0,0.0,0.0,0.0,0.0,1,1,0,0,0,0,0,0,0.055740474609375,55740.474609375
Y2024_LAT23.96086_LON90.31249,2024,90.31248807713283,23.960864861880953,1.0,0.0,0.0,0.0,0.0,0.0,1,1,0,0,0,0,0,0,0.0006992715682983398,699.2715682983398
Y2024_LAT23.96104_LON90.32231,2024,90.32230606293201,23.961036544030545,1.0,0.0,0.0,0.0,0.0,0.0,1,1,0,0,0,0,0,0,0.03076803345489502,30768.03345489502
Y2024_LAT23.96482_LON90.03742,2024,90.0374169114705,23.96482360939133,0.9739130322242305,0.0,0.026086967775769517,0.0,0.0,0.0,1,1,0,0,0,0,0,0,0.01148346900177002,11483.46900177002
Y2024_LAT23.96501_LON90.04723,2024,90.04723286513152,23.965012910462278,0.331450260111713,0.1629008647139462,0.4852381769320565,0.02041069824228427,0.0,0.0,3,0,0,1,0,0,0,1,0.7778874535980225,777887.4535980225
Y2024_LAT23.9652_LON90.05705,2024,90.0570489202927,23.965201585135084,0.33349976783787977,0.0005999960389304248,0.6659002361231898,0.0,0.0,0.0,3,0,0,1,0,0,0,0,0.9985852616729737,998585.2616729736
Y2024_LAT23.96539_LON90.06687,2024,90.0668650766283,23.96538963354469,0.3257003794517874,0.0,0.6596995490754447,0.014600071472768006,0.0,0.0,3,0,0,1,0,0,0,0,0.9986000066452027,998600.0066452026
Y2024_LAT23.96558_LON90.07668,2024,90.0766813337264,23.965577055523735,0.5409004912990351,0.026199878927307112,0.41349972922773676,0.019399900545921073,0.0,0.0,1,1,0,0,0,0,0,0,0.9986147035369873,998614.7035369873
Y2024_LAT23.96576_LON90.0865,2024,90.08649769135138,23.965763851197416,0.42089933177512445,0.011799972262366022,0.5673006959625095,0.0,0.0,0.0,3,0,0,1,0,0,0,0,0.9986293531799316,998629.3531799316
Y2024_LAT23.96595_LON90.09631,2024,90.09631414892887,23.965950020418315,0.3109002740691582,0.009500033006898044,0.6737996592858653,0.00580003363807851,0.0,0.0,3,0,0,1,0,0,0,0,0.9986439526901245,998643.9526901245
Y2024_LAT23.96614_LON90.10613,2024,90.10613070638702,23.966135563209384,0.27590034554136456,0.027799877040008476,0.6891997950705281,0.007099982348098872,0.0,0.0,3,0,0,1,0,0,0,0,0.9986585016021728,998658.5016021729
Y2024_LAT23.96632_LON90.11595,2024,90.11594736339083,23.96632047948856,0.7200995123175512,0.021799897510579078,0.22030076142979224,0.03779982874207752,0.0,0.0,1,1,0,0,0,0,0,0,0.9986730049438477,998673.0049438477
Y2024_LAT23.9665_LON90.12576,2024,90.12576411935206,23.966504769321375,0.1372000630267531,0.00690001556739716,0.8558999214058497,0.0,0.0,0.0,3,0,0,1,0,0,0,0,0.9986874558029175,998687.4558029175
Y2024_LAT23.96669_LON90.13558,2024,90.13558097420615,23.966688432623673,0.5367997958239888,0.024599882782273968,0.43860032139373717,0.0,0.0,0.0,1,1,0,0,0,0,0,0,0.9987018591461182,998701.8591461182
Y2024_LAT23.96687_LON90.1454,2024,90.14539792742968,23.966871469406158,0.30379993100521513,0.0011000010794146075,0.6950000678630769,0.00010000005229339087,0.0,0.0,3,0,0,1,0,0,0,0,0.9987162135772705,998716.2135772705
Y2024_LAT23.96705_LON90.15521,2024,90.15521497878699,23.967053879535577,0.46680060877496143,0.00030000019116904655,0.5328993910338695,0.0,0.0,0.0,3,0,0,1,0,0,0,0,0.9987305189743042,998730.5189743042
Y2024_LAT23.96724_LON90.16503,2024,90.16503212789496,23.967235663102,0.37789994223014767,0.10320040661051619,0.5188996511593361,0.0,0.0,0.0,3,0,0,1,0,0,0,0,0.9987447742080688,998744.7742080688
Y2024_LAT23.96742_LON90.17485,2024,90.17484937448165,23.96741682006917,0.07469988682446572,0.019799889402520178,0.9055002237730141,0.0,0.0,0.0,3,0,0,1,0,0,0,0,0.9987589827423096,998758.9827423096
Y2024_LAT23.9676_LON90.18467,2024,90.18466671810931,23.967597350439622,0.16880031008599866,0.006499988701424479,0.8246997012125769,0.0,0.0,0.0,3,0,0,1,0,0,0,0,0.9987731394958496,998773.1394958496
Y2024_LAT23.96778_LON90.19448,2024,90.19448415860019,23.967777254098802,0.6353014653150084,0.001399996599672635,0.34319858093196515,0.02009995715335383,0.0,0.0,1,1,0,0,0,0,0,0,0.9987872485961914,998787.2485961914
Y2024_LAT23.96796_LON90.2043,2024,90.20430169539499,23.96795653107621,0.6333991064990954,0.12840032962674025,0.22280057755751445,0.015399986316649938,0.0,0.0,1,1,0,0,0,0,0,0,0.9988013078536987,998801.3078536987
Y2024_LAT23.96814_LON90.21412,2024,90.21411932833963,23.968135181290638,0.36260014997609136,0.1076998414368627,0.3823995122994036,0.14730049628764233,0.0,0.0,3,0,0,1,0,0,0,1,0.998815319770813,998815.319770813
Y2024_LAT23.96831_LON90.22394,2024,90.22393705702409,23.968313204799912,0.3873001747350246,0.03840000517566375,0.5552999172177238,0.018999902871588047,0.0,0.0,3,0,0,1,0,0,0,0,0.9988292806167602,998829.2806167603
Y2024_LAT23.96849_LON90.23375,2024,90.23375488123223,23.968490601540427,0.15420045021679182,0.007500023997563411,0.7448992046869433,0.0934003210987015,0.0,0.0,3,0,0,1,0,0,0,0,0.998843192779541,998843.192779541
Y2024_LAT23.96867_LON90.24357,2024,90.24357280032979,23.968667371477327,0.10629973095390903,0.0029999862037140435,0.7964004198332393,0.0942998630091376,0.0,0.0,3,0,0,1,0,0,0,0,0.998857056274414,998857.0562744141
Y2024_LAT23.96884_LON90.25339,2024,90.25339081434804,23.9688435146407,0.25740050424500327,0.047600001667309245,0.6761994923234549,0.018300004684885025,0.0004999970793476222,0.0,3,0,0,1,0,0,0,0,0.9988708707199097,998870.8707199097
Y2024_LAT23.96902_LON90.26321,2024,90.2632089227061,23.96901903092033,0.6405329540930993,0.011768287890473635,0.272351070849981,0.07534768716644612,0.0,0.0,1,1,0,0,0,0,0,0,0.6535695346069336,653569.5346069336
Y2024_LAT23.96919_LON90.27303,2024,90.27302712510023,23.96919392036781,0.968568194574402,0.0,0.0,0.031431805425597925,0.0,0.0,1,1,0,0,0,0,0,0,0.08580520124816894,85805.20124816895
Y2024_LAT23.96937_LON90.28285,2024,90.28284542132822,23.96936818290565,0.8473452537943814,0.0,0.15265474620561859,0.0,0.0,0.0,1,1,0,0,0,0,0,0,0.09030131080627442,90301.31080627441
Y2024_LAT23.97384_LON90.03721,2024,90.03721051980621,23.973843804404627,0.8375892054358416,0.025536286622177655,0.11389184068712253,0.022982667254858185,0.0,0.0,1,1,0,0,0,0,0,0,0.19551819928741454,195518.19928741455
Y2024_LAT23.97403_LON90.04703,2024,90.04702715495428,23.97403318543268,0.5006745961936601,0.024524697916329313,0.4540171124913695,0.02078359339864125,0.0,0.0,1,1,0,0,0,0,0,0,0.9609245925674439,960924.5925674438
Y2024_LAT23.97422_LON90.05684,2024,90.05684389160568,23.97422193991786,0.1289997180865723,0.008499955984356588,0.7835003715963318,0.07899995433273944,0.0,0.0,3,0,0,1,0,0,0,0,0.9985852652664184,998585.2652664185
Y2024_LAT23.97441_LON90.06666,2024,90.0666607293828,23.974410067818702,0.13900038213586982,0.0,0.8609996178641302,0.0,0.0,0.0,3,0,0,1,0,0,0,0,0.9986000101547241,998600.0101547241
Y2024_LAT23.9746_LON90.07648,2024,90.07647766792115,23.9745975691074,0.33999962378807086,0.01599998313783481,0.6310003242871921,0.013000068786902255,0.0,0.0,3,0,0,1,0,0,0,0,0.9986147070388794,998614.7070388794
Y2024_LAT23.97478_LON90.08629,2024,90.08629470713392,23.97478444364828,0.23770006684965997,0.008099977219001988,0.7537999588257563,0.00039999710558173744,0.0,0.0,3,0,0,1,0,0,0,0,0.9986293574752808,998629.3574752808
Y2024_LAT23.97497_LON90.09611,2024,90.09611184630502,23.97497069152586,0.4042991780129703,0.07110002276556045,0.5061008005691067,0.01849999865236261,0.0,0.0,3,0,0,1,0,0,0,0,0.9986439552917481,998643.955291748
Y2024_LAT23.97516_LON90.10593,2024,90.10592908534069,23.975156312692146,0.31710052420671797,0.008999989455886865,0.6617994151639561,0.012100071173439014,0.0,0.0,3,0,0,1,0,0,0,0,0.998658505065918,998658.505065918
Y2024_LAT23.97534_LON90.11575,2024,90.11574642392185,23.975341307190906,0.6166999228859454,0.015499960667318763,0.3478002421665437,0.01999987428019223,0.0,0.0,1,1,0,0,0,0,0,0,0.9986730073852539,998673.0073852539
Y2024_LAT23.97553_LON90.12556,2024,90.12556386161538,23.975525674822016,0.31320014011126385,0.008500026836913704,0.6782998330518224,0.0,0.0,0.0,3,0,0,1,0,0,0,0,0.9986874587554931,998687.4587554932
Y2024_LAT23.97571_LON90.13538,2024,90.13538139813804,23.975709415773085,0.20069936477629022,0.016500014006948664,0.7828006212167611,0.0,0.0,0.0,3,0,0,1,0,0,0,0,0.9987018624343872,998701.8624343872
Y2024_LAT23.97589_LON90.1452,2024,90.14519903300263,23.975892529839115,0.15860005890312132,0.04589984541166158,0.7955000956852171,0.0,0.0,0.0,3,0,0,1,0,0,0,0,0.9987162159423828,998716.2159423828
Y2024_LAT23.97608_LON90.15502,2024,90.1550167662372,23.976075017126078,0.27890048143927215,0.0,0.7210995185607278,0.0,0.0,0.0,3,0,0,1,0,0,0,0,0.9987305213241577,998730.5213241577
Y2024_LAT23.97626_LON90.16483,2024,90.16483459705708,23.976256877577896,0.2605002096862221,0.04030019504958207,0.6971996035994265,0.0019999916647693706,0.0,0.0,3,0,0,1,0,0,0,0,0.9987447782287597,998744.7782287598
Y2024_LAT23.97644_LON90.17465,2024,90.17465252544086,23.976438111140663,0.47599919105021876,0.054099770993585684,0.4699010379561956,0.0,0.0,0.0,1,1,0,0,0,0,0,1,0.9987589842224122,998758.9842224121
Y2024_LAT23.97662_LON90.18447,2024,90.18447055094862,23.97661871773302,0.5458006242353486,0.003799996947078475,0.45039937881757297,0.0,0.0,0.0,1,1,0,0,0,0,0,0,0.9987731424865722,998773.1424865723
Y2024_LAT23.9768_LON90.19429,2024,90.19428867327345,23.976798697442877,0.6543989822322698,0.008600051913944223,0.3329009736707353,0.004099992183050839,0.0,0.0,1,1,0,0,0,0,0,0,0.9987872525482178,998787.2525482178
Y2024_LAT23.97698_LON90.20411,2024,90.20410689194429,23.976978050127602,0.3354996701377743,0.07560016294278776,0.5718001143870244,0.01710005253241352,0.0,0.0,3,0,0,1,0,0,0,0,0.9988013113479615,998801.3113479614
Y2024_LAT23.97716_LON90.21393,2024,90.21392520685909,23.977156775856212,0.1778999018793028,0.038399808699456466,0.5739999527302554,0.2097003366909854,0.0,0.0,3,0,0,1,0,0,0,0,0.9988153198242188,998815.3198242188
Y2024_LAT23.97733_LON90.22374,2024,90.22374361752135,23.977334874639187,0.4135997041729577,0.04900013714962269,0.5290001406449256,0.008400018032493984,0.0,0.0,3,0,0,1,0,0,0,0,0.9988292841339111,998829.2841339111
Y2024_LAT23.97751_LON90.23356,2024,90.23356212365879,23.97751234636371,0.20049998373280328,0.013300065818482972,0.7292997836459038,0.05690016680280996,0.0,0.0,3,0,0,1,0,0,0,0,0.998843196220398,998843.196220398
Y2024_LAT23.97769_LON90.24338,2024,90.2433807248103,23.97768919106518,0.2538004734350872,0.10469970282843674,0.5961999548246216,0.04529986891185461,0.0,0.0,3,0,0,1,0,0,0,0,0.9988570591583252,998857.0591583252
Y2024_LAT23.97787_LON90.2532,2024,90.2531994208296,23.977865408604853,0.7723284965872965,0.0036410286962306184,0.16534543962543252,0.05868503509104039,0.0,0.0,1,1,0,0,0,0,0,0,0.9327452479476929,932745.2479476929
Y2024_LAT23.97804_LON90.26302,2024,90.26301821130762,23.97804099904468,0.3890943910169172,0.011090601901118236,0.587800185749767,0.012014821332197594,0.0,0.0,3,0,0,1,0,0,0,0,0.10807878334808349,108078.7833480835
Y2024_LAT23.98286_LON90.037,2024,90.03700402643314,23.982863987226168,0.3494470684234294,0.008747675164405631,0.6381220144331359,0.003683241979029232,0.0,0.0,3,0,0,1,0,0,0,0,0.2168873693008423,216887.36930084229
Y2024_LAT23.98305_LON90.04682,2024,90.04682134327881,23.98305344830636,0.27002377171028674,0.006904636613674295,0.6748452611969469,0.04822633047909206,0.0,0.0,3,0,0,1,0,0,0,0,0.940054517501831,940054.517501831
Y2024_LAT23.98324_LON90.05664,2024,90.05663876174621,23.98324228254006,0.2916996315512943,0.03240006161386689,0.5787007559543927,0.09719955088044602,0.0,0.0,3,0,0,1,0,0,0,0,0.9985852687911987,998585.2687911987
Y2024_LAT23.98343_LON90.06646,2024,90.06645628125234,23.983430489840416,0.38590071041663876,0.011199993871058241,0.6028992957123029,0.0,0.0,0.0,3,0,0,1,0,0,0,0,0.9986000144195557,998600.0144195557
Y2024_LAT23.98362_LON90.07627,2024,90.07627390172335,23.98361807027664,0.19700072524974493,0.0,0.7678990845349184,0.035100190215336724,0.0,0.0,3,0,0,1,0,0,0,0,0.998614710105896,998614.710105896
Y2024_LAT23.98381_LON90.08609,2024,90.08609162271958,23.9838050238103,0.14209971895970774,0.00910003238236979,0.842700286588693,0.0,0.0,0.0060999620692294525,3,0,0,1,0,0,0,0,0.9986293603210449,998629.3603210449
Y2024_LAT23.98399_LON90.09591,2024,90.09590944385178,23.983991350348965,0.18190070106768932,0.08330008884613894,0.6863990738996387,0.04840013618653305,0.0,0.0,3,0,0,1,0,0,0,0,0.9986439589767456,998643.9589767456
Y2024_LAT23.98418_LON90.10573,2024,90.10572736484106,23.984177050035534,0.4398991856033786,0.021400081309928015,0.5387007330866934,0.0,0.0,0.0,3,0,0,1,0,0,0,0,0.9986585085296631,998658.5085296631
Y2024_LAT23.98436_LON90.11555,2024,90.1155453852895,23.984362122632884,0.4564005937790975,0.026899974714743095,0.5011994752011776,0.015199956982326413,0.0002999993226554008,0.0,3,0,0,1,0,0,0,0,0.9986730108413696,998673.0108413696
Y2024_LAT23.98455_LON90.12536,2024,90.12536350504517,23.984546568254345,0.13509969493500354,0.12579990839925306,0.7391003966657433,0.0,0.0,0.0,3,0,0,1,0,0,0,0,0.9986874631347656,998687.4631347656
Y2024_LAT23.98473_LON90.13518,2024,90.13518172355465,23.984730386793192,0.23239961930504108,0.07350030559931113,0.6941000750956478,0.0,0.0,0.0,3,0,0,1,0,0,0,0,0.998701866355896,998701.866355896
Y2024_LAT23.98491_LON90.145,2024,90.14500004052871,23.98491357826769,0.3761007148360032,0.04710006382934806,0.5767992213346487,0.0,0.0,0.0,3,0,0,1,0,0,0,0,0.9987162203292846,998716.2203292847
Y2024_LAT23.9851_LON90.15482,2024,90.15481845585259,23.985096142652324,0.028900044921184156,0.0,0.9710999550788159,0.0,0.0,0.0,3,0,0,1,0,0,0,0,0.9987305256576539,998730.5256576538
Y2024_LAT23.98528_LON90.16464,2024,90.16463696874172,23.9852780798837,0.33930013551463944,0.1279001893094189,0.5327996751759417,0.0,0.0,0.0,3,0,0,1,0,0,0,0,0.9987447810516358,998744.7810516357
Y2024_LAT23.98546_LON90.17446,2024,90.17445557927796,23.985459389940257,0.16580006586058665,0.07539985693820711,0.7588000772012062,0.0,0.0,0.0,3,0,0,1,0,0,0,0,0.9987589874191284,998758.9874191284
Y2024_LAT23.98564_LON90.18427,2024,90.18427428698745,23.98564007295918,0.3930007958149344,0.03350011072459194,0.565699103754614,0.007799989705859657,0.0,0.0,3,0,0,1,0,0,0,0,0.9987731450576782,998773.1450576782
Y2024_LAT23.98582_LON90.19409,2024,90.19409309146386,23.98582012866716,0.3776986512366443,0.0015999891382679186,0.6207013596250878,0.0,0.0,0.0,3,0,0,1,0,0,0,0,0.9987872550125122,998787.2550125122
Y2024_LAT23.986_LON90.20391,2024,90.20391199242617,23.98599955722351,0.14290050430828277,0.0009000007843821525,0.8424994439495784,0.013700050957756667,0.0,0.0,3,0,0,1,0,0,0,0,0.9988013145675659,998801.3145675659
Y2024_LAT23.98618_LON90.21373,2024,90.21373098960477,23.986178358566498,0.3266996716331868,0.0,0.47240026240582467,0.20090006596098856,0.0,0.0,3,0,0,1,0,0,0,1,0.9988153229064941,998815.3229064941
Y2024_LAT23.98636_LON90.22355,2024,90.22355008251714,23.986356532495638,0.5616006955987947,0.0034000119316000073,0.37709918518978097,0.057900107279824364,0.0,0.0,1,1,0,0,0,0,0,0,0.9988292872085571,998829.2872085571
Y2024_LAT23.98653_LON90.23337,2024,90.23336927093084,23.986534079154005,0.7795000321889696,0.026800129551391015,0.16689970841035737,0.026800129849282,0.0,0.0,1,1,0,0,0,0,0,0,0.9988431993408203,998843.1993408203
Y2024_LAT23.98671_LON90.24319,2024,90.24318855456185,23.986710998531812,0.8266004505475238,0.050199898138588196,0.10099975889078609,0.022199892423101893,0.0,0.0,1,1,0,0,0,0,0,0,0.9988570621261597,998857.0621261597
Y2024_LAT23.98689_LON90.25301,2024,90.25300793290211,23.986887290588154,0.9298637805301462,0.02775706366681268,0.01040890404990242,0.03197025175313871,0.0,0.0,1,1,0,0,0,0,0,0,0.4030429231491089,403042.9231491089
Y2024_LAT23.99207_LON90.04662,2024,90.0466154300794,23.992073698782793,0.20064661921551036,0.1413152873641729,0.6580380934203167,0.0,0.0,0.0,3,0,0,1,0,0,0,0,0.09256783625793458,92567.83625793457
Y2024_LAT23.99226_LON90.05643,2024,90.05643353062,23.992262612744398,0.2853196766138173,0.03874173529587787,0.6534220432068621,0.022516544883442687,0.0,0.0,3,0,0,1,0,0,0,0,0.9047187324447632,904718.7324447632
Y2024_LAT23.99245_LON90.06625,2024,90.0662517323497,23.99245089958671,0.1823004248676077,0.029999858409640343,0.7849996974697965,0.0027000192529555416,0.0,0.0,3,0,0,1,0,0,0,0,0.9986000174331665,998600.0174331665
Y2024_LAT23.99264_LON90.07607,2024,90.07607003497604,23.992638559336502,0.3323000118677884,0.00940002551601562,0.5789996283328444,0.07930033428335165,0.0,0.0,3,0,0,1,0,0,0,0,0.9986147139511108,998614.7139511108
Y2024_LAT23.99283_LON90.08589,2024,90.08588843813719,23.992825591785948,0.4144005380878643,0.017200036809959275,0.5346996455895153,0.03369977951266107,0.0,0.0,3,0,0,1,0,0,0,0,0.9986293641281128,998629.3641281128
Y2024_LAT23.99301_LON90.09571,2024,90.0957069415336,23.993011997099362,0.6675005605682917,0.03370004402833125,0.26749938225995057,0.031300013143426474,0.0,0.0,1,1,0,0,0,0,0,0,0.9986439620437622,998643.9620437622
Y2024_LAT23.9932_LON90.10553,2024,90.10552554481855,23.99319777510471,0.04789999552673538,0.0,0.9521000044732646,0.0,0.0,0.0,3,0,0,1,0,0,0,0,0.9986585121765137,998658.5121765137
Y2024_LAT23.99338_LON90.11534,2024,90.11534424754532,23.993382925942004,0.1594997088185319,0.03000013281265406,0.8105001583688141,0.0,0.0,0.0,3,0,0,1,0,0,0,0,0.9986730143432617,998673.0143432617
Y2024_LAT23.99357_LON90.12516,2024,90.1251630496369,23.993567449479496,0.024599963667904293,0.09170019831659472,0.883699838015501,0.0,0.0,0.0,3,0,0,1,0,0,0,0,0.9986874652862548,998687.4652862549
Y2024_LAT23.99375_LON90.13498,2024,90.13498195046746,23.99375134562406,0.16889996295166304,0.2372995647305544,0.5919004698786948,0.0019000024390877326,0.0,0.0,3,0,0,1,0,0,0,0,0.9987018694381714,998701.8694381714
Y2024_LAT23.99393_LON90.1448,2024,90.14480094988735,23.99393461451832,0.12470017538147239,0.004900001835622216,0.8703998227829054,0.0,0.0,0.0,3,0,0,1,0,0,0,0,0.9987162231292724,998716.2231292725
Y2024_LAT23.99412_LON90.15462,2024,90.15462004754488,23.99411725601785,0.22569991930480618,0.004500000470728497,0.7698000802244653,0.0,0.0,0.0,3,0,0,1,0,0,0,0,0.9987305287322998,998730.5287322998
Y2024_LAT23.9943_LON90.16444,2024,90.16443924297548,23.994299270116578,0.3514987418541923,0.08039978218113429,0.5681014759646734,0.0,0.0,0.0,3,0,0,1,0,0,0,0,0.998744783744812,998744.783744812
Y2024_LAT23.99448_LON90.17426,2024,90.17425853599198,23.994480656836377,0.1664994619249076,0.015000082766478769,0.8185004553086136,0.0,0.0,0.0,3,0,0,1,0,0,0,0,0.9987589925613404,998758.9925613403
Y2024_LAT23.99466_LON90.18408,2024,90.184077926109,23.99466141604853,0.49610060490554514,0.10380008009485715,0.40009931499959767,0.0,0.0,0.0,1,1,0,0,0,0,0,1,0.9987731491622924,998773.1491622925
Y2024_LAT23.99484_LON90.1939,2024,90.193897413242,23.994841547842743,0.1591995434122316,0.0,0.8408004565877684,0.0,0.0,0.0,3,0,0,1,0,0,0,0,0.998787258392334,998787.258392334
Y2024_LAT23.99502_LON90.20372,2024,90.20371699670896,23.99502105212122,0.27200054116327016,0.04480014834520157,0.6831993104915283,0.0,0.0,0.0,3,0,0,1,0,0,0,0,0.9988013177947999,998801.3177947998
Y2024_LAT23.9952_LON90.21354,2024,90.21353667653915,23.9951999288836,0.1920997430716782,0.15940039229728853,0.5217995590568956,0.12670030557413772,0.0,0.0,3,0,0,1,0,0,0,0,0.9988153294296265,998815.3294296265
Y2024_LAT23.99538_LON90.22336,2024,90.22335645206535,23.99537817820095,0.0810998922949238,0.10949986435924378,0.6194008881576504,0.18979935591039754,0.0001999992777845614,0.0,3,0,0,1,0,0,0,0,0.9988292904434204,998829.2904434204
Y2024_LAT23.99556_LON90.23318,2024,90.23317632314846,23.99555579993395,0.43580048726748477,0.21380044730566863,0.327199010601083,0.023200054825763643,0.0,0.0,1,1,0,0,0,0,0,1,0.9988432019958496,998843.2019958496
Y2024_LAT23.99573_LON90.243,2024,90.24299628938434,23.995732794019407,0.9677001929955057,0.012599925008025337,0.018999883778321913,0.0006999982181470217,0.0,0.0,1,1,0,0,0,0,0,0,0.9988570652999877,998857.0652999878
Y2024_LAT23.99591_LON90.25282,2024,90.2528163505708,23.99590916055527,0.9951463933622718,0.0,0.0,0.004853606637728158,0.0,0.0,1,1,0,0,0,0,0,0,0.6379774355926514,637977.4355926514
Y2024_LAT24.00071_LON90.02677,2024,90.02677215453764,24.000714067488964,0.29768097633360424,0.02706185562366431,0.6752571680427314,0.0,0.0,0.0,3,0,0,1,0,0,0,0,0.07748695835876465,77486.95835876465
Y2024_LAT24.0009_LON90.03659,2024,90.03659073394734,24.000904315890693,0.0,0.0,1.0,0.0,0.0,0.0,3,0,0,1,0,0,0,0,0.009686047241210938,9686.047241210938
Y2024_LAT24.00109_LON90.04641,2024,90.04640941533675,24.00109393706591,0.25539860133468306,0.03945608464529874,0.7051453140200182,0.0,0.0,0.0,3,0,0,1,0,0,0,0,0.7491284092941284,749128.4092941284
Y2024_LAT24.00128_LON90.05623,2024,90.05622819828714,24.001282930860743,0.4513707147419093,0.18998858538731186,0.35864069987077885,0.0,0.0,0.0,1,1,0,0,0,0,0,1,0.8378136173934937,837813.6173934937
Y2024_LAT24.00147_LON90.06605,2024,90.06604708253283,24.001471297199046,0.21479922659872083,0.0498998094495732,0.7284009465408329,0.006900017410873124,0.0,0.0,3,0,0,1,0,0,0,0,0.9986000206069946,998600.0206069946
Y2024_LAT24.00166_LON90.07587,2024,90.07586606760358,24.00165903601108,0.47780051701543724,0.01750005025157368,0.46719919675507676,0.03750023597791229,0.0,0.0,1,1,0,0,0,0,0,1,0.9986147175598145,998614.7175598145
Y2024_LAT24.00185_LON90.08569,2024,90.08568515340238,24.00184614755451,0.18169990066706984,0.00010000028392415954,0.7788003404350106,0.03939975861399544,0.0,0.0,3,0,0,1,0,0,0,0,0.9986293667984009,998629.3667984009
Y2024_LAT24.00203_LON90.0955,2024,90.09550433933367,24.00203263159932,0.344000173486841,0.11219993210669993,0.4957999417351648,0.047999952671294296,0.0,0.0,3,0,0,1,0,0,0,1,0.9986439658889771,998643.965888977
Y2024_LAT24.00222_LON90.10532,2024,90.10532362525339,24.002218488129675,0.25480046951678503,0.025700066792123652,0.7174994520775658,0.0020000116135255337,0.0,0.0,3,0,0,1,0,0,0,0,0.9986585152969361,998658.515296936
Y2024_LAT24.0024_LON90.11514,2024,90.11514301061867,24.00240371702454,0.1810003268567681,0.035000092332912396,0.7808995925065043,0.0030999883038152994,0.0,0.0,3,0,0,1,0,0,0,0,0.9986730169677734,998673.0169677734
Y2024_LAT24.00259_LON90.12496,2024,90.12496249532208,24.00258831841588,0.22820034929889657,0.15589974824243275,0.6158999024586707,0.0,0.0,0.0,3,0,0,1,0,0,0,0,0.9986874697494507,998687.4697494507
Y2024_LAT24.00277_LON90.13478,2024,90.134782078878,24.0027722923261,0.3601006732416146,0.08179985426435205,0.5580994724940334,0.0,0.0,0.0,3,0,0,1,0,0,0,0,0.9987018727035523,998701.8727035522
Y2024_LAT24.00296_LON90.1446,2024,90.14460176105324,24.002955638562252,0.3300001872016895,0.10739968149809782,0.5626001313002127,0.0,0.0,0.0,3,0,0,1,0,0,0,0,0.9987162255859375,998716.2255859375
Y2024_LAT24.00314_LON90.15442,2024,90.15442154138915,24.00313835715581,0.5083993459077943,0.0689998814454536,0.42260077264675205,0.0,0.0,0.0,1,1,0,0,0,0,0,0,0.9987305312728881,998730.5312728882
Y2024_LAT24.00332_LON90.16424,2024,90.16424141964353,24.00332044815204,0.2393847735653913,0.10141521527859634,0.6592000111560123,0.0,0.0,0.0,3,0,0,1,0,0,0,0,0.9808671385192871,980867.1385192871
Y2024_LAT24.0035_LON90.17406,2024,90.17406139549763,24.003501911410066,0.4524917149442238,0.052569893058219165,0.49493839199755707,0.0,0.0,0.0,3,0,0,1,0,0,0,1,0.2564809611053467,256480.96110534668
Y2024_LAT24.00368_LON90.18388,2024,90.18388146851682,24.003682747021745,0.6799944585083346,0.027794329365757823,0.27482116694140957,0.017390045184498104,0.0,0.0,1,1,0,0,0,0,0,0,0.6719757221679687,671975.7221679688
Y2024_LAT24.00386_LON90.1937,2024,90.19370163840667,24.003862954888493,0.3125253561969168,0.09793319425682344,0.5893367845621765,0.00020466498408328414,0.0,0.0,3,0,0,1,0,0,0,0,0.9760148206787109,976014.8206787109
Y2024_LAT24.00404_LON90.20352,2024,90.20352190485733,24.004042534991154,0.34028610658738273,0.10944444828697394,0.5410123686662319,0.009257076459411427,0.0,0.0,3,0,0,1,0,0,0,0,0.8523765694580078,852376.5694580078
Y2024_LAT24.00422_LON90.21334,2024,90.21334226759073,24.004221487327847,0.11359970991258153,0.3050371040685225,0.49647227575818753,0.08489091026070843,0.0,0.0,3,0,0,1,0,0,0,1,0.8071421149368286,807142.1149368286
Y2024_LAT24.0044_LON90.22316,2024,90.22316272609173,24.004399811826477,0.19625811214121971,0.4529104931771327,0.32920989999236255,0.021621494689285023,0.0,0.0,2,0,1,0,0,0,0,1,0.9608739478302002,960873.9478302002
Y2024_LAT24.00458_LON90.23298,2024,90.23298328019666,24.004577508556643,0.36168059076292824,0.3554110294615028,0.2779982135059425,0.004910166269626467,0.0,0.0,1,1,0,0,0,0,0,1,0.9560926986541748,956092.6986541748
Y2024_LAT24.00475_LON90.2428,2024,90.24280392946517,24.00475457745128,0.8001629898161086,0.15458128607179092,0.04525572411210053,0.0,0.0,0.0,1,1,0,0,0,0,0,0,0.9821762474136353,982176.2474136353
Y2024_LAT24.00493_LON90.25262,2024,90.25262467365299,24.00493101841668,0.40250062904833944,0.3649774641886279,0.17577393522769855,0.056747971535334195,0.0,0.0,1,1,0,0,0,0,0,1,0.7586413481063843,758641.3481063843
Y2024_LAT24.00511_LON90.26245,2024,90.26244551226918,24.00510683146488,0.0,0.006993016244907668,0.9930069837550923,0.0,0.0,0.0,3,0,0,1,0,0,0,0,0.028567949981689454,28567.949981689453
Y2024_LAT24.00935_LON90.00693,2024,90.00692645554592,24.0093515928125,0.5335508536130432,0.15330827864133637,0.25069916097614464,0.06244170676947581,0.0,0.0,1,1,0,0,0,0,0,0,0.2142814344406128,214281.4344406128
Y2024_LAT24.00954_LON90.01675,2024,90.01674551276676,24.009543176731796,0.2675921421684444,0.05738436385424425,0.6750234939773113,0.0,0.0,0.0,3,0,0,1,0,0,0,0,0.3306114072036743,330611.4072036743
Y2024_LAT24.00973_LON90.02656,2024,90.02656467274207,24.00973413306322,0.17936483599195724,0.09814778081207974,0.7224873831959631,0.0,0.0,0.0,3,0,0,1,0,0,0,0,0.813911564086914,813911.5640869141
Y2024_LAT24.00992_LON90.03638,2024,90.03638393485849,24.009924461940013,0.127361788381121,0.06429724745893298,0.8043352291115684,0.004005735048377643,0.0,0.0,3,0,0,1,0,0,0,0,0.972193871925354,972193.871925354
Y2024_LAT24.01011_LON90.0462,2024,90.04620329896227,24.01011416303674,0.09460027383719177,0.0008000042769024814,0.9012997050459163,0.0033000168399895035,0.0,0.0,3,0,0,1,0,0,0,0,0.9985704824371338,998570.4824371338
Y2024_LAT24.0103_LON90.05602,2024,90.05602276475587,24.010303236516076,0.22090034545232892,0.0,0.7771996526399331,0.0019000019077381333,0.0,0.0,3,0,0,1,0,0,0,0,0.9985852785720826,998585.2785720825
Y2024_LAT24.01049_LON90.06584,2024,90.06584233178513,24.010491682452262,0.5010002743255393,0.10719992638256975,0.38459980025129703,0.007199999040594113,0.0,0.0,1,1,0,0,0,0,0,0,0.9986000247268677,998600.0247268677
Y2024_LAT24.01068_LON90.07566,2024,90.07566199969214,24.010679500681952,0.707900218405694,0.04370026267134312,0.24679951351286838,0.0016000054100945898,0.0,0.0,1,1,0,0,0,0,0,0,0.9986147206802368,998614.7206802368
Y2024_LAT24.01087_LON90.08548,2024,90.08548176839925,24.010866691120324,0.3355994224989387,0.18660037460742374,0.4769002079282757,0.0008999949653619512,0.0,0.0,3,0,0,1,0,0,0,1,0.9986293707580567,998629.3707580566
Y2024_LAT24.01105_LON90.0953,2024,90.09530163723639,24.011053253815835,0.16780010100206358,0.3785991928786185,0.4495007030276568,0.004100003091661109,0.0,0.0,3,0,0,1,0,0,0,1,0.9986439687576294,998643.9687576294
Y2024_LAT24.01124_LON90.10512,2024,90.10512160607054,24.01123918877232,0.3954000724378906,0.09040003820021947,0.51419988936189,0.0,0.0,0.0,3,0,0,1,0,0,0,0,0.998658519317627,998658.519317627
Y2024_LAT24.01142_LON90.11494,2024,90.11494167441529,24.011424495946347,0.47520052302188326,0.05090000669680155,0.47389947028131524,0.0,0.0,0.0,1,1,0,0,0,0,0,1,0.998673021118164,998673.0211181641
Y2024_LAT24.01161_LON90.12476,2024,90.12476184212282,24.011609175270305,0.32969931188213764,0.04729994617941012,0.6230007419384522,0.0,0.0,0.0,3,0,0,1,0,0,0,0,0.998687472694397,998687.472694397
Y2024_LAT24.01179_LON90.13458,2024,90.13458210876576,24.011793226786885,0.1991006607693309,0.01879997432060174,0.7820993649100674,0.0,0.0,0.0,3,0,0,1,0,0,0,0,0.9987018765716553,998701.8765716553
Y2024_LAT24.01198_LON90.1444,2024,90.14440247393608,24.01197665041393,0.3677998748424118,0.086100226916811,0.5460998982407772,0.0,0.0,0.0,3,0,0,1,0,0,0,0,0.9987162300262451,998716.2300262451
Y2024_LAT24.01216_LON90.15422,2024,90.15422293740608,24.012159446180302,0.283799810988473,0.22919965167538325,0.48700053733614374,0.0,0.0,0.0,3,0,0,1,0,0,0,1,0.9987305355453491,998730.5355453491
Y2024_LAT24.01234_LON90.16404,2024,90.1640434987886,24.012341614016616,0.344353800822062,0.05150520013572594,0.604140999042212,0.0,0.0,0.0,3,0,0,1,0,0,0,0,0.5739772430114746,573977.2430114746
Y2024_LAT24.0127_LON90.18368,2024,90.18368491396357,24.012704065812414,0.7875410059464563,0.00786884247069942,0.20459015158284435,0.0,0.0,0.0,1,1,0,0,0,0,0,0,0.15231357847595214,152313.57847595215
Y2024_LAT24.01288_LON90.19351,2024,90.19350576709635,24.012884349778297,0.28076362975468727,0.15346558003063449,0.5463223782103814,0.019448412004296808,0.0,0.0,3,0,0,1,0,0,0,0,0.2824561531143189,282456.15311431885
Y2024_LAT24.01306_LON90.20333,2024,90.20332671680983,24.01306400570573,0.0,0.0,1.0,0.0,0.0,0.0,3,0,0,1,0,0,0,0,0.0652215040359497,65221.50403594971
Y2024_LAT24.01324_LON90.21315,2024,90.21314776275689,24.01324303362963,0.0,0.0,1.0,0.0,0.0,0.0,3,0,0,1,0,0,0,0,0.03136264914703369,31362.64914703369
Y2024_LAT24.01342_LON90.22297,2024,90.22296890457554,24.013421433403458,0.2929693969918995,0.01953135358308714,0.6874992494250134,0.0,0.0,0.0,3,0,0,1,0,0,0,0,0.025570021812438965,25570.021812438965
Y2024_LAT24.01378_LON90.24261,2024,90.2426114746769,24.01377634871463,0.6967449435523728,0.08754155266263937,0.21353458299024303,0.0021789207947448684,0.0,0.0,1,1,0,0,0,0,0,0,0.7793094709320069,779309.4709320068
Y2024_LAT24.01395_LON90.25243,2024,90.2524329021486,24.01395286415045,0.44176603154919664,0.01961257674585506,0.5386213917049483,0.0,0.0,0.0,3,0,0,1,0,0,0,0,0.8250668649902344,825066.8649902344
Y2024_LAT24.01413_LON90.26225,2024,90.26225442429609,24.01412875144877,0.0,0.07996712963050051,0.9200328703694995,0.0,0.0,0.0,3,0,0,1,0,0,0,0,0.12116408152770997,121164.08152770996
Y2024_LAT24.01837_LON90.00672,2024,90.00671750541282,24.0183714847521,0.3211641781659309,0.24133615069136613,0.437499671142703,0.0,0.0,0.0,3,0,0,1,0,0,0,1,0.16135979586791993,161359.79586791992
Y2024_LAT24.01856_LON90.01654,2024,90.01653724561469,24.0185631494832,0.20149341448576696,0.13325356278147785,0.6548982429069287,0.010354779825826586,0.0,0.0,3,0,0,1,0,0,0,0,0.5882329226074219,588232.9226074219
Y2024_LAT24.01875_LON90.02636,2024,90.02635708857962,24.018754186457038,0.1762551116377874,0.0690120679489062,0.7539999481732076,0.0007328722400988404,0.0,0.0,3,0,0,1,0,0,0,0,0.8175051090164185,817505.1090164185
Y2024_LAT24.01894_LON90.03618,2024,90.0361770338412,24.01894459548847,0.11130144888863841,0.2089679722417207,0.6797305788696408,0.0,0.0,0.0,3,0,0,1,0,0,0,0,0.9886700053482056,988670.0053482056
Y2024_LAT24.01913_LON90.046,2024,90.0459970809783,24.019134376755595,0.1727000631366705,0.11970054303624045,0.6957993908898978,0.011800002937191311,0.0,0.0,3,0,0,1,0,0,0,0,0.9985704858856201,998570.4858856201
Y2024_LAT24.01932_LON90.05582,2024,90.05581722994174,24.01932353010134,0.37199965605442953,0.05729979075966014,0.5596005892593806,0.011099963926529679,0.0,0.0,3,0,0,1,0,0,0,0,0.9985852817382812,998585.2817382812
Y2024_LAT24.01951_LON90.06564,2024,90.06563748007403,24.019512055474273,0.3702002156522964,0.11800021194648425,0.5056995732125656,0.0060999991886537186,0.0,0.0,3,0,0,1,0,0,0,0,0.9986000276107788,998600.0276107788
Y2024_LAT24.0197_LON90.07546,2024,90.07545783122595,24.019699952917573,0.4865993158998888,0.18330064430181708,0.3143000952265148,0.015799944571779297,0.0,0.0,1,1,0,0,0,0,0,1,0.9986147250518799,998614.7250518799
Y2024_LAT24.01989_LON90.08528,2024,90.08527828307327,24.019887222368435,0.19890040641911702,0.08749968403328962,0.6944998793418019,0.019100030205791426,0.0,0.0,3,0,0,1,0,0,0,0,0.9986293733978272,998629.3733978271
Y2024_LAT24.02007_LON90.0951,2024,90.09509883521426,24.02007386384001,0.2278708796851284,0.02133302889062449,0.7507960914242471,0.0,0.0,0.0,3,0,0,1,0,0,0,0,0.9409220185775757,940922.0185775757
Y2024_LAT24.02026_LON90.10492,2024,90.1049194872924,24.02025987727862,0.32845241736767083,0.0037394858668764004,0.6678080967654527,0.0,0.0,0.0,3,0,0,1,0,0,0,0,0.3204692573928833,320469.2573928833
Y2024_LAT24.02045_LON90.11474,2024,90.11474023897387,24.02044526268811,0.5491035343172251,0.00020022129530173035,0.44919459804896544,0.0015016463385077144,0.0,0.0,1,1,0,0,0,0,0,0,0.997574490951538,997574.4909515381
Y2024_LAT24.02063_LON90.12456,2024,90.12456108996413,24.02063001998886,0.19460029912159768,0.000699995879713941,0.8046997049986884,0.0,0.0,0.0,3,0,0,1,0,0,0,0,0.9986874754257202,998687.4754257202
Y2024_LAT24.02081_LON90.13438,2024,90.1343820400036,24.020814149124835,0.8661998157261956,0.008999988527526781,0.12480019574627754,0.0,0.0,0.0,1,1,0,0,0,0,0,0,0.9987018795166016,998701.8795166016
Y2024_LAT24.021_LON90.1442,2024,90.1442030886186,24.02099765017474,0.254176117502121,0.22826905611172854,0.5175548263861505,0.0,0.0,0.0,3,0,0,1,0,0,0,0,0.998416616355896,998416.616355896
Y2024_LAT24.02118_LON90.15402,2024,90.15402423550923,24.021180523111386,0.35560957832023216,0.26256457620965773,0.3818258454701101,0.0,0.0,0.0,3,0,0,1,0,0,0,1,0.7352647973632812,735264.7973632812
Y2024_LAT24.02136_LON90.16385,2024,90.16384548031928,24.0213627678007,0.15971511306675631,0.34893186223660405,0.4913530246966397,0.0,0.0,0.0,3,0,0,1,0,0,0,1,0.0981760906677246,98176.09066772461
Y2024_LAT24.0228_LON90.24242,2024,90.2424189249463,24.02279810803366,0.8901579400829978,0.01706516250662948,0.09277689741037277,0.0,0.0,0.0,1,1,0,0,0,0,0,0,0.8311499176559448,831149.9176559448
Y2024_LAT24.02297_LON90.25224,2024,90.25224103613151,24.022974697941272,0.8649020121255939,0.10278450028415459,0.03231348759025152,0.0,0.0,0.0,1,1,0,0,0,0,0,0,0.2905701661148071,290570.1661148071
Y2024_LAT24.02739_LON90.00651,2024,90.0065084522817,24.027391364280003,0.10317464634015888,0.873015822501248,0.023809531158593224,0.0,0.0,0.0,2,0,1,0,0,0,0,0,0.01258132022857666,12581.32022857666
Y2024_LAT24.02758_LON90.01633,2024,90.01632887574814,24.027583109938558,0.5100713379715045,0.016338382532401163,0.423679783562027,0.04991049593406734,0.0,0.0,1,1,0,0,0,0,0,0,0.44614263244628904,446142.63244628906
Y2024_LAT24.02777_LON90.02615,2024,90.02614940218974,24.02777422745088,0.5084559649691855,0.08619750039778637,0.36333877645717494,0.04200775817585318,0.0,0.0,1,1,0,0,0,0,0,0,0.18303205152893065,183032.05152893066
Y2024_LAT24.02796_LON90.03597,2024,90.03597003071583,24.027964716920376,0.3522729893363661,0.10014184262715556,0.5475851680364784,0.0,0.0,0.0,3,0,0,1,0,0,0,0,0.14059707320404052,140597.07320404053
Y2024_LAT24.02815_LON90.04579,2024,90.04579076145403,24.028154578179574,0.31972684554823844,0.3947057476892742,0.2729971633884368,0.012570243374050345,0.0,0.0,2,0,1,0,0,0,0,1,0.6752337200775147,675233.7200775146
Y2024_LAT24.02834_LON90.05561,2024,90.05561159370076,24.028343811289034,0.5141076867055745,0.04188274986053061,0.44400956343389486,0.0,0.0,0.0,1,1,0,0,0,0,0,0,0.7891819902648926,789181.9902648926
Y2024_LAT24.02853_LON90.06543,2024,90.06543252746386,24.028532416179694,0.2624866172940632,0.07769181601555561,0.6511644984832148,0.008657068207166422,0.0,0.0,3,0,0,1,0,0,0,0,0.8997389232025147,899738.9232025146
Y2024_LAT24.02872_LON90.07525,2024,90.07525356210074,24.02872039296402,0.6573746507925798,0.05835685348631198,0.2842684957211082,0.0,0.0,0.0,1,1,0,0,0,0,0,0,0.9565732304611206,956573.2304611206
Y2024_LAT24.02891_LON90.08507,2024,90.08507469747711,24.02890774142831,0.15678577358997584,0.02236943242933125,0.8208447939806929,0.0,0.0,0.0,3,0,0,1,0,0,0,0,0.9955336113662719,995533.611366272
Y2024_LAT24.02909_LON90.0949,2024,90.0948959331981,24.029094461614562,0.0,0.004052432926633023,0.995947567073367,0.0,0.0,0.0,3,0,0,1,0,0,0,0,0.41892969788360596,418929.69788360596
Y2024_LAT24.02928_LON90.10472,2024,90.10471726886135,24.029280553518188,0.0,0.0,0.0,0.0,0.0,0.0,1,1,0,0,0,0,0,1,0.0,0.0
Y2024_LAT24.02947_LON90.11454,2024,90.11453870425207,24.029466017066447,0.004416943570069413,0.0,0.9955830564299306,0.0,0.0,0.0,3,0,0,1,0,0,0,0,0.2260991318511963,226099.1318511963
Y2024_LAT24.02965_LON90.12436,2024,90.1243602389302,24.02965085236639,0.14911044990802863,0.0,0.8508895500919714,0.0,0.0,0.0,3,0,0,1,0,0,0,0,0.6228819507522583,622881.9507522583
Y2024_LAT24.02984_LON90.13418,2024,90.13418187258462,24.029835059246516,0.18605552698392055,0.0032458927452079594,0.8106985802708715,0.0,0.0,0.0,3,0,0,1,0,0,0,0,0.769200195137024,769200.1951370239
Y2024_LAT24.03002_LON90.144,2024,90.14400360500903,24.030018637753553,0.27612245303245353,0.0032412327162790215,0.7206363142512675,0.0,0.0,0.0,3,0,0,1,0,0,0,0,0.6470675158386231,647067.515838623
Y2024_LAT24.0302_LON90.15383,2024,90.15382543554587,24.030201587748444,0.0,0.0,1.0,0.0,0.0,0.0,3,0,0,1,0,0,0,0,0.0034955336380004883,3495.5336380004883
Y2024_LAT24.03164_LON90.2324,2024,90.23240357988286,24.03164256199779,1.0,0.0,0.0,0.0,0.0,0.0,1,1,0,0,0,0,0,0,0.005094134674072266,5094.134674072266
Y2024_LAT24.03182_LON90.24223,2024,90.24222628034163,24.03181985508753,0.8609894391089925,0.12842370886762272,0.0,0.010586852023384807,0.0,0.0,1,1,0,0,0,0,0,0,0.43400328407287597,434003.284072876
Y2024_LAT24.032_LON90.25205,2024,90.25204907560126,24.031996519674784,1.0,0.0,0.0,0.0,0.0,0.0,1,1,0,0,0,0,0,0,0.006093073814392089,6093.07381439209
Y2024_LAT24.03641_LON90.0063,2024,90.0062992960744,24.036411231514084,0.9119170955311704,0.044559563215826506,0.012435233480781906,0.031088107772221235,0.0,0.0,1,1,0,0,0,0,0,0,0.09635688662719727,96356.88662719727
Y2024_LAT24.0366_LON90.01612,2024,90.01612040329275,24.036603057987957,0.6307767220413745,0.05845630718586891,0.28316270694266416,0.027604263830092436,0.0,0.0,1,1,0,0,0,0,0,0,0.7994188454666138,799418.8454666138
Y2024_LAT24.03679_LON90.02594,2024,90.02594161342284,24.036794256201645,0.30281769970477307,0.014084441291900618,0.6126752725335353,0.07042258646979105,0.0,0.0,3,0,0,1,0,0,0,0,0.056716989601135255,56716.989601135254
Y2024_LAT24.03755_LON90.06523,2024,90.06522747377883,24.03755276480753,0.7408233919437726,0.11457170799821861,0.14460490005800888,0.0,0.0,0.0,1,1,0,0,0,0,0,0,0.0897743159942627,89774.3159942627
Y2024_LAT24.03774_LON90.07505,2024,90.07504919227634,24.03774082072983,0.6259375617305217,0.004287234585119767,0.3697752036843585,0.0,0.0,0.0,1,1,0,0,0,0,0,0,0.4658553452377319,465855.34523773193
Y2024_LAT24.03793_LON90.08487,2024,90.0848710115662,24.037928248246708,0.13964363735233332,0.1852548961212735,0.6751014665263932,0.0,0.0,0.0,3,0,0,1,0,0,0,0,0.31965987990570066,319659.8799057007
Y2024_LAT24.04562_LON90.01591,2024,90.01591182811815,24.045622993824633,0.006256544932491715,0.018769631291858768,0.9749738237756496,0.0,0.0,0.0,3,0,0,1,0,0,0,0,0.09575872640228271,95758.72640228271
