grid_id,year,longitude,latitude,frac_built,frac_vegetation,frac_cropland,frac_water,frac_wetland,frac_bare,dominant_class,oh_built,oh_vegetation,oh_cropland,oh_water,oh_wetland,oh_bare,mixed_flag,valid_obs_ratio,a_valid
Y2020_LAT23.52482_LON90.15502,2020,90.15502415698468,23.524824690620612,0.0,0.0,0.0,1.0,0.0,0.0,4,0,0,0,1,0,0,0,0.08778755969238282,87787.55969238281
Y2020_LAT23.525_LON90.16481,2020,90.16480821194499,23.52500333582075,0.009140408330966156,0.04178470651365985,0.13362430237387274,0.8154505827815013,0.0,0.0,4,0,0,0,1,0,0,0,0.4589164562301636,458916.4562301636
Y2020_LAT23.52518_LON90.17459,2020,90.17459236327528,23.5251813673849,0.2541175651461815,0.1004199889579183,0.6383588031468536,0.0019373592660268924,0.00516628348301978,0.0,3,0,0,1,0,0,0,0,0.30931080532836913,309310.80532836914
Y2020_LAT23.53385_LON90.15483,2020,90.15483003468516,23.533846342091746,0.0,0.0,0.0,1.0,0.0,0.0,4,0,0,0,1,0,0,0,0.6275947598571777,627594.7598571777
Y2020_LAT23.53403_LON90.16461,2020,90.16461475513425,23.53402506394596,0.19920067274333564,0.028000123156485927,0.2186009192360676,0.5195984421903196,0.0,0.03459984267379126,4,0,0,0,1,0,0,0,0.9987303644256592,998730.3644256592
Y2020_LAT23.5342_LON90.1744,2020,90.17439957193227,23.534203171844304,0.6743111590826116,0.07607487651959641,0.2248068162795439,0.024807148118248072,0.0,0.0,1,1,0,0,0,0,0,0,0.9058607890777588,905860.7890777588
Y2020_LAT23.53438_LON90.18418,2020,90.18418448473497,23.53438066576062,1.0,0.0,0.0,0.0,0.0,0.0,1,1,0,0,0,0,0,0,0.016579294891357423,16579.294891357422
Y2020_LAT23.54269_LON90.14485,2020,90.14485052638558,23.542688569006817,0.0,0.0,0.0,0.9995370396679352,0.0,0.0004629603320648522,4,0,0,0,1,0,0,0,0.21572049773406982,215720.49773406982
Y2020_LAT23.54287_LON90.15464,2020,90.15463581577698,23.542867981597322,0.08040708811900817,0.0049291739329388636,0.0,0.9102480351570391,0.0,0.004415702791013899,4,0,0,0,1,0,0,0,0.9725498642349243,972549.8642349243
Y2020_LAT23.54305_LON90.16442,2020,90.16442120199689,23.543046780077745,0.6483005597180881,0.2195000077561663,0.007700046991724765,0.11319945328214777,0.0,0.011299932251873092,1,1,0,0,0,0,0,0,0.9987303672103882,998730.3672103882
Y2020_LAT23.54322_LON90.17421,2020,90.17420668451803,23.54322496427895,0.6667988187045425,0.03350001534803343,0.29930116591035383,0.0004000000370704632,0.0,0.0,1,1,0,0,0,0,0,0,0.9987446240844726,998744.6240844727
Y2020_LAT23.5434_LON90.18399,2020,90.18399226315104,23.543402534303326,0.5834119341878803,0.062205535351797354,0.3543825304603224,0.0,0.0,0.0,1,1,0,0,0,0,0,0,0.21193544891357421,211935.44891357422
Y2020_LAT23.55153_LON90.13487,2020,90.13486968623559,23.551530015836853,0.0,0.16892732151877243,0.011097418093726885,0.8076447889311335,0.0,0.012330471456367191,4,0,0,0,1,0,0,0,0.08099400813293457,80994.00813293457
Y2020_LAT23.55171_LON90.14466,2020,90.14465554458269,23.551710119708087,0.0023248238320018513,0.0371967380917638,0.006752971204051799,0.9271563404958848,0.0,0.026569126376297755,4,0,0,0,1,0,0,0,0.9021277667770385,902127.7667770386
Y2020_LAT23.55189_LON90.15444,2020,90.15444150021044,23.551889609170125,0.3411005124363874,0.24230042137371674,0.06470031262780725,0.3420987714325247,0.0,0.00979998212956404,4,0,0,0,1,0,0,1,0.9987160634460449,998716.0634460449
Y2020_LAT23.55207_LON90.16423,2020,90.16422755244805,23.552068484213372,0.4289006491623248,0.34919920275691235,0.17580004435085267,0.04020006884590494,0.005900034884005363,0.0,1,1,0,0,0,0,0,1,0.9987303698120117,998730.3698120117
Y2020_LAT23.55225_LON90.17401,2020,90.1740137011059,23.552246744855402,0.791800043951876,0.032022022601327,0.1698621109090284,0.006315822537768613,0.0,0.0,1,1,0,0,0,0,0,0,0.9013664519577026,901366.4519577026
Y2020_LAT23.55242_LON90.1838,2020,90.18379994580019,23.552424390933815,0.21195661623565448,0.1644021593152272,0.5611412767915341,0.06249994765758421,0.0,0.0,3,0,0,1,0,0,0,0,0.07350824320220947,73508.24320220947
Y2020_LAT23.55946_LON90.07596,2020,90.07595685000386,23.55945748442499,0.0,0.9990393867541699,0.0,0.0009606132458300622,0.0,0.0,2,0,1,0,0,0,0,0,0.10395469815063477,103954.69815063477
Y2020_LAT23.55964_LON90.08574,2020,90.08574278524303,23.559641352957325,0.0,0.7807993535533897,0.0,0.11840041983396152,0.0,0.10080022661264874,2,0,1,0,0,0,0,0,0.06241312474822998,62413.12474822998
Y2020_LAT23.56055_LON90.13467,2020,90.1346739410854,23.560551477377906,0.0,0.0,0.0,1.0,0.0,0.0,4,0,0,0,1,0,0,0,0.38000215110778807,380002.1511077881
Y2020_LAT23.56073_LON90.14446,2020,90.14446046595044,23.560731658431777,0.27520135994345457,0.0039000154760325924,0.0,0.7208986245805128,0.0,0.0,4,0,0,0,1,0,0,0,0.9987017121124268,998701.7121124268
Y2020_LAT23.56091_LON90.15425,2020,90.15424708780246,23.56091122487003,0.49639954404786163,0.42870023247057815,0.044000171087615385,0.0051000245578527986,0.025800027836092143,0.0,1,1,0,0,0,0,0,1,0.9987160675735474,998716.0675735474
Y2020_LAT23.56109_LON90.16403,2020,90.16403380648616,23.56109017648935,0.619200606104108,0.0714996664626751,0.30839972319224973,0.000900004240967175,0.0,0.0,1,1,0,0,0,0,0,0,0.9987303740921021,998730.374092102
Y2020_LAT23.56127_LON90.17382,2020,90.1738206215853,23.561268513405874,0.5036998065044778,0.024199955850676753,0.47080024463515313,0.0012999930096922938,0.0,0.0,1,1,0,0,0,0,0,0,0.9987446305694581,998744.630569458
Y2020_LAT23.56145_LON90.18361,2020,90.18360753279721,23.561446235584405,0.7148002164032763,0.10691552772812198,0.17690113695820264,0.0013831189103990923,0.0,0.0,1,1,0,0,0,0,0,0,0.7221016843185425,722101.6843185425
Y2020_LAT23.56162_LON90.19339,2020,90.193394539743,23.561623342994867,0.33157508432437566,0.2529665225067884,0.41348080873840215,0.001977584430433774,0.0,0.0,3,0,0,1,0,0,0,1,0.6060551046066284,606055.1046066284
Y2020_LAT23.5618_LON90.20318,2020,90.20318164221113,23.561799835632396,0.30661058440458144,0.05250836219081722,0.6408810534046013,0.0,0.0,0.0,3,0,0,1,0,0,0,0,0.21304068893432618,213040.68893432617
Y2020_LAT23.56811_LON90.05618,2020,90.0561841032653,23.56810872663883,0.0,0.07313848340777516,0.0,0.7539895187162017,0.0,0.1728719978760232,4,0,0,0,1,0,0,0,0.07509282682037353,75092.82682037354
Y2020_LAT23.56829_LON90.06597,2020,90.0659705057738,23.56829390346477,0.0,0.34253984334821796,0.0,0.05087495404719412,0.0,0.6065852026045879,6,0,0,0,0,0,1,0,0.4337858655395508,433785.8655395508
Y2020_LAT23.56848_LON90.07576,2020,90.07575700812465,23.56847846549364,0.0,0.4457449916195847,0.0,0.3785928627697818,0.0,0.17566214561063348,2,0,1,0,0,0,0,1,0.8788682603988648,878868.2603988647
Y2020_LAT23.56866_LON90.08554,2020,90.08554360972573,23.56866241285735,0.0,0.24283150450733323,0.0,0.22082301487997036,0.0,0.5363454806126964,6,0,0,0,0,0,1,0,0.9437903206634521,943790.3206634521
Y2020_LAT23.56885_LON90.09533,2020,90.09533031066343,23.568845745324147,0.0,0.3597377506231174,0.0,0.16691135575927923,0.0,0.47335089361760335,6,0,0,0,0,0,1,1,0.6126586168670655,612658.6168670654
Y2020_LAT23.56903_LON90.10512,2020,90.10511711033375,23.569028462994325,0.0,0.26467441029590205,0.0,0.735325589704098,0.0,0.0,4,0,0,0,1,0,0,0,0.6346385269851684,634638.5269851685
Y2020_LAT23.56921_LON90.1149,2020,90.11490400835534,23.56921056583318,0.0,0.6639709505024356,0.0,0.33602904949756435,0.0,0.0,2,0,1,0,0,0,0,0,0.877021916267395,877021.916267395
Y2020_LAT23.56939_LON90.12469,2020,90.12469100463397,23.56939205383484,0.0,0.010767824437440362,0.0,0.9892321755625596,0.0,0.0,4,0,0,0,1,0,0,0,0.9181797448043824,918179.7448043823
Y2020_LAT23.56957_LON90.13448,2020,90.1344780985673,23.56957292699432,0.0,0.0,0.0,1.0,0.0,0.0,4,0,0,0,1,0,0,0,0.9724219916381835,972421.9916381836
Y2020_LAT23.56975_LON90.14427,2020,90.1442652900807,23.56975318514655,0.43680173151858454,0.00030000053183442375,0.0,0.562898267949581,0.0,0.0,4,0,0,0,1,0,0,0,0.9987017156448365,998701.7156448364
Y2020_LAT23.56993_LON90.15405,2020,90.15405257867346,23.569932828379407,0.7607991017139368,0.09360013639923591,0.14360076037848193,0.0,0.0020000015083453007,0.0,1,1,0,0,0,0,0,0,0.9987160703735352,998716.0703735352
Y2020_LAT23.57011_LON90.16384,2020,90.16383996414751,23.570111856688687,0.3444002883841659,0.1706000532888344,0.4824996415968697,0.0025000167301299655,0.0,0.0,3,0,0,1,0,0,0,1,0.998730376991272,998730.376991272
Y2020_LAT23.57029_LON90.17363,2020,90.1736274458886,23.570290270004396,0.2971999792363119,0.14419970527776935,0.5321002037962689,0.023900099001089352,0.0026000126885606374,0.0,3,0,0,1,0,0,0,0,0.9987446329345703,998744.6329345703
Y2020_LAT23.57047_LON90.18342,2020,90.18341502396615,23.570468068336094,0.8042001927564838,0.15509975041967775,0.03610008837957525,0.004599968444263291,0.0,0.0,1,1,0,0,0,0,0,0,0.9987588417053223,998758.8417053223
Y2020_LAT23.57065_LON90.1932,2020,90.19320269775938,23.57064525159108,0.5870989722529771,0.08060004886276069,0.28630104093111214,0.044999942610743394,0.000999995342406779,0.0,1,1,0,0,0,0,0,0,0.9987730005722046,998773.0005722046
Y2020_LAT23.57082_LON90.20299,2020,90.2029904670772,23.570821819783017,0.06633245583955259,0.005362550890590144,0.8782931082065962,0.0233155259565535,0.026696359106707566,0.0,3,0,0,1,0,0,0,0,0.856758760231018,856758.7602310181
Y2020_LAT23.57694_LON90.0462,2020,90.04619585909796,23.576943666385603,0.0,0.0,0.0,1.0,0.0,0.0,4,0,0,0,1,0,0,0,0.13360740531921386,133607.40531921387
Y2020_LAT23.57713_LON90.05598,2020,90.05598282827117,23.577129537391478,0.0,0.15300555571924118,0.0,0.47798046057843957,0.0,0.36901398370231925,4,0,0,0,1,0,0,1,0.9319660593185425,931966.0593185425
Y2020_LAT23.57731_LON90.06577,2020,90.065769897539,23.577314793497933,0.0,0.10169994376092185,0.0,0.3224995729401465,0.0,0.5758004832989316,6,0,0,0,0,0,1,0,0.9985851132507324,998585.1132507324
Y2020_LAT23.5775_LON90.07556,2020,90.07555706663567,23.577499434562377,0.0,0.07489971079008885,0.0,0.11610031932653392,0.0,0.8089999698833772,6,0,0,0,0,0,1,0,0.998599859550476,998599.8595504761
Y2020_LAT23.57768_LON90.08534,2020,90.08534433523448,23.5776834605988,0.0,0.15300042224441962,0.0,0.28479935550747043,0.0,0.56220022224811,6,0,0,0,0,0,1,0,0.9986145565185547,998614.5565185547
Y2020_LAT23.57787_LON90.09513,2020,90.0951317028898,23.57786687159305,0.0,0.13419932738309828,0.002699985626901626,0.42260110810348733,0.0,0.44049957888651275,6,0,0,0,0,0,1,1,0.9986292078323364,998629.2078323364
Y2020_LAT23.57805_LON90.10492,2020,90.10491916941976,23.578049667496614,0.0,0.019400085650555045,0.0,0.9805999143494449,0.0,0.0,4,0,0,0,1,0,0,0,0.9986438070220948,998643.8070220947
Y2020_LAT23.57823_LON90.11471,2020,90.11470673447899,23.57823184828701,0.0,0.00019999916211896714,0.0,0.999800000837881,0.0,0.0,4,0,0,0,1,0,0,0,0.9986583585891724,998658.3585891724
Y2020_LAT23.57841_LON90.12449,2020,90.12449439763861,23.578413414009635,0.0,0.0,0.0,1.0,0.0,0.0,4,0,0,0,1,0,0,0,0.9986728618240357,998672.8618240356
Y2020_LAT23.57859_LON90.13428,2020,90.13428215864754,23.57859436451453,0.038300211885571846,0.0,0.0,0.9191996218059914,0.0,0.042500166308436844,4,0,0,0,1,0,0,0,0.9986873137054444,998687.3137054443
Y2020_LAT23.57877_LON90.14407,2020,90.14407001710569,23.578774699885162,0.7671010306835768,0.005900036050182332,0.0,0.22399895407623993,0.0,0.0029999791900008972,1,1,0,0,0,0,0,0,0.9987017188186645,998701.7188186646
Y2020_LAT23.57895_LON90.15386,2020,90.15385797276721,23.57895442004642,0.9145997716637391,0.05630004417507848,0.029000183483672302,0.00010000067751019349,0.0,0.0,1,1,0,0,0,0,0,0,0.9987160729522705,998716.0729522705
Y2020_LAT23.57913_LON90.16365,2020,90.16364602520018,23.579133524951896,0.4907988012804035,0.11270028853639474,0.3962009122265944,9.999937488917732e-05,0.00019999858171830247,0.0,1,1,0,0,0,0,0,1,0.9987303795242309,998730.379524231
Y2020_LAT23.57931_LON90.17343,2020,90.17343417417264,23.57931201463274,0.28370009304927907,0.3000998771941502,0.400099948752335,0.014900072978856345,0.0012000080253793326,0.0,3,0,0,1,0,0,0,1,0.9987446366500855,998744.6366500854
Y2020_LAT23.57949_LON90.18322,2020,90.18322241933929,23.579489889063357,0.7878008538743535,0.039299832790541944,0.12049944093769635,0.050099857867574066,0.0023000145298341878,0.0,1,1,0,0,0,0,0,0,0.9987588431625366,998758.8431625366
Y2020_LAT23.57967_LON90.19301,2020,90.19301076029917,23.579667148169737,0.6980994834961847,0.00330002139763697,0.2227005832394839,0.015399962574260016,0.06049994929243439,0.0,1,1,0,0,0,0,0,0,0.9987730033416748,998773.0033416748
Y2020_LAT23.57984_LON90.2028,2020,90.20279919675204,23.579843791963405,0.04975708972428665,0.0011032613087797968,0.9117389178992483,0.02703001146638362,0.010370719601301693,0.0,3,0,0,1,0,0,0,0,0.9053000693664551,905300.0693664551
Y2020_LAT23.58002_LON90.21259,2020,90.21258772841915,23.580019820434256,0.0,0.0,0.7230768696157411,0.0,0.2769231303842589,0.0,3,0,0,1,0,0,0,0,0.006492164047241211,6492.164047241211
Y2020_LAT23.58596_LON90.04599,2020,90.04599381691534,23.58596438550922,0.0,0.0,0.0,1.0,0.0,0.0,4,0,0,0,1,0,0,0,0.005591948699951172,5591.948699951172
Y2020_LAT23.58615_LON90.05578,2020,90.05578145311696,23.586150336100093,0.0,0.6082545707774505,0.0,0.08111055992962102,0.0,0.31063486929292855,2,0,1,0,0,0,0,0,0.6291007388534546,629100.7388534546
Y2020_LAT23.58634_LON90.06557,2020,90.06556918952256,23.586335671448463,0.0,0.11359935213660817,0.0,0.5575007758269374,0.0,0.32889987203645443,4,0,0,0,1,0,0,0,0.9985851166687012,998585.1166687012
Y2020_LAT23.58652_LON90.07536,2020,90.07535702573853,23.58652039155245,0.0,0.006299973210089473,0.0,0.2454007905296055,0.0,0.748299236260305,6,0,0,0,0,0,1,0,0.9985998625869751,998599.8625869751
Y2020_LAT23.5867_LON90.08514,2020,90.08514496146475,23.586704496283456,0.0,0.10330007212960574,0.0,0.6609003012273107,0.0,0.23579962664308368,4,0,0,0,1,0,0,0,0.9986145607376099,998614.5607376099
Y2020_LAT23.58689_LON90.09493,2020,90.0949329963622,23.586887985781267,0.0,0.0,0.0,0.9481002932804303,0.0,0.051899706719569665,4,0,0,0,1,0,0,0,0.9986292118606568,998629.2118606567
Y2020_LAT23.58707_LON90.10472,2020,90.10472113013071,23.58707085993436,0.0,0.0,0.0,1.0,0.0,0.0,4,0,0,0,1,0,0,0,0.9986438112792969,998643.8112792969
Y2020_LAT23.58725_LON90.11451,2020,90.11450936239324,23.587253118705235,0.031100179101199863,0.0026000167020330295,0.0,0.9662998041967671,0.0,0.0,4,0,0,0,1,0,0,0,0.9986583614883423,998658.3614883423
Y2020_LAT23.58743_LON90.1243,2020,90.12429769287054,23.587434762095437,0.35510059031062496,0.02869994856227027,0.08119995160366394,0.5339995043946784,0.0,0.0010000051287624358,4,0,0,0,1,0,0,0,0.9986728641891479,998672.864189148
Y2020_LAT23.58762_LON90.13409,2020,90.13408612110976,23.58761579005396,0.705000170361761,0.11530047525442493,0.006299960348315409,0.17339939403549873,0.0,0.0,1,1,0,0,0,0,0,0,0.9986873183517456,998687.3183517456
Y2020_LAT23.5878_LON90.14387,2020,90.14387464704231,23.58779620262227,0.9088999396165152,0.09110006038348484,0.0,0.0,0.0,0.0,1,1,0,0,0,0,0,0,0.99870172265625,998701.72265625
Y2020_LAT23.58798_LON90.15366,2020,90.15366326991588,23.58797599966816,0.9433999753872483,0.036199890022556296,0.0204001345901954,0.0,0.0,0.0,1,1,0,0,0,0,0,0,0.9987160771102905,998716.0771102905
Y2020_LAT23.58816_LON90.16345,2020,90.16345198990635,23.58815518125924,0.27299930933249084,0.12720048592167646,0.5998002047458327,0.0,0.0,0.0,3,0,0,1,0,0,0,0,0.9987303838272095,998730.3838272095
Y2020_LAT23.58833_LON90.17324,2020,90.17324080625525,23.588333747325716,0.14609976219030898,0.19219987766835966,0.6019004788260596,0.05819987476768457,0.0016000065475872565,0.0,3,0,0,1,0,0,0,0,0.9987446397399903,998744.6397399902
Y2020_LAT23.58851_LON90.18303,2020,90.183029718879,23.58851169786459,0.06329985984849651,0.0,0.8466003465263134,0.07829974069807989,0.011800052927110212,0.0,3,0,0,1,0,0,0,0,0.998758849029541,998758.849029541
Y2020_LAT23.58869_LON90.19282,2020,90.19281872730237,23.588689032843238,0.0,0.011199998366904895,0.9251000998098386,0.017999945701304934,0.04569995612195157,0.0,3,0,0,1,0,0,0,0,0.9987730065689087,998773.0065689087
Y2020_LAT23.58887_LON90.20261,2020,90.20260783126669,23.588865752282388,0.021600143008126228,0.0004999977658029056,0.8840994664177906,0.008799955613700002,0.08500043719458024,0.0,3,0,0,1,0,0,0,0,0.9987871167831421,998787.1167831421
Y2020_LAT23.58904_LON90.2124,2020,90.21239703050647,23.589041856029944,0.23566306810558416,0.0,0.4713268843771883,0.0,0.2930100475172276,0.0,3,0,0,1,0,0,0,1,0.35007886922454834,350078.86922454834
Y2020_LAT23.5948_LON90.036,2020,90.03600347111704,23.59479844691392,0.0,0.0,0.0,1.0,0.0,0.0,4,0,0,0,1,0,0,0,0.00029956439208984377,299.56439208984375
Y2020_LAT23.59499_LON90.04579,2020,90.04579167419091,23.59498509252726,0.0,0.0,0.0,1.0,0.0,0.0,4,0,0,0,1,0,0,0,0.6801172602539063,680117.2602539062
Y2020_LAT23.59517_LON90.05558,2020,90.05557997778936,23.59517112263364,0.0,0.2016003542078924,0.0,0.5125987936942833,0.0,0.2858008520978243,4,0,0,0,1,0,0,0,0.9985703222198486,998570.3222198486
Y2020_LAT23.59536_LON90.06537,2020,90.06536838164709,23.595356537252762,0.0,0.019999871236271782,0.0,0.7853009503885963,0.0,0.19469917837513198,4,0,0,0,1,0,0,0,0.9985851197967529,998585.1197967529
Y2020_LAT23.59554_LON90.07516,2020,90.07515688533432,23.59554133638684,0.0,0.0,0.0,0.8993003783260333,0.0,0.10069962167396672,4,0,0,0,1,0,0,0,0.9985998668136596,998599.8668136597
Y2020_LAT23.59573_LON90.08495,2020,90.08494548853858,23.595725519964397,0.0,0.0,0.0,1.0,0.0,0.0,4,0,0,0,1,0,0,0,0.9986145637664795,998614.5637664795
Y2020_LAT23.59591_LON90.09473,2020,90.09473419102342,23.595909087928014,0.07230036265781645,0.0,0.00910004708253017,0.9185995902596534,0.0,0.0,4,0,0,0,1,0,0,0,0.9986292143249512,998629.2143249512
Y2020_LAT23.59609_LON90.10452,2020,90.10452299225352,23.596092040304715,0.2948000918730589,0.007899995243650213,0.30700057222223737,0.39029934066105354,0.0,0.0,4,0,0,0,1,0,0,1,0.998643813873291,998643.813873291
Y2020_LAT23.59627_LON90.11431,2020,90.11431189212549,23.596274377093007,0.8263004535960645,0.011600034945889735,0.08829962544387998,0.07379988601416555,0.0,0.0,1,1,0,0,0,0,0,0,0.998658365524292,998658.365524292
Y2020_LAT23.59646_LON90.1241,2020,90.12410089023778,23.596456098183445,0.6019998065070644,0.032799868681411444,0.03620016750357368,0.32900015730795046,0.0,0.0,1,1,0,0,0,0,0,0,0.9986728685302735,998672.8685302734
Y2020_LAT23.59664_LON90.13389,2020,90.13388998618139,23.596637203605646,0.8416001881971646,0.09910016911717182,0.032799805921897816,0.026499836763765747,0.0,0.0,1,1,0,0,0,0,0,0,0.9986873205261231,998687.320526123
Y2020_LAT23.59682_LON90.14368,2020,90.1436791796325,23.596817693356176,0.7130999382957508,0.16099959600960545,0.1224004547177959,0.0035000109768478518,0.0,0.0,1,1,0,0,0,0,0,0,0.9987017257919312,998701.7257919312
Y2020_LAT23.597_LON90.15347,2020,90.1534684703842,23.59699756729302,0.5750000671951906,0.04820005246315319,0.3693998692318784,0.007400011109777985,0.0,0.0,1,1,0,0,0,0,0,0,0.9987160798034668,998716.0798034668
Y2020_LAT23.59718_LON90.16326,2020,90.16325785798442,23.597176825579254,0.3256990016978546,0.09590038956440354,0.5784006087377418,0.0,0.0,0.0,3,0,0,1,0,0,0,0,0.998730386795044,998730.386795044
Y2020_LAT23.59736_LON90.17305,2020,90.1730473421215,23.597355468053422,0.06179988636268201,0.22969925131977728,0.6997008604300883,0.008800001887452436,0.0,0.0,3,0,0,1,0,0,0,0,0.9987446420135498,998744.6420135498
Y2020_LAT23.59753_LON90.18284,2020,90.18283692257297,23.597533494740503,0.0,0.0,0.9680999328489761,0.02870005792122125,0.003200009229802721,0.0,3,0,0,1,0,0,0,0,0.9987588518447876,998758.8518447876
Y2020_LAT23.59771_LON90.19263,2020,90.19262659872543,23.597710905631754,0.0,0.016300013345707017,0.9479001038407341,0.012999954426518944,0.022799928387040088,0.0,3,0,0,1,0,0,0,0,0.9987730102996826,998773.0102996826
Y2020_LAT23.59789_LON90.20242,2020,90.20241637070119,23.597887700577804,0.0,0.017399961409008853,0.9115998124458926,0.037200084920310836,0.03380014122478767,0.0,3,0,0,1,0,0,0,0,0.9987871192245483,998787.1192245483
Y2020_LAT23.59806_LON90.21221,2020,90.2122062376602,23.598063879734603,0.0,0.0,0.8080275604523723,0.0,0.1919724395476277,0.0,3,0,0,1,0,0,0,0,0.997902252861023,997902.252861023
Y2020_LAT23.59824_LON90.222,2020,90.22199619966455,23.598239442940674,0.2706763173962451,0.01274984095371685,0.22449977896846085,0.011543812759143254,0.480530249922434,0.0,5,0,0,0,0,1,0,1,0.5797111211776733,579711.1211776733
Y2020_LAT23.60382_LON90.0358,2020,90.03580056023165,23.603819061985668,0.0,0.0,0.0,1.0,0.0,0.0,4,0,0,0,1,0,0,0,0.08747274250030518,87472.74250030518
Y2020_LAT23.60401_LON90.04559,2020,90.04558943091567,23.604005787425084,0.0,0.0,0.0,1.0,0.0,0.0,4,0,0,0,1,0,0,0,0.9985554807815552,998555.4807815552
Y2020_LAT23.60419_LON90.05538,2020,90.05537840228902,23.60419189714959,0.0,0.0,0.0,0.925099870231506,0.0,0.07490012976849406,4,0,0,0,1,0,0,0,0.9985703257522583,998570.3257522583
Y2020_LAT23.60438_LON90.06517,2020,90.06516747388737,23.604377391111335,0.0,0.0,0.0,0.9986000097099756,0.0,0.0013999902900243945,4,0,0,0,1,0,0,0,0.9985851228179932,998585.1228179932
Y2020_LAT23.60456_LON90.07496,2020,90.07495664535803,23.604562269246284,0.0,0.0,0.0,1.0,0.0,0.0,4,0,0,0,1,0,0,0,0.9985998696670533,998599.8696670532
Y2020_LAT23.60475_LON90.08475,2020,90.08474591641308,23.60474653158036,0.02950019522825832,0.023099997620159466,0.0011000075677638312,0.9396998085586074,0.0,0.006599991025210994,4,0,0,0,1,0,0,0,0.9986145675125122,998614.5675125122
Y2020_LAT23.60493_LON90.09454,2020,90.09453528668544,23.604930178071733,0.5462001437357281,0.023999873164331796,0.28640068515445594,0.14339929794548414,0.0,0.0,1,1,0,0,0,0,0,0,0.9986292183609009,998629.2183609009
Y2020_LAT23.60511_LON90.10432,2020,90.1043247559147,23.605113208680958,0.6292997403151632,0.015099992010725758,0.17049985847926047,0.18510040919485057,0.0,0.0,1,1,0,0,0,0,0,0,0.9986438179016113,998643.8179016113
Y2020_LAT23.6053_LON90.11411,2020,90.11411432372446,23.60529562340362,0.8414001544831383,0.020700101711349284,0.02049992664841538,0.11739981715709699,0.0,0.0,1,1,0,0,0,0,0,0,0.9986583685302735,998658.3685302734
Y2020_LAT23.60548_LON90.1239,2020,90.12390398965758,23.605477422241357,0.9755999638206988,0.0,0.024400036179301234,0.0,0.0,0.0,1,1,0,0,0,0,0,0,0.9986728706359863,998672.8706359863
Y2020_LAT23.60566_LON90.13369,2020,90.13369375359669,23.605658605116787,0.9805998946814378,0.019400105318562212,0.0,0.0,0.0,0.0,1,1,0,0,0,0,0,0,0.9986873244476319,998687.3244476318
Y2020_LAT23.60584_LON90.14348,2020,90.14348361519569,23.605839172024595,0.6482990735898267,0.1625002833613873,0.1840006280194411,0.005200015029344928,0.0,0.0,1,1,0,0,0,0,0,0,0.9987017288665772,998701.7288665771
Y2020_LAT23.60602_LON90.15327,2020,90.15327357382665,23.606019123018413,0.2893003595615413,0.20879981634471323,0.4927997727481199,0.009100051345625545,0.0,0.0,3,0,0,1,0,0,0,1,0.9987160824508667,998716.0824508667
Y2020_LAT23.6062_LON90.16306,2020,90.16306362953624,23.606198457881845,0.20849993573156025,0.04169996214203217,0.7345000729809479,0.011500005964130353,0.0,0.0038000231813294576,3,0,0,1,0,0,0,0,0.9987303893127442,998730.3893127441
Y2020_LAT23.60638_LON90.17285,2020,90.17285378180443,23.60637717677695,0.12419990786214657,0.01439998050783023,0.8116002477445123,0.04169989134576524,0.001900007542290663,0.006199964997454984,3,0,0,1,0,0,0,0,0.9987446460037231,998744.6460037231
Y2020_LAT23.60656_LON90.18264,2020,90.18264403032298,23.606555279582388,0.000800005604404619,0.0,0.9422998009835196,0.05690019341207578,0.0,0.0,3,0,0,1,0,0,0,0,0.9987588532562256,998758.8532562256
Y2020_LAT23.60673_LON90.19243,2020,90.19243437472318,23.606732766304486,0.2329991125468183,0.0,0.7593009277333637,0.007699959719818079,0.0,0.0,3,0,0,1,0,0,0,0,0.9987730131530762,998773.0131530762
Y2020_LAT23.60691_LON90.20222,2020,90.2022248147192,23.606909636959887,0.21650013933781523,0.0,0.7593997995989029,0.023000059011469273,0.0011000020518126315,0.0,3,0,0,1,0,0,0,0,0.9987871231842042,998787.1231842041
Y2020_LAT23.60709_LON90.21202,2020,90.21201535005709,23.607085891444353,0.30850017917659184,0.0,0.5511994561621251,0.0,0.14030036466128307,0.0,3,0,0,1,0,0,0,0,0.9988011834716797,998801.1834716797
Y2020_LAT23.60726_LON90.22181,2020,90.22180598019388,23.607261529761217,0.6120327365383881,0.029511851277738775,0.16333669775138426,0.0,0.19511871443248882,0.0,1,1,0,0,0,0,0,0,0.8799554725189209,879955.4725189209
Y2020_LAT23.61081_LON90.42743,2020,90.4274305541086,23.610807560186927,0.1449274708839262,0.23715400589280736,0.0013175204439917997,0.5151518497141783,0.0,0.10144915306509641,4,0,0,0,1,0,0,0,0.07583186631774902,75831.86631774902
Y2020_LAT23.61097_LON90.43722,2020,90.43722318872717,23.610969637114824,0.024930712210258964,0.019390564353271106,0.0,0.9529086436909111,0.0,0.002770079745558823,4,0,0,0,1,0,0,0,0.03606773405456543,36067.73405456543
Y2020_LAT23.61284_LON90.0356,2020,90.03559754830985,23.612839664946023,0.0,0.0,0.0,1.0,0.0,0.0,4,0,0,0,1,0,0,0,0.014279223342895508,14279.223342895508
Y2020_LAT23.61303_LON90.04539,2020,90.04538708714924,23.613026470206158,0.0,0.0,0.0,1.0,0.0,0.0,4,0,0,0,1,0,0,0,0.4457563989028931,445756.39890289307
Y2020_LAT23.61321_LON90.05518,2020,90.05517672655843,23.61321265948055,0.0,0.0,0.0,1.0,0.0,0.0,4,0,0,0,1,0,0,0,0.9985703291397094,998570.3291397095
Y2020_LAT23.6134_LON90.06497,2020,90.06496646621665,23.61339823274285,0.0,0.0,0.0,1.0,0.0,0.0,4,0,0,0,1,0,0,0,0.9985851262435913,998585.1262435913
Y2020_LAT23.61358_LON90.07476,2020,90.0747563058962,23.61358318994972,0.19720073134001498,0.0030999882575260262,0.0,0.799399278207994,0.0,0.00030000219446504666,4,0,0,0,1,0,0,0,0.9985998730926514,998599.8730926514
Y2020_LAT23.61377_LON90.08455,2020,90.08454624501395,23.61376753104904,0.6156006472640876,0.04249984496493942,0.07320024350795926,0.2661992802892644,0.0,0.0024999839737493766,1,1,0,0,0,0,0,0,0.9986145711746216,998614.5711746216
Y2020_LAT23.61395_LON90.09434,2020,90.09433628353942,23.61395125610378,0.5959001326299807,0.0007999943359186566,0.3811999840414086,0.022099888992692045,0.0,0.0,1,1,0,0,0,0,0,0,0.9986292208175659,998629.2208175659
Y2020_LAT23.61413_LON90.10413,2020,90.10412642097,23.614134364971328,0.4963998093410631,0.01810008272326164,0.3667999057191812,0.11870020221649417,0.0,0.0,1,1,0,0,0,0,0,1,0.9986438207473755,998643.8207473755
Y2020_LAT23.61432_LON90.11392,2020,90.11391665697448,23.614316857740192,0.8824004253897026,0.018900053101683214,0.08239959943110983,0.01629992207750429,0.0,0.0,1,1,0,0,0,0,0,0,0.9986583722610474,998658.3722610474
Y2020_LAT23.6145_LON90.12371,2020,90.12370699129812,23.61449873431452,1.0,0.0,0.0,0.0,0.0,0.0,1,1,0,0,0,0,0,0,0.9986728748474121,998672.8748474121
Y2020_LAT23.61468_LON90.1335,2020,90.13349742343316,23.61467999466885,0.9968999841854984,0.0031000158145016252,0.0,0.0,0.0,0.0,1,1,0,0,0,0,0,0,0.9986873279266357,998687.3279266357
Y2020_LAT23.61486_LON90.14329,2020,90.14328795335798,23.61486063877238,0.9097996549811964,0.07820032871926115,0.0,0.01200001629954251,0.0,0.0,1,1,0,0,0,0,0,0,0.9987017328643799,998701.7328643799
Y2020_LAT23.61504_LON90.15308,2020,90.15307858043687,23.615040666645115,0.39459907203703376,0.12569968188681108,0.4731012505184402,0.006599995557715072,0.0,0.0,3,0,0,1,0,0,0,1,0.9987160867767334,998716.0867767334
Y2020_LAT23.61522_LON90.16287,2020,90.16286930451557,23.615220078290914,0.007899947969628396,0.0,0.9494997808788573,0.008000044145708325,0.03460022700580602,0.0,3,0,0,1,0,0,0,0,0.998730393486023,998730.393486023
Y2020_LAT23.6154_LON90.17266,2020,90.17266012520611,23.61539887357998,0.0,0.0,0.8429004509130986,0.010099942287155524,0.14699960679974583,0.0,3,0,0,1,0,0,0,0,0.9987446488800049,998744.6488800049
Y2020_LAT23.61558_LON90.18245,2020,90.18245104215279,23.615577052584186,0.30570114832610196,0.0009000012006585847,0.6839988674207843,0.0,0.009399983052455053,0.0,3,0,0,1,0,0,0,0,0.9987588570709228,998758.8570709229
Y2020_LAT23.61575_LON90.19224,2020,90.1922420550847,23.615754615174378,0.4456987052629581,0.0,0.5504012863971268,0.003900008339915104,0.0,0.0,3,0,0,1,0,0,0,0,0.9987730157546997,998773.0157546997
Y2020_LAT23.61593_LON90.20203,2020,90.2020331635949,23.615931561389,0.21430007135641332,0.0010999993374838045,0.7837999330024196,0.0007999963036833358,0.0,0.0,3,0,0,1,0,0,0,0,0.9987871255493164,998787.1255493164
Y2020_LAT23.61611_LON90.21182,2020,90.21182436738655,23.616107891202397,0.08919984334404993,0.1889006011008805,0.7218995555550696,0.0,0.0,0.0,3,0,0,1,0,0,0,0,0.9988011865310669,998801.1865310669
Y2020_LAT23.61628_LON90.22162,2020,90.22161566619138,23.616283604691276,0.36124116567512443,0.15875630940607285,0.4697015514626866,0.010300973456116127,0.0,0.0,3,0,0,1,0,0,0,1,0.9890267427825927,989026.7427825928
Y2020_LAT23.61646_LON90.23141,2020,90.23140705959227,23.616458701651823,0.6974287722427562,0.2841680165360089,0.006495266537959373,0.011907944683275452,0.0,0.0,1,1,0,0,0,0,0,0,0.3690664388809204,369066.4388809204
Y2020_LAT23.61967_LON90.41746,2020,90.41746107053739,23.61966838825803,0.0,0.5038166173687345,0.4694658643019406,0.026717518329324938,0.0,0.0,2,0,1,0,0,0,0,0,0.02617617839050293,26176.17839050293
Y2020_LAT23.61983_LON90.42725,2020,90.4272542864896,23.619831151377753,0.03469374280771706,0.2125301058158826,0.6242346819509501,0.12379915908115229,0.0,0.004742310344297952,3,0,0,1,0,0,0,0,0.800578106552124,800578.106552124
Y2020_LAT23.61999_LON90.43705,2020,90.4370475903296,23.619993297595872,0.28557091079609037,0.3224225237454155,0.019706017404418064,0.2036295385555089,0.0,0.16867100949856717,2,0,1,0,0,0,0,1,0.8974011365432739,897401.1365432739
Y2020_LAT23.62015_LON90.44684,2020,90.44684098128893,23.620154826879592,0.1472535471387862,0.17897721546177042,0.0,0.42140202329973414,0.0,0.25236721409970925,4,0,0,0,1,0,0,1,0.21101419497680665,211014.19497680664
Y2020_LAT23.62205_LON90.04518,2020,90.04518464271203,23.622047140918905,0.0,0.0,0.0,1.0,0.0,0.0,4,0,0,0,1,0,0,0,0.5322318859786987,532231.8859786987
Y2020_LAT23.62223_LON90.05497,2020,90.05497495053406,23.622233409833044,0.0,0.0,0.0,1.0,0.0,0.0,4,0,0,0,1,0,0,0,0.9985703326950073,998570.3326950073
Y2020_LAT23.62242_LON90.06477,2020,90.06476535865332,23.622419062320585,0.2890010905129356,0.02180009128876259,0.004700000332003555,0.6844988178662982,0.0,0.0,4,0,0,0,1,0,0,0,0.9985851296691894,998585.1296691895
Y2020_LAT23.6226_LON90.07456,2020,90.07455586674224,23.622604098558412,0.8820003560801296,0.041199751961987496,0.020300124134376225,0.0564997678235068,0.0,0.0,1,1,0,0,0,0,0,0,0.9985998769073486,998599.8769073486
Y2020_LAT23.62279_LON90.08435,2020,90.08434647443278,23.622788518511836,0.8434002775544759,0.0,0.08919953907793363,0.06740018336759047,0.0,0.0,1,1,0,0,0,0,0,0,0.9986145741653443,998614.5741653442
Y2020_LAT23.62297_LON90.09414,2020,90.09413718140415,23.622972322092547,0.7780991763346622,0.019600108599946438,0.20230071506539138,0.0,0.0,0.0,1,1,0,0,0,0,0,0,0.9986292247772217,998629.2247772217
Y2020_LAT23.62316_LON90.10393,2020,90.10392798739593,23.62315550928535,0.810000329162986,0.14629984391639178,0.03059980608009224,0.013100020840529957,0.0,0.0,1,1,0,0,0,0,0,0,0.998643824508667,998643.824508667
Y2020_LAT23.62334_LON90.11372,2020,90.11371889198318,23.623338079937007,0.9991999958325619,0.0008000041674380599,0.0,0.0,0.0,0.0,1,1,0,0,0,0,0,0,0.9986583757247924,998658.3757247925
Y2020_LAT23.62352_LON90.12351,2020,90.12350989493636,23.623520034224157,1.0,0.0,0.0,0.0,0.0,0.0,1,1,0,0,0,0,0,0,0.998672877456665,998672.877456665
Y2020_LAT23.6237_LON90.1333,2020,90.13330099572634,23.623701372131254,0.9446996626111184,0.0005000011698667951,0.03990023968239807,0.0149000965366168,0.0,0.0,1,1,0,0,0,0,0,0,0.9986873300857544,998687.3300857544
Y2020_LAT23.62388_LON90.14309,2020,90.14309219432819,23.623882093479704,0.5354003905803112,0.13219999283468403,0.2848998942097441,0.047499722375260706,0.0,0.0,1,1,0,0,0,0,0,0,0.998701735420227,998701.735420227
Y2020_LAT23.62406_LON90.15288,2020,90.15288349003131,23.624062198306426,0.1067998351749242,0.12680014187958802,0.7439000261959494,0.022499996749538398,0.0,0.0,3,0,0,1,0,0,0,0,0.9987160897140503,998716.0897140503
Y2020_LAT23.62424_LON90.16267,2020,90.16267488295445,23.62424168658617,0.0,0.0003000007399836758,0.8486992307171324,0.028200065120152405,0.12280070342273153,0.0,3,0,0,1,0,0,0,0,0.9987303958129883,998730.3958129883
Y2020_LAT23.62442_LON90.17247,2020,90.1724663722966,23.62442055832163,0.0,0.17280011437425577,0.22930002068783337,0.027000049700475804,0.570899815237435,0.0,5,0,0,0,0,1,0,0,0.9987446520309449,998744.6520309448
Y2020_LAT23.6246_LON90.18226,2020,90.18225795806664,23.62459881340563,0.041800228497267056,0.018899883264639046,0.8793002437991758,9.99994412002205e-05,0.059899644997717806,0.0,3,0,0,1,0,0,0,0,0.9987588617019654,998758.8617019653
Y2020_LAT23.62478_LON90.19205,2020,90.19204963976729,23.624776451971467,0.5608006265574698,0.0,0.4388993740855922,0.0,0.0002999993569380266,0.0,1,1,0,0,0,0,0,0,0.9987730200195313,998773.0200195312
Y2020_LAT23.62495_LON90.20184,2020,90.2018414171403,23.624953473877497,0.8569004979316376,0.0,0.14309950206836242,0.0,0.0,0.0,1,1,0,0,0,0,0,0,0.9987871289596557,998787.1289596558
Y2020_LAT23.62513_LON90.21163,2020,90.21163328989275,23.62512987910263,0.8234992779554658,0.06540027203966761,0.10970045165004556,0.0013999983548209556,0.0,0.0,1,1,0,0,0,0,0,0,0.9988011898498536,998801.1898498535
Y2020_LAT23.62531_LON90.22143,2020,90.22142525748927,23.62530566764233,0.46969993683628364,0.07289976921291592,0.4569002957316312,0.0004999982191692213,0.0,0.0,1,1,0,0,0,0,0,1,0.998815202949524,998815.2029495239
Y2020_LAT23.62548_LON90.23122,2020,90.23121731985778,23.625480839488127,0.2157332643787881,0.1547261293763105,0.6295406062449014,0.0,0.0,0.0,3,0,0,1,0,0,0,0,0.995433122215271,995433.122215271
Y2020_LAT23.62566_LON90.24101,2020,90.24100947647247,23.62565539458282,0.16172256695637516,0.22200976314173168,0.6162676699018932,0.0,0.0,0.0,3,0,0,1,0,0,0,0,0.10437848424530029,104378.4842453003
Y2020_LAT23.62853_LON90.40749,2020,90.40749024821635,23.62852844827597,0.0817610524202582,0.7421383018240557,0.14465412392927102,0.03144652182641509,0.0,0.0,2,0,1,0,0,0,0,0,0.01588533822631836,15885.33822631836
Y2020_LAT23.62869_LON90.41728,2020,90.41728404575049,23.62869189815991,0.23246763331543893,0.23031701366946908,0.30116112779930304,0.18600383211179722,0.0,0.05005039310399173,3,0,0,1,0,0,0,1,0.6966629853744507,696662.9853744507
Y2020_LAT23.62885_LON90.42708,2020,90.42707793130677,23.628854730892737,0.1103997742851736,0.5493004026054226,0.1621996298927059,0.1362002519826059,0.0,0.0418999412340918,2,0,1,0,0,0,0,0,0.9990981031646728,999098.1031646729
Y2020_LAT23.62902_LON90.43687,2020,90.43687190455779,23.629016946425544,0.45840087568558435,0.10759950624136892,0.0652998732956236,0.3356996914561423,0.0,0.03300005332128085,1,1,0,0,0,0,0,1,0.9991110331878662,999111.0331878662
Y2020_LAT23.62918_LON90.44667,2020,90.44666596515947,23.629178544765832,0.3406116553785549,0.08841769659675666,0.02108752372856883,0.5153081643521545,0.0,0.0345749599439651,4,0,0,0,1,0,0,0,0.9333812489013672,933381.2489013672
Y2020_LAT23.62934_LON90.45646,2020,90.45646011268121,23.629339525812657,0.33185104381200164,0.0,0.0,0.6681489561879984,0.0,0.0,4,0,0,0,1,0,0,0,0.38206938999176027,382069.38999176025
Y2020_LAT23.6295_LON90.46625,2020,90.4662543470598,23.629499889615214,0.002594025269307047,0.0,0.0,0.9974059747306929,0.0,0.0,4,0,0,0,1,0,0,0,0.07703419909667969,77034.19909667969
Y2020_LAT23.63032_LON90.00582,2020,90.00581920137908,23.630316240577596,0.0,0.0,1.0,0.0,0.0,0.0,3,0,0,1,0,0,0,0,0.022965541114807128,22965.54111480713
Y2020_LAT23.63051_LON90.01561,2020,90.01560977336864,23.63050505498827,0.0,0.0,0.16135038791095332,0.8386496120890466,0.0,0.0,4,0,0,0,1,0,0,0,0.316228695930481,316228.69593048096
Y2020_LAT23.63069_LON90.0254,2020,90.02540044685855,23.630693252966037,0.0,0.0,0.0,0.974809124456088,0.0,0.025190875543911948,4,0,0,0,1,0,0,0,0.5232276231307983,523227.62313079834
Y2020_LAT23.63088_LON90.03519,2020,90.03519122181311,23.630880834439807,0.0,0.0,0.0,1.0,0.0,0.0,4,0,0,0,1,0,0,0,0.5745602910232543,574560.2910232544
Y2020_LAT23.63107_LON90.04498,2020,90.04498209769812,23.631067799470767,0.0,0.0,0.0,1.0,0.0,0.0,4,0,0,0,1,0,0,0,0.8353921760406494,835392.1760406494
Y2020_LAT23.63125_LON90.05477,2020,90.05477307424252,23.631254147911996,0.3610010407576245,0.024700093672386625,0.0,0.6142988655699888,0.0,0.0,4,0,0,0,1,0,0,0,0.9985703366317749,998570.3366317749
Y2020_LAT23.63144_LON90.06456,2020,90.06456415107301,23.63143987984279,0.9784999757696876,0.016700058002778524,0.0,0.004799966227533819,0.0,0.0,1,1,0,0,0,0,0,0,0.9985851325378418,998585.1325378418
Y2020_LAT23.63162_LON90.07436,2020,90.07435532800123,23.631624995172196,0.9426999532133726,0.027400107035517807,0.016799972351969363,0.013099967399140185,0.0,0.0,1,1,0,0,0,0,0,0,0.9985998797683716,998599.8797683716
Y2020_LAT23.63181_LON90.08415,2020,90.08414660453354,23.631809493901137,0.8749999216348242,0.08400007994076876,0.0005000006722035632,0.013399987383323198,0.02710001036888035,0.0,1,1,0,0,0,0,0,0,0.9986145784759521,998614.5784759521
Y2020_LAT23.63199_LON90.09394,2020,90.09393798034814,23.631993375974673,0.813399822397288,0.17240019507742876,0.004400011418508624,0.009799971106774573,0.0,0.0,1,1,0,0,0,0,0,0,0.9986292273864746,998629.2273864746
Y2020_LAT23.63218_LON90.10373,2020,90.10372945516869,23.632176641414723,0.8910004071838338,0.10589960458687483,0.0010999953232626407,0.0019999929060287667,0.0,0.0,1,1,0,0,0,0,0,0,0.9986438276672364,998643.8276672363
Y2020_LAT23.63236_LON90.11352,2020,90.11352102872527,23.632359290226457,0.5954996723830102,0.4045003276169899,0.0,0.0,0.0,0.0,1,1,0,0,0,0,0,0,0.9986583791046143,998658.3791046143
Y2020_LAT23.63254_LON90.12331,2020,90.1233127005404,23.632541322280527,0.8043005559210186,0.18529950062617592,0.010099942547869922,0.00030000090493554607,0.0,0.0,1,1,0,0,0,0,0,0,0.9986728806991577,998672.8806991577
Y2020_LAT23.63272_LON90.1331,2020,90.1331044703737,23.632722737589727,0.6736992618526548,0.1352001039051732,0.12800052022957908,0.06310011401259293,0.0,0.0,1,1,0,0,0,0,0,0,0.9986873349533081,998687.3349533081
Y2020_LAT23.6329_LON90.1429,2020,90.14289633789178,23.632903536121397,0.25129978483269805,0.07010000770824569,0.6503003824122923,0.028299825046764024,0.0,0.0,3,0,0,1,0,0,0,0,0.9987017384719848,998701.7384719849
Y2020_LAT23.63308_LON90.15269,2020,90.15268830281009,23.633083717928397,0.22569973888685352,0.07300007586660887,0.6537002109021486,0.04649997820444222,0.0,0.0010999961399468516,3,0,0,1,0,0,0,0,0.9987160928573608,998716.0928573608
Y2020_LAT23.63326_LON90.16248,2020,90.16248036461046,23.63326328294432,0.06879997080094152,0.10270032865981693,0.7864996987482562,0.04200000179098538,0.0,0.0,3,0,0,1,0,0,0,0,0.9987303983688355,998730.3983688354
Y2020_LAT23.63344_LON90.17227,2020,90.17227252310705,23.633442231082565,0.15710026091077176,0.2036001667302297,0.6387995714787852,0.0005000008802133996,0.0,0.0,3,0,0,1,0,0,0,0,0.9987446559677124,998744.6559677124
Y2020_LAT23.63362_LON90.18206,2020,90.18206477796052,23.63362056242173,0.2862993794099311,0.07989973280875241,0.6186008453213914,0.0013999929993526224,0.013800049460572505,0.0,3,0,0,1,0,0,0,0,0.9987588634490967,998758.8634490967
Y2020_LAT23.6338_LON90.19186,2020,90.19185712892651,23.633798276907896,0.008100053477729132,0.0,0.6536000856887868,0.0015000007141292414,0.33679986011935475,0.0,3,0,0,1,0,0,0,0,0.9987730230331421,998773.0230331421
Y2020_LAT23.63398_LON90.20165,2020,90.20164957542866,23.633975374415314,0.5128013354371229,0.09720021308676959,0.3899984514761075,0.0,0.0,0.0,1,1,0,0,0,0,0,0,0.9987871315383912,998787.1315383911
Y2020_LAT23.63415_LON90.21144,2020,90.21144211727994,23.634151855080056,0.7343989561117259,0.04360001887627893,0.1895009446611534,0.032500080350841794,0.0,0.0,1,1,0,0,0,0,0,0,0.9988011925048829,998801.1925048828
Y2020_LAT23.63433_LON90.22123,2020,90.2212347542373,23.63432771869168,0.11979965228986308,0.0,0.8711003805607723,0.007999960605791796,0.0011000065435727937,0.0,3,0,0,1,0,0,0,0,0.9988152059173584,998815.2059173584
Y2020_LAT23.6345_LON90.23103,2020,90.2310274857601,23.63450296536963,0.043499987925369146,0.0,0.9562000123339021,0.0002999997407288463,0.0,0.0,3,0,0,1,0,0,0,0,0.9988291662445068,998829.1662445068
Y2020_LAT23.63468_LON90.24082,2020,90.24082031171682,23.6346775950961,0.3240314958738732,0.012538387081645069,0.6634301170444817,0.0,0.0,0.0,3,0,0,1,0,0,0,0,0.8125584328308105,812558.4328308105
Y2020_LAT23.63485_LON90.25061,2020,90.25061323168539,23.63485160776511,0.05752847930157359,0.0,0.9424715206984264,0.0,0.0,0.0,3,0,0,1,0,0,0,0,0.14063826360321044,140638.26360321045
Y2020_LAT23.63639_LON90.33875,2020,90.33875368702479,23.636389951974817,0.5330740614793442,0.0,0.4669259385206557,0.0,0.0,0.0,1,1,0,0,0,0,0,0,0.025673895767211914,25673.895767211914
Y2020_LAT23.63656_LON90.34855,2020,90.34854752886153,23.63655779316477,0.6891115771936067,0.0,0.0201383553954447,0.29075006741094855,0.0,0.0,1,1,0,0,0,0,0,0,0.15873993330383301,158739.933303833
Y2020_LAT23.63673_LON90.35834,2020,90.35834146102766,23.636725017055053,0.2835819197308572,0.6716419931393655,0.0,0.044776087129777216,0.0,0.0,2,0,1,0,0,0,0,0,0.0066933027114868164,6693.302711486816
Y2020_LAT23.63739_LON90.39752,2020,90.39751808667401,23.637387739401863,0.9383562307769538,0.0,0.061643769223046166,0.0,0.0,0.0,1,1,0,0,0,0,0,0,0.029172682411193848,29172.682411193848
Y2020_LAT23.63755_LON90.40731,2020,90.40731246568988,23.637551876547917,0.5082334694793488,0.061083907178279384,0.009007767324424026,0.42026739015236014,0.0,0.0014074658655876553,1,1,0,0,0,0,0,0,0.7098415767898559,709841.576789856
Y2020_LAT23.63772_LON90.41711,2020,90.41710693302514,23.637715396337033,0.8113001143153294,0.00459999159825217,0.01830010889206344,0.16029978379813428,0.0,0.005500001396220605,1,1,0,0,0,0,0,0,0.9990851248474121,999085.1248474121
Y2020_LAT23.63788_LON90.4269,2020,90.42690148839867,23.637878298641105,0.2691996739341394,0.05550006716229605,0.5416001189124712,0.10410019130728486,0.0,0.029599948683808518,3,0,0,1,0,0,0,0,0.9990981050567627,999098.1050567627
Y2020_LAT23.63804_LON90.4367,2020,90.4366961315126,23.638040583553735,0.6299005289019061,0.006700006997406202,0.08130001190190192,0.2820994521987858,0.0,0.0,1,1,0,0,0,0,0,0,0.9991110362167358,999111.0362167358
Y2020_LAT23.6382_LON90.44649,2020,90.44649086197253,23.638202250888767,0.5245000333373309,0.07939997732208941,0.1384998665816659,0.25750012312565607,9.999963325795832e-05,0.0,1,1,0,0,0,0,0,0,0.99912391872406,999123.9187240601
Y2020_LAT23.63836_LON90.45629,2020,90.456285679369,23.638363300742633,0.7609996410615002,0.056499870128130354,0.005999984659273015,0.08540007628866796,0.0,0.09110042786242857,1,1,0,0,0,0,0,0,0.9991367518157959,999136.7518157959
Y2020_LAT23.63852_LON90.46608,2020,90.46608058368504,23.638523733097685,0.7378350104073665,0.01560741618497815,0.0,0.18484206024913594,0.0,0.06171551315851942,1,1,0,0,0,0,0,0,0.9794661780090332,979466.1780090332
Y2020_LAT23.63868_LON90.47588,2020,90.47587557416632,23.638683547945472,0.0,0.0,0.0,1.0,0.0,0.0,4,0,0,0,1,0,0,0,0.05265554526519775,52655.545265197754
Y2020_LAT23.63934_LON90.00561,2020,90.00561387970349,23.639336565967717,0.0,0.0,0.4322185643281153,0.5677814356718848,0.0,0.0,4,0,0,0,1,0,0,0,0.2776831385269165,277683.1385269165
Y2020_LAT23.63953_LON90.01541,2020,90.01540512064885,23.63952546108223,0.0,0.0,0.02609982707244823,0.9739001729275518,0.0,0.0,4,0,0,0,1,0,0,0,0.9985106624450684,998510.6624450684
Y2020_LAT23.63971_LON90.0252,2020,90.02519646314518,23.63971373938418,0.0,0.0,0.0,1.0,0.0,0.0,4,0,0,0,1,0,0,0,0.9985256575164795,998525.6575164795
Y2020_LAT23.6399_LON90.03499,2020,90.034987907132,23.639901401038887,0.0,0.0,0.0,1.0,0.0,0.0,4,0,0,0,1,0,0,0,0.998540598083496,998540.5980834961
Y2020_LAT23.64009_LON90.04478,2020,90.04477945199663,23.640088445885237,0.496401369927183,0.0,0.0,0.503598630072817,0.0,0.0,4,0,0,0,1,0,0,0,0.9985554943542481,998555.494354248
Y2020_LAT23.64027_LON90.05457,2020,90.05457109763331,23.640274873941813,0.9932999984495381,0.0032999931126234884,0.002300016336530116,0.0010999921013082673,0.0,0.0,1,1,0,0,0,0,0,0,0.9985703403625489,998570.3403625488
Y2020_LAT23.64046_LON90.06436,2020,90.06436284356948,23.640460685216226,0.6558995386746974,0.02500013379850626,0.31910032752679635,0.0,0.0,0.0,1,1,0,0,0,0,0,0,0.9985851356735229,998585.135673523
Y2020_LAT23.64065_LON90.07415,2020,90.07415468952574,23.64064587967984,0.29630036952310274,0.021100046571201042,0.6825995839056962,0.0,0.0,0.0,3,0,0,1,0,0,0,0,0.9985998836593628,998599.8836593628
Y2020_LAT23.64083_LON90.08395,2020,90.08394663525623,23.640830457145512,0.8721999913136265,0.007200036098992928,0.12059997258738063,0.0,0.0,0.0,1,1,0,0,0,0,0,0,0.9986145814132691,998614.581413269
Y2020_LAT23.64101_LON90.09374,2020,90.09373868027556,23.641014417801408,0.5891998270174219,0.09300032543303194,0.3173998447551395,0.0004000027944066575,0.0,0.0,1,1,0,0,0,0,0,0,0.9986292311401367,998629.2311401367
Y2020_LAT23.6412_LON90.10353,2020,90.1035308243253,23.641197761553297,0.7109992736669243,0.28510075153275594,0.0,0.003899974800319759,0.0,0.0,1,1,0,0,0,0,0,0,0.9986438310928345,998643.8310928345
Y2020_LAT23.64138_LON90.11332,2020,90.1133230671203,23.64138048836323,0.5746995824476766,0.22119961019823267,0.20410080735409075,0.0,0.0,0.0,1,1,0,0,0,0,0,0,0.9986583826141358,998658.3826141357
Y2020_LAT23.64156_LON90.12312,2020,90.12311540817527,23.641562598137853,0.39750053423818216,0.03869986852503764,0.5636995972461731,9.99999906071941e-05,0.0,0.0,3,0,0,1,0,0,0,0,0.9986728843307495,998672.8843307495
Y2020_LAT23.64174_LON90.13291,2020,90.13290784739192,23.641744090980474,0.32259877584094515,0.014700015369582273,0.6622012097011422,0.0004999990883304155,0.0,0.0,3,0,0,1,0,0,0,0,0.9986873373031616,998687.3373031616
Y2020_LAT23.64192_LON90.1427,2020,90.14270038415933,23.641924966825982,0.11119985655597237,0.12920006763784192,0.7442001005936062,0.015399975212579665,0.0,0.0,3,0,0,1,0,0,0,0,0.9987017419586182,998701.7419586182
Y2020_LAT23.64211_LON90.15249,2020,90.15249301844727,23.642105225591944,0.013700028698220389,0.035200177842737074,0.9203996658796187,0.0011000018874261707,0.029600125691997638,0.0,3,0,0,1,0,0,0,0,0.9987160972518921,998716.0972518921
Y2020_LAT23.64228_LON90.16229,2020,90.16228574963881,23.642284867320626,0.6143004325680869,0.14779943511576507,0.2210001314165715,0.016000006057373044,0.0008999948422035055,0.0,1,1,0,0,0,0,0,0,0.9987304024963379,998730.4024963379
Y2020_LAT23.64246_LON90.17208,2020,90.17207857758389,23.642463891953792,0.7823003726696487,0.1346997499636146,0.00949997829559521,0.07349989907114149,0.0,0.0,1,1,0,0,0,0,0,0,0.9987446588363648,998744.6588363647
Y2020_LAT23.64264_LON90.18187,2020,90.18187150194369,23.642642299414003,0.5822986983933213,0.15530013678608925,0.26240116482058945,0.0,0.0,0.0,1,1,0,0,0,0,0,0,0.9987588652496338,998758.8652496338
Y2020_LAT23.64282_LON90.19166,2020,90.19166452228174,23.64282008978363,0.09920018366742064,0.10550012239270735,0.700299845876363,0.001999993567806717,0.09299985449570246,0.0,3,0,0,1,0,0,0,0,0.9987730256881714,998773.0256881714
Y2020_LAT23.643_LON90.20146,2020,90.20145763829525,23.64299726296808,0.5765009343514922,0.20999984941185462,0.20279922076734433,0.01069999546930881,0.0,0.0,1,1,0,0,0,0,0,0,0.9987871352767944,998787.1352767944
Y2020_LAT23.64317_LON90.21125,2020,90.21125084981313,23.643173818962985,0.5704988177718461,0.10609988218113757,0.321401289755611,0.002000010291405372,0.0,0.0,1,1,0,0,0,0,0,0,0.9988011959152222,998801.1959152222
Y2020_LAT23.64335_LON90.22104,2020,90.22104415620227,23.64334975780315,0.00759995204645642,0.0,0.9916000533184814,0.0007999946350621116,0.0,0.0,3,0,0,1,0,0,0,0,0.9988152061462402,998815.2061462402
Y2020_LAT23.64353_LON90.23084,2020,90.23083755736806,23.643525079329393,0.0,0.00010000068981522507,0.9890000344484754,0.005899983495587019,0.0049999813661223405,0.0,3,0,0,1,0,0,0,0,0.9988291694946289,998829.1694946289
Y2020_LAT23.6437_LON90.24063,2020,90.24063105301244,23.64369978365415,0.0,0.0450998183715229,0.9549001816284771,0.0,0.0,0.0,3,0,0,1,0,0,0,0,0.9988430824813843,998843.0824813843
Y2020_LAT23.64387_LON90.25042,2020,90.25042464250843,23.64387387067206,0.02514798188963816,0.007396460431310855,0.844674304389685,0.0661983509284387,0.05658290236092727,0.0,3,0,0,1,0,0,0,0,0.27008957106018067,270089.57106018066
Y2020_LAT23.64524_LON90.32878,2020,90.32877670502518,23.645244341727786,0.06762288550287618,0.0005122917474415481,0.8947236008007898,0.03714122194889252,0.0,0.0,3,0,0,1,0,0,0,0,0.3899973263320923,389997.3263320923
Y2020_LAT23.64541_LON90.33857,2020,90.33857112606012,23.64541287210143,0.4040332463995505,0.012376015967741521,0.48106180946529126,0.0997549868896791,0.0,0.002773941277737621,3,0,0,1,0,0,0,1,0.9363437696380615,936343.7696380615
Y2020_LAT23.64558_LON90.34837,2020,90.34836563780057,23.645580784953946,0.6883007444213973,0.002199996253065404,0.004099978352482876,0.22159954564271622,0.0,0.0837997353303381,1,1,0,0,0,0,0,0,0.9989928874053955,998992.8874053955
Y2020_LAT23.64575_LON90.35816,2020,90.35816023993993,23.64574808031333,0.8820789906922512,0.11777978646146087,0.0,0.0001412228462880154,0.0,0.0,1,1,0,0,0,0,0,0,0.7073952833557129,707395.2833557129
Y2020_LAT23.64591_LON90.36795,2020,90.3679549321608,23.64591475808523,1.0,0.0,0.0,0.0,0.0,0.0,1,1,0,0,0,0,0,0,0.005994079727172852,5994.079727172852
Y2020_LAT23.64625_LON90.38754,2020,90.38754458532914,23.646246260840886,1.0,0.0,0.0,0.0,0.0,0.0,1,1,0,0,0,0,0,0,0.000599431396484375,599.431396484375
Y2020_LAT23.64641_LON90.39734,2020,90.39733954566749,23.646411085800302,0.424324324194211,0.018007740861034634,0.3308566204363196,0.22681131450843478,0.0,0.0,1,1,0,0,0,0,0,1,0.6990427157821655,699042.7157821655
Y2020_LAT23.64658_LON90.40713,2020,90.4071345948111,23.646575293117806,0.6355002760158663,0.005199981976659881,0.3240998944136259,0.03519984759384802,0.0,0.0,1,1,0,0,0,0,0,0,0.9990720971374512,999072.0971374512
Y2020_LAT23.64674_LON90.41693,2020,90.41692973228972,23.64673888274929,0.8339998131219228,0.005300031530133123,0.15170010519027788,0.009000050157666117,0.0,0.0,1,1,0,0,0,0,0,0,0.9990851277236938,999085.1277236938
Y2020_LAT23.6469_LON90.42672,2020,90.42672495781879,23.646901854634045,0.5298997744409147,0.08089996962744202,0.23650000637837607,0.141900231846395,0.0,0.010800017706872382,1,1,0,0,0,0,0,0,0.9990981089401245,999098.1089401245
Y2020_LAT23.64706_LON90.43652,2020,90.4365202710943,23.647064208803844,0.4772999473848739,0.004200013524925964,0.27110070271671044,0.24339935006070587,0.0,0.003999986312783771,1,1,0,0,0,0,0,1,0.9991110390014648,999111.0390014648
Y2020_LAT23.64723_LON90.44632,2020,90.44631567171159,23.647225945272186,0.5146009255641185,0.005999983958129289,0.4516990285608227,0.02770006191692949,0.0,0.0,1,1,0,0,0,0,0,0,0.9991239214553833,999123.9214553833
Y2020_LAT23.64739_LON90.45611,2020,90.456111159433,23.647387064043077,0.7759998265565136,0.03249996266709047,0.007999958462678258,0.16940021373069036,0.0,0.014100038583027382,1,1,0,0,0,0,0,0,0.9991367546844483,999136.7546844482
Y2020_LAT23.64755_LON90.46591,2020,90.46590673389129,23.647547564951147,0.45014585505421356,0.01406132500407594,0.0,0.4892261030516461,0.0,0.0465667168900644,4,0,0,0,1,0,0,1,0.5471330102233887,547133.0102233887
Y2020_LAT23.64836_LON90.00541,2020,90.00540845614941,23.64835687910562,0.0,0.0,0.0,1.0,0.0,0.0,4,0,0,0,1,0,0,0,0.046530157821655274,46530.15782165527
Y2020_LAT23.64855_LON90.0152,2020,90.01520036621756,23.64854585489665,0.0,0.0,0.0,0.9689699428592146,0.0,0.03103005714078545,4,0,0,0,1,0,0,0,0.524518486755371,524518.4867553711
Y2020_LAT23.64873_LON90.02499,2020,90.02499237812492,23.648734213692826,0.0,0.0,0.0,0.9731001830753421,0.0,0.026899816924657958,4,0,0,0,1,0,0,0,0.9985256602554321,998525.6602554321
Y2020_LAT23.64892_LON90.03478,2020,90.03478449128586,23.648921955469756,0.13900076585913307,0.013500053314463209,0.0012000065514007005,0.846299174275003,0.0,0.0,4,0,0,0,1,0,0,0,0.9985406020355224,998540.6020355225
Y2020_LAT23.64911_LON90.04458,2020,90.04457670567825,23.649109080184143,0.9535998888536212,0.0,0.03240020702504913,0.013999904121329709,0.0,0.0,1,1,0,0,0,0,0,0,0.9985554977722167,998555.4977722168
Y2020_LAT23.6493_LON90.05437,2020,90.0543690206215,23.649295587869982,0.523999414542697,0.0,0.47600058545730295,0.0,0.0,0.0,1,1,0,0,0,0,0,0,0.9985703437652588,998570.3437652588
Y2020_LAT23.64948_LON90.06416,2020,90.06416143605601,23.649481478469284,0.0,0.00020000015066788597,0.9997999998493321,0.0,0.0,0.0,3,0,0,1,0,0,0,0,0.9985851394500732,998585.1394500732
Y2020_LAT23.64967_LON90.07395,2020,90.07395395145528,23.649666751984714,0.0,0.1476999412100611,0.8520000576692445,0.00030000112069446515,0.0,0.0,3,0,0,1,0,0,0,0,0.998599886932373,998599.886932373
Y2020_LAT23.64985_LON90.08375,2020,90.08374656656957,23.64985140835832,0.08300006926006218,0.002899993890243034,0.9082999561667493,0.0011000038045002414,0.00469997687844527,0.0,3,0,0,1,0,0,0,0,0.9986145853729248,998614.5853729248
Y2020_LAT23.65004_LON90.09354,2020,90.09353928121038,23.650035447580883,0.12160075220019449,0.01320007401070429,0.8532991029624062,0.011200067210489231,0.0007000036162057514,0.0,3,0,0,1,0,0,0,0,0.9986292339477539,998629.2339477539
Y2020_LAT23.65022_LON90.10333,2020,90.10333209478911,23.650218869606544,0.9660999370294422,0.026600070832895846,0.0,0.007299992137661953,0.0,0.0,1,1,0,0,0,0,0,0,0.9986438345031738,998643.8345031738
Y2020_LAT23.6504_LON90.11313,2020,90.11312500715422,23.65040167444693,0.41609927200448843,0.01520001363175902,0.5687007143637526,0.0,0.0,0.0,3,0,0,1,0,0,0,0,0.9986583858566285,998658.3858566284
Y2020_LAT23.65058_LON90.12292,2020,90.12291801780252,23.6505838620648,0.3608007077451111,0.04050023760877167,0.5232988814901921,0.07540017315592512,0.0,0.0,3,0,0,1,0,0,0,0,0.9986728868789673,998672.8868789673
Y2020_LAT23.65077_LON90.13271,2020,90.13271112660111,23.650765432392348,0.8355000050731534,0.037499844339413814,0.12560015611048017,0.0013999944769526962,0.0,0.0,1,1,0,0,0,0,0,0,0.9986873406906128,998687.3406906128
Y2020_LAT23.65095_LON90.1425,2020,90.14250433313053,23.65094638545509,0.5255994242310265,0.19480016678871143,0.2771004074498594,0.002500001530402533,0.0,0.0,1,1,0,0,0,0,0,0,0.9987017445907593,998701.7445907593
Y2020_LAT23.65113_LON90.1523,2020,90.15229763709117,23.651126721282534,0.743600257990429,0.08079996581050476,0.17349977723797125,0.0005000005322041405,0.0015999984288910566,0.0,1,1,0,0,0,0,0,0,0.9987161000442505,998716.1000442505
Y2020_LAT23.65131_LON90.16209,2020,90.16209103798133,23.651306439662648,0.9302996391143723,0.007600043547970177,0.00439996915993618,0.05770034817772133,0.0,0.0,1,1,0,0,0,0,0,0,0.9987304048309327,998730.4048309326
Y2020_LAT23.65149_LON90.17188,2020,90.17188453565397,23.65148554072681,0.7404993287201375,0.2250005385873334,0.016000105816551338,0.01850002687597781,0.0,0.0,1,1,0,0,0,0,0,0,0.9987446622009277,998744.6622009277
Y2020_LAT23.65166_LON90.18168,2020,90.18167812979748,23.65166402444983,0.49259982538697844,0.335000429539385,0.03929977395026135,0.13309997112337518,0.0,0.0,1,1,0,0,0,0,0,1,0.9987588712615967,998758.8712615967
Y2020_LAT23.65184_LON90.19147,2020,90.19147182000454,23.651841890691543,0.5627003832378907,0.12359947845893977,0.2611001586307063,0.03989996762021586,0.012700012052247323,0.0,1,1,0,0,0,0,0,0,0.9987730288925171,998773.0288925171
Y2020_LAT23.65202_LON90.20127,2020,90.20126560585283,23.65201913957036,0.8619995868253073,0.13080046063077944,0.007199952543913253,0.0,0.0,0.0,1,1,0,0,0,0,0,0,0.9987871377944947,998787.1377944946
Y2020_LAT23.6522_LON90.21106,2020,90.21105948714879,23.652195770994364,0.37569976208851963,0.33559959587451527,0.2744006019249391,0.014300040112026005,0.0,0.0,1,1,0,0,0,0,0,1,0.9988011989669799,998801.19896698
Y2020_LAT23.65237_LON90.22085,2020,90.2208534635432,23.652371784935802,0.6366996935351577,0.02009987526035165,0.326200423235149,0.01569999968279068,0.001300008286551232,0.0,1,1,0,0,0,0,0,0,0.9988152087402343,998815.2087402344
Y2020_LAT23.65255_LON90.23065,2020,90.23064753466687,23.65254718137857,0.0017999876930323792,0.0,0.9981000130000238,9.999930694383053e-05,0.0,0.0,3,0,0,1,0,0,0,0,0.9988291728134155,998829.1728134155
Y2020_LAT23.65272_LON90.24044,2020,90.24044170015313,23.652721960284474,0.0,0.01239993546818593,0.7995993949423684,0.13330046034527554,0.05470020924417006,0.0,3,0,0,1,0,0,0,0,0.9988430869369507,998843.0869369507
Y2020_LAT23.6529_LON90.25024,2020,90.25023595969363,23.652896121651573,0.0,0.0,0.3954805509412195,0.5953387002403492,0.009180748818431339,0.0,4,0,0,0,1,0,0,0,0.5657518930740356,565751.8930740356
Y2020_LAT23.65307_LON90.26003,2020,90.26003031308993,23.65306966545825,0.010807403877041346,0.036236597974708254,0.5769230938844359,0.3760329042638145,0.0,0.0,3,0,0,1,0,0,0,0,0.31424441891479493,314244.4189147949
Y2020_LAT23.65324_LON90.26982,2020,90.26982475978058,23.653242591653335,0.09702349110833047,0.001159647645036701,0.6265947410702449,0.27522212017638786,0.0,0.0,3,0,0,1,0,0,0,0,0.25841062744903565,258410.62744903564
Y2020_LAT23.65393_LON90.309,2020,90.30900347412292,23.65392811999907,0.0,0.0,0.0,1.0,0.0,0.0,4,0,0,0,1,0,0,0,0.005394304824829102,5394.304824829102
Y2020_LAT23.6541_LON90.3188,2020,90.31879838284914,23.654097957912555,0.005415563268182004,0.3313898481922466,0.009789655518117203,0.6534049330214542,0.0,0.0,4,0,0,0,1,0,0,0,0.47959806758117673,479598.06758117676
Y2020_LAT23.65427_LON90.32859,2020,90.32859338312579,23.654267178018465,0.19750387410953862,0.13005792620347492,0.32534749119907236,0.34709070848791407,0.0,0.0,4,0,0,0,1,0,0,1,0.9923729619522095,992372.9619522095
Y2020_LAT23.65444_LON90.33839,2020,90.33838847432703,23.65443578045313,0.41549995142004104,0.022899982515581084,0.25240022073872126,0.26439960005261837,0.0,0.044800245273038435,1,1,0,0,0,0,0,1,0.9989795179672242,998979.5179672241
Y2020_LAT23.6546_LON90.34818,2020,90.34818365641897,23.65460376508775,0.6511009811539252,0.03570005076909622,0.18729934737329815,0.007599965310678872,0.0,0.11829965539300154,1,1,0,0,0,0,0,0,0.9989928960494995,998992.8960494995
Y2020_LAT23.65477_LON90.35798,2020,90.35797892875856,23.654771131862596,0.9916999973986049,0.008300002601395035,0.0,0.0,0.0,0.0,1,1,0,0,0,0,0,0,0.9990062174682617,999006.2174682617
Y2020_LAT23.65494_LON90.36777,2020,90.36777429133626,23.654937880784992,1.0,0.0,0.0,0.0,0.0,0.0,1,1,0,0,0,0,0,0,0.7181946359481811,718194.6359481812
Y2020_LAT23.6551_LON90.37757,2020,90.37756974355645,23.655104011925015,0.71039942964522,0.0,0.24953077415642688,0.04006979619835311,0.0,0.0,1,1,0,0,0,0,0,0,0.7454783599777222,745478.3599777222
Y2020_LAT23.65527_LON90.38737,2020,90.38736528525558,23.655269525170006,0.6993158416048757,0.15034194222066374,0.137359648831709,0.012982567342751588,0.0,0.0,1,1,0,0,0,0,0,0,0.8618770925827026,861877.0925827026
Y2020_LAT23.65543_LON90.39716,2020,90.39716091605396,23.655434420477103,0.5867997759444483,0.0019000081710906058,0.37830019895463585,0.03300001692982524,0.0,0.0,1,1,0,0,0,0,0,0,0.9990590226287842,999059.0226287842
Y2020_LAT23.6556_LON90.40696,2020,90.4069566355684,23.65559869789448,0.16500016979664558,9.999953534994923e-05,0.8229998825783997,0.01189994808960478,0.0,0.0,3,0,0,1,0,0,0,0,0.9990721012954712,999072.1012954712
Y2020_LAT23.65576_LON90.41675,2020,90.41675244347262,23.65576235737984,0.8329004660282959,0.0014000085698642312,0.16569952540183988,0.0,0.0,0.0,1,1,0,0,0,0,0,0,0.9990851307373046,999085.1307373047
Y2020_LAT23.65593_LON90.42655,2020,90.42654833944502,23.6559253989286,0.2735996610853155,0.35820017260658293,0.35710017480078526,0.010399990998027459,0.0,0.0007000005092888204,2,0,1,0,0,0,0,1,0.9990981108169555,999098.1108169556
Y2020_LAT23.65609_LON90.43634,2020,90.43634432324464,23.656087822467907,0.5528992912334583,0.2375008820512731,0.18539978027926846,0.024200046436000135,0.0,0.0,1,1,0,0,0,0,0,0,0.9991110415344239,999111.0415344238
Y2020_LAT23.65625_LON90.44614,2020,90.44614039448588,23.656249628012446,0.5682012118542691,0.2841988490047213,0.04619988622250085,0.1014000529185088,0.0,0.0,1,1,0,0,0,0,0,0,0.9991239233932495,999123.9233932495
Y2020_LAT23.65641_LON90.45594,2020,90.45593655269141,23.65641081546605,0.5176903352666071,0.004907018914133394,0.0,0.4761113191371016,0.0,0.0012913266821578707,1,1,0,0,0,0,0,0,0.7737305947418213,773730.5947418213
Y2020_LAT23.65657_LON90.46573,2020,90.46573279774167,23.656571384915978,0.0,0.0,0.0,1.0,0.0,0.0,4,0,0,0,1,0,0,0,0.015386814949035644,15386.814949035645
Y2020_LAT23.65757_LON90.015,2020,90.01499551017915,23.657566236566307,0.0,0.0,0.0,0.0,0.0,1.0,6,0,0,0,0,0,1,0,0.0011982215576171874,1198.2215576171875
Y2020_LAT23.65775_LON90.02479,2020,90.02478819164048,23.65775467575426,0.0,0.0,0.0,0.9940243830157891,0.0,0.005975616984210916,4,0,0,0,1,0,0,0,0.9190435606384277,919043.5606384277
Y2020_LAT23.65794_LON90.03458,2020,90.03458097454474,23.657942497728577,0.4519006772810102,0.13170021389066638,0.09700045932292102,0.31939864950540237,0.0,0.0,1,1,0,0,0,0,0,1,0.9985406059570312,998540.6059570312
Y2020_LAT23.65813_LON90.04437,2020,90.04437385854851,23.658129702363212,0.1861998566930528,0.0,0.8138001433069472,0.0,0.0,0.0,3,0,0,1,0,0,0,0,0.9985555013046264,998555.5013046265
Y2020_LAT23.65832_LON90.05417,2020,90.05416684324668,23.658316289721874,0.04079989087522114,0.0,0.9592001091247788,0.0,0.0,0.0,3,0,0,1,0,0,0,0,0.9985703471603393,998570.3471603394
Y2020_LAT23.6585_LON90.06396,2020,90.06395992843409,23.658502259648635,0.0,0.004200005718908397,0.9957999942810916,0.0,0.0,0.0,3,0,0,1,0,0,0,0,0.9985851423568726,998585.1423568726
Y2020_LAT23.65869_LON90.07375,2020,90.07375311363549,23.65868761223123,0.0,0.2719005721529325,0.7264994177747864,0.0,0.0016000100722810121,0.0,3,0,0,1,0,0,0,0,0.9985998900146484,998599.8900146484
Y2020_LAT23.65887_LON90.08355,2020,90.08354639862759,23.65887234750067,0.0,0.0718996070911096,0.9068004790139763,0.00999996697412779,0.01129994692078643,0.0,3,0,0,1,0,0,0,0,0.9986145887527466,998614.5887527466
Y2020_LAT23.65906_LON90.09334,2020,90.09333978300259,23.659056465300775,0.313401388701714,0.009800034784581729,0.6564984572166276,0.020300119297076688,0.0,0.0,3,0,0,1,0,0,0,0,0.9986292375564575,998629.2375564575
Y2020_LAT23.65924_LON90.10313,2020,90.10313326652143,23.659239965665787,0.9456000175252197,0.004000000295169585,0.0,0.05039998217961074,0.0,0.0,1,1,0,0,0,0,0,0,0.9986438376693726,998643.8376693726
Y2020_LAT23.65942_LON90.11293,2020,90.11292684873005,23.65942284849785,0.9368000810229101,0.011500042139290552,0.0009000064157622994,0.050799870422036986,0.0,0.0,1,1,0,0,0,0,0,0,0.9986583896331787,998658.3896331787
Y2020_LAT23.65961_LON90.12272,2020,90.12272052944736,23.659605113927626,0.48079933568779454,0.40230069148861586,0.07989984077591153,0.03700013204767819,0.0,0.0,1,1,0,0,0,0,0,1,0.9986728909912109,998672.8909912109
Y2020_LAT23.65979_LON90.13251,2020,90.13251430809983,23.65978676176679,0.8156003826066069,0.13119955401334035,0.0167000557553974,0.03650000762465546,0.0,0.0,1,1,0,0,0,0,0,0,0.9986873446807861,998687.3446807861
Y2020_LAT23.65997_LON90.14231,2020,90.14230818473796,23.659967792088718,0.7739996459460189,0.12850037232389294,0.023999976472323804,0.07350000525776432,0.0,0.0,1,1,0,0,0,0,0,0,0.9987017481536865,998701.7481536865
Y2020_LAT23.66015_LON90.1521,2020,90.15210215855805,23.660148204837075,0.8694000180008579,0.05140006032338408,0.03229996817406187,0.032799962669894246,0.014099990831801974,0.0,1,1,0,0,0,0,0,0,0.9987161028442383,998716.1028442383
Y2020_LAT23.66033_LON90.1619,2020,90.16189622963945,23.66032799999945,0.8771996008377122,0.03670018458154099,9.999928801895656e-05,0.08600021529272787,0.0,0.0,1,1,0,0,0,0,0,0,0.9987304078903199,998730.4078903198
Y2020_LAT23.66051_LON90.17169,2020,90.171690397392,23.660507177542893,0.4074987152903553,0.12959966700541803,0.46290161770422666,0.0,0.0,0.0,3,0,0,1,0,0,0,1,0.9987446658096314,998744.6658096313
Y2020_LAT23.66069_LON90.18148,2020,90.18148466160724,23.660685737444066,0.08070034662130038,0.08620022629394226,0.8219993631187601,0.011100063965997246,0.0,0.0,3,0,0,1,0,0,0,0,0.9987588736419678,998758.8736419678
Y2020_LAT23.66086_LON90.19128,2020,90.19127902196914,23.66086367968809,0.5789005483573586,0.14540020785263733,0.18499922203507893,0.09070002175492516,0.0,0.0,1,1,0,0,0,0,0,0,0.9987730327835083,998773.0327835083
Y2020_LAT23.66104_LON90.20107,2020,90.20107347794811,23.66104100422481,0.6970994631258768,0.03599999618256481,0.14500052704349586,0.12190001364806258,0.0,0.0,1,1,0,0,0,0,0,0,0.9987871408996583,998787.1408996582
Y2020_LAT23.66122_LON90.21087,2020,90.21086802953347,23.66121771105298,0.3205992640351525,0.16040031001070265,0.38190028763281714,0.13710013832132772,0.0,0.0,3,0,0,1,0,0,0,1,0.9988012021789551,998801.2021789551
Y2020_LAT23.66139_LON90.22066,2020,90.22066267606631,23.66139380014104,0.020299990103682556,0.05239980848482367,0.4095994603259834,0.5177007410855103,0.0,0.0,4,0,0,0,1,0,0,0,0.998815215385437,998815.215385437
Y2020_LAT23.66157_LON90.23046,2020,90.23045741748071,23.661569271449984,0.002399989607992697,0.0027000020484516914,0.5070992588807529,0.4878007494628027,0.0,0.0,3,0,0,1,0,0,0,0,0.9988291756515503,998829.1756515503
Y2020_LAT23.66174_LON90.24025,2020,90.2402522533002,23.66174412497075,0.0,0.004799982169545086,0.533400174435649,0.4614998434971437,0.0002999998976622134,0.0,3,0,0,1,0,0,0,0,0.9988430887374878,998843.0887374878
Y2020_LAT23.66192_LON90.25005,2020,90.25004718316151,23.661918360714164,0.06810036840624255,0.0007000034596987668,0.6335998362925379,0.2975997918415208,0.0,0.0,3,0,0,1,0,0,0,0,0.998856953742981,998856.953742981
Y2020_LAT23.66209_LON90.25984,2020,90.25984220682595,23.662091978628148,0.16479959903669708,0.0033999787221072786,0.7291007093478022,0.10269971289339344,0.0,0.0,3,0,0,1,0,0,0,0,0.9988707683486938,998870.7683486938
Y2020_LAT23.66226_LON90.26964,2020,90.26963732391111,23.66226497864561,0.0010229638209175041,0.0014776149327360081,0.9511250541823186,0.04637436706402781,0.0,0.0,3,0,0,1,0,0,0,0,0.8788179817962647,878817.9817962646
Y2020_LAT23.66244_LON90.27943,2020,90.2794325341656,23.662437360798467,0.32440525389105807,0.0,0.6755947461089419,0.0,0.0,0.0,3,0,0,1,0,0,0,0,0.10068850269317627,100688.50269317627
Y2020_LAT23.66278_LON90.29902,2020,90.29902323249809,23.662780271433803,0.981308371394848,0.0,0.0,0.01869162860515203,0.0,0.0,1,1,0,0,0,0,0,0,0.11757402460479736,117574.02460479736
Y2020_LAT23.66295_LON90.30882,2020,90.30881872007676,23.662950799805053,0.5721281760625553,0.050140107106338344,0.10574272882231943,0.27198898800878707,0.0,0.0,1,1,0,0,0,0,0,0,0.7132432492599488,713243.2492599487
Y2020_LAT23.66312_LON90.31861,2020,90.31861429929954,23.66312071017582,0.5153009016252537,0.017699969147235085,0.27349941470607514,0.19349971452143613,0.0,0.0,1,1,0,0,0,0,0,0,0.9989526279678345,998952.6279678345
Y2020_LAT23.66329_LON90.32841,2020,90.32840997011043,23.66329000255966,0.9512000399189577,0.04299999264887856,0.00020000072598558156,0.0055999667061781165,0.0,0.0,1,1,0,0,0,0,0,0,0.9989661003875733,998966.1003875732
Y2020_LAT23.66346_LON90.33821,2020,90.33820573193998,23.66345867691498,0.7678991123665644,0.0,0.2321008876334356,0.0,0.0,0.0,1,1,0,0,0,0,0,0,0.9989795212402344,998979.5212402344
Y2020_LAT23.66363_LON90.348,2020,90.34800158450707,23.663626733183868,0.7933006742930646,0.0020999976747952793,0.20309933498986518,0.0014999930422749477,0.0,0.0,1,1,0,0,0,0,0,0,0.9989928998031616,998992.8998031616
Y2020_LAT23.66379_LON90.3578,2020,90.3577975276047,23.663794171446803,0.7271997070338619,0.0,0.272800292966138,0.0,0.0,0.0,1,1,0,0,0,0,0,0,0.9990062192459106,999006.2192459106
Y2020_LAT23.66396_LON90.36759,2020,90.36759356076453,23.663960991623302,0.6496994508444128,0.057200303672917764,0.29310024548266944,0.0,0.0,0.0,1,1,0,0,0,0,0,0,0.9990194944915771,999019.4944915771
Y2020_LAT23.66413_LON90.37739,2020,90.37738968368167,23.664127193689648,0.703200886019681,0.2284993755043634,0.06509973667108465,0.0032000018048708133,0.0,0.0,1,1,0,0,0,0,0,0,0.9990327207107544,999032.7207107544
Y2020_LAT23.66429_LON90.38719,2020,90.38718589607517,23.664292777606878,0.9295999857186251,0.056199985518961014,0.0033000021540579073,0.010900026608355992,0.0,0.0,1,1,0,0,0,0,0,0,0.999045897819519,999045.897819519
Y2020_LAT23.66446_LON90.39698,2020,90.39698219758391,23.664457743416822,0.9945000178629925,0.004699977010235196,0.0,0.0008000051267724052,0.0,0.0,1,1,0,0,0,0,0,0,0.9990590253448486,999059.0253448486
Y2020_LAT23.66462_LON90.40678,2020,90.40677858784863,23.66462209094527,0.3921996045992838,0.21929986416123,0.38190055653655547,0.006599974702930774,0.0,0.0,1,1,0,0,0,0,0,1,0.9990721045532227,999072.1045532227
Y2020_LAT23.66479_LON90.41658,2020,90.41657506658078,23.664785820286717,0.956800186986241,0.0029999903975489535,0.04019982261621008,0.0,0.0,0.0,1,1,0,0,0,0,0,0,0.9990851324996948,999085.1324996948
Y2020_LAT23.66495_LON90.42637,2020,90.42637163342931,23.66494893146759,0.9901999734381581,0.009300024781897141,0.0005000017799446957,0.0,0.0,0.0,1,1,0,0,0,0,0,0,0.9990981126327515,999098.1126327515
Y2020_LAT23.66511_LON90.43617,2020,90.43616828794282,23.66511142432253,0.8031002225208923,0.12439967138521076,0.06800011342367403,0.004499992670222895,0.0,0.0,1,1,0,0,0,0,0,0,0.9991110447769165,999111.0447769165
Y2020_LAT23.66527_LON90.44597,2020,90.4459650301101,23.66527329895515,0.7764735161731449,0.0007019615654817464,0.02517033544780712,0.19765418681356625,0.0,0.0,1,1,0,0,0,0,0,0,0.9963263615722656,996326.3615722656
Y2020_LAT23.66543_LON90.45576,2020,90.455761859255,23.66543455528528,0.17602317666519568,0.0,0.0,0.8239768233348043,0.0,0.0,4,0,0,0,1,0,0,0,0.17085160498046875,170851.60498046875
Y2020_LAT23.66659_LON90.01479,2020,90.01479055228913,23.666586606128025,0.0,0.0,0.0,1.0,0.0,0.0,4,0,0,0,1,0,0,0,0.04303610417175293,43036.10417175293
Y2020_LAT23.66678_LON90.02458,2020,90.0245839038036,23.666775125771643,0.10626289579616302,0.03598047560945841,0.08717135624287176,0.7695362805214291,0.0,0.0010489918300778185,4,0,0,0,1,0,0,0,0.9518948298416138,951894.8298416138
Y2020_LAT23.66696_LON90.03438,2020,90.0343773566803,23.666963027846926,0.2567002901911298,0.02879987919564757,0.5493002404756693,0.16519959013755334,0.0,0.0,3,0,0,1,0,0,0,0,0.9985406099319458,998540.6099319458
Y2020_LAT23.66715_LON90.04417,2020,90.04417091068814,23.667150312410396,0.18559966078559234,0.05119994319727002,0.7296004758076755,0.03359992020946219,0.0,0.0,3,0,0,1,0,0,0,0,0.9985555047531128,998555.5047531128
Y2020_LAT23.66734_LON90.05396,2020,90.05396456549875,23.66733697933665,0.2062004162827588,0.04849980414043403,0.743699787613272,0.001599991963535089,0.0,0.0,3,0,0,1,0,0,0,0,0.9985703508834839,998570.3508834839
Y2020_LAT23.66752_LON90.06376,2020,90.06375832072634,23.667523028751464,0.2332998605479761,0.021099999590345996,0.745600139861678,0.0,0.0,0.0,3,0,0,1,0,0,0,0,0.9985851452789307,998585.1452789307
Y2020_LAT23.66771_LON90.07355,2020,90.07355217606052,23.66770846043795,0.3004002460130784,0.02089997896826605,0.6786997750186555,0.0,0.0,0.0,3,0,0,1,0,0,0,0,0.9985998939666748,998599.8939666748
Y2020_LAT23.66789_LON90.08335,2020,90.08334613121336,23.66789327448936,0.1977999445489788,0.021599875848782393,0.7673002447646856,0.013299934837553174,0.0,0.0,3,0,0,1,0,0,0,0,0.9986145920944214,998614.5920944214
Y2020_LAT23.66808_LON90.09314,2020,90.09314018580726,23.668077470870962,0.6432000979290737,0.08179994609967062,0.19809988735200226,0.07690006861925353,0.0,0.0,1,1,0,0,0,0,0,0,0.9986292405014038,998629.2405014038
Y2020_LAT23.66826_LON90.10293,2020,90.10293433949884,23.668261049537524,0.6430992142544675,0.014299992927488172,0.31910084003982614,0.023499952778218227,0.0,0.0,1,1,0,0,0,0,0,0,0.9986438413772583,998643.8413772583
Y2020_LAT23.66844_LON90.11273,2020,90.11272859192228,23.668444010476485,0.639899868737518,0.16570056781601808,0.14469940960077884,0.04970015384568499,0.0,0.0,1,1,0,0,0,0,0,0,0.9986583927993774,998658.3927993774
Y2020_LAT23.66863_LON90.12252,2020,90.12252294293911,23.668626353654744,0.5734006125818367,0.32849943615414395,0.006600015891985749,0.0914999353720336,0.0,0.0,1,1,0,0,0,0,0,0,0.9986728931427002,998672.8931427002
Y2020_LAT23.66881_LON90.13232,2020,90.13231739188161,23.66880807905234,0.24499883754548846,0.014799945026988053,0.7296012213906404,0.010599996036883068,0.0,0.0,3,0,0,1,0,0,0,0,0.998687346672058,998687.3466720581
Y2020_LAT23.66899_LON90.14211,2020,90.14211193878464,23.668989186677955,0.12110044485865454,0.013400080737999788,0.8644994769694977,0.0009999974338480615,0.0,0.0,3,0,0,1,0,0,0,0,0.9987017510528564,998701.7510528564
Y2020_LAT23.66917_LON90.15191,2020,90.15190658308181,23.66916967639828,0.7493007400594156,0.11279978007022765,0.10119948138104498,0.03669999848931181,0.0,0.0,1,1,0,0,0,0,0,0,0.9987161067276001,998716.1067276001
Y2020_LAT23.66935_LON90.1617,2020,90.16170132444506,23.669349548306652,0.41240000971737856,0.18359952373393706,0.3777005805939998,0.02629988595468456,0.0,0.0,1,1,0,0,0,0,0,1,0.9987304122314453,998730.4122314453
Y2020_LAT23.66953_LON90.1715,2020,90.17149616267439,23.669528802331403,0.3321002768354574,0.2263999643246431,0.43049975004224206,0.009000007410586005,0.0020000013870714343,0.0,3,0,0,1,0,0,0,1,0.9987446686630249,998744.6686630249
Y2020_LAT23.66971_LON90.18129,2020,90.181291097336,23.669707438463153,0.4091995576636976,0.06689987936107905,0.5239005629752234,0.0,0.0,0.0,3,0,0,1,0,0,0,0,0.9987588749313354,998758.8749313354
Y2020_LAT23.66989_LON90.19109,2020,90.19108612817423,23.669885456656257,0.27939984630581205,0.005499983154490614,0.7151001705396973,0.0,0.0,0.0,3,0,0,1,0,0,0,0,0.9987730355911255,998773.0355911255
Y2020_LAT23.67006_LON90.20088,2020,90.20088125469215,23.670062856937736,0.3431995243386247,0.10169989644560323,0.555100579215772,0.0,0.0,0.0,3,0,0,1,0,0,0,0,0.9987871440200806,998787.1440200806
Y2020_LAT23.67024_LON90.21068,2020,90.21067647670718,23.670239639173236,0.0944996396908277,0.04489980823922059,0.850000484003836,0.010600068066115763,0.0,0.0,3,0,0,1,0,0,0,0,0.9988012048492432,998801.2048492432
Y2020_LAT23.67042_LON90.22047,2020,90.22047179392902,23.67041580338254,0.28849932984039156,0.0010999988299889149,0.6029003728768819,0.10750029845273759,0.0,0.0,3,0,0,1,0,0,0,0,0.9988152186584472,998815.2186584473
Y2020_LAT23.67059_LON90.23027,2020,90.23026720583478,23.670591349684884,0.09330004802458303,0.0,0.5737999400558934,0.3326000133739685,0.0,0.00029999854555509984,3,0,0,1,0,0,0,0,0.9988291782073975,998829.1782073975
Y2020_LAT23.67077_LON90.24006,2020,90.24006271224383,23.670766277818203,0.0,0.0,0.5601003022901836,0.43989969770981646,0.0,0.0,3,0,0,1,0,0,0,0,0.9988430923309326,998843.0923309326
Y2020_LAT23.67094_LON90.24986,2020,90.24985831290394,23.67094058795108,0.0,0.0,0.96290019325684,0.03709980674316006,0.0,0.0,3,0,0,1,0,0,0,0,0.9988569568328858,998856.9568328857
Y2020_LAT23.67111_LON90.25965,2020,90.2596540071639,23.671114279915606,0.0,0.0,1.0,0.0,0.0,0.0,3,0,0,1,0,0,0,0,0.998870771560669,998870.771560669
Y2020_LAT23.67129_LON90.26945,2020,90.26944979498077,23.67128735378411,0.0,0.0,1.0,0.0,0.0,0.0,3,0,0,1,0,0,0,0,0.9988845400543213,998884.5400543213
Y2020_LAT23.67146_LON90.27925,2020,90.2792456759283,23.671459809556552,0.42119584929544496,0.0,0.5072078724916326,0.0715962782129225,0.0,0.0,3,0,0,1,0,0,0,0,0.81060508984375,810605.08984375
Y2020_LAT23.67163_LON90.28904,2020,90.28904164971378,23.67163164707944,0.44633044311564274,0.12963425225051264,0.24182155490617893,0.18221374972766569,0.0,0.0,1,1,0,0,0,0,0,1,0.41225145290374754,412251.45290374756
Y2020_LAT23.6718_LON90.29884,2020,90.29883771584848,23.67180286643217,0.9135654170208759,0.0,0.007973672507692405,0.07846091047143165,0.0,0.0,1,1,0,0,0,0,0,0,0.9395896532287598,939589.6532287598
Y2020_LAT23.67197_LON90.30863,2020,90.3086338742287,23.6719734675823,0.968900073059686,0.004400013390976355,0.007400031326874463,0.019299882222463254,0.0,0.0,1,1,0,0,0,0,0,0,0.998939111328125,998939.111328125
Y2020_LAT23.67214_LON90.31843,2020,90.3184301243405,23.67214345053694,0.782799996635612,0.018600030483263887,0.19859997288112413,0.0,0.0,0.0,1,1,0,0,0,0,0,0,0.9989526312561036,998952.6312561035
Y2020_LAT23.67231_LON90.32823,2020,90.32822646598497,23.67231281518136,0.9369000213684322,0.03119995248318452,0.017899996666577694,0.014000029481805613,0.0,0.0,1,1,0,0,0,0,0,0,0.998966103012085,998966.103012085
Y2020_LAT23.67248_LON90.33802,2020,90.33802289865336,23.672481561486364,0.6965994397001136,0.0,0.3034005602998864,0.0,0.0,0.0,1,1,0,0,0,0,0,0,0.9989795249862671,998979.5249862671
Y2020_LAT23.67265_LON90.34782,2020,90.347819422269,23.67264968961687,0.39529879445736205,0.0,0.604701205542638,0.0,0.0,0.0,3,0,0,1,0,0,0,0,0.9989929008483887,998992.9008483887
Y2020_LAT23.67282_LON90.35762,2020,90.35761603619699,23.672817199345946,0.023099936539976666,0.004499987483827114,0.9724000759761963,0.0,0.0,0.0,3,0,0,1,0,0,0,0,0.9990062220077515,999006.2220077515
Y2020_LAT23.67298_LON90.36741,2020,90.36741274047239,23.672984090720792,0.06150012770947084,0.016200078947895047,0.921899792452473,0.0,0.00040000089016113514,0.0,3,0,0,1,0,0,0,0,0.9990194976654053,999019.4976654053
Y2020_LAT23.67315_LON90.37721,2020,90.37720953437174,23.67315036372105,0.20070050168204515,0.12239962040581914,0.5706999214327492,0.10179995134001878,0.0003999983289164359,0.004000006810451118,3,0,0,1,0,0,0,0,0.9990327228622436,999032.7228622437
Y2020_LAT23.67332_LON90.38701,2020,90.38700641776765,23.673316018313184,0.3888991142095953,0.28190118887214394,0.29199958210345167,0.03710011457364501,0.00010000024116408514,0.0,1,1,0,0,0,0,0,1,0.9990458999862671,999045.8999862671
Y2020_LAT23.67348_LON90.3968,2020,90.39680339036659,23.67348105445784,0.15730048759706627,0.8386995164143989,0.003999995988534891,0.0,0.0,0.0,2,0,1,0,0,0,0,0,0.9990590272827149,999059.0272827148
Y2020_LAT23.67365_LON90.4066,2020,90.40660045175213,23.673645472221292,0.7915005437996855,0.207799456295045,0.000699999905269461,0.0,0.0,0.0,1,1,0,0,0,0,0,0,0.999072106552124,999072.106552124
Y2020_LAT23.67381_LON90.4164,2020,90.4163976015287,23.673809271455447,0.7598003236501258,0.18199979791651566,0.05819987843335851,0.0,0.0,0.0,1,1,0,0,0,0,0,0,0.9990851356277466,999085.1356277466
Y2020_LAT23.67397_LON90.42619,2020,90.42619483956582,23.673972452224067,1.0,0.0,0.0,0.0,0.0,0.0,1,1,0,0,0,0,0,0,0.9990981164855957,999098.1164855957
Y2020_LAT23.67414_LON90.43599,2020,90.43599216531646,23.67413501452833,0.7755992753658655,0.005299989861599775,0.0,0.21910073477253483,0.0,0.0,1,1,0,0,0,0,0,0,0.9991110469589234,999111.0469589233
Y2020_LAT23.6743_LON90.44579,2020,90.44578957854675,23.674296958143618,0.6610005126383776,0.0004000002775014117,0.0,0.3243994167359432,0.00310001848612924,0.011100051862048595,1,1,0,0,0,0,0,0,0.9991239291992188,999123.9291992188
Y2020_LAT23.67446_LON90.45559,2020,90.45558707901341,23.674458283331234,0.42010560535170044,0.0,0.0,0.5785109540304425,0.0013834406178570588,0.0,4,0,0,0,1,0,0,0,0.43332419115447995,433324.19115448
Y2020_LAT23.6758_LON90.02438,2020,90.02437951447082,23.67579556360516,0.35027778852934743,0.006931639588299149,0.1732910836268377,0.46949948825551574,0.0,0.0,4,0,0,0,1,0,0,1,0.2160810047302246,216081.0047302246
Y2020_LAT23.67598_LON90.03417,2020,90.03417363771479,23.6759835458416,0.23547390070296567,0.12333255429575449,0.5464616953896734,0.09473184961160652,0.0,0.0,3,0,0,1,0,0,0,0,0.8833096795425415,883309.6795425415
Y2020_LAT23.67617_LON90.04397,2020,90.04396786208045,23.676170910287578,0.4577006653659665,0.08579999932137997,0.42569932320952003,0.030800012103133514,0.0,0.0,1,1,0,0,0,0,0,1,0.9985555081329346,998555.5081329346
Y2020_LAT23.67636_LON90.05376,2020,90.05376218728698,23.676357656909072,0.2433989349877618,0.0014999899049096422,0.7549010765796605,0.0001999985276680367,0.0,0.0,3,0,0,1,0,0,0,0,0.998570354675293,998570.354675293
Y2020_LAT23.67654_LON90.06356,2020,90.06355661291529,23.676543785630265,0.4588010904524072,0.01250007780717189,0.522998801126794,0.005700030613626984,0.0,0.0,3,0,0,1,0,0,0,0,0.998585148979187,998585.148979187
Y2020_LAT23.67673_LON90.07335,2020,90.07335113867751,23.67672929647067,0.6471995260430338,0.2035007838311671,0.1424996492949532,0.006800040830845981,0.0,0.0,1,1,0,0,0,0,0,0,0.998599896949768,998599.8969497681
Y2020_LAT23.67691_LON90.08315,2020,90.0831457643995,23.67691418943131,0.39299992449125326,0.3047003359976358,0.28869975051970337,0.01359998899140759,0.0,0.0,1,1,0,0,0,0,0,1,0.9986145961532593,998614.5961532593
Y2020_LAT23.6771_LON90.09294,2020,90.09294048937929,23.677098464394223,0.6906004617061211,0.19479970722332368,0.07039982451641283,0.044200006554142524,0.0,0.0,1,1,0,0,0,0,0,0,0.998629243965149,998629.2439651489
Y2020_LAT23.67728_LON90.10274,2020,90.102735313684,23.67728212138585,0.07570005896046036,0.0035000103379257824,0.9073998514141713,0.013400079287442504,0.0,0.0,3,0,0,1,0,0,0,0,0.9986438442230224,998643.8442230225
Y2020_LAT23.67747_LON90.11253,2020,90.11253023667851,23.67746516043704,0.24700021716324178,0.09240027817810276,0.6568995308201248,0.003699973838530682,0.0,0.0,3,0,0,1,0,0,0,0,0.9986583966140747,998658.3966140747
Y2020_LAT23.67765_LON90.12233,2020,90.12232525824136,23.677647581381592,0.14119934605525913,0.08419956228242322,0.7697010949517133,0.004899996710604269,0.0,0.0,3,0,0,1,0,0,0,0,0.9986728973007202,998672.8973007202
Y2020_LAT23.67783_LON90.13212,2020,90.13212037793532,23.677829384331158,0.4427006535012441,0.017300001878387292,0.5323993212027154,0.007600023417653216,0.0,0.0,3,0,0,1,0,0,0,0,0.9986873512573242,998687.3512573242
Y2020_LAT23.67801_LON90.14192,2020,90.1419155954399,23.678010569231475,0.20189936425196509,0.08900037809697248,0.7077002670996022,0.0013999905514602783,0.0,0.0,3,0,0,1,0,0,0,0,0.9987017540588379,998701.7540588379
Y2020_LAT23.67819_LON90.15171,2020,90.1517109104151,23.67819113600104,0.7641003595712631,0.02299995423091036,0.20979970132021444,0.0030999848776121003,0.0,0.0,1,1,0,0,0,0,0,0,0.9987161096801758,998716.1096801758
Y2020_LAT23.67837_LON90.16151,2020,90.16150632255399,23.67837108468376,0.1839995862002318,0.017400024456064322,0.7781002982748142,0.020500091068889687,0.0,0.0,3,0,0,1,0,0,0,0,0.9987304146270752,998730.4146270752
Y2020_LAT23.67855_LON90.1713,2020,90.17130183151394,23.678550415217572,0.4098015696165652,0.02300007790124312,0.5630983481048873,0.00330000375366991,0.000800000623634428,0.0,3,0,0,1,0,0,0,0,0.9987446724090576,998744.6724090576
Y2020_LAT23.67873_LON90.1811,2020,90.1810974369278,23.678729127524555,0.6330988208746692,0.004399993522423194,0.3624011856364102,9.999996649742073e-05,0.0,0.0,1,1,0,0,0,0,0,0,0.9987588795318604,998758.8795318604
Y2020_LAT23.67891_LON90.19089,2020,90.19089313852575,23.678907221657223,0.1974995667565013,0.004799971618692847,0.7977004616248059,0.0,0.0,0.0,3,0,0,1,0,0,0,0,0.9987730382766724,998773.0382766724
Y2020_LAT23.67908_LON90.20069,2020,90.20068893596161,23.679084697594206,0.0,0.0,1.0,0.0,0.0,0.0,3,0,0,1,0,0,0,0,0.9987871473464965,998787.1473464966
Y2020_LAT23.67926_LON90.21048,2020,90.21048482882942,23.679261555294072,0.06629992763790808,0.0,0.933700072362092,0.0,0.0,0.0,3,0,0,1,0,0,0,0,0.9988012083435058,998801.2083435059
Y2020_LAT23.67944_LON90.22028,2020,90.2202808169129,23.67943779475141,0.05559994077883492,0.0,0.9444000592211651,0.0,0.0,0.0,3,0,0,1,0,0,0,0,0.998815219116211,998815.2191162109
Y2020_LAT23.67961_LON90.23008,2020,90.23007689982374,23.67961341583715,0.2355007443552275,0.05670007262872784,0.705599171258234,0.002200011757810756,0.0,0.0,3,0,0,1,0,0,0,0,0.9988291816177368,998829.1816177368
Y2020_LAT23.67979_LON90.23987,2020,90.23987307712183,23.679788418657314,0.04470004555795982,0.05500020282551589,0.9002997516165243,0.0,0.0,0.0,3,0,0,1,0,0,0,0,0.9988430952606201,998843.0952606201
Y2020_LAT23.67996_LON90.24967,2020,90.24966934876005,23.67996280312878,0.031199834126928776,0.02079987969207308,0.9480002861809982,0.0,0.0,0.0,3,0,0,1,0,0,0,0,0.998856960067749,998856.960067749
Y2020_LAT23.68014_LON90.25947,2020,90.25946571403094,23.680136569215893,0.0,0.0,0.9957999970485455,0.0042000029514545015,0.0,0.0,3,0,0,1,0,0,0,0,0.9988707743759155,998870.7743759155
Y2020_LAT23.68031_LON90.26926,2020,90.26926217288214,23.680309717012452,0.19600088595760862,0.0,0.7917990381036292,0.012200075938762265,0.0,0.0,3,0,0,1,0,0,0,0,0.9988845422821044,998884.5422821045
Y2020_LAT23.68048_LON90.27906,2020,90.27905872496201,23.68048224632503,0.42029940026828283,0.036200082681966464,0.1307004472912298,0.41200007078116874,0.0,0.0007999989773523092,1,1,0,0,0,0,0,1,0.9988982571868896,998898.2571868896
Y2020_LAT23.68065_LON90.28886,2020,90.2888553697017,23.68065415725346,0.3324014083339715,0.033200088794319925,0.6232985622487635,0.011099940622945219,0.0,0.0,3,0,0,1,0,0,0,0,0.9989119254455566,998911.9254455566
Y2020_LAT23.68083_LON90.29865,2020,90.29865210710203,23.680825449623452,0.9973999923238706,0.0,0.002000005746087862,0.0006000019300415803,0.0,0.0,1,1,0,0,0,0,0,0,0.9989255434341431,998925.5434341431
Y2020_LAT23.681_LON90.30845,2020,90.30844893653449,23.680996123618623,0.9837999445184826,0.016200055481517383,0.0,0.0,0.0,0.0,1,1,0,0,0,0,0,0,0.9989391132125854,998939.1132125854
Y2020_LAT23.68117_LON90.31825,2020,90.31824585795898,23.681166179057755,0.570098894548314,0.08399985692519095,0.34590124852649506,0.0,0.0,0.0,1,1,0,0,0,0,0,0,0.9989526333999634,998952.6333999634
Y2020_LAT23.68134_LON90.32804,2020,90.32804287068859,23.68133561598389,0.4190989655850154,0.019799974297270997,0.5611010601177135,0.0,0.0,0.0,3,0,0,1,0,0,0,0,0.9989661054611206,998966.1054611206
Y2020_LAT23.6815_LON90.33784,2020,90.33783997470627,23.68150443436738,0.004800000199947693,0.0,0.9951999998000524,0.0,0.0,0.0,3,0,0,1,0,0,0,0,0.9989795284576416,998979.5284576416
Y2020_LAT23.68167_LON90.34764,2020,90.34763716947079,23.68167263416561,0.1791001103081585,0.007499991001603616,0.8133998986902379,0.0,0.0,0.0,3,0,0,1,0,0,0,0,0.9989929008483887,998992.9008483887
Y2020_LAT23.68184_LON90.35743,2020,90.35743445478417,23.681840215417694,0.08900023345616202,0.0,0.910999766543838,0.0,0.0,0.0,3,0,0,1,0,0,0,0,0.9990062254867553,999006.2254867554
Y2020_LAT23.68201_LON90.36723,2020,90.36723183031991,23.682007177967904,0.19079982198807527,0.0,0.8092001780119247,0.0,0.0,0.0,3,0,0,1,0,0,0,0,0.9990194999847413,999019.4999847412
Y2020_LAT23.68217_LON90.37703,2020,90.37702929556154,23.682173521934047,0.3487003327930461,0.047100082870284284,0.5813994655857638,0.02210011532393231,0.0007000034269735737,0.0,3,0,0,1,0,0,0,0,0.9990327263336182,999032.7263336182
Y2020_LAT23.68234_LON90.38683,2020,90.38682685035715,23.68233924722738,0.8182996187046606,0.06630031767146922,0.11450006946740547,0.0008999941564646507,0.0,0.0,1,1,0,0,0,0,0,0,0.999045903465271,999045.903465271
Y2020_LAT23.6825_LON90.39662,2020,90.39662449431165,23.682504353804134,0.4069999573108821,0.5874000638759425,0.0055999788131753875,0.0,0.0,0.0,2,0,1,0,0,0,0,0,0.9990590291519165,999059.0291519165
Y2020_LAT23.68267_LON90.40642,2020,90.4064222271138,23.68266884167841,0.8174006838924104,0.1790993264079301,0.003499989699659471,0.0,0.0,0.0,1,1,0,0,0,0,0,0,0.9990721083145142,999072.1083145142
Y2020_LAT23.68283_LON90.41622,2020,90.41622004843472,23.682832710833175,0.9990000052250942,0.000999994774905735,0.0,0.0,0.0,0.0,1,1,0,0,0,0,0,0,0.9990851382217407,999085.1382217407
Y2020_LAT23.683_LON90.42602,2020,90.42601795782869,23.682995961220236,0.7724991852635295,0.0002999988884040576,0.0,0.22720081584806653,0.0,0.0,1,1,0,0,0,0,0,0,0.9990981182785034,999098.1182785034
Y2020_LAT23.68316_LON90.43582,2020,90.43581595517679,23.683158592791173,0.617800749767424,0.0,0.0,0.38219925023257595,0.0,0.0,1,1,0,0,0,0,0,0,0.9991110503997803,999111.0503997803
Y2020_LAT23.68332_LON90.44561,2020,90.44561403991838,23.683320605739755,0.9786998814555036,0.0,0.0,0.0213001185444964,0.0,0.0,1,1,0,0,0,0,0,0,0.9991239315795899,999123.9315795898
Y2020_LAT23.68348_LON90.45541,2020,90.45541221193358,23.683481999713646,0.7369758588209275,0.037299755570791654,0.0,0.22572438560828084,0.0,0.0,1,1,0,0,0,0,0,0,0.9857482493362427,985748.2493362427
Y2020_LAT23.68364_LON90.46521,2020,90.46521047076008,23.683642774852633,0.9248838772649668,0.0,0.0,0.07511612273503325,0.0,0.0,1,1,0,0,0,0,0,0,0.32322485633850095,323224.856338501
Y2020_LAT23.6838_LON90.47501,2020,90.47500881598002,23.683802931209467,1.0,0.0,0.0,0.0,0.0,0.0,1,1,0,0,0,0,0,0,0.07343803986358642,73438.03986358643
Y2020_LAT23.685_LON90.03397,2020,90.03396981755542,23.68500405169941,0.12288563959245496,0.0,0.8507462018222981,0.026368158585246906,0.0,0.0,3,0,0,1,0,0,0,0,0.20070771918487548,200707.7191848755
Y2020_LAT23.68519_LON90.04376,2020,90.04376471264946,23.685191496040034,0.39001710433108133,0.011852178697789699,0.4935705466220084,0.10456017034912057,0.0,0.0,3,0,0,1,0,0,0,1,0.9941618983840942,994161.8983840942
Y2020_LAT23.68538_LON90.05356,2020,90.05355970859381,23.685378322299123,0.44349952638695184,0.031900088652197116,0.48730028792441715,0.03730009703643394,0.0,0.0,3,0,0,1,0,0,0,1,0.9985703583221436,998570.3583221436
Y2020_LAT23.68556_LON90.06335,2020,90.06335480496062,23.685564530452844,0.723900227927878,0.1565001689527303,0.1023996402330866,0.017199962886305077,0.0,0.0,1,1,0,0,0,0,0,0,0.9985851521530151,998585.1521530151
Y2020_LAT23.68575_LON90.07315,2020,90.07315000156721,23.685750120436253,0.6444998536587399,0.23599992266754474,0.02970003174002941,0.08980019193368599,0.0,0.0,1,1,0,0,0,0,0,0,0.9985999004211426,998599.9004211426
Y2020_LAT23.68594_LON90.08295,2020,90.08294529795054,23.685935092191453,0.642200346927628,0.047799909466857395,0.21379984647379452,0.09619989713172018,0.0,0.0,1,1,0,0,0,0,0,0,0.9986145989837647,998614.5989837646
Y2020_LAT23.68612_LON90.09274,2020,90.09274069395413,23.686119445769236,0.6927002445264856,0.23479985054464841,0.009799959682630052,0.06269994524623594,0.0,0.0,1,1,0,0,0,0,0,0,0.9986292471084595,998629.2471084595
Y2020_LAT23.6863_LON90.10254,2020,90.10253618903371,23.686303181147174,0.584899972008073,0.18369985315619963,0.18410032539551086,0.04729984944021658,0.0,0.0,1,1,0,0,0,0,0,0,0.9986438482513428,998643.8482513428
Y2020_LAT23.68649_LON90.11233,2020,90.1123317830009,23.686486298260636,0.9624999385192974,0.033500088823629766,0.003999972657072825,0.0,0.0,0.0,1,1,0,0,0,0,0,0,0.9986583997421264,998658.3997421265
Y2020_LAT23.68667_LON90.12213,2020,90.12212747545509,23.686668797078124,0.7372995082569828,0.07779986817419644,0.1501006109217207,0.03480001264710013,0.0,0.0,1,1,0,0,0,0,0,0,0.9986729000396729,998672.9000396729
Y2020_LAT23.68685_LON90.13192,2020,90.1319232660632,23.686850677571027,0.42670036467799344,0.0019999982753392807,0.5712996370466673,0.0,0.0,0.0,3,0,0,1,0,0,0,0,0.9986873541183472,998687.3541183472
Y2020_LAT23.68703_LON90.14172,2020,90.14171915461574,23.68703193971143,0.17529975913912,0.005500020677738883,0.8179002180961086,0.0013000020870325944,0.0,0.0,3,0,0,1,0,0,0,0,0.9987017575988769,998701.757598877
Y2020_LAT23.68721_LON90.15152,2020,90.15151514060925,23.687212583529078,0.015999955053438694,9.999968809747706e-05,0.914000137506499,0.06989990775196492,0.0,0.0,3,0,0,1,0,0,0,0,0.9987161124572754,998716.1124572754
Y2020_LAT23.68739_LON90.16131,2020,90.16131122379636,23.68739260891942,0.2069004415753119,0.2514007459486392,0.5363988220906618,0.005299990385387148,0.0,0.0,3,0,0,1,0,0,0,0,0.9987304178009033,998730.4178009033
Y2020_LAT23.68757_LON90.17111,2020,90.17110740382451,23.68757201592602,0.30840046334817756,0.1808997918177997,0.5106997448340227,0.0,0.0,0.0,3,0,0,1,0,0,0,0,0.9987446755599976,998744.6755599976
Y2020_LAT23.68775_LON90.1809,2020,90.18090368039647,23.68775080454604,0.2988990861617082,0.0021999983905409263,0.6961009169169877,0.002799998530763176,0.0,0.0,3,0,0,1,0,0,0,0,0.9987588837127686,998758.8837127686
Y2020_LAT23.68793_LON90.1907,2020,90.19070005308562,23.687928974645676,0.2597997607145794,0.05929981453930231,0.6401005177078714,0.04079990703824693,0.0,0.0,3,0,0,1,0,0,0,0,0.9987730416564942,998773.0416564941
Y2020_LAT23.68811_LON90.2005,2020,90.20049652177411,23.68810652627268,0.17930061986554643,0.02800001106032002,0.7926993690741335,0.0,0.0,0.0,3,0,0,1,0,0,0,0,0.9987871505355835,998787.1505355835
Y2020_LAT23.68828_LON90.21029,2020,90.21029308576458,23.688283459428458,0.11839937585775466,0.0,0.8816006241422454,0.0,0.0,0.0,3,0,0,1,0,0,0,0,0.9988012114410401,998801.21144104
Y2020_LAT23.68846_LON90.22009,2020,90.22008974511502,23.688459774039266,0.08930043315518922,0.0,0.8966994791465627,0.014000087698248146,0.0,0.0,3,0,0,1,0,0,0,0,0.9988152208786011,998815.2208786011
Y2020_LAT23.68864_LON90.22989,2020,90.22988649921624,23.688635470068228,0.38330014722549355,0.036800100189508,0.5767997736177302,0.003099978967268324,0.0,0.0,3,0,0,1,0,0,0,0,0.9988291846847535,998829.1846847534
Y2020_LAT23.68881_LON90.23968,2020,90.23968334787638,23.68881054755855,0.15759991612678897,0.1034000146616169,0.7390000692115941,0.0,0.0,0.0,3,0,0,1,0,0,0,0,0.9988430983505249,998843.0983505249
Y2020_LAT23.68899_LON90.24948,2020,90.24948029079363,23.68898500645863,0.038799821079960266,0.0,0.9481001129762033,0.01310006594383639,0.0,0.0,3,0,0,1,0,0,0,0,0.9988569620666504,998856.9620666504
Y2020_LAT23.68916_LON90.25928,2020,90.25927732741697,23.689158846767523,0.025400131076016956,0.0,0.9677999076447827,0.0067999612792003965,0.0,0.0,3,0,0,1,0,0,0,0,0.9988707772216797,998870.7772216797
Y2020_LAT23.68933_LON90.26907,2020,90.26907445768036,23.689332068339798,0.3275000582503815,0.04160004800839745,0.31599874824724894,0.31490114549397213,0.0,0.0,1,1,0,0,0,0,0,1,0.9988845439071655,998884.5439071655
Y2020_LAT23.6895_LON90.27887,2020,90.27887168106732,23.689504671222522,0.307999635417875,0.1944997713802961,0.4562008316040849,0.04129976159774396,0.0,0.0,3,0,0,1,0,0,0,1,0.9988982604598999,998898.2604598999
Y2020_LAT23.68968_LON90.28867,2020,90.2886689973465,23.689676655411855,0.7328008821159574,0.060000173263932456,0.2071989446201101,0.0,0.0,0.0,1,1,0,0,0,0,0,0,0.998911928642273,998911.928642273
Y2020_LAT23.68985_LON90.29847,2020,90.29846640613323,23.68984802094192,0.9804001016945474,0.014999920574489201,0.0,0.004599977730963407,0.0,0.0,1,1,0,0,0,0,0,0,0.9989255469131469,998925.546913147
Y2020_LAT23.69002_LON90.30826,2020,90.30826390710382,23.690018767769185,0.9875999243692887,0.0,0.012400075630711367,0.0,0.0,0.0,1,1,0,0,0,0,0,0,0.9989391175842285,998939.1175842285
Y2020_LAT23.69019_LON90.31806,2020,90.31806149997833,23.690188895715618,0.3005995942570956,0.0010000053992096191,0.6984004003436948,0.0,0.0,0.0,3,0,0,1,0,0,0,0,0.9989526371459961,998952.6371459961
Y2020_LAT23.69036_LON90.32786,2020,90.3278591842765,23.69035840490154,0.325800083476337,0.003499993561584494,0.6705999235850685,9.999937701016223e-05,0.0,0.0,3,0,0,1,0,0,0,0,0.9989661081008911,998966.1081008911
Y2020_LAT23.69053_LON90.33766,2020,90.33765695983121,23.690527295348776,0.19580012107133238,0.00019999986992494072,0.8039998790587427,0.0,0.0,0.0,3,0,0,1,0,0,0,0,0.9989795315475464,998979.5315475464
Y2020_LAT23.6907_LON90.34745,2020,90.34745482628604,23.690695566908847,0.12939962432792929,0.0,0.8706003756720707,0.0,0.0,0.0,3,0,0,1,0,0,0,0,0.9989929008483887,998992.9008483887
Y2020_LAT23.69086_LON90.35725,2020,90.35725278310356,23.69086321961578,0.26680080725068755,0.0,0.7324991899242447,0.0007000028250677558,0.0,0.0,3,0,0,1,0,0,0,0,0.9990062286453247,999006.2286453247
Y2020_LAT23.69103_LON90.36705,2020,90.36705083031248,23.691030253398875,0.8484999459329264,0.015200009572532817,0.13630004449454078,0.0,0.0,0.0,1,1,0,0,0,0,0,0,0.999019502609253,999019.5026092529
Y2020_LAT23.6912_LON90.37685,2020,90.37684896726971,23.69119666831015,0.8242001804576341,0.006300012943323387,0.06779988929895689,0.10169991730008562,0.0,0.0,1,1,0,0,0,0,0,0,0.9990327285690308,999032.7285690308
Y2020_LAT23.69136_LON90.38665,2020,90.38664719377365,23.691362464299498,1.0,0.0,0.0,0.0,0.0,0.0,1,1,0,0,0,0,0,0,0.9990459057922363,999045.9057922363
Y2020_LAT23.69153_LON90.39645,2020,90.39644550944865,23.691527641360246,1.0,0.0,0.0,0.0,0.0,0.0,1,1,0,0,0,0,0,0,0.9990590336990356,999059.0336990356
Y2020_LAT23.69169_LON90.40624,2020,90.40624391405873,23.6916921993956,1.0,0.0,0.0,0.0,0.0,0.0,1,1,0,0,0,0,0,0,0.9990721120147705,999072.1120147705
Y2020_LAT23.69186_LON90.41604,2020,90.41604240706675,23.691856138496544,0.8021991756847957,0.0,0.0,0.19780082431520432,0.0,0.0,1,1,0,0,0,0,0,0,0.9990851405639648,999085.1405639648
Y2020_LAT23.69202_LON90.42584,2020,90.42584098837877,23.692019458559063,0.6712009080076767,0.025299976183651297,0.0,0.303499115808672,0.0,0.0,1,1,0,0,0,0,0,0,0.9990981207809448,999098.1207809448
Y2020_LAT23.69218_LON90.43564,2020,90.43563965751353,23.69218215954913,1.0,0.0,0.0,0.0,0.0,0.0,1,1,0,0,0,0,0,0,0.9991110517501831,999111.0517501831
Y2020_LAT23.69234_LON90.44544,2020,90.44543841412684,23.69234424145357,1.0,0.0,0.0,0.0,0.0,0.0,1,1,0,0,0,0,0,0,0.9991239349365234,999123.9349365234
Y2020_LAT23.69251_LON90.45524,2020,90.45523725805928,23.692505704334405,1.0,0.0,0.0,0.0,0.0,0.0,1,1,0,0,0,0,0,0,0.9991367661590577,999136.7661590576
Y2020_LAT23.69267_LON90.46504,2020,90.46503618870872,23.692666548114357,0.8790000472805813,0.01289998971322887,0.0,0.10809996300618975,0.0,0.0,1,1,0,0,0,0,0,0,0.9991495520782471,999149.5520782471
Y2020_LAT23.69283_LON90.47484,2020,90.47483520593858,23.692826772691703,1.0,0.0,0.0,0.0,0.0,0.0,1,1,0,0,0,0,0,0,0.7905364627914429,790536.4627914429
Y2020_LAT23.69299_LON90.48463,2020,90.4846343094755,23.692986378148444,0.7640769577217077,0.15125383553201271,0.0,0.08466920674627965,0.0,0.0,1,1,0,0,0,0,0,0,0.2430989380722046,243098.9380722046
Y2020_LAT23.69315_LON90.49443,2020,90.49443349863819,23.693145364514095,0.0,0.0,0.0,0.0,0.0,0.0,1,1,0,0,0,0,0,1,0.0,0.0
Y2020_LAT23.69402_LON90.03377,2020,90.03376589628226,23.694024545346963,0.0,0.0,1.0,0.0,0.0,0.0,3,0,0,1,0,0,0,0,0.07948433137512206,79484.33137512207
Y2020_LAT23.69421_LON90.04356,2020,90.04356146241442,23.694212069655585,0.1140284825145109,0.00889981367869918,0.8568246246214639,0.020247079185326002,0.0,0.0,3,0,0,1,0,0,0,0,0.8976020648345947,897602.0648345947
Y2020_LAT23.6944_LON90.05336,2020,90.05335712937642,23.69439897558522,0.36809933726764854,0.02349999985169762,0.6075006613755014,0.0009000015051524646,0.0,0.0,3,0,0,1,0,0,0,0,0.998570361656189,998570.361656189
Y2020_LAT23.69459_LON90.06315,2020,90.06315289686664,23.69458526312828,0.25940064215375513,0.12340036059395373,0.6168989956634029,0.0003000015888881976,0.0,0.0,3,0,0,1,0,0,0,0,0.998585155128479,998585.155128479
Y2020_LAT23.69477_LON90.07295,2020,90.07294876450825,23.694770932261218,0.46870081734714764,0.19140010345574884,0.26929903680723605,0.07060004238986746,0.0,0.0,1,1,0,0,0,0,0,1,0.9985999040527344,998599.9040527344
Y2020_LAT23.69496_LON90.08274,2020,90.08274473212296,23.694955982996586,0.5590988943155593,0.00849999116949079,0.40580120114534646,0.0265999133696035,0.0,0.0,1,1,0,0,0,0,0,0,0.998614603225708,998614.603225708
Y2020_LAT23.69514_LON90.09254,2020,90.09254079918136,23.69514041515422,0.40760063418136144,0.00040000200746670027,0.5617994227257685,0.029899939602722997,0.0003000014826804246,0.0,3,0,0,1,0,0,0,0,0.9986292502975463,998629.2502975464
Y2020_LAT23.69532_LON90.10234,2020,90.10233696561099,23.695324228837872,0.6956993142730168,0.08700026961864911,0.2055004190065365,0.011099993562811045,0.0007000035389867111,0.0,1,1,0,0,0,0,0,0,0.9986438507843017,998643.8507843018
Y2020_LAT23.69551_LON90.11213,2020,90.1121332307547,23.695507423993153,0.998400007300957,0.0005000005570560913,0.0010999921419868556,0.0,0.0,0.0,1,1,0,0,0,0,0,0,0.9986584027633667,998658.4027633667
Y2020_LAT23.69569_LON90.12193,2020,90.12192959448173,23.695690000641797,0.7760991650103753,0.024099968769179157,0.19970086686587685,9.99993545687131e-05,0.0,0.0,1,1,0,0,0,0,0,0,0.9986729038772583,998672.9038772583
Y2020_LAT23.69587_LON90.13173,2020,90.1317260564157,23.69587195872346,0.006399956033596399,0.0,0.9936000439664036,0.0,0.0,0.0,3,0,0,1,0,0,0,0,0.9986873569488526,998687.3569488525
Y2020_LAT23.69605_LON90.14152,2020,90.14152261628611,23.69605329816605,0.3379006302905667,0.019100039687601142,0.6275992909277238,0.015400039094108326,0.0,0.0,3,0,0,1,0,0,0,0,0.9987017601852417,998701.7601852417
Y2020_LAT23.69623_LON90.15132,2020,90.1513192735837,23.696234018970106,0.12480026111566206,0.0010000010786095407,0.8695997316676874,0.004600006138041054,0.0,0.0,3,0,0,1,0,0,0,0,0.9987161163787842,998716.1163787842
Y2020_LAT23.69641_LON90.16112,2020,90.1611160282094,23.696414121172545,0.5052002043293523,0.26510049453961965,0.21329928479508456,0.016400016335943617,0.0,0.0,1,1,0,0,0,0,0,0,0.9987304220123291,998730.4220123291
Y2020_LAT23.69659_LON90.17091,2020,90.17091287966808,23.69659360474074,0.32989989070127995,0.34439952587467204,0.325700583424048,0.0,0.0,0.0,2,0,1,0,0,0,0,1,0.9987446786422729,998744.678642273
Y2020_LAT23.69677_LON90.18071,2020,90.18070982763672,23.6967724695766,0.34769982886041334,0.1442001391538445,0.5081000319857422,0.0,0.0,0.0,3,0,0,1,0,0,0,0,0.9987588852005005,998758.8852005005
Y2020_LAT23.69695_LON90.19051,2020,90.19050687186817,23.696950715691802,0.5080999849535197,0.0763000861724908,0.41499993070969976,0.0005999981642897189,0.0,0.0,1,1,0,0,0,0,0,0,0.9987730447769165,998773.0447769165
Y2020_LAT23.69713_LON90.2003,2020,90.20030401191951,23.69712834307055,0.6354004926879143,0.14669968802539932,0.2178998192866865,0.0,0.0,0.0,1,1,0,0,0,0,0,0,0.9987871536712647,998787.1536712646
Y2020_LAT23.69731_LON90.2101,2020,90.21010124757622,23.69730535159487,0.13520004924766044,0.006400039538047049,0.8583999112142925,0.0,0.0,0.0,3,0,0,1,0,0,0,0,0.998801214553833,998801.214553833
Y2020_LAT23.69748_LON90.2199,2020,90.21989857844044,23.69748174142072,0.45360011621205004,0.03580007879740972,0.4759996221160142,0.03460018287452599,0.0,0.0,3,0,0,1,0,0,0,1,0.998815227722168,998815.227722168
Y2020_LAT23.69766_LON90.2297,2020,90.22969600417127,23.697657512448863,0.29220029476732334,0.16840049781141125,0.3766993478394537,0.1626998595818117,0.0,0.0,3,0,0,1,0,0,0,1,0.9988291876449585,998829.1876449585
Y2020_LAT23.69783_LON90.23949,2020,90.23949352444232,23.69783266458546,0.26909984128556763,0.14180011460113504,0.5891000441132973,0.0,0.0,0.0,3,0,0,1,0,0,0,0,0.9988431016616821,998843.1016616821
Y2020_LAT23.69801_LON90.24929,2020,90.2492911389818,23.698007197814498,0.18739960497590774,0.07309962573068202,0.7395007692934102,0.0,0.0,0.0,3,0,0,1,0,0,0,0,0.9988569657974243,998856.9657974243
Y2020_LAT23.69818_LON90.25909,2020,90.25908884729992,23.698181112186607,0.47140041426423235,0.04209994748712554,0.4864996382486421,0.0,0.0,0.0,3,0,0,1,0,0,0,1,0.9988707804183959,998870.780418396
Y2020_LAT23.69835_LON90.26889,2020,90.26888664922271,23.698354407670063,0.28559966558919886,0.35830055305755454,0.24279939542853265,0.11330038592471409,0.0,0.0,2,0,1,0,0,0,0,1,0.9988845443725586,998884.5443725586
Y2020_LAT23.69853_LON90.27868,2020,90.27868454438945,23.69852708423566,0.5683012304954371,0.14509979226366773,0.003500014885097577,0.28309896235579757,0.0,0.0,1,1,0,0,0,0,0,0,0.9988982633972168,998898.2633972168
Y2020_LAT23.6987_LON90.28848,2020,90.28848253235476,23.698699141812764,0.8702998111920425,0.07730000053843758,0.001199993435249065,0.051200194834271004,0.0,0.0,1,1,0,0,0,0,0,0,0.9989119308395386,998911.9308395386
Y2020_LAT23.69887_LON90.29828,2020,90.29828061303134,23.698870580411132,0.8039999539462145,0.015599987888014718,0.18040005816577076,0.0,0.0,0.0,1,1,0,0,0,0,0,0,0.9989255498428344,998925.5498428345
Y2020_LAT23.69904_LON90.30808,2020,90.30807878574694,23.699041399940448,0.7109991837940307,0.07539996004920331,0.21320085798461463,0.0003999981721514479,0.0,0.0,1,1,0,0,0,0,0,0,0.9989391198272705,998939.1198272705
Y2020_LAT23.69921_LON90.31788,2020,90.3178770504813,23.699211600501837,0.178400260911843,0.006900030545772649,0.8146997085423844,0.0,0.0,0.0,3,0,0,1,0,0,0,0,0.9989526394805908,998952.6394805908
Y2020_LAT23.69938_LON90.32768,2020,90.32767540665867,23.699381182078024,0.4248005370502454,0.00030000197169641305,0.5748994609780582,0.0,0.0,0.0,3,0,0,1,0,0,0,0,0.9989661110687256,998966.1110687256
Y2020_LAT23.69955_LON90.33747,2020,90.33747385414618,23.699550144458456,0.39810013945635314,0.012799989064597627,0.5524999021252732,0.036599969353776005,0.0,0.0,3,0,0,1,0,0,0,0,0.9989795338287354,998979.5338287354
Y2020_LAT23.69972_LON90.34727,2020,90.34727239253493,23.69971848774044,0.7624997610829342,0.0008000013822880972,0.23440024816758073,0.002299989367196987,0.0,0.0,1,1,0,0,0,0,0,0,0.9989929008789062,998992.9008789062
Y2020_LAT23.69989_LON90.35707,2020,90.35707102131262,23.699886211934867,0.629100041396509,0.0,0.35459992798604134,0.016300030617449824,0.0,0.0,1,1,0,0,0,0,0,0,0.9990062315292358,999006.2315292358
Y2020_LAT23.70005_LON90.36687,2020,90.36686974043921,23.70005331705588,0.9971000041500216,0.0,0.0,0.0028999958499783206,0.0,0.0,1,1,0,0,0,0,0,0,0.9990195055160522,999019.5055160522
Y2020_LAT23.70022_LON90.37667,2020,90.37666854943967,23.70021980290226,0.9970999991358287,0.0,0.0012999999718408962,0.001600000892330408,0.0,0.0,1,1,0,0,0,0,0,0,0.9990327317886353,999032.7317886353
Y2020_LAT23.70039_LON90.38647,2020,90.3864674479825,23.700385669579653,1.0,0.0,0.0,0.0,0.0,0.0,1,1,0,0,0,0,0,0,0.9990459079666137,999045.9079666138
Y2020_LAT23.70055_LON90.39627,2020,90.3962664357762,23.70055091706898,1.0,0.0,0.0,0.0,0.0,0.0,1,1,0,0,0,0,0,0,0.9990590367736817,999059.0367736816
Y2020_LAT23.70072_LON90.40607,2020,90.40606551240806,23.700715545358978,0.8809995264241244,0.0,0.0,0.11900047357587566,0.0,0.0,1,1,0,0,0,0,0,0,0.9990721150283813,999072.1150283813
Y2020_LAT23.70088_LON90.41586,2020,90.41586467757924,23.700879554301107,0.7018004381245533,0.0,0.0,0.2981995618754467,0.0,0.0,1,1,0,0,0,0,0,0,0.9990851430892944,999085.1430892944
Y2020_LAT23.70104_LON90.42566,2020,90.4256639310151,23.701042944001834,0.9887999481762351,0.011200051823764934,0.0,0.0,0.0,0.0,1,1,0,0,0,0,0,0,0.9990981248321533,999098.1248321533
Y2020_LAT23.70121_LON90.43546,2020,90.43546327232818,23.701205714455323,0.9619999270139922,0.003600011215563888,0.0,0.034400061770443954,0.0,0.0,1,1,0,0,0,0,0,0,0.9991110552902221,999111.0552902222
Y2020_LAT23.70137_LON90.44526,2020,90.44526270110596,23.70136786549647,1.0,0.0,0.0,0.0,0.0,0.0,1,1,0,0,0,0,0,0,0.9991239372406006,999123.9372406006
Y2020_LAT23.70153_LON90.45506,2020,90.45506221733368,23.701529397245388,1.0,0.0,0.0,0.0,0.0,0.0,1,1,0,0,0,0,0,0,0.9991367690353393,999136.7690353394
Y2020_LAT23.70169_LON90.46486,2020,90.46486182016598,23.701690309568644,1.0,0.0,0.0,0.0,0.0,0.0,1,1,0,0,0,0,0,0,0.9991495536346435,999149.5536346436
Y2020_LAT23.70185_LON90.47466,2020,90.47466150976898,23.70185060251837,0.9812000494038744,0.0,0.0,0.01879995059612557,0.0,0.0,1,1,0,0,0,0,0,0,0.9991622795104981,999162.279510498
Y2020_LAT23.70201_LON90.48446,2020,90.48446128547123,23.70201027610431,0.8985001383949145,0.0352999908824352,0.0,0.06609987080828847,9.999991436187193e-05,0.0,1,1,0,0,0,0,0,0,0.9991749737167358,999174.9737167358
Y2020_LAT23.70217_LON90.49426,2020,90.49426114708672,23.70216933015094,1.0,0.0,0.0,0.0,0.0,0.0,1,1,0,0,0,0,0,0,0.571035258972168,571035.258972168
Y2020_LAT23.70233_LON90.50406,2020,90.50406109430696,23.70232776480464,0.9886039566056573,0.0,0.0,0.011396043394342767,0.0,0.0,1,1,0,0,0,0,0,0,0.1402871014251709,140287.1014251709
Y2020_LAT23.70305_LON90.03356,2020,90.03356187373501,23.70304502682764,0.0,0.0,1.0,0.0,0.0,0.0,3,0,0,1,0,0,0,0,0.01607660913848877,16076.60913848877
Y2020_LAT23.70323_LON90.04336,2020,90.04335811127598,23.70323263107383,0.01818183662567849,0.0029370740057629006,0.9788810893685586,0.0,0.0,0.0,3,0,0,1,0,0,0,0,0.7139684827041626,713968.4827041626
Y2020_LAT23.70342_LON90.05315,2020,90.05315444962596,23.703419616738838,0.33760035628389223,0.006899971155567023,0.6346997401342583,0.020799932426282402,0.0,0.0,3,0,0,1,0,0,0,0,0.9985703645706177,998570.3645706177
Y2020_LAT23.70361_LON90.06295,2020,90.06295088851031,23.703605983712084,0.4406000577799229,0.17290018699951795,0.3169996291515551,0.06950012606900402,0.0,0.0,1,1,0,0,0,0,0,1,0.998585159111023,998585.159111023
Y2020_LAT23.70379_LON90.07275,2020,90.0727474277177,23.703791731950638,0.5496999654943601,0.026499918187647797,0.3871999536168831,0.03660016270110904,0.0,0.0,1,1,0,0,0,0,0,0,0.9985999071502686,998599.9071502686
Y2020_LAT23.70398_LON90.08254,2020,90.08254406670223,23.703976861512988,0.1129996904158535,0.0,0.8654003325518361,0.021599977032310345,0.0,0.0,3,0,0,1,0,0,0,0,0.9986146062393189,998614.6062393188
Y2020_LAT23.70416_LON90.09234,2020,90.09234080534179,23.704161372369022,0.0014000090459385052,0.0,0.9382998320101613,0.06030015894390021,0.0,0.0,3,0,0,1,0,0,0,0,0.998629253692627,998629.253692627
Y2020_LAT23.70435_LON90.10214,2020,90.10213764325344,23.70434526445813,0.43180163654822185,0.029000086413339215,0.487598535130426,0.05159974190801295,0.0,0.0,3,0,0,1,0,0,0,1,0.9986438551254272,998643.8551254272
Y2020_LAT23.70453_LON90.11193,2020,90.11193457991276,23.70452853774023,0.9992999989780433,0.0007000010219566831,0.0,0.0,0.0,0.0,1,1,0,0,0,0,0,0,0.998658406173706,998658.406173706
Y2020_LAT23.70471_LON90.12173,2020,90.12173161533806,23.704711192214116,0.4459983516945501,0.018499969855583494,0.5355016784498664,0.0,0.0,0.0,3,0,0,1,0,0,0,0,0.998672907585144,998672.907585144
Y2020_LAT23.70489_LON90.13153,2020,90.13152874889356,23.704893227843872,0.05430016880634659,0.020400085051861472,0.9233997436490035,0.0019000024927885795,0.0,0.0,3,0,0,1,0,0,0,0,0.9986873614425659,998687.3614425659
Y2020_LAT23.70507_LON90.14133,2020,90.14132598032158,23.70507464463464,0.376100668157888,0.030800086829708542,0.46229936422029155,0.1307998807921119,0.0,0.0,3,0,0,1,0,0,0,1,0.9987017633590698,998701.7633590698
Y2020_LAT23.70526_LON90.15112,2020,90.15112330946769,23.70525544248744,0.5889004191573314,0.0810000526168702,0.20899927375796043,0.12110025446783797,0.0,0.0,1,1,0,0,0,0,0,0,0.9987161192016601,998716.1192016602
Y2020_LAT23.70544_LON90.16092,2020,90.16092073565879,23.705435621509512,0.7774995714303093,0.15180034061387426,0.040700065570523955,0.03000002238529238,0.0,0.0,1,1,0,0,0,0,0,0,0.998730424407959,998730.424407959
Y2020_LAT23.70562_LON90.17072,2020,90.17071825891546,23.705615181505287,0.39889958071708576,0.0900997646936035,0.5084006683080733,0.0025999862812374607,0.0,0.0,3,0,0,1,0,0,0,0,0.9987446825714111,998744.6825714111
Y2020_LAT23.70579_LON90.18052,2020,90.1805158787244,23.705794122595467,0.4389002264335854,0.15870064748395477,0.40119911806070585,0.0012000080217539951,0.0,0.0,1,1,0,0,0,0,0,1,0.9987588874664307,998758.8874664307
Y2020_LAT23.70597_LON90.19031,2020,90.19031359471515,23.70597244471462,0.34169917719948745,0.21059983016560957,0.447700992634903,0.0,0.0,0.0,3,0,0,1,0,0,0,1,0.9987730472640991,998773.0472640991
Y2020_LAT23.70615_LON90.20011,2020,90.20011140659537,23.70615014776379,0.34190019569724533,0.04569984684853939,0.6123999574542153,0.0,0.0,0.0,3,0,0,1,0,0,0,0,0.9987871572418213,998787.1572418213
Y2020_LAT23.70633_LON90.20991,2020,90.20990931418312,23.706327231841282,0.4989010142121931,0.027799943051094036,0.45399892029621536,0.019300122440497513,0.0,0.0,1,1,0,0,0,0,0,1,0.9988012172393799,998801.2172393799
Y2020_LAT23.7065_LON90.21971,2020,90.21970731686676,23.706503696837245,0.37997560169993355,0.24840331114721914,0.07567554053568706,0.29594554661716027,0.0,0.0,1,1,0,0,0,0,0,1,0.8130350692443847,813035.0692443848
Y2020_LAT23.70668_LON90.22951,2020,90.2295054145378,23.706679542718494,0.4017433649088625,0.3425772643160315,0.20390944598106653,0.05176992479403958,0.0,0.0,1,1,0,0,0,0,0,1,0.7563140974197388,756314.0974197388
Y2020_LAT23.70685_LON90.2393,2020,90.2393036067637,23.70685476956079,0.6091449228904857,0.0734291692534557,0.12584992718556046,0.19157598067049816,0.0,0.0,1,1,0,0,0,0,0,0,0.9984435694503784,998443.5694503784
Y2020_LAT23.70703_LON90.2491,2020,90.24910189328038,23.70702937723754,0.44269903729475973,0.45100106723620403,0.10629989546903634,0.0,0.0,0.0,2,0,1,0,0,0,0,1,0.9988569683761597,998856.9683761597
Y2020_LAT23.7072_LON90.2589,2020,90.25890027363418,23.707203365788224,0.4559002320064526,0.28589961283773385,0.2581001547596967,0.00010000039611685719,0.0,0.0,1,1,0,0,0,0,0,1,0.9988707839050293,998870.7839050293
Y2020_LAT23.70738_LON90.2687,2020,90.26869874760163,23.70737673517037,0.30559973159570053,0.5653002604959488,0.12910000790835066,0.0,0.0,0.0,2,0,1,0,0,0,0,0,0.9988845475692749,998884.5475692749
Y2020_LAT23.70755_LON90.2785,2020,90.27849731481605,23.707549485322676,0.40860077802764344,0.2897990184325885,0.025299904959595058,0.27630029858017296,0.0,0.0,1,1,0,0,0,0,0,1,0.9988982654953003,998898.2654953003
Y2020_LAT23.70772_LON90.2883,2020,90.28829597489661,23.707721616278636,0.6250986877439705,0.0006999988276176505,0.37420131342841184,0.0,0.0,0.0,1,1,0,0,0,0,0,0,0.9989119338912964,998911.9338912964
Y2020_LAT23.70789_LON90.29809,2020,90.29809472761363,23.707893127929356,0.5954998779097789,0.019799954825029074,0.384700167265192,0.0,0.0,0.0,1,1,0,0,0,0,0,0,0.9989255526809693,998925.5526809692
Y2020_LAT23.70806_LON90.30789,2020,90.3078935725446,23.708064020351678,0.08030006948458426,0.00430001323609923,0.9153999172793165,0.0,0.0,0.0,3,0,0,1,0,0,0,0,0.9989391219711303,998939.1219711304
Y2020_LAT23.70823_LON90.31769,2020,90.3176925094649,23.70823429348737,0.22370091423118257,0.0068000385160694315,0.7655990221210573,0.003900025131690648,0.0,0.0,3,0,0,1,0,0,0,0,0.9989526433486938,998952.6433486938
Y2020_LAT23.7084_LON90.32749,2020,90.327491537878,23.70840394726484,0.187299420535224,0.0,0.8094006008670442,0.003299978597731804,0.0,0.0,3,0,0,1,0,0,0,0,0.99896611378479,998966.11378479
Y2020_LAT23.70857_LON90.33729,2020,90.33729065754324,23.70857298171479,0.738200651307901,0.0,0.2615993488841436,0.0001999998079552703,0.0,0.0,1,1,0,0,0,0,0,0,0.9989795359039306,998979.5359039307
Y2020_LAT23.70874_LON90.34709,2020,90.34708986814353,23.708741396866237,0.9955000283674892,0.0,0.0044999716325107575,0.0,0.0,0.0,1,1,0,0,0,0,0,0,0.9989929087982178,998992.9087982178
Y2020_LAT23.70891_LON90.35689,2020,90.35688916927478,23.708909192524068,0.9197995789403086,0.0,0.0,0.08020042105969138,0.0,0.0,1,1,0,0,0,0,0,0,0.9990062343292236,999006.2343292236
Y2020_LAT23.70908_LON90.36669,2020,90.36668856077274,23.709076368808944,0.6889001662568902,0.0,0.0,0.31109983374310973,0.0,0.0,1,1,0,0,0,0,0,0,0.9990195076446533,999019.5076446533
Y2020_LAT23.70924_LON90.37649,2020,90.37648804206883,23.709242925688336,0.7505999553638425,0.0,0.0,0.2494000446361575,0.0,0.0,1,1,0,0,0,0,0,0,0.9990327344436646,999032.7344436646
Y2020_LAT23.70941_LON90.38629,2020,90.38628761296698,23.70940886311279,0.6520999340040353,0.0,0.0,0.3479000659959647,0.0,0.0,1,1,0,0,0,0,0,0,0.9990459114074707,999045.9114074707
Y2020_LAT23.70957_LON90.39609,2020,90.39608727315374,23.709574181013647,0.7923000577282786,0.0,0.0,0.20769994227172134,0.0,0.0,1,1,0,0,0,0,0,0,0.9990590388717652,999059.0388717651
Y2020_LAT23.70974_LON90.40589,2020,90.40588702222212,23.709738879499763,0.846100335094255,0.0,0.0,0.15389966490574503,0.0,0.0,1,1,0,0,0,0,0,0,0.9990721169891358,999072.1169891357
Y2020_LAT23.7099_LON90.41569,2020,90.41568685985507,23.709902958407614,1.0,0.0,0.0,0.0,0.0,0.0,1,1,0,0,0,0,0,0,0.9990851458663941,999085.145866394
Y2020_LAT23.71007_LON90.42549,2020,90.42548678580424,23.71006641772951,1.0,0.0,0.0,0.0,0.0,0.0,1,1,0,0,0,0,0,0,0.9990981264877319,999098.1264877319
Y2020_LAT23.71023_LON90.43529,2020,90.43528679955372,23.710229257551543,0.999399998836739,0.0,0.0,0.0006000011632609405,0.0,0.0,1,1,0,0,0,0,0,0,0.9991110568313598,999111.0568313599
Y2020_LAT23.71039_LON90.44509,2020,90.44508690096535,23.71039147781732,0.9989000015380929,0.0,0.0,0.001099998461907086,0.0,0.0,1,1,0,0,0,0,0,0,0.9991239403762817,999123.9403762817
Y2020_LAT23.71055_LON90.45489,2020,90.45488708964757,23.71055307837448,0.9943000126859287,0.0,0.0,0.005699987314071275,0.0,0.0,1,1,0,0,0,0,0,0,0.9991367719345092,999136.7719345093
Y2020_LAT23.71071_LON90.46469,2020,90.46468736510884,23.71071405932823,1.0,0.0,0.0,0.0,0.0,0.0,1,1,0,0,0,0,0,0,0.99914955493927,999149.55493927
Y2020_LAT23.71087_LON90.47449,2020,90.47448772728887,23.710874420619206,1.0,0.0,0.0,0.0,0.0,0.0,1,1,0,0,0,0,0,0,0.999162285194397,999162.285194397
Y2020_LAT23.71103_LON90.48429,2020,90.48428817568954,23.71103416224019,1.0,0.0,0.0,0.0,0.0,0.0,1,1,0,0,0,0,0,0,0.9991749759140015,999174.9759140015
Y2020_LAT23.71119_LON90.49409,2020,90.49408870996135,23.711193284189665,1.0,0.0,0.0,0.0,0.0,0.0,1,1,0,0,0,0,0,0,0.9991876124572754,999187.6124572754
Y2020_LAT23.71135_LON90.50389,2020,90.50388932978802,23.71135178639017,0.808783393646758,0.0,0.0,0.191216606353242,0.0,0.0,1,1,0,0,0,0,0,0,0.9259585441513062,925958.5441513062
Y2020_LAT23.71151_LON90.51369,2020,90.51369003493744,23.711509668848223,0.3905105867732992,0.0,0.0,0.6094894132267008,0.0,0.0,4,0,0,0,1,0,0,0,0.21902658640289308,219026.58640289307
Y2020_LAT23.71225_LON90.04315,2020,90.04315465926568,23.712253180440282,0.4558705247141715,0.08963425848009528,0.166345901256109,0.2881493155496242,0.0,0.0,1,1,0,0,0,0,0,1,0.3631758915786743,363175.8915786743
Y2020_LAT23.71244_LON90.05295,2020,90.05295166927347,23.712440245698982,0.8153396890355822,0.0866510616559,0.016978888140629814,0.08103036116788814,0.0,0.0,1,1,0,0,0,0,0,0,0.8527797693099975,852779.7693099976
Y2020_LAT23.71263_LON90.06275,2020,90.06274877995331,23.71262669208791,0.7933998793085595,0.11469965579826308,0.09110046552427048,0.0007999993689069109,0.0,0.0,1,1,0,0,0,0,0,0,0.9985851631317139,998585.1631317139
Y2020_LAT23.71281_LON90.07255,2020,90.07254599089818,23.712812519580314,0.17980694089552512,0.010659624636602203,0.8067176797532186,0.0028157547146541707,0.0,0.0,3,0,0,1,0,0,0,0,0.9930077147445678,993007.7147445679
Y2020_LAT23.713_LON90.08234,2020,90.08234330177807,23.712997728017378,0.07302911708593095,0.0,0.926970882914069,0.0,0.0,0.0,3,0,0,1,0,0,0,0,0.9626646095581055,962664.6095581055
Y2020_LAT23.71318_LON90.09214,2020,90.09214071220715,23.71318231749268,0.15770056925512113,0.047000206183610546,0.7889991847169441,0.006300039844324292,0.0,0.0,3,0,0,1,0,0,0,0,0.9986292565765381,998629.2565765381
Y2020_LAT23.71337_LON90.10194,2020,90.10193822196237,23.713366287914933,0.8712223646377139,0.05023768937983406,0.07813562258946255,0.0004043233929895419,0.0,0.0,1,1,0,0,0,0,0,0,0.9879582972564698,987958.2972564697
Y2020_LAT23.71355_LON90.11174,2020,90.11173583063987,23.71354963930146,0.539798223906558,0.029554044602772663,0.4214586357419667,0.009189095748702728,0.0,0.0,1,1,0,0,0,0,0,0,0.8042194160690308,804219.4160690308
Y2020_LAT23.71373_LON90.12153,2020,90.12153353788551,23.713732371656334,0.13754593729328685,0.05526210332846934,0.8071919593782438,0.0,0.0,0.0,3,0,0,1,0,0,0,0,0.9830937078552247,983093.7078552246
Y2020_LAT23.71391_LON90.13133,2020,90.1313313434145,23.713914484865672,0.3795997796551062,0.10260029658996331,0.4652997106595666,0.052500213095363873,0.0,0.0,3,0,0,1,0,0,0,1,0.9986873635177612,998687.3635177612
Y2020_LAT23.7141_LON90.14113,2020,90.14112924691034,23.714095978965492,0.5495000919891553,0.023399930228813134,0.12859970653069516,0.297800268009207,0.0,0.0007000032421294192,1,1,0,0,0,0,0,0,0.998701766960144,998701.766960144
Y2020_LAT23.71428_LON90.15093,2020,90.15092724798122,23.714276853950853,0.23679982334631836,0.014200034699693909,0.5652006275949552,0.1837995143590326,0.0,0.0,3,0,0,1,0,0,0,0,0.9987161220932007,998716.1220932007
Y2020_LAT23.71446_LON90.16073,2020,90.16072534631115,23.714457109668174,0.6523006841188375,0.006699989259991492,0.12300000587623472,0.2179993207449364,0.0,0.0,1,1,0,0,0,0,0,0,0.9987304276733399,998730.4276733398
Y2020_LAT23.71464_LON90.17052,2020,90.17052354161397,23.714636746246512,0.47340011221276024,0.08969974386139466,0.3043997950706208,0.1325003488552243,0.0,0.0,1,1,0,0,0,0,0,1,0.9987446852340698,998744.6852340698
Y2020_LAT23.71482_LON90.18032,2020,90.18032183351161,23.714815763575718,0.5852174990543775,0.031206217105960013,0.18983760291403343,0.19373868092562915,0.0,0.0,1,1,0,0,0,0,0,0,0.9985591408233643,998559.1408233643
Y2020_LAT23.71499_LON90.19012,2020,90.19012022165946,23.714994161677122,0.6097426218299014,0.14814064255260406,0.1750659930451029,0.06705074257239166,0.0,0.0,1,1,0,0,0,0,0,0,0.9533289357147217,953328.9357147217
Y2020_LAT23.71517_LON90.19992,2020,90.19991870576271,23.715171940552505,0.4753995549046545,0.05229994311933912,0.44360063860365306,0.02869986337235329,0.0,0.0,1,1,0,0,0,0,0,1,0.9987871600265503,998787.1600265503
Y2020_LAT23.71535_LON90.20972,2020,90.20971728542136,23.715349100086577,0.27238370011676694,0.06071146812974248,0.4232407133889935,0.24366411836449706,0.0,0.0,3,0,0,1,0,0,0,1,0.9772269788589477,977226.9788589478
Y2020_LAT23.71553_LON90.21952,2020,90.21951596044296,23.71552564026661,0.4303281246288538,0.22745893008226065,0.02868850157115443,0.31352444371773114,0.0,0.0,1,1,0,0,0,0,0,1,0.04874188944244385,48741.88944244385
Y2020_LAT23.71588_LON90.23911,2020,90.2391135948237,23.715876862690298,0.7305232702897478,0.0016008482338150895,0.0,0.26787588147643704,0.0,0.0,1,1,0,0,0,0,0,0,0.18718338969421386,187183.38969421387
Y2020_LAT23.71605_LON90.24891,2020,90.24891255363129,23.716051544785955,0.7273982918136914,0.0885491506916387,0.18405255749466984,0.0,0.0,0.0,1,1,0,0,0,0,0,0,0.21545353811645507,215453.53811645508
Y2020_LAT23.71623_LON90.25871,2020,90.25871160641132,23.716225607492657,0.6702783146477792,0.21690898607895504,0.11131848514594428,0.0014942141273215455,0.0,0.0,1,1,0,0,0,0,0,0,0.802194110420227,802194.110420227
Y2020_LAT23.7164_LON90.26851,2020,90.2685107526447,23.71639905068736,0.46569945668196266,0.0645998543680227,0.2386002701486215,0.23110041880139312,0.0,0.0,1,1,0,0,0,0,0,1,0.9988845545272828,998884.5545272827
Y2020_LAT23.71657_LON90.27831,2020,90.27830999232893,23.716571874457628,0.6736007723035691,0.11879981512823008,0.03460003869946626,0.17299937386873457,0.0,0.0,1,1,0,0,0,0,0,0,0.9988982682800293,998898.2682800293
Y2020_LAT23.71674_LON90.28811,2020,90.28810932485533,23.716744078749503,0.5724989339271545,0.005799975394515227,0.4217010906783303,0.0,0.0,0.0,1,1,0,0,0,0,0,0,0.9989119372940064,998911.9372940063
Y2020_LAT23.71692_LON90.29791,2020,90.29790875007798,23.716915663572223,0.0994998879580397,0.023200020751544426,0.8773000912904159,0.0,0.0,0.0,3,0,0,1,0,0,0,0,0.9989255556488037,998925.5556488037
Y2020_LAT23.71709_LON90.30771,2020,90.30770826742497,23.717086628839887,0.24540057792223344,0.0,0.7545994220777665,0.0,0.0,0.0,3,0,0,1,0,0,0,0,0.998939126159668,998939.126159668
Y2020_LAT23.71726_LON90.31751,2020,90.31750787684767,23.71725697455599,0.3398013340737145,0.0,0.6601986659262855,0.0,0.0,0.0,3,0,0,1,0,0,0,0,0.9989526454849244,998952.6454849243
Y2020_LAT23.71743_LON90.32731,2020,90.32730757777604,23.717426700615942,0.7336998444788837,0.0,0.2663001555211163,0.0,0.0,0.0,1,1,0,0,0,0,0,0,0.9989661169281006,998966.1169281006
Y2020_LAT23.7176_LON90.33711,2020,90.33710737004323,23.717595807190335,0.6611009338768346,0.005100003530539885,0.3252990705444315,0.008499992048194233,0.0,0.0,1,1,0,0,0,0,0,0,0.9989795381393433,998979.5381393433
Y2020_LAT23.71776_LON90.34691,2020,90.34690725325221,23.717764294034538,1.0,0.0,0.0,0.0,0.0,0.0,1,1,0,0,0,0,0,0,0.9989929161300659,998992.9161300659
Y2020_LAT23.71793_LON90.35671,2020,90.35670722699012,23.717932161248285,0.5665991545359484,0.0008999989852059817,0.0,0.43250084647884557,0.0,0.0,1,1,0,0,0,0,0,0,0.9990062364273071,999006.2364273071
Y2020_LAT23.7181_LON90.36651,2020,90.36650729109517,23.71809940882346,1.0,0.0,0.0,0.0,0.0,0.0,1,1,0,0,0,0,0,0,0.9990195111846923,999019.5111846924
Y2020_LAT23.71827_LON90.37631,2020,90.37630744512458,23.718266036684437,0.9767999332494972,0.023200066750502797,0.0,0.0,0.0,0.0,1,1,0,0,0,0,0,0,0.9990327369232178,999032.7369232178
Y2020_LAT23.71843_LON90.38611,2020,90.38610768871601,23.71843204482442,1.0,0.0,0.0,0.0,0.0,0.0,1,1,0,0,0,0,0,0,0.9990459134140015,999045.9134140015
Y2020_LAT23.7186_LON90.39591,2020,90.39590802162641,23.71859743325179,1.0,0.0,0.0,0.0,0.0,0.0,1,1,0,0,0,0,0,0,0.9990590405731201,999059.0405731201
Y2020_LAT23.71876_LON90.40571,2020,90.40570844351599,23.718762201795112,1.0,0.0,0.0,0.0,0.0,0.0,1,1,0,0,0,0,0,0,0.9990721187591552,999072.1187591553
Y2020_LAT23.71893_LON90.41551,2020,90.41550895382954,23.718926350723773,0.9978999884773682,0.0,0.0,0.002100011522631796,0.0,0.0,1,1,0,0,0,0,0,0,0.9990851487197876,999085.1487197876
Y2020_LAT23.71909_LON90.42531,2020,90.42530955264697,23.71908987976377,1.0,0.0,0.0,0.0,0.0,0.0,1,1,0,0,0,0,0,0,0.9990981292495728,999098.1292495728
Y2020_LAT23.71925_LON90.43511,2020,90.43511023925143,23.71925278896357,0.9425998409240833,0.044000202313236654,0.0,0.013399956762680037,0.0,0.0,1,1,0,0,0,0,0,0,0.9991110600509644,999111.0600509644
Y2020_LAT23.71942_LON90.44491,2020,90.4449110135486,23.719415078266074,0.8987999470507325,0.07139997442095677,0.0,0.029800078528310674,0.0,0.0,1,1,0,0,0,0,0,0,0.999123942779541,999123.942779541
Y2020_LAT23.71958_LON90.45471,2020,90.45471187502976,23.71957674775833,0.4790992887459382,0.0205999105415608,0.002799988164203209,0.4970008135690688,0.0004999989792290133,0.0,4,0,0,0,1,0,0,1,0.999136774887085,999136.774887085
Y2020_LAT23.71974_LON90.46451,2020,90.46451282347572,23.719737797334236,0.6902005130410702,0.009799971561425556,0.06810003498769726,0.23189948040980696,0.0,0.0,1,1,0,0,0,0,0,0,0.9991495563201904,999149.5563201904
Y2020_LAT23.7199_LON90.47431,2020,90.47431385864579,23.719898227019485,0.7990997998652658,0.004500015641352933,0.01920000888819518,0.1769001760111933,0.0002999995939927722,0.0,1,1,0,0,0,0,0,0,0.9991622968444824,999162.2968444824
Y2020_LAT23.72006_LON90.48411,2020,90.48411497992795,23.720058036749826,0.822699992275227,0.00739995966598656,0.02559986848111808,0.14430017957766827,0.0,0.0,1,1,0,0,0,0,0,0,0.9991749782028199,999174.9782028198
Y2020_LAT23.72022_LON90.49392,2020,90.49391618722424,23.720217226468566,0.8344997630121865,0.021100068735026324,0.010100041442468516,0.1343001268103186,0.0,0.0,1,1,0,0,0,0,0,0,0.9991876148681641,999187.6148681641
Y2020_LAT23.72038_LON90.50372,2020,90.50371748011912,23.72037579625026,0.23281987669694054,0.0,0.0,0.7671801233030594,0.0,0.0,4,0,0,0,1,0,0,0,0.2660859427185059,266085.94271850586
Y2020_LAT23.72146_LON90.05275,2020,90.05274878835802,23.721460862509293,0.1779487681797541,0.057932072522185435,0.7641191592980605,0.0,0.0,0.0,3,0,0,1,0,0,0,0,0.48091288206481936,480912.88206481934
Y2020_LAT23.72165_LON90.06255,2020,90.0625465711389,23.721647388393826,0.2358422753057659,0.07123973294797128,0.6877697767632494,0.005148214983013485,0.0,0.0,3,0,0,1,0,0,0,0,0.7176832333068848,717683.2333068848
Y2020_LAT23.72183_LON90.07234,2020,90.07234445423342,23.721833295021217,0.29795505964616287,0.23763864425943598,0.45405164028909806,0.010354655805303106,0.0,0.0,3,0,0,1,0,0,0,1,0.38575797618103025,385757.9761810303
Y2020_LAT23.72202_LON90.08214,2020,90.08214243713324,23.722018582365706,0.09876826736408778,0.0,0.9012317326359123,0.0,0.0,0.0,3,0,0,1,0,0,0,0,0.44588313291168213,445883.1329116821
Y2020_LAT23.7222_LON90.09194,2020,90.09194051985853,23.722203250488853,0.2396675640932298,0.05079173764828025,0.70954069825849,0.0,0.0,0.0,3,0,0,1,0,0,0,0,0.9712668439941406,971266.8439941406
Y2020_LAT23.72239_LON90.10174,2020,90.10173870171215,23.72238729928123,0.8802096171903309,0.01969149826800854,0.09189407199134553,0.00820481255031518,0.0,0.0,1,1,0,0,0,0,0,0,0.9128598093338013,912859.8093338013
Y2020_LAT23.72257_LON90.11154,2020,90.11153698272746,23.722570728826035,0.7627896522388486,0.0,0.23721034776115132,0.0,0.0,0.0,1,1,0,0,0,0,0,0,0.02147105185699463,21471.05185699463
Y2020_LAT23.72275_LON90.12134,2020,90.12133536220219,23.722753539004486,0.33726215733679255,0.05303155421996627,0.6067600816288559,0.002946206814385437,0.0,0.0,3,0,0,1,0,0,0,0,0.6440454950180053,644045.4950180054
Y2020_LAT23.72294_LON90.13113,2020,90.13113384005356,23.722935729858083,0.4288002873831613,0.05099998686807755,0.3096990957757503,0.20970062427747335,0.0,0.0008000056955376742,1,1,0,0,0,0,0,1,0.9986873670043945,998687.3670043945
Y2020_LAT23.72312_LON90.14093,2020,90.14093241582901,23.72311730120901,0.4997991954557546,0.013499961754960347,0.3360015011167636,0.14749935934887526,0.0005000008464510611,0.0026999814771952045,1,1,0,0,0,0,0,1,0.9987017699890137,998701.7699890137
Y2020_LAT23.7233_LON90.15073,2020,90.15073108927966,23.723298253293567,0.3317012046852894,0.0,0.6656987775550152,0.0026000177596954364,0.0,0.0,3,0,0,1,0,0,0,0,0.9987161260452271,998716.126045227
Y2020_LAT23.72348_LON90.16053,2020,90.16052985997881,23.72347858588141,0.30381087193907996,0.0024761994534589714,0.4424749788218611,0.25123794978559993,0.0,0.0,3,0,0,1,0,0,0,1,0.5243324732742309,524332.473274231
Y2020_LAT23.72366_LON90.17033,2020,90.17032872769948,23.723658298978677,0.40144750712308364,0.015218932395581935,0.29157484524739724,0.2917587152339372,0.0,0.0,1,1,0,0,0,0,0,1,0.5381236379776001,538123.6379776001
Y2020_LAT23.72384_LON90.18013,2020,90.18012769201721,23.723837392595122,0.26060221857419197,0.0007710113619515729,0.7077861797111236,0.030840590352732906,0.0,0.0,3,0,0,1,0,0,0,0,0.1295385901184082,129538.5901184082
Y2020_LAT23.72402_LON90.18993,2020,90.18992675270556,23.72401586672108,0.0,0.0,0.0,1.0,0.0,0.0,4,0,0,0,1,0,0,0,0.005892776298522949,5892.776298522949
Y2020_LAT23.72419_LON90.19973,2020,90.19972590928332,23.72419372129912,0.02262435861360714,0.0,0.8944199124663025,0.08295572892009034,0.0,0.0,3,0,0,1,0,0,0,0,0.06621964122772217,66219.64122772217
Y2020_LAT23.72437_LON90.20953,2020,90.20952516150587,23.724370956323977,0.1938578362649331,0.002879097420079771,0.5911701330253877,0.2120929332895994,0.0,0.0,3,0,0,1,0,0,0,0,0.10407475458526612,104074.75458526611
Y2020_LAT23.7249_LON90.23892,2020,90.2389234886288,23.724898943745163,0.0,0.0,0.0,1.0,0.0,0.0,4,0,0,0,1,0,0,0,0.00239723908996582,2397.2390899658203
Y2020_LAT23.72507_LON90.24872,2020,90.24872312013223,23.725073700287105,0.8321356487887667,0.10081453185414206,0.04669558096664404,0.02035423839044723,0.0,0.0,1,1,0,0,0,0,0,0,0.4171235576324463,417123.5576324463
Y2020_LAT23.72525_LON90.25852,2020,90.25852284549343,23.72524783715912,0.37687639819656216,0.09543565954015998,0.2212980818999969,0.306389860363281,0.0,0.0,1,1,0,0,0,0,0,1,0.9848866849288941,984886.684928894
Y2020_LAT23.72542_LON90.26832,2020,90.26832266450006,23.725421354334042,0.8315005088566251,0.009199982151349387,0.012500077626604251,0.14679943136542128,0.0,0.0,1,1,0,0,0,0,0,0,0.9988845566864014,998884.5566864014
Y2020_LAT23.72559_LON90.27812,2020,90.27812257691255,23.72559425172567,0.6497994141744099,0.017099947857130995,0.32100067218065415,0.012099965787804907,0.0,0.0,1,1,0,0,0,0,0,0,0.9988982721252442,998898.2721252441
Y2020_LAT23.72577_LON90.28792,2020,90.28792258221351,23.7257665294433,0.5977004415396288,0.009500038837835902,0.38389946803375896,0.008900051588776343,0.0,0.0,1,1,0,0,0,0,0,0,0.9989119399108887,998911.9399108887
Y2020_LAT23.72594_LON90.29772,2020,90.29772268015856,23.725938187378954,0.7093992652180442,0.06470014164082534,0.22590059314113056,0.0,0.0,0.0,1,1,0,0,0,0,0,0,0.9989255588302612,998925.5588302612
Y2020_LAT23.72611_LON90.30752,2020,90.30752287034858,23.726109225413403,0.7877006570350021,0.002399985438488871,0.20989935752650896,0.0,0.0,0.0,1,1,0,0,0,0,0,0,0.9989391281814575,998939.1281814575
Y2020_LAT23.72628_LON90.31732,2020,90.31732315262447,23.72627964369308,0.8220001063277015,0.0,0.17699989415838804,0.0009999995139104495,0.0,0.0,1,1,0,0,0,0,0,0,0.9989526492767334,998952.6492767334
Y2020_LAT23.72645_LON90.32712,2020,90.32712352645275,23.726449442192326,0.9974000169450093,0.0,0.002599983054990649,0.0,0.0,0.0,1,1,0,0,0,0,0,0,0.9989661193847656,998966.1193847656
Y2020_LAT23.72662_LON90.33692,2020,90.33692399163178,23.72661862070005,1.0,0.0,0.0,0.0,0.0,0.0,1,1,0,0,0,0,0,0,0.9989795417709351,998979.5417709351
Y2020_LAT23.72679_LON90.34672,2020,90.34672454770153,23.72678717936387,0.9705998389026499,0.0,0.0,0.02940016109735006,0.0,0.0,1,1,0,0,0,0,0,0,0.9989929191207886,998992.9191207886
Y2020_LAT23.72696_LON90.35653,2020,90.35652519444098,23.726955118153832,0.6076001753586581,0.0001999989374481049,0.0,0.39219982570389383,0.0,0.0,1,1,0,0,0,0,0,0,0.9990062382659912,999006.2382659912
Y2020_LAT23.72712_LON90.36633,2020,90.36632593158285,23.72712243702517,1.0,0.0,0.0,0.0,0.0,0.0,1,1,0,0,0,0,0,0,0.9990195142593383,999019.5142593384
Y2020_LAT23.72729_LON90.37613,2020,90.37612675854025,23.72728913584262,1.0,0.0,0.0,0.0,0.0,0.0,1,1,0,0,0,0,0,0,0.9990327402114868,999032.7402114868
Y2020_LAT23.72746_LON90.38593,2020,90.38592767518416,23.7274552146954,1.0,0.0,0.0,0.0,0.0,0.0,1,1,0,0,0,0,0,0,0.9990459159698486,999045.9159698486
Y2020_LAT23.72762_LON90.39573,2020,90.39572868118505,23.72762067358994,0.9987999988128387,0.0012000011871613771,0.0,0.0,0.0,0.0,1,1,0,0,0,0,0,0,0.9990590447921753,999059.0447921753
Y2020_LAT23.72779_LON90.40553,2020,90.40552977608516,23.72778551248489,0.9958000080055177,0.004199991994482262,0.0,0.0,0.0,0.0,1,1,0,0,0,0,0,0,0.9990721227111816,999072.1227111816
Y2020_LAT23.72795_LON90.41533,2020,90.41533095961898,23.727949731210405,0.9202997265460484,0.06040018900178377,0.0,0.019300084452167875,0.0,0.0,1,1,0,0,0,0,0,0,0.9990851513214112,999085.1513214111
Y2020_LAT23.72811_LON90.42513,2020,90.42513223150547,23.72811332992402,0.9952000298195447,0.004799970180455353,0.0,0.0,0.0,0.0,1,1,0,0,0,0,0,0,0.9990981324234008,999098.1324234009
Y2020_LAT23.72828_LON90.43493,2020,90.43493359134165,23.72827630857057,1.0,0.0,0.0,0.0,0.0,0.0,1,1,0,0,0,0,0,0,0.9991110627975464,999111.0627975464
Y2020_LAT23.72844_LON90.44474,2020,90.44473503880128,23.728438667083,1.0,0.0,0.0,0.0,0.0,0.0,1,1,0,0,0,0,0,0,0.9991239452896118,999123.9452896118
Y2020_LAT23.7286_LON90.45454,2020,90.45453657354857,23.72860040542981,0.8317994849867157,0.03170001503084606,0.02490013444965369,0.10750035418177521,0.0,0.004100011351009383,1,1,0,0,0,0,0,0,0.9991367777099609,999136.7777099609
Y2020_LAT23.72876_LON90.46434,2020,90.46433819528421,23.728761523702694,0.14859992372797884,0.004600024504723479,0.4695003109268623,0.3771997404136306,0.0001000004268049278,0.0,3,0,0,1,0,0,0,1,0.9991495594329834,999149.5594329834
Y2020_LAT23.72892_LON90.47414,2020,90.47413990363053,23.728922021661404,0.6592002184230727,0.004599973362987423,0.11560026568158512,0.209199563297783,0.01139997923457169,0.0,1,1,0,0,0,0,0,0,0.9991623015060425,999162.3015060425
Y2020_LAT23.72908_LON90.48394,2020,90.48394169826065,23.729081899487273,0.705500211706156,9.999966173264149e-05,0.15360001658450775,0.14079977204760372,0.0,0.0,1,1,0,0,0,0,0,0,0.9991749802246094,999174.9802246094
Y2020_LAT23.72924_LON90.49374,2020,90.49374357888938,23.729241157051728,0.7068550800929501,0.0006356572526739176,0.08221176350314839,0.2102974991512277,0.0,0.0,1,1,0,0,0,0,0,0,0.9431329385147095,943132.9385147095
Y2020_LAT23.7294_LON90.50355,2020,90.5035455452018,23.729399794413194,0.4728812393205315,0.0,0.0,0.5271187606794685,0.0,0.0,4,0,0,0,1,0,0,0,0.11790500700378417,117905.00700378418
Y2020_LAT23.73104_LON90.08194,2020,90.0819414729446,23.73103942460765,0.0,0.0,1.0,0.0,0.0,0.0,3,0,0,1,0,0,0,0,0.0007988970947265626,798.8970947265625
Y2020_LAT23.73122_LON90.09174,2020,90.09174022814801,23.731224171414905,0.8318592700408048,0.0,0.16814072995919516,0.0,0.0,0.0,1,1,0,0,0,0,0,0,0.011284570083618163,11284.570083618164
Y2020_LAT23.73141_LON90.10154,2020,90.10153908262842,23.731408298682876,1.0,0.0,0.0,0.0,0.0,0.0,1,1,0,0,0,0,0,0,0.09117593395996093,91175.93395996094
Y2020_LAT23.73177_LON90.12114,2020,90.1211370882111,23.731774694303866,0.1301450903899342,0.014527805234086455,0.8553271043759794,0.0,0.0,0.0,3,0,0,1,0,0,0,0,0.16498160977172852,164981.60977172852
Y2020_LAT23.73196_LON90.13094,2020,90.13093623868204,23.731956962745272,0.6201378511343945,0.09137909527957835,0.08556254640547363,0.19813829757454865,0.0,0.0047822096060048435,1,1,0,0,0,0,0,0,0.7726852063598633,772685.2063598633
Y2020_LAT23.73214_LON90.14074,2020,90.14073548712526,23.732138611569457,0.17999919538013445,0.02509987995689721,0.7949009246629684,0.0,0.0,0.0,3,0,0,1,0,0,0,0,0.9987017736740113,998701.7736740112
Y2020_LAT23.73232_LON90.15053,2020,90.15053483332763,23.73231964059836,0.06470028112994254,0.0,0.9347997154874874,0.0005000033825700186,0.0,0.0,3,0,0,1,0,0,0,0,0.9987161286773681,998716.1286773682
Y2020_LAT23.7325_LON90.16033,2020,90.16033427668371,23.732500049979638,0.1932425122781106,0.0,0.7531934485992818,0.05356403912260756,0.0,0.0,3,0,0,1,0,0,0,0,0.24239067287445068,242390.67287445068
Y2020_LAT23.73375_LON90.22893,2020,90.22893307807338,23.733745562124344,0.39976265286067997,0.02813001980566463,0.5721073273336553,0.0,0.0,0.0,3,0,0,1,0,0,0,0,0.2521049069747925,252104.90697479248
Y2020_LAT23.73392_LON90.23873,2020,90.23873328811024,23.73392101295773,0.7235552413929867,0.08901903718625778,0.16546418718513006,0.021961534235625507,0.0,0.0,1,1,0,0,0,0,0,0,0.5958107975158692,595810.7975158691
Y2020_LAT23.7341_LON90.24853,2020,90.24853359265339,23.7340958439822,0.6284997021144659,0.03930006382879275,0.039700194267609026,0.29250003978913225,0.0,0.0,1,1,0,0,0,0,0,0,0.9988569768066407,998856.9768066406
Y2020_LAT23.73427_LON90.25833,2020,90.25833399097498,23.734270054975184,0.623900170264344,0.16980016265025977,0.0627001119327009,0.14359955515269537,0.0,0.0,1,1,0,0,0,0,0,0,0.9988707928237915,998870.7928237915
Y2020_LAT23.73444_LON90.26813,2020,90.2681344831414,23.734443646021468,0.9187002581380462,0.04809991122522772,0.033199830636726026,0.0,0.0,0.0,1,1,0,0,0,0,0,0,0.9988845583953857,998884.5583953857
Y2020_LAT23.73462_LON90.27794,2020,90.27793506841533,23.734616617136147,0.857099580894234,0.02780000397488246,0.0,0.11510041513088357,0.0,0.0,1,1,0,0,0,0,0,0,0.9988982755203247,998898.2755203247
Y2020_LAT23.73479_LON90.28774,2020,90.28773574692843,23.734788968162896,0.8666000452560496,0.051100009563000606,0.03460019059442287,0.04769975458652689,0.0,0.0,1,1,0,0,0,0,0,0,0.998911943069458,998911.943069458
Y2020_LAT23.73496_LON90.29754,2020,90.29753651795686,23.73496069918461,0.3300998883435176,0.012299961437586203,0.42529962322309056,0.2321005278376829,0.00019999915812255365,0.0,3,0,0,1,0,0,0,1,0.9989255610656739,998925.5610656738
Y2020_LAT23.73513_LON90.30734,2020,90.30733738135562,23.73513181014325,0.5423007507282416,0.013600018360841983,0.23530003131285218,0.20879919959806423,0.0,0.0,1,1,0,0,0,0,0,0,0.9989391304244996,998939.1304244995
Y2020_LAT23.7353_LON90.31714,2020,90.31713833675774,23.73530230099782,0.7551008299250368,0.11939948696440165,0.12419967468257787,0.0,0.0,0.0013000084279836846,1,1,0,0,0,0,0,0,0.998952651298523,998952.651298523
Y2020_LAT23.73547_LON90.32694,2020,90.32693938385805,23.735472171769125,0.9587999463091906,9.999937557894288e-05,0.0,0.0401000608343835,0.0,0.0009999934808469688,1,1,0,0,0,0,0,0,0.9989661223983765,998966.1223983765
Y2020_LAT23.73564_LON90.33674,2020,90.33674052213941,23.735641422429293,0.9769999925620816,0.0,0.0,0.023000007437918427,0.0,0.0,1,1,0,0,0,0,0,0,0.9989795456237793,998979.5456237793
Y2020_LAT23.73581_LON90.34654,2020,90.34654175156675,23.735810052937783,0.875799403474874,0.0,0.0,0.12420059652512601,0.0,0.0,1,1,0,0,0,0,0,0,0.998992919921875,998992.919921875
Y2020_LAT23.73598_LON90.35634,2020,90.35634307163333,23.735978063227318,0.6663013036093038,0.0034000005307031713,0.0,0.329298698792839,0.0,0.000999997067153817,1,1,0,0,0,0,0,0,0.9990062410888672,999006.2410888672
Y2020_LAT23.73615_LON90.36614,2020,90.36614448197618,23.73614545326336,1.0,0.0,0.0,0.0,0.0,0.0,1,1,0,0,0,0,0,0,0.9990195176010132,999019.5176010132
Y2020_LAT23.73631_LON90.37595,2020,90.37594598234861,23.736312223164685,0.9715999968200871,0.015900002434754024,0.0,0.012500000745158934,0.0,0.0,1,1,0,0,0,0,0,0,0.9990327425689697,999032.7425689697
Y2020_LAT23.73648_LON90.38575,2020,90.38574757237537,23.736478372837592,1.0,0.0,0.0,0.0,0.0,0.0,1,1,0,0,0,0,0,0,0.9990459190826416,999045.9190826416
Y2020_LAT23.73664_LON90.39555,2020,90.39554925174671,23.73664390217882,0.8329993218614538,0.15580061417309657,0.0,0.011200063965449676,0.0,0.0,1,1,0,0,0,0,0,0,0.9990590475692749,999059.0475692749
Y2020_LAT23.73681_LON90.40535,2020,90.40535102012889,23.736808811179472,0.8130008331648036,0.165899284271507,0.0,0.021099882563689325,0.0,0.0,1,1,0,0,0,0,0,0,0.9990721254501342,999072.1254501343
Y2020_LAT23.73697_LON90.41515,2020,90.41515287705107,23.73697309997329,1.0,0.0,0.0,0.0,0.0,0.0,1,1,0,0,0,0,0,0,0.9990851545181274,999085.1545181274
Y2020_LAT23.73714_LON90.42495,2020,90.42495482246659,23.737136768441125,1.0,0.0,0.0,0.0,0.0,0.0,1,1,0,0,0,0,0,0,0.9990981340866089,999098.1340866089
Y2020_LAT23.7373_LON90.43476,2020,90.43475685579241,23.73729981642581,1.0,0.0,0.0,0.0,0.0,0.0,1,1,0,0,0,0,0,0,0.9991110654144287,999111.0654144287
Y2020_LAT23.73746_LON90.44456,2020,90.44455897672613,23.737462244092796,0.9774999541463456,0.012400057532744252,0.0,0.010099988320910164,0.0,0.0,1,1,0,0,0,0,0,0,0.9991239471893311,999123.947189331
Y2020_LAT23.73762_LON90.45436,2020,90.45436118513084,23.737624051377253,0.8824996156681457,0.027800044706816896,0.03810017092427247,0.051600168700764955,0.0,0.0,1,1,0,0,0,0,0,0,0.999136780456543,999136.780456543
Y2020_LAT23.73779_LON90.46416,2020,90.46416348037994,23.737785238206047,0.5549996928326075,0.012699935983020222,0.2948002712020544,0.1375000999823179,0.0,0.0,1,1,0,0,0,0,0,0,0.9991495632247924,999149.5632247925
Y2020_LAT23.73795_LON90.47397,2020,90.47396586232873,23.737945804640315,0.46650089326830685,0.00040000077425699046,0.14369969861437615,0.38939940734306,0.0,0.0,1,1,0,0,0,0,0,1,0.9991623039550781,999162.3039550781
Y2020_LAT23.73811_LON90.48377,2020,90.48376833068637,23.73810575048113,0.5171994647315049,0.007900035140437866,0.4630004976233395,0.011700001585800044,0.0002000009189176082,0.0,1,1,0,0,0,0,0,0,0.9991749822616577,999174.9822616577
Y2020_LAT23.73827_LON90.49357,2020,90.49357088494017,23.738265075944682,0.68640383060971,0.0047825039972580405,0.12275085136565499,0.186062814027377,0.0,0.0,1,1,0,0,0,0,0,0,0.4387417768936157,438741.7768936157
Y2020_LAT23.74098_LON90.13074,2020,90.13073853935036,23.740978183589952,0.7923006282744719,0.0,0.1906895987978155,0.017009772927712594,0.0,0.0,1,1,0,0,0,0,0,0,0.11155396456909179,111553.9645690918
Y2020_LAT23.74116_LON90.14054,2020,90.14053846080701,23.741159909708305,0.3653078357785317,0.05962098733361513,0.5750711768878531,0.0,0.0,0.0,3,0,0,1,0,0,0,0,0.8693700593032837,869370.0593032837
Y2020_LAT23.74134_LON90.15034,2020,90.15033847991525,23.74134101587991,0.20511397396340816,0.0068845134099664316,0.7880015126266254,0.0,0.0,0.0,3,0,0,1,0,0,0,0,0.9139249920578003,913924.9920578003
Y2020_LAT23.74152_LON90.16014,2020,90.16013859642045,23.74152150213728,0.4191671031140274,0.026869715435351528,0.5539631814506211,0.0,0.0,0.0,3,0,0,1,0,0,0,0,0.22301533613586424,223015.33613586426
Y2020_LAT23.74259_LON90.21894,2020,90.21894132132913,23.74259139878478,0.9489539950967023,0.003765696934691802,0.0,0.047280307968605925,0.0,0.0,1,1,0,0,0,0,0,0,0.23871803524017335,238718.03524017334
Y2020_LAT23.74277_LON90.22874,2020,90.2287421100175,23.74276754451651,0.5774725578160874,0.018005313772401475,0.3835159440675102,0.021006184344000905,0.0,0.0,1,1,0,0,0,0,0,0,0.998529556854248,998529.556854248
Y2020_LAT23.74294_LON90.23854,2020,90.23854299328866,23.74294307015497,0.7698005590782431,0.033899975692107176,0.13979931733819687,0.05650014789145302,0.0,0.0,1,1,0,0,0,0,0,0,0.9988431162872314,998843.1162872314
Y2020_LAT23.74312_LON90.24834,2020,90.24834397112943,23.743117975566047,0.7594993527310642,0.054100224121457686,0.1283003524566132,0.05810007069086499,0.0,0.0,1,1,0,0,0,0,0,0,0.9988569802627564,998856.9802627563
Y2020_LAT23.74329_LON90.25815,2020,90.25814504281456,23.743292260772836,0.17569961904787734,0.030299880032936263,0.780200430870009,0.01380007004917737,0.0,0.0,3,0,0,1,0,0,0,0,0.9988707953643798,998870.7953643799
Y2020_LAT23.74347_LON90.26795,2020,90.2679462082869,23.743465925773716,0.6197003116902698,0.06970025302727012,0.2500994642522665,0.060499971030193535,0.0,0.0,1,1,0,0,0,0,0,0,0.9988845595550537,998884.5595550537
Y2020_LAT23.74364_LON90.27775,2020,90.27774746707775,23.743638970502243,0.8492004281181911,0.09909965389077954,0.00029999821618429865,0.05139991977484512,0.0,0.0,1,1,0,0,0,0,0,0,0.9988982785720825,998898.2785720825
Y2020_LAT23.74381_LON90.28755,2020,90.28754881895775,23.743811394960073,0.9056002727473133,0.0020000124340153374,0.0007000029820830175,0.09169971183658837,0.0,0.0,1,1,0,0,0,0,0,0,0.998911945426941,998911.9454269409
Y2020_LAT23.74398_LON90.29735,2020,90.29735026346388,23.743983199124013,0.5387990624680425,0.0010999930821500418,0.45640092143716215,0.0037000230126452175,0.0,0.0,1,1,0,0,0,0,0,0,0.9989255645904541,998925.5645904541
Y2020_LAT23.74415_LON90.30715,2020,90.3071518003199,23.74415438300012,0.7091008288855777,0.005999981055234796,0.22989934854255603,0.05289983332559101,0.0,0.0021000081910405133,1,1,0,0,0,0,0,0,0.9989391345901489,998939.1345901489
Y2020_LAT23.74432_LON90.31695,2020,90.31695342921796,23.74432494650829,1.0,0.0,0.0,0.0,0.0,0.0,1,1,0,0,0,0,0,0,0.9989526544647217,998952.6544647217
Y2020_LAT23.74449_LON90.32676,2020,90.32675514987204,23.74449488957721,0.9847999155111476,0.0,0.0,0.015200084488852347,0.0,0.0,1,1,0,0,0,0,0,0,0.9989661253509522,998966.1253509521
Y2020_LAT23.74466_LON90.33656,2020,90.33655696174202,23.744664212253483,0.7185994828783147,0.03510006316286464,0.0,0.24630045395882072,0.0,0.0,1,1,0,0,0,0,0,0,0.998979549041748,998979.549041748
Y2020_LAT23.74483_LON90.34636,2020,90.3463588647759,23.7448329145388,0.7071004833817015,0.0,0.0,0.29289951661829844,0.0,0.0,1,1,0,0,0,0,0,0,0.998992919921875,998992.919921875
Y2020_LAT23.745_LON90.35616,2020,90.35616085841329,23.74500099638217,0.8330000466059233,0.15909999626975113,0.0011999971378142565,0.006699959986511249,0.0,0.0,1,1,0,0,0,0,0,0,0.9990062445297241,999006.2445297241
Y2020_LAT23.74517_LON90.36596,2020,90.36596294242004,23.745168457777467,0.9982999894004541,0.0017000105995459342,0.0,0.0,0.0,0.0,1,1,0,0,0,0,0,0,0.9990195198440551,999019.5198440552
Y2020_LAT23.74534_LON90.37577,2020,90.37576511650848,23.745335298684513,0.9281997732185733,0.008100026677813066,0.0,0.06370020010361362,0.0,0.0,1,1,0,0,0,0,0,0,0.9990327450485229,999032.745048523
Y2020_LAT23.7455_LON90.38557,2020,90.38556738024695,23.745501519059466,1.0,0.0,0.0,0.0,0.0,0.0,1,1,0,0,0,0,0,0,0.9990459216461182,999045.9216461182
Y2020_LAT23.74567_LON90.39537,2020,90.39536973334006,23.74566711891753,0.959199951844318,0.004800021579558224,0.0,0.03600002657612376,0.0,0.0,1,1,0,0,0,0,0,0,0.999059049583435,999059.0495834351
Y2020_LAT23.74583_LON90.40517,2020,90.40517217543393,23.745832098256265,1.0,0.0,0.0,0.0,0.0,0.0,1,1,0,0,0,0,0,0,0.9990721275100708,999072.1275100708
Y2020_LAT23.746_LON90.41497,2020,90.41497470619652,23.74599645691055,1.0,0.0,0.0,0.0,0.0,0.0,1,1,0,0,0,0,0,0,0.999085157043457,999085.157043457
Y2020_LAT23.74616_LON90.42478,2020,90.42477732538151,23.74616019500123,1.0,0.0,0.0,0.0,0.0,0.0,1,1,0,0,0,0,0,0,0.99909813697052,999098.13697052
Y2020_LAT23.74632_LON90.43458,2020,90.43458003258418,23.74632331250182,1.0,0.0,0.0,0.0,0.0,0.0,1,1,0,0,0,0,0,0,0.9991110685424804,999111.0685424805
Y2020_LAT23.74649_LON90.44438,2020,90.4443828274079,23.74648580934497,1.0,0.0,0.0,0.0,0.0,0.0,1,1,0,0,0,0,0,0,0.9991239499893189,999123.9499893188
Y2020_LAT23.74665_LON90.45419,2020,90.45418570962228,23.7466476854843,0.9664998925418992,0.0,0.0,0.033500107458100815,0.0,0.0,1,1,0,0,0,0,0,0,0.9991367832946777,999136.7832946777
Y2020_LAT23.74681_LON90.46399,2020,90.46398867885233,23.746808940936813,0.7834993746405022,0.012499944909451792,0.015700081818486367,0.1883005986315596,0.0,0.0,1,1,0,0,0,0,0,0,0.9991495664596558,999149.5664596558
Y2020_LAT23.74697_LON90.47379,2020,90.47379173479939,23.746969575766016,0.39329977009995015,0.00010000051793646655,0.35210072939199905,0.24679951949255294,0.0,0.007699980497561381,1,1,0,0,0,0,0,1,0.99916230544281,999162.3054428101
Y2020_LAT23.74713_LON90.48359,2020,90.48359487702845,23.74712958985989,0.4292579493116616,0.0018559042551438965,0.48329635118312697,0.0855897952500675,0.0,0.0,3,0,0,1,0,0,0,1,0.9152438592300415,915243.8592300415
Y2020_LAT23.74729_LON90.4934,2020,90.493398105351,23.747288983134844,0.5261436637336132,0.004575151225044542,0.031372474034318414,0.43790871100702383,0.0,0.0,1,1,0,0,0,0,0,0,0.15287518077850343,152875.18077850342
Y2020_LAT23.75018_LON90.14034,2020,90.14034133672807,23.750181195813376,0.23333334733864405,0.6999999732625888,0.0666666793987673,0.0,0.0,0.0,2,0,1,0,0,0,0,0,0.002996125602722168,2996.125602722168
Y2020_LAT23.75036_LON90.15014,2020,90.15014202925222,23.75036237914662,0.8288284954202833,0.0,0.17117150457971672,0.0,0.0,0.0,1,1,0,0,0,0,0,0,0.011085689514160156,11085.689514160156
Y2020_LAT23.75161_LON90.21875,2020,90.21874958492761,23.75161329427381,0.9380676145627398,0.0,0.06193238543726019,0.0,0.0,0.0,1,1,0,0,0,0,0,0,0.1209571446685791,120957.1446685791
Y2020_LAT23.75179_LON90.22855,2020,90.22855104721349,23.751789515059894,0.8040794485523313,0.0006441234059994417,0.19527642804166936,0.0,0.0,0.0,1,1,0,0,0,0,0,0,0.9304097875213623,930409.7875213623
Y2020_LAT23.75197_LON90.23835,2020,90.23835260414353,23.75196511539724,0.8878003500734822,0.0,0.10109958076790466,0.011100069158613128,0.0,0.0,1,1,0,0,0,0,0,0,0.9988431196670532,998843.1196670532
Y2020_LAT23.75214_LON90.24815,2020,90.24815425556822,23.752140095274402,0.7215999116239847,0.033900125668614625,0.006100023568738626,0.238399939138662,0.0,0.0,1,1,0,0,0,0,0,0,0.9988569832839966,998856.9832839966
Y2020_LAT23.75231_LON90.25796,2020,90.25795600099448,23.752314454715368,0.7258003469186346,0.0184999097084713,0.019499944726384243,0.23619979864650983,0.0,0.0,1,1,0,0,0,0,0,0,0.9988707986068726,998870.7986068726
Y2020_LAT23.75249_LON90.26776,2020,90.26775784009696,23.75248819362814,0.9783001026475682,0.0,0.001200006333746421,0.02049989101868543,0.0,0.0,1,1,0,0,0,0,0,0,0.9988845618515014,998884.5618515015
Y2020_LAT23.75266_LON90.27756,2020,90.27755977269007,23.752661312035087,0.8873998687378368,0.027500052137767253,0.0,0.0851000791243959,0.0,0.0,1,1,0,0,0,0,0,0,0.9988982809524536,998898.2809524536
Y2020_LAT23.75283_LON90.28736,2020,90.28736179827857,23.752833809906356,0.9798001204213459,0.018799886565252125,0.0013999930134019473,0.0,0.0,0.0,1,1,0,0,0,0,0,0,0.998911948890686,998911.948890686
Y2020_LAT23.75301_LON90.29716,2020,90.29716391659903,23.753005687175584,0.8876994628413081,0.0,0.11220053667906821,0.00010000047962375216,0.0,0.0,1,1,0,0,0,0,0,0,0.9989255678024292,998925.5678024292
Y2020_LAT23.75318_LON90.30697,2020,90.3069661272607,23.753176943865817,0.7208010950696232,0.006999977800064932,0.2647989674174556,0.0073999597128562465,0.0,0.0,1,1,0,0,0,0,0,0,0.9989391367263794,998939.1367263794
Y2020_LAT23.75335_LON90.31677,2020,90.31676843004367,23.753347579903743,0.9769999765914424,0.00419997570577356,0.005199968873292595,0.013600078829491479,0.0,0.0,1,1,0,0,0,0,0,0,0.9989526566238404,998952.6566238403
Y2020_LAT23.75352_LON90.32657,2020,90.32657082451311,23.753517595394705,0.5410986466818506,0.007500041236538172,0.0,0.44600128345777496,0.0,0.005400028623836237,1,1,0,0,0,0,0,0,0.9989661281661988,998966.1281661987
Y2020_LAT23.75369_LON90.33637,2020,90.33637331037123,23.75368699020764,0.7802007449985321,0.018699897649190923,0.0,0.20109935735227696,0.0,0.0,1,1,0,0,0,0,0,0,0.9989795516052246,998979.5516052246
Y2020_LAT23.75386_LON90.34618,2020,90.34617588723401,23.75385576429891,0.9985999908965939,0.0,0.0,0.0014000091034061402,0.0,0.0,1,1,0,0,0,0,0,0,0.998992919921875,998992.919921875
Y2020_LAT23.75402_LON90.35598,2020,90.35597855490903,23.75402391774723,0.8830000592316521,0.09209997607039104,0.0001000001398423378,0.024799964558114503,0.0,0.0,1,1,0,0,0,0,0,0,0.9990062476196289,999006.2476196289
Y2020_LAT23.75419_LON90.36578,2020,90.36578131285476,23.7541914503989,1.0,0.0,0.0,0.0,0.0,0.0,1,1,0,0,0,0,0,0,0.999019522819519,999019.522819519
Y2020_LAT23.75436_LON90.37558,2020,90.37558416098803,23.754358362329956,0.964699940610208,0.009500019024604275,0.0,0.0258000403651877,0.0,0.0,1,1,0,0,0,0,0,0,0.9990327484283448,999032.7484283447
Y2020_LAT23.75452_LON90.38539,2020,90.38538709874506,23.754524653475627,0.9980000115610179,0.0019999884389821252,0.0,0.0,0.0,0.0,1,1,0,0,0,0,0,0,0.9990459246826172,999045.9246826172
Y2020_LAT23.75469_LON90.39519,2020,90.39519012585518,23.754690323823056,0.9858999397361728,0.0,0.0,0.014100060263827206,0.0,0.0,1,1,0,0,0,0,0,0,0.9990590513687134,999059.0513687134
Y2020_LAT23.75486_LON90.40499,2020,90.40499324206858,23.75485537337216,0.8366001282464207,0.0,0.0,0.16339987175357926,0.0,0.0,1,1,0,0,0,0,0,0,0.9990721291885376,999072.1291885376
Y2020_LAT23.75502_LON90.4148,2020,90.4147964469972,23.755019802046764,0.9977000143500062,0.0,0.0,0.002299985649993834,0.0,0.0,1,1,0,0,0,0,0,0,0.9990851598434448,999085.1598434448
Y2020_LAT23.75518_LON90.4246,2020,90.42459974029687,23.755183609872024,0.9717999826684453,0.020099978992134778,0.0,0.008100038339419932,0.0,0.0,1,1,0,0,0,0,0,0,0.9990981399230957,999098.1399230957
Y2020_LAT23.75535_LON90.4344,2020,90.43440312163821,23.755346796793834,0.9966000053859629,0.003399994614037028,0.0,0.0,0.0,0.0,1,1,0,0,0,0,0,0,0.9991110707931519,999111.0707931519
Y2020_LAT23.75551_LON90.44421,2020,90.44420659070467,23.755509362861847,1.0,0.0,0.0,0.0,0.0,0.0,1,1,0,0,0,0,0,0,0.9991239521331787,999123.9521331787
Y2020_LAT23.75567_LON90.45401,2020,90.4540101471481,23.75567130799374,0.9792998873352001,0.0,0.0,0.020700112664799895,0.0,0.0,1,1,0,0,0,0,0,0,0.9991367861785889,999136.7861785889
Y2020_LAT23.75583_LON90.46381,2020,90.46381379066433,23.755832632118793,0.7748000917854668,0.03639985264877249,0.10050009090537267,0.088299964660388,0.0,0.0,1,1,0,0,0,0,0,0,0.9991495694580078,999149.5694580078
Y2020_LAT23.75599_LON90.47362,2020,90.47361752085249,23.755993335209055,0.37609929232733724,0.0,0.5659006066251863,0.05800010104747651,0.0,0.0,3,0,0,1,0,0,0,0,0.9991623054504395,999162.3054504395
Y2020_LAT23.75615_LON90.48342,2020,90.48342133741092,23.756153417361674,0.518078598966524,0.01807796815400094,0.22002789310225107,0.24381553977722403,0.0,0.0,1,1,0,0,0,0,0,0,0.8401056873550415,840105.6873550415
Y2020_LAT23.75631_LON90.49323,2020,90.49322524001843,23.756312878533233,0.022727270032185075,0.0,0.0,0.9772727299678149,0.0,0.0,4,0,0,0,1,0,0,0,0.013189197273254395,13189.197273254395
Y2020_LAT23.76081_LON90.22836,2020,90.22835988964839,23.76081147358909,0.8776154364379364,0.011483361025780152,0.11090120253628342,0.0,0.0,0.0,1,1,0,0,0,0,0,0,0.6349572957382202,634957.2957382202
Y2020_LAT23.76099_LON90.23816,2020,90.23816212061057,23.760987148651456,0.6602993245455782,0.006100033414358212,0.01809991835510133,0.31550072368496246,0.0,0.0,1,1,0,0,0,0,0,0,0.9988431228637695,998843.1228637695
Y2020_LAT23.76116_LON90.24796,2020,90.2479644459894,23.761162203025258,0.6310989464281396,0.005400022046308243,0.34370113171010536,0.019799899815446782,0.0,0.0,1,1,0,0,0,0,0,0,0.9988569862213135,998856.9862213135
Y2020_LAT23.76134_LON90.25777,2020,90.2577668653888,23.761336636649737,0.21210048339673718,0.2143003463073872,0.4429986461202955,0.13060052417558027,0.0,0.0,3,0,0,1,0,0,0,1,0.9988708020477295,998870.8020477295
Y2020_LAT23.76151_LON90.26757,2020,90.26756937861607,23.761510449554255,0.6577007154483022,0.11919983476281464,0.0,0.22309944978888316,0.0,0.0,1,1,0,0,0,0,0,0,0.9988845694503784,998884.5694503784
Y2020_LAT23.76168_LON90.27737,2020,90.27737198516861,23.76168364164506,0.964600131012434,0.00869998170426574,0.0,0.02669988728330028,0.0,0.0,1,1,0,0,0,0,0,0,0.9988982833480835,998898.2833480835
Y2020_LAT23.76186_LON90.28717,2020,90.28717468493886,23.761856212904412,0.997800006461738,0.00010000065127701096,0.0020999928869849674,0.0,0.0,0.0,1,1,0,0,0,0,0,0,0.9989119513473511,998911.9513473511
Y2020_LAT23.76203_LON90.29698,2020,90.29697747734382,23.762028163329866,1.0,0.0,0.0,0.0,0.0,0.0,1,1,0,0,0,0,0,0,0.9989255701065064,998925.5701065063
Y2020_LAT23.7622_LON90.30678,2020,90.30678036212258,23.762199492944596,0.9308999534166338,0.013600044566700449,0.031800078968088105,0.02369992304857766,0.0,0.0,1,1,0,0,0,0,0,0,0.9989391392822266,998939.1392822266
Y2020_LAT23.76237_LON90.31658,2020,90.31658333913239,23.762370201657625,0.6107986793993964,0.0019000071033548464,0.05099999212570986,0.33580131897002946,0.0,0.0005000024015096418,1,1,0,0,0,0,0,0,0.9989526605072021,998952.6605072021
Y2020_LAT23.76254_LON90.32639,2020,90.32638640779447,23.762540289448026,0.11509971405273614,0.12150057411058761,0.011799965744212002,0.6630994676291738,0.0005999980200003646,0.0879002804432901,4,0,0,0,1,0,0,0,0.9989661312637329,998966.1312637329
Y2020_LAT23.76271_LON90.33619,2020,90.3361895678366,23.762709756351583,0.3354009643932912,0.3950989607665446,9.999933703099536e-05,0.22030026161168723,0.0,0.04909981389144611,2,0,1,0,0,0,0,1,0.9989795538330078,998979.5538330078
Y2020_LAT23.76288_LON90.34599,2020,90.34599281907632,23.762878602283685,0.9776000475932427,0.008800030619135462,0.0,0.013599921787621861,0.0,0.0,1,1,0,0,0,0,0,0,0.9989929205551148,998992.9205551147
Y2020_LAT23.76305_LON90.3558,2020,90.35579616093816,23.763046827230234,1.0,0.0,0.0,0.0,0.0,0.0,1,1,0,0,0,0,0,0,0.9990062505493164,999006.2505493164
Y2020_LAT23.76321_LON90.3656,2020,90.36559959324714,23.763214431236197,0.9944999873426733,0.005500012657326725,0.0,0.0,0.0,0.0,1,1,0,0,0,0,0,0,0.9990195251541137,999019.5251541138
Y2020_LAT23.76338_LON90.3754,2020,90.37540311576633,23.763381414237692,0.5071990387105496,0.3565004874660807,0.01250006323054372,0.12070039722883384,0.0,0.0031000133639921424,1,1,0,0,0,0,0,0,0.9990327504043579,999032.7504043579
Y2020_LAT23.76355_LON90.38521,2020,90.3852067277836,23.763547776097877,0.7600009610692129,0.20469924048029287,0.003099980450096439,0.032199818000397784,0.0,0.0,1,1,0,0,0,0,0,0,0.9990459269866944,999045.9269866943
Y2020_LAT23.76371_LON90.39501,2020,90.39501042943009,23.763713516960536,0.9889000659498054,0.011099934050194623,0.0,0.0,0.0,0.0,1,1,0,0,0,0,0,0,0.9990590551147461,999059.0551147461
Y2020_LAT23.76388_LON90.40481,2020,90.40481422001753,23.7638786367501,0.9221996137528843,0.0,0.0,0.07780038624711569,0.0,0.0,1,1,0,0,0,0,0,0,0.9990721333160401,999072.13331604
Y2020_LAT23.76404_LON90.41462,2020,90.41461809937496,23.764043135474466,0.8120007191206469,0.0,0.0,0.1879992808793531,0.0,0.0,1,1,0,0,0,0,0,0,0.999085162765503,999085.1627655029
Y2020_LAT23.76421_LON90.42442,2020,90.42442206719913,23.76420701298965,0.9847000669419059,0.0,0.0,0.015299933058094052,0.0,0.0,1,1,0,0,0,0,0,0,0.9990981413879394,999098.1413879395
Y2020_LAT23.76437_LON90.43423,2020,90.43422612297073,23.764370269374343,1.0,0.0,0.0,0.0,0.0,0.0,1,1,0,0,0,0,0,0,0.9991110741882324,999111.0741882324
Y2020_LAT23.76453_LON90.44403,2020,90.44403026665844,23.764532904578363,0.9898999943521903,0.0,0.0,0.010100005647809676,0.0,0.0,1,1,0,0,0,0,0,0,0.9991239546813965,999123.9546813965
Y2020_LAT23.76469_LON90.45383,2020,90.45383449767927,23.76469491859851,0.8959996183178053,0.04490007370869075,0.0,0.05670029281654213,0.0,0.0024000151569618412,1,1,0,0,0,0,0,0,0.9991367882461548,999136.7882461548
Y2020_LAT23.76486_LON90.46364,2020,90.46363881566843,23.764856311400155,0.7324995921637124,0.0,0.1099005833044621,0.12559991148467897,0.008300043687457442,0.023699869359689194,1,1,0,0,0,0,0,0,0.999149572227478,999149.572227478
Y2020_LAT23.76502_LON90.47344,2020,90.47344322047181,23.765017082957055,0.23099986658211474,0.0,0.7331001254310769,0.03580000861424125,9.999937256705421e-05,0.0,3,0,0,1,0,0,0,0,0.9991623054504395,999162.3054504395
Y2020_LAT23.76518_LON90.48325,2020,90.48324771175145,23.76517723326621,0.3957499310090433,0.001403370624858146,0.3570563236014106,0.24418652537309085,0.0016038493915971005,0.0,1,1,0,0,0,0,0,1,0.49838690830993654,498386.9083099365
Y2020_LAT23.76983_LON90.22817,2020,90.2281686374244,23.769833420109688,0.9363057174032478,0.06369428259675222,0.0,0.0,0.0,0.0,1,1,0,0,0,0,0,0,0.1254535876083374,125453.5876083374
Y2020_LAT23.77001_LON90.23797,2020,90.23797154263815,23.770009169948537,0.6983815025608711,0.0043864314544769896,0.0,0.2972320659846519,0.0,0.0,1,1,0,0,0,0,0,0,0.9563925403823853,956392.5403823853
Y2020_LAT23.77018_LON90.24777,2020,90.24777454231223,23.77018429878142,0.6770987588392804,0.0,0.3229012411607196,0.0,0.0,0.0,1,1,0,0,0,0,0,0,0.998856989074707,998856.989074707
Y2020_LAT23.77036_LON90.25758,2020,90.25757763606937,23.770358806663783,0.6828005915539082,0.0,0.2145992037586932,0.10260020468739878,0.0,0.0,1,1,0,0,0,0,0,0,0.9988708050308227,998870.8050308228
Y2020_LAT23.77053_LON90.26738,2020,90.26738082362911,23.77053269346265,0.8427993201489902,0.03760008762330512,0.0,0.11960059222770471,0.0,0.0,1,1,0,0,0,0,0,0,0.9988845719375611,998884.571937561
Y2020_LAT23.77071_LON90.27718,2020,90.27718410465431,23.77070595923242,0.896500250884767,0.003599989149199709,0.03900006472598016,0.060899695240053064,0.0,0.0,1,1,0,0,0,0,0,0,0.9988982871780395,998898.2871780396
Y2020_LAT23.77088_LON90.28699,2020,90.28698747876511,23.770878603944194,0.5569993881320505,0.07789998165414777,0.36280063053286227,0.002299999680939469,0.0,0.0,1,1,0,0,0,0,0,0,0.9989119547119141,998911.9547119141
Y2020_LAT23.77105_LON90.29679,2020,90.29679094568877,23.77105062758184,0.7912001267928336,0.022900075139896715,0.14099965126633307,0.04490014680093664,0.0,0.0,1,1,0,0,0,0,0,0,0.998925573638916,998925.573638916
Y2020_LAT23.77122_LON90.30659,2020,90.30659450499972,23.77122203003455,0.976400106789115,0.0195999125678152,0.003899981316212042,9.99993268577613e-05,0.0,0.0,1,1,0,0,0,0,0,0,0.9989391431045532,998939.1431045532
Y2020_LAT23.77139_LON90.3164,2020,90.31639815643658,23.77139281141807,0.5816991904793553,0.009599965932263924,0.020400081877590005,0.38830076171079075,0.0,0.0,1,1,0,0,0,0,0,0,0.9989526626663208,998952.6626663208
Y2020_LAT23.77156_LON90.3262,2020,90.32620189962677,23.771562971608304,0.15809979149811804,0.03390000244925156,0.018400005873980625,0.7451000692909032,0.00480002529627014,0.03970010559147639,4,0,0,0,1,0,0,0,0.9989661340637207,998966.1340637207
Y2020_LAT23.77173_LON90.33601,2020,90.33600573426834,23.771732510588965,0.2617006099832722,0.2598997795540725,0.0,0.43379970141418794,0.0006999987867960508,0.043899910261671074,4,0,0,0,1,0,0,1,0.9989795559997559,998979.5559997559
Y2020_LAT23.7719_LON90.34581,2020,90.34580966010452,23.77190142837294,0.8144007737530881,0.0,0.0,0.18559922624691197,0.0,0.0,1,1,0,0,0,0,0,0,0.9989929302902222,998992.9302902222
Y2020_LAT23.77207_LON90.35561,2020,90.35561367664954,23.772069724907464,1.0,0.0,0.0,0.0,0.0,0.0,1,1,0,0,0,0,0,0,0.9990062533035279,999006.2533035278
Y2020_LAT23.77224_LON90.36542,2020,90.36541778357672,23.77223740023536,1.0,0.0,0.0,0.0,0.0,0.0,1,1,0,0,0,0,0,0,0.9990195277862549,999019.5277862549
Y2020_LAT23.7724_LON90.37522,2020,90.37522198066777,23.77240445418439,0.9966999804937677,0.0033000195062322843,0.0,0.0,0.0,0.0,1,1,0,0,0,0,0,0,0.9990327540359497,999032.7540359497
Y2020_LAT23.77257_LON90.38503,2020,90.3850262675189,23.77257088690493,0.8354999672509703,0.1512000142892128,0.013300018459817013,0.0,0.0,0.0,1,1,0,0,0,0,0,0,0.999045929725647,999045.929725647
Y2020_LAT23.77274_LON90.39483,2020,90.39483064385604,23.772736698317658,0.9895000624625441,0.010499937537455943,0.0,0.0,0.0,0.0,1,1,0,0,0,0,0,0,0.9990590583343506,999059.0583343506
Y2020_LAT23.7729_LON90.40464,2020,90.40463510921352,23.772901888335102,0.9993999962112596,0.0,0.0,0.0006000037887403476,0.0,0.0,1,1,0,0,0,0,0,0,0.9990721367263794,999072.1367263794
Y2020_LAT23.77307_LON90.41444,2020,90.41443966335169,23.773066456979556,0.6802991974291922,0.00010000046529688592,0.0,0.3196008021055109,0.0,0.0,1,1,0,0,0,0,0,0,0.9990851645202636,999085.1645202637
Y2020_LAT23.77323_LON90.42424,2020,90.42424430601035,23.773230404240934,0.8896005087447024,0.0,0.0,0.1103994912552976,0.0,0.0,1,1,0,0,0,0,0,0,0.9990981454467773,999098.1454467773
Y2020_LAT23.77339_LON90.43405,2020,90.43404903666072,23.773393730153238,0.9664998364852668,0.005400006214238283,0.0,0.024500134734106366,0.0036000225663885507,0.0,1,1,0,0,0,0,0,0,0.9991110755233764,999111.0755233765
Y2020_LAT23.77356_LON90.44385,2020,90.44385385512356,23.773556434545352,0.23109996222288712,0.09770017135763599,0.0,0.6453999098103944,0.025799956609082467,0.0,4,0,0,0,1,0,0,0,0.9991239581298829,999123.9581298828
Y2020_LAT23.77372_LON90.45366,2020,90.4536587610521,23.773718517509927,0.18690016302584206,0.6378002446649019,0.019700043216733205,0.05979976419827862,0.0018000031133136632,0.0939997817809305,2,0,1,0,0,0,0,0,0.9991367903137207,999136.7903137207
Y2020_LAT23.77388_LON90.46346,2020,90.46346375401616,23.77387997896651,0.13529990621296195,0.10219949874755811,0.163100434740415,0.5696002284106768,0.008200035420617882,0.021599896467770247,4,0,0,0,1,0,0,0,0.9991495749282837,999149.5749282837
Y2020_LAT23.77404_LON90.47327,2020,90.47326883379803,23.77404081891772,0.08150023177260007,0.0,0.8402996257659893,0.07320014341970245,0.00499999904170823,0.0,3,0,0,1,0,0,0,0,0.9991623054504395,999162.3054504395
Y2020_LAT23.7742_LON90.48307,2020,90.48307400000965,23.774201037396843,0.23258968355252546,0.0,0.38101586162277945,0.3863944548246951,0.0,0.0,4,0,0,0,1,0,0,1,0.3715918806991577,371591.8806991577
Y2020_LAT23.77903_LON90.23778,2020,90.23778087024198,23.77903117932616,0.6646699276373045,0.0,0.0,0.3353300723626955,0.0,0.0,1,1,0,0,0,0,0,0,0.33331506922912596,333315.069229126
Y2020_LAT23.77921_LON90.24758,2020,90.24758454448232,23.77920638265439,0.9961999748799133,0.0,0.0038000251200866497,0.0,0.0,0.0,1,1,0,0,0,0,0,0,0.9988569926681519,998856.9926681519
Y2020_LAT23.77938_LON90.25739,2020,90.25738831298713,23.779380964660106,0.9585002043618864,0.0,0.04149979563811353,0.0,0.0,0.0,1,1,0,0,0,0,0,0,0.9988708076705932,998870.8076705933
Y2020_LAT23.77955_LON90.26719,2020,90.2671921752579,23.779554925466496,0.8974994417166392,0.0,0.09930053844230873,0.00320001984105213,0.0,0.0,1,1,0,0,0,0,0,0,0.9988845736846924,998884.5736846924
Y2020_LAT23.77973_LON90.277,2020,90.27699613101784,23.77972826495153,0.29339985996762136,0.008800005198830629,0.4202998708319482,0.27750026400159983,0.0,0.0,3,0,0,1,0,0,0,1,0.9988982905731201,998898.2905731201
Y2020_LAT23.7799_LON90.2868,2020,90.28680017985353,23.779900983053583,0.04969988008283219,0.00999997999975377,0.8214005144366303,0.11889962548078375,0.0,0.0,3,0,0,1,0,0,0,0,0.9989119572601318,998911.9572601318
Y2020_LAT23.78007_LON90.2966,2020,90.29660432153942,23.780073079838317,0.3550010720073124,0.02180010697294362,0.597998752812137,0.025200068207607,0.0,0.0,3,0,0,1,0,0,0,0,0.998925576133728,998925.576133728
Y2020_LAT23.78024_LON90.30641,2020,90.30640855569301,23.780244555222104,0.8098004959359917,0.0414998188915494,0.09799955129425195,0.050700133878207,0.0,0.0,1,1,0,0,0,0,0,0,0.9989391450195313,998939.1450195312
Y2020_LAT23.78042_LON90.31621,2020,90.31621288199962,23.780415409211372,0.28509954904334056,0.005399989146517,0.036700130512461404,0.6325003929196241,0.0,0.04029993837805695,4,0,0,0,1,0,0,0,0.9989526665267945,998952.6665267944
Y2020_LAT23.78059_LON90.32602,2020,90.32601730007362,23.780585641787265,0.2914011514410872,0.03690000271182847,0.06119995282934784,0.6075988858195956,0.0,0.0029000071981408982,4,0,0,0,1,0,0,0,0.9989661368026733,998966.1368026733
Y2020_LAT23.78076_LON90.33582,2020,90.33582180971567,23.78075525291085,0.7434002772706507,0.0862997530407728,9.999933659644226e-05,0.17019997035198015,0.0,0.0,1,1,0,0,0,0,0,0,0.9989795581741333,998979.5581741333
Y2020_LAT23.78092_LON90.34563,2020,90.34562641029187,23.780924242580376,0.7751005145055536,0.02059994403054774,0.0002999993535199435,0.20399954211037874,0.0,0.0,1,1,0,0,0,0,0,0,0.9989929364547729,998992.936454773
Y2020_LAT23.78109_LON90.35543,2020,90.35543110185843,23.781092610693655,0.9771999512025057,0.0031000013019216767,0.0,0.019700047495572644,0.0,0.0,1,1,0,0,0,0,0,0,0.9990062554244995,999006.2554244995
Y2020_LAT23.78126_LON90.36524,2020,90.36523588379275,23.781260357308057,1.0,0.0,0.0,0.0,0.0,0.0,1,1,0,0,0,0,0,0,0.9990195310516358,999019.5310516357
Y2020_LAT23.78143_LON90.37504,2020,90.37504075589361,23.781427482373413,0.9501997127754187,0.0024000152320426678,0.0,0.04740027199253864,0.0,0.0,1,1,0,0,0,0,0,0,0.9990327562866211,999032.7562866211
Y2020_LAT23.78159_LON90.38485,2020,90.38484571781854,23.781593985947048,0.6257011574464941,0.32219905238764956,0.001099996897271721,0.05099979326858456,0.0,0.0,1,1,0,0,0,0,0,0,0.9990459323730468,999045.9323730469
Y2020_LAT23.78176_LON90.39465,2020,90.39465076911613,23.781759867802887,1.0,0.0,0.0,0.0,0.0,0.0,1,1,0,0,0,0,0,0,0.9990590604019165,999059.0604019165
Y2020_LAT23.78193_LON90.40446,2020,90.4044559096802,23.781925128054173,0.9929000229465231,0.0,0.0,0.007099977053476875,0.0,0.0,1,1,0,0,0,0,0,0,0.999072138671875,999072.138671875
Y2020_LAT23.78209_LON90.41426,2020,90.41426113889632,23.782089766771552,0.8950000787449052,0.0,0.0,0.1049999212550948,0.0,0.0,1,1,0,0,0,0,0,0,0.9990851678619385,999085.1678619385
Y2020_LAT23.78225_LON90.42407,2020,90.42406645664691,23.782253783813083,0.8358008294937361,0.0,0.0,0.16419917050626384,0.0,0.0,1,1,0,0,0,0,0,0,0.9990981482925415,999098.1482925415
Y2020_LAT23.78242_LON90.43387,2020,90.43387186256976,23.78241717909984,0.9818998949522072,0.001700010686602968,0.0011000068030131297,0.003200020193218727,0.01210006736495795,0.0,1,1,0,0,0,0,0,0,0.9991110791854858,999111.0791854858
Y2020_LAT23.78258_LON90.44368,2020,90.44367735622691,23.782579952763438,0.2739001590806841,0.014299957507732816,0.03689993128489637,0.6534000147485817,0.02149993737810505,0.0,4,0,0,0,1,0,0,0,0.9991239601974488,999123.9601974487
Y2020_LAT23.78274_LON90.45348,2020,90.45348293729924,23.78274210462299,0.022099879595614356,0.0017000099725854628,0.13150022297298958,0.811299703434933,0.0012000042366160637,0.03220017978726161,4,0,0,0,1,0,0,0,0.9991367923583985,999136.7923583984
Y2020_LAT23.7829_LON90.46329,2020,90.4632886056146,23.78290363476873,0.04210022220737915,0.10239968051224817,0.4686001288144219,0.30020026383534726,0.00259999233457154,0.08409971229603212,3,0,0,1,0,0,0,1,0.9991495774154663,999149.5774154663
Y2020_LAT23.78306_LON90.47309,2020,90.47309436063489,23.78306454319206,0.310714531927834,0.0,0.20096924319377865,0.4838156108508477,0.0,0.004500614027539721,4,0,0,0,1,0,0,1,0.5772146720275879,577214.6720275879
Y2020_LAT23.78322_LON90.4829,2020,90.48290020213764,23.78322482975275,0.0,0.0,0.0,0.0,0.0,0.0,1,1,0,0,0,0,0,1,0.0,0.0
Y2020_LAT23.78805_LON90.23759,2020,90.23759010331662,23.78805317659742,1.0,0.0,0.0,0.0,0.0,0.0,1,1,0,0,0,0,0,0,0.015382285095214844,15382.285095214844
Y2020_LAT23.78823_LON90.24739,2020,90.24739445257077,23.788228454460032,0.9777432097719313,0.006552245882684324,0.0,0.015704544345384413,0.0,0.0,1,1,0,0,0,0,0,0,0.9604012449340821,960401.244934082
Y2020_LAT23.7884_LON90.2572,2020,90.25719889607419,23.78840311079776,1.0,0.0,0.0,0.0,0.0,0.0,1,1,0,0,0,0,0,0,0.9988708102188111,998870.810218811
Y2020_LAT23.78858_LON90.267,2020,90.26700343342867,23.788577145484922,0.9570000071550834,0.02489991642613157,0.014500087160609963,0.0035999892581751593,0.0,0.0,1,1,0,0,0,0,0,0,0.9988845748519898,998884.5748519897
Y2020_LAT23.78875_LON90.27681,2020,90.2768080641597,23.788750558677172,0.813999978540903,0.0,0.18249999834706354,0.0035000231120334143,0.0,0.0,1,1,0,0,0,0,0,0,0.9988982936248779,998898.2936248779
Y2020_LAT23.78892_LON90.28661,2020,90.28661278815758,23.788923350292766,0.05759970806063002,0.022100083934118407,0.5302006230864935,0.39009958491875807,0.0,0.0,3,0,0,1,0,0,0,0,0.9989119608459472,998911.9608459473
Y2020_LAT23.7891_LON90.29642,2020,90.2964176049781,23.78909552023466,0.3804013236118689,0.019000059773557305,0.3170989968790722,0.2834996197355016,0.0,0.0,1,1,0,0,0,0,0,1,0.998925578781128,998925.5787811279
Y2020_LAT23.78927_LON90.30622,2020,90.30622251427266,23.789267068588416,0.7208993379413807,0.004299990197625726,0.022400064276879683,0.2524006075841139,0.0,0.0,1,1,0,0,0,0,0,0,0.9989391476898193,998939.1476898193
Y2020_LAT23.78944_LON90.31603,2020,90.31602751569397,23.78943799523181,0.3733000238302369,0.006199993463743056,0.011699983024132719,0.5724000784356791,0.0,0.03639992124620825,4,0,0,0,1,0,0,0,0.9989526684951783,998952.6684951782
Y2020_LAT23.78961_LON90.32583,2020,90.32583260912646,23.789608300122723,0.6949009544867996,0.0001999998397513175,0.0,0.3048990456734491,0.0,0.0,1,1,0,0,0,0,0,0,0.9989661400756836,998966.1400756836
Y2020_LAT23.78978_LON90.33564,2020,90.33563779382342,23.789777983385996,0.7613997762070335,0.0,0.0,0.2386002237929665,0.0,0.0,1,1,0,0,0,0,0,0,0.9989795618286132,998979.5618286133
Y2020_LAT23.78995_LON90.34544,2020,90.34544306975062,23.789947044838637,0.9991000016284435,0.0008999983715564688,0.0,0.0,0.0,0.0,1,1,0,0,0,0,0,0,0.9989929388122558,998992.9388122559
Y2020_LAT23.79012_LON90.35525,2020,90.35524843665517,23.790115484590547,0.9937999871985779,0.0004999994188751789,0.0,0.005700013382547006,0.0,0.0,1,1,0,0,0,0,0,0,0.9990062575302124,999006.2575302124
Y2020_LAT23.79028_LON90.36505,2020,90.36505389383696,23.790283302504637,1.0,0.0,0.0,0.0,0.0,0.0,1,1,0,0,0,0,0,0,0.9990195340881348,999019.5340881348
Y2020_LAT23.79045_LON90.37486,2020,90.37485944136164,23.790450498703276,0.9133995583044465,0.02120012849083134,0.0,0.061700291977617776,0.0037000212271044585,0.0,1,1,0,0,0,0,0,0,0.9990327585830688,999032.7585830688
Y2020_LAT23.79062_LON90.38467,2020,90.38466507857925,23.790617072987214,0.8561006795505873,0.10259948063712364,0.0,0.04129983981228898,0.0,0.0,1,1,0,0,0,0,0,0,0.9990459353637695,999045.9353637695
Y2020_LAT23.79078_LON90.39447,2020,90.39447080530314,23.79078302544955,0.9998999996940664,0.0001000003059336165,0.0,0.0,0.0,0.0,1,1,0,0,0,0,0,0,0.9990590620727539,999059.0620727539
Y2020_LAT23.79095_LON90.40428,2020,90.40427662132565,23.790948356082836,0.9996000016222786,0.0,0.0,0.00039999837772143794,0.0,0.0,1,1,0,0,0,0,0,0,0.9990721404647828,999072.1404647827
Y2020_LAT23.79111_LON90.41408,2020,90.41408252599528,23.791113064692745,0.9301002087595127,0.008499970307140902,0.0,0.06139982093334639,0.0,0.0,1,1,0,0,0,0,0,0,0.9990851703796386,999085.1703796387
Y2020_LAT23.79128_LON90.42389,2020,90.42388851925058,23.79127715145555,0.9029003334008203,0.0,0.0,0.09709966659917973,0.0,0.0,1,1,0,0,0,0,0,0,0.9990981497879028,999098.1497879028
Y2020_LAT23.79144_LON90.43369,2020,90.43369460060386,23.791440616295244,1.0,0.0,0.0,0.0,0.0,0.0,1,1,0,0,0,0,0,0,0.9991110805664063,999111.0805664062
Y2020_LAT23.7916_LON90.4435,2020,90.44350076984269,23.791603459055196,0.7338000193624776,0.0073999737193798714,0.20149997271130454,0.05670003626629131,0.000599997940546613,0.0,1,1,0,0,0,0,0,0,0.9991239636764526,999123.9636764526
Y2020_LAT23.79177_LON90.45331,2020,90.45330702655826,23.79176567997596,0.15799955021751946,0.24750079337130446,0.16029982657606864,0.33519958952299356,0.015099946969604759,0.08390029334250915,4,0,0,0,1,0,0,1,0.9991367950439453,999136.7950439453
Y2020_LAT23.79193_LON90.46311,2020,90.46311337030475,23.791927278821454,0.2694005762079315,0.2356991370866111,0.27220060716984257,0.17649990049906536,0.0,0.046199779036549454,3,0,0,1,0,0,0,1,0.9991495792160034,999149.5792160034
Y2020_LAT23.79209_LON90.47292,2020,90.47291980105021,23.79208825562145,0.21398423469068728,0.0006019224751368633,0.4807379776668464,0.30246878937779376,0.0,0.002207075789535701,3,0,0,1,0,0,0,1,0.9959649670562745,995964.9670562744
Y2020_LAT23.79225_LON90.48273,2020,90.48272631819844,23.792248610374624,0.0448509531888229,0.04750678685298203,0.3174975375737052,0.5582768458045059,0.0,0.031867876579983995,4,0,0,0,1,0,0,0,0.3386191935882568,338619.19358825684
Y2020_LAT23.79725_LON90.2472,2020,90.24720426655135,23.797250514278943,0.8632614473822894,0.024399498899773893,0.0,0.11233905371793668,0.0,0.0,1,1,0,0,0,0,0,0,0.7860017212905884,786001.7212905884
Y2020_LAT23.79743_LON90.25701,2020,90.25700938527707,23.79742524481358,0.8848997036057942,0.0016000081007121565,0.0,0.11350028829349366,0.0,0.0,1,1,0,0,0,0,0,0,0.9988708134765625,998870.8134765625
Y2020_LAT23.7976_LON90.26681,2020,90.26681459801992,23.79759935357892,0.9912000186279619,0.0,0.0,0.008799981372038093,0.0,0.0,1,1,0,0,0,0,0,0,0.9988845763473511,998884.5763473511
Y2020_LAT23.79777_LON90.27662,2020,90.27661990422925,23.797772840465942,0.8675002164495533,0.004000006851236998,0.00019999950736742113,0.1282997771918422,0.0,0.0,1,1,0,0,0,0,0,0,0.9988982963256836,998898.2963256836
Y2020_LAT23.79795_LON90.28643,2020,90.28642530362129,23.797945705505228,0.7223002100706836,0.029999897317324074,0.018900069560903652,0.22879982305108876,0.0,0.0,1,1,0,0,0,0,0,0,0.9989119629364014,998911.9629364014
Y2020_LAT23.79812_LON90.29623,2020,90.29623079589055,23.798117948708644,0.42879931304879276,0.0039000151809033727,0.10190023167915316,0.4654004400911507,0.0,0.0,4,0,0,0,1,0,0,1,0.9989255823898315,998925.5823898315
Y2020_LAT23.79829_LON90.30604,2020,90.30603638069547,23.79828956991583,0.017599919557203893,0.0012999930481870088,0.12579963001878838,0.8540004526728137,0.0,0.0013000047030070608,4,0,0,0,1,0,0,0,0.9989391515960694,998939.1515960693
Y2020_LAT23.79846_LON90.31584,2020,90.31584205760416,23.798460569223078,0.0,0.011199952148186669,0.05370019374729338,0.9271998839308362,0.0,0.00789997017368378,4,0,0,0,1,0,0,0,0.9989526717758179,998952.6717758179
Y2020_LAT23.79863_LON90.32565,2020,90.32564782655705,23.79863094659514,0.17000073977643537,0.02370006471477344,0.06640001537891842,0.7324991679690872,0.007400012160785716,0.0,4,0,0,0,1,0,0,0,0.9989661425094605,998966.1425094604
Y2020_LAT23.7988_LON90.33545,2020,90.33545368682985,23.798800701915248,0.8816000808948646,0.02359988666659249,9.999936641508304e-05,0.09470003307212758,0.0,0.0,1,1,0,0,0,0,0,0,0.9989795654678345,998979.5654678345
Y2020_LAT23.79897_LON90.34526,2020,90.3452596384617,23.798969835327316,0.8480005254085741,0.027499982108217847,0.0,0.1244994924832081,0.0,0.0,1,1,0,0,0,0,0,0,0.9989929389953613,998992.9389953613
Y2020_LAT23.79914_LON90.35507,2020,90.35506568082454,23.799138346676852,1.0,0.0,0.0,0.0,0.0,0.0,1,1,0,0,0,0,0,0,0.9990062610778808,999006.2610778809
Y2020_LAT23.79931_LON90.36487,2020,90.36487181381128,23.799306235971265,1.0,0.0,0.0,0.0,0.0,0.0,1,1,0,0,0,0,0,0,0.9990195365142822,999019.5365142822
Y2020_LAT23.79947_LON90.37468,2020,90.37467803696323,23.79947350314875,1.0,0.0,0.0,0.0,0.0,0.0,1,1,0,0,0,0,0,0,0.9990327621307373,999032.7621307373
Y2020_LAT23.79964_LON90.38448,2020,90.38448434988418,23.79964014829496,0.9856000527674699,0.0,0.0,0.014399947232530111,0.0,0.0,1,1,0,0,0,0,0,0,0.9990459382476806,999045.9382476807
Y2020_LAT23.79981_LON90.39429,2020,90.39429075234119,23.799806171282878,0.7994990894963608,0.1446006500693184,0.0,0.055900260434320725,0.0,0.0,1,1,0,0,0,0,0,0,0.99905906615448,999059.06615448
Y2020_LAT23.79997_LON90.4041,2020,90.40409724415045,23.7999715721438,0.9087004914453414,0.05619969739715481,0.0,0.03509981115750385,0.0,0.0,1,1,0,0,0,0,0,0,0.9990721441192627,999072.1441192627
Y2020_LAT23.80014_LON90.4139,2020,90.4139038245308,23.800136350824417,0.8717994712128896,0.0,0.0,0.1282005287871104,0.0,0.0,1,1,0,0,0,0,0,0,0.9990851726455688,999085.1726455688
Y2020_LAT23.8003_LON90.42371,2020,90.4237104937259,23.800300507329418,0.9896000602892288,0.0,0.0,0.010399939710771196,0.0,0.0,1,1,0,0,0,0,0,0,0.9990981535568237,999098.1535568237
Y2020_LAT23.80046_LON90.43352,2020,90.43351725086663,23.80046404161673,0.9488997613378385,0.010800054956035143,0.0010000063228965256,0.03920017674788553,0.0,0.00010000063534412554,1,1,0,0,0,0,0,0,0.9991110838470459,999111.0838470459
Y2020_LAT23.80063_LON90.44332,2020,90.44332409596677,23.800626953769726,0.520199499981182,0.18140046245355496,0.26920014711038315,0.004299991769898153,0.0,0.024899898684981932,1,1,0,0,0,0,0,0,0.9991239659347534,999123.9659347534
Y2020_LAT23.80079_LON90.45313,2020,90.45313102860304,23.80078924353125,0.504500566786985,0.41219960152773744,0.06889989138887681,0.006099982489643478,0.0,0.008299957806757265,1,1,0,0,0,0,0,0,0.9991367979660034,999136.7979660034
Y2020_LAT23.80095_LON90.46294,2020,90.46293804826024,23.800950911081745,0.4535995154729035,0.05229973728610371,0.4605007740627159,0.014300015373134491,0.0,0.019299957805142213,3,0,0,1,0,0,0,1,0.9991495805892945,999149.5805892944
Y2020_LAT23.80111_LON90.47275,2020,90.47274515495704,23.801111956381202,0.6505008462226838,0.0013999983083836732,0.2871990977186385,0.06070005798322686,0.0,0.00019999976706714295,1,1,0,0,0,0,0,0,0.9991623117599487,999162.3117599487
Y2020_LAT23.80127_LON90.48255,2020,90.48255234803564,23.80127237926544,0.6155412663571523,0.125255913525622,0.0035787388394504702,0.23721912236283615,0.0,0.018404958914939058,1,1,0,0,0,0,0,0,0.5863144399108887,586314.4399108887
Y2020_LAT23.80627_LON90.24701,2020,90.24701398626348,23.806272562241883,0.6401786485632209,0.0014318383219440781,0.02835039501012117,0.3300391181047138,0.0,0.0,1,1,0,0,0,0,0,0,0.6976031843338013,697603.1843338013
Y2020_LAT23.80645_LON90.25682,2020,90.25681978070311,23.806447367020546,0.9843999905811155,0.007900037968666276,0.0,0.007699971450218272,0.0,0.0,1,1,0,0,0,0,0,0,0.9988708167648316,998870.8167648315
Y2020_LAT23.80662_LON90.26663,2020,90.26662566907555,23.80662154980031,0.9522998399389244,0.02050006431372568,0.0025999953516205442,0.024600100395729314,0.0,0.0,1,1,0,0,0,0,0,0,0.9988845842590331,998884.5842590332
Y2020_LAT23.8068_LON90.27643,2020,90.27643165109296,23.806795110431324,0.5153999047195319,0.01680002710095091,0.038900125667013515,0.42889994251250363,0.0,0.0,1,1,0,0,0,0,0,0,0.9988982985076904,998898.2985076904
Y2020_LAT23.80697_LON90.28624,2020,90.28623772619403,23.80696804893316,0.7845002095523141,0.0,0.03659980883160039,0.17889998161608547,0.0,0.0,1,1,0,0,0,0,0,0,0.9989119661178589,998911.9661178589
Y2020_LAT23.80714_LON90.29604,2020,90.29604389431331,23.80714036519484,0.674699614592929,0.0001000004931354227,0.011900067305966246,0.31330031760796934,0.0,0.0,1,1,0,0,0,0,0,0,0.9989255854187011,998925.5854187012
Y2020_LAT23.80731_LON90.30585,2020,90.3058501548795,23.807312059403436,0.1975996333570381,0.001900012493501948,0.21030026459855963,0.5902000895509003,0.0,0.0,4,0,0,0,1,0,0,0,0.9989391535263061,998939.1535263062
Y2020_LAT23.80748_LON90.31566,2020,90.31565650773749,23.807483131377893,0.0019999867435319257,0.014099932129459094,0.15199982831420752,0.7318997039331969,0.1000005488796045,0.0,4,0,0,0,1,0,0,0,0.9989526738433838,998952.6738433838
Y2020_LAT23.80765_LON90.32546,2020,90.32546295242372,23.807653581111232,0.0028999846738110156,0.0,0.31090010423064296,0.5015005987566235,0.18469931233892262,0.0,4,0,0,0,1,0,0,0,0.9989661453704834,998966.1453704834
Y2020_LAT23.80782_LON90.33527,2020,90.33526948874122,23.80782340866654,0.07480026645405446,0.14739987967674686,0.2961995260830919,0.4700003454444366,0.011599982341670216,0.0,4,0,0,0,1,0,0,1,0.9989795685806274,998979.5685806274
Y2020_LAT23.80799_LON90.34508,2020,90.34507611620025,23.80799261389139,0.6259005869424815,0.13629977022491657,0.0014000013555826839,0.23639964147701922,0.0,0.0,1,1,0,0,0,0,0,0,0.9989929389953613,998992.9389953613
Y2020_LAT23.80816_LON90.35488,2020,90.35488283462158,23.808161196892865,0.9474001325384648,0.052599867461535214,0.0,0.0,0.0,0.0,1,1,0,0,0,0,0,0,0.9990062643737793,999006.2643737793
Y2020_LAT23.80833_LON90.36469,2020,90.36468964352085,23.808329157484692,0.9800000374569215,0.019999962543078422,0.0,0.0,0.0,0.0,1,1,0,0,0,0,0,0,0.9990195391616822,999019.5391616821
Y2020_LAT23.8085_LON90.3745,2020,90.37449654264427,23.808496495836255,1.0,0.0,0.0,0.0,0.0,0.0,1,1,0,0,0,0,0,0,0.9990327639770508,999032.7639770508
Y2020_LAT23.80866_LON90.3843,2020,90.3843035316802,23.808663211747557,1.0,0.0,0.0,0.0,0.0,0.0,1,1,0,0,0,0,0,0,0.9990459408721923,999045.9408721924
Y2020_LAT23.80883_LON90.39411,2020,90.39411061027911,23.80882930532484,0.8882000645332723,0.019199992837401116,0.0,0.09259994262932657,0.0,0.0,1,1,0,0,0,0,0,0,0.9990590691299438,999059.0691299438
Y2020_LAT23.80899_LON90.40392,2020,90.40391777799685,23.80899477641592,0.9838999317381134,0.0,0.0,0.016100068261886636,0.0,0.0,1,1,0,0,0,0,0,0,0.9990721471939087,999072.1471939087
Y2020_LAT23.80916_LON90.41373,2020,90.41372503467097,23.809159625194418,0.9775999249206222,0.0,0.0,0.022400075079377746,0.0,0.0,1,1,0,0,0,0,0,0,0.999085176399231,999085.176399231
Y2020_LAT23.80932_LON90.42353,2020,90.42353237991689,23.80932385149931,0.998999993642498,0.0010000063575019706,0.0,0.0,0.0,0.0,1,1,0,0,0,0,0,0,0.9990981556777954,999098.1556777954
Y2020_LAT23.80949_LON90.43334,2020,90.43333981333951,23.80948745529724,0.9929000419927303,0.007099958007269723,0.0,0.0,0.0,0.0,1,1,0,0,0,0,0,0,0.9991110865402222,999111.0865402222
Y2020_LAT23.80965_LON90.44315,2020,90.44314733453504,23.809650436574852,0.5507989302485695,0.15290012906300224,0.23120083801851793,0.0,0.0,0.06510010266991034,1,1,0,0,0,0,0,0,0.999123968383789,999123.9683837891
Y2020_LAT23.80981_LON90.45295,2020,90.45295494343091,23.80981279535805,0.09130025150805382,0.6852000494820347,0.12919952003847782,0.023100048079144543,0.0,0.07120013089228908,2,0,1,0,0,0,0,0,0.9991368009262085,999136.8009262085
Y2020_LAT23.80997_LON90.46276,2020,90.46276263939755,23.80997453160247,0.02759987918766123,0.4924995208905265,0.31570052711573926,0.05520019092548293,0.0,0.10899988188059008,2,0,1,0,0,0,0,1,0.9991495819778442,999149.5819778442
Y2020_LAT23.81014_LON90.47257,2020,90.47257042239056,23.81013564529753,0.12840031202437616,0.5264000895097949,0.11979952875564008,0.1953000691252875,0.0,0.030100000584901584,2,0,1,0,0,0,0,0,0.9991623229980469,999162.3229980469
Y2020_LAT23.8103_LON90.48238,2020,90.48237829174252,23.810296136432793,0.017503480866903832,0.6443491320916845,0.00021879337102391908,0.3335527180553794,0.0,0.004375875615008247,2,0,1,0,0,0,0,0,0.9133453850784302,913345.3850784302
Y2020_LAT23.81046_LON90.49219,2020,90.49218624744012,23.810456004957235,0.0,0.0,0.0,0.0,0.0,0.0,1,1,0,0,0,0,0,1,0.0,0.0
Y2020_LAT23.81387_LON90.16838,2020,90.16837526889276,23.813873164051003,0.0,0.0,1.0,0.0,0.0,0.0,3,0,0,1,0,0,0,0,0.012684135070800781,12684.135070800781
Y2020_LAT23.81405_LON90.17818,2020,90.17818097601702,23.814053020972818,0.0,0.0,1.0,0.0,0.0,0.0,3,0,0,1,0,0,0,0,0.00649189047241211,6491.890472412109
Y2020_LAT23.81423_LON90.18799,2020,90.1879867797294,23.81423225578895,0.0,0.0,1.0,0.0,0.0,0.0,3,0,0,1,0,0,0,0,0.008689298416137695,8689.298416137695
Y2020_LAT23.81529_LON90.24682,2020,90.24682361169884,23.81529459808003,0.6356703721968435,0.0012461008180001962,0.026479645526381886,0.3366038814587743,0.0,0.0,1,1,0,0,0,0,0,0,0.6412677857971192,641267.7857971191
Y2020_LAT23.81547_LON90.25663,2020,90.25663008222348,23.81546947719915,0.884200022159672,0.002999991748281201,0.0,0.11279998609204689,0.0,0.0,1,1,0,0,0,0,0,0,0.9988708199768066,998870.8199768066
Y2020_LAT23.81564_LON90.26644,2020,90.26643664668188,23.815643733920812,0.8573999275433738,0.0,0.0,0.14260007245662623,0.0,0.0,1,1,0,0,0,0,0,0,0.9988845871505737,998884.5871505737
Y2020_LAT23.81582_LON90.27624,2020,90.27624330468434,23.81581736828319,0.593399883069588,0.006300009378458142,0.2293999219481749,0.1709001856037789,0.0,0.0,1,1,0,0,0,0,0,0,0.998898302230835,998898.302230835
Y2020_LAT23.81599_LON90.28605,2020,90.28605005590951,23.815990380239477,0.8120002740088845,0.029899940952930266,0.02579990812218988,0.13229987691599537,0.0,0.0,1,1,0,0,0,0,0,0,0.9989119692382813,998911.9692382812
Y2020_LAT23.81616_LON90.29586,2020,90.29585690010072,23.81616276984901,0.7085995685221327,0.006500031007435862,0.07700037248363603,0.20790002798679544,0.0,0.0,1,1,0,0,0,0,0,0,0.9989255877685547,998925.5877685547
Y2020_LAT23.81633_LON90.30566,2020,90.3056638368472,23.81633453695183,0.5262003129560376,0.010599939264538002,0.07999966037487942,0.3832000874045451,0.0,0.0,1,1,0,0,0,0,0,0,0.9989391566390992,998939.1566390991
Y2020_LAT23.81651_LON90.31547,2020,90.3154708659422,23.816505681581,0.15419919213731792,0.0,0.19760015973184153,0.5129999284408626,0.13520071968997793,0.0,4,0,0,0,1,0,0,0,0.9989526775512695,998952.6775512695
Y2020_LAT23.81668_LON90.32528,2020,90.32527798681842,23.81667620381214,0.0,0.0,0.1530004492103121,0.04789990233322048,0.7990996484564674,0.0,5,0,0,0,0,1,0,0,0.9989661485748291,998966.1485748291
Y2020_LAT23.81685_LON90.33509,2020,90.33508519938587,23.81684610342066,0.03950022364161296,0.0,0.6915988721906209,0.2503009984183596,0.018599905749406537,0.0,3,0,0,1,0,0,0,0,0.9989795709457397,998979.5709457397
Y2020_LAT23.81702_LON90.34489,2020,90.34489250309701,23.81701538055114,0.2587993871238853,0.5401010196864783,0.0065000201370853045,0.19459957305255132,0.0,0.0,2,0,1,0,0,0,0,0,0.9989929389953613,998992.9389953613
Y2020_LAT23.81718_LON90.3547,2020,90.3546998977826,23.817184035140357,0.8113009181593042,0.18269910866886951,0.0,0.0059999731718262984,0.0,0.0,1,1,0,0,0,0,0,0,0.9990062674560547,999006.2674560547
Y2020_LAT23.81735_LON90.36451,2020,90.36450738306544,23.817352067193895,1.0,0.0,0.0,0.0,0.0,0.0,1,1,0,0,0,0,0,0,0.9990195421295166,999019.5421295166
Y2020_LAT23.81752_LON90.37431,2020,90.37431495851645,23.817519476542795,1.0,0.0,0.0,0.0,0.0,0.0,1,1,0,0,0,0,0,0,0.9990327677993774,999032.7677993774
Y2020_LAT23.81769_LON90.38412,2020,90.38412262389322,23.817686263292853,1.0,0.0,0.0,0.0,0.0,0.0,1,1,0,0,0,0,0,0,0.9990459443664551,999045.9443664551
Y2020_LAT23.81785_LON90.39393,2020,90.39393037889359,23.81785242739153,0.9869999644928354,0.0,0.0,0.0130000355071646,0.0,0.0,1,1,0,0,0,0,0,0,0.999059071105957,999059.071105957
Y2020_LAT23.81802_LON90.40374,2020,90.40373822309905,23.818017968948304,0.9210997331143596,0.030600149215783048,0.0,0.04830011766985741,0.0,0.0,1,1,0,0,0,0,0,0,0.9990721492233277,999072.1492233276
Y2020_LAT23.81818_LON90.41355,2020,90.41354615625141,23.818182887687353,0.836300181740698,0.13919990136610305,0.0,0.02449991689319896,0.0,0.0,1,1,0,0,0,0,0,0,0.9990851786117554,999085.1786117554
Y2020_LAT23.81835_LON90.42335,2020,90.42335417790741,23.81834718371926,0.992200028290936,0.0,0.0,0.007799971709063972,0.0,0.0,1,1,0,0,0,0,0,0,0.9990981574478149,999098.1574478149
Y2020_LAT23.81851_LON90.43316,2020,90.43316228784003,23.81851085705533,1.0,0.0,0.0,0.0,0.0,0.0,1,1,0,0,0,0,0,0,0.9991110893020629,999111.089302063
Y2020_LAT23.81867_LON90.44297,2020,90.44297048569636,23.8186739076418,0.9997999991555622,0.0,0.00020000084443787253,0.0,0.0,0.0,1,1,0,0,0,0,0,0,0.9991239705963135,999123.9705963135
Y2020_LAT23.81884_LON90.45278,2020,90.45277877102127,23.818836335449905,0.4815987622456496,0.502501177645873,0.0009000029763362521,0.0,0.0,0.015000057132140955,2,0,1,0,0,0,0,0,0.9991368037109375,999136.8037109375
Y2020_LAT23.819_LON90.46259,2020,90.46258714368346,23.81899814041967,0.018899908547038637,0.7216995761518437,0.2538005311616578,0.0,0.0,0.005599984139459967,2,0,1,0,0,0,0,0,0.9991495855941772,999149.5855941772
Y2020_LAT23.81916_LON90.4724,2020,90.47239560318073,23.81915932249695,0.11959975264664405,0.5268997712978237,0.18740003113650092,0.10790049422862898,0.0,0.05819995069040246,2,0,1,0,0,0,0,0,0.999162327178955,999162.3271789551
Y2020_LAT23.81932_LON90.4822,2020,90.48220414927536,23.81931988179996,0.06820023024392793,0.32549962909015395,0.3264995069776549,0.2284004376120804,0.0017000101573627698,0.049700185918820076,3,0,0,1,0,0,0,1,0.999175005531311,999175.005531311
Y2020_LAT23.81948_LON90.49201,2020,90.49201278165333,23.81947981821177,0.22578625464225538,0.03459115573147057,0.3886789968633643,0.34905680331032973,0.0018867894525801203,0.0,3,0,0,1,0,0,0,1,0.15887009790039064,158870.09790039062
Y2020_LAT23.82289_LON90.16818,2020,90.16817939044108,23.822894584165926,0.05209155391568407,0.0,0.9479084460843159,0.0,0.0,0.0,3,0,0,1,0,0,0,0,0.1265417412261963,126541.74122619629
Y2020_LAT23.82307_LON90.17799,2020,90.17798577362288,23.823074517538494,0.11850157998876464,0.0,0.8814984200112354,0.0,0.0,0.0,3,0,0,1,0,0,0,0,0.7838260447616577,783826.0447616577
Y2020_LAT23.82325_LON90.18779,2020,90.18779225350889,23.823253828431376,0.06193873836150759,0.0,0.9308082315708683,0.007253030067624129,0.0,0.0,3,0,0,1,0,0,0,0,0.8675339437561035,867533.9437561035
Y2020_LAT23.82343_LON90.1976,2020,90.19759882957575,23.823432516997453,0.021290471741213526,0.0,0.9787095282587864,0.0,0.0,0.0,3,0,0,1,0,0,0,0,0.30492857583618166,304928.57583618164
Y2020_LAT23.82432_LON90.24663,2020,90.24663314295388,23.824316621992267,0.5013911739379758,0.006432532430085998,0.0,0.4921762936319382,0.0,0.0,1,1,0,0,0,0,0,0,0.5745442405471802,574544.2405471802
Y2020_LAT23.82449_LON90.25644,2020,90.25644028981523,23.824491575335806,0.9475003060754795,0.0005999999398887888,0.0,0.051899693984631644,0.0,0.0,1,1,0,0,0,0,0,0,0.9988708225250245,998870.8225250244
Y2020_LAT23.82467_LON90.26625,2020,90.26624753061103,23.824665906121677,1.0,0.0,0.0,0.0,0.0,0.0,1,1,0,0,0,0,0,0,0.9988845889205933,998884.5889205933
Y2020_LAT23.82484_LON90.27605,2020,90.27605486501137,23.824839614227137,0.7028995594609283,0.003500000064447833,0.026599999776432164,0.2670004406981917,0.0,0.0,1,1,0,0,0,0,0,0,0.9988983057556152,998898.3057556152
Y2020_LAT23.82501_LON90.28586,2020,90.2858622927241,23.82501269965501,0.8468998179904658,0.0008000042846483889,0.021599939750981817,0.13070023797390407,0.0,0.0,1,1,0,0,0,0,0,0,0.9989119721755981,998911.9721755981
Y2020_LAT23.82519_LON90.29567,2020,90.29566981343716,23.825185162441457,0.7844996721014039,0.0984003808251225,0.07209991607310261,0.04500003100037097,0.0,0.0,1,1,0,0,0,0,0,0,0.9989255913772583,998925.5913772583
Y2020_LAT23.82536_LON90.30548,2020,90.30547742655001,23.82535700253232,0.6482003005329409,0.07699978762730667,0.07209997326125239,0.20269993857850008,0.0,0.0,1,1,0,0,0,0,0,0,0.9989391600952149,998939.1600952148
Y2020_LAT23.82553_LON90.31529,2020,90.31528513220435,23.825528219882454,0.4183989040189295,0.007799973252599093,0.3393008289083194,0.23450029382015203,0.0,0.0,1,1,0,0,0,0,0,1,0.9989526799163818,998952.6799163818
Y2020_LAT23.8257_LON90.32509,2020,90.32509292964225,23.825698814482774,0.022399885070450275,0.0005000021559879678,0.6241998948574164,0.17789978273475032,0.17500043518139513,0.0,3,0,0,1,0,0,0,0,0.9989661514663696,998966.1514663696
Y2020_LAT23.82587_LON90.3349,2020,90.33490081871678,23.82586878634034,0.02130012744180499,0.0037000065354699336,0.32739939761136544,0.6015006782822024,0.04609979012915728,0.0,4,0,0,0,1,0,0,0,0.998979573135376,998979.573135376
Y2020_LAT23.82604_LON90.34471,2020,90.34470879908258,23.82603813541711,0.6421002475074431,0.12240040175975311,0.005499979315423538,0.22999937141738022,0.0,0.0,1,1,0,0,0,0,0,0,0.9989929413375854,998992.9413375854
Y2020_LAT23.82621_LON90.35452,2020,90.3545168704309,23.826206861579013,0.9202004268541168,0.07489959770174485,0.0,0.004899975444138305,0.0,0.0,1,1,0,0,0,0,0,0,0.9990062704086303,999006.2704086304
Y2020_LAT23.82637_LON90.36433,2020,90.36432503228613,23.826374964926323,0.963399882441343,0.0068000142959257015,0.0,0.029700102682108362,0.0,0.00010000058062298604,1,1,0,0,0,0,0,0,0.9990195443115234,999019.5443115234
Y2020_LAT23.82654_LON90.37413,2020,90.37413328450373,23.826542445427858,0.9944000048269466,0.0020999997497075555,0.0,0.0034999954233458446,0.0,0.0,1,1,0,0,0,0,0,0,0.9990327699737549,999032.7699737549
Y2020_LAT23.82671_LON90.38394,2020,90.38394162658005,23.82670930307954,0.8456003450741533,0.07309982133687007,0.0018000027982629538,0.07949983079071375,0.0,0.0,1,1,0,0,0,0,0,0,0.9990459466552735,999045.9466552734
Y2020_LAT23.82688_LON90.39375,2020,90.39375005825224,23.826875537835253,0.9557997965374246,0.002400010447250755,0.0,0.04180019301532458,0.0,0.0,1,1,0,0,0,0,0,0,0.9990590729598999,999059.0729598999
Y2020_LAT23.82704_LON90.40356,2020,90.40355857929806,23.827041149533837,0.7230993590242425,0.22730068409220353,0.011900020228670581,0.037699936654883436,0.0,0.0,1,1,0,0,0,0,0,0,0.999072150894165,999072.150894165
Y2020_LAT23.82721_LON90.41337,2020,90.4133671891908,23.82720613841696,0.4958014020568645,0.3595986783833192,0.005399986683759221,0.1391999328760572,0.0,0.0,1,1,0,0,0,0,0,1,0.9990851816101074,999085.1816101074
Y2020_LAT23.82737_LON90.42318,2020,90.4231758877953,23.827370504220717,0.9995000014211005,0.0,0.0,0.0004999985788995184,0.0,0.0,1,1,0,0,0,0,0,0,0.9990981612930298,999098.1612930298
Y2020_LAT23.82753_LON90.43298,2020,90.43298467440856,23.827534247061728,0.9962999837323268,0.0,0.0,0.003700016267673197,0.0,0.0,1,1,0,0,0,0,0,0,0.9991110923538208,999111.0923538208
Y2020_LAT23.8277_LON90.44279,2020,90.442793549186,23.82769736684151,0.9182001213368974,0.047399919941182256,0.026099955023654944,0.008300003698265414,0.0,0.0,1,1,0,0,0,0,0,0,0.9991239733276367,999123.9733276367
Y2020_LAT23.82786_LON90.4526,2020,90.45260251149202,23.827859863599773,0.8474994309818918,0.1467005341383528,0.0,0.0,0.0,0.0058000348797554975,1,1,0,0,0,0,0,0,0.9991368066024781,999136.806602478
Y2020_LAT23.82802_LON90.46241,2020,90.46241156103278,23.828021737310443,0.42159988133523735,0.19989946886973453,0.3587005880380064,0.011100059276717998,0.0,0.008700002480303705,1,1,0,0,0,0,0,1,0.9991495892562866,999149.5892562866
Y2020_LAT23.82818_LON90.47222,2020,90.47222069746103,23.828182987928958,0.7619001733129938,0.05089981504365918,0.11550004687299673,0.061399910222119346,0.0,0.01030005454823097,1,1,0,0,0,0,0,0,0.9991623296966553,999162.3296966553
Y2020_LAT23.82834_LON90.48203,2020,90.48202992058056,23.82834361542162,0.7512762221234409,0.0006380290646662785,0.14759662004887447,0.10048912876301833,0.0,0.0,1,1,0,0,0,0,0,0,0.9396239306716919,939623.9306716919
Y2020_LAT23.8285_LON90.49184,2020,90.49183922986218,23.828503619784502,0.5147061173435395,0.015686255503797993,0.0009803925691018454,0.4686272345835606,0.0,0.0,1,1,0,0,0,0,0,0,0.10191665102386474,101916.65102386475
Y2020_LAT23.83155_LON90.14837,2020,90.14836958692833,23.831554104874208,0.2229864110495807,0.0036422449535628513,0.589235272999276,0.18413607099758048,0.0,0.0,3,0,0,1,0,0,0,0,0.24678404809570312,246784.04809570312
Y2020_LAT23.83174_LON90.15818,2020,90.15817645223937,23.83173535987494,0.21494204370776485,0.0,0.7362268305119891,0.04883112578024604,0.0,0.0,3,0,0,1,0,0,0,0,0.4785912795791626,478591.2795791626
Y2020_LAT23.83192_LON90.16798,2020,90.1679834149831,23.83191599233053,0.29913127815642676,0.004118047234083973,0.6484778398456084,0.048272834763880904,0.0,0.0,3,0,0,1,0,0,0,0,0.8731030589904785,873103.0589904785
Y2020_LAT23.8321_LON90.17779,2020,90.17779047460897,23.832096002084114,0.19479968853393928,0.0,0.8052003114660607,0.0,0.0,0.0,3,0,0,1,0,0,0,0,0.9987589331207275,998758.9331207275
Y2020_LAT23.83228_LON90.1876,2020,90.18759763098288,23.83227538919579,0.20880031866052295,0.0,0.7708996314821397,0.020300049857337382,0.0,0.0,3,0,0,1,0,0,0,0,0.9987730915527344,998773.0915527344
Y2020_LAT23.83245_LON90.1974,2020,90.197404883615,23.83245415351192,0.3379675776546356,0.006308397447335663,0.6192755433397188,0.03644848155830997,0.0,0.0,3,0,0,1,0,0,0,0,0.854961383720398,854961.383720398
Y2020_LAT23.83263_LON90.20721,2020,90.2072122322437,23.83263229513139,0.4167694614357539,0.0,0.5832305385642461,0.0,0.0,0.0,3,0,0,1,0,0,0,0,0.1620048981704712,162004.8981704712
Y2020_LAT23.83299_LON90.22683,2020,90.22682721609769,23.83298671014301,0.3505254455750605,0.0,0.6494745544249395,0.0,0.0,0.0,3,0,0,1,0,0,0,0,0.20915537764739991,209155.3776473999
Y2020_LAT23.83316_LON90.23663,2020,90.23663485065207,23.833162983466416,0.9082025353207608,0.0,0.08364971033989416,0.008147754339345097,0.0,0.0,1,1,0,0,0,0,0,0,0.5516612175750732,551661.2175750732
Y2020_LAT23.83334_LON90.24644,2020,90.24644257992824,23.83333863396304,0.6597743171227773,0.003867885786170408,0.0,0.3363577970910523,0.0,0.0,1,1,0,0,0,0,0,0,0.6714328807449341,671432.8807449341
Y2020_LAT23.83351_LON90.25625,2020,90.25625040340556,23.833513661644123,0.9964000010113898,0.0035999989886101613,0.0,0.0,0.0,0.0,1,1,0,0,0,0,0,0,0.9988708250579834,998870.8250579834
Y2020_LAT23.83369_LON90.26606,2020,90.26605832095383,23.833688066342177,0.9735999155343568,0.00040000268550581574,0.0,0.026000081780137442,0.0,0.0,1,1,0,0,0,0,0,0,0.9988845901107788,998884.5901107788
Y2020_LAT23.83386_LON90.27587,2020,90.27586633211241,23.83386184824758,0.7759000373611197,0.06990000857973191,0.02850009801291389,0.12569985604623451,0.0,0.0,1,1,0,0,0,0,0,0,0.99889830884552,998898.30884552
Y2020_LAT23.83404_LON90.28567,2020,90.28567443656736,23.83403500725343,0.8108996547701165,0.04719987890583198,0.042300187354149636,0.07340019818916686,0.02620008078073508,0.0,1,1,0,0,0,0,0,0,0.9989119750823975,998911.9750823975
Y2020_LAT23.83421_LON90.29548,2020,90.2954826340372,23.834207543222686,0.6529003918422365,0.13299996930709598,0.14199994050697265,0.07119970415501828,0.000899994188676627,0.0,1,1,0,0,0,0,0,0,0.9989255937652588,998925.5937652588
Y2020_LAT23.83438_LON90.30529,2020,90.30529092407066,23.834379456264415,0.4187003557473687,0.09359963318544189,0.4835000340260329,0.0041999770411564686,0.0,0.0,3,0,0,1,0,0,0,1,0.9989391618804931,998939.1618804932
Y2020_LAT23.83455_LON90.3151,2020,90.31509930648197,23.834550746337584,0.879699933668687,0.02930004637074883,0.013700012362050523,0.07730000759851362,0.0,0.0,1,1,0,0,0,0,0,0,0.9989526837081909,998952.6837081909
Y2020_LAT23.83472_LON90.32491,2020,90.32490778084068,23.834721413344035,0.3168989449997413,0.07809984522838496,0.23490044957041767,0.37010076020145605,0.0,0.0,4,0,0,0,1,0,0,1,0.9989661543502808,998966.1543502808
Y2020_LAT23.83489_LON90.33472,2020,90.33471634680083,23.834891457379513,0.11310063933868085,0.0,0.2835995162105957,0.600699838473283,0.0026000059774404704,0.0,4,0,0,0,1,0,0,0,0.998979575302124,998979.575302124
Y2020_LAT23.83506_LON90.34453,2020,90.3445250041786,23.835060878266724,0.2784993672490881,0.03379985578396969,0.012699962982318251,0.675000813984624,0.0,0.0,4,0,0,0,1,0,0,0,0.9989929512176514,998992.9512176514
Y2020_LAT23.83523_LON90.35433,2020,90.3543337523925,23.835229676143097,0.9213998363734197,0.0,0.0,0.07860016362658025,0.0,0.0,1,1,0,0,0,0,0,0,0.9990062730560303,999006.2730560303
Y2020_LAT23.8354_LON90.36414,2020,90.36414259131713,23.835397850949132,0.8428998882683538,0.021200008678953032,0.0,0.11719999737630638,0.0,0.018700105676386754,1,1,0,0,0,0,0,0,0.9990195470657348,999019.5470657349
Y2020_LAT23.83557_LON90.37395,2020,90.37395152049466,23.8355654025433,0.9325998742944588,0.05410015171060654,0.0022000131506942546,0.005099998613941808,0.0,0.00599996223029857,1,1,0,0,0,0,0,0,0.9990327730331421,999032.7730331421
Y2020_LAT23.83573_LON90.38376,2020,90.38376053961815,23.83573233096978,0.9440001793864758,0.004399980444303684,0.0,0.05159984016922044,0.0,0.0,1,1,0,0,0,0,0,0,0.9990459489974975,999045.9489974976
Y2020_LAT23.8359_LON90.39357,2020,90.39356964845436,23.835898636245652,0.7265993767347237,0.08180030820026044,0.0070999959430569646,0.18450031912195888,0.0,0.0,1,1,0,0,0,0,0,0,0.999059076713562,999059.076713562
Y2020_LAT23.83606_LON90.40338,2020,90.40337884655563,23.83606431840792,0.21859966633457212,0.6426001761003415,0.11710020004518891,0.008899980452760099,0.0,0.012799977067137381,2,0,1,0,0,0,0,0,0.999072154800415,999072.154800415
Y2020_LAT23.83623_LON90.41319,2020,90.41318813352635,23.83622937723867,0.5926014345922976,0.1840991867511858,0.024299895195750956,0.19879948397745245,0.0,0.0001999994833133378,1,1,0,0,0,0,0,0,0.9990851845245361,999085.1845245361
Y2020_LAT23.83639_LON90.423,2020,90.42299750926796,23.83639381286551,0.9705001251704127,0.0,0.0,0.029499874829587276,0.0,0.0,1,1,0,0,0,0,0,0,0.9990981632919311,999098.1632919312
Y2020_LAT23.83656_LON90.43281,2020,90.43280697316571,23.836557625216,0.7338990884832064,0.00120000529735411,0.19550082796765142,0.06940007825178804,0.0,0.0,1,1,0,0,0,0,0,0,0.9991110946807862,999111.0946807861
Y2020_LAT23.83672_LON90.44262,2020,90.44261652508888,23.836720814273363,0.591801081714998,0.02359995305981917,0.29469877698863056,0.0899001882365521,0.0,0.0,1,1,0,0,0,0,0,0,0.999123975189209,999123.975189209
Y2020_LAT23.83688_LON90.45243,2020,90.45242616467249,23.836883380054967,0.7076993947492138,0.0065000132392684365,0.16930059769017516,0.11649999432134259,0.0,0.0,1,1,0,0,0,0,0,0,0.9991368093643188,999136.8093643188
Y2020_LAT23.83705_LON90.46224,2020,90.46223589141553,23.837045322543688,0.3849997295521518,0.29100042424523415,0.23379945688614978,0.00229999760698825,0.0,0.08790039170947606,1,1,0,0,0,0,0,1,0.9991495924911499,999149.5924911499
Y2020_LAT23.83721_LON90.47205,2020,90.47204570518304,23.837206641628736,0.7217227190107492,0.0118633001683805,0.0431579730626422,0.2104722802928796,0.0,0.012783727465348428,1,1,0,0,0,0,0,0,0.9769808027877808,976980.8027877808
Y2020_LAT23.83737_LON90.48186,2020,90.48185560564076,23.837367337295152,0.7086161815275086,0.0036553596487735414,0.06997398407761449,0.2177544747461034,0.0,0.0,1,1,0,0,0,0,0,0,0.19134119912719727,191341.19912719727
Y2020_LAT23.84058_LON90.14817,2020,90.14817216103816,23.84057534732791,0.4579398632769437,0.0,0.5340296239068557,0.008030512816200739,0.0,0.0,3,0,0,1,0,0,0,0,0.49746220937347413,497462.2093734741
Y2020_LAT23.84076_LON90.15798,2020,90.15797970307277,23.8407566793346,0.4292008800712388,0.001300006717386396,0.5155990494724632,0.05390006373891161,0.0,0.0,3,0,0,1,0,0,0,0,0.9987304726028442,998730.4726028442
Y2020_LAT23.84094_LON90.16779,2020,90.16778734254447,23.840937388387445,0.8799999593505242,0.0,0.11219998942928307,0.007800051220192756,0.0,0.0,1,1,0,0,0,0,0,0,0.9987447287673951,998744.728767395
Y2020_LAT23.84112_LON90.1776,2020,90.17759507896123,23.841117474552508,0.6745001473257618,0.00019999914210241024,0.26709989745779583,0.058199956074339906,0.0,0.0,1,1,0,0,0,0,0,0,0.9987589380950928,998758.9380950928
Y2020_LAT23.8413_LON90.1874,2020,90.18740291206971,23.841296937759036,0.799199569251035,0.00900005885216662,0.17520043890511455,0.01659993299168399,0.0,0.0,1,1,0,0,0,0,0,0,0.9987730955276489,998773.0955276489
Y2020_LAT23.84148_LON90.19721,2020,90.19721084159713,23.841475777990155,0.5405993946086167,0.0537998632626888,0.3347004868772343,0.07090025525146018,0.0,0.0,1,1,0,0,0,0,0,0,0.998787204032898,998787.204032898
Y2020_LAT23.84165_LON90.20702,2020,90.20701886710472,23.84165399525762,0.4002489483999366,0.011296511064135392,0.5160119715529548,0.07244256898297328,0.0,0.0,3,0,0,1,0,0,0,0,0.963743245300293,963743.245300293
Y2020_LAT23.84183_LON90.21683,2020,90.21682698822377,23.84183158947361,0.45800390789319884,0.010499016328480874,0.443277845606263,0.08821923017205732,0.0,0.0,1,1,0,0,0,0,0,1,0.7325311472244262,732531.1472244263
Y2020_LAT23.84201_LON90.22664,2020,90.22663520484046,23.842008560680036,0.5714582702543876,0.006882555006890959,0.37570774649223226,0.04595142824648939,0.0,0.0,1,1,0,0,0,0,0,0,0.9868433621444702,986843.3621444702
Y2020_LAT23.84218_LON90.23644,2020,90.23644351630509,23.842184908856428,0.9249999282281279,0.0008000020048339399,0.019899899104934858,0.05430017066210324,0.0,0.0,1,1,0,0,0,0,0,0,0.998843150390625,998843.150390625
Y2020_LAT23.84236_LON90.24625,2020,90.24625192253338,23.84236063387516,0.8394994889897428,0.000200501028040628,0.0,0.16030000998221666,0.0,0.0,1,1,0,0,0,0,0,0,0.9963598748168946,996359.8748168945
Y2020_LAT23.84254_LON90.25606,2020,90.25606042303819,23.842535735804308,1.0,0.0,0.0,0.0,0.0,0.0,1,1,0,0,0,0,0,0,0.9988708284072876,998870.8284072876
Y2020_LAT23.84271_LON90.26587,2020,90.26586901766919,23.84271021459621,0.9275998697905176,0.06650011918443781,0.0,0.005900011025044627,0.0,0.0,1,1,0,0,0,0,0,0,0.9988845909729004,998884.5909729004
Y2020_LAT23.84288_LON90.27568,2020,90.27567770591823,23.842884070255604,0.9995000033660512,0.0,0.0,0.0004999966339488239,0.0,0.0,1,1,0,0,0,0,0,0,0.9988983109893799,998898.3109893799
Y2020_LAT23.84306_LON90.28549,2020,90.28548648737947,23.843057302676108,0.7966997412808791,0.15490030049017608,0.04199998075379421,0.006399977475150676,0.0,0.0,1,1,0,0,0,0,0,0,0.9989119782028199,998911.9782028198
Y2020_LAT23.84323_LON90.2953,2020,90.29529536205294,23.843229911966674,0.538800719333759,0.28959968510846884,0.1370995959828085,0.03449999957496372,0.0,0.0,1,1,0,0,0,0,0,0,0.9989255960769653,998925.5960769653
Y2020_LAT23.8434_LON90.3051,2020,90.3051043292476,23.843401897972704,0.17829999959183768,0.33660032345543894,0.4432995573223929,0.041800119630330534,0.0,0.0,3,0,0,1,0,0,0,1,0.9989391654434204,998939.1654434204
Y2020_LAT23.84357_LON90.31491,2020,90.31491338880836,23.84357326075308,0.675501201490321,0.27349900352241874,0.050799794722146435,0.00020000026511377803,0.0,0.0,1,1,0,0,0,0,0,0,0.9989526858291626,998952.6858291626
Y2020_LAT23.84374_LON90.32472,2020,90.32472254042095,23.843744000271027,0.3859992953676056,0.04349987603313461,0.12060029037140042,0.4464005183527775,0.003500019875081856,0.0,4,0,0,0,1,0,0,1,0.998966157371521,998966.157371521
Y2020_LAT23.84391_LON90.33453,2020,90.33453178363415,23.843914116423864,0.10280036087371229,0.0,0.5703997744725523,0.3267998646537354,0.0,0.0,3,0,0,1,0,0,0,0,0.9989795778198243,998979.5778198242
Y2020_LAT23.84408_LON90.34434,2020,90.34434111824926,23.844083609322155,0.17089931106618741,0.0003999982671056076,0.00139999506897681,0.8269006971549716,0.000399998442758572,0.0,4,0,0,0,1,0,0,0,0.9989929562606812,998992.9562606812
Y2020_LAT23.84425_LON90.35415,2020,90.3541505437578,23.84425247880271,0.33040089525164545,0.013300048832936595,0.052900134114845204,0.6023989216135125,0.0010000001870602761,0.0,4,0,0,0,1,0,0,0,0.9990062752227783,999006.2752227783
Y2020_LAT23.84442_LON90.36396,2020,90.36396005998247,23.844420724846596,0.5688006072878348,0.015700069400610653,0.019499937665912445,0.3958993855085403,0.0001000001371018898,0.0,1,1,0,0,0,0,0,0,0.9990195501251221,999019.5501251221
Y2020_LAT23.84459_LON90.37377,2020,90.37376966657563,23.844588347690777,0.43079941466975535,0.35850026721860434,0.04700020869795144,0.07249991724784098,0.0,0.09120019216584792,1,1,0,0,0,0,0,1,0.9990327758789063,999032.7758789062
Y2020_LAT23.84476_LON90.38358,2020,90.38357936302975,23.844755347063185,0.6986012190192435,0.1651993486638908,0.0762996756839387,0.05989975663292694,0.0,0.0,1,1,0,0,0,0,0,0,0.9990459521331787,999045.9521331787
Y2020_LAT23.84492_LON90.39339,2020,90.39338914935368,23.844921722962663,0.49479873462583296,0.49340121044632773,0.0,0.0,0.0026000074726470084,0.009200047455192317,1,1,0,0,0,0,0,1,0.9990590798797607,999059.0798797607
Y2020_LAT23.84509_LON90.4032,2020,90.40319902480896,23.845087475305515,0.4607008907535458,0.49359898563894833,0.009200045913065141,0.023000136244989824,0.0,0.013499941449450914,2,0,1,0,0,0,0,1,0.9990721583709716,999072.1583709717
Y2020_LAT23.84525_LON90.41301,2020,90.41300898926613,23.845252604256814,0.6098007181446944,0.1514996234750231,0.10089978089849791,0.08329996164082097,0.0,0.05449991584096366,1,1,0,0,0,0,0,0,0.9990851864318848,999085.1864318848
Y2020_LAT23.84542_LON90.42282,2020,90.42281904246684,23.845417109739255,0.9734000588656039,0.006700031160586906,0.0,0.01989990997380925,0.0,0.0,1,1,0,0,0,0,0,0,0.9990981650314331,999098.1650314331
Y2020_LAT23.84558_LON90.43263,2020,90.43262918394738,23.84558099160856,0.5492992128304937,0.07419982924381233,0.3061006898430224,0.0704002680826718,0.0,0.0,1,1,0,0,0,0,0,0,0.9991110979537964,999111.0979537964
Y2020_LAT23.84574_LON90.44244,2020,90.44243941341043,23.845744249986087,0.49170002584183586,0.014399978392362737,0.25600003849771413,0.2378999572680873,0.0,0.0,1,1,0,0,0,0,0,1,0.9991239779129029,999123.9779129028
Y2020_LAT23.84591_LON90.45225,2020,90.45224973051488,23.845906884744103,0.37149959636649305,0.006300019936728195,0.32790027821171897,0.2943001054850598,0.0,0.0,1,1,0,0,0,0,0,1,0.9991368116455078,999136.8116455078
Y2020_LAT23.84607_LON90.46206,2020,90.46206013489734,23.846068895891545,0.04456809956376667,0.10554045987285952,0.31208016867004074,0.40926442913028804,0.0,0.128546842763045,4,0,0,0,1,0,0,1,0.9684755185241699,968475.5185241699
Y2020_LAT23.84623_LON90.47187,2020,90.47187062631693,23.846230283490918,0.49183693813918633,0.06556110611795575,0.06932911264682096,0.373272843096037,0.0,0.0,1,1,0,0,0,0,0,1,0.39776610844421384,397766.10844421387
Y2020_LAT23.84941_LON90.13817,2020,90.13816651599821,23.849414545645395,0.6424030729746721,0.0,0.3575969270253278,0.0,0.0,0.0,1,1,0,0,0,0,0,0,0.17287613026428222,172876.13026428223
Y2020_LAT23.8496_LON90.14797,2020,90.14797463735019,23.849596577685013,0.7557745700739718,0.00020999600982757137,0.2440154339162007,0.0,0.0,0.0,1,1,0,0,0,0,0,0,0.9511775594711304,951177.5594711304
Y2020_LAT23.84978_LON90.15778,2020,90.15778285658293,23.849777986577454,0.41950028749689255,0.0,0.5804997125031075,0.0,0.0,0.0,3,0,0,1,0,0,0,0,0.9987304762802124,998730.4762802124
Y2020_LAT23.84996_LON90.16759,2020,90.16759117304086,23.849958772327916,0.5518995088483882,0.0,0.4481004911516118,0.0,0.0,0.0,1,1,0,0,0,0,0,0,0.9987447327651977,998744.7327651978
Y2020_LAT23.85014_LON90.1774,2020,90.1773995866221,23.850138934900187,0.13159986359655068,0.0,0.8667001431408629,0.0016999932625864928,0.0,0.0,3,0,0,1,0,0,0,0,0.9987589398117065,998758.9398117065
Y2020_LAT23.85032_LON90.18721,2020,90.18720809689493,23.85031847430285,0.5676994739659776,0.008900033314187117,0.3308000204639928,0.09260047225584249,0.0,0.0,1,1,0,0,0,0,0,0,0.9987730988922119,998773.0988922119
Y2020_LAT23.8505_LON90.19702,2020,90.19701670358802,23.850497390412862,0.3540002707610096,0.010499945980280685,0.5182001364159922,0.11729964684271753,0.0,0.0,3,0,0,1,0,0,0,0,0.9987872066574097,998787.2066574097
Y2020_LAT23.85068_LON90.20683,2020,90.20682540628808,23.85067568334006,0.4822004030376419,0.0008000054710480707,0.4832994517579395,0.033700139733370583,0.0,0.0,3,0,0,1,0,0,0,1,0.9988012672271729,998801.2672271729
Y2020_LAT23.85085_LON90.21663,2020,90.21663420466585,23.850853352912015,0.3265993785391766,0.013399944160304364,0.43569994211853913,0.22430073518197993,0.0,0.0,3,0,0,1,0,0,0,1,0.9988152804870606,998815.2804870605
Y2020_LAT23.85103_LON90.22644,2020,90.22644309843818,23.851030399238997,0.18659981639413592,0.0,0.8061002323256107,0.007299951280253373,0.0,0.0,3,0,0,1,0,0,0,0,0.9988292404785156,998829.2404785156
Y2020_LAT23.85121_LON90.23625,2020,90.2362520873236,23.851206822179524,0.40640033828752614,0.0,0.4771989757426115,0.11640068596986233,0.0,0.0,3,0,0,1,0,0,0,1,0.9988431528472901,998843.15284729
Y2020_LAT23.85138_LON90.24606,2020,90.24606117078189,23.85138262187051,0.9236004869661062,0.0,0.0,0.07639951303389379,0.0,0.0,1,1,0,0,0,0,0,0,0.9988570172042847,998857.0172042847
Y2020_LAT23.85156_LON90.25587,2020,90.25587034873803,23.85155779805201,0.9940000304133243,0.0,0.0,0.0059999695866756915,0.0,0.0,1,1,0,0,0,0,0,0,0.9988708315963745,998870.8315963745
Y2020_LAT23.85173_LON90.26568,2020,90.26567962069254,23.851732350916897,0.9775999002057792,0.02240009979422073,0.0,0.0,0.0,0.0,1,1,0,0,0,0,0,0,0.998884598991394,998884.598991394
Y2020_LAT23.85191_LON90.27549,2020,90.27548898628667,23.851906280300767,0.976800036065508,0.022999962696704047,0.00020000123778791007,0.0,0.0,0.0,1,1,0,0,0,0,0,0,0.9988983131179809,998898.313117981
Y2020_LAT23.85208_LON90.2853,2020,90.28529844528776,23.85207958628689,0.7293995784828413,0.2700004174750182,0.0006000040421405373,0.0,0.0,0.0,1,1,0,0,0,0,0,0,0.9989119817733765,998911.9817733765
Y2020_LAT23.85225_LON90.29511,2020,90.29510799736741,23.852252268768797,0.4162995833963675,0.5189003058274612,0.0648001107761713,0.0,0.0,0.0,2,0,1,0,0,0,0,0,0.9989255994567872,998925.5994567871
Y2020_LAT23.85242_LON90.30492,2020,90.30491764209752,23.85242432778987,0.5305006063728694,0.2640996418786411,0.2045997537711858,0.0007999979773037246,0.0,0.0,1,1,0,0,0,0,0,0,0.9989391692886352,998939.1692886353
Y2020_LAT23.8526_LON90.31473,2020,90.31472737912624,23.852595763293294,0.8357996176740992,0.14070032163952156,0.02350006068637932,0.0,0.0,0.0,1,1,0,0,0,0,0,0,0.9989526890029907,998952.6890029907
Y2020_LAT23.85277_LON90.32454,2020,90.32453720834886,23.85276657516604,0.38399931210804344,0.08669979532151434,0.3091003198675954,0.22020057270284682,0.0,0.0,1,1,0,0,0,0,0,1,0.9989661597442627,998966.1597442627
Y2020_LAT23.85294_LON90.33435,2020,90.33434712912769,23.852936763576526,0.23579968426339248,0.0,0.4365997367232773,0.3273005791013328,0.0,0.00029999991199745034,3,0,0,1,0,0,0,1,0.99897958177948,998979.58177948
Y2020_LAT23.85311_LON90.34416,2020,90.34415714126574,23.853106328323356,0.395400070940535,0.041300134289845206,0.06849969353281297,0.48610009681808863,0.0013000030129294714,0.007400001405788858,4,0,0,0,1,0,0,1,0.9989929579925537,998992.9579925537
Y2020_LAT23.85328_LON90.35397,2020,90.35396724451219,23.853275269547233,0.5418997164392658,0.021400095719401355,0.012200072979916191,0.4245001148614167,0.0,0.0,1,1,0,0,0,0,0,0,0.9990062775421142,999006.2775421143
Y2020_LAT23.85344_LON90.36378,2020,90.36377743835727,23.85344358714176,0.2004000924951971,0.426300718574038,0.06659976344548485,0.29379940507556757,0.0,0.012900020409712479,2,0,1,0,0,0,0,1,0.9990195532989502,999019.5532989502
Y2020_LAT23.85361_LON90.37359,2020,90.37358772264568,23.853611280975656,0.5730007652401953,0.22549954751523912,0.0020000039361954803,0.1459998311209735,0.0,0.05349985218739663,1,1,0,0,0,0,0,0,0.9990327780685425,999032.7780685425
Y2020_LAT23.85378_LON90.3834,2020,90.38339809685728,23.853778351178395,0.833400102173021,0.10010010628172905,0.008300020100332033,0.05769976820435379,0.0,0.0005000032405641806,1,1,0,0,0,0,0,0,0.9990459542541504,999045.9542541504
Y2020_LAT23.85394_LON90.39321,2020,90.3932085608357,23.853944797669996,0.23650002594424938,0.6041998276320206,0.0,0.09650009480023594,0.0029000070350388898,0.05990004458845524,2,0,1,0,0,0,0,0,0.9990590819549561,999059.081954956
Y2020_LAT23.85411_LON90.40302,2020,90.40301911406132,23.8541106204841,0.9915000516980415,0.00849994830195851,0.0,0.0,0.0,0.0,1,1,0,0,0,0,0,0,0.9990721604995727,999072.1604995728
Y2020_LAT23.85428_LON90.41283,2020,90.41282975646459,23.85427581947158,0.9662000321627572,0.021899967853280747,0.0,0.011899999983962075,0.0,0.0,1,1,0,0,0,0,0,0,0.9990851894989013,999085.1894989014
Y2020_LAT23.85444_LON90.42264,2020,90.42264048734816,23.854440394729643,0.9949999787903818,0.000300000728568422,0.0,0.0047000204810497765,0.0,0.0,1,1,0,0,0,0,0,0,0.9990981697387695,999098.1697387695
Y2020_LAT23.8546_LON90.43245,2020,90.4324513067417,23.85460434620307,0.8567994035247856,0.00020000087811515176,0.02630012431102351,0.11640046970545477,0.0,0.00030000158062101827,1,1,0,0,0,0,0,0,0.9991110994720459,999111.0994720459
Y2020_LAT23.85477_LON90.44226,2020,90.44226221400886,23.854767673863886,0.32220000804290694,0.014300039114591968,0.36120011690229265,0.30229983594020843,0.0,0.0,3,0,0,1,0,0,0,1,0.9991239810028076,999123.9810028076
Y2020_LAT23.85493_LON90.45207,2020,90.45207320908156,23.854930377638144,0.6139007210091487,0.022900042626756833,0.1166994817588878,0.24649975460520665,0.0,0.0,1,1,0,0,0,0,0,0,0.9991368138504029,999136.8138504028
Y2020_LAT23.85509_LON90.46188,2020,90.46188429141417,23.855092457552743,0.42835642704666044,0.020326375912586927,0.1165515918196369,0.43476560522111574,0.0,0.0,4,0,0,0,1,0,0,1,0.9978506957702636,997850.6957702637
Y2020_LAT23.85525_LON90.4717,2020,90.47169546076705,23.8552539135842,0.08525606630067477,0.0,0.3500192542465518,0.5604227528463672,0.0043019266064061685,0.0,4,0,0,0,1,0,0,0,0.2554849187927246,255484.9187927246
Y2020_LAT23.85825_LON90.12816,2020,90.1281595165627,23.85825295405436,0.0,0.0,1.0,0.0,0.0,0.0,3,0,0,1,0,0,0,0,0.01428132363128662,14281.323631286621
Y2020_LAT23.85844_LON90.13797,2020,90.13796821735538,23.858435686635293,0.7062648380228511,0.0,0.29271877459667506,0.0010163873804739517,0.0,0.0,1,1,0,0,0,0,0,0,0.7860791742477417,786079.1742477417
Y2020_LAT23.85862_LON90.14778,2020,90.14777701605465,23.858617795927742,0.7565992668609767,0.00019999948588629368,0.24320073365313707,0.0,0.0,0.0,1,1,0,0,0,0,0,0,0.9987161750564575,998716.1750564575
Y2020_LAT23.8588_LON90.15759,2020,90.1575859125968,23.858799281880138,0.17729969917421662,0.003700008813091933,0.8148002638629059,0.004200028149785491,0.0,0.0,3,0,0,1,0,0,0,0,0.99873047971344,998730.4797134399
Y2020_LAT23.85898_LON90.16739,2020,90.16739490654852,23.858980144305885,0.05349977071345891,0.001499994920007239,0.9239002979238434,0.0210999364426904,0.0,0.0,3,0,0,1,0,0,0,0,0.9987447357635498,998744.7357635498
Y2020_LAT23.85916_LON90.1772,2020,90.17720399757113,23.859160383258743,0.1358996146271879,0.03769987830606147,0.6957007839115688,0.1306997231551819,0.0,0.0,3,0,0,1,0,0,0,0,0.9987589415435791,998758.9415435791
Y2020_LAT23.85934_LON90.18701,2020,90.18701318531267,23.859339998803858,0.014199936598427304,0.0,0.9858000634015727,0.0,0.0,0.0,3,0,0,1,0,0,0,0,0.9987731014709472,998773.1014709473
Y2020_LAT23.85952_LON90.19682,2020,90.1968224695223,23.85951899083173,0.00019999985902855526,0.0,0.9998000001409715,0.0,0.0,0.0,3,0,0,1,0,0,0,0,0.9987872106552124,998787.2106552124
Y2020_LAT23.8597_LON90.20663,2020,90.20663184970567,23.859697359340366,0.1769001549719412,0.0,0.7916997767101671,0.031400068317891695,0.0,0.0,3,0,0,1,0,0,0,0,0.9988012703018189,998801.2703018188
Y2020_LAT23.85988_LON90.21644,2020,90.21644132573505,23.859875104366267,0.07889983141533292,0.0,0.7255996153524494,0.1955005532322176,0.0,0.0,3,0,0,1,0,0,0,0,0.9988152824325561,998815.2824325562
Y2020_LAT23.86005_LON90.22625,2020,90.22625089712375,23.86005222573555,0.0007000047848277922,0.0,0.9966000135598252,0.0026999816553470576,0.0,0.0,3,0,0,1,0,0,0,0,0.9988292430038452,998829.2430038452
Y2020_LAT23.86023_LON90.23606,2020,90.23606056358047,23.860228723536842,0.3940005925837963,0.0,0.4128985715609176,0.1931008358552861,0.0,0.0,3,0,0,1,0,0,0,1,0.9988431565475464,998843.1565475464
Y2020_LAT23.8604_LON90.24587,2020,90.24587032471145,23.86040459774019,0.5370997458207554,0.008699965751932572,0.3957003875030668,0.05849990092424544,0.0,0.0,1,1,0,0,0,0,0,0,0.9988570200881958,998857.0200881958
Y2020_LAT23.86058_LON90.25568,2020,90.25568018032497,23.860579848308465,0.86590057083941,0.0,0.06569963406700596,0.06839979509358408,0.0,0.0,1,1,0,0,0,0,0,0,0.9988708347930908,998870.8347930908
Y2020_LAT23.86075_LON90.26549,2020,90.26549013003545,23.86075447522358,0.6096994851856047,0.07240024469777967,0.3172002722080666,0.000699997908549006,0.0,0.0,1,1,0,0,0,0,0,0,0.9988846024093628,998884.6024093628
Y2020_LAT23.86093_LON90.2753,2020,90.275300173294,23.860928478430182,0.2143997827287633,0.050200153810366785,0.73540006346087,0.0,0.0,0.0,3,0,0,1,0,0,0,0,0.9988983164901734,998898.3164901733
Y2020_LAT23.8611_LON90.28511,2020,90.28511031017463,23.86110185790649,0.22360062953872303,0.3416998427058413,0.43459952761154513,0.00010000014389053343,0.0,0.0,3,0,0,1,0,0,0,1,0.9989119842910766,998911.9842910767
Y2020_LAT23.86127_LON90.29492,2020,90.29492053998196,23.861274613670293,0.3526994765834408,0.17219989898336094,0.47250063333057646,0.002599991102621767,0.0,0.0,3,0,0,1,0,0,0,1,0.9989256020889282,998925.6020889282
Y2020_LAT23.86145_LON90.30473,2020,90.30473086251274,23.861446745670065,0.53190106143304,0.3123996050951574,0.15549933371627128,0.00019999975553137108,0.0,0.0,1,1,0,0,0,0,0,0,0.9989391711807251,998939.1711807251
Y2020_LAT23.86162_LON90.31454,2020,90.31454127750341,23.86161825383387,0.7904993258966247,0.13220049872708964,0.073400150714056,0.003900024662229574,0.0,0.0,1,1,0,0,0,0,0,0,0.9989526912155151,998952.6912155151
Y2020_LAT23.86179_LON90.32435,2020,90.32435178453636,23.861789138311877,0.8581000227979552,0.1311999302708802,0.0032000169145327707,0.003600006312761108,0.0,0.003900023703870719,1,1,0,0,0,0,0,0,0.9989661628494263,998966.1628494263
Y2020_LAT23.86196_LON90.33416,2020,90.3341623832019,23.86195939884345,0.14939952545517182,0.112599696287976,0.20490034182479788,0.44090040029528965,0.0,0.09220003613676461,4,0,0,0,1,0,0,1,0.9989795853881835,998979.5853881836
Y2020_LAT23.86213_LON90.34397,2020,90.34397307332979,23.8621290356191,0.09520037289596865,0.2138004446692972,0.31069919511611443,0.36869993829616854,0.0,0.01160004902245116,4,0,0,0,1,0,0,1,0.9989929580688477,998992.9580688477
Y2020_LAT23.8623_LON90.35378,2020,90.3537838545608,23.86229804845084,0.8770004127616554,0.049099841809296114,0.0,0.07389974542904858,0.0,0.0,1,1,0,0,0,0,0,0,0.999006280960083,999006.280960083
Y2020_LAT23.86247_LON90.36359,2020,90.3635947263993,23.862466437383123,0.6728996515453898,0.20350069676752286,0.027199971355142856,0.09619968016577829,0.0,0.00020000016616633482,1,1,0,0,0,0,0,0,0.9990195557250977,999019.5557250977
Y2020_LAT23.86263_LON90.37341,2020,90.37340568866655,23.862634202412984,0.5006008126999412,0.3001990361103929,0.0,0.19900015083028838,0.0,0.00020000035937774827,1,1,0,0,0,0,0,0,0.9990327812652587,999032.7812652588
Y2020_LAT23.8628_LON90.38322,2020,90.38321674099215,23.862801343461857,0.8279003522417593,0.003299997892558045,0.0039000101869702307,0.16489963967871224,0.0,0.0,1,1,0,0,0,0,0,0,0.9990459580001831,999045.9580001831
Y2020_LAT23.86297_LON90.39303,2020,90.39302788295696,23.8629678606028,0.9036999716753088,0.04990000252519628,0.0,0.020099996628899764,0.0,0.02630002917059513,1,1,0,0,0,0,0,0,0.9990590836410522,999059.0836410522
Y2020_LAT23.86313_LON90.40284,2020,90.40283911441058,23.863133753729567,0.9994999994823955,0.0,0.0,0.000500000517604429,0.0,0.0,1,1,0,0,0,0,0,0,0.9990721621627807,999072.1621627808
Y2020_LAT23.8633_LON90.41265,2020,90.41265043480634,23.863299022862698,1.0,0.0,0.0,0.0,0.0,0.0,1,1,0,0,0,0,0,0,0.9990851920700073,999085.1920700073
Y2020_LAT23.86346_LON90.42246,2020,90.4224618439574,23.863463667882602,1.0,0.0,0.0,0.0,0.0,0.0,1,1,0,0,0,0,0,0,0.99909817162323,999098.17162323
Y2020_LAT23.86363_LON90.43227,2020,90.43227334149971,23.86362768889646,0.9831999006098641,0.0,0.0041000239544786415,0.012700075435657281,0.0,0.0,1,1,0,0,0,0,0,0,0.9991111030197144,999111.1030197144
Y2020_LAT23.86379_LON90.44208,2020,90.44208492704509,23.863791085843058,0.8993998174728012,0.02050007786913705,0.03450005685028168,0.04560004780778006,0.0,0.0,1,1,0,0,0,0,0,0,0.9991239834213257,999123.9834213257
Y2020_LAT23.86395_LON90.4519,2020,90.4518966002369,23.863953858680702,0.821900432923573,0.05519998118571905,0.04949975727056333,0.07339982862014477,0.0,0.0,1,1,0,0,0,0,0,0,0.9991368160934448,999136.8160934448
Y2020_LAT23.86412_LON90.46171,2020,90.46170836094092,23.864116007374196,0.691099373829526,0.0821001298941441,0.08890033797098258,0.1379001583053472,0.0,0.0,1,1,0,0,0,0,0,0,0.9991496009216309,999149.6009216309
Y2020_LAT23.86428_LON90.47152,2020,90.47152020851755,23.86427753190479,0.0796194081495932,0.0,0.7143060603854814,0.2052229821250927,0.0008515493398326599,0.0,3,0,0,1,0,0,0,0,0.7040084608383179,704008.4608383179
Y2020_LAT23.86709_LON90.11815,2020,90.11815116227423,23.867090571677974,0.0,0.0,1.0,0.0,0.0,0.0,3,0,0,1,0,0,0,0,0.0025965678787231447,2596.5678787231445
Y2020_LAT23.86727_LON90.12796,2020,90.12796044213833,23.867274005435014,0.21264096268627736,0.006954127786765194,0.7804049095269575,0.0,0.0,0.0,3,0,0,1,0,0,0,0,0.6462517286682129,646251.7286682129
Y2020_LAT23.86746_LON90.13777,2020,90.13776982052174,23.867456815575864,0.5664006073499467,0.029300036027074997,0.3819994323933647,0.022299924229613625,0.0,0.0,1,1,0,0,0,0,0,0,0.9987018231048584,998701.8231048584
Y2020_LAT23.86764_LON90.14758,2020,90.14757929701629,23.867639002098965,0.3748994836219041,0.17200042593580298,0.4531000904422929,0.0,0.0,0.0,3,0,0,1,0,0,0,1,0.9987161775817871,998716.1775817871
Y2020_LAT23.86782_LON90.15739,2020,90.15738887128897,23.867820564877498,0.15409993677970085,0.07049965000461472,0.7596004438159746,0.015799969399709804,0.0,0.0,3,0,0,1,0,0,0,0,0.998730481666565,998730.4816665649
Y2020_LAT23.868_LON90.1672,2020,90.16719854295404,23.868001504038673,0.15039939628296126,0.0,0.8476006014394912,0.002000002277547638,0.0,0.0,3,0,0,1,0,0,0,0,0.9987447389678955,998744.7389678955
Y2020_LAT23.86818_LON90.17701,2020,90.17700831177075,23.868181819529703,0.06610027414938598,0.0,0.9130997341845531,0.020799991666060957,0.0,0.0,3,0,0,1,0,0,0,0,0.9987589476623535,998758.9476623535
Y2020_LAT23.86836_LON90.18682,2020,90.18681817732688,23.86836151118984,0.16269986284854393,0.0,0.8373001371514561,0.0,0.0,0.0,3,0,0,1,0,0,0,0,0.9987731045761108,998773.1045761108
Y2020_LAT23.86854_LON90.19663,2020,90.19662813934337,23.86854057920083,0.27799986005962174,0.0,0.7185001370725584,0.0035000028678197903,0.0,0.0,3,0,0,1,0,0,0,0,0.9987872130584717,998787.2130584717
Y2020_LAT23.86872_LON90.20644,2020,90.20643819746425,23.868719023370055,0.32230056804406854,0.0008000034796227745,0.5866993260394922,0.0902001024368165,0.0,0.0,3,0,0,1,0,0,0,0,0.9988012739715576,998801.2739715576
Y2020_LAT23.8689_LON90.21625,2020,90.21624835134534,23.868896843680513,0.2109994735607359,0.0,0.77270059873874,0.01629992770052413,0.0,0.0,3,0,0,1,0,0,0,0,0.9988152824401856,998815.2824401855
Y2020_LAT23.86907_LON90.22606,2020,90.22605860070595,23.869074040275994,0.20490084293792094,0.0,0.7941991618381801,0.000899995223899024,0.0,0.0,3,0,0,1,0,0,0,0,0.9988292463531494,998829.2463531494
Y2020_LAT23.86925_LON90.23587,2020,90.23586894511965,23.869250612942142,0.48789904050000216,0.0010999983002125708,0.2993014115904264,0.21169954960935888,0.0,0.0,1,1,0,0,0,0,0,1,0.9988431586303711,998843.1586303711
Y2020_LAT23.86943_LON90.24568,2020,90.24567938423829,23.86942656165754,0.17500077107136458,0.0004000021530407087,0.8097991388562756,0.014800087919319051,0.0,0.0,3,0,0,1,0,0,0,0,0.9988570236053467,998857.0236053467
Y2020_LAT23.8696_LON90.25549,2020,90.25548991784117,23.86960188655395,0.9113003027260456,0.02030010004050794,0.04419974030892565,0.024199856924520865,0.0,0.0,1,1,0,0,0,0,0,0,0.9988708373184204,998870.8373184204
Y2020_LAT23.86978_LON90.2653,2020,90.26530054560041,23.869776587524374,0.42319911146265843,0.3544008333716963,0.05959988562067923,0.16280016954496607,0.0,0.0,1,1,0,0,0,0,0,1,0.9988846041793823,998884.6041793823
Y2020_LAT23.86995_LON90.27511,2020,90.27511126701698,23.869950664508774,0.21899980674437716,0.337199681938676,0.4153005826330212,0.028499928683925643,0.0,0.0,3,0,0,1,0,0,0,1,0.9988983200454712,998898.3200454712
Y2020_LAT23.87012_LON90.28492,2020,90.28492208192733,23.870124117585018,0.7686009269487234,0.05309981636696832,0.17569926037587985,0.0025999963084285937,0.0,0.0,1,1,0,0,0,0,0,0,0.998911987701416,998911.987701416
Y2020_LAT23.8703_LON90.29473,2020,90.29473298989551,23.870296946589846,0.8821994723307142,0.10650045564415539,0.011300072025130494,0.0,0.0,0.0,1,1,0,0,0,0,0,0,0.9989256048049927,998925.6048049927
Y2020_LAT23.87047_LON90.30454,2020,90.30454399062427,23.87046915158999,0.6537008305974273,0.12559955304367976,0.15889962356972848,0.06179999278916454,0.0,0.0,1,1,0,0,0,0,0,0,0.9989391748046875,998939.1748046875
Y2020_LAT23.87064_LON90.31436,2020,90.31435508375876,23.870640732586768,0.6009994258300042,0.03000012077193187,0.3275005863274123,0.04149986707065177,0.0,0.0,1,1,0,0,0,0,0,0,0.9989526946411132,998952.6946411133
Y2020_LAT23.87081_LON90.32417,2020,90.32416626902638,23.870811689443677,0.4511988291391702,0.17460020723516198,0.37420096362566785,0.0,0.0,0.0,1,1,0,0,0,0,0,1,0.9989661659317016,998966.1659317017
Y2020_LAT23.87098_LON90.33398,2020,90.33397754591326,23.870982022268148,0.18320024334108773,0.3481003598107962,0.35629903593549755,0.11240036091261858,0.0,0.0,3,0,0,1,0,0,0,1,0.9989795879440307,998979.5879440308
Y2020_LAT23.87115_LON90.34379,2020,90.34378891438959,23.87115173088338,0.38429990816786663,0.37469978087292727,0.1977002571139355,0.04320005439895928,0.0,9.999944631130875e-05,1,1,0,0,0,0,0,1,0.9989929580688477,998992.9580688477
Y2020_LAT23.87132_LON90.3536,2020,90.3536003738261,23.871320815399113,0.43840026473965066,0.3126008083581366,0.04189979622952913,0.20709913067268365,0.0,0.0,1,1,0,0,0,0,0,1,0.9990062843017579,999006.2843017578
Y2020_LAT23.87149_LON90.36341,2020,90.3634119239931,23.871489275819783,0.8628006150447604,0.05149968981852398,0.0004999969009647212,0.08519969823575103,0.0,0.0,1,1,0,0,0,0,0,0,0.9990195586929321,999019.5586929321
Y2020_LAT23.87166_LON90.37322,2020,90.37322356466466,23.871657111953418,0.8959997221283328,0.02300009819117875,0.0,0.08100017968048846,0.0,0.0,1,1,0,0,0,0,0,0,0.9990327839508056,999032.7839508057
Y2020_LAT23.87182_LON90.38304,2020,90.3830352954085,23.871824323942175,0.9876000747728407,0.006599961167592543,0.0,0.005799964059566689,0.0,0.0,1,1,0,0,0,0,0,0,0.9990459603805542,999045.9603805542
Y2020_LAT23.87199_LON90.39285,2020,90.3928471157417,23.87199091166142,0.9473999900263685,0.0,0.0,0.05260000997363144,0.0,0.0,1,1,0,0,0,0,0,0,0.9990590876541138,999059.0876541138
Y2020_LAT23.87216_LON90.40266,2020,90.40265902563314,23.872156875146953,1.0,0.0,0.0,0.0,0.0,0.0,1,1,0,0,0,0,0,0,0.9990721655578614,999072.1655578613
Y2020_LAT23.87232_LON90.41247,2020,90.41247102454169,23.87232221436768,1.0,0.0,0.0,0.0,0.0,0.0,1,1,0,0,0,0,0,0,0.9990851946334839,999085.1946334839
Y2020_LAT23.87249_LON90.42228,2020,90.42228311222333,23.872486929276324,1.0,0.0,0.0,0.0,0.0,0.0,1,1,0,0,0,0,0,0,0.9990981738357544,999098.1738357544
Y2020_LAT23.87265_LON90.4321,2020,90.43209528818458,23.872651019865874,1.0,0.0,0.0,0.0,0.0,0.0,1,1,0,0,0,0,0,0,0.999111104347229,999111.104347229
Y2020_LAT23.87281_LON90.44191,2020,90.44190755228512,23.87281448604507,0.8311994767944666,0.043900093837733634,0.12280041689302663,0.002100012474773127,0.0,0.0,1,1,0,0,0,0,0,0,0.9991239868850708,999123.9868850708
Y2020_LAT23.87298_LON90.45172,2020,90.45171990414154,23.87297732794404,0.5887992394001779,0.0048000107061529785,0.21120066376483207,0.19520008612883705,0.0,0.0,1,1,0,0,0,0,0,0,0.999136818145752,999136.818145752
Y2020_LAT23.87314_LON90.46153,2020,90.46153234339499,23.873139545423033,0.15741805480011037,0.009682488215468568,0.731701960510294,0.101197496474127,0.0,0.0,3,0,0,1,0,0,0,0,0.9596829937896728,959682.9937896729
Y2020_LAT23.8733_LON90.47134,2020,90.471344869614,23.87330113850247,0.1596268436827866,0.057803395469430786,0.4517560879746226,0.33081367287316005,0.0,0.0,3,0,0,1,0,0,0,1,0.224710787109375,224710.787109375
Y2020_LAT23.87611_LON90.11795,2020,90.11795131142644,23.876111533173482,0.7513931179123552,0.005971314477660996,0.23765947231330647,0.004976095296677288,0.0,0.0,1,1,0,0,0,0,0,0,0.5017347626647949,501734.7626647949
Y2020_LAT23.8763_LON90.12776,2020,90.12776126928469,23.876295044659045,0.8463998648461597,0.0011999951378441193,0.14540013795457457,0.007000002061421595,0.0,0.0,1,1,0,0,0,0,0,0,0.9986874227905274,998687.4227905273
Y2020_LAT23.87648_LON90.13757,2020,90.13757132564852,23.876477932361663,0.604499876803987,0.13700027681654733,0.25029987186967767,0.00819997450978801,0.0,0.0,1,1,0,0,0,0,0,0,0.9987018266220092,998701.8266220093
Y2020_LAT23.87666_LON90.14738,2020,90.14738148013728,23.876660196054146,0.1486994800419782,0.10389990300642342,0.7396006549798616,0.00779996197173677,0.0,0.0,3,0,0,1,0,0,0,0,0.9987161812820434,998716.1812820435
Y2020_LAT23.87684_LON90.15719,2020,90.15719173245301,23.876841835856744,0.09100020254895543,0.0,0.8887998104603839,0.02019998699066067,0.0,0.0,3,0,0,1,0,0,0,0,0.9987304861221313,998730.4861221313
Y2020_LAT23.87702_LON90.167,2020,90.1670020822725,23.877022851766043,0.24330023820808225,0.004000022422616365,0.7088995613095357,0.04380017805976569,0.0,0.0,3,0,0,1,0,0,0,0,0.9987447427978515,998744.7427978516
Y2020_LAT23.8772_LON90.17681,2020,90.17681252922719,23.87720324365502,0.1516002136642647,0.0,0.8036000143767779,0.04479977195895744,0.0,0.0,3,0,0,1,0,0,0,0,0.998758950012207,998758.950012207
Y2020_LAT23.87738_LON90.18662,2020,90.18662307289256,23.877383011578214,0.45539913959323763,0.0,0.5438008564507554,0.0008000039560071557,0.0,0.0,3,0,0,1,0,0,0,0,0.9987731086196899,998773.1086196899
Y2020_LAT23.87756_LON90.19643,2020,90.19643371310634,23.877562155429512,0.07350004881092514,0.0,0.8326996384566319,0.09380031273244295,0.0,0.0,3,0,0,1,0,0,0,0,0.9987872164993287,998787.2164993286
Y2020_LAT23.87774_LON90.20624,2020,90.20624444949506,23.877740675279334,0.16210019513221344,0.0,0.7999999680173868,0.03789983685039976,0.0,0.0,3,0,0,1,0,0,0,0,0.9988012771224976,998801.2771224976
Y2020_LAT23.87792_LON90.21606,2020,90.21605528152162,23.877918571034517,0.014899941359842702,0.0,0.9124003813689848,0.0726996772711725,0.0,0.0,3,0,0,1,0,0,0,0,0.9988152876358032,998815.2876358032
Y2020_LAT23.8781_LON90.22587,2020,90.22586620916908,23.87809584263195,0.2737008036578231,0.0,0.7224991744362267,0.003800021905950357,0.0,0.0,3,0,0,1,0,0,0,0,0.9988292495422363,998829.2495422363
Y2020_LAT23.87827_LON90.23568,2020,90.235677231866,23.87827249018192,0.36759941996999723,0.09229997618500028,0.3049011121500573,0.19729933622645673,0.037900155468488454,0.0,1,1,0,0,0,0,0,1,0.9988431631622314,998843.1631622314
Y2020_LAT23.87845_LON90.24549,2020,90.24548834936337,23.87844851361341,0.2742007272489798,0.034099961066086884,0.681999358296228,0.006599973838960016,0.0030999795497452572,0.0,3,0,0,1,0,0,0,0,0.9988570266036987,998857.0266036987
Y2020_LAT23.87862_LON90.2553,2020,90.25529956130038,23.87862391286281,0.6593009496831154,0.2810992954920114,0.05239971946738292,0.007200035357490183,0.0,0.0,1,1,0,0,0,0,0,0,0.998870839920044,998870.839920044
Y2020_LAT23.8788_LON90.26511,2020,90.26511086739242,23.878798687852132,0.3680992564017675,0.49130112726117026,0.08449980219142517,0.053499825616196525,0.002599988529440602,0.0,2,0,1,0,0,0,0,1,0.9988846053848267,998884.6053848267
Y2020_LAT23.87897_LON90.27492,2020,90.27492226729622,23.878972838677736,0.1838997960077937,0.2862992641012846,0.5298009398909217,0.0,0.0,0.0,3,0,0,1,0,0,0,0,0.9988983231964111,998898.3231964111
Y2020_LAT23.87915_LON90.28473,2020,90.28473376062148,23.87914636523858,0.36410068179778815,0.0023999887908011043,0.6334993294114107,0.0,0.0,0.0,3,0,0,1,0,0,0,0,0.9989119898910522,998911.9898910522
Y2020_LAT23.87932_LON90.29455,2020,90.2945453470586,23.879319267580957,0.9941999638551192,0.005800036144880819,0.0,0.0,0.0,0.0,1,1,0,0,0,0,0,0,0.9989256082839966,998925.6082839966
Y2020_LAT23.87949_LON90.30436,2020,90.30435702627162,23.87949154556289,0.976600108295024,0.02239989440799298,0.0009999972969830435,0.0,0.0,0.0,1,1,0,0,0,0,0,0,0.998939177810669,998939.177810669
Y2020_LAT23.87966_LON90.31417,2020,90.3141687979401,23.87966319926252,0.8243994078771949,0.13450040407620528,0.04110018804659993,0.0,0.0,0.0,1,1,0,0,0,0,0,0,0.998952697265625,998952.697265625
Y2020_LAT23.87983_LON90.32398,2020,90.32398066170884,23.879834228654786,0.6262990738868744,0.11040016822778881,0.2610007594770505,0.0022999984082863827,0.0,0.0,1,1,0,0,0,0,0,0,0.9989661686553956,998966.1686553955
Y2020_LAT23.88_LON90.33379,2020,90.33379261725966,23.880004633649552,0.8396997773006591,0.016900013026749348,0.047099797373103575,0.0963004122994879,0.0,0.0,1,1,0,0,0,0,0,0,0.9989795902862549,998979.5902862549
Y2020_LAT23.88017_LON90.3436,2020,90.3436046642828,23.880174414292746,0.3730990718535562,0.024100011184511567,0.046099991885596776,0.5421008893653243,0.0,0.014600035711011315,4,0,0,0,1,0,0,0,0.9989929580688477,998992.9580688477
Y2020_LAT23.88034_LON90.35342,2020,90.35341680239053,23.880343570500127,0.3090662387235473,0.0018667698681137299,0.054136115447692625,0.5989956434892819,0.02975155820544939,0.00618367426591501,4,0,0,0,1,0,0,0,0.856248426498413,856248.4264984131
Y2020_LAT23.88051_LON90.36323,2020,90.3632290312946,23.880512102303292,0.9012001450557254,0.02260005428863624,0.022200031192914905,0.051299782614715836,0.0,0.0026999868480076803,1,1,0,0,0,0,0,0,0.9990195611114502,999019.5611114502
Y2020_LAT23.88068_LON90.37304,2020,90.37304135059024,23.880680009676105,0.9489000722080372,0.0,0.0,0.05109992779196285,0.0,0.0,1,1,0,0,0,0,0,0,0.9990327866134644,999032.7866134644
Y2020_LAT23.88085_LON90.38285,2020,90.38285375999334,23.880847292551543,1.0,0.0,0.0,0.0,0.0,0.0,1,1,0,0,0,0,0,0,0.9990459630889893,999045.9630889893
Y2020_LAT23.88101_LON90.39267,2020,90.39266625919572,23.881013950935998,0.9124603953575373,0.0019716131778160033,0.001051526739086304,0.08057324222435813,0.0,0.003943222501202257,1,1,0,0,0,0,0,0,0.7600832523422241,760083.2523422241
Y2020_LAT23.88118_LON90.40248,2020,90.40247884781476,23.881179984723175,0.985534756945366,0.0,0.0,0.01446524305463403,0.0,0.0,1,1,0,0,0,0,0,0,0.524912664932251,524912.664932251
Y2020_LAT23.88135_LON90.41229,2020,90.41229152550925,23.88134539401079,0.9799650441095801,0.00013446316127544228,0.0,0.019900492729144532,0.0,0.0,1,1,0,0,0,0,0,0,0.7430201359024048,743020.1359024048
Y2020_LAT23.88151_LON90.4221,2020,90.42210429197655,23.881510178808302,0.9777999291744428,0.008400022001830258,0.0,0.01380004882372696,0.0,0.0,1,1,0,0,0,0,0,0,0.9990981781158448,999098.1781158447
Y2020_LAT23.88167_LON90.43192,2020,90.43191714687842,23.88167433892366,0.9919999543434495,0.008000045656550546,0.0,0.0,0.0,0.0,1,1,0,0,0,0,0,0,0.999111107849121,999111.1078491211
Y2020_LAT23.88184_LON90.44173,2020,90.44173008984653,23.881837874471696,0.9227999311220413,0.03260001206879688,0.01590002025124098,0.02870003655792083,0.0,0.0,1,1,0,0,0,0,0,0,0.9991239890594482,999123.9890594482
Y2020_LAT23.882_LON90.45154,2020,90.45154312062475,23.88200078537362,0.5045997173464231,0.04939976295835908,0.2835004171537604,0.1625001025414573,0.0,0.0,1,1,0,0,0,0,0,0,0.9991368210678101,999136.8210678101
Y2020_LAT23.88216_LON90.46136,2020,90.46135623874355,23.882163071670725,0.35293183472353995,0.0025915171009056447,0.36200153566454485,0.28247511251100954,0.0,0.0,3,0,0,1,0,0,0,1,0.6168735284347534,616873.5284347534
Y2020_LAT23.88495_LON90.10794,2020,90.1079408244057,23.884948269171346,0.5133690005607504,0.0,0.48663099943924953,0.0,0.0,0.0,1,1,0,0,0,0,0,0,0.01867504242706299,18675.04242706299
Y2020_LAT23.88513_LON90.11775,2020,90.11775136173655,23.885132482546023,0.653841664275612,0.0897365193801666,0.07271977445876775,0.18370204188545367,0.0,0.0,1,1,0,0,0,0,0,0,0.9448448193359374,944844.8193359375
Y2020_LAT23.88532_LON90.12756,2020,90.12756199790492,23.88531607182513,0.650799267302282,0.010999978738450078,0.309600742206427,0.02860001175284102,0.0,0.0,1,1,0,0,0,0,0,0,0.998687426574707,998687.426574707
Y2020_LAT23.8855_LON90.13737,2020,90.13737273264519,23.885499036955927,0.03719985886426095,0.0,0.919300342872382,0.043499798263357044,0.0,0.0,3,0,0,1,0,0,0,0,0.9987018291778564,998701.8291778564
Y2020_LAT23.88568_LON90.14718,2020,90.14718356552991,23.885681377975942,0.25070102300609753,0.0,0.74919897668663,0.00010000030727238014,0.0,0.0,3,0,0,1,0,0,0,0,0.9987161847610474,998716.1847610474
Y2020_LAT23.88586_LON90.15699,2020,90.15699449619838,23.88586309480321,0.4968996121054642,9.999944790751123e-05,0.48750040918798654,0.015499979258641772,0.0,0.0,1,1,0,0,0,0,0,1,0.9987304895019531,998730.4895019531
Y2020_LAT23.88604_LON90.16681,2020,90.16680552444365,23.886044187363694,0.30989962694208734,0.008200002697905601,0.6503002083578862,0.031600162002120936,0.0,0.0,3,0,0,1,0,0,0,0,0.9987447457885742,998744.7457885742
Y2020_LAT23.88622_LON90.17662,2020,90.17661664984978,23.886224655768682,0.16130080449844847,0.0,0.816799102845847,0.021900092655704504,0.0,0.0,3,0,0,1,0,0,0,0,0.9987589513015747,998758.9513015747
Y2020_LAT23.8864_LON90.18643,2020,90.18642787196937,23.88640449980139,0.6064988725663419,0.001899998513338691,0.39160112892031934,0.0,0.0,0.0,1,1,0,0,0,0,0,0,0.9987731115264893,998773.1115264893
Y2020_LAT23.88658_LON90.19624,2020,90.19623919080364,23.886583719668685,0.610300634571017,0.0,0.38899936354877984,0.0007000018802030956,0.0,0.0,1,1,0,0,0,0,0,0,0.9987872189865112,998787.2189865112
Y2020_LAT23.88676_LON90.20605,2020,90.20605060561063,23.886762315116666,0.23099970429173056,0.0,0.7690002957082694,0.0,0.0,0.0,3,0,0,1,0,0,0,0,0.9988012796249389,998801.279624939
Y2020_LAT23.88694_LON90.21586,2020,90.21586211628791,23.886940286283938,0.1299003173709294,0.00020000072854713577,0.8679996746241381,0.0019000072763854289,0.0,0.0,3,0,0,1,0,0,0,0,0.9988152931594849,998815.2931594849
Y2020_LAT23.88712_LON90.22567,2020,90.22567372246279,23.887117633117875,0.4924002667922353,0.002099990854489143,0.40249927717327594,0.10300046517999961,0.0,0.0,1,1,0,0,0,0,0,1,0.9988292523956299,998829.2523956299
Y2020_LAT23.88729_LON90.23549,2020,90.2354854238705,23.887294355538742,0.3882999003894461,0.036400002059453374,0.3252002618294529,0.25009983572164757,0.0,0.0,1,1,0,0,0,0,0,1,0.9988431650466919,998843.1650466919
Y2020_LAT23.88747_LON90.2453,2020,90.24529721996404,23.887470453492192,0.46459957617700254,0.30870038051069687,0.17879990366611392,0.04790013964618681,0.0,0.0,1,1,0,0,0,0,0,1,0.9988570294494629,998857.0294494629
Y2020_LAT23.88765_LON90.25511,2020,90.25510911064741,23.887645927057292,0.5017009253908837,0.47459911118626597,0.009399943842263869,0.014300019580586569,0.0,0.0,1,1,0,0,0,0,0,0,0.9988708434371948,998870.8434371948
Y2020_LAT23.88782_LON90.26492,2020,90.26492109546471,23.887820776209647,0.7475993044385821,0.12230044717199007,0.05529996906263696,0.07480027932679081,0.0,0.0,1,1,0,0,0,0,0,0,0.9988846057662963,998884.6057662964
Y2020_LAT23.888_LON90.27473,2020,90.27473317411365,23.88799500083301,0.2621992402022693,0.3131996690579683,0.3955009597234098,0.029100131016352726,0.0,0.0,3,0,0,1,0,0,0,1,0.9988983257446289,998898.3257446289
Y2020_LAT23.88817_LON90.28455,2020,90.28454534613876,23.888168600941068,0.08720015175201516,0.02850016613926817,0.8842996821087167,0.0,0.0,0.0,3,0,0,1,0,0,0,0,0.9989119933242798,998911.9933242798
Y2020_LAT23.88834_LON90.29436,2020,90.2943576114211,23.888341576523093,0.8801006888607356,0.03229980855171216,0.08759950258755225,0.0,0.0,0.0,1,1,0,0,0,0,0,0,0.9989256113128662,998925.6113128662
Y2020_LAT23.88851_LON90.30417,2020,90.30416996947874,23.888513927549504,0.9983999997467039,0.0016000002532960455,0.0,0.0,0.0,0.0,1,1,0,0,0,0,0,0,0.9989391795883179,998939.1795883179
Y2020_LAT23.88869_LON90.31398,2020,90.31398242003155,23.888685654084437,0.9791999493387149,0.020800050661285062,0.0,0.0,0.0,0.0,1,1,0,0,0,0,0,0,0.9989527007904053,998952.7007904053
Y2020_LAT23.88886_LON90.32379,2020,90.32379496267446,23.888856755916844,0.9829999036197579,0.009700059551411965,0.007300036828830144,0.0,0.0,0.0,1,1,0,0,0,0,0,0,0.9989661718521118,998966.1718521118
Y2020_LAT23.88903_LON90.33361,2020,90.3336075971591,23.88902723312417,0.3538986321368135,0.04179993310584043,0.36170066011840935,0.2229007646052959,0.019700010033640806,0.0,3,0,0,1,0,0,0,1,0.9989795925750733,998979.5925750732
Y2020_LAT23.8892_LON90.34342,2020,90.34342032310458,23.8891970857695,0.0,0.0,0.07579977093398267,0.9188002060433575,0.00540002302265977,0.0,4,0,0,0,1,0,0,0,0.998992962890625,998992.962890625
Y2020_LAT23.88937_LON90.35323,2020,90.35323314018162,23.889366313710504,0.0,0.0,0.5228253980037412,0.3899516448171314,0.0872229571791275,0.0,3,0,0,1,0,0,0,0,0.3917101365890503,391710.1365890503
Y2020_LAT23.88953_LON90.36305,2020,90.36304604804593,23.889534916892327,0.6507703369369988,0.027893400503394557,0.1402546393915464,0.17095907712791253,0.010122546040147711,0.0,1,1,0,0,0,0,0,0,0.8882287384490967,888228.7384490967
Y2020_LAT23.8897_LON90.37286,2020,90.37285904640676,23.889702895410892,0.9287003135992339,0.018099926569048703,0.00709995570394061,0.0460998041277768,0.0,0.0,1,1,0,0,0,0,0,0,0.9990327898025513,999032.7898025513
Y2020_LAT23.88987_LON90.38267,2020,90.38267213493529,23.88987024918704,1.0,0.0,0.0,0.0,0.0,0.0,1,1,0,0,0,0,0,0,0.9464959260177612,946495.9260177612
Y2020_LAT23.89004_LON90.39249,2020,90.39248531317736,23.890036978215416,0.8487773622337291,0.0,0.0,0.15122263776627085,0.0,0.0,1,1,0,0,0,0,0,0,0.3514677157211304,351467.7157211304
Y2020_LAT23.89037_LON90.41211,2020,90.41211193769273,23.890368561872727,0.08000002321445308,0.0,0.0,0.9199999767855469,0.0,0.0,4,0,0,0,1,0,0,0,0.002497728385925293,2497.728385925293
Y2020_LAT23.89053_LON90.42193,2020,90.42192538342933,23.890533416443915,0.4040220129346088,0.4435105799603469,0.0,0.1524674071050443,0.0,0.0,2,0,1,0,0,0,0,1,0.27325393497467043,273253.9349746704
Y2020_LAT23.8907_LON90.43174,2020,90.4317389174173,23.89069764620837,0.6791427385248415,0.14287319398473441,0.059953873431986486,0.11803019405843757,0.0,0.0,1,1,0,0,0,0,0,0,0.9048953443069458,904895.3443069458
Y2020_LAT23.89086_LON90.44155,2020,90.44155253969976,23.890861251127227,0.5248000243030402,0.10840004452929426,0.10529981480328977,0.2615001163643758,0.0,0.0,1,1,0,0,0,0,0,0,0.9991239922561646,999123.9922561646
Y2020_LAT23.89102_LON90.45137,2020,90.45136624966206,23.891024231067785,0.3025007156189449,0.11189989561975788,0.4616992278933268,0.12210014979739006,0.0018000110705803354,0.0,3,0,0,1,0,0,0,1,0.9991368239059448,999136.8239059448
Y2020_LAT23.89119_LON90.46118,2020,90.46118004702986,23.891186586033598,0.05588269590828949,0.0023564971649453425,0.6357519197625291,0.2688098541614786,0.03719903300275748,0.0,3,0,0,1,0,0,0,0,0.5935932569046021,593593.256904602
Y2020_LAT23.89397_LON90.10774,2020,90.10774009725942,23.893969128205097,0.5308484518562044,0.028340977839947854,0.37322826038678514,0.0675823099170626,0.0,0.0,1,1,0,0,0,0,0,0,0.4580860647506714,458086.0647506714
Y2020_LAT23.89415_LON90.11755,2020,90.11755131324067,23.894153419720762,0.29709998352622696,0.031999907972665144,0.4158990590680954,0.2550010494330125,0.0,0.0,3,0,0,1,0,0,0,1,0.9986729763031006,998672.9763031006
Y2020_LAT23.89434_LON90.12736,2020,90.12736262809105,23.894337086837012,0.4879997126743176,0.000699997859525683,0.43190071992386275,0.07939956954229398,0.0,0.0,1,1,0,0,0,0,0,1,0.9986874301147461,998687.4301147461
Y2020_LAT23.89452_LON90.13717,2020,90.13717404147403,23.894520129493834,0.2778994488989723,0.019600098159709218,0.6792004279775713,0.02070001572939919,0.0,0.002600009234347958,3,0,0,1,0,0,0,0,0.9987018327178955,998701.8327178955
Y2020_LAT23.8947_LON90.14699,2020,90.14698555298556,23.894702547736294,0.422000299369396,0.0051000181191822045,0.5273999544972394,0.045499728014182436,0.0,0.0,3,0,0,1,0,0,0,0,0.9987161870193482,998716.1870193481
Y2020_LAT23.89488_LON90.1568,2020,90.15679716250132,23.894884341569774,0.4225999718458789,0.02019988620395874,0.5572001419501623,0.0,0.0,0.0,3,0,0,1,0,0,0,0,0.9987304916152954,998730.4916152954
Y2020_LAT23.89507_LON90.16661,2020,90.16660886945022,23.895065510912552,0.08350017907335376,0.016400026149278983,0.8995997933861556,0.0005000013912116516,0.0,0.0,3,0,0,1,0,0,0,0,0.9987447491455078,998744.7491455078
Y2020_LAT23.89525_LON90.17642,2020,90.17642067357016,23.895246055750324,0.4106006539225651,0.007300043638918105,0.5820993024385168,0.0,0.0,0.0,3,0,0,1,0,0,0,0,0.9987589559249878,998758.9559249878
Y2020_LAT23.89543_LON90.18623,2020,90.1862325746454,23.8954259761038,0.4342990299678914,0.017999905424448157,0.5375010100136428,0.010200054594017679,0.0,0.0,3,0,0,1,0,0,0,0,0.9987731140975952,998773.1140975952
Y2020_LAT23.89561_LON90.19604,2020,90.19604457221276,23.895605271762815,0.2254998410410974,0.0,0.7742001582994252,0.00030000065947747255,0.0,0.0,3,0,0,1,0,0,0,0,0.998787222946167,998787.222946167
Y2020_LAT23.89578_LON90.20586,2020,90.20585666596777,23.895783942944398,0.4075998977896613,0.0,0.5924001022103387,0.0,0.0,0.0,3,0,0,1,0,0,0,0,0.998801282836914,998801.2828369141
Y2020_LAT23.89596_LON90.21567,2020,90.21566885557635,23.895961989555126,0.6922006304006136,0.0,0.3072993727631611,0.0004999968362253108,0.0,0.0,1,1,0,0,0,0,0,0,0.9988152952728272,998815.2952728271
Y2020_LAT23.89614_LON90.22548,2020,90.22548114066961,23.896139411474614,0.6080003305746406,0.0037999922860601923,0.3043992577516495,0.08380041938764968,0.0,0.0,1,1,0,0,0,0,0,0,0.9988292551498413,998829.2551498413
Y2020_LAT23.89632_LON90.23529,2020,90.23529352093622,23.896316208777705,0.7120999643583391,0.011900063623707952,0.08300041452689337,0.1929995574910596,0.0,0.0,1,1,0,0,0,0,0,0,0.9988431686019897,998843.1686019897
Y2020_LAT23.89649_LON90.24511,2020,90.24510599617967,23.8964923814273,0.6296999395665605,0.08879996086429016,0.14940004988080058,0.13210004968834885,0.0,0.0,1,1,0,0,0,0,0,0,0.9988570328216553,998857.0328216553
Y2020_LAT23.89667_LON90.25492,2020,90.25491856583866,23.896667929349793,0.41290089629619436,0.20299960636691397,0.13749981209079257,0.24659968524609907,0.0,0.0,1,1,0,0,0,0,0,1,0.9988708466033935,998870.8466033936
Y2020_LAT23.89684_LON90.26473,2020,90.26473122968088,23.896842852513508,0.6801996510379668,0.09420002509993522,0.1538001593300797,0.07180016453201836,0.0,0.0,1,1,0,0,0,0,0,0,0.9988846136016846,998884.6136016846
Y2020_LAT23.89702_LON90.27454,2020,90.27454398737359,23.897017150956458,0.2920989235289268,0.033399850128063444,0.646201382255309,0.028299844087700754,0.0,0.0,3,0,0,1,0,0,0,0,0.9988983276214599,998898.32762146
Y2020_LAT23.89719_LON90.28436,2020,90.28435683861467,23.897190824658555,0.006900029561099364,0.0,0.9930999704389006,0.0,0.0,0.0,3,0,0,1,0,0,0,0,0.9989119959106445,998911.9959106445
Y2020_LAT23.89736_LON90.29417,2020,90.29416978297067,23.89736387356079,0.9538001324974605,0.014500065792056774,0.031699801710482665,0.0,0.0,0.0,1,1,0,0,0,0,0,0,0.9989256138076782,998925.6138076782
Y2020_LAT23.89754_LON90.30398,2020,90.30398282021284,23.897536297686035,0.7334993497146581,0.2640006364365558,0.002500013848786018,0.0,0.0,0.0,1,1,0,0,0,0,0,0,0.9989391837692261,998939.1837692261
Y2020_LAT23.89771_LON90.3138,2020,90.31379594996622,23.897708096862914,0.6666010366176242,0.33169896097513596,0.0017000024072398752,0.0,0.0,0.0,1,1,0,0,0,0,0,0,0.9989527031784058,998952.7031784058
Y2020_LAT23.89788_LON90.32361,2020,90.32360917178374,23.897879271231613,1.0,0.0,0.0,0.0,0.0,0.0,1,1,0,0,0,0,0,0,0.9989661745147705,998966.1745147705
Y2020_LAT23.89805_LON90.33342,2020,90.33342248558723,23.89804982073345,0.42709887133740343,0.17520064871524235,0.02000000002734113,0.33920056736358445,0.012000007720799488,0.026499904835629202,1,1,0,0,0,0,0,1,0.998979594581604,998979.594581604
Y2020_LAT23.89822_LON90.34324,2020,90.34323589076368,23.89821974529185,0.015703231948018655,0.11237284723425092,0.5391474578721708,0.3315513853811424,0.0012250775644171874,0.0,3,0,0,1,0,0,0,0,0.8969952746124268,896995.2746124268
Y2020_LAT23.89839_LON90.35305,2020,90.35304938721862,23.898389044927477,0.0,0.0,0.7528089930713837,0.24719100692861629,0.0,0.0,3,0,0,1,0,0,0,0,0.0355644084777832,35564.4084777832
Y2020_LAT23.89856_LON90.36286,2020,90.36286297439925,23.898557719634137,0.025000021741126616,0.0,0.0,0.9749999782588734,0.0,0.0,4,0,0,0,1,0,0,0,0.007992201301574707,7992.201301574707
Y2020_LAT23.89873_LON90.37268,2020,90.37267665208984,23.898725769381308,0.6788937526097759,0.0,0.0,0.32110624739022403,0.0,0.0,1,1,0,0,0,0,0,0,0.1770288427734375,177028.8427734375
Y2020_LAT23.89889_LON90.38249,2020,90.38249041997798,23.898893194068872,0.8484097482659304,0.0,0.0,0.15159025173406956,0.0,0.0,1,1,0,0,0,0,0,0,0.36445165724182127,364451.6572418213
Y2020_LAT23.89972_LON90.43156,2020,90.43156059992621,23.899720941693886,0.6791985594819059,0.0,0.1278193415052765,0.1929820990128176,0.0,0.0,1,1,0,0,0,0,0,0,0.07972941591644288,79729.41591644287
Y2020_LAT23.89988_LON90.44137,2020,90.44137490170039,23.89988461582515,0.4022325821318128,0.03130723722158394,0.0001830828740224978,0.5662770977725807,0.0,0.0,4,0,0,0,1,0,0,0,0.5457212988891602,545721.2988891602
Y2020_LAT23.90005_LON90.45119,2020,90.45118929121746,23.900047664867294,0.003960384952513822,0.0,0.3597367102255515,0.6363029048219346,0.0,0.0,4,0,0,0,1,0,0,0,0.15136885875701905,151368.85875701904
Y2020_LAT23.90021_LON90.461,2020,90.46100376822567,23.900210088743844,0.0,0.0,0.969465664791856,0.030534335208143987,0.0,0.0,3,0,0,1,0,0,0,0,0.0392664382019043,39266.4382019043
Y2020_LAT23.90262_LON90.08792,2020,90.0879157791817,23.902619362338964,0.4638553666144376,0.1325301435377737,0.4036144898477887,0.0,0.0,0.0,1,1,0,0,0,0,0,1,0.016577361328125,16577.361328125
Y2020_LAT23.9028_LON90.09773,2020,90.09772747523351,23.902804981100473,0.30062165922552986,0.048549350514717156,0.6351391584603607,0.015689831799392328,0.0,0.0,3,0,0,1,0,0,0,0,0.6746843717803955,674684.3717803955
Y2020_LAT23.90299_LON90.10754,2020,90.10753927088368,23.902989975253977,0.5608673404677397,0.01099346857024331,0.3835603081545343,0.043267729019052216,0.0013111537884304871,0.0,1,1,0,0,0,0,0,0,0.9901699400253295,990169.9400253296
Y2020_LAT23.90317_LON90.11735,2020,90.117351165922,23.90317434474127,0.4451000059946379,0.05680003149421654,0.46379990919909314,0.031400072114213515,0.002899981197838928,0.0,3,0,0,1,0,0,0,1,0.9986729803848267,998672.9803848267
Y2020_LAT23.90336_LON90.12716,2020,90.12716315965166,23.903358089657306,0.4163001099938449,0.0047999745459110805,0.5468999852992881,0.03199993016095606,0.0,0.0,3,0,0,1,0,0,0,0,0.998687432510376,998687.432510376
Y2020_LAT23.90354_LON90.13698,2020,90.1369752521041,23.903541209896854,0.3107005668869324,0.0010000064551801166,0.6858994272293997,0.0023999994284878198,0.0,0.0,3,0,0,1,0,0,0,0,0.9987018356704712,998701.8356704712
Y2020_LAT23.90372_LON90.14679,2020,90.1467874426553,23.903723705491075,0.42379893254065343,0.012299989895298522,0.5288010154478244,0.035100062116223796,0.0,0.0,3,0,0,1,0,0,0,0,0.998716191078186,998716.191078186
Y2020_LAT23.90391_LON90.1566,2020,90.15659973118292,23.903905576283538,0.6817009475635323,0.012699966347499422,0.2632993400191532,0.04229974606981524,0.0,0.0,1,1,0,0,0,0,0,0,0.9987304959640503,998730.4959640503
Y2020_LAT23.90409_LON90.16641,2020,90.16641211728204,23.904086822344457,0.4966998166406831,0.009300051381014278,0.47570013937291733,0.018299992605385444,0.0,0.0,1,1,0,0,0,0,0,1,0.9987447528152466,998744.7528152466
Y2020_LAT23.90427_LON90.17622,2020,90.17622460057586,23.904267443610873,0.4732002014056195,0.013999946086060009,0.41199987201215194,0.1007999804961685,0.0,0.0,1,1,0,0,0,0,0,1,0.9987589600906372,998758.9600906372
Y2020_LAT23.90445_LON90.18604,2020,90.1860371806879,23.904447440139403,0.9263996807808166,0.0004999965928695647,0.07090031038243012,0.0022000122438838063,0.0,0.0,1,1,0,0,0,0,0,0,0.9987731175460816,998773.1175460815
Y2020_LAT23.90463_LON90.19585,2020,90.19584985746877,23.90462681183442,0.4092984838931168,0.0022999986077865044,0.5876015198242616,0.0007999976748351291,0.0,0.0,3,0,0,1,0,0,0,0,0.9987872256698609,998787.2256698608
Y2020_LAT23.90481_LON90.20566,2020,90.20566263040952,23.904805558711846,0.6229998248836373,0.03539992171178534,0.3092001537862194,0.03240009961835798,0.0,0.0,1,1,0,0,0,0,0,0,0.9988012863616943,998801.2863616943
Y2020_LAT23.90498_LON90.21548,2020,90.21547549931775,23.90498368072012,0.9304003651988882,0.008999946014534384,0.04339972724980862,0.01719996153676886,0.0,0.0,1,1,0,0,0,0,0,0,0.9988152954101562,998815.2954101562
Y2020_LAT23.90516_LON90.22529,2020,90.22528846370547,23.905161177852765,0.8856998291948426,0.02019996322069063,0.0,0.09410020758446681,0.0,0.0,1,1,0,0,0,0,0,0,0.9988292584915162,998829.2584915161
Y2020_LAT23.90534_LON90.2351,2020,90.23510152327206,23.905338050015168,0.722099460695014,0.0711003222870115,0.014100077528426859,0.19270013948954767,0.0,0.0,1,1,0,0,0,0,0,0,0.9988431716537476,998843.1716537476
Y2020_LAT23.90551_LON90.24491,2020,90.24491467776171,23.905514297304098,0.766801047888938,0.003999988423811066,0.0030999806593174795,0.2260989830279335,0.0,0.0,1,1,0,0,0,0,0,0,0.9988570357894897,998857.0357894897
Y2020_LAT23.90569_LON90.25473,2020,90.25472792682538,23.90568991954032,0.9211000087256309,0.03930001143261358,0.016299999113367297,0.023299980728388226,0.0,0.0,1,1,0,0,0,0,0,0,0.9988708496475219,998870.849647522
Y2020_LAT23.90586_LON90.26454,2020,90.26454127009222,23.90586491690071,0.6860005573512129,0.1558996627191734,0.08049986391054037,0.0775999160190733,0.0,0.0,1,1,0,0,0,0,0,0,0.9988846176452637,998884.6176452637
Y2020_LAT23.90604_LON90.27435,2020,90.27435470717882,23.906039289197267,0.43709856179197826,0.0015999917951602,0.5342015226525341,0.027099923760327497,0.0,0.0,3,0,0,1,0,0,0,0,0.9988983308792114,998898.3308792114
Y2020_LAT23.90621_LON90.28417,2020,90.28416823786657,23.906213036451277,0.6774007028942692,0.011699972919894427,0.3108993241858364,0.0,0.0,0.0,1,1,0,0,0,0,0,0,0.9989119991607666,998911.9991607666
Y2020_LAT23.90639_LON90.29398,2020,90.29398186171044,23.9063861586221,1.0,0.0,0.0,0.0,0.0,0.0,1,1,0,0,0,0,0,0,0.9989256173553467,998925.6173553467
Y2020_LAT23.90656_LON90.3038,2020,90.30379557837136,23.906558655724737,0.8941996120648803,0.10490038198863982,0.0,0.000900005946479917,0.0,0.0,1,1,0,0,0,0,0,0,0.9989391870269776,998939.1870269775
Y2020_LAT23.90673_LON90.31361,2020,90.31360938772924,23.906730527740624,0.7873003428113382,0.10659959300154388,0.03569989916149222,0.06920016824809544,0.0,0.001199996777530279,1,1,0,0,0,0,0,0,0.9989527062301635,998952.7062301636
Y2020_LAT23.9069_LON90.32342,2020,90.32342328917473,23.90690177465683,0.7568988806041681,0.08150041223818148,0.02670009426890891,0.07120038404348675,0.06370022884525471,0.0,1,1,0,0,0,0,0,0,0.9989661772537232,998966.1772537231
Y2020_LAT23.90707_LON90.33324,2020,90.333237282474,23.90707239642108,0.008299948463651372,0.0929001876452509,0.021699875598841293,0.7504002802596103,0.0450000840401844,0.08169962399246174,4,0,0,0,1,0,0,0,0.9989795979690552,998979.5979690552
Y2020_LAT23.90724_LON90.34305,2020,90.34305136728841,23.907242392934382,0.0,0.05321385344477192,0.30539248680690007,0.46385695050208764,0.17753670924624035,0.0,4,0,0,0,1,0,0,1,0.8485438510589599,848543.85105896
Y2020_LAT23.90741_LON90.35287,2020,90.35286554337758,23.90741176433192,0.0,0.0,0.21052634011797047,0.7894736598820296,0.0,0.0,4,0,0,0,1,0,0,0,0.003796199546813965,3796.199546813965
Y2020_LAT23.91127_LON90.06809,2020,90.06808904464485,23.911266771038225,0.9539857010440945,0.00044529886042177057,0.03206153947459855,0.01350746062088519,0.0,0.0,1,1,0,0,0,0,0,0,0.6727576366119384,672757.6366119385
Y2020_LAT23.91145_LON90.0779,2020,90.07790121976794,23.911453717955496,0.8067014241691275,0.08686465317334556,0.05406179964386179,0.05237212301366513,0.0,0.0,1,1,0,0,0,0,0,0,0.7093154868545533,709315.4868545532
Y2020_LAT23.91164_LON90.08771,2020,90.08771349513708,23.911640040153838,0.7954881308514745,0.04481633446168763,0.1356440244372845,0.02405151024955341,0.0,0.0,1,1,0,0,0,0,0,0,0.6684832994537353,668483.2994537354
Y2020_LAT23.91183_LON90.09753,2020,90.09752587049503,23.911825737522538,0.6126995480900435,0.05149991870155952,0.20590000180871648,0.12990053139968052,0.0,0.0,1,1,0,0,0,0,0,0,0.9986439320831298,998643.9320831299
Y2020_LAT23.91201_LON90.10734,2020,90.10733834536826,23.912010810066647,0.5064992088924855,0.0013999901406110476,0.4589009185675653,0.03319988239933815,0.0,0.0,1,1,0,0,0,0,0,0,0.9986584829940796,998658.4829940796
Y2020_LAT23.9122_LON90.11715,2020,90.11715091963796,23.91219525767759,0.13629971131404423,0.0,0.7391998909295537,0.10090039997150886,0.02359999778489316,0.0,3,0,0,1,0,0,0,0,0.998672983833313,998672.983833313
Y2020_LAT23.91238_LON90.12696,2020,90.12696359272061,23.912379080422376,0.2922008498626889,0.0,0.3751000201921139,0.3326991299451971,0.0,0.0,3,0,0,1,0,0,0,1,0.9986874372940063,998687.4372940063
Y2020_LAT23.91256_LON90.13678,2020,90.13677636446604,23.91256227816318,0.5498003363270685,0.014699999494903233,0.37839941384430614,0.05710025033372214,0.0,0.0,1,1,0,0,0,0,0,0,0.9987018388595581,998701.8388595581
Y2020_LAT23.91274_LON90.14659,2020,90.14658923438279,23.912744850967222,0.4128014651700559,0.0014000051437572092,0.5645986033262128,0.02119992635997408,0.0,0.0,3,0,0,1,0,0,0,0,0.9987161944961548,998716.1944961548
Y2020_LAT23.91293_LON90.1564,2020,90.15640220232353,23.912926798802285,0.8076005644104128,0.0,0.19059944774511722,0.0017999878444699754,0.0,0.0,1,1,0,0,0,0,0,0,0.9987304993820191,998730.499382019
Y2020_LAT23.91311_LON90.16622,2020,90.16621526782451,23.91310812164641,0.5564995778322208,0.0,0.3671003789083328,0.07640004325944644,0.0,0.0,1,1,0,0,0,0,0,0,0.9987447556915283,998744.7556915283
Y2020_LAT23.91329_LON90.17603,2020,90.17602843061668,23.91328881945634,0.39980021601304816,0.0008000007967529613,0.5512998996931072,0.04809988349709176,0.0,0.0,3,0,0,1,0,0,0,0,0.998758961654663,998758.9616546631
Y2020_LAT23.91347_LON90.18584,2020,90.18584169027079,23.91346889219602,0.86070051978452,0.0,0.1301995126518675,0.009099967563612517,0.0,0.0,1,1,0,0,0,0,0,0,0.9987731206588745,998773.1206588745
Y2020_LAT23.91365_LON90.19566,2020,90.19565504647575,23.913648339915518,0.6811998294736747,0.008899982884640792,0.3086001909007403,0.001299996740944211,0.0,0.0,1,1,0,0,0,0,0,0,0.9987872294082641,998787.2294082642
Y2020_LAT23.91383_LON90.20547,2020,90.20546849904862,23.91382716245591,0.5988007356074608,0.00030000202581169274,0.3725991008008881,0.028300161565839376,0.0,0.0,1,1,0,0,0,0,0,0,0.9988012896499634,998801.2896499634
Y2020_LAT23.91401_LON90.21528,2020,90.21528204750622,23.914005359878427,0.8975999841773609,0.007499953990979556,0.0016999893270621897,0.09320007250459739,0.0,0.0,1,1,0,0,0,0,0,0,0.9988152998352051,998815.2998352051
Y2020_LAT23.91418_LON90.2251,2020,90.2250956914889,23.914182932130917,0.7593997904598667,0.019999975781430326,0.005300033649854312,0.21530020010884862,0.0,0.0,1,1,0,0,0,0,0,0,0.9988292616500855,998829.2616500854
Y2020_LAT23.91436_LON90.23491,2020,90.23490943068923,23.91435987920369,0.8469000619207075,0.05169996766771576,0.04260007256031443,0.058799897851262294,0.0,0.0,1,1,0,0,0,0,0,0,0.9988431746749878,998843.1746749878
Y2020_LAT23.91454_LON90.24472,2020,90.24472326485738,23.914536201057746,0.6469996273716998,0.0188999498333085,0.24970029890390466,0.08440012389108706,0.0,0.0,1,1,0,0,0,0,0,0,0.9988570379562378,998857.0379562378
Y2020_LAT23.91471_LON90.25454,2020,90.25453719364454,23.914711897814605,0.692100432293158,0.20649988566224717,0.04899973568806416,0.05239994635653068,0.0,0.0,1,1,0,0,0,0,0,0,0.9988708528442383,998870.8528442383
Y2020_LAT23.91489_LON90.26435,2020,90.26435121660649,23.91488696920912,0.921499760857063,0.03610012731057808,0.030100146153662553,0.012299965678696378,0.0,0.0,1,1,0,0,0,0,0,0,0.9988846194534302,998884.6194534302
Y2020_LAT23.91506_LON90.27417,2020,90.27416533338909,23.915061415381363,0.5113992545850978,0.015099947126512145,0.40950084608090953,0.06399995220748046,0.0,0.0,1,1,0,0,0,0,0,0,0.9988983344268799,998898.3344268799
Y2020_LAT23.91524_LON90.28398,2020,90.2839795439219,23.915235236192398,0.9560002731259569,0.0,0.04039974720630249,0.003599979667740601,0.0,0.0,1,1,0,0,0,0,0,0,0.9989120019073486,998912.0019073486
Y2020_LAT23.91541_LON90.29379,2020,90.2937938475782,23.91540843172261,0.9969000037982626,0.0030999962017373974,0.0,0.0,0.0,0.0,1,1,0,0,0,0,0,0,0.9989256195831299,998925.6195831299
Y2020_LAT23.91558_LON90.30361,2020,90.3036082440733,23.915581001930963,1.0,0.0,0.0,0.0,0.0,0.0,1,1,0,0,0,0,0,0,0.9989391888275146,998939.1888275146
Y2020_LAT23.91575_LON90.31342,2020,90.31342273328266,23.91575294669763,0.9422996949284107,0.00029999981803147184,0.0,0.05740030525355784,0.0,0.0,1,1,0,0,0,0,0,0,0.9989527085876465,998952.7085876465
Y2020_LAT23.91592_LON90.32324,2020,90.32323731461811,23.915924266097917,0.7312994578284505,0.0025000059871581157,0.07390034847329938,0.1744001140229084,0.017700072741503304,0.00020000094668029558,1,1,0,0,0,0,0,0,0.9989661806106568,998966.1806106567
Y2020_LAT23.91609_LON90.33305,2020,90.33305198782428,23.916094960058114,0.03759977732329989,0.0,0.17249942849453842,0.604800470326087,0.18510032385607483,0.0,4,0,0,0,1,0,0,0,0.9989796017379761,998979.6017379761
Y2020_LAT23.91627_LON90.34287,2020,90.34286675264342,23.91626502868802,0.0,0.00019999959142052133,0.5172003838441174,0.4576997458196503,0.02489987074481189,0.0,3,0,0,1,0,0,0,0,0.9989929771194458,998992.9771194458
Y2020_LAT23.91643_LON90.35268,2020,90.35268160867729,23.916434471708154,0.0,0.0,0.6032608504410591,0.3967391495589409,0.0,0.0,3,0,0,1,0,0,0,0,0.05514480278015137,55144.80278015137
Y2020_LAT23.92029_LON90.06789,2020,90.06788530164413,23.92028727869885,0.6042482214135371,0.07159734849328243,0.3084187484329789,0.015735681660201645,0.0,0.0,1,1,0,0,0,0,0,0,0.38076738818359374,380767.38818359375
Y2020_LAT23.92047_LON90.0777,2020,90.077698156294,23.920474304845623,0.4498344473785375,0.012303632963031313,0.5075529037356515,0.030309015922779715,0.0,0.0,3,0,0,1,0,0,0,0,0.9983151056442261,998315.1056442261
Y2020_LAT23.92066_LON90.08751,2020,90.08751111119,23.92066070591179,0.32499995766845624,0.0030999991065749437,0.3853994907872923,0.28650055243767664,0.0,0.0,3,0,0,1,0,0,0,1,0.9986293348312378,998629.3348312378
Y2020_LAT23.92085_LON90.09732,2020,90.09732416609907,23.920846481884332,0.5195996709624616,0.0167999487484378,0.18330000828872342,0.28030037200037716,0.0,0.0,1,1,0,0,0,0,0,0,0.9986439353103638,998643.9353103638
Y2020_LAT23.92103_LON90.10714,2020,90.10713732055757,23.921031632657122,0.5471997114277444,0.0,0.32470066717226487,0.1269996151321089,0.0,0.0011000062678818716,1,1,0,0,0,0,0,0,0.9986584858169556,998658.4858169556
Y2020_LAT23.92122_LON90.11695,2020,90.11695057441325,23.921216158393985,0.6104006296365979,0.0022000033408469213,0.32799936224493836,0.05940000477761682,0.0,0.0,1,1,0,0,0,0,0,0,0.998672987121582,998672.987121582
Y2020_LAT23.9214_LON90.12676,2020,90.12676392713566,23.92140005884229,0.9225001840129285,0.0008000055762033806,0.07169982968108024,0.004999980729787861,0.0,0.0,1,1,0,0,0,0,0,0,0.9986874396820068,998687.4396820068
Y2020_LAT23.92158_LON90.13658,2020,90.13657737857478,23.9215833342621,0.8385992626057786,0.04680020677954392,0.0973004607539304,0.017300069860747187,0.0,0.0,1,1,0,0,0,0,0,0,0.9987018422470093,998701.8422470093
Y2020_LAT23.92177_LON90.14639,2020,90.14639092827193,23.921765984405067,0.7278007411962539,9.999984772855516e-05,0.22739942080783346,0.0446998381481841,0.0,0.0,1,1,0,0,0,0,0,0,0.9987161966629028,998716.1966629028
Y2020_LAT23.92195_LON90.1562,2020,90.15620457582648,23.92194800928787,0.7948992318485779,0.0,0.08580033391239464,0.11810043440056986,0.0011999998384576418,0.0,1,1,0,0,0,0,0,0,0.9987305014724731,998730.5014724731
Y2020_LAT23.92213_LON90.16602,2020,90.16601832120915,23.92212940888181,0.8979001040399893,0.0031000059308065584,0.02189987021434684,0.07710001981485731,0.0,0.0,1,1,0,0,0,0,0,0,0.9987447593765258,998744.7593765259
Y2020_LAT23.92231_LON90.17583,2020,90.17583216369981,23.922310183155794,0.5539992059786869,0.0,0.4436007989773477,0.0023999950439653485,0.0,0.0,1,1,0,0,0,0,0,0,0.9987589638748169,998758.9638748169
Y2020_LAT23.92249_LON90.18565,2020,90.18564610319386,23.922490332086976,0.5920000230978573,0.018399987895256393,0.3770999106327616,0.01250007837412476,0.0,0.0,1,1,0,0,0,0,0,0,0.9987731231384277,998773.1231384277
Y2020_LAT23.92267_LON90.19546,2020,90.19546013933515,23.9226698557382,0.295700113597035,0.027199852036338155,0.6580000903455301,0.019099944021096806,0.0,0.0,3,0,0,1,0,0,0,0,0.9987872323913575,998787.2323913574
Y2020_LAT23.92285_LON90.20527,2020,90.20527427173054,23.9228487540319,0.9096003537971525,0.006199975492981948,0.042399763591609296,0.041799907118256346,0.0,0.0,1,1,0,0,0,0,0,0,0.9988012920913696,998801.2920913696
Y2020_LAT23.92303_LON90.21509,2020,90.21508850007542,23.923027026920437,0.8199994496133104,0.006300038463908274,0.1397004676697172,0.03400004425306417,0.0,0.0,1,1,0,0,0,0,0,0,0.9988153057174682,998815.3057174683
Y2020_LAT23.9232_LON90.2249,2020,90.22490282402647,23.92320467436388,0.4941993357753914,0.007099963745999907,0.14010044462244803,0.35860025585616073,0.0,0.0,1,1,0,0,0,0,0,1,0.9988292643814087,998829.2643814087
Y2020_LAT23.92338_LON90.23472,2020,90.23471724324217,23.923381696428333,0.776200320923748,0.014099998855735004,0.122999729389497,0.08669995083102003,0.0,0.0,1,1,0,0,0,0,0,0,0.9988431780700684,998843.1780700684
Y2020_LAT23.92356_LON90.24453,2020,90.24453175737668,23.923558092970506,0.6115997217866402,0.05489996579645059,0.17470022380735584,0.15880008860955339,0.0,0.0,1,1,0,0,0,0,0,0,0.9988570416564941,998857.0416564941
Y2020_LAT23.92373_LON90.25435,2020,90.25434636615259,23.92373386398265,0.9805001227520577,0.0,0.01299991894437279,0.006499958303569494,0.0,0.0,1,1,0,0,0,0,0,0,0.9988708555526733,998870.8555526733
Y2020_LAT23.92391_LON90.26416,2020,90.26416106922473,23.92390900955616,0.9449998253654809,0.002800015566132284,0.0017000098567665864,0.05050014921162028,0.0,0.0,1,1,0,0,0,0,0,0,0.9988846206436157,998884.6206436157
Y2020_LAT23.92408_LON90.27398,2020,90.27397586614127,23.92408352950021,0.852000220164758,0.049599912104181666,0.00629998000964776,0.09209988772141264,0.0,0.0,1,1,0,0,0,0,0,0,0.9988983375778199,998898.3375778198
Y2020_LAT23.92426_LON90.28379,2020,90.28379075666041,23.9242574239903,0.9972999823396181,0.0027000176603818532,0.0,0.0,0.0,0.0,1,1,0,0,0,0,0,0,0.9989120052108764,998912.0052108765
Y2020_LAT23.92443_LON90.29361,2020,90.29360574054748,23.924430692810738,0.9228001320372099,0.07719986796279006,0.0,0.0,0.0,0.0,1,1,0,0,0,0,0,0,0.9989256228103638,998925.6228103638
Y2020_LAT23.9246_LON90.30342,2020,90.30342081726704,23.924603336033616,1.0,0.0,0.0,0.0,0.0,0.0,1,1,0,0,0,0,0,0,0.998939193069458,998939.193069458
Y2020_LAT23.92478_LON90.31324,2020,90.31323598660447,23.924775353675173,0.8701994407580335,0.01820008776977823,0.0,0.06960035348834996,0.04200011798383836,0.0,1,1,0,0,0,0,0,0,0.9989527117080689,998952.7117080688
Y2020_LAT23.92495_LON90.32305,2020,90.32305124818397,23.924946745615596,0.9262996797923226,0.008899999045924518,0.0024000152883822986,0.05260024491917,0.009800060954200506,0.0,1,1,0,0,0,0,0,0,0.998966182685852,998966.182685852
Y2020_LAT23.92512_LON90.33287,2020,90.33286660165298,23.925117511913353,0.05509969884772445,0.0570002872152378,0.14069999270538774,0.5587997102509176,0.18840031098073248,0.0,4,0,0,0,1,0,0,0,0.9989796053619385,998979.6053619385
Y2020_LAT23.92529_LON90.34268,2020,90.34268204675328,23.925287652394083,0.00470003017985164,0.0025999847601963825,0.7542000389682275,0.1974001705933918,0.0410997754983327,0.0,3,0,0,1,0,0,0,0,0.998992977142334,998992.977142334
Y2020_LAT23.92546_LON90.3525,2020,90.35249758312685,23.925457167268462,0.07357859539580365,0.0,0.03946491665899061,0.8869564879452058,0.0,0.0,4,0,0,0,1,0,0,0,0.1493506028060913,149350.6028060913
Y2020_LAT23.92931_LON90.06768,2020,90.06768145807496,23.92930777409205,0.31188816959412813,0.1654846048468882,0.5199254332463055,0.00270179231267826,0.0,0.0,3,0,0,1,0,0,0,0,0.5913717108001709,591371.7108001709
Y2020_LAT23.92949_LON90.07749,2020,90.0774949924864,23.92949487938198,0.611950775903092,0.017715955355383384,0.36873183758493977,0.0016014311565848438,0.0,0.0,1,1,0,0,0,0,0,0,0.9977159447555543,997715.9447555542
Y2020_LAT23.92968_LON90.08731,2020,90.08730862722784,23.929681359316312,0.2907994005732163,0.0226999701060111,0.5837002333624381,0.10280039595833443,0.0,0.0,3,0,0,1,0,0,0,0,0.9986293389053345,998629.3389053345
Y2020_LAT23.92987_LON90.09712,2020,90.09712236206408,23.929867213915298,0.43870007233958097,0.010399981672180049,0.46250040359085004,0.08839954239738895,0.0,0.0,3,0,0,1,0,0,0,1,0.9986439389495849,998643.938949585
Y2020_LAT23.93005_LON90.10694,2020,90.10693619646736,23.930052443185215,0.28360000562339166,0.016900049221182878,0.6320998172940896,0.06740012786133602,0.0,0.0,3,0,0,1,0,0,0,0,0.9986584893112183,998658.4893112183
Y2020_LAT23.93024_LON90.11675,2020,90.11675013023752,23.930237046970703,0.1640002574724971,0.009500037075287947,0.826499705452215,0.0,0.0,0.0,3,0,0,1,0,0,0,0,0.9986729912338257,998672.9912338257
Y2020_LAT23.93042_LON90.12656,2020,90.12656416296012,23.930421025382827,0.4361000547797874,0.009999946273474995,0.551200000217143,0.002699998729594728,0.0,0.0,3,0,0,1,0,0,0,0,0.9986874426269531,998687.4426269531
Y2020_LAT23.9306_LON90.13638,2020,90.13637829441423,23.930604378231934,0.3965004652269262,0.004399992480726489,0.5893995628267854,0.0096999794655619,0.0,0.0,3,0,0,1,0,0,0,0,0.9987018451461792,998701.8451461792
Y2020_LAT23.93079_LON90.14619,2020,90.14619252409949,23.930787105600274,0.407899757939937,0.010100014463477105,0.48280049369293654,0.09919973390364939,0.0,0.0,3,0,0,1,0,0,0,1,0.9987162007827759,998716.2007827759
Y2020_LAT23.93097_LON90.15601,2020,90.15600685182127,23.93096920750875,0.7614996064256947,0.0019999861525409708,0.19130045716330152,0.04519995025846291,0.0,0.0,1,1,0,0,0,0,0,0,0.9987305057907104,998730.5057907104
Y2020_LAT23.93115_LON90.16582,2020,90.16582127721317,23.93115068394927,0.7487002368699952,0.00010000043274687446,0.19559968046139706,0.05560008223586105,0.0,0.0,1,1,0,0,0,0,0,0,0.998744762435913,998744.7624359131
Y2020_LAT23.93133_LON90.17564,2020,90.17563579985985,23.931331534791155,0.44290018726174846,0.010500056563723726,0.4748994455750578,0.07170031059947,0.0,0.0,3,0,0,1,0,0,0,1,0.9987589701919556,998758.9701919556
Y2020_LAT23.93151_LON90.18545,2020,90.18545041956013,23.93151176005887,0.3638000808936799,0.00989997480524034,0.4639000938709967,0.16239985043008306,0.0,0.0,3,0,0,1,0,0,0,1,0.9987731265258789,998773.1265258789
Y2020_LAT23.93169_LON90.19527,2020,90.19526513579697,23.931691359646724,0.4402005211808397,0.00810003990801969,0.4998993771289411,0.05180006178219959,0.0,0.0,3,0,0,1,0,0,0,1,0.9987872357025146,998787.2357025146
Y2020_LAT23.93187_LON90.20508,2020,90.20507994855271,23.931870333590116,0.8126991577476812,0.0065999580389360015,0.14860082941131975,0.0321000548020631,0.0,0.0,1,1,0,0,0,0,0,0,0.9988012953414916,998801.2953414917
Y2020_LAT23.93205_LON90.21489,2020,90.21489485704817,23.932048681917674,0.24330025442892247,9.9999854869569e-05,0.7195996439110299,0.03700010180517814,0.0,0.0,3,0,0,1,0,0,0,0,0.9988153076171875,998815.3076171875
Y2020_LAT23.93223_LON90.22471,2020,90.22470986128958,23.932226404551212,0.37600011428828095,0.0,0.3553991609073903,0.2686007248043287,0.0,0.0,1,1,0,0,0,0,0,1,0.9988292678375245,998829.2678375244
Y2020_LAT23.9324_LON90.23452,2020,90.23452496079805,23.93240350148894,0.41280012138514727,0.2264005863129813,0.09410007018572332,0.2666992221161481,0.0,0.0,1,1,0,0,0,0,0,1,0.9988431803054809,998843.180305481
Y2020_LAT23.93258_LON90.24434,2020,90.2443401553406,23.9325799727201,0.5391997030034905,0.08459987401782892,0.30340017985841605,0.07280024312026467,0.0,0.0,1,1,0,0,0,0,0,0,0.998857044090271,998857.044090271
Y2020_LAT23.93276_LON90.25416,2020,90.25415544444176,23.9327558182226,0.8466006136447775,0.02430000934718454,0.09509957368928638,0.03399980331875168,0.0,0.0,1,1,0,0,0,0,0,0,0.9988708591003418,998870.8591003418
Y2020_LAT23.93293_LON90.26397,2020,90.26397082788185,23.93293103780714,0.9286996112945565,0.061600338414563846,0.0017000087490613473,0.00800004154181828,0.0,0.0,1,1,0,0,0,0,0,0,0.9988846207656861,998884.620765686
Y2020_LAT23.93311_LON90.27379,2020,90.2737863052287,23.933105631695824,0.9512002791033448,0.021499864740535547,0.0,0.02729985615611964,0.0,0.0,1,1,0,0,0,0,0,0,0.9988983403396606,998898.3403396606
Y2020_LAT23.93328_LON90.2836,2020,90.28360187622492,23.933279599675004,0.9941999835636084,0.0,0.0,0.005800016436391581,0.0,0.0,1,1,0,0,0,0,0,0,0.9989120075531006,998912.0075531006
Y2020_LAT23.93345_LON90.29342,2020,90.29341754059122,23.933452941948936,0.9976999849173168,0.0023000150826831714,0.0,0.0,0.0,0.0,1,1,0,0,0,0,0,0,0.9989256260299683,998925.6260299683
Y2020_LAT23.93363_LON90.30323,2020,90.303233297789,23.933625658220567,0.9769999761130044,0.02300002388699562,0.0,0.0,0.0,0.0,1,1,0,0,0,0,0,0,0.9989391955184936,998939.1955184937
Y2020_LAT23.9338_LON90.31305,2020,90.31304914771525,23.933797748639137,0.9891000042872842,0.0108999957127158,0.0,0.0,0.0,0.0,1,1,0,0,0,0,0,0,0.9989527146606445,998952.7146606445
Y2020_LAT23.93397_LON90.32287,2020,90.32286508980216,23.933969213126904,0.7716993772035659,0.057699836932792764,0.024700035979077262,0.14590074988456408,0.0,0.0,1,1,0,0,0,0,0,0,0.9989661852340698,998966.1852340698
Y2020_LAT23.93414_LON90.33268,2020,90.33268112394374,23.93414005168791,0.0,0.0,0.0,0.6481985316015637,0.35180146839843635,0.0,4,0,0,0,1,0,0,0,0.9989796082000733,998979.6082000732
Y2020_LAT23.93431_LON90.3425,2020,90.34249724966791,23.934310264303605,0.0,0.0,0.3290592667128907,0.5356113993076742,0.1353293339794351,0.0,4,0,0,0,1,0,0,0,0.9972946778945923,997294.6778945923
Y2020_LAT23.93448_LON90.35231,2020,90.35231346652779,23.93447985089774,0.0,0.0,0.0036496316874050556,0.9963503683125949,0.0,0.0,4,0,0,0,1,0,0,0,0.08211785152435302,82117.85152435303
Y2020_LAT23.93833_LON90.06748,2020,90.06747751374465,23.938328257252962,0.3777364632514983,0.22610556518130726,0.35663673857188605,0.03952123299530839,0.0,0.0,1,1,0,0,0,0,0,1,0.63421254006958,634212.5400695801
Y2020_LAT23.93852_LON90.07729,2020,90.07729172843332,23.938515441761226,0.15409973724397455,0.0012999908183910474,0.8438002721452523,0.0007999997923820634,0.0,0.0,3,0,0,1,0,0,0,0,0.9986146943588257,998614.6943588257
Y2020_LAT23.9387_LON90.08711,2020,90.08710604329207,23.938702000645563,0.11710031349969356,0.0043999985733038875,0.7095992110850924,0.1689004768419102,0.0,0.0,3,0,0,1,0,0,0,0,0.9986293424148559,998629.342414856
Y2020_LAT23.93889_LON90.09692,2020,90.09692045837127,23.938887933835517,0.034399798881360806,0.0,0.7006006300822204,0.26499957103641875,0.0,0.0,3,0,0,1,0,0,0,0,0.9986439419403076,998643.9419403076
Y2020_LAT23.93907_LON90.10673,2020,90.10673497303367,23.939073241416285,0.3399011916395492,0.04339995212819751,0.6162988589546585,0.00039999727759482026,0.0,0.0,3,0,0,1,0,0,0,0,0.9986584921340942,998658.4921340942
Y2020_LAT23.93926_LON90.11655,2020,90.11654958707904,23.939257923351963,0.28660031547415826,0.00020000052458987174,0.6872996447456675,0.025900039255584373,0.0,0.0,3,0,0,1,0,0,0,0,0.9986729939346314,998672.9939346313
Y2020_LAT23.93944_LON90.12636,2020,90.12636430010852,23.939441979547208,0.34539981609493214,0.0,0.6546001839050678,0.0,0.0,0.0,3,0,0,1,0,0,0,0,0.9986874462356568,998687.4462356567
Y2020_LAT23.93963_LON90.13618,2020,90.1361791119022,23.939625410110324,0.28400074888613824,0.001100007634494925,0.6952992273115127,0.01960001616785416,0.0,0.0,3,0,0,1,0,0,0,0,0.9987018490219116,998701.8490219116
Y2020_LAT23.93981_LON90.14599,2020,90.14599402201988,23.93980821480279,0.623100369799011,0.14539981494324153,0.12369995016864695,0.10779986508910053,0.0,0.0,1,1,0,0,0,0,0,0,0.9987162040710449,998716.2040710449
Y2020_LAT23.93999_LON90.15581,2020,90.15580903010611,23.9399903938047,0.7438998882600216,0.01710006831857566,0.09830010803600402,0.14069993538539866,0.0,0.0,1,1,0,0,0,0,0,0,0.998730509223938,998730.509223938
Y2020_LAT23.94017_LON90.16562,2020,90.1656241359553,23.94017194692044,0.6023992579477919,0.009999992779251081,0.2865007134515301,0.10110003582142686,0.0,0.0,1,1,0,0,0,0,0,0,0.9987447649002075,998744.7649002075
Y2020_LAT23.94035_LON90.17544,2020,90.17543933906119,23.940352874256657,0.6012002130186253,0.002900005465027335,0.3280995880842748,0.06780019343207262,0.0,0.0,1,1,0,0,0,0,0,0,0.9987589726333618,998758.9726333618
Y2020_LAT23.94053_LON90.18525,2020,90.18525463917793,23.940533175734274,0.11959961468648359,0.0,0.8804003853135164,0.0,0.0,0.0,3,0,0,1,0,0,0,0,0.9987731298141479,998773.129814148
Y2020_LAT23.94071_LON90.19507,2020,90.19507003610771,23.940712851366772,0.11210003308469857,0.0,0.8733999462582112,0.014500020657090227,0.0,0.0,3,0,0,1,0,0,0,0,0.9987872391891479,998787.239189148
Y2020_LAT23.94089_LON90.20489,2020,90.20488552924164,23.9408919011051,0.37689981936516537,0.0,0.5253999572360741,0.09770022339876067,0.0,0.0,3,0,0,1,0,0,0,0,0.9988012987976074,998801.2987976074
Y2020_LAT23.94107_LON90.2147,2020,90.21470111838693,23.941070324893516,0.028600007921066154,0.0,0.9568000650948175,0.014599926984116315,0.0,0.0,3,0,0,1,0,0,0,0,0.9988153076171875,998815.3076171875
Y2020_LAT23.94125_LON90.22452,2020,90.22451680325467,23.94124812277844,0.1363003401824838,0.0,0.8273996421271461,0.03630001769037005,0.0,0.0,3,0,0,1,0,0,0,0,0.9988292713012695,998829.2713012695
Y2020_LAT23.94143_LON90.23433,2020,90.23433258346124,23.941425294618774,0.18949970879506087,0.005300001646319008,0.5952010018527211,0.209999287705899,0.0,0.0,3,0,0,1,0,0,0,0,0.9988431843643188,998843.1843643188
Y2020_LAT23.9416_LON90.24415,2020,90.24414845858257,23.94160184052209,0.1915004621010966,0.0081000254462836,0.572399169849004,0.2280003426036158,0.0,0.0,3,0,0,1,0,0,0,0,0.9988570474853515,998857.0474853516
Y2020_LAT23.94178_LON90.25396,2020,90.25396442841975,23.941777760279727,0.5513007848418586,0.011800026865698842,0.2984996131289652,0.13839957516347734,0.0,0.0,1,1,0,0,0,0,0,0,0.9988708623046875,998870.8623046875
Y2020_LAT23.94195_LON90.26378,2020,90.26378049259982,23.94195305417155,0.8882000237284742,0.05310008430642621,0.0,0.058699891965099664,0.0,0.0,1,1,0,0,0,0,0,0,0.9988846280822754,998884.6280822754
Y2020_LAT23.94213_LON90.2736,2020,90.27359665073752,23.942127721924884,1.0,0.0,0.0,0.0,0.0,0.0,1,1,0,0,0,0,0,0,0.99889834249115,998898.3424911499
Y2020_LAT23.9423_LON90.28341,2020,90.2834129024596,23.942301763599044,1.0,0.0,0.0,0.0,0.0,0.0,1,1,0,0,0,0,0,0,0.9989120105819702,998912.0105819702
Y2020_LAT23.94248_LON90.29323,2020,90.29322924770673,23.942475179096554,1.0,0.0,0.0,0.0,0.0,0.0,1,1,0,0,0,0,0,0,0.9989256288223266,998925.6288223267
Y2020_LAT23.94265_LON90.30305,2020,90.30304568573182,23.942647968534864,0.9855000524616573,0.014499947538342677,0.0,0.0,0.0,0.0,1,1,0,0,0,0,0,0,0.9989391973876953,998939.1973876953
Y2020_LAT23.94282_LON90.31286,2020,90.31286221645671,23.942820131722108,0.999700000841591,0.00029999915840893046,0.0,0.0,0.0,0.0,1,1,0,0,0,0,0,0,0.9989527179336548,998952.7179336548
Y2020_LAT23.94299_LON90.32268,2020,90.32267883952481,23.942991668730105,0.7888990907376597,0.026599911298604038,0.010200046131141225,0.17430095183259495,0.0,0.0,1,1,0,0,0,0,0,0,0.9989661884307861,998966.1884307861
Y2020_LAT23.94316_LON90.3325,2020,90.33249555454867,23.943162579535592,0.0,0.0,0.0984997383717702,0.5449987498024976,0.3565015118257322,0.0,4,0,0,0,1,0,0,0,0.9989796104736328,998979.6104736328
Y2020_LAT23.94333_LON90.34231,2020,90.34231236127957,23.94333286412143,0.0008185019352971581,0.0,0.2667284216228643,0.18846008512974674,0.5439929913120918,0.0,5,0,0,0,0,1,0,0,0.9764155916900634,976415.5916900635
Y2020_LAT23.9435_LON90.35213,2020,90.35212925913545,23.943502522483644,0.0,0.0,0.0,1.0,0.0,0.0,4,0,0,0,1,0,0,0,0.0011987996520996093,1198.7996520996094
Y2020_LAT23.94716_LON90.05746,2020,90.05745867441148,23.94716083880053,0.0,0.0,0.0,0.0,0.0,0.0,1,1,0,0,0,0,0,1,0.0,0.0
Y2020_LAT23.94735_LON90.06727,2020,90.067273468832,23.94734872830013,0.4029352201087792,0.1274458421708859,0.4518537857065179,0.01776515201381698,0.0,0.0,3,0,0,1,0,0,0,1,0.7757135784072876,775713.5784072876
Y2020_LAT23.94754_LON90.07709,2020,90.07708836392115,23.94753599191719,0.15120010512805604,0.00010000066802441496,0.8486998942039196,0.0,0.0,0.0,3,0,0,1,0,0,0,0,0.9986146974182128,998614.6974182129
Y2020_LAT23.94772_LON90.0869,2020,90.08690335938364,23.947722629629236,0.46860023693590214,0.10590022318894093,0.4043994499234035,0.02110008995175342,0.0,0.0,1,1,0,0,0,0,0,1,0.9986293460083008,998629.3460083008
Y2020_LAT23.94791_LON90.09672,2020,90.09671845494364,23.947908641565324,0.396500115921394,0.02419996148544613,0.5751999424642147,0.004099980128945192,0.0,0.0,3,0,0,1,0,0,0,0,0.9986439458465576,998643.9458465576
Y2020_LAT23.94809_LON90.10653,2020,90.10653365022651,23.948094027544432,0.2547999931613123,0.002899982395424064,0.7423000244432636,0.0,0.0,0.0,3,0,0,1,0,0,0,0,0.9986584955978394,998658.4955978394
Y2020_LAT23.94828_LON90.11635,2020,90.11634894491192,23.948278787560028,0.7396997280811868,0.030799982596500866,0.19960023436783939,0.029900054954472986,0.0,0.0,1,1,0,0,0,0,0,0,0.998672998374939,998672.998374939
Y2020_LAT23.94846_LON90.12616,2020,90.12616433862213,23.948462921613686,0.36429972039228464,0.12500017497617863,0.4215002090803102,0.08919989555122652,0.0,0.0,3,0,0,1,0,0,0,1,0.9986874484024048,998687.4484024048
Y2020_LAT23.94865_LON90.13598,2020,90.13597983105984,23.948646429658158,0.447100567541508,0.11319995771218487,0.38889945099882595,0.05080002374748118,0.0,0.0,1,1,0,0,0,0,0,1,0.9987018524246216,998701.8524246216
Y2020_LAT23.94883_LON90.1458,2020,90.14579542184372,23.948829311813448,0.12199938791396062,0.018199891272826715,0.5727995110630529,0.2870012097501598,0.0,0.0,3,0,0,1,0,0,0,0,0.9987162063064575,998716.2063064575
Y2020_LAT23.94901_LON90.15561,2020,90.15561111075377,23.949011567798742,0.41069995372067014,0.0,0.4862003706996013,0.10309967557972854,0.0,0.0,3,0,0,1,0,0,0,1,0.9987305114059448,998730.5114059448
Y2020_LAT23.94919_LON90.16543,2020,90.1654268972933,23.949193197765204,0.32450013911596026,0.011599986789747425,0.62259986861072,0.0413000054835723,0.0,0.0,3,0,0,1,0,0,0,0,0.9987447688140869,998744.7688140869
Y2020_LAT23.94937_LON90.17524,2020,90.17524278123004,23.949374201629876,0.38680021987376323,0.052599817415114256,0.495800220661843,0.06479974204927952,0.0,0.0,3,0,0,1,0,0,0,1,0.9987589739761352,998758.9739761353
Y2020_LAT23.94955_LON90.18506,2020,90.18505876224124,23.94955457943429,0.18319986740568983,0.0,0.816700132191007,0.00010000040330317966,0.0,0.0,3,0,0,1,0,0,0,0,0.99877313256073,998773.13256073
Y2020_LAT23.94973_LON90.19487,2020,90.19487484000675,23.94973433102749,0.15090048094509778,0.0,0.7475990632531588,0.10150045580174336,0.0,0.0,3,0,0,1,0,0,0,0,0.9987872421646118,998787.2421646118
Y2020_LAT23.94991_LON90.20469,2020,90.2046910139725,23.94991345649013,0.1513996288394061,0.0,0.7410009433556595,0.10759942780493441,0.0,0.0,3,0,0,1,0,0,0,0,0.9988013022079468,998801.3022079468
Y2020_LAT23.95009_LON90.21451,2020,90.21450728412792,23.950091955740824,0.013399962636764946,0.0,0.9687000653325096,0.017199973446420082,0.000699998584305356,0.0,3,0,0,1,0,0,0,0,0.998815311302185,998815.3113021851
Y2020_LAT23.95027_LON90.22432,2020,90.22432364986126,23.950269828777618,0.15620052842302526,0.0,0.7794994787970753,0.06429999277989945,0.0,0.0,3,0,0,1,0,0,0,0,0.9988292744216919,998829.2744216919
Y2020_LAT23.95045_LON90.23414,2020,90.23414011106804,23.95044707559433,0.07229980375520331,0.00029999856222378467,0.7068000358402948,0.22060016184227813,0.0,0.0,3,0,0,1,0,0,0,0,0.9988431862945557,998843.1862945557
Y2020_LAT23.95062_LON90.24396,2020,90.24395666719467,23.95062369614407,0.3349998702546923,0.024700029615278823,0.3008992987407966,0.33940080138923234,0.0,0.0,4,0,0,0,1,0,0,1,0.9988570505065918,998857.0505065918
Y2020_LAT23.9508_LON90.25377,2020,90.25377331809902,23.950799690482313,0.3081003440604281,0.0038999951337860906,0.22289986741784604,0.4650997933879398,0.0,0.0,4,0,0,0,1,0,0,1,0.9988708654632569,998870.8654632568
Y2020_LAT23.95098_LON90.26359,2020,90.26359006331022,23.95097505840862,0.6442005920762138,0.028800123984504156,0.052099859296630725,0.2748994246426513,0.0,0.0,1,1,0,0,0,0,0,0,0.9988846321182251,998884.6321182251
Y2020_LAT23.95115_LON90.27341,2020,90.27340690258569,23.951149800035324,0.8430997954862268,0.1414002163362724,0.0,0.01549998817750075,0.0,0.0,1,1,0,0,0,0,0,0,0.9988983458938598,998898.3458938599
Y2020_LAT23.95132_LON90.28322,2020,90.28322383542117,23.951323915316387,0.7334006077766868,0.26449940513502557,0.0,0.002099987088287594,0.0,0.0,1,1,0,0,0,0,0,0,0.9989120139083862,998912.0139083862
Y2020_LAT23.9515_LON90.29304,2020,90.29304086174535,23.951497404204595,1.0,0.0,0.0,0.0,0.0,0.0,1,1,0,0,0,0,0,0,0.998925631729126,998925.631729126
Y2020_LAT23.95167_LON90.30286,2020,90.30285798102922,23.951670266684594,0.6396067514969682,0.15556036700215398,0.20483288150087792,0.0,0.0,0.0,1,1,0,0,0,0,0,0,0.4257470512237549,425747.0512237549
Y2020_LAT23.95184_LON90.31268,2020,90.31267519299199,23.951842502758858,1.0,0.0,0.0,0.0,0.0,0.0,1,1,0,0,0,0,0,0,0.29099511734771727,290995.1173477173
Y2020_LAT23.95201_LON90.32249,2020,90.32249249722054,23.952014112410495,0.6172950183496434,0.05460824021409437,0.24105756205085233,0.0753373755719504,0.011701803813459522,0.0,1,1,0,0,0,0,0,0,0.8963726201019288,896372.6201019287
Y2020_LAT23.95219_LON90.33231,2020,90.33230989353223,23.952185095488655,0.0,0.0,0.876846699702886,0.024630495522579732,0.0985228047745344,0.0,3,0,0,1,0,0,0,0,0.44614313147735596,446143.13147735596
Y2020_LAT23.95236_LON90.34213,2020,90.34212738156036,23.95235545215825,0.06584289836575884,0.0,0.5533769020019879,0.08565987808946372,0.2951203215427896,0.0,3,0,0,1,0,0,0,0,0.4688269426498413,468826.9426498413
Y2020_LAT23.95599_LON90.04744,2020,90.04743847386032,23.955992623041222,0.9062499031758469,0.08125006484539682,0.012500031978756274,0.0,0.0,0.0,1,1,0,0,0,0,0,0,0.03195440189361572,31954.401893615723
Y2020_LAT23.95618_LON90.05725,2020,90.0572538479042,23.95618121808232,0.4611082029018621,0.3035078800217178,0.10676147705221029,0.12862244002420978,0.0,0.0,1,1,0,0,0,0,0,1,0.19642220934295654,196422.20934295654
Y2020_LAT23.95637_LON90.06707,2020,90.06706932315382,23.95636918701169,0.44113023641769955,0.13806748261848886,0.369851875009374,0.05095040595443757,0.0,0.0,1,1,0,0,0,0,0,1,0.3782701325759888,378270.13257598877
Y2020_LAT23.95656_LON90.07688,2020,90.07688489900916,23.956556529803077,0.4230731451013497,0.12557802560649098,0.4218897554095805,0.029459073882578818,0.0,0.0,1,1,0,0,0,0,0,1,0.9288119347000122,928811.9347000122
Y2020_LAT23.95674_LON90.0867,2020,90.08670057538667,23.956743246538494,0.40420053687436175,0.10559969830876473,0.49019976481687355,0.0,0.0,0.0,3,0,0,1,0,0,0,1,0.9986293499450684,998629.3499450684
Y2020_LAT23.95693_LON90.09652,2020,90.09651635184042,23.956929337096245,0.2808999655248816,0.0,0.7029999471312415,0.016100087343876895,0.0,0.0,3,0,0,1,0,0,0,0,0.9986439486618042,998643.9486618042
Y2020_LAT23.95711_LON90.10633,2020,90.10633222802885,23.9571148014168,0.24650012959179343,0.009200056778188281,0.7442998136300183,0.0,0.0,0.0,3,0,0,1,0,0,0,0,0.9986584986419678,998658.4986419678
Y2020_LAT23.9573_LON90.11615,2020,90.11614820364301,23.957299639595977,0.736200552864437,0.08989962643629411,0.11689993978503008,0.05699988091423889,0.0,0.0,1,1,0,0,0,0,0,0,0.9986730005493164,998673.0005493164
Y2020_LAT23.95748_LON90.12596,2020,90.125964278366,23.957483851585305,0.04919967925810062,0.0,0.9508003207418994,0.0,0.0,0.0,3,0,0,1,0,0,0,0,0.9986874532470703,998687.4532470703
Y2020_LAT23.95767_LON90.13578,2020,90.13578045187357,23.957667437253278,0.20750098325247399,0.0,0.792499016747526,0.0,0.0,0.0,3,0,0,1,0,0,0,0,0.9987018557052613,998701.8557052612
Y2020_LAT23.95785_LON90.1456,2020,90.1455967236531,23.957850396592836,0.3583997344726686,0.0,0.6194001405771282,0.022200124950203147,0.0,0.0,3,0,0,1,0,0,0,0,0.9987162105636597,998716.2105636597
Y2020_LAT23.95803_LON90.15541,2020,90.15541309367222,23.958032729743756,0.476399441706734,0.0031999898423051613,0.5014005426687496,0.019000025782211313,0.0,0.0,3,0,0,1,0,0,0,0,0.9987305157165527,998730.5157165527
Y2020_LAT23.95821_LON90.16523,2020,90.16522956127949,23.958214436509994,0.5421995958225723,0.023099984402363542,0.4158003586101596,0.018900061164904582,0.0,0.0,1,1,0,0,0,0,0,0,0.9987447716674804,998744.7716674805
Y2020_LAT23.9584_LON90.17505,2020,90.17504612638228,23.95839551692667,0.25220060725254645,0.0,0.7477993927474536,0.0,0.0,0.0,3,0,0,1,0,0,0,0,0.9987589791793823,998758.9791793823
Y2020_LAT23.95858_LON90.18486,2020,90.18486278857263,23.958575970906242,0.12320001617498368,0.0006000037395289963,0.8620999336735986,0.013900046308647777,0.00020000010324098153,0.0,3,0,0,1,0,0,0,0,0.9987731355514526,998773.1355514526
Y2020_LAT23.95876_LON90.19468,2020,90.19467954745946,23.958755798577045,0.40400023633688104,0.009600012383731805,0.30719928173805555,0.27920046954133165,0.0,0.0,1,1,0,0,0,0,0,1,0.9987872455978394,998787.2455978394
Y2020_LAT23.95893_LON90.2045,2020,90.20449640275629,23.958934999812023,0.27229982951907367,0.07940003668091382,0.6329002023543135,0.01539993144569903,0.0,0.0,3,0,0,1,0,0,0,0,0.9988013045959473,998801.3045959473
Y2020_LAT23.95911_LON90.21431,2020,90.21431335408627,23.959113574561474,0.19189980241926974,0.00849998971788335,0.675000100372587,0.12380010873566843,0.000799998754591481,0.0,3,0,0,1,0,0,0,0,0.9988153175811768,998815.3175811768
Y2020_LAT23.95929_LON90.22413,2020,90.22413040115858,23.959291522849245,0.25880052275277915,0.0677000144908272,0.3688997589857354,0.3013997216928731,0.0031999820777851478,0.0,3,0,0,1,0,0,0,1,0.9988292773971558,998829.2773971558
Y2020_LAT23.95947_LON90.23395,2020,90.23394754360976,23.959468844646736,0.1314993761465342,0.003699977983838599,0.6225006121171567,0.23720004216929882,0.005099991583171814,0.0,3,0,0,1,0,0,0,0,0.9988431907119751,998843.1907119751
Y2020_LAT23.95965_LON90.24376,2020,90.24376478116957,23.959645539859693,0.25550033763489566,0.034100133003678645,0.35619965163181855,0.344399881432327,0.009799996297280133,0.0,3,0,0,1,0,0,0,1,0.9988570526809692,998857.0526809692
Y2020_LAT23.95982_LON90.25358,2020,90.25358211343243,23.959821608556528,0.5077005027115774,0.0653998530805961,0.36069964394239923,0.06530000482700031,0.0008999954384269596,0.0,1,1,0,0,0,0,0,0,0.998870868423462,998870.8684234619
Y2020_LAT23.96_LON90.2634,2020,90.26339954000085,23.95999705072584,0.9243999969570735,0.008900053403447138,0.0008999940341891384,0.06579995560529017,0.0,0.0,1,1,0,0,0,0,0,0,0.998884634048462,998884.6340484619
Y2020_LAT23.96017_LON90.27322,2020,90.27321706067328,23.960171866235015,0.9548401117815818,0.02142612719977603,0.0,0.023733761018642184,0.0,0.0,1,1,0,0,0,0,0,0,0.9090975727767945,909097.5727767944
Y2020_LAT23.96035_LON90.28303,2020,90.28303467507726,23.960346055135613,0.5346957219699183,0.41970687890446173,0.0117400556720465,0.03385734345357349,0.0,0.0,1,1,0,0,0,0,0,0,0.9529618675537109,952961.8675537109
Y2020_LAT23.96052_LON90.29285,2020,90.29285238283336,23.96051961737,0.8177096086132757,0.14883978338842382,0.03345060799830044,0.0,0.0,0.0,1,1,0,0,0,0,0,0,0.710735286239624,710735.286239624
Y2020_LAT23.96069_LON90.30267,2020,90.30267018363574,23.960692552967732,0.4121864057017449,0.0017921133648710929,0.586021480933384,0.0,0.0,0.0,3,0,0,1,0,0,0,0,0.055740474609375,55740.474609375
Y2020_LAT23.96086_LON90.31249,2020,90.31248807715275,23.960864861899754,1.0,0.0,0.0,0.0,0.0,0.0,1,1,0,0,0,0,0,0,0.0006992715682983398,699.2715682983398
Y2020_LAT23.96104_LON90.32231,2020,90.32230606291132,23.96103654404865,1.0,0.0,0.0,0.0,0.0,0.0,1,1,0,0,0,0,0,0,0.03076803345489502,30768.03345489502
Y2020_LAT23.96482_LON90.03742,2020,90.0374169114705,23.96482360939133,0.8521738776175469,0.052173934222777746,0.008695656368176935,0.08695653179149844,0.0,0.0,1,1,0,0,0,0,0,0,0.01148346900177002,11483.46900177002
Y2020_LAT23.96501_LON90.04723,2020,90.04723286513152,23.965012910462278,0.36264388807945147,0.041591693009610596,0.5512203276860839,0.04454409122485407,0.0,0.0,3,0,0,1,0,0,0,0,0.7778874535980225,777887.4535980225
Y2020_LAT23.9652_LON90.05705,2020,90.0570489202927,23.965201585135084,0.21979964012749872,0.0008999940813162475,0.779300365791185,0.0,0.0,0.0,3,0,0,1,0,0,0,0,0.9985852616729737,998585.2616729736
Y2020_LAT23.96539_LON90.06687,2020,90.06686507664904,23.965389633526623,0.24350042342689748,0.003400003932802345,0.7433995210291098,0.009700051611190412,0.0,0.0,3,0,0,1,0,0,0,0,0.9986000066452027,998600.0066452026
Y2020_LAT23.96558_LON90.07668,2020,90.0766813337264,23.965577055523735,0.4488002793008427,0.0026999983318917514,0.5361997880098861,0.012299934357379414,0.0,0.0,3,0,0,1,0,0,0,0,0.9986147035369873,998614.7035369873
Y2020_LAT23.96576_LON90.0865,2020,90.08649769131077,23.96576385119665,0.23099969765245232,0.0,0.7690003023475477,0.0,0.0,0.0,3,0,0,1,0,0,0,0,0.9986293531799316,998629.3531799316
Y2020_LAT23.96595_LON90.09631,2020,90.0963141489496,23.965950020400243,0.23970027341130204,0.0716001491894509,0.673799533000725,0.01490004439852208,0.0,0.0,3,0,0,1,0,0,0,0,0.9986439526901245,998643.9526901245
Y2020_LAT23.96614_LON90.10613,2020,90.10613070638702,23.966135563209384,0.234000124521996,0.06589989981876408,0.6777000475141537,0.02239992814508624,0.0,0.0,3,0,0,1,0,0,0,0,0.9986585016021728,998658.5016021729
Y2020_LAT23.96632_LON90.11595,2020,90.11594736339083,23.96632047948856,0.6002996364359544,0.06339984595805047,0.2947006977012917,0.0415998199047034,0.0,0.0,1,1,0,0,0,0,0,0,0.9986730049438477,998673.0049438477
Y2020_LAT23.9665_LON90.12576,2020,90.12576411937276,23.9665047693033,0.14890005516714885,0.008500015341795873,0.8417999238819291,0.000800005609126142,0.0,0.0,3,0,0,1,0,0,0,0,0.9986874558029175,998687.4558029175
Y2020_LAT23.96669_LON90.13558,2020,90.13558097420697,23.966688432586764,0.5163998810838442,0.03779987632642633,0.44470025026792653,0.0010999923218029434,0.0,0.0,1,1,0,0,0,0,0,0,0.9987018591461182,998701.8591461182
Y2020_LAT23.96687_LON90.1454,2020,90.14539792740979,23.96687146938734,0.35849988560111445,0.0,0.6410001142443674,0.0005000001545181315,0.0,0.0,3,0,0,1,0,0,0,0,0.9987162135772705,998716.2135772705
Y2020_LAT23.96705_LON90.15521,2020,90.15521497878699,23.967053879535577,0.4987006292859416,0.001300002868036823,0.499099366905838,0.000900000940183566,0.0,0.0,3,0,0,1,0,0,0,1,0.9987305189743042,998730.5189743042
Y2020_LAT23.96724_LON90.16503,2020,90.16503212789496,23.967235663102,0.4621001770311855,0.023900050076777493,0.5124997748672298,0.0014999980248072166,0.0,0.0,3,0,0,1,0,0,0,0,0.9987447742080688,998744.7742080688
Y2020_LAT23.96742_LON90.17485,2020,90.17484937448165,23.96741682006917,0.08929977124955028,0.0,0.9107002287504498,0.0,0.0,0.0,3,0,0,1,0,0,0,0,0.9987589827423096,998758.9827423096
Y2020_LAT23.9676_LON90.18467,2020,90.18466671814993,23.967597350440354,0.1432001940704338,0.0,0.8505998290462146,0.0061999768833517445,0.0,0.0,3,0,0,1,0,0,0,0,0.9987731394958496,998773.1394958496
Y2020_LAT23.96778_LON90.19448,2020,90.19448415855958,23.967777254098067,0.3783008558244441,0.07580035607301458,0.5456987874337739,0.00020000066876759182,0.0,0.0,3,0,0,1,0,0,0,0,0.9987872485961914,998787.2485961914
Y2020_LAT23.96796_LON90.2043,2020,90.20430169541568,23.967956531058125,0.3412999204494592,0.26819980666699134,0.3744002759761718,0.016099996907377644,0.0,0.0,3,0,0,1,0,0,0,1,0.9988013078536987,998801.3078536987
Y2020_LAT23.96814_LON90.21412,2020,90.21411932832416,23.968135181275997,0.1944000308923165,0.0890997708242619,0.47549986593407406,0.23860033152304513,0.0024000008263023904,0.0,3,0,0,1,0,0,0,1,0.998815319770813,998815.319770813
Y2020_LAT23.96831_LON90.22394,2020,90.2239370570402,23.96831320478585,0.249800250690551,0.07440000952276349,0.6584998109638687,0.015899921620297623,0.0014000072025193485,0.0,3,0,0,1,0,0,0,0,0.9988292806167602,998829.2806167603
Y2020_LAT23.96849_LON90.23375,2020,90.23375488121232,23.96849060152162,0.11660038140891067,0.01460007625646965,0.7442991632875691,0.10520031051535875,0.019300068531691895,0.0,3,0,0,1,0,0,0,0,0.998843192779541,998843.192779541
Y2020_LAT23.96867_LON90.24357,2020,90.24357280032979,23.968667371477327,0.08809970880224816,0.014999917949739235,0.7688007139499768,0.11189974724871717,0.01619991204931863,0.0,3,0,0,1,0,0,0,0,0.998857056274414,998857.0562744141
Y2020_LAT23.96884_LON90.25339,2020,90.25339081432813,23.968843514621888,0.11880045383030725,0.13519990437125254,0.7039996935323765,0.03869996211479336,0.0032999861512704957,0.0,3,0,0,1,0,0,0,0,0.9988708707199097,998870.8707199097
Y2020_LAT23.96902_LON90.26321,2020,90.2632089227475,23.969019030884144,0.6136339788618873,0.003362365749088491,0.3139221746623411,0.06908148072668305,0.0,0.0,1,1,0,0,0,0,0,0,0.6535695346069336,653569.5346069336
Y2020_LAT23.96919_LON90.27303,2020,90.27302712508032,23.969193920349003,0.9627474946640906,0.0,0.0,0.037252505335909375,0.0,0.0,1,1,0,0,0,0,0,0,0.08580520124816894,85805.20124816895
Y2020_LAT23.96937_LON90.28285,2020,90.28284542130831,23.969368182886846,0.8130532555834797,0.0,0.1869467444165203,0.0,0.0,0.0,1,1,0,0,0,0,0,0,0.09030131080627442,90301.31080627441
Y2020_LAT23.97384_LON90.03721,2020,90.03721051980621,23.973843804404627,0.8733399953594663,0.0,0.09805935901292577,0.028600645627608,0.0,0.0,1,1,0,0,0,0,0,0,0.19551819928741454,195518.19928741455
Y2020_LAT23.97403_LON90.04703,2020,90.04702715495428,23.97403318543268,0.4940239445200665,0.006027249816750204,0.48540026374827244,0.014548541914910897,0.0,0.0,1,1,0,0,0,0,0,1,0.9609245925674439,960924.5925674438
Y2020_LAT23.97422_LON90.05684,2020,90.05684389162556,23.974221939936697,0.13059962751484597,0.0018999866450077484,0.8193004009314565,0.04819998490868978,0.0,0.0,3,0,0,1,0,0,0,0,0.9985852652664184,998585.2652664185
Y2020_LAT23.97441_LON90.06666,2020,90.06666072936207,23.97441006783677,0.1402004256565976,0.0,0.8597995743434024,0.0,0.0,0.0,3,0,0,1,0,0,0,0,0.9986000101547241,998600.0101547241
Y2020_LAT23.9746_LON90.07648,2020,90.07647766794187,23.97459756908933,0.29299957468140087,0.021900001736613633,0.6808004357569652,0.004299987825020225,0.0,0.0,3,0,0,1,0,0,0,0,0.9986147070388794,998614.7070388794
Y2020_LAT23.97478_LON90.08629,2020,90.0862947070933,23.974784443647522,0.24719993807315876,0.0017999952338130256,0.7489000526433168,0.002100014049711386,0.0,0.0,3,0,0,1,0,0,0,0,0.9986293574752808,998629.3574752808
Y2020_LAT23.97497_LON90.09611,2020,90.0961118463249,23.974970691544694,0.3321993651688219,0.11089995717660057,0.5160006720452956,0.04090000560928185,0.0,0.0,3,0,0,1,0,0,0,0,0.9986439552917481,998643.955291748
Y2020_LAT23.97516_LON90.10593,2020,90.10592908534069,23.975156312692146,0.2787003860660685,0.01699997972597633,0.685899591482475,0.018400042725480077,0.0,0.0,3,0,0,1,0,0,0,0,0.998658505065918,998658.505065918
Y2020_LAT23.97534_LON90.11575,2020,90.11574642392185,23.975341307190906,0.45560038660635876,0.05869996105757051,0.4700997252662103,0.015599927069860428,0.0,0.0,3,0,0,1,0,0,0,1,0.9986730073852539,998673.0073852539
Y2020_LAT23.97553_LON90.12556,2020,90.12556386161538,23.975525674822016,0.22900019912132505,0.06839995730763028,0.6807998983728113,0.021799945198233386,0.0,0.0,3,0,0,1,0,0,0,0,0.9986874587554931,998687.4587554932
Y2020_LAT23.97571_LON90.13538,2020,90.13538139813804,23.975709415773085,0.19039942154618208,0.016199934658596753,0.7934006437952211,0.0,0.0,0.0,3,0,0,1,0,0,0,0,0.9987018624343872,998701.8624343872
Y2020_LAT23.97589_LON90.1452,2020,90.14519903300263,23.975892529839115,0.220100047221682,0.0022000073329979703,0.7776999454453201,0.0,0.0,0.0,3,0,0,1,0,0,0,0,0.9987162159423828,998716.2159423828
Y2020_LAT23.97608_LON90.15502,2020,90.1550167662372,23.976075017126078,0.2718004133973134,0.0057000144204770505,0.7224995721822095,0.0,0.0,0.0,3,0,0,1,0,0,0,0,0.9987305213241577,998730.5213241577
Y2020_LAT23.97626_LON90.16483,2020,90.16483459705708,23.976256877577896,0.23480033300385794,0.016600080427070753,0.7485995865690713,0.0,0.0,0.0,3,0,0,1,0,0,0,0,0.9987447782287597,998744.7782287598
Y2020_LAT23.97644_LON90.17465,2020,90.17465252544086,23.976438111140663,0.47769904987705003,0.018299934643974537,0.5040010154789755,0.0,0.0,0.0,3,0,0,1,0,0,0,0,0.9987589842224122,998758.9842224121
Y2020_LAT23.97662_LON90.18447,2020,90.18447055098922,23.97661871773375,0.5159006582937563,0.0,0.4840993417062437,0.0,0.0,0.0,1,1,0,0,0,0,0,0,0.9987731424865722,998773.1424865723
Y2020_LAT23.9768_LON90.19429,2020,90.19428867323285,23.97679869744215,0.5877988741163471,0.0069000400717490725,0.4052010854397224,0.00010000037218140355,0.0,0.0,1,1,0,0,0,0,0,0,0.9987872525482178,998787.2525482178
Y2020_LAT23.97698_LON90.20411,2020,90.20410689194429,23.976978050127602,0.21949976053846448,0.10239988530521686,0.6675003125498857,0.010600041606432912,0.0,0.0,3,0,0,1,0,0,0,0,0.9988013113479615,998801.3113479614
Y2020_LAT23.97716_LON90.21393,2020,90.21392520686369,23.977156775852194,0.13619971367355108,0.03159984808999372,0.5494001867825569,0.2828002514538983,0.0,0.0,3,0,0,1,0,0,0,0,0.9988153198242188,998815.3198242188
Y2020_LAT23.97733_LON90.22374,2020,90.22374361751692,23.977334874635005,0.30099983776989825,0.060200025541177704,0.6369001237699529,0.0019000129189711854,0.0,0.0,3,0,0,1,0,0,0,0,0.9988292841339111,998829.2841339111
Y2020_LAT23.97751_LON90.23356,2020,90.23356212365879,23.97751234636371,0.16279993885167243,0.014900076613869065,0.742699751270798,0.07960023326366047,0.0,0.0,3,0,0,1,0,0,0,0,0.998843196220398,998843.196220398
Y2020_LAT23.97769_LON90.24338,2020,90.2433807248103,23.97768919106518,0.1963003138543117,0.022499924158732653,0.748599918745183,0.03259984324177273,0.0,0.0,3,0,0,1,0,0,0,0,0.9988570591583252,998857.0591583252
Y2020_LAT23.97787_LON90.2532,2020,90.2531994208089,23.977865408622943,0.6192980295524505,0.11362168506399532,0.15602862930930192,0.11105165607425241,0.0,0.0,1,1,0,0,0,0,0,0,0.9327452479476929,932745.2479476929
Y2020_LAT23.97804_LON90.26302,2020,90.26301821134744,23.978040999082296,0.3253234401623593,0.010166386070182302,0.514787235768662,0.14972293799879635,0.0,0.0,3,0,0,1,0,0,0,0,0.10807878334808349,108078.7833480835
Y2020_LAT23.98286_LON90.037,2020,90.03700402643314,23.982863987226168,0.50045986735957,0.0023020209779679294,0.42679612233899145,0.07044198932347055,0.0,0.0,1,1,0,0,0,0,0,0,0.2168873693008423,216887.36930084229
Y2020_LAT23.98305_LON90.04682,2020,90.04682134329869,23.983053448325194,0.2594012645048994,0.009454043677065618,0.6714460054048023,0.059698686413232685,0.0,0.0,3,0,0,1,0,0,0,0,0.940054517501831,940054.517501831
Y2020_LAT23.98324_LON90.05664,2020,90.05663876174621,23.98324228254006,0.32639980220455983,0.006499962866460927,0.5742007344669282,0.09289950046205105,0.0,0.0,3,0,0,1,0,0,0,0,0.9985852687911987,998585.2687911987
Y2020_LAT23.98343_LON90.06646,2020,90.06645628123246,23.98343048982159,0.45770078560076816,0.004500002414994422,0.5377992119842374,0.0,0.0,0.0,3,0,0,1,0,0,0,0,0.9986000144195557,998600.0144195557
Y2020_LAT23.98362_LON90.07627,2020,90.07627390172335,23.98361807027664,0.12700034003295677,0.0,0.8724996631654551,0.0004999968015881016,0.0,0.0,3,0,0,1,0,0,0,0,0.998614710105896,998614.710105896
Y2020_LAT23.98381_LON90.08609,2020,90.08609162271958,23.9838050238103,0.13969977682434645,0.0043000166219129025,0.851600232644421,0.0,0.0,0.0043999739093196445,3,0,0,1,0,0,0,0,0.9986293603210449,998629.3603210449
Y2020_LAT23.98399_LON90.09591,2020,90.09590944385178,23.983991350348965,0.10840033958383861,0.0923004114812238,0.7662991444666676,0.03300010446827001,0.0,0.0,3,0,0,1,0,0,0,0,0.9986439589767456,998643.9589767456
Y2020_LAT23.98418_LON90.10573,2020,90.10572736482118,23.984177050016708,0.39369916564088436,0.04379993219271325,0.5573008823625836,0.005200019803818851,0.0,0.0,3,0,0,1,0,0,0,0,0.9986585085296631,998658.5085296631
Y2020_LAT23.98436_LON90.11555,2020,90.11554538531021,23.984362122614808,0.39350058432413215,0.05160007267446252,0.5491993624715085,0.005699980529896874,0.0,0.0,3,0,0,1,0,0,0,0,0.9986730108413696,998673.0108413696
Y2020_LAT23.98455_LON90.12536,2020,90.12536350504517,23.984546568254345,0.17219991498447113,0.050399904525051824,0.7774001804904771,0.0,0.0,0.0,3,0,0,1,0,0,0,0,0.9986874631347656,998687.4631347656
Y2020_LAT23.98473_LON90.13518,2020,90.13518172355465,23.984730386793192,0.23659998737994775,0.01290006041741685,0.7504999522026354,0.0,0.0,0.0,3,0,0,1,0,0,0,0,0.998701866355896,998701.866355896
Y2020_LAT23.98491_LON90.145,2020,90.14500004052871,23.98491357826769,0.4412007917607916,0.04670014877705883,0.511499058892713,0.000600000569436781,0.0,0.0,3,0,0,1,0,0,0,0,0.9987162203292846,998716.2203292847
Y2020_LAT23.9851_LON90.15482,2020,90.1548184558327,23.9850961426335,0.029999904413796758,0.001999994103247256,0.9650000861465389,0.003000015336417125,0.0,0.0,3,0,0,1,0,0,0,0,0.9987305256576539,998730.5256576538
Y2020_LAT23.98528_LON90.16464,2020,90.16463696878233,23.985278079884445,0.41640026659861057,0.019200093683829068,0.5643996397175604,0.0,0.0,0.0,3,0,0,1,0,0,0,0,0.9987447810516358,998744.7810516357
Y2020_LAT23.98546_LON90.17446,2020,90.17445557925724,23.98545938995834,0.19039982891205517,0.0031999818683920013,0.8062001900873276,0.00019999913222538794,0.0,0.0,3,0,0,1,0,0,0,0,0.9987589874191284,998758.9874191284
Y2020_LAT23.98564_LON90.18427,2020,90.18427428700817,23.9856400729411,0.3241008323572191,0.03220009510919465,0.6387990926233742,0.004899979910212212,0.0,0.0,3,0,0,1,0,0,0,0,0.9987731450576782,998773.1450576782
Y2020_LAT23.98582_LON90.19409,2020,90.19409309144393,23.985820128648346,0.3325987001417324,0.0024999845720300104,0.6619012950687487,0.0030000202174889344,0.0,0.0,3,0,0,1,0,0,0,0,0.9987872550125122,998787.2550125122
Y2020_LAT23.986_LON90.20391,2020,90.20391199242617,23.98599955722351,0.11510033914068972,0.013600058478599642,0.8454995845164122,0.025800017864298502,0.0,0.0,3,0,0,1,0,0,0,0,0.9988013145675659,998801.3145675659
Y2020_LAT23.98618_LON90.21373,2020,90.21373098958487,23.986178358547683,0.1920995252404166,0.016999938303771462,0.4637006653981544,0.3271998710576576,0.0,0.0,3,0,0,1,0,0,0,1,0.9988153229064941,998815.3229064941
Y2020_LAT23.98636_LON90.22355,2020,90.22355008253786,23.986356532477554,0.4151007214070888,0.00530002188104779,0.5043992017574032,0.07520005495446042,0.0,0.0,3,0,0,1,0,0,0,0,0.9988292872085571,998829.2872085571
Y2020_LAT23.98653_LON90.23337,2020,90.23336927093084,23.986534079154005,0.6508001119973932,0.0772000629266999,0.24449968522876794,0.027500139847139032,0.0,0.0,1,1,0,0,0,0,0,0,0.9988431993408203,998843.1993408203
Y2020_LAT23.98671_LON90.24319,2020,90.24318855456185,23.986710998531812,0.775100562931988,0.0718998320399405,0.1301997137484594,0.02279989127961203,0.0,0.0,1,1,0,0,0,0,0,0,0.9988570621261597,998857.0621261597
Y2020_LAT23.98689_LON90.25301,2020,90.25300793288221,23.986887290569346,0.8857497632892218,0.04337046745343052,0.0,0.07087976925734761,0.0,0.0,1,1,0,0,0,0,0,0,0.4030429231491089,403042.9231491089
Y2020_LAT23.99207_LON90.04662,2020,90.04661543010013,23.992073698764727,0.11866205355113638,0.22329985302854688,0.6580380934203167,0.0,0.0,0.0,3,0,0,1,0,0,0,0,0.09256783625793458,92567.83625793457
Y2020_LAT23.99226_LON90.05643,2020,90.05643353060012,23.99226261272556,0.3044147404576975,0.0032009005076505215,0.6766006962047859,0.01578366282986609,0.0,0.0,3,0,0,1,0,0,0,0,0.9047187324447632,904718.7324447632
Y2020_LAT23.99245_LON90.06625,2020,90.0662517323497,23.99245089958671,0.1997003261283078,0.0028000189309371863,0.797499654940755,0.0,0.0,0.0,3,0,0,1,0,0,0,0,0.9986000174331665,998600.0174331665
Y2020_LAT23.99264_LON90.07607,2020,90.07607003497604,23.992638559336502,0.3137000244725161,0.0026999882036835995,0.6022995892662969,0.08130039805750337,0.0,0.0,3,0,0,1,0,0,0,0,0.9986147139511108,998614.7139511108
Y2020_LAT23.99283_LON90.08589,2020,90.08588843813719,23.992825591785948,0.4080004758634171,0.010899997277430611,0.5621996221778145,0.01889990468133784,0.0,0.0,3,0,0,1,0,0,0,0,0.9986293641281128,998629.3641281128
Y2020_LAT23.99301_LON90.09571,2020,90.09570694155349,23.993011997118185,0.5741002553379985,0.09160032858889873,0.2916994053265799,0.04260001074652308,0.0,0.0,1,1,0,0,0,0,0,0,0.9986439620437622,998643.9620437622
Y2020_LAT23.9932_LON90.10553,2020,90.1055255447771,23.993197775140846,0.03519995188184901,0.0009999928683321242,0.9638000552498188,0.0,0.0,0.0,3,0,0,1,0,0,0,0,0.9986585121765137,998658.5121765137
Y2020_LAT23.99338_LON90.11534,2020,90.11534424756522,23.99338292596083,0.13269973244916924,0.03170002446979407,0.8340002503457551,0.0015999927352816983,0.0,0.0,3,0,0,1,0,0,0,0,0.9986730143432617,998673.0143432617
Y2020_LAT23.99357_LON90.12516,2020,90.1251630496369,23.993567449479496,0.01590003161303404,0.06600012951340514,0.9180998388735608,0.0,0.0,0.0,3,0,0,1,0,0,0,0,0.9986874652862548,998687.4652862549
Y2020_LAT23.99375_LON90.13498,2020,90.13498195048736,23.993751345642877,0.17350007258660893,0.2121995445239502,0.6143003828894409,0.0,0.0,0.0,3,0,0,1,0,0,0,0,0.9987018694381714,998701.8694381714
Y2020_LAT23.99393_LON90.1448,2020,90.14480094986662,23.993934614536396,0.16539999489224802,0.017799993095791992,0.81680001201196,0.0,0.0,0.0,3,0,0,1,0,0,0,0,0.9987162231216431,998716.2231216431
Y2020_LAT23.99412_LON90.15462,2020,90.15462004752416,23.994117256035924,0.23270000035709165,0.010299970681406529,0.7570000289615019,0.0,0.0,0.0,3,0,0,1,0,0,0,0,0.9987305287246704,998730.5287246704
Y2020_LAT23.9943_LON90.16444,2020,90.16443924301608,23.99429927011732,0.4418985388171408,0.014999960350431107,0.543101500832428,0.0,0.0,0.0,3,0,0,1,0,0,0,0,0.998744783744812,998744.783744812
Y2020_LAT23.99448_LON90.17426,2020,90.17425853595219,23.99448065679874,0.21769951745908472,0.0014000040475172005,0.780900478493398,0.0,0.0,0.0,3,0,0,1,0,0,0,0,0.9987589925613404,998758.9925613403
Y2020_LAT23.99466_LON90.18408,2020,90.18407792612972,23.994661416030453,0.4565004874869937,0.0897002406794338,0.45379927183357255,0.0,0.0,0.0,1,1,0,0,0,0,0,1,0.9987731491622924,998773.1491622925
Y2020_LAT23.99484_LON90.1939,2020,90.193897413242,23.994841547842743,0.1286996352573654,0.0026999936176229852,0.8676003673326622,0.001000003792349384,0.0,0.0,3,0,0,1,0,0,0,0,0.998787258392334,998787.258392334
Y2020_LAT23.99502_LON90.20372,2020,90.20371699672887,23.995021052140032,0.24150046638142317,0.05270024964021065,0.703499278948761,0.0023000050296052535,0.0,0.0,3,0,0,1,0,0,0,0,0.9988013177947999,998801.3177947998
Y2020_LAT23.9952_LON90.21354,2020,90.21353667649774,23.995199928919764,0.16929970369691624,0.17690039468023466,0.5345996726054513,0.11920022901739782,0.0,0.0,3,0,0,1,0,0,0,0,0.9988153294296265,998815.3294296265
Y2020_LAT23.99538_LON90.22336,2020,90.22335645208524,23.995378178219756,0.04299992686635471,0.1591998467450642,0.5798009103789257,0.21799931600965555,0.0,0.0,3,0,0,1,0,0,0,0,0.9988292904434204,998829.2904434204
Y2020_LAT23.99556_LON90.23318,2020,90.23317632312855,23.99555579991514,0.22730022881162792,0.349100791667102,0.3280989789592949,0.09550000056197516,0.0,0.0,2,0,1,0,0,0,0,1,0.9988432019958496,998843.2019958496
Y2020_LAT23.99573_LON90.243,2020,90.24299628940503,23.995732794001327,0.8059005264221947,0.11839972918770825,0.03089982116991691,0.044799923220180254,0.0,0.0,1,1,0,0,0,0,0,0,0.9988570652999877,998857.0652999878
Y2020_LAT23.99591_LON90.25282,2020,90.25281635055009,23.995909160573362,0.9860654788096752,0.007828379423775332,0.0,0.006106141766549417,0.0,0.0,1,1,0,0,0,0,0,0,0.6379774355926514,637977.4355926514
Y2020_LAT24.00071_LON90.02677,2020,90.02677215455752,24.000714067507797,0.46778438502365144,0.00902062051042882,0.5231949944659198,0.0,0.0,0.0,3,0,0,1,0,0,0,0,0.07748695835876465,77486.95835876465
Y2020_LAT24.0009_LON90.03659,2020,90.03659073394734,24.000904315890693,0.0,0.0,1.0,0.0,0.0,0.0,3,0,0,1,0,0,0,0,0.009686047241210938,9686.047241210938
Y2020_LAT24.00109_LON90.04641,2020,90.04640941533675,24.00109393706591,0.2166090594608287,0.06518245415929777,0.7182084863798736,0.0,0.0,0.0,3,0,0,1,0,0,0,0,0.7491284092941284,749128.4092941284
Y2020_LAT24.00128_LON90.05623,2020,90.05622819828714,24.001282930860743,0.4463645703315449,0.22872521903569412,0.324910210632761,0.0,0.0,0.0,1,1,0,0,0,0,0,1,0.8378136173934937,837813.6173934937
Y2020_LAT24.00147_LON90.06605,2020,90.06604708253283,24.001471297199046,0.1964990455727991,0.060699896962754525,0.728801098381822,0.013999959082624355,0.0,0.0,3,0,0,1,0,0,0,0,0.9986000206069946,998600.0206069946
Y2020_LAT24.00166_LON90.07587,2020,90.07586606760358,24.00165903601108,0.4489004924048829,0.0010999970503114311,0.5406994899460343,0.009300020598771322,0.0,0.0,3,0,0,1,0,0,0,0,0.9986147175598145,998614.7175598145
Y2020_LAT24.00185_LON90.08569,2020,90.08568515340238,24.00184614755451,0.19999991569407885,0.0001999996816238648,0.7961000728738052,0.0037000117504920587,0.0,0.0,3,0,0,1,0,0,0,0,0.9986293667984009,998629.3667984009
Y2020_LAT24.00203_LON90.0955,2020,90.09550433935439,24.002032631581265,0.29050009237930924,0.08410004971541309,0.5846999030348946,0.040699954870383054,0.0,0.0,3,0,0,1,0,0,0,0,0.9986439658889771,998643.965888977
Y2020_LAT24.00222_LON90.10532,2020,90.1053236252335,24.002218488110845,0.235300413807603,0.062100127049205776,0.687199367462294,0.015400091680897152,0.0,0.0,3,0,0,1,0,0,0,0,0.9986585152969361,998658.515296936
Y2020_LAT24.0024_LON90.11514,2020,90.11514301061867,24.00240371702454,0.1671002521921987,0.07220011741276275,0.7406997227386463,0.01979990835110075,0.00019999930529151252,0.0,3,0,0,1,0,0,0,0,0.9986730169677734,998673.0169677734
Y2020_LAT24.00259_LON90.12496,2020,90.12496249532208,24.00258831841588,0.15630014874969328,0.1205997388645501,0.7231001123857567,0.0,0.0,0.0,3,0,0,1,0,0,0,0,0.9986874697494507,998687.4697494507
Y2020_LAT24.00277_LON90.13478,2020,90.13478207889872,24.002772292308027,0.3086003468882369,0.0998002515508477,0.5915994015609154,0.0,0.0,0.0,3,0,0,1,0,0,0,0,0.9987018727035523,998701.8727035522
Y2020_LAT24.00296_LON90.1446,2020,90.14460176103334,24.002955638543433,0.3159000660056959,0.1103998027753114,0.5737001312189927,0.0,0.0,0.0,3,0,0,1,0,0,0,0,0.9987162255859375,998716.2255859375
Y2020_LAT24.00314_LON90.15442,2020,90.15442154138915,24.00313835715581,0.51059943167166,0.040900009654471776,0.4485005586738682,0.0,0.0,0.0,1,1,0,0,0,0,0,0,0.9987305312728881,998730.5312728882
Y2020_LAT24.00332_LON90.16424,2020,90.16424141964353,24.00332044815204,0.297016259148769,0.04938375777108665,0.6535999830801443,0.0,0.0,0.0,3,0,0,1,0,0,0,0,0.9808671385192871,980867.1385192871
Y2020_LAT24.0035_LON90.17406,2020,90.17406139547691,24.00350191142814,0.4680678363932831,0.01713388103217599,0.5116829944786235,0.0031152880959173894,0.0,0.0,3,0,0,1,0,0,0,0,0.2564809611053467,256480.96110534668
Y2020_LAT24.00368_LON90.18388,2020,90.18388146853671,24.003682747040553,0.5923010155033234,0.05484553739454345,0.302764107454254,0.0500893396478792,0.0,0.0,1,1,0,0,0,0,0,0,0.6719757221679687,671975.7221679688
Y2020_LAT24.00386_LON90.1937,2020,90.19370163840667,24.003862954888493,0.23956189912893136,0.17181754202425664,0.5785919661844965,0.010028592662315528,0.0,0.0,3,0,0,1,0,0,0,0,0.9760148206787109,976014.8206787109
Y2020_LAT24.00404_LON90.20352,2020,90.20352190487804,24.004042534973074,0.3456762381253074,0.07827516120710405,0.5541362564753513,0.021912344192237268,0.0,0.0,3,0,0,1,0,0,0,0,0.8523765694580078,852376.5694580078
Y2020_LAT24.00422_LON90.21334,2020,90.21334226757082,24.00422148730903,0.09256285802274365,0.28263868187347907,0.48793375418423557,0.13686470591954167,0.0,0.0,3,0,0,1,0,0,0,1,0.8071421149368286,807142.1149368286
Y2020_LAT24.0044_LON90.22316,2020,90.22316272609173,24.004399811826477,0.107276583407051,0.5555097734487499,0.30623660755192145,0.030977035592277616,0.0,0.0,2,0,1,0,0,0,0,0,0.9608739478302002,960873.9478302002
Y2020_LAT24.00458_LON90.23298,2020,90.23298328017596,24.00457750857473,0.16799048630725788,0.5449221634471328,0.23620972915091806,0.05087762109469115,0.0,0.0,2,0,1,0,0,0,0,0,0.9560926986541748,956092.6986541748
Y2020_LAT24.00475_LON90.2428,2020,90.24280392946517,24.004754577451283,0.6888033149474684,0.2549577371209919,0.03305185171803419,0.023187096213505665,0.0,0.0,1,1,0,0,0,0,0,0,0.9821762474136353,982176.2474136353
Y2020_LAT24.00493_LON90.25262,2020,90.2526246736737,24.004931018398594,0.3760358629388502,0.3145491625829727,0.23581380866176352,0.07360116581641359,0.0,0.0,1,1,0,0,0,0,0,1,0.7586413481063843,758641.3481063843
Y2020_LAT24.00511_LON90.26245,2020,90.26244551224927,24.005106831446067,0.0,0.0,1.0,0.0,0.0,0.0,3,0,0,1,0,0,0,0,0.028567949981689454,28567.949981689453
Y2020_LAT24.00935_LON90.00693,2020,90.00692645556579,24.009351592831333,0.3979497010698314,0.17054981216297738,0.3229265323732206,0.10857395439397056,0.0,0.0,1,1,0,0,0,0,0,1,0.2142814344406128,214281.4344406128
Y2020_LAT24.00954_LON90.01675,2020,90.0167455127659,24.009543176768688,0.30111651243773346,0.04892764604609096,0.6499558415161756,0.0,0.0,0.0,3,0,0,1,0,0,0,0,0.3306114072036743,330611.4072036743
Y2020_LAT24.00973_LON90.02656,2020,90.02656467272134,24.00973413308127,0.18697131982019316,0.05987021072604454,0.7531584694537623,0.0,0.0,0.0,3,0,0,1,0,0,0,0,0.813911564086914,813911.5640869141
Y2020_LAT24.00992_LON90.03638,2020,90.0363839348386,24.00992446192118,0.16711105276658053,0.023212725017242145,0.8087518215813477,0.0009244006348296101,0.0,0.0,3,0,0,1,0,0,0,0,0.972193871925354,972193.871925354
Y2020_LAT24.01011_LON90.0462,2020,90.04620329900287,24.010114163037514,0.09120027549461786,0.0,0.9000996853975344,0.0087000391078478,0.0,0.0,3,0,0,1,0,0,0,0,0.9985704824371338,998570.4824371338
Y2020_LAT24.0103_LON90.05602,2020,90.05602276473513,24.01030323653413,0.41780105975221893,0.028900135175108872,0.5223989138207259,0.030899891251946324,0.0,0.0,3,0,0,1,0,0,0,0,0.9985852785720826,998585.2785720825
Y2020_LAT24.01049_LON90.06584,2020,90.06584233176525,24.01049168243344,0.5253999304942663,0.09729969564546498,0.33490038169516934,0.042399992165099445,0.0,0.0,1,1,0,0,0,0,0,0,0.9986000247268677,998600.0247268677
Y2020_LAT24.01068_LON90.07566,2020,90.07566199971286,24.010679500663898,0.6196000270507754,0.07770043752182097,0.299199516849586,0.0035000185778175283,0.0,0.0,1,1,0,0,0,0,0,0,0.9986147206802368,998614.7206802368
Y2020_LAT24.01087_LON90.08548,2020,90.08548176839925,24.010866691120324,0.2491994472259577,0.16899993479071868,0.5798006305032914,0.001999987480032149,0.0,0.0,3,0,0,1,0,0,0,0,0.9986293707580567,998629.3707580566
Y2020_LAT24.01105_LON90.0953,2020,90.09530163723639,24.011053253815835,0.15610006384683758,0.07109995807600576,0.7679999837604494,0.004799994316707341,0.0,0.0,3,0,0,1,0,0,0,0,0.9986439687576294,998643.9687576294
Y2020_LAT24.01124_LON90.10512,2020,90.10512160607054,24.01123918877232,0.21010007172719905,0.15690030954485965,0.6329996187279413,0.0,0.0,0.0,3,0,0,1,0,0,0,0,0.998658519317627,998658.519317627
Y2020_LAT24.01142_LON90.11494,2020,90.11494167441529,24.011424495946347,0.29250050413638556,0.17960007391071223,0.5278994219529022,0.0,0.0,0.0,3,0,0,1,0,0,0,0,0.998673021118164,998673.0211181641
Y2020_LAT24.01161_LON90.12476,2020,90.12476184214272,24.01160917528913,0.3257996737099052,0.10119972506940426,0.5729006018352216,9.999938546889333e-05,0.0,0.0,3,0,0,1,0,0,0,0,0.998687472694397,998687.472694397
Y2020_LAT24.01179_LON90.13458,2020,90.13458210874504,24.011793226804958,0.2172006291897579,0.06160002337059671,0.7211993474396454,0.0,0.0,0.0,3,0,0,1,0,0,0,0,0.9987018765716553,998701.8765716553
Y2020_LAT24.01198_LON90.1444,2020,90.14440247393608,24.01197665041393,0.2882997108234767,0.09900007295057009,0.6127002162259533,0.0,0.0,0.0,3,0,0,1,0,0,0,0,0.9987162300262451,998716.2300262451
Y2020_LAT24.01216_LON90.15422,2020,90.15422293740608,24.012159446180302,0.1928997689416077,0.11159973297509303,0.6955004980832993,0.0,0.0,0.0,3,0,0,1,0,0,0,0,0.9987305355453491,998730.5355453491
Y2020_LAT24.01234_LON90.16404,2020,90.1640434987687,24.012341613997805,0.32764917141398114,0.062467541783475744,0.6095352794935621,0.000348007308981138,0.0,0.0,3,0,0,1,0,0,0,0,0.5739772430114746,573977.2430114746
Y2020_LAT24.0127_LON90.18368,2020,90.18368491398347,24.012704065831226,0.5029509616885534,0.24458988859406097,0.25245914971738564,0.0,0.0,0.0,1,1,0,0,0,0,0,0,0.15231357847595214,152313.57847595215
Y2020_LAT24.01288_LON90.19351,2020,90.19350576707565,24.012884349796376,0.16371975709769454,0.14922223526835726,0.6810466998293053,0.006011307804643014,0.0,0.0,3,0,0,1,0,0,0,0,0.2824561531143189,282456.15311431885
Y2020_LAT24.01306_LON90.20333,2020,90.20332671680983,24.01306400570573,0.0,0.0,1.0,0.0,0.0,0.0,3,0,0,1,0,0,0,0,0.0652215040359497,65221.50403594971
Y2020_LAT24.01324_LON90.21315,2020,90.21314776275689,24.01324303362963,0.0,0.0,0.9777069716516661,0.022293028348333892,0.0,0.0,3,0,0,1,0,0,0,0,0.03136264914703369,31362.64914703369
Y2020_LAT24.01342_LON90.22297,2020,90.22296890459543,24.01342143342227,0.10546898257097158,0.23437523867478968,0.6601557787542387,0.0,0.0,0.0,3,0,0,1,0,0,0,0,0.025570021812438965,25570.021812438965
Y2020_LAT24.01378_LON90.24261,2020,90.24261147465621,24.013776348732712,0.4979495809953445,0.2700589174767855,0.17354501469193406,0.05844648683593596,0.0,0.0,1,1,0,0,0,0,0,1,0.7793094709320069,779309.4709320068
Y2020_LAT24.01395_LON90.25243,2020,90.2524329021685,24.013952864169255,0.3188850299791739,0.11016913427739501,0.5702194445134962,0.0007263912299349955,0.0,0.0,3,0,0,1,0,0,0,0,0.8250668649902344,825066.8649902344
Y2020_LAT24.01413_LON90.26225,2020,90.26225442429529,24.01412875148566,0.0,0.0,1.0,0.0,0.0,0.0,3,0,0,1,0,0,0,0,0.12116408152008057,121164.08152008057
Y2020_LAT24.01837_LON90.00672,2020,90.00671750543356,24.018371484734054,0.37623802267444967,0.26175714206147527,0.36200483526407506,0.0,0.0,0.0,1,1,0,0,0,0,0,1,0.16135979586791993,161359.79586791992
Y2020_LAT24.01856_LON90.01654,2020,90.01653724561554,24.018563149446305,0.2055673177866611,0.07723606007775412,0.7105763474497433,0.006620274685841546,0.0,0.0,3,0,0,1,0,0,0,0,0.5882329226074219,588232.9226074219
Y2020_LAT24.01875_LON90.02636,2020,90.02635708857962,24.018754186457038,0.2218153349857878,0.008916610671115894,0.7681687456749744,0.001099308668121895,0.0,0.0,3,0,0,1,0,0,0,0,0.8175051090164185,817505.1090164185
Y2020_LAT24.01894_LON90.03618,2020,90.03617703379972,24.018944595524587,0.15099437211800115,0.1065544697634628,0.7420471580860959,0.00040400003244027156,0.0,0.0,3,0,0,1,0,0,0,0,0.9886700053482056,988670.0053482056
Y2020_LAT24.01913_LON90.046,2020,90.0459970810189,24.01913437675637,0.09629995113319445,0.0014000016119814743,0.8980000367197583,0.004300010535065824,0.0,0.0,3,0,0,1,0,0,0,0,0.9985704858856201,998570.4858856201
Y2020_LAT24.01932_LON90.05582,2020,90.05581722992184,24.019323530082506,0.38349979842540005,0.039000088489812186,0.5408001122119833,0.0367000008728046,0.0,0.0,3,0,0,1,0,0,0,0,0.9985852817382812,998585.2817382812
Y2020_LAT24.01951_LON90.06564,2020,90.06563748003342,24.0195120554735,0.3797003115065481,0.062399832117373745,0.5301998528622959,0.027700003513782264,0.0,0.0,3,0,0,1,0,0,0,0,0.9986000276107788,998600.0276107788
Y2020_LAT24.0197_LON90.07546,2020,90.07545783126656,24.019699952918344,0.3663995607297712,0.15340017162658362,0.459100336594494,0.021099931049151168,0.0,0.0,3,0,0,1,0,0,0,1,0.9986147250518799,998614.7250518799
Y2020_LAT24.01989_LON90.08528,2020,90.08527828307327,24.019887222368435,0.20640048913422654,0.08719974935237855,0.6710997055347144,0.03530005597868052,0.0,0.0,3,0,0,1,0,0,0,0,0.9986293733978272,998629.3733978271
Y2020_LAT24.02007_LON90.0951,2020,90.09509883521426,24.02007386384001,0.24294192951971907,0.046699131991222234,0.7090853320659795,0.0012736064230792043,0.0,0.0,3,0,0,1,0,0,0,0,0.9409220185775757,940922.0185775757
Y2020_LAT24.02026_LON90.10492,2020,90.1049194872924,24.02025987727862,0.13025916847712435,0.0931756605569857,0.77656517096589,0.0,0.0,0.0,3,0,0,1,0,0,0,0,0.3204692573928833,320469.2573928833
Y2020_LAT24.02045_LON90.11474,2020,90.11474023897387,24.02044526268811,0.4038438673092439,0.053558904555868155,0.5394938262709791,0.003103401863908858,0.0,0.0,3,0,0,1,0,0,0,0,0.997574490951538,997574.4909515381
Y2020_LAT24.02063_LON90.12456,2020,90.12456109000473,24.020630019989614,0.13200021227027867,0.03600012780718489,0.8311996647951367,0.0007999951273997585,0.0,0.0,3,0,0,1,0,0,0,0,0.9986874754257202,998687.4754257202
Y2020_LAT24.02081_LON90.13438,2020,90.134382039963,24.020814149124085,0.7583000065939357,0.08919989853101297,0.1499000960603302,0.002599998814721131,0.0,0.0,1,1,0,0,0,0,0,0,0.9987018795166016,998701.8795166016
Y2020_LAT24.021_LON90.1442,2020,90.1442030886186,24.02099765017474,0.21236328610790858,0.2797846019130784,0.507852111979013,0.0,0.0,0.0,3,0,0,1,0,0,0,0,0.998416616355896,998416.616355896
Y2020_LAT24.02118_LON90.15402,2020,90.15402423550923,24.021180523111386,0.30005398890882085,0.2526482369482666,0.4452602897445625,0.002037484398350043,0.0,0.0,3,0,0,1,0,0,0,1,0.7352647973632812,735264.7973632812
Y2020_LAT24.02136_LON90.16385,2020,90.16384548029855,24.021362767818765,0.07731426369858613,0.09664293509693464,0.8260428012044793,0.0,0.0,0.0,3,0,0,1,0,0,0,0,0.0981760906677246,98176.09066772461
Y2020_LAT24.0228_LON90.24242,2020,90.2424189249264,24.022798108014854,0.8521817135161448,0.020189799149765753,0.10707799285531391,0.020550494478775543,0.0,0.0,1,1,0,0,0,0,0,0,0.8311499176559448,831149.9176559448
Y2020_LAT24.02297_LON90.25224,2020,90.25224103617214,24.022974697941994,0.6717083917123632,0.2275697671862482,0.09109653474751876,0.00962530635386996,0.0,0.0,1,1,0,0,0,0,0,0,0.2905701661148071,290570.1661148071
Y2020_LAT24.02739_LON90.00651,2020,90.00650845226181,24.02739136426117,0.6825398721909132,0.31746012780908683,0.0,0.0,0.0,0.0,1,1,0,0,0,0,0,0,0.01258132022857666,12581.32022857666
Y2020_LAT24.02758_LON90.01633,2020,90.01632887578877,24.027583109939343,0.5561764791682081,0.05214879414914267,0.332364032805627,0.05931069387702234,0.0,0.0,1,1,0,0,0,0,0,0,0.44614263244628904,446142.63244628906
Y2020_LAT24.02777_LON90.02615,2020,90.02614940218974,24.027774227450884,0.5139117193195054,0.07037613702019704,0.3475177300400061,0.06819441362029133,0.0,0.0,1,1,0,0,0,0,0,0,0.18303205152893065,183032.05152893066
Y2020_LAT24.02796_LON90.03597,2020,90.03597003069595,24.027964716901543,0.24999987509726582,0.03267051116672935,0.7173296137360048,0.0,0.0,0.0,3,0,0,1,0,0,0,0,0.14059707320404052,140597.07320404053
Y2020_LAT24.02815_LON90.04579,2020,90.04579076145403,24.028154578179574,0.2209397723965558,0.08858287706330417,0.68589290562787,0.004584444912270047,0.0,0.0,3,0,0,1,0,0,0,0,0.6752337200775147,675233.7200775146
Y2020_LAT24.02834_LON90.05561,2020,90.05561159372064,24.02834381130787,0.38289185992175223,0.10464376139394893,0.5124643786842988,0.0,0.0,0.0,3,0,0,1,0,0,0,0,0.7891819902648926,789181.9902648926
Y2020_LAT24.02853_LON90.06543,2020,90.06543252742239,24.028532416215814,0.19389590266974674,0.12186511776415543,0.6771357435861566,0.007103235979941254,0.0,0.0,3,0,0,1,0,0,0,0,0.8997389232025147,899738.9232025146
Y2020_LAT24.02872_LON90.07525,2020,90.07525356212062,24.02872039298285,0.5267769344354606,0.0616973554964445,0.4115257100680949,0.0,0.0,0.0,1,1,0,0,0,0,0,0,0.9565732304611206,956573.2304611206
Y2020_LAT24.02891_LON90.08507,2020,90.08507469747711,24.02890774142831,0.1506667857924073,0.0013040468301965867,0.8480291673773961,0.0,0.0,0.0,3,0,0,1,0,0,0,0,0.9955336113662719,995533.611366272
Y2020_LAT24.02909_LON90.0949,2020,90.0948959331981,24.029094461614562,0.0,0.01311085721138717,0.9868891427886128,0.0,0.0,0.0,3,0,0,1,0,0,0,0,0.41892969788360596,418929.69788360596
Y2020_LAT24.02928_LON90.10472,2020,90.10471726886135,24.029280553518188,0.0,0.0,0.0,0.0,0.0,0.0,1,1,0,0,0,0,0,1,0.0,0.0
Y2020_LAT24.02947_LON90.11454,2020,90.11453870427195,24.029466017085266,0.0,0.05079488883173799,0.9381627452075517,0.01104236596071032,0.0,0.0,3,0,0,1,0,0,0,0,0.2260991318511963,226099.1318511963
Y2020_LAT24.02965_LON90.12436,2020,90.12436023893018,24.02965085236639,0.15135505375417085,0.004649669311736849,0.8438349428096935,0.00016033412439888763,0.0,0.0,3,0,0,1,0,0,0,0,0.6228819507522583,622881.9507522583
Y2020_LAT24.02984_LON90.13418,2020,90.13418187256471,24.0298350592277,0.13892496782200792,0.024409232729100505,0.8366657994488915,0.0,0.0,0.0,3,0,0,1,0,0,0,0,0.769200195137024,769200.1951370239
Y2020_LAT24.03002_LON90.144,2020,90.14400360500903,24.030018637753553,0.26778790431875094,0.012193206775282132,0.720018888905967,0.0,0.0,0.0,3,0,0,1,0,0,0,0,0.6470675158386231,647067.515838623
Y2020_LAT24.0302_LON90.15383,2020,90.15382543554587,24.030201587748444,0.0,0.0,1.0,0.0,0.0,0.0,3,0,0,1,0,0,0,0,0.0034955336380004883,3495.5336380004883
Y2020_LAT24.03164_LON90.2324,2020,90.23240357986296,24.031642561978984,1.0,0.0,0.0,0.0,0.0,0.0,1,1,0,0,0,0,0,0,0.005094134674072266,5094.134674072266
Y2020_LAT24.03182_LON90.24223,2020,90.24222628036154,24.03181985510634,0.8632908788310321,0.13325688388621126,0.0,0.003452237282756711,0.0,0.0,1,1,0,0,0,0,0,0,0.43400328407287597,434003.284072876
Y2020_LAT24.032_LON90.25205,2020,90.25204907562119,24.03199651969358,1.0,0.0,0.0,0.0,0.0,0.0,1,1,0,0,0,0,0,0,0.006093073814392089,6093.07381439209
Y2020_LAT24.03641_LON90.0063,2020,90.00629929605367,24.036411231532128,0.8652849242526498,0.0683937813730527,0.004145082788780478,0.06217621158551706,0.0,0.0,1,1,0,0,0,0,0,0,0.09635688662719727,96356.88662719727
Y2020_LAT24.0366_LON90.01612,2020,90.01612040333335,24.036603057988735,0.5906818124779816,0.04296789366819949,0.31064211115416346,0.05570818269965546,0.0,0.0,1,1,0,0,0,0,0,0,0.7994188454666138,799418.8454666138
Y2020_LAT24.03679_LON90.02594,2020,90.0259416133831,24.03679425616398,0.35739511059508755,0.0,0.5246470701161533,0.11795781928875916,0.0,0.0,3,0,0,1,0,0,0,0,0.056716989601135255,56716.989601135254
Y2020_LAT24.03755_LON90.06523,2020,90.06522747375895,24.037552764788703,0.6451616163958239,0.2157952239153151,0.139043159688861,0.0,0.0,0.0,1,1,0,0,0,0,0,0,0.0897743159942627,89774.3159942627
Y2020_LAT24.03774_LON90.07505,2020,90.07504919229622,24.037740820748656,0.5749195004309783,0.0040728756735567435,0.42100762389546503,0.0,0.0,0.0,1,1,0,0,0,0,0,0,0.4658553452377319,465855.34523773193
Y2020_LAT24.03793_LON90.08487,2020,90.08487101152558,24.037928248245947,0.14964057521614318,0.05904413630116129,0.7885036629093124,0.0028116255733831087,0.0,0.0,3,0,0,1,0,0,0,0,0.31965987990570066,319659.8799057007
Y2020_LAT24.04562_LON90.01591,2020,90.01591182811815,24.045622993824633,0.07507845664856956,0.035453742082218735,0.8894678012692117,0.0,0.0,0.0,3,0,0,1,0,0,0,0,0.09575872640228271,95758.72640228271
