grid_id,year,longitude,latitude,scene_count,lst_c,lst_c_median,lst_c_stddev,lst_c_min,lst_c_max,ndvi,mean_pixel_obs_count,valid_lst_ratio
Y2023_LAT23.52482_LON90.15502,2023,90.15502415698468,23.524824690620612,20,34.9657335331748,33.42315458278228,5.393163297565376,29.07812759000001,47.90629076000005,-0.020355381907932506,5.76730608840701,0.08547861608766023
Y2023_LAT23.525_LON90.16481,2023,90.16480821194499,23.52500333582075,20,33.008227936128044,30.433707088095257,5.047538164895167,29.19604928000001,48.125044040000034,-0.08190094345971805,5.951107572706419,0.46330932129838603
Y2023_LAT23.52518_LON90.17459,2023,90.17459236327528,23.5251813673849,20,38.062724932008386,37.52553832364876,3.0324175178548285,30.060808340000023,45.486332600000026,0.43415005197284684,6.197295593077856,0.3098907540827002
Y2023_LAT23.53385_LON90.15483,2023,90.15483003468516,23.533846342091746,20,28.999057872266242,28.930060505563922,0.33666149555456815,27.98265218000006,30.641871740000028,-0.19890884082586582,5.6093938792296685,0.6337949680379062
Y2023_LAT23.53403_LON90.16461,2023,90.16461475513425,23.53402506394596,20,31.283879425095982,29.40675455274904,3.095368872784379,28.28001992000003,39.227937980000036,-0.002038208627169592,5.639895952451524,1.0
Y2023_LAT23.5342_LON90.1744,2023,90.17439957193227,23.534203171844304,20,35.56728461074757,35.47046838200003,1.2199273032255724,32.359426790000015,41.300967110000045,0.5257724532970784,6.65341075722918,0.9161597489413807
Y2023_LAT23.53438_LON90.18418,2023,90.18418448473497,23.53438066576062,20,34.954110378550055,34.93661387,0.28770900516725323,34.33162433000001,35.51938627999999,0.5575545635222307,7.574086680281369,0.015633036895669743
Y2023_LAT23.54269_LON90.14485,2023,90.14485052638558,23.542688569006817,20,29.451999162793435,29.605117332681843,0.32604459095836497,28.59960479000003,29.712170300000025,-0.25471175559180304,5.225987278250506,0.21454342503240686
Y2023_LAT23.54287_LON90.15464,2023,90.15463581577698,23.542867981597322,20,30.08694015880999,29.466318887146553,1.9221728254453543,28.40648666000004,37.86756602000003,-0.12448401826593908,5.174363444843994,0.9769764157304168
Y2023_LAT23.54305_LON90.16442,2023,90.16442120199689,23.543046780077745,20,34.7237888852547,34.84352872719627,1.6851832558454283,28.688473310000035,38.23671218000004,0.4871942444463777,6.062498897057524,1.0
Y2023_LAT23.54322_LON90.17421,2023,90.17420668451803,23.54322496427895,20,34.452260306582424,34.657556951428596,1.5860043542083526,31.041780080000024,40.56438380000003,0.5408377785089913,7.227598718111623,1.0
Y2023_LAT23.5434_LON90.18399,2023,90.18399226315104,23.543402534303326,20,33.87468980464522,34.03653183825304,0.7965847485149555,31.492958720000047,35.25107171000002,0.6085583243322266,6.987310382569723,0.20954459447836943
Y2023_LAT23.55153_LON90.13487,2023,90.13486968623559,23.551530015836853,20,29.150595219342236,29.20972136000003,0.12006236729000458,28.857665300000008,29.29175384000004,-0.2602369191361812,6.310501041949808,0.0787980038124613
Y2023_LAT23.55171_LON90.14466,2023,90.14465554458269,23.551710119708087,20,29.476027184802902,29.404859229090928,0.7433633491692995,28.83715718000002,38.28285545000003,-0.22848557977527448,5.809568682882772,0.9098167398992635
Y2023_LAT23.55189_LON90.15444,2023,90.15444150021044,23.551889609170125,20,34.32283177082769,35.34250374500002,2.8063289190878624,29.17895918000002,39.145905500000026,0.31422003711697016,5.718299668587855,1.0
Y2023_LAT23.55207_LON90.16423,2023,90.16422755244805,23.552068484213372,20,34.341563445224374,34.35997994489799,0.7875993942970045,32.14580053999998,36.96179072000001,0.5915460110474136,6.489099398940477,1.0
Y2023_LAT23.55225_LON90.17401,2023,90.1740137011059,23.552246744855402,20,34.53604457796526,34.643967834632036,0.9476076370469776,31.434852380000052,36.674677040000006,0.5875635648994489,6.876571150166389,0.9116997001730217
Y2023_LAT23.55242_LON90.1838,2023,90.18379994580019,23.552424390933815,20,33.85917779832694,33.90104275475839,0.6529813044442703,32.11674737000004,35.13656804000004,0.6144464282620208,6.7662646939602755,0.0704200727179309
Y2023_LAT23.55946_LON90.07596,2023,90.07595685000386,23.55945748442499,20,45.730065990546926,46.6619643296899,2.5356905710655995,38.14100761999998,48.333543260000056,0.1551804822343298,6.719921312396802,0.10180857113224358
Y2023_LAT23.55964_LON90.08574,2023,90.08574278524303,23.559641352957325,20,47.58884156934132,47.56107073999999,0.9164809325095414,43.13131682000005,48.81890210000006,0.08537856491453807,6.906652424188484,0.060107009095773045
Y2023_LAT23.56055_LON90.13467,2023,90.1346739410854,23.560551477377906,20,32.407237734545895,29.814280069935887,5.199663322123272,28.826903119999997,47.99857730000002,-0.13469469286906774,5.508129813084993,0.3829640539155165
Y2023_LAT23.56073_LON90.14446,2023,90.14446046595044,23.560731658431777,20,32.314687005828596,30.34226460758622,3.3769266750408407,28.861083320000034,44.19432103999998,0.035575458181067075,6.134898281874251,1.0
Y2023_LAT23.56091_LON90.15425,2023,90.15424708780246,23.56091122487003,20,34.86786602756735,34.82851898750002,0.8299504941586962,32.856748700000026,39.09121718000003,0.5828019454956389,6.530600144000661,1.0
Y2023_LAT23.56109_LON90.16403,2023,90.16403380648616,23.56109017648935,20,34.938279016543916,34.920222910454555,0.6969374841063193,32.86016672000005,37.163453900000036,0.5722353014751392,7.256698855053414,1.0
Y2023_LAT23.56127_LON90.17382,2023,90.1738206215853,23.561268513405874,20,33.971841974353126,33.88826009840573,0.8462473228125791,31.674113780000027,36.661004960000014,0.6022354360840931,7.530102494599978,1.0
Y2023_LAT23.56145_LON90.18361,2023,90.18360753279721,23.561446235584405,20,33.469104177531186,33.38098751750002,0.6511957175781982,31.889449040000045,35.32968617000003,0.6423721998312633,7.256798743408069,0.7319472075656632
Y2023_LAT23.56162_LON90.19339,2023,90.193394539743,23.561623342994867,20,32.521975320226694,32.389991805154565,0.7922706342212362,31.098177410000005,36.1893182,0.6486539344870746,7.59690296465828,0.6137061977577558
Y2023_LAT23.5618_LON90.20318,2023,90.20318164221113,23.561799835632396,20,32.325511602415126,32.05384215591256,0.8737534938706115,30.867461059999982,34.15559630000001,0.6286612456804617,7.482830508474591,0.21161440269144766
Y2023_LAT23.56811_LON90.05618,2023,90.0561841032653,23.56810872663883,20,29.095094585138796,28.88985727526442,0.8264440320086078,28.372306460000004,35.17758428000002,-0.25270191978849166,5.9030327017266115,0.07210173360918887
Y2023_LAT23.56829_LON90.06597,2023,90.0659705057738,23.56829390346477,20,29.842072652211026,29.278361925573783,1.6071057425684916,28.372306460000004,36.56188238000004,-0.21194390445809927,5.681057094310365,0.43596520563412666
Y2023_LAT23.56848_LON90.07576,2023,90.07575700812465,23.56847846549364,20,42.43423892489166,46.30935873838712,6.769585119208219,28.95678787999998,50.03913524000001,0.07221395245952127,6.7680624750796445,0.8864971204758622
Y2023_LAT23.56866_LON90.08554,2023,90.08554360972573,23.56866241285735,20,41.66463611374089,40.77818684413795,3.5300833804115506,36.315784940000015,48.90435260000004,0.23878802195018403,6.5726329126261,0.9518802250775172
Y2023_LAT23.56885_LON90.09533,2023,90.09533031066343,23.568845745324147,20,36.54425673824484,37.66134548000002,3.5607537683151738,29.00293115000005,42.155472110000034,0.267535569140084,5.832925731214966,0.6182858456377526
Y2023_LAT23.56903_LON90.10512,2023,90.10511711033375,23.569028462994325,20,28.606966699136894,28.515505600232583,0.47018413873682535,27.958726039999988,32.87554781000003,-0.24327329691910432,7.2167785498370804,0.6407173579495433
Y2023_LAT23.56921_LON90.1149,2023,90.11490400835534,23.56921056583318,20,28.204646047579978,28.190904284143155,0.3281765152045974,27.651104239999995,29.16186908000003,-0.2457706796451454,6.801093201049549,0.886297428326746
Y2023_LAT23.56939_LON90.12469,2023,90.12469100463397,23.56939205383484,20,36.09363856450488,34.59891349400002,6.953320718364403,28.341544279999994,50.24763446000003,-0.053382899133186786,6.254887435615481,0.9306195872290923
Y2023_LAT23.56957_LON90.13448,2023,90.1344780985673,23.56957292699432,20,46.50352423879985,46.47148192000004,1.7134403628581505,37.47449372,50.11774969999999,0.13871831040259996,6.412121828665267,0.9785440531296886
Y2023_LAT23.56975_LON90.14427,2023,90.1442652900807,23.56975318514655,20,35.49469015297932,35.31283179551726,3.9865014694958782,29.42163860000005,47.16458041999999,0.249483694144727,6.487699942117376,1.0
Y2023_LAT23.56993_LON90.15405,2023,90.15405257867346,23.569932828379407,20,35.832996301258156,35.63762840937501,0.9104655122794209,33.92146193000002,38.78359538000001,0.5817283832576862,6.283599157175475,1.0
Y2023_LAT23.57011_LON90.16384,2023,90.16383996414751,23.570111856688687,20,34.694533070663454,34.70258631312501,0.8122583703485808,32.83282256000001,37.178834989999984,0.5973274543166316,7.218199080234209,1.0
Y2023_LAT23.57029_LON90.17363,2023,90.1736274458886,23.570290270004396,20,33.5963559525561,33.6726067693182,0.8623594780692714,31.082796320000057,35.98423700000001,0.6203365215785199,8.047202575070944,1.0
Y2023_LAT23.57047_LON90.18342,2023,90.18341502396615,23.570468068336094,20,33.36296084222471,33.42129167000001,0.7689827730622387,31.448524460000044,36.04917938000003,0.6302077172378578,7.393600463059366,1.0
Y2023_LAT23.57065_LON90.1932,2023,90.19320269775938,23.57064525159108,20,33.65605089701376,33.639977930000015,0.8307344507150983,31.24686128000002,35.96885591000003,0.6125080194079764,6.962898779880916,1.0
Y2023_LAT23.57082_LON90.20299,2023,90.2029904670772,23.570821819783017,20,33.07826878044469,33.2654627864407,0.9175614337160921,30.867461059999982,35.797954910000044,0.5884956641313485,6.680661588142755,0.869721771130019
Y2023_LAT23.57694_LON90.0462,2023,90.04619585909796,23.576943666385603,20,38.38383214595948,39.79020227000001,4.763395210035912,29.83180100000004,43.81321181000004,0.09938023536645237,5.963820789917357,0.13053062225813936
Y2023_LAT23.57713_LON90.05598,2023,90.05598282827117,23.577129537391478,20,35.305550220085365,35.7857476957143,4.284767630200295,28.744870640000045,44.242173320000035,0.24362528213540857,6.405010740015595,0.9416774664728672
Y2023_LAT23.57731_LON90.06577,2023,90.065769897539,23.577314793497933,20,29.095373135700726,28.984404322949175,0.35802400070018475,28.49193716000002,33.806958260000016,-0.2946055200248308,5.943899933999931,1.0
Y2023_LAT23.5775_LON90.07556,2023,90.07555706663567,23.577499434562377,20,43.35067849822275,46.18456739292686,6.098034559758505,29.13110690000002,50.958582620000016,0.05655061685952302,6.107100126000144,1.0
Y2023_LAT23.57768_LON90.08534,2023,90.08534433523448,23.5776834605988,20,36.05631415233269,36.45500352384617,5.357346175009447,28.929443719999995,45.879404900000054,0.030189858379571076,6.009600045176695,1.0
Y2023_LAT23.57787_LON90.09513,2023,90.0951317028898,23.57786687159305,20,29.467884736438254,28.904358367790724,2.1448313440717057,27.975816140000006,38.609276360000024,-0.2111735257771711,6.309600364235732,1.0
Y2023_LAT23.57805_LON90.10492,2023,90.10491916941976,23.578049667496614,20,28.337569602618597,28.402534574375014,0.33166784463049115,27.85618543999999,29.237065520000016,-0.26547159188679015,6.715500841765711,1.0
Y2023_LAT23.57823_LON90.11471,2023,90.11470673447899,23.57823184828701,20,28.616483788070287,28.61185535700936,0.5779909227878838,27.693829490000013,33.07550198000001,-0.2603788678950015,6.648903053661447,1.0
Y2023_LAT23.57841_LON90.12449,2023,90.12449439763861,23.578413414009635,20,36.40121241056054,32.32763920400003,7.220038314126231,28.652584100000013,48.01908542000001,-0.06391746367768511,6.309600364235733,1.0
Y2023_LAT23.57859_LON90.13428,2023,90.13428215864754,23.57859436451453,20,39.61686242943686,42.570191869999995,7.205528745531321,29.26440968000003,49.075253599999996,0.03607161437450014,5.918798727998518,1.0
Y2023_LAT23.57877_LON90.14407,2023,90.14407001710569,23.578774699885162,20,35.625983489671235,35.65457796578949,2.2558938152923416,29.595957620000036,43.74997844000001,0.38814327895199935,6.469297502576488,1.0
Y2023_LAT23.57895_LON90.15386,2023,90.15385797276721,23.57895442004642,20,35.39768181456136,35.357258198000025,0.7954158647681119,32.45684036,38.30849060000003,0.595828855810546,6.3912992838815255,1.0
Y2023_LAT23.57913_LON90.16365,2023,90.16364602520018,23.579133524951896,20,34.73772927209803,34.705190343448294,0.672148579915958,32.26201322000003,36.457632770000004,0.6286421152109308,6.966301136824883,1.0
Y2023_LAT23.57931_LON90.17343,2023,90.17343417417264,23.57931201463274,20,34.08254933823608,34.17456390394367,0.8069923472477569,31.185336920000054,35.871442340000044,0.6348846084290294,6.352004009430646,1.0
Y2023_LAT23.57949_LON90.18322,2023,90.18322241933929,23.579489889063357,20,34.11839251796151,34.23354920774196,0.7641810307352482,31.22122613000002,36.05943344000002,0.6183770619610517,6.372801615060746,1.0
Y2023_LAT23.57967_LON90.19301,2023,90.19301076029917,23.579667148169737,20,33.92815487140849,34.11056027591552,0.9200446240977737,31.011017900000013,36.01158115999999,0.5925865107030843,6.74220087317751,1.0
Y2023_LAT23.57984_LON90.2028,2023,90.20279919675204,23.579843791963405,20,33.53945467617133,33.51576924846155,0.9248237619502562,31.219517119999978,37.32068282,0.5679592582884918,6.390570847871797,0.9147433164849919
Y2023_LAT23.58002_LON90.21259,2023,90.21258772841915,23.580019820434256,20,32.898031815456704,32.911437019999994,0.4221702261018166,31.790326460000017,33.57453290000001,0.6168672909930515,6.624042427813789,0.006008100491410941
Y2023_LAT23.58596_LON90.04599,2023,90.04599381691534,23.58596438550922,20,38.894619867907785,38.985258560000034,1.0453548591029063,37.57874333000004,40.75066588999999,0.392387301201502,6.0,0.005143016929834805
Y2023_LAT23.58615_LON90.05578,2023,90.05578145311696,23.586150336100093,20,36.565579442645216,37.20726981723628,6.116018932837423,28.307364080000013,48.68730833000001,0.0833850836644813,6.451318988434704,0.6371780069275793
Y2023_LAT23.58634_LON90.06557,2023,90.06556918952256,23.586335671448463,20,29.758612688369645,28.94374918309212,3.1675341883800945,27.910873760000015,46.592062070000026,-0.2682616330179544,6.5948004461197405,1.0
Y2023_LAT23.58652_LON90.07536,2023,90.07535702573853,23.58652039155245,20,32.46857285732819,29.174477776000018,5.76606547156628,28.054430600000046,46.99880645000002,-0.18651110179761685,6.797001397653639,1.0
Y2023_LAT23.5867_LON90.08514,2023,90.08514496146475,23.586704496283456,20,29.771430269401478,28.839654963846176,2.2346533689211547,27.83909534000003,41.76069080000002,-0.23292520015081,6.166599607527562,1.0
Y2023_LAT23.58689_LON90.09493,2023,90.0949329963622,23.586887985781267,20,28.528950859638492,28.594500808380854,0.510791474173616,27.77073494000004,37.305301730000025,-0.2580776332034897,6.555002611776991,1.0
Y2023_LAT23.58707_LON90.10472,2023,90.10472113013071,23.58707085993436,20,34.131382809727555,30.060808340000015,6.242278074819775,28.55175251000003,46.586935040000014,-0.08430877192718185,6.003900018353023,1.0
Y2023_LAT23.58725_LON90.11451,2023,90.11450936239324,23.587253118705235,20,36.1720635999763,35.434745311052666,5.0448737232392835,29.093508680000014,46.22633393000001,0.04855558535105546,6.20479861081699,1.0
Y2023_LAT23.58743_LON90.1243,2023,90.12429769287054,23.587434762095437,20,34.12647661099656,34.22224769000001,3.116727100865713,29.435310680000015,43.79099468000001,0.24411637730389948,5.7348940465602105,1.0
Y2023_LAT23.58762_LON90.13409,2023,90.13408612110976,23.58761579005396,20,34.870700172611485,34.96874325800002,1.4240857893367125,29.26440968000003,37.93079939000003,0.49395245117746206,6.457597447517396,1.0
Y2023_LAT23.5878_LON90.14387,2023,90.14387464704231,23.58779620262227,20,35.50438584059387,35.388548709115064,0.7107845155016294,34.030838570000014,38.64003853999998,0.5753543185953157,7.161400759532979,1.0
Y2023_LAT23.58798_LON90.15366,2023,90.15366326991588,23.58797599966816,20,34.907716435777054,34.91482399250001,0.5373125793958662,32.480766500000016,36.45592376000002,0.6203493509088345,6.7371987632882915,1.0
Y2023_LAT23.58816_LON90.16345,2023,90.16345198990635,23.58815518125924,20,34.644230495195025,34.613873904615396,1.0173891822529284,32.067186080000056,36.94470062000005,0.6415194921368953,6.136200640944186,1.0
Y2023_LAT23.58833_LON90.17324,2023,90.17324080625525,23.588333747325716,20,34.2669018885584,34.17178692105265,0.896524792914314,31.03152602,38.182023860000015,0.6137156684984585,5.868800559061452,1.0
Y2023_LAT23.58851_LON90.18303,2023,90.183029718879,23.58851169786459,20,34.04866525878689,34.10888336000002,0.9733200570433441,31.072542259999977,36.33629306,0.6027976544461745,5.395299507291792,1.0
Y2023_LAT23.58869_LON90.19282,2023,90.19281872730237,23.588689032843238,20,34.0749561650416,34.07642281803741,0.9435543410367571,31.80058052000004,36.756709520000015,0.5761472087581136,5.651698360933458,1.0
Y2023_LAT23.58887_LON90.20261,2023,90.20260783126669,23.588865752282388,20,34.57008607241551,34.63912405785716,0.8522075177503199,32.238087080000014,36.98913488000005,0.5758616810257807,5.615797015515366,1.0
Y2023_LAT23.58904_LON90.2124,2023,90.21239703050647,23.589041856029944,20,34.47171977429116,34.40064027764009,1.0293556699245605,31.37332802000003,37.11731063000002,0.6009788713318546,6.763848667880198,0.3522228860361078
Y2023_LAT23.5948_LON90.036,2023,90.03600347111704,23.59479844691392,20,39.174958670000024,39.174958670000024,0.0,39.174958670000024,39.174958670000024,0.47637635469436646,6.0,6.711480517278528e-05
Y2023_LAT23.59499_LON90.04579,2023,90.04579167419091,23.59498509252726,20,38.095194448318594,38.40468344857145,1.9254990040549547,31.966354490000043,41.83417823000002,0.393665529088677,6.48751101506441,0.688240050828857
Y2023_LAT23.59517_LON90.05558,2023,90.05557997778936,23.59517112263364,20,36.91912315840673,37.532018996600016,3.3231240613219333,28.21507754000004,43.90037131999998,0.2754158504761171,6.631400618355853,1.0
Y2023_LAT23.59536_LON90.06537,2023,90.06536838164709,23.595356537252762,20,29.225279899732907,28.653456284413814,1.8077842658775727,28.122791000000007,40.23625387999999,-0.26835698132099306,6.859299834470393,1.0
Y2023_LAT23.59554_LON90.07516,2023,90.07515688533432,23.59554133638684,20,28.311173081735976,28.30957574000001,0.2835402021929628,27.309302240000022,29.271245720000024,-0.31005132978831174,7.104700123176612,1.0
Y2023_LAT23.59573_LON90.08495,2023,90.08494548853858,23.595725519964397,20,28.71854362118881,28.65210437789476,0.5035863918397319,27.815169200000014,29.59253960000001,-0.2698778254289687,6.715701015063608,1.0
Y2023_LAT23.59591_LON90.09473,2023,90.09473419102342,23.595909087928014,20,33.03771072407749,29.68040282000002,5.310171023951723,28.18089734,47.771278970000026,-0.11118932233564346,6.278400327529794,1.0
Y2023_LAT23.59609_LON90.10452,2023,90.10452299225352,23.596092040304715,20,36.5881114156949,35.56450414400001,4.504028673259947,30.30177875000004,47.26370300000002,0.37639676782471343,6.012300014470602,1.0
Y2023_LAT23.59627_LON90.11431,2023,90.11431189212549,23.596274377093007,20,35.437395817716585,35.470866672285716,0.897049496317107,30.337667960000005,38.640038540000035,0.581784279473097,6.432997331752157,1.0
Y2023_LAT23.59646_LON90.1241,2023,90.12410089023778,23.596456098183445,20,34.74238557384036,34.76189608100002,1.1371342613094941,31.824506659999997,38.787013400000035,0.5995384622334929,6.916998725880849,1.0
Y2023_LAT23.59664_LON90.13389,2023,90.13388998618139,23.596637203605646,20,35.086029006133295,34.95488713076925,0.85795556064534,32.85333068,38.29652752999999,0.5994153301582594,6.863799839764512,1.0
Y2023_LAT23.59682_LON90.14368,2023,90.1436791796325,23.596817693356176,20,34.70261524629784,34.63249554050002,0.5569339800931528,33.54377072,36.85583210000004,0.6183266374723332,7.289801363771131,1.0
Y2023_LAT23.597_LON90.15347,2023,90.1534684703842,23.59699756729302,20,34.83867141909019,34.8580615558182,0.8411238853587268,32.09794826000001,37.17712598000003,0.6084769880115929,6.8424998147056595,1.0
Y2023_LAT23.59718_LON90.16326,2023,90.16325785798442,23.597176825579254,20,34.74422369467125,34.829429922075484,0.9368742284492242,31.875776960000053,36.937864579999996,0.6168895967417963,6.830700977295267,1.0
Y2023_LAT23.59736_LON90.17305,2023,90.1730473421215,23.597355468053422,20,33.48831061549451,33.67113693894738,0.7915060273794186,30.88455116,35.13827705,0.6517794534948789,6.51480242259964,1.0
Y2023_LAT23.59753_LON90.18284,2023,90.18283692257297,23.597533494740503,20,33.836614291023835,33.88829986361704,0.7814511887697984,31.650187640000013,36.40123544000002,0.6327353849412657,5.436899337528629,1.0
Y2023_LAT23.59771_LON90.19263,2023,90.19262659872543,23.597710905631754,20,34.14752154396755,34.14442200384618,0.7871196893650461,32.195361830000024,36.29869484000005,0.6215347733003878,5.250899118704846,1.0
Y2023_LAT23.59789_LON90.20242,2023,90.20241637070119,23.597887700577804,20,34.31094842866165,34.23482712426231,1.1032398831513877,32.03813291,37.33435490000002,0.5932549627132354,5.803199073877995,1.0
Y2023_LAT23.59806_LON90.21221,2023,90.2122062376602,23.598063879734603,20,36.06879628083083,36.33069130500001,0.978722017229519,31.37332802000003,38.08290127999999,0.5975905164755849,5.637467093058181,0.9996997315246572
Y2023_LAT23.59824_LON90.222,2023,90.22199619966455,23.598239442940674,20,36.225332142941596,36.14009871200002,0.806534373049537,33.74543390000002,37.896619190000024,0.6050280238732865,6.186986001344956,0.5859766458190233
Y2023_LAT23.60382_LON90.0358,2023,90.03580056023165,23.603819061985668,20,43.533066648002325,44.41294336773038,2.257335975636104,38.13246257,46.35450968000001,0.29442399051103235,6.971656635506039,0.08395269664934614
Y2023_LAT23.60401_LON90.04559,2023,90.04558943091567,23.604005787425084,20,41.86806775721612,41.222886715625016,2.536979891504357,37.44031352000002,48.051556610000034,0.3446410704546951,7.245601465413506,1.0
Y2023_LAT23.60419_LON90.05538,2023,90.05537840228902,23.60419189714959,20,42.93333700616259,42.922573455714314,3.198659457087411,35.645853020000004,48.051556610000034,0.2566309080664967,6.5452049186114,1.0
Y2023_LAT23.60438_LON90.06517,2023,90.06516747388737,23.604377391111335,20,30.97671977817136,29.053095113551656,4.222210469416649,27.975816140000006,47.08938397999998,-0.17338764380582883,6.431901684590229,1.0
Y2023_LAT23.60456_LON90.07496,2023,90.07495664535803,23.604562269246284,20,28.88181619719599,28.859960256285735,0.5541070856119868,27.780988999999977,34.81869218000003,-0.2559038037947881,6.931501095883635,1.0
Y2023_LAT23.60475_LON90.08475,2023,90.08474591641308,23.60474653158036,20,33.66441916437171,31.49808575000003,4.518340443753812,28.55346152000004,43.373996240000025,0.0093958919444096,6.8406992503494335,1.0
Y2023_LAT23.60493_LON90.09454,2023,90.09453528668544,23.604930178071733,20,35.48324354711604,35.28407145979383,1.508020912452022,29.881362290000027,41.69062139000002,0.5190949810154577,6.6838984516452475,1.0
Y2023_LAT23.60511_LON90.10432,2023,90.1043247559147,23.605113208680958,20,35.19365892527542,35.23664448604653,0.9261150901468079,32.005661720000006,37.77869750000002,0.6009290809810515,6.680799624470162,1.0
Y2023_LAT23.6053_LON90.11411,2023,90.11411432372446,23.60529562340362,20,35.21927285775104,35.3263667467308,0.8474317733976054,32.774716220000016,37.520636990000014,0.6030609724237505,6.129095901627782,1.0
Y2023_LAT23.60548_LON90.1239,2023,90.12390398965758,23.605477422241357,20,36.00776691662373,35.91956578404752,0.6922497346587021,34.073563820000004,38.61269437999999,0.57197070412638,6.640899577528922,1.0
Y2023_LAT23.60566_LON90.13369,2023,90.13369375359669,23.605658605116787,20,35.38568562390858,35.24252666000002,0.7388185380965601,33.76594202000001,37.51550996000003,0.5932387691404883,7.043701227883816,1.0
Y2023_LAT23.60584_LON90.14348,2023,90.14348361519569,23.605839172024595,20,34.88554120285712,34.73281442750002,1.01594077900472,32.26201322000003,38.28114644000004,0.604502203565218,7.476402241892926,1.0
Y2023_LAT23.60602_LON90.15327,2023,90.15327357382665,23.606019123018413,20,34.34926209395722,34.32368964071431,0.8055386202957214,31.74076517000003,38.31874465999999,0.6112330400414332,7.511899425764027,1.0
Y2023_LAT23.6062_LON90.16306,2023,90.16306362953624,23.606198457881845,20,34.7395705294686,34.72075276076925,1.1863072995939008,30.804227690000005,39.27579026000001,0.581694729772939,7.152700179647279,1.0
Y2023_LAT23.60638_LON90.17285,2023,90.17285378180443,23.60637717677695,20,35.17679985278229,34.83195735285717,1.364603553837533,32.45342234000003,39.99015644000002,0.5002000887641307,6.5087000409413855,1.0
Y2023_LAT23.60656_LON90.18264,2023,90.18264403032298,23.606555279582388,20,34.35100229443171,34.39307596617023,0.708728795696337,32.039841920000015,36.25767860000002,0.5707009694810439,6.1173001380001715,1.0
Y2023_LAT23.60673_LON90.19243,2023,90.19243437472318,23.606732766304486,20,34.13122829997127,34.174680245000026,1.0110020522253806,31.568155160000003,36.32945702000001,0.6413036262894014,5.613500721765569,1.0
Y2023_LAT23.60691_LON90.20222,2023,90.2022248147192,23.606909636959887,20,34.189588101872324,34.20209142500001,0.7803834319059221,31.913375180000003,36.80114378000002,0.5828885448189065,5.941104428726742,1.0
Y2023_LAT23.60709_LON90.21202,2023,90.21201535005709,23.607085891444353,20,35.17435778193906,35.173125993043506,1.3294958744539302,30.588892430000016,37.75306235000005,0.5913875086458632,6.43910169306083,1.0
Y2023_LAT23.60726_LON90.22181,2023,90.22180598019388,23.607261529761217,20,36.15143352888883,36.03835415676281,1.3293815776968096,31.616007440000033,39.149323520000024,0.605242738977765,6.653697674043734,0.8931326008011549
Y2023_LAT23.61081_LON90.42743,2023,90.4274305541086,23.610807560186927,20,37.127555804908475,37.59184574,2.6765731551925716,33.314763380000045,41.38129058000004,0.1942081649885786,7.04266070647685,0.07319224299497504
Y2023_LAT23.61097_LON90.43722,2023,90.43722318872717,23.610969637114824,20,33.87598498306762,33.345525560000056,1.4425670886542332,32.277394310000005,38.07777425000003,0.1246755380966108,7.396505376344083,0.03434134702442464
Y2023_LAT23.61284_LON90.0356,2023,90.03559754830985,23.612839664946023,20,46.553344217007265,46.03321580000002,1.0257641032403448,45.376955960000004,48.12162602000001,0.15431139958819107,7.506570126039153,0.01320532887607739
Y2023_LAT23.61303_LON90.04539,2023,90.04538708714924,23.613026470206158,20,41.65992379024089,45.81153278857145,6.993110805684078,29.42847463999999,49.010311220000006,0.06697941859310902,6.215168371988189,0.4491916149259223
Y2023_LAT23.61321_LON90.05518,2023,90.05517672655843,23.61321265948055,20,33.89505820442714,30.816259120400023,5.59771998275523,28.80981301999998,47.51663648000002,-0.06949341446360713,5.897300693179727,1.0
Y2023_LAT23.6134_LON90.06497,2023,90.06496646621665,23.61339823274285,20,29.279544406001357,29.08978878358975,0.9247361221027123,28.25267575999999,36.496939999999995,-0.22874836673742993,6.166903138367691,1.0
Y2023_LAT23.61358_LON90.07476,2023,90.0747563058962,23.61358318994972,20,33.382914149836346,34.53115124750002,3.63205646661251,28.078356740000004,40.34392151,0.14880684707708064,6.414499597645172,1.0
Y2023_LAT23.61377_LON90.08455,2023,90.08454624501395,23.61376753104904,20,35.809458601982016,35.394872694285745,1.4712598927351763,33.83088440000006,40.63787123000003,0.5396525373951002,7.130800615532314,1.0
Y2023_LAT23.61395_LON90.09434,2023,90.09433628353942,23.61395125610378,20,35.0615849276744,35.0476001589535,0.732413709213018,32.361135800000056,37.37195312000003,0.600073822119832,6.810596755749425,1.0
Y2023_LAT23.61413_LON90.10413,2023,90.10412642097,23.614134364971328,20,35.046885174913285,35.11492058000002,1.0166915148789344,31.766400320000002,37.73597225000003,0.604477307372734,7.08730041082545,1.0
Y2023_LAT23.61432_LON90.11392,2023,90.11391665697448,23.614316857740192,20,36.21546866116257,35.721120668750025,1.5933882857295554,33.68390954000006,42.40498757,0.5656392467177105,7.617801730831655,1.0
Y2023_LAT23.6145_LON90.12371,2023,90.12370699129812,23.61449873431452,20,37.0163705877255,36.969683647763176,1.2838512065834529,34.613610980000004,43.00485008000001,0.5260194764696136,7.574400350119285,1.0
Y2023_LAT23.61468_LON90.1335,2023,90.13349742343316,23.61467999466885,20,35.81455854304072,35.702610141578965,0.7947102160854016,33.75739697000003,38.00770484000003,0.5882927234663928,6.902901896008905,1.0
Y2023_LAT23.61486_LON90.14329,2023,90.14328795335798,23.61486063877238,20,35.13659914613891,34.86104358406253,1.005954007450033,33.24298496,39.13052441000002,0.6094255949018484,7.083898041873133,1.0
Y2023_LAT23.61504_LON90.15308,2023,90.15307858043687,23.615040666645115,20,33.603503005691266,33.828282043863645,0.9987419870088337,30.99734582000002,35.85777026000005,0.6377302865540311,7.777896601866333,1.0
Y2023_LAT23.61522_LON90.16287,2023,90.16286930451557,23.615220078290914,20,33.050781225024,33.20116762156252,1.0398206799981242,30.804227690000005,35.772319760000016,0.6334509118599794,7.196998574110929,1.0
Y2023_LAT23.6154_LON90.17266,2023,90.17266012520611,23.61539887357998,20,34.62935077680224,34.58187222285715,0.8336102822660297,32.12700143000001,37.01306102000004,0.6068362901111773,6.856299323761509,1.0
Y2023_LAT23.61558_LON90.18245,2023,90.18245104215279,23.615577052584186,20,34.47257605951139,34.51557765912089,0.7108993960899803,31.322057720000032,36.10557671000001,0.609213222445584,6.704000960004508,1.0
Y2023_LAT23.61575_LON90.19224,2023,90.1922420550847,23.615754615174378,20,33.811274075432216,33.955189745000006,0.9166606498303468,31.253697320000015,36.838742000000025,0.6231696554091143,6.119202913896056,1.0
Y2023_LAT23.61593_LON90.20203,2023,90.2020331635949,23.615931561389,20,34.4716943027108,34.5147513246154,1.0386312290183524,31.53739298000005,37.15661785999998,0.6355536177482173,5.0481978738723345,1.0
Y2023_LAT23.61611_LON90.21182,2023,90.21182436738655,23.616107891202397,20,34.51203476078581,34.57900352750003,1.0211688443843678,32.30644748000003,37.327518860000055,0.6487481293699991,6.009702398599509,1.0
Y2023_LAT23.61628_LON90.22162,2023,90.22161566619138,23.616283604691276,20,34.03671711309576,34.078975685000024,1.3527151776124253,31.00076383999999,37.85047592000001,0.6465247880983915,7.626346685698998,0.9937726300708203
Y2023_LAT23.61646_LON90.23141,2023,90.23140705959227,23.616458701651823,20,35.087092954413734,35.04029380999999,0.7744955341897897,33.56598785000003,37.17028994000003,0.647750358383683,7.418552278820364,0.3711120517802162
Y2023_LAT23.61967_LON90.41746,2023,90.41746107053739,23.61966838825803,20,38.20017451850331,38.07948326000002,0.6582534230899098,37.24548637999999,39.71329681999998,0.4537062052998727,6.98716265499635,0.024342866883047647
Y2023_LAT23.61983_LON90.42725,2023,90.4272542864896,23.619831151377753,20,38.49119057906231,38.48111674311308,0.7782630847747206,36.44054267000004,40.656670340000005,0.4489235480651014,7.06137905316619,0.8086705845608136
Y2023_LAT23.61999_LON90.43705,2023,90.4370475903296,23.619993297595872,20,38.07145173455836,38.47210317500002,1.6285448445194588,32.22954203000003,40.50285944000001,0.34367339735684854,7.699475827635403,0.9039882306310648
Y2023_LAT23.62015_LON90.44684,2023,90.44684098128893,23.620154826879592,20,37.124344257318086,37.910291270000016,2.565619612915468,31.968063500000028,40.82415332000005,0.18274183220427756,7.251008670272133,0.2093028269986094
Y2023_LAT23.62205_LON90.04518,2023,90.04518464271203,23.622047140918905,20,29.687926247239467,29.007747450909104,1.1365952168709557,28.637203010000007,34.6682993,-0.2318383354287438,5.38007313348871,0.534644318804358
Y2023_LAT23.62223_LON90.05497,2023,90.05497495053406,23.622233409833044,20,29.00295322046009,28.88917121583335,0.3866370086661704,28.666256180000033,34.21370264000001,-0.23728438278711025,5.975399884234751,1.0
Y2023_LAT23.62242_LON90.06477,2023,90.06476535865332,23.622419062320585,20,33.645304876795194,34.91069388500002,3.8064387424619843,28.779050840000025,42.32466410000001,0.1634831067683517,6.302100355412183,1.0
Y2023_LAT23.6226_LON90.07456,2023,90.07455586674224,23.622604098558412,20,36.171256146668156,35.96896797622953,1.546657384407172,32.51836472000002,42.33150014,0.558443541113395,6.422799320940375,1.0
Y2023_LAT23.62279_LON90.08435,2023,90.08434647443278,23.622788518511836,20,35.389851740019694,35.232208109056614,0.9468365955109633,33.37628774000001,38.16151574000003,0.5741747905885254,7.003000014117722,1.0
Y2023_LAT23.62297_LON90.09414,2023,90.09413718140415,23.622972322092547,20,35.929115095610534,35.765763376181845,0.9104985635881468,34.06330976000004,38.91348014000005,0.5795446409323897,6.939699929058737,1.0
Y2023_LAT23.62316_LON90.10393,2023,90.10392798739593,23.62315550928535,20,35.41434724518272,35.35221719979594,0.7020050362436289,33.91291688000001,37.75135334000004,0.6218988281242264,7.303600357176892,1.0
Y2023_LAT23.62334_LON90.11372,2023,90.11371889198318,23.623338079937007,20,36.75643691754805,36.61130125250002,1.272483009309136,34.39998473,41.482122170000025,0.5801631381608382,7.278898959524515,1.0
Y2023_LAT23.62352_LON90.12351,2023,90.12350989493636,23.623520034224157,20,36.42377080814239,36.26325958578127,0.9782890795746311,34.200030560000016,42.03242339000002,0.5628591746874205,7.624999558823011,1.0
Y2023_LAT23.6237_LON90.1333,2023,90.13330099572634,23.623701372131254,20,34.86751045993825,34.98510954200002,0.9526617009318967,32.152636580000035,37.61805056000003,0.6237804211390096,7.536100630706628,1.0
Y2023_LAT23.62388_LON90.14309,2023,90.14309219432819,23.623882093479704,20,33.905126321253576,33.98436977428574,0.642688116594617,32.17314470000002,36.343129100000056,0.6340811508001452,7.763898888935947,1.0
Y2023_LAT23.62406_LON90.15288,2023,90.15288349003131,23.624062198306426,20,33.314056542685506,33.389182997272755,0.9352935666549613,31.369910000000004,35.45102588000003,0.6457355361342125,8.391599284234452,1.0
Y2023_LAT23.62424_LON90.16267,2023,90.16267488295445,23.62424168658617,20,32.43985602773745,32.29491166250002,0.8787905254315072,31.02810800000003,35.211764480000056,0.6484546778907283,7.65769959729364,1.0
Y2023_LAT23.62442_LON90.17247,2023,90.1724663722966,23.62442055832163,20,33.21919845079529,33.17596204608696,0.840472346194348,31.698039920000042,35.758647680000024,0.6324384401550553,7.367399375997074,1.0
Y2023_LAT23.6246_LON90.18226,2023,90.18225795806664,23.62459881340563,20,34.252624980389186,34.17415126571429,0.9410129502513491,31.26395137999998,36.53795624000003,0.6301546310355282,7.1347001584707685,1.0
Y2023_LAT23.62478_LON90.19205,2023,90.19204963976729,23.624776451971467,20,33.93326617648736,33.95387097418183,0.9496338456252122,31.229771180000057,36.035507300000006,0.6167849625520525,7.814102134237806,1.0
Y2023_LAT23.62495_LON90.20184,2023,90.2018414171403,23.624953473877497,20,34.497673900270776,34.332912362530294,1.1185241224729445,31.725384080000026,37.35486302000004,0.5936165755626762,7.15980545790804,1.0
Y2023_LAT23.62513_LON90.21163,2023,90.21163328989275,23.62512987910263,20,34.34371629368582,34.171943352173926,1.0116848067940694,32.30473847000002,37.474493720000055,0.6585256514235869,7.553401827531557,1.0
Y2023_LAT23.62531_LON90.22143,2023,90.22142525748927,23.62530566764233,20,34.787170571359376,34.67910024320002,1.0662083421015462,32.27226728000002,37.19421608000005,0.6611150666465321,7.126998972939968,1.0
Y2023_LAT23.62548_LON90.23122,2023,90.23121731985778,23.625480839488127,20,35.587745316979245,35.64478891943399,1.04233649670872,32.55596294000003,38.02137692000002,0.6626190656138007,7.453951239569825,0.9973979140887396
Y2023_LAT23.62566_LON90.24101,2023,90.24100947647247,23.62565539458282,20,36.27166402101016,36.311467960982704,0.8703989307266831,34.36580453000002,38.00428682000006,0.6298109595428658,7.322975788490552,0.10034387548391278
Y2023_LAT23.62853_LON90.40749,2023,90.40749024821635,23.62852844827597,20,38.076118026323215,38.40761318,0.6088945115668595,37.22156024000003,39.21768392000001,0.3973149655555719,7.9579935754880164,0.014345518930626114
Y2023_LAT23.62869_LON90.41728,2023,90.41728404575049,23.62869189815991,20,38.19687226508955,38.26790161250002,1.2249405408970355,33.902662820000046,40.56951083000004,0.34604976140503624,7.424016198969154,0.7046581344402169
Y2023_LAT23.62885_LON90.42708,2023,90.42707793130677,23.628854730892737,20,38.72065527042926,38.76781217000003,0.9185020923725881,35.662943119999994,41.63422406000001,0.3735926253496844,6.992199990823519,1.0
Y2023_LAT23.62902_LON90.43687,2023,90.43687190455779,23.629016946425544,20,38.73816213461473,38.89367315230772,1.3571082429464059,34.177813430000015,41.56928168000002,0.2958391357698216,6.584198043284916,1.0
Y2023_LAT23.62918_LON90.44667,2023,90.44666596515947,23.629178544765832,20,36.30002801849804,37.283034335000025,3.190382924286719,31.479286640000055,42.80660492000004,0.2058894167947729,7.077658529928008,0.9400241613895292
Y2023_LAT23.62934_LON90.45646,2023,90.45646011268121,23.629339525812657,20,34.41249231932556,33.16912600608697,2.8960908892422434,31.472450600000002,44.09348945000002,0.16399831880710694,7.047295710891352,0.38261610107369215
Y2023_LAT23.6295_LON90.46625,2023,90.4662543470598,23.629499889615214,20,33.937039841632256,33.89411777000001,0.9670447926985725,32.29619342000001,37.590706400000045,0.07410981037039299,7.0,0.07396824261497749
Y2023_LAT23.63032_LON90.00582,2023,90.00581920137908,23.630316240577596,20,37.919913591477645,37.71204611000002,0.5109946723300145,37.37195312,39.18179471000002,0.44625436076477404,8.0,0.021391854067112984
Y2023_LAT23.63051_LON90.01561,2023,90.01560977336864,23.63050505498827,20,33.39772197058904,32.27446457857145,3.8009237070345514,28.68163727000001,40.842952430000025,0.0723170269108848,6.617229442142914,0.3159640660582045
Y2023_LAT23.63069_LON90.0254,2023,90.02540044685855,23.630693252966037,20,29.070374313125317,29.046809981750012,0.5595234906123071,27.780988999999977,32.99517851000002,-0.26513781639666956,6.250968998825646,0.5285350898908279
Y2023_LAT23.63088_LON90.03519,2023,90.03519122181311,23.630880834439807,20,28.562837402934143,28.633493681477294,0.3727336067625364,27.55539968000005,29.613047720000054,-0.31959093289790336,6.140295404340094,0.5785511251763146
Y2023_LAT23.63107_LON90.04498,2023,90.04498209769812,23.631067799470767,20,28.719340404617352,28.779975051761127,0.9034245229152043,27.545145620000028,37.29162965000003,-0.24448089416936597,6.218973739428997,0.842457681594175
Y2023_LAT23.63125_LON90.05477,2023,90.05477307424252,23.631254147911996,20,33.76553468459739,35.46469796000002,4.115898302113117,28.532953399999997,42.59981471000003,0.17701166541768065,5.9590974545762645,1.0
Y2023_LAT23.63144_LON90.06456,2023,90.06456415107301,23.63143987984279,20,36.468060576203484,36.26438317769232,1.1908335456761696,34.743495740000014,41.81537912000002,0.556251321015486,6.609399540470058,1.0
Y2023_LAT23.63162_LON90.07436,2023,90.07435532800123,23.631624995172196,20,35.780379593341735,35.485469004615396,1.2494031041961529,34.22395670000003,41.47870415,0.5786056318787728,6.720699671411368,1.0
Y2023_LAT23.63181_LON90.08415,2023,90.08414660453354,23.631809493901137,20,34.85458650499057,34.772921253601794,0.4668813205683504,33.96076916000004,36.606316640000045,0.6135305622866982,7.00090000423533,1.0
Y2023_LAT23.63199_LON90.09394,2023,90.09393798034814,23.631993375974673,20,34.882660543790166,34.859730053038,0.6158925575807741,33.10113713000004,37.10876558000001,0.6168650873448096,7.248100291882711,1.0
Y2023_LAT23.63218_LON90.10373,2023,90.10372945516869,23.632176641414723,20,35.20326117010529,35.16746514184212,0.7090873864057278,33.348943580000025,37.58045234000002,0.6463952227185606,7.5151006060007255,1.0
Y2023_LAT23.63236_LON90.11352,2023,90.11352102872527,23.632359290226457,20,35.410674172565145,35.30369743172415,0.5836561889992097,34.29744413000003,38.10170039000002,0.6380371553611551,7.5400025411884535,1.0
Y2023_LAT23.63254_LON90.12331,2023,90.1233127005404,23.632541322280527,20,35.642162350255774,35.568662735000025,0.618880195285605,33.69758162000005,37.32410084000003,0.6212157907423217,7.521700613765448,1.0
Y2023_LAT23.63272_LON90.1331,2023,90.1331044703737,23.632722737589727,20,34.20378189766023,34.203204435714305,0.7833252738928833,32.14238252000004,36.148301960000026,0.6460760698447015,8.133800157411958,1.0
Y2023_LAT23.6329_LON90.1429,2023,90.14289633789178,23.632903536121397,20,34.188323378255674,34.01952374517242,1.0149489284764626,32.420951150000036,37.64026769000003,0.6162897342935896,8.551102593423975,1.0
Y2023_LAT23.63308_LON90.15269,2023,90.15268830281009,23.633083717928397,20,35.57526653936861,35.464697960000024,1.2008901163357815,32.42266016000002,38.53066190000004,0.5161379490610166,8.446400525177093,1.0
Y2023_LAT23.63326_LON90.16248,2023,90.16248036461046,23.63326328294432,20,34.44506967119058,34.42933511913047,0.7563886405423079,32.55938096,36.36021920000002,0.6196152380469673,7.78810092717758,1.0
Y2023_LAT23.63344_LON90.17227,2023,90.17227252310705,23.633442231082565,20,33.85788308702939,33.82730275138301,0.7288879689449199,32.034714890000004,36.12437582000001,0.6641267156816555,7.4506021204806085,1.0
Y2023_LAT23.63362_LON90.18206,2023,90.18206477796052,23.63362056242173,20,34.388473026156994,34.17496508000002,0.8555890900030088,32.38164391999999,36.97546280000006,0.6315742130775319,7.641400754589127,1.0
Y2023_LAT23.6338_LON90.19186,2023,90.19185712892651,23.633798276907896,20,34.58423028287479,34.63390547375002,0.7054189074735264,32.67217562000002,36.36705524000001,0.5793259765268466,8.600900706942012,1.0
Y2023_LAT23.63398_LON90.20165,2023,90.20164957542866,23.633975374415314,20,34.53136171608797,34.51820107689658,0.8960553778892242,32.60210620999999,36.99938894000002,0.6334979149598544,7.90219953976254,1.0
Y2023_LAT23.63415_LON90.21144,2023,90.21144211727994,23.634151855080056,20,34.83594868549429,34.67064918875001,0.9119892762242521,32.38164391999999,37.54969016000001,0.6498300927511628,7.729399681646697,1.0
Y2023_LAT23.63433_LON90.22123,2023,90.2212347542373,23.63432771869168,20,33.785223415199994,33.96311904875001,0.7708795326403464,31.980026570000007,35.60141876,0.5994331604462936,7.565500665294901,1.0
Y2023_LAT23.6345_LON90.23103,2023,90.2310274857601,23.63450296536963,20,34.63517459155367,34.60836187785717,1.298498866478605,31.058870179999985,38.81435756000002,0.6254163938646629,7.52620247624697,1.0
Y2023_LAT23.63468_LON90.24082,2023,90.24082031171682,23.6346775950961,20,33.95386852159093,34.05367524764882,1.5039930078598087,31.120394540000007,37.49158382000002,0.6321652578023841,7.594623830148757,0.8241988695018186
Y2023_LAT23.63485_LON90.25061,2023,90.25061323168539,23.63485160776511,20,34.38090877130474,34.239337790000036,1.0092180234944248,32.588434130000024,36.319202959999984,0.5862983301209519,7.815165137853073,0.13802787601414634
Y2023_LAT23.63639_LON90.33875,2023,90.33875368702479,23.636389951974817,20,35.32901743780556,35.26132577000001,0.3863833218048909,34.98788417000003,36.343129100000056,0.5819506395479284,7.984961308220179,0.024368548952355226
Y2023_LAT23.63656_LON90.34855,2023,90.34854752886153,23.63655779316477,20,35.95348709380977,36.01158116000002,2.358996480584983,31.99540766000004,39.80216533999999,0.42274003521609793,7.397578436111686,0.15595954809318224
Y2023_LAT23.63673_LON90.35834,2023,90.35834146102766,23.636725017055053,20,34.28853169574567,34.34358740000005,0.3254872961124426,33.51471755000003,34.75716782000001,0.6350652628154252,8.0,0.006289553041779347
Y2023_LAT23.63739_LON90.39752,2023,90.39751808667401,23.637387739401863,20,37.86290940209499,37.84363988000001,0.575820630944518,36.937864579999996,38.80752152000002,0.482106755323552,7.0,0.02755859437337982
Y2023_LAT23.63755_LON90.40731,2023,90.40731246568988,23.637551876547917,20,36.01959728342719,36.2894868470443,1.8348223209425716,32.217578960000026,40.198655659999986,0.534969352471167,7.020270338123485,0.7160788571962791
Y2023_LAT23.63772_LON90.41711,2023,90.41710693302514,23.637715396337033,20,37.51904817582012,37.51533006421054,0.9634560444438172,34.55550463999998,40.229417839999996,0.4846562012626517,7.107100126000159,1.0
Y2023_LAT23.63788_LON90.4269,2023,90.42690148839867,23.637878298641105,20,37.952074116491204,38.154832111710554,1.4837477488250488,32.30132045000002,41.33685632000001,0.46639330870369244,6.8979998799998725,1.0
Y2023_LAT23.63804_LON90.4367,2023,90.4366961315126,23.638040583553735,20,37.569367685167826,37.90271358415096,1.977194581163822,32.21928797000001,40.96600115000001,0.4433555876238452,6.6239005830615865,1.0
Y2023_LAT23.6382_LON90.44649,2023,90.44649086197253,23.638202250888767,20,37.26411643654249,37.47737767437502,2.2031525725200902,32.19365282000001,41.91962873,0.44866853245450294,7.525501794707988,1.0
Y2023_LAT23.63836_LON90.45629,2023,90.456285679369,23.638363300742633,20,38.93285929872951,38.96532976542375,1.5453348073236777,34.07698184000003,43.849101020000006,0.462867115916976,7.470700553765387,1.0
Y2023_LAT23.63852_LON90.46608,2023,90.46608058368504,23.638523733097685,20,39.15625718387109,39.596004765263174,2.7294021768192533,32.05351400000001,44.66600779999999,0.33431889547963795,7.393616253212829,0.9849913062648227
Y2023_LAT23.63868_LON90.47588,2023,90.47587557416632,23.638683547945472,20,33.615850912928174,33.45354845466085,0.729393023487188,32.511528680000026,36.56871841999998,0.059041115512880375,7.0,0.04901061974051744
Y2023_LAT23.63934_LON90.00561,2023,90.00561387970349,23.639336565967717,20,33.04540329279422,30.582910895000026,4.948121733540389,28.488519139999994,45.35815685000006,0.018232760237779092,6.765680626577771,0.27688662506228046
Y2023_LAT23.63953_LON90.01541,2023,90.01540512064885,23.63952546108223,20,29.938147888793083,28.96755068232153,2.7401721547604563,27.897201680000023,42.86642026999999,-0.15957890126696803,7.093607499329391,1.0
Y2023_LAT23.63971_LON90.0252,2023,90.02519646314518,23.63971373938418,20,28.33347948417597,28.335880132571454,0.49292367184300945,27.497293340000056,30.94949354000005,-0.28371291527243675,6.683004390608882,1.0
Y2023_LAT23.6399_LON90.03499,2023,90.034987907132,23.639901401038887,20,28.692812221303168,28.601640065545478,0.38167533850714436,27.497293340000056,30.24025439000002,-0.2906140904070145,6.259201219770434,1.0
Y2023_LAT23.64009_LON90.04478,2023,90.04477945199663,23.640088445885237,20,32.92646729282917,34.90023637142858,3.1551313052513525,27.722882659999982,38.012831870000014,0.19167020535278978,6.479299902587758,1.0
Y2023_LAT23.64027_LON90.05457,2023,90.05457109763331,23.640274873941813,20,35.88569161168996,35.79655171550093,0.8262470654005192,33.99494936000002,39.867107720000035,0.5652036567967657,7.652803072014459,1.0
Y2023_LAT23.64046_LON90.06436,2023,90.06436284356948,23.640460685216226,20,37.90815545988707,37.22297958728815,1.7500678162448666,35.28183389,43.33298000000002,0.49397669504434427,6.9158972512811685,1.0
Y2023_LAT23.64065_LON90.07415,2023,90.07415468952574,23.64064587967984,20,39.1265373111192,39.09243790142859,2.580760855594373,33.314763380000045,43.94993261000002,0.4368216486926547,6.8588969830446285,1.0
Y2023_LAT23.64083_LON90.08395,2023,90.08394663525623,23.640830457145512,20,35.614286284570795,35.330255840000014,1.0216502754579186,33.863355590000026,39.720132860000035,0.6004557729414485,7.2624977058715405,1.0
Y2023_LAT23.64101_LON90.09374,2023,90.09373868027556,23.641014417801408,20,36.245522499427956,35.59610184000002,1.910397207285903,32.22783302000005,41.236024730000054,0.5706188890908328,8.511202405658366,1.0
Y2023_LAT23.6412_LON90.10353,2023,90.1035308243253,23.641197761553297,20,35.687492878673,35.388346783513526,1.0829366272708687,33.90437183000003,40.04655377000003,0.6277821724058532,8.397801872008793,1.0
Y2023_LAT23.64138_LON90.11332,2023,90.1133230671203,23.64138048836323,20,35.84595436661259,35.70464296400002,0.8623730820093886,34.38118562,38.91860717,0.6291317995458567,8.269302443776207,1.0
Y2023_LAT23.64156_LON90.12312,2023,90.12311540817527,23.641562598137853,20,35.156540557766654,35.203492871600005,1.4962560896347437,31.872358940000026,38.92715222000004,0.6355260774451547,7.505100024000105,1.0
Y2023_LAT23.64174_LON90.13291,2023,90.13290784739192,23.641744090980474,20,34.028143313836196,34.07331967571431,0.9660059811319651,32.099657269999994,36.558464360000016,0.6699123502401592,7.8787994296443475,1.0
Y2023_LAT23.64192_LON90.1427,2023,90.14270038415933,23.641924966825982,20,33.84868930182277,34.006112467872356,0.6968405346258614,31.742474179999988,35.31601409000001,0.6666703050784375,7.905799556703795,1.0
Y2023_LAT23.64211_LON90.15249,2023,90.15249301844727,23.642105225591944,20,33.9439982221353,33.921820270806464,0.7178057105469066,31.86552290000003,36.787471700000026,0.6393066875168695,8.052500247059957,1.0
Y2023_LAT23.64228_LON90.16229,2023,90.16228574963881,23.642284867320626,20,34.54484560304218,34.42405038102043,0.9695118212793234,32.12529242000005,37.15661785999998,0.6338125949679551,7.688400886592376,1.0
Y2023_LAT23.64246_LON90.17208,2023,90.17207857758389,23.642463891953792,20,35.617384316075,35.57655092061226,1.0480863717417004,33.01739564000002,38.35634288000006,0.6045362193484459,7.1362994649386495,1.0
Y2023_LAT23.64264_LON90.18187,2023,90.18187150194369,23.642642299414003,20,34.58237001155826,34.667399821052655,0.9147192990201809,32.181689750000004,37.17370796000006,0.6499309538048832,7.207600976945764,1.0
Y2023_LAT23.64282_LON90.19166,2023,90.19166452228174,23.64282008978363,20,33.9605874632335,33.954392257014945,0.7638668672440165,31.894576070000028,35.905622540000024,0.6103986007970338,7.549397879519416,1.0
Y2023_LAT23.643_LON90.20146,2023,90.20145763829525,23.64299726296808,20,34.38546063614506,34.48141589166668,0.9464596045343435,31.927047260000023,36.69860318000002,0.6468802097098615,7.7761001228241,1.0
Y2023_LAT23.64317_LON90.21125,2023,90.21125084981313,23.643173818962985,20,34.72005715268829,35.142615306153864,1.7761962255547423,30.310323799999992,38.086319300000014,0.653253202752002,7.759201219770423,1.0
Y2023_LAT23.64335_LON90.22104,2023,90.22104415620227,23.64334975780315,20,32.018631894226345,32.10794596850002,0.9629372962427238,30.24879944,34.26155491999998,0.6360797868493315,8.101202829189788,1.0
Y2023_LAT23.64353_LON90.23084,2023,90.23083755736806,23.643525079329393,20,34.4373092376915,34.57943078000002,1.1181644157352564,32.00395271000002,36.60289862000002,0.6398628176504229,7.325000352942817,1.0
Y2023_LAT23.6437_LON90.24063,2023,90.24063105301244,23.64369978365415,20,34.26471754032247,34.545494724285724,1.1685296289316092,31.257115340000013,36.95837270000001,0.6267682420915504,8.040704897434804,1.0
Y2023_LAT23.64387_LON90.25042,2023,90.25042464250843,23.64387387067206,20,34.46367075460213,34.32952512511482,0.9459277619529718,32.520073730000036,37.58045234000002,0.634595308925064,8.369019434747123,0.26874314779201586
Y2023_LAT23.64524_LON90.32878,2023,90.32877670502518,23.645244341727786,20,36.62722142331092,36.80302369100002,0.9643618385253886,33.44464814000003,38.89297202,0.5660850702851149,6.614599172449374,0.39197009102730745
Y2023_LAT23.64541_LON90.33857,2023,90.33857112606012,23.64541287210143,20,35.938202331457795,36.08035839170735,1.4733386914859692,32.57647106000002,39.5389778,0.5415956728372744,6.780399404370461,0.9424742826204648
Y2023_LAT23.64558_LON90.34837,2023,90.34836563780057,23.645580784953946,20,36.944799517858236,36.722492958085134,2.167135361089715,32.38335293,41.70942050000002,0.4280578513545407,7.43339968658675,1.0
Y2023_LAT23.64575_LON90.35816,2023,90.35816023993993,23.64574808031333,20,35.415505200245434,35.31747300097564,0.629070586129033,34.05989174000001,38.01454088000003,0.5978717376571872,7.205237069943596,0.7154370357543525
Y2023_LAT23.64591_LON90.36795,2023,90.3679549321608,23.64591475808523,20,35.38782799513733,35.37582944000002,0.1961795934731673,35.06137160000003,35.758647680000024,0.634633484656429,7.0,0.005287576143929722
Y2023_LAT23.64625_LON90.38754,2023,90.38754458532914,23.646246260840886,20,36.83251797033787,36.83190596000003,0.04528876499961195,36.83190596000003,36.92248349000005,0.3747208120452391,6.0,0.0005228665806998626
Y2023_LAT23.64641_LON90.39734,2023,90.39733954566749,23.646411085800302,20,36.912958648186304,37.074976010857156,1.4708438301843088,32.69268374000001,40.29094220000002,0.4493905935053075,6.7272165884976936,0.7085956683530817
Y2023_LAT23.64658_LON90.40713,2023,90.4071345948111,23.646575293117806,20,37.634581437126805,37.57310359700002,1.0546833809399536,34.04621966000002,40.81389926000003,0.4715965531047254,7.265501249417648,1.0
Y2023_LAT23.64674_LON90.41693,2023,90.41692973228972,23.64673888274929,20,37.81085463079137,37.951388891428586,0.9536273630473641,34.562340680000034,40.75921094,0.4751656406584794,7.337501588242754,1.0
Y2023_LAT23.6469_LON90.42672,2023,90.42672495781879,23.646901854634045,20,37.39497367747713,37.79721177500002,1.6365416866947877,33.12677228000001,40.66521539000004,0.5476754869862693,7.2029033077802485,1.0
Y2023_LAT23.64706_LON90.43652,2023,90.4365202710943,23.647064208803844,20,38.90588703315572,39.28794753568183,2.062353150311723,33.11310020000002,43.54489724000004,0.47149127634356497,6.0321989750539915,1.0
Y2023_LAT23.64723_LON90.44632,2023,90.44631567171159,23.647225945272186,20,40.748612565140334,40.64090559469389,0.9948194796530071,38.15297069000002,43.623511699999995,0.4372058962565332,6.633602981661095,1.0
Y2023_LAT23.64739_LON90.45611,2023,90.456111159433,23.647387064043077,20,39.44208176690724,39.78625840076924,1.9268721119612826,31.732220120000022,44.095198460000006,0.34929210696247953,7.009600045176669,1.0
Y2023_LAT23.64755_LON90.46591,2023,90.46590673389129,23.647547564951147,20,36.40827334063782,36.96999396800002,3.569386928076038,31.42801634,44.51903293999999,0.2057056626587606,7.0,0.5531183091256281
Y2023_LAT23.64836_LON90.00541,2023,90.00540845614941,23.64835687910562,20,43.22494705838607,43.12960781000001,1.1989616660167455,40.90960382000003,45.75293816000004,0.09969908414945816,6.4715868335060165,0.04466396127011248
Y2023_LAT23.64855_LON90.0152,2023,90.01520036621756,23.64854585489665,20,32.85638629822185,31.173558607837855,3.9110715673357137,28.074938719999977,42.769006700000006,-0.06326148116895353,6.640396104427532,0.5294710272881887
Y2023_LAT23.64873_LON90.02499,2023,90.02499237812492,23.648734213692826,20,28.435852411410576,27.908151443185847,1.2655096691241374,27.582743840000035,36.04576136000003,-0.2688615501091796,6.659205455084504,1.0
Y2023_LAT23.64892_LON90.03478,2023,90.03478449128586,23.648921955469756,20,30.505166785557304,29.283642419403,2.8629668743585364,27.582743840000035,38.06239316,-0.10247985457604795,7.000801177413145,1.0
Y2023_LAT23.64911_LON90.04458,2023,90.04457670567825,23.649109080184143,20,36.44841204903274,36.09273829341465,1.418807393555641,30.51711401000003,42.44087678000005,0.5295111302424165,7.8919010492953525,1.0
Y2023_LAT23.6493_LON90.05437,2023,90.0543690206215,23.649295587869982,20,39.985406700865546,39.47466505526318,2.4733226362579863,35.00497427000002,44.52928700000001,0.3986084644021868,7.61580054494375,1.0
Y2023_LAT23.64948_LON90.06416,2023,90.06416143605601,23.649481478469284,20,38.54781115996405,40.037347167741956,3.340640748948555,31.694621900000016,44.454090560000026,0.44493151187878,7.542199461411124,1.0
Y2023_LAT23.64967_LON90.07395,2023,90.07395395145528,23.649666751984714,20,36.34886574664782,35.788797677313454,2.103442955745898,32.15605460000006,41.85639536000002,0.5787839764472166,8.159900188117868,1.0
Y2023_LAT23.64985_LON90.08375,2023,90.08374656656957,23.64985140835832,20,34.92741440281124,34.88889305230771,1.2998827512535107,32.09453024000004,39.720132860000035,0.6145038914074321,8.547400223059876,1.0
Y2023_LAT23.65004_LON90.09354,2023,90.09353928121038,23.650035447580883,20,36.768801924007775,36.66661051280002,2.374448350351179,32.22783302000005,41.470159100000046,0.5503334716228894,8.908499892352811,1.0
Y2023_LAT23.65022_LON90.10333,2023,90.10333209478911,23.650218869606544,20,35.610875807169336,35.57713109865387,0.6704629998049191,33.926588960000004,38.02137692000002,0.6281389031191121,8.531399448705233,1.0
Y2023_LAT23.6504_LON90.11313,2023,90.11312500715422,23.65040167444693,20,34.875269168008536,34.64247426000001,0.9837156162368282,33.08575603999998,37.99403276000001,0.6475408653138223,7.962397470105745,1.0
Y2023_LAT23.65058_LON90.12292,2023,90.12291801780252,23.6505838620648,20,35.04704222794893,34.97566602388061,1.579417785639236,31.880903990000036,40.18327457000004,0.5974147813381746,8.61140071929496,1.0
Y2023_LAT23.65077_LON90.13271,2023,90.13271112660111,23.650765432392348,20,35.36880201679271,35.36179901919358,0.910920357408985,33.119936240000015,38.264056340000025,0.6332437267373788,7.407499302940358,1.0
Y2023_LAT23.65095_LON90.1425,2023,90.14250433313053,23.65094638545509,20,34.726085597217754,34.695399315714305,0.6302216295645108,33.53180765000002,37.01306102000001,0.648713888523447,7.718898677170245,1.0
Y2023_LAT23.65113_LON90.1523,2023,90.15229763709117,23.651126721282534,20,34.99339030510778,34.89002808848216,0.8175332845931229,32.57818007,38.37856001,0.6428890240664354,7.959199951999945,1.0
Y2023_LAT23.65131_LON90.16209,2023,90.16209103798133,23.651306439662648,20,35.87656155880977,35.58022703600002,1.3324099815752417,33.249821,41.007017390000016,0.563104767813144,7.810699777293852,1.0
Y2023_LAT23.65149_LON90.17188,2023,90.17188453565397,23.65148554072681,20,35.45842289813537,35.49211980227274,0.5976201955942592,33.62238518000004,37.24206836000002,0.6430843861435521,7.218298674346712,1.0
Y2023_LAT23.65166_LON90.18168,2023,90.18167812979748,23.65166402444983,20,34.944639002355615,34.86078151930234,0.837471681609244,33.08233802000001,37.49158382000002,0.6168394094420888,6.808899775176202,1.0
Y2023_LAT23.65184_LON90.19147,2023,90.19147182000454,23.651841890691543,20,34.76511748841695,34.72194322500002,1.2638200922073912,32.036423900000045,41.25140582000006,0.6357030681852514,7.8442998168233125,1.0
Y2023_LAT23.65202_LON90.20127,2023,90.20126560585283,23.65201913957036,20,35.49900245788759,35.36149274500003,0.8751165660968214,33.48566438,39.340732640000056,0.6208217583947817,7.818301497889406,1.0
Y2023_LAT23.6522_LON90.21106,2023,90.21105948714879,23.652195770994364,20,34.30550068807049,34.76233045437502,1.4376613641571252,30.843534920000025,36.92761052000003,0.6686154328657975,7.782700920824609,1.0
Y2023_LAT23.65237_LON90.22085,2023,90.2208534635432,23.652371784935802,20,34.282849985744626,34.67086281500003,1.750433136759349,30.323995880000012,37.66932086000003,0.6283826828095493,8.589500693530228,1.0
Y2023_LAT23.65255_LON90.23065,2023,90.23064753466687,23.65254718137857,20,33.73971299427272,33.860038100000025,0.7042024708511628,31.479286639999998,35.53305836000004,0.599889327000468,8.316303841429844,1.0
Y2023_LAT23.65272_LON90.24044,2023,90.24044170015313,23.652721960284474,20,34.36702141089085,34.279641942500014,1.3148698181214915,31.609171400000037,40.26701606000006,0.6363469834466045,8.32690156106066,1.0
Y2023_LAT23.6529_LON90.25024,2023,90.25023595969363,23.652896121651573,20,35.002583318719104,34.715581910000026,1.7224911794802487,31.663859720000005,40.362720620000005,0.6392084193332302,7.271482021288005,0.5726813510818191
Y2023_LAT23.65307_LON90.26003,2023,90.26003031308993,23.65306966545825,20,36.08442859077251,35.922284758262165,1.4863761528643502,33.249821000000026,39.533850770000015,0.60037866790744,7.932445105215003,0.31487556581453907
Y2023_LAT23.65324_LON90.26982,2023,90.26982475978058,23.653242591653335,20,35.526736275092034,35.73016418000004,1.5868361325939164,32.29619342000001,39.38174888000003,0.5506017617344814,7.097452532088028,0.2578112609040444
Y2023_LAT23.65393_LON90.309,2023,90.30900347412292,23.65392811999907,20,31.89252393318607,31.954391420000007,0.17652338882750962,31.48954070000002,32.09965727000002,0.3719085136818332,6.0,0.0045664040099398905
Y2023_LAT23.6541_LON90.3188,2023,90.31879838284914,23.654097957912555,20,32.84806850964843,32.51631182384147,1.6296009522763697,30.501732919999995,37.98719672000004,0.5351033299890255,7.047113257190692,0.4839513675612523
Y2023_LAT23.65427_LON90.32859,2023,90.32859338312579,23.654267178018465,20,34.9788814106906,35.63715260545455,1.8594698413750466,31.12723058000006,38.31874465999999,0.48906309411893956,6.660149969408513,0.9953864184373306
Y2023_LAT23.65444_LON90.33839,2023,90.33838847432703,23.65443578045313,20,35.37896237870122,35.40581905383564,1.8550571136276213,31.465614560000006,42.36909836000001,0.5081059918473557,7.317100373059263,1.0
Y2023_LAT23.6546_LON90.34818,2023,90.34818365641897,23.65460376508775,20,37.11813263550869,36.963944072600015,1.718092632355529,33.52497161000002,41.67524030000004,0.526628376000914,7.2838013355357,1.0
Y2023_LAT23.65477_LON90.35798,2023,90.35797892875856,23.654771131862596,20,35.50487250354236,35.39285117960002,0.9519482768390537,32.97979742000001,39.4364372,0.5524208469973326,7.648900763412661,1.0
Y2023_LAT23.65494_LON90.36777,2023,90.36777429133626,23.654937880784992,20,34.926197610880294,34.79857212637575,0.6513068065560601,33.73688885000004,38.35634288000006,0.5495001326050071,7.921017164149523,0.7255027428875451
Y2023_LAT23.6551_LON90.37757,2023,90.37756974355645,23.655104011925015,20,35.804277154354416,35.294724708285734,1.5423694436762847,33.468574279999984,40.99163629999998,0.49681207907535896,7.274970365468754,0.7528429759767185
Y2023_LAT23.65527_LON90.38737,2023,90.38736528525558,23.655269525170006,20,36.92020210247643,36.71594944451862,1.7203984036110023,33.046448810000015,41.48724920000001,0.5174086266065985,6.968388782585433,0.8704973349381019
Y2023_LAT23.65543_LON90.39716,2023,90.39716091605396,23.655434420477103,20,36.02020607112599,35.59200781160003,1.9008098158218536,32.31328352000003,40.50285944000001,0.544436526727498,7.321000377647508,1.0
Y2023_LAT23.6556_LON90.40696,2023,90.4069566355684,23.65559869789448,20,37.751910873961265,37.8253586518182,1.2162329822479936,34.21541165000002,40.34221250000002,0.5052132099006349,7.659403103073423,1.0
Y2023_LAT23.65576_LON90.41675,2023,90.41675244347262,23.65576235737984,20,38.475475732737756,38.54752413200002,1.1307454580814085,35.37241141999999,41.16937333999999,0.43115251172195923,7.1050001235295595,1.0
Y2023_LAT23.65593_LON90.42655,2023,90.42654833944502,23.6559253989286,20,38.60367901793716,38.655734447631595,2.0375491952200613,33.888990740000054,43.119353750000016,0.5178816187487475,7.304401534590041,1.0
Y2023_LAT23.65609_LON90.43634,2023,90.43634432324464,23.656087822467907,20,40.84346785576739,41.048375432000014,1.3964111621936888,36.95324567000003,43.89011726000001,0.4174937568123727,6.036600172236105,1.0
Y2023_LAT23.65625_LON90.44614,2023,90.44614039448588,23.656249628012446,20,41.330588415910384,41.40207214160001,1.2903966483337004,38.08973732000004,46.467304340000055,0.4095371232363511,6.618000727059678,1.0
Y2023_LAT23.65641_LON90.45594,2023,90.45593655269141,23.65641081546605,20,38.211652914343915,38.59389527000002,4.210569335468076,31.39383614000002,46.26222314000006,0.23522077975779473,6.9675083285468125,0.7821766164683893
Y2023_LAT23.65657_LON90.46573,2023,90.46573279774167,23.656571384915978,20,32.2357084136726,32.091112220000014,0.7208934701671956,31.646769619999986,34.27522700000003,0.03400657911928721,7.0,0.014417402953653796
Y2023_LAT23.65757_LON90.015,2023,90.01499551017915,23.657566236566307,20,28.03397035142861,28.009996340000043,0.05796374753965901,27.962144060000014,28.12962704000006,-0.2706591137150089,7.0,0.001262197708952056
Y2023_LAT23.65775_LON90.02479,2023,90.02478819164048,23.65775467575426,20,28.162349537749375,28.046842595600015,0.5538935957764431,27.777570980000007,35.254489730000046,-0.2564648913336148,7.599350631822887,0.9299946207638516
Y2023_LAT23.65794_LON90.03458,2023,90.03458097454474,23.657942497728577,20,34.51556232706261,35.722918689687525,3.333389849007463,27.900619699999993,39.85172663,0.330930733369039,7.589701870237485,1.0
Y2023_LAT23.65813_LON90.04437,2023,90.04437385854851,23.658129702363212,20,40.24375347306684,40.220777845000015,2.403232331311903,34.695643460000014,44.828363749999994,0.35277468368495646,7.890199870823374,1.0
Y2023_LAT23.65832_LON90.05417,2023,90.05416684324668,23.658316289721874,20,41.83740312291873,41.39040530000003,1.6842170827401017,38.35292486000003,45.14282158999998,0.28529111264845725,8.438199709175096,1.0
Y2023_LAT23.6585_LON90.06396,2023,90.06395992843409,23.658502259648635,20,41.12500580385011,41.53244302000003,1.9598599723497965,33.01739564000002,43.68845408000004,0.33116792914263465,9.012900015176477,1.0
Y2023_LAT23.65869_LON90.07375,2023,90.07375311363549,23.65868761223123,20,38.24207073488362,37.8502317757143,3.4534482121619785,31.236607219999996,43.95164162000003,0.5276503626300034,9.040200047294178,1.0
Y2023_LAT23.65887_LON90.08355,2023,90.08354639862759,23.65887234750067,20,35.16752413725075,34.7213888687097,2.013935095047569,31.188754940000024,40.75579292000003,0.6229259764804473,7.805394378326478,1.0
Y2023_LAT23.65906_LON90.09334,2023,90.09333978300259,23.659056465300775,20,34.142751759806394,34.07570008250001,1.2350614881093678,31.533974960000023,37.32410084000003,0.64350097327047,8.680199623764258,1.0
Y2023_LAT23.65924_LON90.10313,2023,90.10313326652143,23.659239965665787,20,35.671666771808106,35.45452400984377,0.9542148901434849,33.53693468000003,39.96623030000001,0.6025561850680504,9.51159942541107,1.0
Y2023_LAT23.65942_LON90.11293,2023,90.11292684873005,23.65942284849785,20,35.550539527561476,35.607511752173934,0.7977830512747256,33.205386739999994,38.02821296000002,0.6157056217892435,9.122495870568786,1.0
Y2023_LAT23.65961_LON90.12272,2023,90.12272052944736,23.659605113927626,20,34.99071276181051,35.08661236307695,0.6518113163186828,33.07892000000004,36.420034550000025,0.6557373654798487,8.217097902468113,1.0
Y2023_LAT23.65979_LON90.13251,2023,90.13251430809983,23.65978676176679,20,35.49283124925876,35.450409515737725,0.7821841834880038,33.114809210000004,38.12391752000002,0.6101182809294619,8.111998955292876,1.0
Y2023_LAT23.65997_LON90.14231,2023,90.14230818473796,23.659967792088718,20,35.77455545115902,35.7332754546154,0.840789400123965,33.57453290000001,38.69130884000003,0.5966435523151649,7.435397343046314,1.0
Y2023_LAT23.66015_LON90.1521,2023,90.15210215855805,23.660148204837075,20,35.877698632860884,35.951879744000024,0.8822321096479675,33.18316961000005,37.75477136000001,0.6034086767547935,7.306300360353358,1.0
Y2023_LAT23.66033_LON90.1619,2023,90.16189622963945,23.66032799999945,20,36.46716743446308,36.36119577714288,1.1896788456758463,33.81721232000004,40.11662318000003,0.5624746709265982,7.063600074823602,1.0
Y2023_LAT23.66051_LON90.17169,2023,90.171690397392,23.660507177542893,20,34.68581429405506,34.669581057500025,1.0168260603735306,32.039841920000015,38.28456446000001,0.663260485196197,6.490399954823313,1.0
Y2023_LAT23.66069_LON90.18148,2023,90.18148466160724,23.660685737444066,20,33.81975393049251,33.79741628750002,1.2001441761332579,30.747830360000023,36.907102399999985,0.6454684268807109,6.906901066942426,1.0
Y2023_LAT23.66086_LON90.19128,2023,90.19127902196914,23.66086367968809,20,34.70948563092828,34.53321555168422,1.504815817614284,31.17850088,41.032652540000015,0.6033890577295454,7.747099702470237,1.0
Y2023_LAT23.66104_LON90.20107,2023,90.20107347794811,23.66104100422481,20,35.20723077683092,35.26562585967744,1.1891143341960333,32.22270599000001,39.82950950000003,0.6197292411571637,7.3775923651405355,1.0
Y2023_LAT23.66122_LON90.21087,2023,90.21086802953347,23.66121771105298,20,34.29715085147536,34.32820631000003,1.3719825094360776,31.24344326000005,39.033110840000006,0.6501549364348224,8.329598034821208,1.0
Y2023_LAT23.66139_LON90.22066,2023,90.22066267606631,23.66139380014104,20,33.24585476714847,32.657064373684236,2.0275078806477875,30.657252830000033,40.64983430000001,0.5699418958640305,8.841398636939575,1.0
Y2023_LAT23.66157_LON90.23046,2023,90.23045741748071,23.661569271449984,20,33.45817617390634,33.27849439000002,1.5670390626754076,30.52224104000004,39.11856134000004,0.6103732341056428,8.50709768045966,1.0
Y2023_LAT23.66174_LON90.24025,2023,90.2402522533002,23.66174412497075,20,34.841616653986364,34.27522700000001,2.6553729711641503,30.84524393000001,41.31293018000002,0.581104408690135,8.130800153882532,1.0
Y2023_LAT23.66192_LON90.25005,2023,90.25004718316151,23.661918360714164,20,37.12385169050576,37.59808621590911,2.2027385833202904,31.058870179999985,42.328082119999976,0.4973317450268374,7.672900791647974,1.0
Y2023_LAT23.66209_LON90.25984,2023,90.25984220682595,23.662091978628148,20,38.85299020237705,39.03514028937502,1.9811321589482427,33.35407061000001,42.15034508000002,0.4057926986412629,7.117900554826124,1.0
Y2023_LAT23.66226_LON90.26964,2023,90.26963732391111,23.66226497864561,20,36.19528584876381,36.084214085000006,2.607541620783118,31.50663080000004,41.70942050000002,0.5450450223348857,7.225451641397332,0.8868892394535486
Y2023_LAT23.66244_LON90.27943,2023,90.2794325341656,23.662437360798467,20,37.352678462097295,37.45569461000002,1.2220819610385043,34.056473720000014,39.48087146,0.536883742353036,8.065258557902405,0.09806337336575907
Y2023_LAT23.66278_LON90.29902,2023,90.29902323249809,23.662780271433803,20,40.35197943264709,40.337939975,2.122137728028866,32.47393046000002,45.21289100000001,0.39244608453261176,7.075758517781652,0.11493250823549582
Y2023_LAT23.66295_LON90.30882,2023,90.30881872007676,23.662950799805053,20,35.09227363297449,34.78076318387099,2.6052842187084617,30.628199660000007,41.56757267000003,0.4689596803894066,7.167432554472826,0.7224174659645104
Y2023_LAT23.66312_LON90.31861,2023,90.31861429929954,23.66312071017582,20,34.47378117056817,34.64390706636364,1.465932095814151,30.758084420000046,37.624886600000025,0.5426189526356485,7.561002640012412,1.0
Y2023_LAT23.66329_LON90.32841,2023,90.32840997011043,23.66329000255966,20,35.9464602324781,35.91436865000002,0.6354385423672605,34.23762878000002,37.607796500000006,0.5971652371064465,7.145800171529598,1.0
Y2023_LAT23.66346_LON90.33821,2023,90.33820573193998,23.66345867691498,20,36.0829639598043,36.04264241675001,0.8822030988949526,32.98834247000002,39.14248748,0.5880632669750515,7.117900138706034,1.0
Y2023_LAT23.66363_LON90.348,2023,90.34800158450707,23.663626733183868,20,35.64512529196895,35.57649350646155,1.0865531961009547,32.333791640000015,39.27237223999998,0.5831898706802696,7.159300749650569,1.0
Y2023_LAT23.66379_LON90.3578,2023,90.3577975276047,23.663794171446803,20,36.02894546595057,35.776156971132096,1.6551636514115526,32.15776361000002,40.74895688000004,0.5175281661416729,7.7278008562362945,1.0
Y2023_LAT23.66396_LON90.36759,2023,90.36759356076453,23.663960991623302,20,36.69012298398984,36.705439220000024,1.6716704101673856,33.39337784000003,40.53703963999999,0.5034386608141589,7.2661003130591775,1.0
Y2023_LAT23.66413_LON90.37739,2023,90.37738968368167,23.664127193689648,20,37.29742993458886,37.32872293522729,1.5320719731623733,33.755687960000046,41.33343830000001,0.44749876392295657,7.093102791071946,1.0
Y2023_LAT23.66429_LON90.38719,2023,90.38718589607517,23.664292777606878,20,36.63304828808476,36.70151855000002,1.2309462621742826,33.68732756000003,40.294360220000044,0.45317561423567526,7.188601398354572,1.0
Y2023_LAT23.66446_LON90.39698,2023,90.39698219758391,23.664457743416822,20,37.09934136998847,37.04809572500002,1.4813991675029352,33.841138460000025,40.769465000000025,0.47225270200090047,7.314700370235712,1.0
Y2023_LAT23.66462_LON90.40678,2023,90.40677858784863,23.66462209094527,20,37.55541677183694,37.5327404429643,1.8385583576801334,33.91633490000004,41.883739520000006,0.49559748731740183,7.065400307766137,1.0
Y2023_LAT23.66479_LON90.41658,2023,90.41657506658078,23.664785820286717,20,37.372942559540625,37.23387208755104,1.3603034925720099,34.24446482000002,41.56244564000002,0.4936903490427394,7.05940006988242,1.0
Y2023_LAT23.66495_LON90.42637,2023,90.42637163342931,23.66494893146759,20,37.650054194472915,37.48417811000002,1.363919710896612,34.84261832000004,41.473577120000016,0.5040816380930836,6.847500997059984,1.0
Y2023_LAT23.66511_LON90.43617,2023,90.43616828794282,23.66511142432253,20,38.96946753487926,38.78274087500002,1.8197289438274495,35.25448972999999,47.49612836000006,0.4446315246115631,6.930099671057268,1.0
Y2023_LAT23.66527_LON90.44597,2023,90.4459650301101,23.66527329895515,20,40.19722466236309,40.552818250483135,3.338731038326374,31.68436784000005,49.25982668000006,0.26542058473109864,7.448561405995325,0.9990972652447119
Y2023_LAT23.66543_LON90.45576,2023,90.455761859255,23.66543455528528,20,35.21512151765638,34.03938362000003,3.9226534452918576,31.51004882000001,47.49271034000003,0.10090699918334749,6.515146960946389,0.16745582340146306
Y2023_LAT23.66659_LON90.01479,2023,90.01479055228913,23.666586606128025,20,28.27060519273419,28.23729467000001,0.10486665744750892,28.109118920000014,28.56029755999998,-0.20733225644859934,8.032624857867573,0.04084395843083168
Y2023_LAT23.66678_LON90.02458,2023,90.0245839038036,23.666775125771643,20,30.704279628800087,28.536612125633823,3.249059231788575,27.98607020000003,39.67911662,0.0081907154170245,8.387827217835563,0.9575596061952727
Y2023_LAT23.66696_LON90.03438,2023,90.0343773566803,23.666963027846926,20,33.903562105293865,34.10734190000001,1.6219722863823176,30.600855500000023,38.05897514000003,0.59949649174522,8.595707509211797,1.0
Y2023_LAT23.66715_LON90.04417,2023,90.04417091068814,23.667150312410396,20,38.85738574048506,38.97138139880002,3.584017436122651,31.32547574,44.46092660000002,0.4086761407217758,8.492499964705697,1.0
Y2023_LAT23.66734_LON90.05396,2023,90.05396456549875,23.66733697933665,20,40.174756633068526,40.73569731965519,2.7401799460717586,35.003265260000035,45.08300624000003,0.389522539050147,8.66839961599817,1.0
Y2023_LAT23.66752_LON90.06376,2023,90.06375832072634,23.667523028751464,20,37.27634830834591,36.97160915000002,2.1074468346447404,32.52861877999999,42.635703920000026,0.5211212447048087,8.635498284697789,1.0
Y2023_LAT23.66771_LON90.07355,2023,90.07355217606052,23.66770846043795,20,36.81654926271398,36.284752916315796,2.419951538384054,31.932174290000006,43.22702138,0.5508162434342939,8.443299733175218,1.0
Y2023_LAT23.66789_LON90.08335,2023,90.08334613121336,23.66789327448936,20,34.74055878244103,34.84640016108481,1.6017790969431118,31.298131580000017,40.83782540000004,0.6246228513509015,9.041901373653515,1.0
Y2023_LAT23.66808_LON90.09314,2023,90.09314018580726,23.668077470870962,20,35.06134100656638,35.23470119315791,1.155405922836288,31.24344326000005,37.57019828,0.6467645341852579,8.603998136461795,1.0
Y2023_LAT23.66826_LON90.10293,2023,90.10293433949884,23.668261049537524,20,34.54666884983992,34.779102880388365,1.5776753071401444,30.74612135000001,38.86733687,0.6507754278608042,8.949599762822391,1.0
Y2023_LAT23.66844_LON90.11273,2023,90.11272859192228,23.668444010476485,20,34.95341251205245,35.11086630519483,0.9326433289407239,31.479286640000055,37.00622498000001,0.6607303620825792,9.164199596233383,1.0
Y2023_LAT23.66863_LON90.12252,2023,90.12252294293911,23.668626353654744,20,35.19440210326653,35.1693647557143,0.6817575968362045,33.23785793000005,38.07606524000005,0.666505121233499,8.194993858794616,1.0
Y2023_LAT23.66881_LON90.13232,2023,90.13231739188161,23.66880807905234,20,34.381752599804464,34.39149308656252,0.7613879049341385,32.20390687999998,36.44908772000002,0.6173920650581824,7.564397950107972,1.0
Y2023_LAT23.66899_LON90.14211,2023,90.14211193878464,23.668989186677955,20,34.53927958863596,34.64098800557693,0.7509883395682727,32.69610176000003,36.91735646000001,0.6111753264676716,7.707900978357544,1.0
Y2023_LAT23.66917_LON90.15191,2023,90.15190658308181,23.66916967639828,20,35.493703575064934,35.38950152,0.7408725615965943,33.62580320000001,37.89491018000001,0.6232487185362134,7.645003035308383,1.0
Y2023_LAT23.66935_LON90.1617,2023,90.16170132444506,23.669349548306652,20,35.30019822580995,35.54983773090912,1.15545970320169,32.35771778000003,38.08973732000004,0.6446938341569423,7.09420044329619,1.0
Y2023_LAT23.66953_LON90.1715,2023,90.17149616267439,23.669528802331403,20,34.28334770484128,34.274182605000014,0.760008872000617,32.48760254000001,36.38414534000003,0.661002816513293,7.3638028884841855,1.0
Y2023_LAT23.66971_LON90.18129,2023,90.181291097336,23.669707438463153,20,33.921176365148675,34.07802623500001,1.0559783812743064,31.369910000000004,36.70885724000004,0.6562320955430359,8.328508604746352,1.0
Y2023_LAT23.66989_LON90.19109,2023,90.19108612817423,23.669885456656257,20,35.06494993393471,35.01679951661293,0.8925223208387195,32.14580053999998,38.00599583000002,0.618417677133523,7.755601202829165,1.0
Y2023_LAT23.67006_LON90.20088,2023,90.20088125469215,23.670062856937736,20,34.72265732914128,34.704389570000025,1.2250174702782666,31.85185082000001,38.89297202000003,0.6293101387038649,7.872697047986088,1.0
Y2023_LAT23.67024_LON90.21068,2023,90.21067647670718,23.670239639173236,20,33.984805320549654,33.984393710000006,1.0971163272500033,31.43827040000002,38.04872108000001,0.643889740718464,9.29989905834848,1.0
Y2023_LAT23.67042_LON90.22047,2023,90.22047179392902,23.67041580338254,20,35.66133761617514,35.52796620775512,1.7907313609309157,31.735638139999992,40.86175154,0.5788749488521302,9.083700393884213,1.0
Y2023_LAT23.67059_LON90.23027,2023,90.23026720583478,23.670591349684884,20,35.99987401444648,36.097220070224644,1.8879145886720003,31.648478630000028,40.588309940000016,0.5704131686840339,8.429499668233737,1.0
Y2023_LAT23.67077_LON90.24006,2023,90.24006271224383,23.670766277818203,20,36.882597475907275,36.851559574999996,3.4845390760036468,30.83669888000003,43.459446740000004,0.47662541213834575,8.244801152005417,1.0
Y2023_LAT23.67094_LON90.24986,2023,90.24985831290394,23.67094058795108,20,39.14040953321678,39.22854834071431,1.855480154099766,31.747601210000028,43.02194018,0.4377755086579784,7.790599014583594,1.0
Y2023_LAT23.67111_LON90.25965,2023,90.2596540071639,23.671114279915606,20,39.75255869668227,39.894736715000015,1.5532095598955298,36.01158116000002,43.360324160000005,0.41085313210171515,7.627500600002809,1.0
Y2023_LAT23.67129_LON90.26945,2023,90.26944979498077,23.67128735378411,20,39.18253991826963,39.40811646285717,2.004696170654834,32.566216999999995,43.042448300000046,0.37940509703732883,7.428402016009467,1.0
Y2023_LAT23.67146_LON90.27925,2023,90.2792456759283,23.671459809556552,20,35.81237076836439,35.91223286169813,1.5331833722893822,31.694621900000016,40.03800871999999,0.5383674737909797,7.379284382304796,0.8193255912374174
Y2023_LAT23.67163_LON90.28904,2023,90.28904164971378,23.67163164707944,20,35.21298501019612,35.025909642500004,1.7768713823376159,31.694621900000016,40.21745477000002,0.5538539602616959,8.154009503751006,0.41434794524499824
Y2023_LAT23.6718_LON90.29884,2023,90.29883771584848,23.67180286643217,20,35.69191769418987,35.15511856672728,2.0063587589304306,32.34746372000001,43.31930792000003,0.5832537161235473,7.6967800484254205,0.9459089791949392
Y2023_LAT23.67197_LON90.30863,2023,90.3086338742287,23.6719734675823,20,34.17257787534364,33.88933254200002,1.4602270045841568,31.58353625000001,39.340732640000056,0.6052953924715976,8.238098767523601,1.0
Y2023_LAT23.67214_LON90.31843,2023,90.3184301243405,23.67214345053694,20,35.2259493016037,35.235537574328376,1.007423787982736,32.803769390000014,37.85047592000001,0.5977820158219328,7.718199850352234,1.0
Y2023_LAT23.67231_LON90.32823,2023,90.32822646598497,23.67231281518136,20,35.93560558269562,35.92215046565791,0.6255321363453643,33.762523999999985,37.884656120000045,0.6169635080320787,7.1149005407084145,1.0
Y2023_LAT23.67248_LON90.33802,2023,90.33802289865336,23.672481561486364,20,35.74497781971281,35.70316182200002,0.9101631533797145,33.33185348000001,39.72696890000003,0.5874137533449012,7.316501489418755,1.0
Y2023_LAT23.67265_LON90.34782,2023,90.347819422269,23.67264968961687,20,36.44473258307835,36.15321081851066,1.5330065300930977,33.383123780000005,41.589789800000005,0.553341906067761,7.351001651772481,1.0
Y2023_LAT23.67282_LON90.35762,2023,90.35761603619699,23.672817199345946,20,37.088403014050705,36.95371176363638,2.2846697557243925,32.26372223000001,42.22212350000001,0.5622554164499574,7.127200598591037,1.0
Y2023_LAT23.67298_LON90.36741,2023,90.36741274047239,23.672984090720792,20,36.47357073046015,36.27980578210528,1.7044655431026683,32.94903524000006,41.0599967,0.5800656479873836,7.555902616012276,1.0
Y2023_LAT23.67315_LON90.37721,2023,90.37720953437174,23.67315036372105,20,37.95777359383778,37.84748515250001,1.9073875789267525,33.93000698000003,43.30050881000005,0.48884610668937084,6.232197563282642,1.0
Y2023_LAT23.67332_LON90.38701,2023,90.38700641776765,23.673316018313184,20,35.63879948433199,35.48444652000001,1.2977322942910043,32.71660988000002,39.89103385999999,0.5467731082077508,6.969502209422147,1.0
Y2023_LAT23.67348_LON90.3968,2023,90.39680339036659,23.67348105445784,20,37.5496395167688,37.38822431937502,1.229443152041523,35.09213378000004,41.23773374000001,0.487171520991103,7.165798427286709,1.0
Y2023_LAT23.67365_LON90.4066,2023,90.40660045175213,23.673645472221292,20,38.90159482026783,38.97309040880003,1.8760867592523762,35.034027440000045,43.79783071999998,0.4152425235596495,7.586901585419215,1.0
Y2023_LAT23.67381_LON90.4164,2023,90.4163976015287,23.673809271455447,20,37.35197074622569,37.32797459600002,1.3814813182064882,34.06672778000001,41.85126833000001,0.5106557237019778,7.715503367074657,1.0
Y2023_LAT23.67397_LON90.42619,2023,90.42619483956582,23.673972452224067,20,37.660629562288946,37.55196884000002,1.3662074318209676,35.06991664999998,41.880321500000036,0.4196751497751455,7.4375044117854445,1.0
Y2023_LAT23.67414_LON90.43599,2023,90.43599216531646,23.67413501452833,20,37.74476411638565,38.460687435000004,2.5306701163883036,31.089632359999996,42.25117667000001,0.2959958235047992,6.433297333163914,1.0
Y2023_LAT23.6743_LON90.44579,2023,90.44578957854675,23.674296958143618,20,40.24521980685741,40.551462017073185,5.152371386208374,31.00589087000003,50.65437884000005,0.22120050395907986,7.113598181638506,1.0
Y2023_LAT23.67446_LON90.45559,2023,90.45558707901341,23.674458283331234,20,38.877833645721346,36.531689870000015,5.327271632935579,31.41092623999998,49.49908807999998,0.27792731846542185,6.6155030629910625,0.4368221465163371
Y2023_LAT23.6758_LON90.02438,2023,90.02437951447082,23.67579556360516,20,33.25223958933756,33.545001597512254,3.6779264093773563,28.10399189000003,40.13371328000005,0.22955482373007094,7.932422402159241,0.21396859772604238
Y2023_LAT23.67598_LON90.03417,2023,90.03417363771479,23.6759835458416,20,33.67314014504596,33.95544275433759,1.274262560610856,30.727322240000035,36.531120200000004,0.619195038642873,8.339405545453083,0.8928336667875967
Y2023_LAT23.67617_LON90.04397,2023,90.04396786208045,23.676170910287578,20,35.90690529425608,35.462514225000014,1.7996463795421334,31.920211220000056,41.360782459999996,0.5680172193749041,8.545199464940547,1.0
Y2023_LAT23.67636_LON90.05376,2023,90.05376218728698,23.676357656909072,20,38.46933205440178,38.28315568148652,1.521355002837763,34.84603634000001,43.05953840000001,0.462035826223733,8.231996385865346,1.0
Y2023_LAT23.67654_LON90.06356,2023,90.06355661291529,23.676543785630265,20,36.26057082737542,36.51427424428572,1.1725527599909988,33.19513268000003,39.542395820000024,0.5631755075788591,8.803799769176198,1.0
Y2023_LAT23.67673_LON90.07335,2023,90.07335113867751,23.67672929647067,20,35.36949148853461,35.21715735600003,1.2378459783126674,31.932174290000006,41.148865220000005,0.6177303881737518,7.977799973882318,1.0
Y2023_LAT23.67691_LON90.08315,2023,90.0831457643995,23.67691418943131,20,35.59932068500556,35.51889156657897,0.967963635143853,33.003723560000026,38.66738270000002,0.60772204571276,8.574100348707528,1.0
Y2023_LAT23.6771_LON90.09294,2023,90.09294048937929,23.677098464394223,20,35.96752513652757,35.794226160909105,1.2374143233850756,32.364553820000026,39.4364372,0.6039126172835281,8.109898952822295,1.0
Y2023_LAT23.67728_LON90.10274,2023,90.102735313684,23.67728212138585,20,33.28148653962158,33.14428963250002,1.4198272519495942,30.75466640000002,38.311908620000054,0.6762013724486258,8.086700102000123,1.0
Y2023_LAT23.67747_LON90.11253,2023,90.11253023667851,23.67746516043704,20,34.59485245214135,34.77642704807695,1.679627095184516,30.58718342000003,38.886135980000006,0.6623492267772157,8.210498637640649,1.0
Y2023_LAT23.67765_LON90.12233,2023,90.12232525824136,23.677647581381592,20,34.386996150252976,34.327306831052645,1.1031687674627166,31.356237920000012,37.74280829000003,0.6631231438313664,8.690699636117216,1.0
Y2023_LAT23.67783_LON90.13212,2023,90.13212037793532,23.677829384331158,20,34.7205670316851,34.73447923896555,0.9076190497529122,32.34917272999999,37.13098271000004,0.6273296869864999,7.603000709412596,1.0
Y2023_LAT23.67801_LON90.14192,2023,90.1419155954399,23.678010569231475,20,35.088930197530985,35.14810385750001,1.08746767118768,32.757626120000026,37.39929728000004,0.6202835585171664,7.99090466308077,1.0
Y2023_LAT23.67819_LON90.15171,2023,90.1517109104151,23.67819113600104,20,34.98090154502395,35.08009640521742,0.8703534275968454,31.369910000000004,36.838742000000025,0.6435602979418897,8.423801675060794,1.0
Y2023_LAT23.67837_LON90.16151,2023,90.16150632255399,23.67837108468376,20,34.013640904784054,33.91923483971966,1.1378207127626048,31.397254160000017,36.903684380000016,0.6609811861687641,7.116400136941333,1.0
Y2023_LAT23.67855_LON90.1713,2023,90.17130183151394,23.678550415217572,20,34.92726518140879,34.89377468600002,1.1761297631409597,31.97660854999998,39.20401183999999,0.6197670292968983,6.850299295526103,1.0
Y2023_LAT23.67873_LON90.1811,2023,90.1810974369278,23.678729127524555,20,34.92594407975955,35.11015606727275,0.9694982855346702,32.381643920000045,37.19079806000002,0.6332716244713931,6.844299816823311,1.0
Y2023_LAT23.67891_LON90.19089,2023,90.19089313852575,23.678907221657223,20,35.49552325079763,35.45543332684212,0.7163463157036206,33.32843546000001,38.63662052000001,0.6316525744899705,7.67710079658917,1.0
Y2023_LAT23.67908_LON90.20069,2023,90.20068893596161,23.679084697594206,20,35.792872274256915,35.841206009230795,1.4723284431486223,32.08085815999999,40.22258180000006,0.6080426140759692,8.228601075769772,1.0
Y2023_LAT23.67926_LON90.21048,2023,90.21048482882942,23.679261555294072,20,34.40064303539465,34.64529339615386,1.4109040466551934,31.55448308000001,37.23523232000002,0.6579850849687978,8.481299389763988,1.0
Y2023_LAT23.67944_LON90.22028,2023,90.2202808169129,23.67943779475141,20,35.298769406847775,35.28028024454547,1.6539145560735395,32.00224370000001,41.357364440000026,0.6029918936202454,8.513300603883064,1.0
Y2023_LAT23.67961_LON90.23008,2023,90.23007689982374,23.67961341583715,20,37.157495907226206,36.90119854727274,1.5823543413154235,33.50788151000003,41.55902762000002,0.5475149097896236,8.313501475301063,1.0
Y2023_LAT23.67979_LON90.23987,2023,90.23987307712183,23.679788418657314,20,38.653922264047395,38.53217559457145,2.3555004796725587,33.50788151000003,43.546606250000025,0.4629110153241782,8.4602005414124,1.0
Y2023_LAT23.67996_LON90.24967,2023,90.24966934876005,23.67996280312878,20,40.612095152859006,41.03278400230771,1.6553761391754152,34.757167820000035,42.881801360000054,0.3449795859473087,8.538599457175831,1.0
Y2023_LAT23.68014_LON90.25947,2023,90.25946571403094,23.680136569215893,20,39.85323474392383,40.296363886896565,1.5720180880873837,35.577492620000044,43.19455019,0.3626835835605359,7.626498242344671,1.0
Y2023_LAT23.68031_LON90.26926,2023,90.26926217288214,23.680309717012452,20,39.376190973891916,39.783000013571446,2.366075823744747,32.67388463000003,43.042448300000046,0.3941061715675709,6.7251996767055005,1.0
Y2023_LAT23.68048_LON90.27906,2023,90.27905872496201,23.68048224632503,20,34.80573473040939,34.71651779642859,2.063826351961002,31.672404770000043,40.12687724,0.4967839914057766,7.726300854471593,1.0
Y2023_LAT23.68065_LON90.28886,2023,90.2888553697017,23.68065415725346,20,34.49958469302574,34.57749082270272,1.0877899458823066,31.75614625999998,38.20595000000003,0.6360926002864842,8.816303841429848,1.0
Y2023_LAT23.68083_LON90.29865,2023,90.29865210710203,23.680825449623452,20,34.394208532793115,34.389645219500025,0.8416056544365426,32.308156490000016,37.084839439999996,0.620712420348234,8.093698933763452,1.0
Y2023_LAT23.681_LON90.30845,2023,90.30844893653449,23.680996123618623,20,33.702001185377554,33.61221657050001,0.9705794610428571,31.038362060000054,37.31726480000003,0.5955753405019032,8.07399773411498,1.0
Y2023_LAT23.68117_LON90.31825,2023,90.31824585795898,23.681166179057755,20,34.331110255362304,34.141761457142884,1.2796147935401883,31.31180366000001,38.472555560000046,0.6218167291730514,7.73739641127723,1.0
Y2023_LAT23.68134_LON90.32804,2023,90.32804287068859,23.68133561598389,20,35.25869614337835,35.20241519000002,1.1470372753118636,32.450004320000005,38.50844476999998,0.6125855967892879,7.650400765177372,1.0
Y2023_LAT23.6815_LON90.33784,2023,90.33783997470627,23.68150443436738,20,35.93058023964958,35.741329712000024,1.68850989591519,32.624323340000046,40.331958439999994,0.5930778019438342,7.135000158823711,1.0
Y2023_LAT23.68167_LON90.34764,2023,90.34763716947079,23.68167263416561,20,34.856066287416404,34.70477445628574,1.4613351538198538,31.892867060000015,39.58341206,0.629897302553192,6.821799161407824,1.0
Y2023_LAT23.68184_LON90.35743,2023,90.35743445478417,23.681840215417694,20,35.9980490601473,35.97411440230771,1.7023681646477444,32.135546480000016,40.83782540000004,0.6082154348024705,6.133598980704681,1.0
Y2023_LAT23.68201_LON90.36723,2023,90.36723183031991,23.682007177967904,20,35.419101226009246,35.16952751857144,1.3714481821952953,32.49102056000004,39.80900138000004,0.5977463385344204,6.803499768823256,1.0
Y2023_LAT23.68217_LON90.37703,2023,90.37702929556154,23.682173521934047,20,37.24359710880879,37.34330583987502,1.4740609200790837,33.32501744000001,42.517782229999995,0.5582482806595424,6.307896743043501,1.0
Y2023_LAT23.68234_LON90.38683,2023,90.38682685035715,23.68233924722738,20,37.39275751633275,37.36462879142859,1.3055266817307738,33.93342500000006,41.08563185000003,0.4958723650233376,6.2403991063518855,1.0
Y2023_LAT23.6825_LON90.39662,2023,90.39662449431165,23.682504353804134,20,37.60516058823532,37.39401488545456,1.4231689852790068,34.70247949999998,41.767526840000016,0.4534583788059681,7.021998849410411,1.0
Y2023_LAT23.68267_LON90.40642,2023,90.4064222271138,23.68266884167841,20,39.36195634596043,39.46010041538463,1.5028865755154774,35.16391220000003,43.79783071999998,0.35676806235448427,7.406399559527339,1.0
Y2023_LAT23.68283_LON90.41622,2023,90.41622004843472,23.682832710833175,20,39.64369457345957,39.64835444000002,1.291054880649653,36.36705524000001,42.57759758000003,0.3467379194793083,7.669900788118575,1.0
Y2023_LAT23.683_LON90.42602,2023,90.42601795782869,23.682995961220236,20,38.5975244092802,39.58764847915496,2.722998265294573,31.838178740000018,42.57247055000005,0.2241509770494249,7.377100443647581,1.0
Y2023_LAT23.68316_LON90.43582,2023,90.43581595517679,23.683158592791173,20,38.520197317125756,39.459358040000026,4.3122677780416225,31.61088041000002,46.59718910000004,0.17761209822913665,6.8850994592915775,1.0
Y2023_LAT23.68332_LON90.44561,2023,90.44561403991838,23.683320605739755,20,42.56958149535515,42.16658067500001,2.83730516149202,33.909498859999985,48.82573814,0.2758886467316601,7.587400691059631,1.0
Y2023_LAT23.68348_LON90.45541,2023,90.45541221193358,23.683481999713646,20,37.86475189303752,38.34999512857145,2.2638818180113223,31.86552290000003,41.213807599999996,0.4025709919773524,7.029275222972434,0.990835797975202
Y2023_LAT23.68364_LON90.46521,2023,90.46521047076008,23.683642774852633,20,36.106993808713995,36.08125618307697,1.4041493983869968,33.0447398,39.73380494000003,0.3993799533257247,6.9971177973189835,0.32373550537705265
Y2023_LAT23.6838_LON90.47501,2023,90.47500881598002,23.683802931209467,20,37.491214750128194,37.452276590000025,1.094170978153625,35.52280430000002,39.79874732000002,0.3260276416667846,7.0,0.07097646605488875
Y2023_LAT23.685_LON90.03397,2023,90.03396981755542,23.68500405169941,20,33.804282497711974,33.703080354483646,1.092226477554243,31.349401880000016,35.857770260000024,0.5951494602100778,8.9003758364653,0.19879147031703914
Y2023_LAT23.68519_LON90.04376,2023,90.04376471264946,23.685191496040034,20,34.74754223875387,34.95494588723474,1.385859332942547,31.417762280000034,37.82996780000002,0.6032660454709433,8.64907729434311,0.9981933472669949
Y2023_LAT23.68538_LON90.05356,2023,90.05355970859381,23.685378322299123,20,35.99677234574993,36.06968750000003,1.5112352227292376,32.37822590000002,40.27043408000003,0.5701678308645021,8.147198339756912,1.0
Y2023_LAT23.68556_LON90.06335,2023,90.06335480496062,23.685564530452844,20,36.353056610027565,36.17137359500002,1.3195230876464046,33.037903760000006,40.24821695000003,0.5850199574490301,8.10209894364582,1.0
Y2023_LAT23.68575_LON90.07315,2023,90.07315000156721,23.685750120436253,20,36.10128017539181,35.67563862285717,1.2838345704314835,34.095780950000034,41.37445453999999,0.5913595550997455,7.727698503174707,1.0
Y2023_LAT23.68594_LON90.08295,2023,90.08294529795054,23.685935092191453,20,35.64692138347545,35.42306822923079,1.10704717669802,33.35919764000005,39.74405899999999,0.5957246696848627,8.623600581649812,1.0
Y2023_LAT23.68612_LON90.09274,2023,90.09274069395413,23.686119445769236,20,35.47002692283798,35.45583121400002,0.6859517135730999,33.29083724000003,37.537727090000004,0.6360413607002576,7.126998972939977,1.0
Y2023_LAT23.6863_LON90.10254,2023,90.10253618903371,23.686303181147174,20,34.47108621838503,34.548420517903246,0.8402826813790466,31.578409220000026,36.38414534000003,0.6784827217974521,7.7176996678819805,1.0
Y2023_LAT23.68649_LON90.11233,2023,90.1123317830009,23.686486298260636,20,34.8802106046809,34.88306489000001,0.5648910824333017,32.87042078000002,36.51061207999999,0.6708266171572661,8.477704600962849,1.0
Y2023_LAT23.68667_LON90.12213,2023,90.12212747545509,23.686668797078124,20,35.08439985725936,35.09953949000001,0.6800547297911098,33.52326260000001,36.756709520000015,0.647815844059927,8.602001884708104,1.0
Y2023_LAT23.68685_LON90.13192,2023,90.1319232660632,23.686850677571027,20,34.9863253037423,34.92063462650002,0.6890678161238181,32.808896419999996,36.94128260000002,0.5995901160816164,7.980902330473347,1.0
Y2023_LAT23.68703_LON90.14172,2023,90.14171915461574,23.68703193971143,20,35.69282344065844,35.6724741373077,1.02651719559717,32.10820232000003,38.81093954000005,0.593165969751191,7.584102748718845,1.0
Y2023_LAT23.68721_LON90.15152,2023,90.15151514060925,23.687212583529078,20,36.501727728787316,36.45263720230771,0.9760906361522408,34.786220990000004,39.08609015000002,0.5819843803891135,7.912999897646942,1.0
Y2023_LAT23.68739_LON90.16131,2023,90.16131122379636,23.68739260891942,20,35.97233956812495,35.92253274421054,0.8419469534250976,33.91291688000001,38.501608730000044,0.6282040415521524,7.233700274941514,1.0
Y2023_LAT23.68757_LON90.17111,2023,90.17110740382451,23.68757201592602,20,35.40501622103069,35.5457982527273,0.895645802977111,33.434394080000004,38.117081480000024,0.6184685860802321,6.592298081402751,1.0
Y2023_LAT23.68775_LON90.1809,2023,90.18090368039647,23.68775080454604,20,34.975320259631594,35.14190869625002,0.9209808903996921,32.24492312000001,36.81823387999998,0.6297913012499818,7.613800722118512,1.0
Y2023_LAT23.68793_LON90.1907,2023,90.19070005308562,23.687928974645676,20,34.79717338246662,34.767684804615406,0.9172447837220464,32.367971839999996,36.94128260000002,0.6551338857744883,7.718998492939418,1.0
Y2023_LAT23.68811_LON90.2005,2023,90.20049652177411,23.68810652627268,20,34.79282041946806,34.925980030000034,0.9555173577009108,32.135546480000016,38.63320250000004,0.6397856421608903,9.001902361893487,1.0
Y2023_LAT23.68828_LON90.21029,2023,90.21029308576458,23.688283459428458,20,33.55851496577502,33.54889775000002,1.1265465976477496,31.49295872000002,36.09703166000003,0.6848273262622075,8.484500570000668,1.0
Y2023_LAT23.68846_LON90.22009,2023,90.22008974511502,23.688459774039266,20,34.55397724167987,34.595191650000025,1.7860056717749437,31.462196540000036,40.48576934000005,0.6456589655938164,8.718899669293728,1.0
Y2023_LAT23.68864_LON90.22989,2023,90.22988649921624,23.688635470068228,20,35.503136956558656,35.65323448872341,1.2790133027503094,32.06889509000004,40.48576934000005,0.6156117882131332,9.042702553894395,1.0
Y2023_LAT23.68881_LON90.23968,2023,90.23968334787638,23.68881054755855,20,37.62976877482276,37.23718547428574,1.5133297121328937,34.760585839999976,42.7348265,0.5415704404155836,7.939399928705806,1.0
Y2023_LAT23.68899_LON90.24948,2023,90.24948029079363,23.68898500645863,20,39.524303867000434,39.48001695500002,2.170928050453714,33.620676170000024,43.886699239999984,0.4272658078295348,7.9213999075293104,1.0
Y2023_LAT23.68916_LON90.25928,2023,90.25927732741697,23.689158846767523,20,39.84555831340232,39.90804627772728,2.140627202518256,33.87531866000003,43.917461419999995,0.407043462824955,8.078198015049493,1.0
Y2023_LAT23.68933_LON90.26907,2023,90.26907445768036,23.689332068339798,20,36.664018390507294,36.52421440448982,2.4525425209949363,31.69120387999999,42.34859024000002,0.5292110975003176,8.381399272234452,1.0
Y2023_LAT23.6895_LON90.27887,2023,90.27887168106732,23.689504671222522,20,35.17537575795906,35.42362913507694,1.0714310624464232,31.872358940000026,38.156388710000016,0.6295292687070746,8.090300106235418,1.0
Y2023_LAT23.68968_LON90.28867,2023,90.2886689973465,23.689676655411855,20,33.86791199093938,33.9211512009091,0.8561393924655465,31.287877520000052,35.99278205000002,0.6550906544511221,9.139200655061929,1.0
Y2023_LAT23.68985_LON90.29847,2023,90.29846640613323,23.68984802094192,20,34.5796416278489,34.517542204754115,0.7276418329775983,32.438041250000026,37.06433132000001,0.6256172536767787,8.92779873858675,1.0
Y2023_LAT23.69002_LON90.30826,2023,90.30826390710382,23.690018767769185,20,35.27431538721799,35.2034823546154,1.1903463881397887,32.13212845999999,38.95107836,0.5598276445796265,8.113897781056227,1.0
Y2023_LAT23.69019_LON90.31806,2023,90.31806149997833,23.690188895715618,20,33.98374537750695,33.42142917655174,1.65596798088301,31.496376740000017,38.89639004000003,0.6255742829337103,8.838299239055276,1.0
Y2023_LAT23.69036_LON90.32786,2023,90.3278591842765,23.69035840490154,20,35.00635080679293,34.889198778604666,1.2348649140030135,32.528618780000045,39.067291039999986,0.6133239058069735,9.05210123776618,1.0
Y2023_LAT23.69053_LON90.33766,2023,90.33765695983121,23.690527295348776,20,37.28199432674023,37.16844946769233,1.3575726341117298,33.798413210000035,40.64983430000001,0.5136144716311866,7.864399840470409,1.0
Y2023_LAT23.6907_LON90.34745,2023,90.34745482628604,23.690695566908847,20,37.86939003284005,37.40292892625002,1.6987750777561885,35.34848527999998,43.76023250000003,0.4921850900908636,7.105798144932466,1.0
Y2023_LAT23.69086_LON90.35725,2023,90.35725278310356,23.69086321961578,20,38.14118926183888,38.16845859312501,1.278430958965865,34.58968484000002,41.01556244000005,0.5118649743718087,6.492699403175768,1.0
Y2023_LAT23.69103_LON90.36705,2023,90.36705083031248,23.691030253398875,20,39.13826099276778,39.20524232720001,1.2237180752495327,35.042572490000026,42.26484875000003,0.44070361027057914,6.654099593058348,1.0
Y2023_LAT23.6912_LON90.37685,2023,90.37684896726971,23.69119666831015,20,36.981646618396795,36.98264064200002,1.4279747047572657,33.29938229000001,40.384937750000006,0.4599310339496749,7.679100842827509,1.0
Y2023_LAT23.69136_LON90.38665,2023,90.38664719377365,23.691362464299498,20,37.587639829272355,37.60979034500002,1.0321009919060176,34.394857700000045,42.34688123000001,0.37603571251691326,7.121898966939975,1.0
Y2023_LAT23.69153_LON90.39645,2023,90.39644550944865,23.691527641360246,20,38.09200994808693,37.95228408714287,1.412110268930466,35.249362700000006,42.14692706000005,0.3497089079280474,7.410100482471165,1.0
Y2023_LAT23.69169_LON90.40624,2023,90.40624391405873,23.6916921993956,20,39.34454502697177,39.376369382613646,1.4252110100218323,35.99790908,43.18771415000003,0.276625101563042,6.714398655993687,1.0
Y2023_LAT23.69186_LON90.41604,2023,90.41604240706675,23.691856138496544,20,39.114478029772805,39.5936512590435,2.291890866052352,32.3098655,42.97750592,0.24413453723337467,6.4662993721169135,1.0
Y2023_LAT23.69202_LON90.42584,2023,90.42584098837877,23.692019458559063,20,39.21487317027498,40.21400450452833,3.800150849271571,32.16289064,46.42628810000002,0.22801529115010605,6.415299312116855,1.0
Y2023_LAT23.69218_LON90.43564,2023,90.43563965751353,23.69218215954913,20,42.40240097119292,42.339931256000014,1.8177137925936275,37.58387035999999,47.12527319000003,0.19207325152225158,6.718093967501047,1.0
Y2023_LAT23.69234_LON90.44544,2023,90.44543841412684,23.69234424145357,20,39.697971282943314,39.82794909956524,1.0599693952906313,35.885114420000036,42.38277044000006,0.24412147944878396,7.663198427292262,1.0
Y2023_LAT23.69251_LON90.45524,2023,90.45523725805928,23.692505704334405,20,39.865077811830794,40.04985785600002,1.214224343357693,36.85241408000002,42.28022984000006,0.2582281188166972,7.578697151408436,1.0
Y2023_LAT23.69267_LON90.46504,2023,90.46503618870872,23.692666548114357,20,37.564935208142664,37.59477107243245,2.339087674145901,32.774716220000016,43.93284251,0.3442484888040428,7.6782890743015635,1.0
Y2023_LAT23.69283_LON90.47484,2023,90.47483520593858,23.692826772691703,20,38.221052066076304,38.28798248000002,1.458082348626251,34.86825347000001,41.12493907999999,0.3127310466701421,9.348756337527586,0.7984819693448358
Y2023_LAT23.69299_LON90.48463,2023,90.4846343094755,23.692986378148444,20,37.573068783031474,37.60096046000001,1.7632241081826483,33.93342500000006,41.818797140000015,0.40679443986970887,14.234368246113503,0.2407663929719799
Y2023_LAT23.69315_LON90.49443,2023,90.49443349863819,23.693145364514095,20,40.40176017373498,40.41399092000006,0.018799109999154306,40.3763927,40.41399092000006,0.32638520756399775,15.0,0.000293090480209331
Y2023_LAT23.69402_LON90.03377,2023,90.03376589628226,23.694024545346963,20,37.34879762133218,37.50183788000004,0.8876292148282956,34.93490486000002,38.89639004000003,0.525371207194047,8.914365438275764,0.07453572056097198
Y2023_LAT23.69421_LON90.04356,2023,90.04356146241442,23.694212069655585,20,36.01477017761874,35.98907919500003,1.6965010594369132,32.17656271999999,39.41251106000004,0.5923050032173786,8.558862457521041,0.9130150781122391
Y2023_LAT23.6944_LON90.05336,2023,90.05335712937642,23.69439897558522,20,35.55530882791543,35.296930145000026,1.4067609273234993,32.450004320000005,39.48087146,0.592848921521824,8.63880182965567,1.0
Y2023_LAT23.69459_LON90.06315,2023,90.06315289686664,23.69458526312828,20,35.469483250730896,35.29987344000002,1.4849066756192821,32.243214110000025,39.983320400000025,0.6112493105035894,8.247698812700287,1.0
Y2023_LAT23.69477_LON90.07295,2023,90.07294876450825,23.694770932261218,20,35.2906540335972,35.36007935920457,0.9991830354960235,32.752499090000015,37.93079939000003,0.6380212275684787,8.065495602332247,1.0
Y2023_LAT23.69496_LON90.08274,2023,90.08274473212296,23.694955982996586,20,35.32300525053055,35.357574105909116,0.9226633252919358,33.00885059000001,37.59583343000003,0.6354485129011601,8.835401578360356,1.0
Y2023_LAT23.69514_LON90.09254,2023,90.09254079918136,23.69514041515422,20,34.93631259223575,34.88966270436365,0.7500184978920681,33.10797317000001,37.42835045000004,0.6373860855645542,7.945699744469383,1.0
Y2023_LAT23.69532_LON90.10234,2023,90.10233696561099,23.695324228837872,20,34.41260488325686,34.61165782571431,1.1287682377610002,31.848432800000012,36.954954680000014,0.6610183347338262,8.585002752954122,1.0
Y2023_LAT23.69551_LON90.11213,2023,90.1121332307547,23.695507423993153,20,35.00526149963589,35.04723978009953,0.6301691987579686,32.49614759000002,37.75989839000002,0.6637855319479615,7.997801166123139,1.0
Y2023_LAT23.69569_LON90.12193,2023,90.12192959448173,23.695690000641797,20,35.07765850173212,35.23255743500002,0.7740068196491567,32.61748729999999,36.96691774999999,0.6406292058177713,8.398804229666949,1.0
Y2023_LAT23.69587_LON90.13173,2023,90.1317260564157,23.69587195872346,20,34.88388921776253,34.78334265736844,1.5633135969960261,31.759564280000006,42.064894580000015,0.6195556008397155,7.316903844253365,1.0
Y2023_LAT23.69605_LON90.14152,2023,90.14152261628611,23.69605329816605,20,35.09234269237606,35.23442264483873,1.022914492733855,32.20390687999998,37.85047592000004,0.5964790438205015,7.609200513884756,1.0
Y2023_LAT23.69623_LON90.15132,2023,90.1513192735837,23.696234018970106,20,35.55577584825997,35.54693150000003,1.153182793562383,33.14898941000004,38.51698982000002,0.604351166728155,7.965097482811674,1.0
Y2023_LAT23.69641_LON90.16112,2023,90.1611160282094,23.696414121172545,20,35.62107201309022,35.61807167139536,0.6570219347613673,33.953933120000016,37.33777292000002,0.6339820557138521,7.181200852709879,1.0
Y2023_LAT23.69659_LON90.17091,2023,90.17091287966808,23.69659360474074,20,34.64056717883007,34.57145540000002,0.598471619944525,33.297673280000026,37.24548637999999,0.6676098675243848,7.122298222579859,1.0
Y2023_LAT23.69677_LON90.18071,2023,90.18070982763672,23.6967724695766,20,34.17321381101025,34.173699146666685,0.9090091776041704,32.070604100000025,36.88659428,0.6374750872839489,7.4485974051642465,1.0
Y2023_LAT23.69695_LON90.19051,2023,90.19050687186817,23.696950715691802,20,34.86112032626096,34.92059190125002,0.8166179122636936,32.22441500000002,36.68151308000006,0.6375937901216692,8.226596360453444,1.0
Y2023_LAT23.69713_LON90.2003,2023,90.20030401191951,23.69712834307055,20,35.74434963494569,35.67950737076925,0.7980937832759853,33.31647239000006,37.94276246000001,0.6356107180395699,8.24079878022955,1.0
Y2023_LAT23.69731_LON90.2101,2023,90.21010124757622,23.69730535159487,20,34.030814213476916,33.759960485000015,1.464983858382112,31.581827239999996,37.33264589000004,0.6711774243244678,8.075300354354608,1.0
Y2023_LAT23.69748_LON90.2199,2023,90.21989857844044,23.69748174142072,20,35.3221733166324,35.60434849142858,1.3261016130327676,32.062059050000016,38.30165456000003,0.6402923635718861,8.109098160461931,1.0
Y2023_LAT23.69766_LON90.2297,2023,90.22969600417127,23.697657512448863,20,35.23188244927636,35.30041937375002,1.1983827432934053,32.220996979999995,39.78336623000004,0.6199504750913457,8.78800135530049,1.0
Y2023_LAT23.69783_LON90.23949,2023,90.23949352444232,23.69783266458546,20,37.25131334336569,37.09314238025002,1.2435017518880653,34.350423439999986,43.351779109999995,0.5950622891537382,8.740301130828824,1.0
Y2023_LAT23.69801_LON90.24929,2023,90.2492911389818,23.698007197814498,20,39.13844336827721,37.962294002857156,3.029402026891823,33.92146193000002,44.63182760000004,0.49112533325450747,8.509702398599504,1.0
Y2023_LAT23.69818_LON90.25909,2023,90.25908884729992,23.698181112186607,20,36.79189283718767,36.21749828880437,1.6694038974135816,34.567467710000045,43.322725940000026,0.5874381766230524,8.020198918583153,1.0
Y2023_LAT23.69835_LON90.26889,2023,90.26888664922271,23.698354407670063,20,35.258576148966924,35.29657906930234,1.1973980374252282,31.846723790000055,38.12391752000002,0.6005790530284693,8.46399983058743,1.0
Y2023_LAT23.69853_LON90.27868,2023,90.27868454438945,23.69852708423566,20,35.03432926062866,35.29391089400001,1.1789102570316612,31.918502210000014,37.93934444000001,0.6142275087025113,8.242503494134068,1.0
Y2023_LAT23.6987_LON90.28848,2023,90.28848253235476,23.698699141812764,20,34.70380252726978,34.85929932812083,0.9744419611518161,31.720257049999987,38.46913754000002,0.6434386287695463,8.363700535061332,1.0
Y2023_LAT23.69887_LON90.29828,2023,90.29828061303134,23.698870580411132,20,35.46870218324163,35.295671358064546,1.0905401425791181,31.85697785000002,38.20253198,0.6145050497448316,8.097895754803561,1.0
Y2023_LAT23.69904_LON90.30808,2023,90.30807878574694,23.699041399940448,20,34.58903694924948,34.65181077152002,1.562436293575009,29.910415460000024,38.657128639999996,0.644560376277784,8.133193567969716,1.0
Y2023_LAT23.69921_LON90.31788,2023,90.3178770504813,23.699211600501837,20,33.917489946881105,33.840768944324346,1.695939170226928,29.78736674000004,39.969648320000005,0.6183726487147788,8.164894893623,1.0
Y2023_LAT23.69938_LON90.32768,2023,90.32767540665867,23.699381182078024,20,35.059082569382454,34.98709070107145,0.8665223041454213,32.554253930000044,37.80945968000003,0.628666697514119,9.485102282834236,1.0
Y2023_LAT23.69955_LON90.33747,2023,90.33747385414618,23.699550144458456,20,35.656005703060295,35.5469933646154,1.1913824501587047,32.38164391999999,39.20742986000005,0.5824800327511418,8.499999999999995,1.0
Y2023_LAT23.69972_LON90.34727,2023,90.34727239253493,23.69971848774044,20,37.60488280117131,37.15906485159093,2.0149931267605243,33.38995982,42.79976887999999,0.481900923823516,7.888999477644591,1.0
Y2023_LAT23.69989_LON90.35707,2023,90.35707102131262,23.699886211934867,20,39.03371151962961,38.98249785153848,1.3440283898963123,36.332875040000005,42.98775998000002,0.40039190365281485,7.386599466350408,1.0
Y2023_LAT23.70005_LON90.36687,2023,90.36686974043921,23.70005331705588,20,38.432973206243695,38.39131185384617,1.3820920591690775,35.66123411000001,42.45113084000002,0.39126944179094836,7.286003698840917,1.0
Y2023_LAT23.70022_LON90.37667,2023,90.37666854943967,23.70021980290226,20,38.03288038880432,37.921011423636386,1.354643989571674,34.82894624000005,42.47505697999998,0.3614689681184685,7.322801519065966,1.0
Y2023_LAT23.70039_LON90.38647,2023,90.3864674479825,23.700385669579653,20,39.4308228947756,39.423553893846176,1.2839428526536814,36.18590018000003,42.94845275000003,0.30041168862671674,6.732296387277105,1.0
Y2023_LAT23.70055_LON90.39627,2023,90.3962664357762,23.70055091706898,20,40.170891763158245,39.91894769000001,1.346486426588401,36.73620140000003,43.58249546000002,0.22539876180272547,6.728798723758685,1.0
Y2023_LAT23.70072_LON90.40607,2023,90.40606551240806,23.700715545358978,20,39.76534539475286,40.0265413933588,1.909979079120938,32.726863940000044,44.64379066999999,0.2029757460917457,6.739898775994235,1.0
Y2023_LAT23.70088_LON90.41586,2023,90.41586467757924,23.700879554301107,20,38.69407770859731,39.09019177400002,2.8040093240858592,32.05864103000002,44.12596064000002,0.2039334817481087,6.310896757161196,1.0
Y2023_LAT23.70104_LON90.42566,2023,90.4256639310151,23.701042944001834,20,40.210066292933696,40.016987897000014,1.2833033508711167,37.050659240000016,43.996075880000035,0.22695676837404993,8.807494388208868,1.0
Y2023_LAT23.70121_LON90.43546,2023,90.43546327232818,23.701205714455323,20,40.87324553883383,40.90762386939026,1.7775211317875892,33.608713100000045,47.101347050000044,0.21236785408641892,9.40959722163398,1.0
Y2023_LAT23.70137_LON90.44526,2023,90.44526270110596,23.70136786549647,20,40.62786054824351,40.45735704875001,1.3630036282101339,37.42151441000004,43.490208919999986,0.1847298781133237,10.25470119859388,1.0
Y2023_LAT23.70153_LON90.45506,2023,90.45506221733368,23.701529397245388,20,40.9830315952172,41.171786060000024,1.674451555013094,37.265994500000005,44.18748500000004,0.2309343203502377,12.636902997190552,1.0
Y2023_LAT23.70169_LON90.46486,2023,90.46486182016598,23.701690309568644,20,41.91809370808975,41.903145052903255,2.033825356793339,36.878049230000016,47.13040022000001,0.273661389718475,12.277402481893999,1.0
Y2023_LAT23.70185_LON90.47466,2023,90.47466150976898,23.70185060251837,20,37.80674307719551,37.41218552834588,1.5396843846119659,34.86825347000001,43.25094752000001,0.32331834050112546,12.785806050851958,1.0
Y2023_LAT23.70201_LON90.48446,2023,90.48446128547123,23.70201027610431,20,36.91658281165942,37.22552014121953,1.6508879572562174,33.40363190000005,41.45306900000003,0.41134729277539006,14.87879942964434,1.0
Y2023_LAT23.70217_LON90.49426,2023,90.49426114708672,23.70216933015094,20,39.34014768293423,39.238317411389986,1.0158060538215943,37.38562520000005,42.574179560000005,0.3297387079534441,13.539940172488114,0.5774816524514468
Y2023_LAT23.70233_LON90.50406,2023,90.50406109430696,23.70232776480464,20,39.69243459076029,39.4813524606823,1.075176407511044,38.43495733999998,45.76661023999998,0.360107183690606,14.273631969395417,0.13851761411850588
Y2023_LAT23.70305_LON90.03356,2023,90.03356187373501,23.70304502682764,20,38.916104941642125,38.937406280000005,0.6252770968463017,37.70008304000004,39.85343563999999,0.4592241467887783,8.0,0.01466494790596868
Y2023_LAT23.70323_LON90.04336,2023,90.04335811127598,23.70323263107383,20,37.58388930804967,37.67304960909093,1.2614128500291606,34.5657587,40.86858758000005,0.5240566068978961,8.701370793023234,0.7229831418703107
Y2023_LAT23.70342_LON90.05315,2023,90.05315444962596,23.703419616738838,20,38.542245905777,38.60382067423078,1.4108937186359374,35.52622232000002,42.051222499999994,0.524122587114532,7.9738998771758975,1.0
Y2023_LAT23.70361_LON90.06295,2023,90.06295088851031,23.703605983712084,20,36.425068883188494,35.77884761786887,1.918667317797243,33.072083959999986,42.03242339000002,0.575452074715618,7.905199888470455,1.0
Y2023_LAT23.70379_LON90.07275,2023,90.0727474277177,23.703791731950638,20,36.05270295662418,36.04686719000002,1.1790923217507772,33.12335426000004,39.76114910000004,0.5930496452275089,8.058598892469286,1.0
Y2023_LAT23.70398_LON90.08254,2023,90.08254406670223,23.703976861512988,20,35.652818255732214,35.612405252857165,1.2584008244365241,33.174624559999984,40.16960248999999,0.5986353429714772,8.64940070306214,1.0
Y2023_LAT23.70416_LON90.09234,2023,90.09234080534179,23.704161372369022,20,34.4719606193007,34.231903596500025,0.9158752032741,32.16630866,37.80091463000002,0.6179820295753192,8.013800016235312,1.0
Y2023_LAT23.70435_LON90.10214,2023,90.10213764325344,23.70434526445813,20,34.8484229330502,34.735805195000026,0.9392697687006593,32.26714025000004,37.63684967000003,0.6109462437308429,8.380100447176996,1.0
Y2023_LAT23.70453_LON90.11193,2023,90.11193457991276,23.70452853774023,20,35.70554530863727,35.579561421578966,0.710752382089713,33.988113320000025,38.82802964000004,0.6455262254469658,8.349501644713625,1.0
Y2023_LAT23.70471_LON90.12173,2023,90.12173161533806,23.704711192214116,20,35.47480755822009,35.45446474158538,0.8141939457532275,32.67559363999999,37.61463254,0.6322527200255286,8.376800443294638,1.0
Y2023_LAT23.70489_LON90.13153,2023,90.13152874889356,23.704893227843872,20,34.74434541653844,34.76952152085716,0.9581090188099814,32.104784300000006,37.69153799,0.6246702077229235,7.633000744706759,1.0
Y2023_LAT23.70507_LON90.14133,2023,90.14132598032158,23.70507464463464,20,34.5535060539829,34.51756461800003,0.6665383491094301,32.709773840000025,36.92419250000003,0.613394704325851,8.777003656487794,1.0
Y2023_LAT23.70526_LON90.15112,2023,90.15112330946769,23.70525544248744,20,35.03339897998686,35.07900138736845,0.8770547653329089,32.55254492000006,37.771861460000025,0.6115257571443189,8.463899369293372,1.0
Y2023_LAT23.70544_LON90.16092,2023,90.16092073565879,23.705435621509512,20,34.731862537466505,34.854482316956535,0.8075910328283015,32.28935738000001,36.674677040000006,0.653183270474975,7.729300858001004,1.0
Y2023_LAT23.70562_LON90.17072,2023,90.17071825891546,23.705615181505287,20,34.245402926141416,34.35407450681819,0.8554563762567517,31.932174290000006,36.22008038000001,0.6572296998518387,7.555697909166638,1.0
Y2023_LAT23.70579_LON90.18052,2023,90.1805158787244,23.705794122595467,20,34.72385580815441,34.61351045000002,0.9052420824298967,32.36284481000001,38.12733553999999,0.6406461573035899,8.562299485058217,1.0
Y2023_LAT23.70597_LON90.19031,2023,90.19031359471515,23.70597244471462,20,35.7553975372551,35.797657690869585,0.9430597487158914,32.761044140000024,38.22304010000005,0.63117053693564,8.301299177999033,1.0
Y2023_LAT23.70615_LON90.20011,2023,90.20011140659537,23.70615014776379,20,35.30984898233493,35.45609778064518,1.081996458691597,32.30986550000003,37.63514065999999,0.6431797529579667,8.415699603292255,1.0
Y2023_LAT23.70633_LON90.20991,2023,90.20990931418312,23.706327231841282,20,35.28781466197638,35.57806229000001,1.7272324378941375,31.318639700000006,38.96475043999999,0.6440639411947905,7.994599993647052,1.0
Y2023_LAT23.7065_LON90.21971,2023,90.21970731686676,23.706503696837245,20,36.668349375637376,36.275518997073206,2.1553734465411765,32.26714025000001,41.30780315000001,0.5588410916220587,7.948673315359178,0.8202381080181642
Y2023_LAT23.70668_LON90.22951,2023,90.2295054145378,23.706679542718494,20,36.86555584829686,36.549644910178415,1.36834117739432,33.63263924,40.514822510000045,0.6166169509798524,8.382324570277758,0.7664186720809548
Y2023_LAT23.70685_LON90.2393,2023,90.2393036067637,23.70685476956079,20,36.209503015971634,36.259197720000024,1.107837999983726,33.379705760000036,38.96133242000002,0.6078470114896055,8.977783036695074,1.0
Y2023_LAT23.70703_LON90.2491,2023,90.24910189328038,23.70702937723754,20,35.784139104100504,35.7694455159091,0.8457553842858161,32.986633460000036,38.09315534000001,0.6599748146483141,8.876901031648272,1.0
Y2023_LAT23.7072_LON90.2589,2023,90.25890027363418,23.707203365788224,20,36.17722443234255,36.30034281392858,0.9208934046345961,33.871900640000035,38.32728971,0.6329882467328918,8.187500882357094,1.0
Y2023_LAT23.70738_LON90.2687,2023,90.26869874760163,23.70737673517037,20,36.948620100314756,36.862310440232584,0.8378433785674801,34.05134669000003,39.231356000000005,0.5839734468605348,8.007800009176481,1.0
Y2023_LAT23.70755_LON90.2785,2023,90.27849731481605,23.707549485322676,20,35.60562698292041,35.589455690000015,2.071012544512264,31.25711534000004,39.67057157000002,0.5740086696768112,7.802500944118756,1.0
Y2023_LAT23.70772_LON90.2883,2023,90.28829597489661,23.707721616278636,20,35.06345689958205,35.149845733076944,1.370987863009108,31.698039920000042,39.77482118,0.6119073135531784,8.811306170852573,1.0
Y2023_LAT23.70789_LON90.29809,2023,90.29809472761363,23.707893127929356,20,35.651661933728626,35.61131302842108,1.1187973350264302,32.916564050000005,38.63662052000001,0.6117162014635412,8.296700349059236,1.0
Y2023_LAT23.70806_LON90.30789,2023,90.3078935725446,23.708064020351678,20,35.98507597611265,35.95487310090911,1.153209009189407,32.96954336000002,39.70646078000004,0.5673382344436015,8.901899884588097,1.0
Y2023_LAT23.70823_LON90.31769,2023,90.3176925094649,23.70823429348737,20,33.70217362079048,33.763058065625025,1.0526257569796234,30.653834810000006,36.954954680000014,0.6293939918090004,9.431299676704365,1.0
Y2023_LAT23.7084_LON90.32749,2023,90.327491537878,23.70840394726484,20,36.25460654032783,35.34809089307694,2.4033685294286133,32.74908107000002,44.607901459999994,0.545770120608768,8.667998432939333,1.0
Y2023_LAT23.70857_LON90.33729,2023,90.33729065754324,23.70857298171479,20,37.01318765779008,36.339589007857164,2.2970956952392694,33.51300853999999,44.98730168000003,0.5101685238491099,8.105998948234056,1.0
Y2023_LAT23.70874_LON90.34709,2023,90.34708986814353,23.708741396866237,20,36.996305632188964,36.884030765000034,1.0666244772716709,34.47347216000003,39.79703831000003,0.47800941151826465,7.851996950573885,1.0
Y2023_LAT23.70891_LON90.35689,2023,90.35688916927478,23.708909192524068,20,37.627989687287915,37.972578328677706,1.655919295599685,30.74612135000001,40.619072120000055,0.37829009292933674,7.51399942823462,1.0
Y2023_LAT23.70908_LON90.36669,2023,90.36668856077274,23.709076368808944,20,38.34926825790211,38.59645878500004,3.772122237839789,31.038362060000026,44.397693230000016,0.2376865780780244,6.402600473647612,1.0
Y2023_LAT23.70924_LON90.37649,2023,90.37648804206883,23.709242925688336,20,39.19895350649349,40.47269169826089,3.4023034577336393,31.152865730000002,44.56688522000002,0.19639043566360467,6.767301257888273,1.0
Y2023_LAT23.70941_LON90.38629,2023,90.38628761296698,23.70940886311279,20,37.83449774744733,38.972929273571445,3.151807514607534,31.185336920000054,43.78074062000002,0.20147248300360548,8.679101975414085,1.0
Y2023_LAT23.70957_LON90.39609,2023,90.39608727315374,23.709574181013647,20,39.098706724076166,39.84478377687501,2.699236356504691,31.240025240000023,44.68822492999999,0.1780325093968709,9.559903011650606,1.0
Y2023_LAT23.70974_LON90.40589,2023,90.40588702222212,23.709738879499763,20,39.33145661081352,39.78104957200003,2.4112752468116216,31.781781410000008,42.86129324000001,0.19646003974446677,11.199719763387122,1.0
Y2023_LAT23.7099_LON90.41569,2023,90.41568685985507,23.709902958407614,20,39.621351981872,39.424474130000014,1.2684853984948838,36.84557804000002,42.94674373999999,0.21276160312490403,13.013807075067142,1.0
Y2023_LAT23.71007_LON90.42549,2023,90.42548678580424,23.71006641772951,20,41.63579906134177,41.509039077500034,1.6657052671809005,38.09315534000001,45.8281346,0.19504497107406638,13.049500058235354,1.0
Y2023_LAT23.71023_LON90.43529,2023,90.43528679955372,23.710229257551543,20,42.29411194223258,42.15995248756759,1.947176335850619,37.344608960000016,48.74028764000002,0.19535135306021822,12.57840272189517,1.0
Y2023_LAT23.71039_LON90.44509,2023,90.44508690096535,23.71039147781732,20,43.369977838048875,42.911331463023274,2.603509235074449,37.330936880000024,52.33946270000001,0.21887589762747017,13.717703197297874,1.0
Y2023_LAT23.71055_LON90.45489,2023,90.45488708964757,23.71055307837448,20,42.275043909403664,41.84468037209679,2.0249374542389202,38.14442564000001,50.36726515999999,0.27835568470462785,14.4335005100006,1.0
Y2023_LAT23.71071_LON90.46469,2023,90.46468736510884,23.71071405932823,20,40.89753037960422,40.842493915121985,1.3365191009960644,36.99938894000002,45.39404606000002,0.32732334551780584,14.139603009896522,1.0
Y2023_LAT23.71087_LON90.47449,2023,90.47448772728887,23.710874420619206,20,40.365377884361806,40.42348542000001,1.2943694407350106,37.101929540000015,43.66794596,0.30523374998622455,14.328701563178305,1.0
Y2023_LAT23.71103_LON90.48429,2023,90.48428817568954,23.71103416224019,20,39.427754305112444,39.51499653064518,1.3432053003114344,36.03892532000003,42.46822094000004,0.35347574742765747,14.206199066116556,1.0
Y2023_LAT23.71119_LON90.49409,2023,90.49408870996135,23.711193284189665,20,40.74017711949392,40.733575790000025,0.9634298251599008,38.05897514000003,42.929653640000026,0.3088929881807135,14.664298420227858,1.0
Y2023_LAT23.71135_LON90.50389,2023,90.50388932978802,23.71135178639017,20,39.48273678448351,39.89964103276707,2.4596834684772655,32.757626120000054,47.39358776000006,0.307582316402921,14.387353412993455,0.9394654399096479
Y2023_LAT23.71151_LON90.51369,2023,90.51369003493744,23.711509668848223,20,36.67288490084252,35.663512790000034,2.694241069555577,33.30280031000001,42.29390192000005,0.18876492498501454,13.648344680283,0.21717686027085503
Y2023_LAT23.71225_LON90.04315,2023,90.04315465926568,23.712253180440282,20,35.93078520788441,35.99009167855702,1.0174552245411208,33.59162300000003,38.193986929999994,0.6111768701979996,8.162113855044835,0.3644249036530431
Y2023_LAT23.71244_LON90.05295,2023,90.05295166927347,23.712440245698982,20,36.57072113467956,36.298393250000025,1.2543381579576456,33.92658896000003,40.178147540000055,0.6076334718679216,8.347612455884382,0.8629000437617949
Y2023_LAT23.71263_LON90.06275,2023,90.06274877995331,23.71262669208791,20,35.77850948583789,35.640369946250026,0.7415130080686969,33.48566438,39.01772975000006,0.6286092293427509,7.576099501293545,1.0
Y2023_LAT23.71281_LON90.07255,2023,90.07254599089818,23.712812519580314,20,35.66220059441563,35.610661365102054,1.1517794352615267,32.43975025999998,38.27089238000002,0.5935568040538272,7.627183714347613,0.9959923029578431
Y2023_LAT23.713_LON90.08234,2023,90.08234330177807,23.712997728017378,20,36.27154209117804,35.95223190363638,1.6402623416712754,33.36774269000003,40.851497480000035,0.546501800434259,8.414937165220783,0.9698382065999185
Y2023_LAT23.71318_LON90.09214,2023,90.09214071220715,23.71318231749268,20,35.51300584048551,35.03332373000001,1.931332536383237,31.976608550000037,47.46194816000002,0.5749686554257635,8.254199122587217,1.0
Y2023_LAT23.71337_LON90.10194,2023,90.10193822196237,23.713366287914933,20,34.85678048392951,34.89284467844248,0.8487063264223851,31.28104148,37.797496610000024,0.649236147119547,8.720920851598553,0.9920742288486741
Y2023_LAT23.71355_LON90.11174,2023,90.11173583063987,23.71354963930146,20,34.66604637052232,34.670668609318206,1.3814676503195435,31.83988775000003,37.77186146,0.661730483666291,8.405667076876933,0.8150306472776964
Y2023_LAT23.71373_LON90.12153,2023,90.12153353788551,23.713732371656334,20,35.12355026465199,35.23430573258623,0.8845551169601572,32.72002789999999,37.50867392000001,0.6387635337208037,8.447129074072082,0.9872455219304005
Y2023_LAT23.71391_LON90.13133,2023,90.1313313434145,23.713914484865672,20,35.10490173433901,35.20284211610392,0.8617349854015441,32.367971839999996,37.840221860000014,0.6323661599885665,8.098400115764845,1.0
Y2023_LAT23.7141_LON90.14113,2023,90.14112924691034,23.714095978965492,20,35.911155270777314,35.78071936234045,1.8703566835616219,32.57305303999999,42.06147656000002,0.526402070011545,7.708200979769353,1.0
Y2023_LAT23.71428_LON90.15093,2023,90.15092724798122,23.714276853950853,20,37.10827355343161,37.34539773384616,2.200252095182837,32.311574510000014,42.04096844000003,0.5416203884077432,7.92190108458951,1.0
Y2023_LAT23.71446_LON90.16073,2023,90.16072534631115,23.714457109668174,20,35.8454512771906,35.77871634028573,1.7117623023305588,32.28252134000002,40.424244980000026,0.5672259499240309,8.020700024352974,1.0
Y2023_LAT23.71464_LON90.17052,2023,90.17052354161397,23.714636746246512,20,34.969702906213385,34.777259108292704,1.5713524717929186,31.76127329000002,41.15570126000003,0.6079080302488171,7.455197436223252,1.0
Y2023_LAT23.71482_LON90.18032,2023,90.18032183351161,23.714815763575718,20,35.63384071401432,35.65711804366198,1.6254763004911084,32.40044302999999,41.917919719999986,0.5783506572894589,7.459222552893687,0.999699658317168
Y2023_LAT23.71499_LON90.19012,2023,90.19012022165946,23.714994161677122,20,36.91355644129171,36.718971217213145,1.4948927735001523,33.029358710000025,41.40350771000004,0.5969788760032825,8.394014748756643,0.9618972139242833
Y2023_LAT23.71517_LON90.19992,2023,90.19991870576271,23.715171940552505,20,36.47423850814895,36.428335455714304,0.945454755618886,34.347005420000016,39.347568679999995,0.6107398876325931,8.43339968658677,1.0
Y2023_LAT23.71535_LON90.20972,2023,90.20971728542136,23.715349100086577,20,35.80203012596201,35.720634414714304,1.6844754802217425,32.43633224000001,41.68207633999998,0.5834858053958243,8.760951519536903,0.9824760956883379
Y2023_LAT23.71553_LON90.21952,2023,90.21951596044296,23.71552564026661,20,36.71073455036192,36.82848794000006,1.2932177784225927,33.10284614,39.94572218000002,0.6033628824700282,9.0,0.045263127841659326
Y2023_LAT23.71588_LON90.23911,2023,90.2391135948237,23.715876862690298,20,37.729365175437835,37.83413200746482,1.6744042547861924,34.07014579999998,42.70235531000003,0.5117217398204214,8.987332165791008,0.18461173698126251
Y2023_LAT23.71605_LON90.24891,2023,90.24891255363129,23.716051544785955,20,37.00327124495669,36.933079352000014,0.5898004063302128,35.87827837999998,38.609276360000024,0.6226161256513786,8.739102799986615,0.21316057816410838
Y2023_LAT23.71623_LON90.25871,2023,90.25871160641132,23.716225607492657,20,36.85356073332591,36.78789895250003,0.6292978775066286,35.08187972000002,38.851955780000026,0.6168105255406265,8.159093425207137,0.810373289121435
Y2023_LAT23.7164_LON90.26851,2023,90.2685107526447,23.71639905068736,20,35.90472095372988,36.26352521315791,1.6373074843337756,31.817670620000058,39.47745343999998,0.5437109098635451,8.67029961211719,1.0
Y2023_LAT23.71657_LON90.27831,2023,90.27830999232893,23.716571874457628,20,35.30472109948222,35.63863720000001,1.2206438150504741,31.766400320000002,38.53407992000001,0.612053261435368,8.044901229295577,1.0
Y2023_LAT23.71674_LON90.28811,2023,90.28810932485533,23.716744078749503,20,35.8728109015424,35.78558264042255,1.0800557188079407,34.039383620000024,42.11103785,0.6108185976010888,8.251101181652647,1.0
Y2023_LAT23.71692_LON90.29791,2023,90.29790875007798,23.716915663572223,20,36.12318086472796,36.09183804519483,1.3946274907341683,32.24492312000001,42.30073795999999,0.5866238712345779,8.939099928352851,1.0
Y2023_LAT23.71709_LON90.30771,2023,90.30770826742497,23.717086628839887,20,35.66151933606225,35.51368958000002,1.2071651587610426,32.63286839000003,40.444753100000014,0.6100779231280168,8.457899362234562,1.0
Y2023_LAT23.71726_LON90.31751,2023,90.31750787684767,23.71725697455599,20,35.61999607363852,35.59267265000002,1.1827668027264404,32.63286839000003,41.029234520000045,0.6288397955957999,8.144798328462734,1.0
Y2023_LAT23.71743_LON90.32731,2023,90.32730757777604,23.717426700615942,20,36.30448900596037,35.21764548500003,2.9685623805272634,32.63799542000004,44.54637710000003,0.49373554421194427,8.280800330353333,1.0
Y2023_LAT23.7176_LON90.33711,2023,90.33710737004323,23.717595807190335,20,39.1730548869172,38.70774452867007,2.731028772955404,34.670008310000014,44.95995751999999,0.3709742265192719,9.023195321406273,1.0
Y2023_LAT23.71776_LON90.34691,2023,90.34690725325221,23.717764294034538,20,37.00168285639865,36.951391828644084,0.9377298971870327,34.94174090000001,39.67911662000006,0.4891616550581597,8.446285629579439,1.0
Y2023_LAT23.71793_LON90.35671,2023,90.35670722699012,23.717932161248285,20,35.795888985910544,35.895938150000035,2.8303333103573967,29.94801368000003,42.41353262000001,0.34882031890837384,8.610698365527501,1.0
Y2023_LAT23.7181_LON90.36651,2023,90.36650729109517,23.71809940882346,20,41.71030833978213,41.45221449500002,1.2708540765277192,38.28798247999998,45.07275218000001,0.2010110230405705,10.124298969763501,1.0
Y2023_LAT23.71827_LON90.37631,2023,90.37630744512458,23.718266036684437,20,41.612136409228285,41.826316784000014,1.307770979777393,37.25232242000004,44.92235930000004,0.2046341366931064,11.662996061157957,1.0
Y2023_LAT23.71843_LON90.38611,2023,90.38610768871601,23.71843204482442,20,40.79457322942761,40.662377212678585,1.8735768232464423,36.91393844000004,46.884302779999985,0.21790699453845416,12.287897985762356,1.0
Y2023_LAT23.7186_LON90.39591,2023,90.39590802162641,23.71859743325179,20,39.684496829071094,39.70501071090911,0.8483258545145078,37.28650262000002,42.01533329,0.2475685069291258,14.089700105529563,1.0
Y2023_LAT23.71876_LON90.40571,2023,90.40570844351599,23.718762201795112,20,40.341551538277564,40.360471922631596,0.9646527704271857,37.90858226,43.95505964000006,0.18079224602626576,12.98039755481205,1.0
Y2023_LAT23.71893_LON90.41551,2023,90.41550895382954,23.718926350723773,20,40.35207995735609,40.57805588000002,1.3346630666274575,35.43735379999998,43.00314107000003,0.22020842919967712,14.143001344707494,1.0
Y2023_LAT23.71909_LON90.42531,2023,90.42530955264697,23.71908987976377,20,40.77387455860962,40.34186064500002,1.964564032533317,36.12950285000002,46.173354620000055,0.23366306710246776,12.628299562705386,1.0
Y2023_LAT23.71925_LON90.43511,2023,90.43511023925143,23.71925278896357,20,40.20820665008353,40.40373686000002,2.641427665835288,32.84307662000003,45.53418488,0.2998240585230453,12.655203083308663,1.0
Y2023_LAT23.71942_LON90.44491,2023,90.4449110135486,23.719415078266074,20,39.050396816903614,38.308201382923095,2.841112058531344,32.84307662000003,50.57576438000001,0.47483744911282844,13.66910314012133,1.0
Y2023_LAT23.71958_LON90.45471,2023,90.45471187502976,23.71957674775833,20,40.88755775204932,40.78860591200002,3.3961616575437854,33.69587261000001,49.08208964000005,0.3167483341233026,12.9736034983571,1.0
Y2023_LAT23.71974_LON90.46451,2023,90.46451282347572,23.719737797334236,20,39.64510232543981,39.06286315045456,2.9239661820058824,33.82746638000003,50.63045269999998,0.3641369919111431,13.339703951548033,1.0
Y2023_LAT23.7199_LON90.47431,2023,90.47431385864579,23.719898227019485,20,40.276612978744176,39.904193237000015,2.7115014568353017,33.48224636000003,49.10259775999998,0.3486264614779386,14.826599795999789,1.0
Y2023_LAT23.72006_LON90.48411,2023,90.48411497992795,23.720058036749826,20,39.88608264511333,40.09351867942309,1.9083190744560978,35.297214980000035,43.92429746000005,0.3270754562242741,13.883599863058675,1.0
Y2023_LAT23.72022_LON90.49392,2023,90.49391618722424,23.720217226468566,20,40.70024496191416,40.443772001666694,2.802690410915385,34.59993890000001,51.21493412000001,0.324081225977316,13.732098739288237,1.0
Y2023_LAT23.72038_LON90.50372,2023,90.50371748011912,23.72037579625026,20,36.21929011630279,35.15389455638924,2.729897044167241,33.06012089000001,43.02535820000003,0.19682621807659584,13.449466124143202,0.26522726367366495
Y2023_LAT23.72146_LON90.05275,2023,90.05274878835802,23.721460862509293,20,35.82216845414169,35.78627667500002,1.150133926263867,33.29596427000001,38.80239449000001,0.6115169853365249,8.0,0.4851296813296487
Y2023_LAT23.72165_LON90.06255,2023,90.0625465711389,23.721647388393826,20,34.910443953824156,34.796902302500015,1.6545071603282722,32.28764837000003,39.09463520000003,0.6315165154688386,8.09517728179465,0.7256338695947312
Y2023_LAT23.72183_LON90.07234,2023,90.07234445423342,23.721833295021217,20,34.61787065129634,34.930549047803815,0.850315063773401,32.06718608,36.004745119999995,0.6420996717506562,8.260881699024159,0.387937163252123
Y2023_LAT23.72202_LON90.08214,2023,90.08214243713324,23.722018582365706,20,35.54977184961266,35.29166135179174,1.2521885672012874,33.314763380000045,40.475515280000025,0.5946774207273651,8.83496931529736,0.4463550704891931
Y2023_LAT23.7222_LON90.09194,2023,90.09194051985853,23.722203250488853,20,34.730503623251856,34.59230340450133,1.3145749850450414,32.743954040000006,43.14840692000004,0.6549184818896439,8.295600920906915,0.9778958880295803
Y2023_LAT23.72239_LON90.10174,2023,90.10173870171215,23.72238729928123,20,35.16026830861156,35.159240906000015,1.2515522711323277,32.37480788000005,43.54489724000001,0.6457941553388283,8.217472957314952,0.9227462883631457
Y2023_LAT23.72257_LON90.11154,2023,90.11153698272746,23.722570728826035,20,35.7703283449722,36.165392060000045,0.9657229405965237,33.69929063000001,37.47449372000003,0.5842912642323917,8.895029673590507,0.01920679361958292
Y2023_LAT23.72275_LON90.12134,2023,90.12133536220219,23.722753539004486,20,34.727763718569804,34.76854401554096,0.6082610664956668,33.253239020000024,38.00257781000005,0.6335652686827383,8.477092103000965,0.6523810902144082
Y2023_LAT23.72294_LON90.13113,2023,90.13113384005356,23.722935729858083,20,35.4043372301728,35.23611787250002,1.3495582274517894,32.63799542000004,39.66544454000001,0.5718505520583357,7.942502082362711,1.0
Y2023_LAT23.72312_LON90.14093,2023,90.14093241582901,23.72311730120901,20,35.614782667855884,36.091107092000016,1.9427137517786535,31.01785394000001,39.97990238,0.5895187720832463,7.388000649414808,1.0
Y2023_LAT23.7233_LON90.15073,2023,90.15073108927966,23.723298253293567,20,34.03559397302127,34.341746927692334,1.973527394469524,30.732449270000018,39.57999404000003,0.6721719648678126,8.137005350613384,1.0
Y2023_LAT23.72348_LON90.16053,2023,90.16052985997881,23.72347858588141,20,36.425302666767486,35.96946957167709,1.8434800818467814,32.58672512000001,40.97625521000003,0.5865840134795381,8.146653308525357,0.529207452986026
Y2023_LAT23.72366_LON90.17033,2023,90.17032872769948,23.723658298978677,20,36.93287426808199,37.22805447800001,2.2513439578300076,32.09794826000001,41.76410882000005,0.49587710170111726,7.503986004254391,0.5449158448555399
Y2023_LAT23.72384_LON90.18013,2023,90.18012769201721,23.723837392595122,20,38.489506721546974,38.43068481500002,1.6091419066257235,32.752499090000015,41.12835710000002,0.5350446994072025,8.564124831913942,0.1280105575717581
Y2023_LAT23.72402_LON90.18993,2023,90.18992675270556,23.72401586672108,20,34.94201619507178,35.085297740000016,0.8094687602063705,33.48053735000002,36.490103960000056,0.3784156179076366,8.110047846889952,0.006702250473896483
Y2023_LAT23.72419_LON90.19973,2023,90.19972590928332,23.72419372129912,20,37.850015635801846,37.94618048000001,0.702466845217332,35.43735379999998,39.080963120000035,0.5579834324850695,8.18052843193567,0.06239897351717307
Y2023_LAT23.72437_LON90.20953,2023,90.20952516150587,23.724370956323977,20,37.7253444043408,38.296527530000006,1.9153338111967468,32.91485504000002,40.04313575000003,0.4976229455057136,8.00211625282167,0.10146986718585006
Y2023_LAT23.7249_LON90.23892,2023,90.2389234886288,23.724898943745163,20,33.21981712245035,33.06524792000002,0.6884949228048336,32.90630999000001,34.847745350000025,0.30669350354679376,8.0,0.002136192908122479
Y2023_LAT23.72507_LON90.24872,2023,90.24872312013223,23.725073700287105,20,37.385398834629,37.361461368156625,0.7009812889524547,33.83430242000003,39.01431173,0.5826061707466845,8.215881405979632,0.420200259005505
Y2023_LAT23.72525_LON90.25852,2023,90.25852284549343,23.72524783715912,20,36.67089184205635,37.22572855707319,2.132734148260622,32.13212845999999,40.877132630000006,0.5173802768925923,8.403420966776258,0.9893484198205229
Y2023_LAT23.72542_LON90.26832,2023,90.26832266450006,23.725421354334042,20,36.38601598490515,36.40665712689658,1.5194626589006766,31.06570622000004,40.45158914000001,0.5762272565930434,7.643495969392783,1.0
Y2023_LAT23.72559_LON90.27812,2023,90.27812257691255,23.72559425172567,20,36.16891397221203,36.07860116000001,0.9339690180600513,33.88899074,38.60244032000003,0.5781970106725506,8.160705462143317,1.0
Y2023_LAT23.72577_LON90.28792,2023,90.28792258221351,23.7257665294433,20,36.714110540295394,36.595492910000026,1.4049048388214478,33.5403527,42.04438646,0.5579535248141928,8.488098767523594,1.0
Y2023_LAT23.72594_LON90.29772,2023,90.29772268015856,23.725938187378954,20,36.89710380602762,36.59570278842107,1.6307447570143592,34.056473720000014,43.14840692000001,0.582404892184486,9.692996202335074,1.0
Y2023_LAT23.72611_LON90.30752,2023,90.30752287034858,23.726109225413403,20,36.0433013451432,35.84824001600002,1.271837391672532,33.54377072,41.888866550000046,0.6106854617633414,10.457195092682763,1.0
Y2023_LAT23.72628_LON90.31732,2023,90.31732315262447,23.72627964369308,20,36.56455101167327,36.07992594030571,1.6192047405251395,33.815503310000025,41.62909703,0.5448493058749126,11.226899891293572,1.0
Y2023_LAT23.72645_LON90.32712,2023,90.32712352645275,23.726449442192326,20,35.48170950749888,35.32769232500001,1.1360139276013954,32.63799542000004,39.369785810000025,0.540815378667339,13.56561207346855,1.0
Y2023_LAT23.72662_LON90.33692,2023,90.33692399163178,23.72661862070005,20,37.016226861318806,36.92590151,1.2845588628508888,33.642893300000026,40.178147540000026,0.4617503912175885,13.1741984668163,1.0
Y2023_LAT23.72679_LON90.34672,2023,90.34672454770153,23.72678717936387,20,37.27284678371382,36.9882026927273,1.5440240041719415,33.67365547999998,40.55412974000001,0.4757869363173694,12.074396820690907,1.0
Y2023_LAT23.72696_LON90.35653,2023,90.35652519444098,23.726955118153832,20,36.46984715009769,36.406828563636374,3.3501606112248754,30.688015010000044,45.257325260000016,0.3344992361729802,12.662103115779349,1.0
Y2023_LAT23.72712_LON90.36633,2023,90.36632593158285,23.72712243702517,20,42.36910725694676,42.412304269062524,2.033726935842111,37.870984039999996,47.667029360000015,0.24676576346927184,12.282403681899643,1.0
Y2023_LAT23.72729_LON90.37613,2023,90.37612675854025,23.72728913584262,20,41.32399194404348,41.77918832000001,2.0337454782604816,36.69860318000002,46.850122580000004,0.29257246516523666,11.44279502491775,1.0
Y2023_LAT23.72746_LON90.38593,2023,90.38592767518416,23.7274552146954,20,38.60013298881505,38.221290760332295,1.698408754859987,34.37093156000003,42.62203183999998,0.38870000905652136,11.943592675730214,1.0
Y2023_LAT23.72762_LON90.39573,2023,90.39572868118505,23.72762067358994,20,38.1109112452807,38.206693047826114,1.2669340458736926,34.899015649999996,40.58489192000002,0.4138710290887663,13.504002371775831,1.0
Y2023_LAT23.72779_LON90.40553,2023,90.40552977608516,23.72778551248489,20,38.89353754613383,38.82839585642859,1.2486972672442636,36.26622365000003,43.95505964000006,0.3845253148503286,13.921699631527668,1.0
Y2023_LAT23.72795_LON90.41533,2023,90.41533095961898,23.727949731210405,20,40.19084163744104,40.28654485966294,1.6109709109954586,34.24788284000002,43.93626053000003,0.2799621595837097,15.15630073553284,1.0
Y2023_LAT23.72811_LON90.42513,2023,90.42513223150547,23.72811332992402,20,40.82473198948788,40.56308361200002,1.8091076533259935,35.43222677,45.97510946,0.2407489291303129,13.065905016023574,1.0
Y2023_LAT23.72828_LON90.43493,2023,90.43493359134165,23.72827630857057,20,40.37097121423374,40.783023146000026,1.8413408338441764,35.17416625999999,45.05566208000005,0.24233912708596383,11.570299154348968,1.0
Y2023_LAT23.72844_LON90.44474,2023,90.44473503880128,23.728438667083,20,38.38373726100318,38.29374052907694,1.3339576262017865,35.11605992,41.78290793000002,0.4897846355716096,12.778606016969487,1.0
Y2023_LAT23.7286_LON90.45454,2023,90.45453657354857,23.72860040542981,20,38.73096920942453,38.655690223250026,0.995182206792081,34.21370264000001,43.13473484000002,0.43876363831549475,13.721312806177881,1.0
Y2023_LAT23.72876_LON90.46434,2023,90.46433819528421,23.728761523702694,20,36.57467077904603,36.48001528806453,1.2759488363193177,33.26520209000003,41.31463919000004,0.4528432184746849,12.053897900695965,1.0
Y2023_LAT23.72892_LON90.47414,2023,90.47413990363053,23.728922021661404,20,37.37174984135153,37.673739276097585,1.5243524617346493,33.15240742999998,40.89251372000001,0.47581941752365836,14.14310067341491,1.0
Y2023_LAT23.72908_LON90.48394,2023,90.48394169826065,23.729081899487273,20,38.381049224937826,37.90531415315792,2.0901313165128723,34.69906148000001,44.00974796000003,0.4524590182587165,14.016097722812782,1.0
Y2023_LAT23.72924_LON90.49374,2023,90.49374357888938,23.729241157051728,20,37.93154214898011,37.72045259162164,2.579726764696438,32.661921559999996,46.54933682000001,0.43222926668302186,14.10962897924263,0.9479008095150018
Y2023_LAT23.7294_LON90.50355,2023,90.5035455452018,23.729399794413194,20,36.88240119310495,36.91247357428573,1.7764684556567314,33.40704992000002,41.23431572000004,0.4030216832377323,14.450529265255298,0.11511884623104021
Y2023_LAT23.73104_LON90.08194,2023,90.0819414729446,23.73103942460765,20,34.52083615142859,34.502525330000026,0.1578459251511262,34.19490353000003,34.68197138000002,0.6053607745351318,8.0,0.0012108204279173544
Y2023_LAT23.73122_LON90.09174,2023,90.09174022814801,23.731224171414905,20,35.20327203995559,35.35532132000003,0.4034255684719176,34.45809107000002,35.633889950000025,0.6327216647156304,8.0,0.011172332610021412
Y2023_LAT23.73141_LON90.10154,2023,90.10153908262842,23.731408298682876,20,37.17834017720767,36.54778304750002,1.6887601742048626,35.18783834000001,41.468450090000005,0.5856471288331885,8.0,0.08560518192037969
Y2023_LAT23.73177_LON90.12114,2023,90.1211370882111,23.731774694303866,20,34.0607323310428,34.03767461000001,0.5068109361440641,33.08233802000001,35.34164924000004,0.6889786038991877,8.994388945121683,0.16280777677071268
Y2023_LAT23.73196_LON90.13094,2023,90.13093623868204,23.731956962745272,20,36.55689585730359,36.361928210000016,1.6479240143429192,33.29596427000004,40.277270120000026,0.5810348814261878,7.78483296152468,0.7821170084439085
Y2023_LAT23.73214_LON90.14074,2023,90.14073548712526,23.732138611569457,20,34.09773333221172,33.80924007005496,1.7136643905352105,31.216099100000008,38.575096160000044,0.6914070901075802,7.7617035844874644,1.0
Y2023_LAT23.73232_LON90.15053,2023,90.15053483332763,23.73231964059836,20,32.50907196116051,32.35863801615387,1.0416917201642717,30.75466640000002,36.18419117000002,0.6954673500721558,7.948901116354252,1.0
Y2023_LAT23.7325_LON90.16033,2023,90.16033427668371,23.732500049979638,20,34.055014429176275,34.17610442,0.9588588739512619,31.9167932,35.857770259999995,0.6859143169823574,8.539603663113647,0.2398692080823067
Y2023_LAT23.73375_LON90.22893,2023,90.22893307807338,23.733745562124344,20,35.62839821611191,35.57749262000001,0.7988665694508931,34.10774402000004,38.29823654000003,0.6579119502595803,8.78728609855205,0.2511038697415743
Y2023_LAT23.73392_LON90.23873,2023,90.23873328811024,23.73392101295773,20,37.04834498226655,36.842045984635256,1.357843252663218,33.06524792000002,41.44623296000003,0.5893073212411235,8.555799656396472,0.6029248820699387
Y2023_LAT23.7341_LON90.24853,2023,90.24853359265339,23.7340958439822,20,36.84130826248816,36.895139330000035,1.4990558662569728,33.11651821999999,40.393482800000015,0.539952539967396,8.401100471882907,1.0
Y2023_LAT23.73427_LON90.25833,2023,90.25833399097498,23.734270054975184,20,37.43821587929714,37.51679171750003,1.2481067504414085,32.68072067,40.198655659999986,0.5544040118707585,8.825603885194758,1.0
Y2023_LAT23.73444_LON90.26813,2023,90.2681344831414,23.734443646021468,20,37.415463258898484,37.32964640306123,0.9681522551627484,35.22543656000005,39.96964832000003,0.5589870235992552,9.962602308943884,1.0
Y2023_LAT23.73462_LON90.27794,2023,90.27793506841533,23.734616617136147,20,36.80597148157283,36.82992839128574,1.232807214717783,32.55596294000003,40.14396734000002,0.5508065587755764,10.357003949416411,1.0
Y2023_LAT23.73479_LON90.28774,2023,90.28773574692843,23.734788968162896,20,35.65536698672085,35.4886241,1.0543696884274467,32.648249480000004,38.89126301000002,0.6228262415263088,12.380313554416727,1.0
Y2023_LAT23.73496_LON90.29754,2023,90.29753651795686,23.73496069918461,20,37.85510789546441,37.03265766800002,3.2176556083217465,32.89434692000003,48.58989475999999,0.532542604782796,15.48330409800482,1.0
Y2023_LAT23.73513_LON90.30734,2023,90.30733738135562,23.73513181014325,20,35.26257802140763,35.23910864000002,1.0749677816191656,32.69268374000001,39.15274154000002,0.6177003199420037,15.779602093649512,1.0
Y2023_LAT23.7353_LON90.31714,2023,90.31713833675774,23.73530230099782,20,37.71469261692682,37.826086319661044,1.3816353091649178,34.57259474000003,41.98628012000006,0.5395979060797653,14.524102466364564,1.0
Y2023_LAT23.73547_LON90.32694,2023,90.32693938385805,23.735472171769125,20,37.4169884435453,37.48840994428575,1.257778683991801,34.48543523000001,40.718194700000026,0.4883426842932452,15.68120197788467,1.0
Y2023_LAT23.73564_LON90.33674,2023,90.33674052213941,23.735641422429293,20,37.11660659144389,37.17138858928573,0.9725085648516211,34.52474246000003,39.36124075999999,0.4015945836540407,14.487500573530081,1.0
Y2023_LAT23.73581_LON90.34654,2023,90.34654175156675,23.735810052937783,20,36.61385337337624,36.7864993322414,1.7248199855598758,32.23125104000002,41.408634740000025,0.3677029269513993,13.732398740699969,1.0
Y2023_LAT23.73598_LON90.35634,2023,90.35634307163333,23.735978063227318,20,38.58104207416319,39.59857952375002,3.8275280813229333,30.83328086000006,45.02489990000004,0.24801046771265556,12.104597770115014,1.0
Y2023_LAT23.73615_LON90.36614,2023,90.36614448197618,23.73614545326336,20,42.28097519643471,42.10377455750001,2.415627377708467,37.002806960000015,48.44633792000002,0.23269501583068103,14.212502602944227,1.0
Y2023_LAT23.73631_LON90.37595,2023,90.37594598234861,23.736312223164685,20,38.255264527900785,38.23738357678573,1.7104321952886063,34.429037900000026,41.900829620000025,0.42590379480337187,12.46399983058745,1.0
Y2023_LAT23.73648_LON90.38575,2023,90.38574757237537,23.736478372837592,20,40.75363745373411,40.658825178695665,1.324315934554074,35.888532440000006,44.440418480000005,0.3068638170234448,11.82249861470424,1.0
Y2023_LAT23.73664_LON90.39555,2023,90.39554925174671,23.73664390217882,20,38.08126082148766,38.015517457142884,1.7430108429135966,34.22395670000003,42.09736577000001,0.4269751947959252,12.714300840353921,1.0
Y2023_LAT23.73681_LON90.40535,2023,90.40535102012889,23.736808811179472,20,39.30633811707387,39.46916157666668,1.7809562156612344,34.09748996000002,43.26803762000003,0.39134441449447366,11.903487781118985,1.0
Y2023_LAT23.73697_LON90.41515,2023,90.41515287705107,23.73697309997329,20,40.452783106055705,40.33007852900003,1.4338519408361408,36.07994156000001,44.0507642,0.23654173218553437,12.406694596111278,1.0
Y2023_LAT23.73714_LON90.42495,2023,90.42495482246659,23.737136768441125,20,40.296285621079676,40.59079577272728,1.761858838948501,35.43051776000004,44.177230940000015,0.4016322571591334,11.480300565059476,1.0
Y2023_LAT23.7373_LON90.43476,2023,90.43475685579241,23.73729981642581,20,39.143853954529625,38.918948972000024,1.4944897110641895,36.16197404000002,42.37935242000003,0.2627684355243659,12.245803509663586,1.0
Y2023_LAT23.73746_LON90.44456,2023,90.44455897672613,23.737462244092796,20,39.16429696841282,39.20667030000001,1.3782374535454527,35.60483678000003,42.522909260000006,0.38503959698333345,13.458601716002015,1.0
Y2023_LAT23.73762_LON90.45436,2023,90.45436118513084,23.737624051377253,20,37.49750905712851,37.48624316375002,1.0104695946978883,33.58136894000003,40.23283586000002,0.528724123836954,13.85760218541434,1.0
Y2023_LAT23.73779_LON90.46416,2023,90.46416348037994,23.737785238206047,20,36.577496479530595,36.83458093217393,1.2351700778283288,33.48224635999998,39.60050216000002,0.536616300906091,13.716505724732823,1.0
Y2023_LAT23.73795_LON90.47397,2023,90.47396586232873,23.737945804640315,20,36.729147889226944,36.70475561600002,1.055063567084198,33.74543390000002,40.229417840000025,0.4955788353462193,13.034200040235334,1.0
Y2023_LAT23.73811_LON90.48377,2023,90.48376833068637,23.73810575048113,20,37.44890023772341,37.41126035000003,1.6276890213076034,32.631159379999986,41.97260804000001,0.5183175782523938,14.32829920976378,1.0
Y2023_LAT23.73827_LON90.49357,2023,90.49357088494017,23.738265075944682,20,38.177240638092805,38.04161800718753,1.9690025596883742,34.21028462000004,42.755334619999985,0.430444669071467,13.547503566333804,0.44150567200276447
Y2023_LAT23.74098_LON90.13074,2023,90.13073853935036,23.740978183589952,20,36.33704439103826,36.462053066541365,1.274977306232526,33.30450932000002,38.63320250000001,0.6121355184126333,7.514603935998948,0.1092910106106036
Y2023_LAT23.74116_LON90.14054,2023,90.14053846080701,23.741159909708305,20,34.521456422314344,34.7648902381883,1.2234382496038976,31.233189200000027,37.78553354000002,0.6795197440341203,7.777013636047873,0.8813303561781992
Y2023_LAT23.74134_LON90.15034,2023,90.15033847991525,23.74134101587991,20,34.660518215856854,34.670948265500016,1.3051538261498055,31.17850088,37.35144500000001,0.6738720803444395,8.059011727111953,0.9227422044415208
Y2023_LAT23.74152_LON90.16014,2023,90.16013859642045,23.74152150213728,20,35.43045362975128,35.51460105200004,0.9731158093203066,32.511528680000026,37.41467836999999,0.6378686075957272,8.289630279972686,0.22081647453318967
Y2023_LAT23.74259_LON90.21894,2023,90.21894132132913,23.74259139878478,20,36.58708103800154,36.57384545000002,0.6202645998108206,35.22543656000005,38.20936802,0.5987864816543592,9.756101987115505,0.2380551235527906
Y2023_LAT23.74277_LON90.22874,2023,90.2287421100175,23.74276754451651,20,36.22546177455992,36.29470715000002,1.2552485036251735,33.23956694000003,40.35246655999998,0.6253770200805046,10.091011493847022,1.0
Y2023_LAT23.74294_LON90.23854,2023,90.23854299328866,23.74294307015497,20,36.6094214403212,36.60885706027029,0.8094205021310855,33.9846953,38.963041430000004,0.6222415464638154,11.704796123289572,1.0
Y2023_LAT23.74312_LON90.24834,2023,90.24834397112943,23.743117975566047,20,36.45515291314861,36.42187502230772,0.9644613246706585,33.49420943000004,39.79874732000002,0.6103447246574164,13.099497764115045,1.0
Y2023_LAT23.74329_LON90.25815,2023,90.25814504281456,23.743292260772836,20,37.18664406645969,37.04868730538463,1.0427619053578432,35.17416626000005,40.02091862000003,0.5944833088753886,14.291791961373967,1.0
Y2023_LAT23.74347_LON90.26795,2023,90.2679462082869,23.743465925773716,20,36.295595311478365,36.33134282413796,0.8389295625966382,33.99836737999999,38.53066190000004,0.6440386848569373,13.29529564152431,1.0
Y2023_LAT23.74364_LON90.27775,2023,90.27774746707775,23.743638970502243,20,37.4877711448937,37.35608374142859,1.3246340460087107,34.483726219999994,41.23773374000001,0.5994938299723231,14.186801396236978,1.0
Y2023_LAT23.74381_LON90.28755,2023,90.28754881895775,23.743811394960073,20,37.52081663594486,37.708929680000026,1.221724035266833,33.23956694000003,40.78997312000001,0.5630641739828164,13.349092231022302,1.0
Y2023_LAT23.74398_LON90.29735,2023,90.29735026346388,23.743983199124013,20,37.51336413859373,37.6085023954348,1.2631598249318023,33.62922121999998,40.35246656000004,0.5680221724720687,14.705597300702708,1.0
Y2023_LAT23.74415_LON90.30715,2023,90.3071518003199,23.74415438300012,20,37.49620805062412,37.72159155609759,1.7095424706259628,33.906080840000016,43.67478200000005,0.5534839736421456,13.99690117282495,1.0
Y2023_LAT23.74432_LON90.31695,2023,90.31695342921796,23.74432494650829,20,37.845843059604285,37.76725852640002,0.8954359674755763,35.61850886000002,41.434269890000024,0.5729663481831557,15.076705066847408,1.0
Y2023_LAT23.74449_LON90.32676,2023,90.32675514987204,23.74449488957721,20,38.15184172269759,38.28366334563638,1.035228743371276,32.277394310000005,41.46332306000002,0.48187789885514665,16.166701372589902,1.0
Y2023_LAT23.74466_LON90.33656,2023,90.33655696174202,23.744664212253483,20,36.82837287121615,37.27624856000002,2.223950224590248,30.976837700000033,42.721154420000005,0.36519390555189263,13.922501085295423,1.0
Y2023_LAT23.74483_LON90.34636,2023,90.3463588647759,23.7448329145388,20,37.438659423765756,38.28043435250002,2.9851068997714334,30.795682639999995,42.83736710000002,0.2797037496118571,13.424297290810829,1.0
Y2023_LAT23.745_LON90.35616,2023,90.35616085841329,23.74500099638217,20,41.44175660515883,41.46038197302327,2.2300461153685984,34.25471888000004,46.34767364000004,0.32681208543496687,13.658398421645227,1.0
Y2023_LAT23.74517_LON90.36596,2023,90.36596294242004,23.745168457777467,20,41.84706100581893,41.481438566000016,1.2075428335251563,39.598793150000006,45.97169144000003,0.2210578627595055,14.404799299763914,1.0
Y2023_LAT23.74534_LON90.37577,2023,90.37576511650848,23.745335298684513,20,38.94804121980346,39.34492748272729,1.8435527156853195,33.12677228000001,42.20845142000002,0.32307416547469525,13.465997487047035,1.0
Y2023_LAT23.7455_LON90.38557,2023,90.38556738024695,23.745501519059466,20,40.00907134863263,40.07731595000002,0.7795647018395301,37.20788816000004,42.553671440000016,0.2326291144733154,12.641499578234841,1.0
Y2023_LAT23.74567_LON90.39537,2023,90.39536973334006,23.74566711891753,20,39.59560047831321,39.907696707500016,1.533314853592256,34.76742188000003,42.868129280000005,0.2956169510729401,12.190701400825185,1.0
Y2023_LAT23.74583_LON90.40517,2023,90.40517217543393,23.745832098256265,20,38.6658774753221,38.72890706000003,2.528972928984687,34.53499652000005,43.72947032000002,0.3247460340770603,11.951604478138755,1.0
Y2023_LAT23.746_LON90.41497,2023,90.41497470619652,23.74599645691055,20,40.392120275095095,41.13977084535716,1.8983042246652901,36.466177819999984,43.77390458000002,0.20790871732165458,12.187101396589895,1.0
Y2023_LAT23.74616_LON90.42478,2023,90.42477732538151,23.74616019500123,20,40.55584714627562,40.45270776472729,1.2633449748819423,37.39929728000004,43.42868456000002,0.2510436395153491,11.816000960001144,1.0
Y2023_LAT23.74632_LON90.43458,2023,90.43458003258418,23.74632331250182,20,39.489468926588806,39.454210904000014,1.2077420164567434,36.59606258000002,43.22018534000006,0.2247214789380169,13.371504101195805,1.0
Y2023_LAT23.74649_LON90.44438,2023,90.4443828274079,23.74648580934497,20,40.07990298603179,40.17579765125002,1.2149236878388925,37.019897060000005,43.38937733,0.2930590742752576,14.929401093413023,1.0
Y2023_LAT23.74665_LON90.45419,2023,90.45418570962228,23.7466476854843,20,39.626351680424285,39.60921811100001,1.4137754610286448,36.35680118000005,44.173812920000046,0.39025992768029016,13.698700822001008,1.0
Y2023_LAT23.74681_LON90.46399,2023,90.46398867885233,23.746808940936813,20,38.21634488509743,38.283994790000015,1.6487878550327164,33.76594202000001,41.96919002000004,0.47815661736745496,13.255103553428517,1.0
Y2023_LAT23.74697_LON90.47379,2023,90.47379173479939,23.746969575766016,20,36.623112430036386,36.7189717889796,2.050309319549403,32.32695560000002,40.83782540000004,0.4393946183009552,12.522300614471343,1.0
Y2023_LAT23.74713_LON90.48359,2023,90.48359487702845,23.74712958985989,20,35.91128340961922,36.203036469459484,1.277812283360556,32.23466905999999,38.739161120000006,0.5481495412542979,13.913658183731169,0.9239520080629913
Y2023_LAT23.74729_LON90.4934,2023,90.493398105351,23.747288983134844,20,36.486573653519855,36.08626368779485,1.4792989539778438,33.742015880000054,40.05851684000004,0.4515395811838478,12.819448745741727,0.15028067763600728
Y2023_LAT23.75018_LON90.14034,2023,90.14034133672807,23.750181195813376,20,34.83177106814194,34.81185614000003,0.1436839422152434,34.463218100000006,34.96908506,0.7043099910213102,7.656774193548386,0.0027420621722793383
Y2023_LAT23.75036_LON90.15014,2023,90.15014202925222,23.75036237914662,20,35.4058991493789,35.396337560000006,0.35477434569809074,34.463218100000006,35.89195046000003,0.618226231298701,7.414322250639385,0.009702130073058394
Y2023_LAT23.75161_LON90.21875,2023,90.21874958492761,23.75161329427381,20,37.94687936339874,37.9666886,0.9073629596692625,36.28844078000003,40.000410500000044,0.5521480084033975,15.236718608988637,0.1188432428953964
Y2023_LAT23.75179_LON90.22855,2023,90.22855104721349,23.751789515059894,20,37.82184006412873,37.76488300250002,0.7975512909811892,36.001327100000026,41.36761850000005,0.5850328891754191,15.654626749906859,0.9377716451489818
Y2023_LAT23.75197_LON90.23835,2023,90.23835260414353,23.75196511539724,20,37.6998224408864,37.73670468285716,0.7882637422317543,34.17610442,40.23283586000002,0.5912266670703519,16.21890573602694,1.0
Y2023_LAT23.75214_LON90.24815,2023,90.24815425556822,23.752140095274402,20,37.07348472814713,37.34260974075474,1.7341412413376265,32.825986520000015,41.93159179999998,0.5376675645249166,16.571802690836115,1.0
Y2023_LAT23.75231_LON90.25796,2023,90.25795600099448,23.752314454715368,20,37.74781983461373,38.218829240309304,1.814617504858387,32.38847996000004,41.12835710000002,0.5384138403887033,16.33210156283084,1.0
Y2023_LAT23.75249_LON90.26776,2023,90.26775784009696,23.75248819362814,20,38.3448005119344,37.89040460818183,1.257507221589876,35.63901698000001,41.95209992000002,0.5694473910663758,16.313801476712772,1.0
Y2023_LAT23.75266_LON90.27756,2023,90.27755977269007,23.752661312035087,20,37.7978374083037,37.70569305108699,1.1719884180813092,35.13656804000004,41.586371780000036,0.5794599153992454,15.274405997204633,1.0
Y2023_LAT23.75283_LON90.28736,2023,90.28736179827857,23.752833809906356,20,38.1867980461349,38.142589091940316,0.8254080046590748,35.83726214000001,41.28900404000001,0.5594074446319557,14.71129981788148,1.0
Y2023_LAT23.75301_LON90.29716,2023,90.29716391659903,23.753005687175584,20,37.55900437669205,37.73692929560002,1.038769891474714,33.95051510000002,39.65177246000002,0.5709979935508406,14.201593889853598,1.0
Y2023_LAT23.75318_LON90.30697,2023,90.3069661272607,23.753176943865817,20,37.101911860711,37.58114321638302,1.4047253112893914,33.18146060000004,40.21916378000003,0.5968782702858761,13.212400999534061,1.0
Y2023_LAT23.75335_LON90.31677,2023,90.31676843004367,23.753347579903743,20,38.62803289735523,38.61259764358492,0.899143538081665,34.15901432000004,41.957226950000006,0.5123041104368855,15.306806149675966,1.0
Y2023_LAT23.75352_LON90.32657,2023,90.32657082451311,23.753517595394705,20,36.80403781506808,37.58728838000002,2.747321028180637,31.711712000000034,43.15524296000001,0.3415250797141818,14.612998178814928,1.0
Y2023_LAT23.75369_LON90.33637,2023,90.33637331037123,23.75368699020764,20,36.69184035433286,37.03109281938777,1.7746252677959458,31.875776960000053,40.950620060000034,0.3332113013103616,14.249205878615868,1.0
Y2023_LAT23.75386_LON90.34618,2023,90.34617588723401,23.75385576429891,20,39.17745917652066,39.04678292000002,1.2461920143804557,36.18077315000002,42.44771281999999,0.3032129819338994,13.265296542571928,1.0
Y2023_LAT23.75402_LON90.35598,2023,90.35597855490903,23.75402391774723,20,42.17259643459416,42.15432181480772,1.5036058543624184,36.37389128000001,45.69824984000002,0.2508293065374169,14.852999308232006,1.0
Y2023_LAT23.75419_LON90.36578,2023,90.36578131285476,23.7541914503989,20,40.35645158996364,40.65997130452056,1.5785335150113209,37.02331508000003,45.780282320000026,0.24980595168230302,13.245796450806791,1.0
Y2023_LAT23.75436_LON90.37558,2023,90.37558416098803,23.754358362329956,20,40.2934993574528,40.39091928500001,1.3457477823946398,35.93296670000001,43.70896220000003,0.312126539058384,13.238698770347108,1.0
Y2023_LAT23.75452_LON90.38539,2023,90.38538709874506,23.754524653475627,20,40.15242004873912,39.83157830157897,1.4043820477435995,36.355092170000034,43.948223600000006,0.2367429907341501,14.143005378848805,1.0
Y2023_LAT23.75469_LON90.39519,2023,90.39519012585518,23.754690323823056,20,41.74243494662336,41.46571129192307,1.717536890764568,35.65610708000003,46.81936040000005,0.2704022753379809,13.590900427766684,1.0
Y2023_LAT23.75486_LON90.40499,2023,90.40499324206858,23.75485537337216,20,38.68272199546108,38.84127446750003,2.307884824905466,32.35771778000003,44.03709212000001,0.2638138385188145,13.545501390594755,1.0
Y2023_LAT23.75502_LON90.4148,2023,90.4147964469972,23.755019802046764,20,39.87985955410239,39.639443173571465,1.4219217451732709,35.91587660000005,43.87644518000002,0.2528181822982258,13.359101689890275,1.0
Y2023_LAT23.75518_LON90.4246,2023,90.42459974029687,23.755183609872024,20,40.86406352775625,40.71419782177421,1.7323145017799109,36.40807148000002,45.96827342000006,0.24198584200625572,12.224101054593175,1.0
Y2023_LAT23.75535_LON90.4344,2023,90.43440312163821,23.755346796793834,20,40.51400186165272,40.2684143409091,2.1658349795647314,36.770381600000036,45.69824984000002,0.24262092462902585,12.477997543517835,1.0
Y2023_LAT23.75551_LON90.44421,2023,90.44420659070467,23.755509362861847,20,39.89063744823854,39.89255298000001,1.1209601653083452,37.019897060000005,43.329561979999994,0.2845281518720387,13.562897943049137,1.0
Y2023_LAT23.75567_LON90.45401,2023,90.4540101471481,23.75567130799374,20,39.1682550226011,39.15701406500001,1.5191598780186462,35.116059920000026,44.39256620000003,0.3783892859549988,14.172003162367785,1.0
Y2023_LAT23.75583_LON90.46381,2023,90.46381379066433,23.755832632118793,20,37.511103437932476,37.51583548571431,1.2755889808527636,33.76936004000004,41.48724920000001,0.4640041803008526,13.067800319060307,1.0
Y2023_LAT23.75599_LON90.47362,2023,90.47361752085249,23.755993335209055,20,35.061346199970636,35.017474457428605,1.3567223027322903,32.28935738000001,39.781657220000056,0.491724579318141,14.13080767438901,1.0
Y2023_LAT23.75615_LON90.48342,2023,90.48342133741092,23.756153417361674,20,35.14752552537016,35.20586966941802,1.144637871834006,32.696101760000005,38.15467970000003,0.5077619610000178,14.539758537193476,0.8492166024302162
Y2023_LAT23.75631_LON90.49323,2023,90.49322524001843,23.756312878533233,20,35.39578243263207,35.34506726000001,0.3592856661506017,34.94344991,36.23717048000003,0.38485193145002283,13.696596244131456,0.012107862294383038
Y2023_LAT23.76081_LON90.22836,2023,90.22835988964839,23.76081147358909,20,38.69088990699505,38.644216120000024,0.9655498021463105,36.10044968,40.76262896000003,0.5318692103939838,15.536983508111504,0.642874120384042
Y2023_LAT23.76099_LON90.23816,2023,90.23816212061057,23.760987148651456,20,37.583616746638924,38.157165532727284,2.1164272911811515,32.78155226000001,41.74701872000003,0.47407940667896453,15.567300667412539,1.0
Y2023_LAT23.76116_LON90.24796,2023,90.2479644459894,23.761162203025258,20,39.21898940813705,39.26315479262297,0.9803410884834053,34.45296403999998,41.98628012000006,0.47751949110100517,16.301299177999024,1.0
Y2023_LAT23.76134_LON90.25777,2023,90.2577668653888,23.761336636649737,20,39.25145633221022,39.21992116945455,1.098950567764546,34.50765236000001,42.60665075000003,0.4482818889720351,14.19369149972472,1.0
Y2023_LAT23.76151_LON90.26757,2023,90.26756937861607,23.761510449554255,20,38.00114655868504,37.907745935957465,1.6702673849501213,33.92317093999998,42.60665075000003,0.5298713486972674,14.887799867999831,1.0
Y2023_LAT23.76168_LON90.27737,2023,90.27737198516861,23.76168364164506,20,37.95475856017571,37.88989708400002,0.9548352503274584,35.57407460000002,41.206971560000056,0.5664228129319497,15.313800369176906,1.0
Y2023_LAT23.76186_LON90.28717,2023,90.28717468493886,23.761856212904412,20,38.6068967071929,38.41725855150687,0.9909852047429347,35.97740096000001,41.54535554000006,0.5291522134501396,15.310903816017971,1.0
Y2023_LAT23.76203_LON90.29698,2023,90.29697747734382,23.762028163329866,20,37.468566245071095,37.42343704625003,0.7928874723766128,34.85287238000001,39.836345540000025,0.5788797853270136,15.116001312942721,1.0
Y2023_LAT23.7622_LON90.30678,2023,90.30678036212258,23.762199492944596,20,37.02326791126855,37.39545200750001,1.477788909648649,33.465156260000015,41.22064364000005,0.5898219348877144,14.22940144635464,1.0
Y2023_LAT23.76237_LON90.31658,2023,90.31658333913239,23.762370201657625,20,38.21871688954614,38.845061807457654,2.6300829329592657,32.25517718000003,46.12208432,0.3345396234647647,15.006204735081115,1.0
Y2023_LAT23.76254_LON90.32639,2023,90.32638640779447,23.762540289448026,20,38.15444172711467,37.68887953000001,4.20405965435068,31.974899540000024,48.125044040000034,0.27976012993308563,15.230100270706195,1.0
Y2023_LAT23.76271_LON90.33619,2023,90.3361895678366,23.762709756351583,20,39.088265026621066,38.847072894285745,3.326584402051017,32.08427618000002,47.15090834,0.30301508588124176,14.196101407178125,1.0
Y2023_LAT23.76288_LON90.34599,2023,90.34599281907632,23.762878602283685,20,41.69169100206389,42.037115925932234,1.7998271146466136,32.21245193000004,44.65575374000002,0.21138696876235497,13.7539988423475,1.0
Y2023_LAT23.76305_LON90.3558,2023,90.35579616093816,23.763046827230234,20,41.64760050907064,41.483414882692315,0.7239466798669736,40.20890972000001,44.36180402000002,0.199208547585472,14.137198984939978,1.0
Y2023_LAT23.76321_LON90.3656,2023,90.36559959324714,23.763214431236197,20,41.08383878073626,41.20681619545456,0.9108084304359877,37.706919080000034,43.196259199999986,0.302558656077292,13.288300339176875,1.0
Y2023_LAT23.76338_LON90.3754,2023,90.37540311576633,23.763381414237692,20,39.79024380517028,39.65063312000002,1.5741347508073489,35.93296670000001,44.87450702000001,0.4455829482331068,13.130800615532307,1.0
Y2023_LAT23.76355_LON90.38521,2023,90.3852067277836,23.763547776097877,20,39.36731054335373,39.07976681300003,1.3214184395379813,36.23204344999999,43.10739067999998,0.3748653286768342,14.790702106708363,1.0
Y2023_LAT23.76371_LON90.39501,2023,90.39501042943009,23.763713516960536,20,41.06113897346887,40.834407380000016,2.2962100666637237,36.250842560000024,47.14749032000003,0.2817617505492708,15.946599937176387,1.0
Y2023_LAT23.76388_LON90.40481,2023,90.40481422001753,23.7638786367501,20,40.93959133228056,41.06446217774196,3.296845838334219,31.80058052000004,48.07035572000001,0.28370138217329804,13.84969223384582,1.0
Y2023_LAT23.76404_LON90.41462,2023,90.41461809937496,23.764043135474466,20,39.405740820983674,40.029463670000005,2.553099703119294,31.809125569999992,44.98388366000003,0.2242585095097092,13.149897823409201,1.0
Y2023_LAT23.76421_LON90.42442,2023,90.42442206719913,23.76420701298965,20,39.47808001808935,39.45681385769232,1.0311161196152148,35.41000964,42.85445720000001,0.24427329630459785,13.275400324000383,1.0
Y2023_LAT23.76437_LON90.43423,2023,90.43422612297073,23.764370269374343,20,39.02342558141674,39.07902839169813,1.3387744214472008,35.39291953999998,43.14157088000002,0.25619999379417774,12.647095986334064,1.0
Y2023_LAT23.76453_LON90.44403,2023,90.44403026665844,23.764532904578363,20,38.59327677453216,38.549674636250025,0.8649771802605818,35.64243499999998,40.70110460000001,0.34201898677416875,14.980701153766056,1.0
Y2023_LAT23.76469_LON90.45383,2023,90.45383449767927,23.76469491859851,20,37.52816592177656,37.59450120960632,1.0997197751671581,33.789868160000026,41.95893596000002,0.4307248388527531,14.885901042236522,1.0
Y2023_LAT23.76486_LON90.46364,2023,90.46363881566843,23.764856311400155,20,36.51188491039404,36.466016156891925,1.5678263081388322,33.08575603999998,42.28364786000003,0.4643093265081645,14.06760267107139,1.0
Y2023_LAT23.76502_LON90.47344,2023,90.47344322047181,23.765017082957055,20,33.913525483304255,33.48651888500001,1.2391667430452158,32.08085816000005,39.48428948000003,0.5283632308639882,14.613101897766942,1.0
Y2023_LAT23.76518_LON90.48325,2023,90.48324771175145,23.76517723326621,20,34.413348676946235,34.491101947368435,0.8524715699706263,32.45342234000003,38.33925278000004,0.5218474361064543,15.316283193433529,0.501999210365744
Y2023_LAT23.76983_LON90.22817,2023,90.2281686374244,23.769833420109688,20,38.50597358345998,38.38803724727274,0.9636952261332757,37.11218359999998,41.24115176000004,0.5473687981975436,16.545780289567972,0.12293053620733525
Y2023_LAT23.77001_LON90.23797,2023,90.23797154263815,23.770009169948537,20,38.6151354708172,38.78504146538463,2.7932586991189825,32.359426789999986,44.23191926000004,0.40567473416429306,15.248715199467618,0.9618147421126001
Y2023_LAT23.77018_LON90.24777,2023,90.24777454231223,23.77018429878142,20,39.73982892384255,39.64676750214289,0.9486673954829674,37.84022186000004,43.421848520000026,0.4544498286824856,14.360099247175615,1.0
Y2023_LAT23.77036_LON90.25758,2023,90.25757763606937,23.770358806663783,20,38.98723281965338,39.01760408750001,1.0784731720083625,34.70247949999998,41.8461413,0.4627056251056676,13.38599240467017,1.0
Y2023_LAT23.77053_LON90.26738,2023,90.26738082362911,23.77053269346265,20,38.78409422854234,38.921277498125015,1.3639434625794489,34.60677494000004,41.999952199999996,0.5205727040117952,13.92869873964561,1.0
Y2023_LAT23.77071_LON90.27718,2023,90.27718410465431,23.77070595923242,20,39.344189245470105,39.393711950000025,1.4565363946763834,35.27157983000001,42.51265520000004,0.4970678081759286,15.073800086823672,1.0
Y2023_LAT23.77088_LON90.28699,2023,90.28698747876511,23.770878603944194,20,39.2997963036307,39.41898730842108,1.0992245358914932,36.54821030000005,41.68207633999998,0.5033128872913907,15.687003232956434,1.0
Y2023_LAT23.77105_LON90.29679,2023,90.29679094568877,23.77105062758184,20,38.65125995709487,38.641259261428594,1.3365308532361206,35.16049418,42.15034508000002,0.5012165286290091,15.077400091058925,1.0
Y2023_LAT23.77122_LON90.30659,2023,90.30659450499972,23.77122203003455,20,38.51603963546002,38.42178545804879,0.8896586574755933,36.35680118000005,41.69574842000003,0.5360636236046672,15.036000042353022,1.0
Y2023_LAT23.77139_LON90.3164,2023,90.31639815643658,23.77139281141807,20,37.5658076759276,38.027114169427115,2.119499227253915,32.73369997999998,42.77584274000003,0.4267358626964331,16.128905312495654,1.0
Y2023_LAT23.77156_LON90.3262,2023,90.32620189962677,23.771562971608304,20,39.33363565196145,38.47255556000003,4.0057438046586675,32.37651689000003,48.24467474000005,0.24180639883541025,16.164601370119307,1.0
Y2023_LAT23.77173_LON90.33601,2023,90.33600573426834,23.771732510588965,20,40.30842551953658,41.02612722909092,3.8798935076527306,31.715130020000032,47.38333369999998,0.2545403880873662,14.061701249060345,1.0
Y2023_LAT23.7719_LON90.34581,2023,90.34580966010452,23.77190142837294,20,39.69266633832956,40.28217897851066,3.2137535887368394,31.58866327999999,46.12208432000003,0.20837317712049888,13.38550181412622,1.0
Y2023_LAT23.77207_LON90.35561,2023,90.35561367664954,23.772069724907464,20,41.750554927228364,41.595749424615406,1.1681653334330797,38.233294160000014,46.38185384000002,0.19279539226551756,13.039900046941275,1.0
Y2023_LAT23.77224_LON90.36542,2023,90.36541778357672,23.77223740023536,20,41.469605024232045,41.420516428571446,0.813582837355679,38.68447279999998,43.68161803999999,0.2537750162259898,14.096801290354506,1.0
Y2023_LAT23.7724_LON90.37522,2023,90.37522198066777,23.77240445418439,20,39.999275171166055,39.966541029090926,1.323776313753131,35.49204212000001,47.14749032000003,0.400992413744808,13.075900357178197,1.0
Y2023_LAT23.77257_LON90.38503,2023,90.3850262675189,23.77257088690493,20,41.27768627685049,40.96015453684213,2.059756829646277,36.951536660000016,48.02763047000002,0.36086870713740626,14.809302128590783,1.0
Y2023_LAT23.77274_LON90.39483,2023,90.39483064385604,23.772736698317658,20,40.36035931228518,40.15863634250002,1.8901467404300305,36.035507300000006,45.51538577000002,0.26628468832615493,14.513201780237429,1.0
Y2023_LAT23.7729_LON90.40464,2023,90.40463510921352,23.772901888335102,20,42.19927074195681,42.33990277250002,2.0468369539070106,36.20640830000002,47.00735150000003,0.27255249700073986,12.647498341168697,1.0
Y2023_LAT23.77307_LON90.41444,2023,90.41443966335169,23.773066456979556,20,37.70881473220702,38.597095118510666,3.275826883676171,30.792264620000026,45.11718644000001,0.26781540505569,11.953898769292689,1.0
Y2023_LAT23.77323_LON90.42424,2023,90.42424430601035,23.773230404240934,20,40.17215563933958,40.84129368500002,2.544057373680138,31.37332802000003,43.49362694000001,0.230437878667279,12.707100831883354,1.0
Y2023_LAT23.77339_LON90.43405,2023,90.43404903666072,23.773393730153238,20,40.003328861432166,40.16042780473687,2.5210138124647496,34.459800080000036,44.80614662000005,0.33366515059894336,12.825296824926259,1.0
Y2023_LAT23.77356_LON90.44385,2023,90.44385385512356,23.773556434545352,20,34.77539534992772,34.84318799000002,2.504571550816661,30.778592539999977,40.39006477999999,0.40908925109998956,15.224400264000296,1.0
Y2023_LAT23.77372_LON90.45366,2023,90.4536587610521,23.773718517509927,20,38.30021920705626,38.53066190000002,1.5000517580369332,32.11845638,42.61861382000001,0.3964441880700369,14.409698129056661,1.0
Y2023_LAT23.77388_LON90.46346,2023,90.46346375401616,23.77387997896651,20,35.312121009228306,34.33504235000002,2.58899645763713,32.104784300000006,43.09371859999999,0.45505292752576526,14.89689480891678,1.0
Y2023_LAT23.77404_LON90.47327,2023,90.47326883379803,23.77404081891772,20,34.13264341017052,33.89449755000001,0.8730867830508952,32.463676400000054,37.33777292000002,0.4589742055664798,14.936198748469137,1.0
Y2023_LAT23.7742_LON90.48307,2023,90.48307400000965,23.774201037396843,20,34.149526540842366,34.10432600000002,0.8070106008705752,32.95587128,39.395420960000024,0.466764946898429,16.082213270325756,0.37298909941993674
Y2023_LAT23.77903_LON90.23778,2023,90.23778087024198,23.77903117932616,20,39.61392014174358,41.58526257513734,4.218025422130029,32.15605460000006,45.00439177999999,0.26888942508080116,15.184919893045802,0.33420151186571123
Y2023_LAT23.77921_LON90.24758,2023,90.24758454448232,23.77920638265439,20,40.53814166710951,40.03044963730771,1.9637144507872082,37.744517299999984,46.5630089,0.4441178903551023,15.032400152471268,1.0
Y2023_LAT23.77938_LON90.25739,2023,90.25738831298713,23.779380964660106,20,40.09149826236312,40.076290544000024,1.0676430938603532,36.954954680000014,42.980923940000025,0.4142614721451637,14.809700280942478,1.0
Y2023_LAT23.77955_LON90.26719,2023,90.2671921752579,23.779554925466496,20,38.576754641373505,38.327777998571435,1.258878862836673,35.53305836000004,42.25288568000002,0.48787319519601413,14.018197732695185,1.0
Y2023_LAT23.77973_LON90.277,2023,90.27699613101784,23.77972826495153,20,38.6872743490435,39.2794400101695,1.9354104394146987,33.61384013000003,42.30415598000002,0.4754212801286763,14.698300933180828,1.0
Y2023_LAT23.7799_LON90.2868,2023,90.28680017985353,23.779900983053583,20,38.86212949604586,39.28311458857145,1.6903114907306689,33.91291688000001,41.96919002000004,0.46702946880342977,14.904101901655974,1.0
Y2023_LAT23.78007_LON90.2966,2023,90.29660432153942,23.780073079838317,20,38.329952086667284,38.53146614000002,1.2971985070709837,34.56917672000003,42.604941740000015,0.48102837254574293,14.999202349187536,1.0
Y2023_LAT23.78024_LON90.30641,2023,90.30640855569301,23.780244555222104,20,38.34153818548858,38.09385380495655,1.4606152305559106,33.41730398000004,43.18600514000002,0.5037304056278231,15.51750243530554,1.0
Y2023_LAT23.78042_LON90.31621,2023,90.31621288199962,23.780415409211372,20,36.47320021936981,36.85064177333335,2.7710990591425158,31.725384080000026,43.102263650000026,0.2910444456001318,15.423503169426658,1.0
Y2023_LAT23.78059_LON90.32602,2023,90.32601730007362,23.780585641787265,20,37.21026248067074,37.22070573500001,3.2964125761594603,31.78349042000002,45.35644783999999,0.2887206405113726,15.205303319074384,1.0
Y2023_LAT23.78076_LON90.33582,2023,90.33582180971567,23.78075525291085,20,41.17737984423438,41.838683801818206,2.692938411971931,33.86848262000001,46.72023782000002,0.221470525628398,15.22481046969627,1.0
Y2023_LAT23.78092_LON90.34563,2023,90.34562641029187,23.780924242580376,20,40.5576799716463,41.15710868000003,3.0088818471538867,33.167788520000045,45.32568565999998,0.30420239456726306,13.57360269930679,1.0
Y2023_LAT23.78109_LON90.35543,2023,90.35543110185843,23.781092610693655,20,39.66759874718939,39.47209336318184,2.133454116861914,35.17074824000002,45.72217598000003,0.3296930442167487,13.870304095548642,1.0
Y2023_LAT23.78126_LON90.36524,2023,90.36523588379275,23.781260357308057,20,41.576737647194,41.4217778407143,0.7576322293105748,40.195237640000016,44.69676998,0.22081809880374995,14.903406604266335,1.0
Y2023_LAT23.78143_LON90.37504,2023,90.37504075589361,23.781427482373413,20,40.95054656217106,40.95438621166669,1.1507343320806285,35.91587660000005,43.65085585999998,0.2972774202417913,13.617801730831653,1.0
Y2023_LAT23.78159_LON90.38485,2023,90.38484571781854,23.781593985947048,20,41.644314536814136,41.6570515507143,1.5873426177698569,36.428579600000035,45.67432370000006,0.3476054556703887,14.803908488981099,1.0
Y2023_LAT23.78176_LON90.39465,2023,90.39465076911613,23.781759867802887,20,39.836441844171915,39.84530742170733,1.3034903816139807,36.59606258000002,44.9907197,0.32186203367099564,14.567807377917033,1.0
Y2023_LAT23.78193_LON90.40446,2023,90.4044559096802,23.781925128054173,20,40.14736142570496,40.26894258036365,1.7665095775716195,35.04769952000004,45.141112580000026,0.3097904716906917,12.705698615052256,1.0
Y2023_LAT23.78209_LON90.41426,2023,90.41426113889632,23.782089766771552,20,39.50159526611933,39.21365172453127,2.476104582674323,33.21222278000005,47.51663647999999,0.26890460078699785,12.719198678581982,1.0
Y2023_LAT23.78225_LON90.42407,2023,90.42406645664691,23.782253783813083,20,39.45560157339959,40.0934473370732,2.781974808298113,31.660441700000007,43.65769190000003,0.20537781897707824,12.79940140894777,1.0
Y2023_LAT23.78242_LON90.43387,2023,90.43387186256976,23.78241717909984,20,41.07300276360514,41.34203847935487,2.355781509628785,35.080170710000004,47.4004238,0.27283161256731103,13.35749932940859,1.0
Y2023_LAT23.78258_LON90.44368,2023,90.44367735622691,23.782579952763438,20,35.30013739482078,34.60762944500002,2.9916758616476726,30.905059280000046,44.146468760000005,0.4830166147067131,14.834801575536822,1.0
Y2023_LAT23.78274_LON90.45348,2023,90.45348293729924,23.78274210462299,20,34.491379542587026,33.65029901000002,2.860842920145481,31.045198099999993,44.177230940000015,0.34389484253294883,13.835994522327125,1.0
Y2023_LAT23.7829_LON90.46329,2023,90.4632886056146,23.78290363476873,20,38.49921980627256,37.79998244272729,3.4957846640016053,32.48760254000001,45.23169010999999,0.36750569365197117,14.704795081388587,1.0
Y2023_LAT23.78306_LON90.47309,2023,90.47309436063489,23.78306454319206,20,36.01669791099045,35.6558372363158,2.068762396590551,33.17975159000002,43.732888340000045,0.46584406251498844,14.990770166596349,0.5840251143704343
Y2023_LAT23.78322_LON90.4829,2023,90.48290020213764,23.78322482975275,20,38.31874465999999,38.31874465999999,0.0,38.31874465999999,38.31874465999999,0.4776400923728943,15.0,3.5315348403569585e-06
Y2023_LAT23.78805_LON90.23759,2023,90.23759010331662,23.78805317659742,20,42.03071482750198,41.76410882000005,1.0339572171067783,40.42766300000005,44.29686164000003,0.3187782667005645,16.278083267871168,0.013576880552602855
Y2023_LAT23.78823_LON90.24739,2023,90.24739445257077,23.788228454460032,20,42.76250174309734,42.34833169746155,2.4272704966104013,35.43735379999998,48.682181300000025,0.37016873670808076,14.948755366388438,0.9681579792357917
Y2023_LAT23.7884_LON90.2572,2023,90.25719889607419,23.78840311079776,20,41.99848144722125,41.71393534731345,1.6190484678950585,36.954954680000014,46.78518020000004,0.3156204564469555,13.523495404684255,1.0
Y2023_LAT23.78858_LON90.267,2023,90.26700343342867,23.788577145484922,20,40.15763976984483,39.98437209846155,3.0843371127432766,34.13167016,46.55959088000003,0.37604382862461216,13.826599795999762,1.0
Y2023_LAT23.78875_LON90.27681,2023,90.2768080641597,23.788750558677172,20,39.38654102407003,38.969450217500025,2.4385421476256846,34.24104680000005,45.40088209999999,0.4555218225867788,16.560803012709425,1.0
Y2023_LAT23.78892_LON90.28661,2023,90.28661278815758,23.788923350292766,20,36.175367087618966,36.35075391384618,1.5837503669294195,32.95245326000003,41.35394642000006,0.5770168342971899,14.44010207106858,1.0
Y2023_LAT23.7891_LON90.29642,2023,90.2964176049781,23.78909552023466,20,38.21769232395572,38.47682808500002,2.341042018336214,33.145571390000015,44.10887054,0.5364355887311166,14.904801064471842,1.0
Y2023_LAT23.78927_LON90.30622,2023,90.30622251427266,23.789267068588416,20,39.441527224863464,39.472163647142885,1.6171573484121242,33.41730398000004,43.032194240000024,0.4545905097875647,15.020700024352971,1.0
Y2023_LAT23.78944_LON90.31603,2023,90.31602751569397,23.78943799523181,20,38.119438416941485,38.22645812000003,3.0376402981171546,31.822797649999984,43.42526654000005,0.3300678897854162,15.630405319554463,1.0
Y2023_LAT23.78961_LON90.32583,2023,90.32583260912646,23.789608300122723,20,38.98000287155463,39.09138808100003,2.703373579137422,31.961227460000032,43.71238022,0.3195845053951372,16.220002611767768,1.0
Y2023_LAT23.78978_LON90.33564,2023,90.33563779382342,23.789777983385996,20,39.43812768028866,39.91215722360002,2.3096401349519597,32.94049018999999,43.688454080000014,0.2797682471281333,14.799402116943673,1.0
Y2023_LAT23.78995_LON90.34544,2023,90.34544306975062,23.789947044838637,20,42.35518477765522,42.48474137,1.0682924629922317,37.447149560000014,45.178710799999976,0.2534961400219438,13.436502054127308,1.0
Y2023_LAT23.79012_LON90.35525,2023,90.35524843665517,23.790115484590547,20,39.17481099326684,38.9713423357143,1.5614870284431541,35.34164924000004,44.030256080000015,0.28890988800504414,13.308700363176897,1.0
Y2023_LAT23.79028_LON90.36505,2023,90.36505389383696,23.790283302504637,20,41.65376959406459,41.67222226106384,0.7580966683875837,38.40761318,43.978985780000016,0.22220871532395403,13.598599527764156,1.0
Y2023_LAT23.79045_LON90.37486,2023,90.37485944136164,23.790450498703276,20,41.62397212320361,41.780761731395366,1.1433315248620903,35.124604970000036,43.82859289999999,0.22120823530027198,13.320299154348959,1.0
Y2023_LAT23.79062_LON90.38467,2023,90.38466507857925,23.790617072987214,20,41.91875283922798,42.09041579600001,1.49306532487035,36.65075090000005,44.80956464000002,0.279167248731458,14.483201744943232,1.0
Y2023_LAT23.79078_LON90.39447,2023,90.39447080530314,23.79078302544955,20,39.83545654211109,39.9668155773973,1.60341424460996,35.68003322000004,44.77880246000001,0.40692543142443954,15.977203502592353,1.0
Y2023_LAT23.79095_LON90.40428,2023,90.40427662132565,23.790948356082836,20,39.33163971902776,39.42433740920003,1.1225242605771852,35.91587660000005,41.866649420000044,0.3078032893144881,13.480902263069476,1.0
Y2023_LAT23.79111_LON90.41408,2023,90.41408252599528,23.791113064692745,20,38.390322600827474,38.34145249584158,1.133061890697585,34.22737472000006,42.9228176,0.3301045773241656,12.913899898705765,1.0
Y2023_LAT23.79128_LON90.42389,2023,90.42388851925058,23.79127715145555,20,39.56043475341534,40.16045928650003,1.911380094220847,33.58820498,43.49362694000001,0.24676217366400277,13.536100630706622,1.0
Y2023_LAT23.79144_LON90.43369,2023,90.43369460060386,23.791440616295244,20,42.24447586359248,42.1629185107143,1.9465332652841207,37.63172264000002,49.227355490000036,0.2337268947724662,14.147403046602587,1.0
Y2023_LAT23.7916_LON90.4435,2023,90.44350076984269,23.791603459055196,20,40.622129890321226,40.469951061395385,2.589081478858938,35.456152910000014,48.05326562000005,0.34737063140814717,14.224400264000304,1.0
Y2023_LAT23.79177_LON90.45331,2023,90.45330702655826,23.79176567997596,20,39.4118306058096,39.73380494000001,3.143525949486618,32.783261270000025,45.90333104000001,0.33374726335633687,12.583098333056862,1.0
Y2023_LAT23.79193_LON90.46311,2023,90.46311337030475,23.791927278821454,20,39.50049597745992,39.91154198000002,2.8845472682814854,33.495918440000025,45.110350400000016,0.37152050279653415,14.35639461832761,1.0
Y2023_LAT23.79209_LON90.47292,2023,90.47291980105021,23.79208825562145,20,35.02758774851869,34.534569267500025,1.7794963820423135,32.07744014000002,44.307115700000026,0.5557699576920763,14.702480041670658,0.9981961142178033
Y2023_LAT23.79225_LON90.48273,2023,90.48272631819844,23.792248610374624,20,35.6466941549097,34.22139318500002,3.3864155848215605,32.52520076000002,45.65894261,0.429806974342621,12.596930206849636,0.3381473387583747
Y2023_LAT23.79725_LON90.2472,2023,90.24720426655135,23.797250514278943,20,40.657182276045944,40.97168894890626,2.362476216756788,33.988113320000025,46.64162336000001,0.43308020069955505,15.579239936548387,0.795063706855045
Y2023_LAT23.79743_LON90.25701,2023,90.25700938527707,23.79742524481358,20,40.61899120302226,40.78928951600001,3.2000456092377925,32.95416227000001,46.90139288000003,0.3591590439105691,15.107298151991305,1.0
Y2023_LAT23.7976_LON90.26681,2023,90.26681459801992,23.79759935357892,20,42.113474253713164,42.040063670000016,2.4011290929118396,36.40465346000002,49.94684870000003,0.3430049431261611,14.499299410940493,1.0
Y2023_LAT23.79777_LON90.27662,2023,90.27661990422925,23.797772840465942,20,40.462818513048525,40.22265610478262,2.386331064763018,33.728343800000005,46.997097440000005,0.4133384007091825,15.354300416824024,1.0
Y2023_LAT23.79795_LON90.28643,2023,90.28642530362129,23.797945705505228,20,40.30084968320469,40.28520298731345,2.031775807112991,34.45296403999998,45.831552620000025,0.4170594323897876,15.754898846582828,1.0
Y2023_LAT23.79812_LON90.29623,2023,90.29623079589055,23.798117948708644,20,39.392608442955364,39.09231582928573,3.217031974235295,34.09919897,48.95220488000001,0.417350921540615,15.440298165056666,1.0
Y2023_LAT23.79829_LON90.30604,2023,90.30603638069547,23.79828956991583,20,36.954985852379096,35.817095822000034,3.7663621682740858,32.220996979999995,50.57234635999998,0.4095095818805316,15.209597893644585,1.0
Y2023_LAT23.79846_LON90.31584,2023,90.31584205760416,23.798460569223078,20,35.070384158922685,34.657682722727294,2.2625542697284287,31.86552290000003,41.30267612000006,0.38869969253909475,14.856994621151177,1.0
Y2023_LAT23.79863_LON90.32565,2023,90.32564782655705,23.79863094659514,20,36.784838568898415,36.65447964909092,2.3500638502823157,32.19365282000001,44.04051014000004,0.3852929112940627,15.258300303882713,1.0
Y2023_LAT23.7988_LON90.33545,2023,90.33545368682985,23.798800701915248,20,40.331145804788974,40.52757435384618,1.5912367787370685,33.750560930000006,45.28125140000003,0.3439420912465865,15.312399191057882,1.0
Y2023_LAT23.79897_LON90.34526,2023,90.3452596384617,23.798969835327316,20,40.706955208133124,41.28372164545456,2.593306074249994,32.49443858000001,44.871088999999984,0.2547204576160356,15.32160151341889,1.0
Y2023_LAT23.79914_LON90.35507,2023,90.35506568082454,23.799138346676852,20,41.094072827200385,41.46054229796612,1.5944198893352748,36.56530040000001,44.57884829000005,0.23458034334382352,13.63489957047009,1.0
Y2023_LAT23.79931_LON90.36487,2023,90.36487181381128,23.799306235971265,20,40.211235289257786,40.14225833000002,1.2052591348219104,37.15661785999998,43.11764474000006,0.2221539689393427,13.649098410704015,1.0
Y2023_LAT23.79947_LON90.37468,2023,90.37467803696323,23.79947350314875,20,41.98587435890453,42.018248660000005,0.5951532954810375,39.93888614000002,44.457508580000024,0.22212945367032463,13.873794700210368,1.0
Y2023_LAT23.79964_LON90.38448,2023,90.38448434988418,23.79964014829496,20,41.09132264888205,41.09731720587501,1.431771681970131,36.39952643000001,45.95460134000001,0.3109870879793941,15.451500531177103,1.0
Y2023_LAT23.79981_LON90.39429,2023,90.39429075234119,23.799806171282878,20,39.30489555687697,39.35212604000001,2.6041441067982425,35.05795358,47.024441600000046,0.42207707458005234,15.740104400122831,1.0
Y2023_LAT23.79997_LON90.4041,2023,90.40409724415045,23.7999715721438,20,38.63959916955682,38.700108423404274,1.231219244139909,35.22543656000005,42.02387834000001,0.3700726147977066,13.290306072028583,1.0
Y2023_LAT23.80014_LON90.4139,2023,90.4139038245308,23.800136350824417,20,38.22873166492156,38.53771156625003,1.470409839059224,32.28593936000004,40.97112818000005,0.3730395583018084,11.923799910352844,1.0
Y2023_LAT23.8003_LON90.42371,2023,90.4237104937259,23.800300507329418,20,42.296090205328284,42.467695090769254,1.9753789916159652,34.610192960000006,47.77298798000004,0.26893346133474194,13.730398506351184,1.0
Y2023_LAT23.80046_LON90.43352,2023,90.43351725086663,23.80046404161673,20,41.65717560732874,42.15938311365386,1.6519371281313495,35.57920163000003,44.06272727000004,0.27471460122524394,14.508795335507472,1.0
Y2023_LAT23.80063_LON90.44332,2023,90.44332409596677,23.800626953769726,20,41.10710835853387,41.145447200000014,1.3559699058778563,36.93102854,44.36864006000002,0.33266574594322895,15.424599323058025,1.0
Y2023_LAT23.80079_LON90.45313,2023,90.45313102860304,23.80078924353125,20,39.33307237165572,38.77963358409093,2.3607454851327594,36.044052350000015,46.583517020000045,0.41039151734026963,15.405801653884293,1.0
Y2023_LAT23.80095_LON90.46294,2023,90.46293804826024,23.800950911081745,20,40.63240293121367,40.027327407500024,2.735360066935517,36.23033443999998,46.06568699000002,0.3600677676588984,14.303301427300864,1.0
Y2023_LAT23.80111_LON90.47275,2023,90.47274515495704,23.801111956381202,20,40.00714641803404,39.712442315000025,3.6977742477570446,33.677073500000034,48.46001000000001,0.3575301275182597,14.718800845648055,1.0
Y2023_LAT23.80127_LON90.48255,2023,90.48255234803564,23.80127237926544,20,39.261749023232994,38.71767642285715,2.958449695002741,34.601647910000025,46.962917240000024,0.3044659586275003,12.847421181558834,0.593269234253988
Y2023_LAT23.80627_LON90.24701,2023,90.24701398626348,23.806272562241883,20,40.24500914569028,41.72727016000002,3.8235183424827683,33.383123780000005,47.39358776000006,0.33576718524068244,14.310912014001246,0.7055592847989236
Y2023_LAT23.80645_LON90.25682,2023,90.25681978070311,23.806447367020546,20,40.798200938049725,40.96258313000002,1.9508654190124233,36.035507300000006,44.83007276000001,0.38373979134375275,14.0096988691711,1.0
Y2023_LAT23.80662_LON90.26663,2023,90.26662566907555,23.80662154980031,20,37.850999181112336,37.65654212613639,1.884608251617653,33.92658896000003,43.391086340000015,0.5620061614453118,14.877804130842916,1.0
Y2023_LAT23.8068_LON90.27643,2023,90.27643165109296,23.806795110431324,20,37.175510173812135,37.28918820714288,1.9244620637026308,32.757626120000054,41.92817378000001,0.5455116908730904,15.393097143986491,1.0
Y2023_LAT23.80697_LON90.28624,2023,90.28623772619403,23.80696804893316,20,38.4784036709561,38.607567350000025,1.6636593229046148,34.21712065999998,41.84272328000003,0.47334802519621133,15.606895797156634,1.0
Y2023_LAT23.80714_LON90.29604,2023,90.29604389431331,23.80714036519484,20,38.196238647727185,38.21164670000002,1.956148077702322,33.762523999999985,43.603003580000006,0.46744090553153356,16.300696709161006,1.0
Y2023_LAT23.80731_LON90.30585,2023,90.3058501548795,23.807312059403436,20,38.18621833314062,37.47235745750002,3.0097384697113685,32.579889080000015,47.239776860000006,0.3953073598354151,15.292596671043118,1.0
Y2023_LAT23.80748_LON90.31566,2023,90.31565650773749,23.807483131377893,20,36.107389165856816,36.03093241169233,1.8735682660990316,32.17314470000002,40.74895688000004,0.4302101673674657,15.06589795716683,1.0
Y2023_LAT23.80765_LON90.32546,2023,90.32546295242372,23.807653581111232,20,33.82155211195014,33.46969524354841,1.1041449991421242,32.06376806000003,40.74895688000004,0.6219046513905345,15.18120085270985,1.0
Y2023_LAT23.80782_LON90.33527,2023,90.33526948874122,23.80782340866654,20,37.841784833402855,36.851046872000005,3.7687539311539044,32.251759160000006,44.66258978000002,0.4165704159988465,16.36169934917336,1.0
Y2023_LAT23.80799_LON90.34508,2023,90.34507611620025,23.80799261389139,20,38.853645409735364,39.34040474092097,2.842594734482975,32.75079008,45.84522470000002,0.347623278223656,15.53879900611293,1.0
Y2023_LAT23.80816_LON90.35488,2023,90.35488283462158,23.808161196892865,20,41.07134143520849,40.93051545625001,2.431726373562452,35.48007905,54.35951252000001,0.31129272361214844,14.133895924216082,1.0
Y2023_LAT23.80833_LON90.36469,2023,90.36468964352085,23.808329157484692,20,40.53739049939342,40.64108266637365,0.770765215259656,38.23671218000004,43.14669791000003,0.255916044294177,12.20869157031324,1.0
Y2023_LAT23.8085_LON90.3745,2023,90.37449654264427,23.808496495836255,20,41.98698430580468,41.92543936400001,1.0177210130148375,39.28433531000002,45.16845674000001,0.24819602933920973,14.265000070588538,1.0
Y2023_LAT23.80866_LON90.3843,2023,90.3843035316802,23.808663211747557,20,41.56627901170251,41.59361594179106,1.6269665412425536,37.65223076000004,45.891367970000005,0.291215813167815,15.403604252255297,1.0
Y2023_LAT23.80883_LON90.39411,2023,90.39411061027911,23.80882930532484,20,40.595959981272294,40.15994135183675,2.2557905868708352,36.08848661000002,47.24319488000003,0.3570950836493425,13.951209182160827,1.0
Y2023_LAT23.80899_LON90.40392,2023,90.40391777799685,23.80899477641592,20,39.873434112724205,39.906666275000006,1.3295246144187223,35.20492844,43.209931280000035,0.417455158553703,12.992302316716776,1.0
Y2023_LAT23.80916_LON90.41373,2023,90.41372503467097,23.809159625194418,20,40.285666829244455,40.088753482217506,1.7084689492602128,32.44316828000001,43.86448211000001,0.3616187412676944,12.482797566106157,1.0
Y2023_LAT23.80932_LON90.42353,2023,90.42353237991689,23.80932385149931,20,42.16150817272845,42.46575237000001,1.9272646385052825,37.63855868000002,47.27053904000002,0.2566152495128614,14.20520096565156,1.0
Y2023_LAT23.80949_LON90.43334,2023,90.43333981333951,23.80948745529724,20,40.91734337360562,40.92191874500003,1.4105950040875004,37.52576402,44.09861648000003,0.3085215690452395,14.904101901655988,1.0
Y2023_LAT23.80965_LON90.44315,2023,90.44314733453504,23.809650436574852,20,41.33548283045393,41.296508823043496,1.1242475703717085,38.31703565000004,45.20263694000002,0.35477547195468917,14.259896517160094,1.0
Y2023_LAT23.80981_LON90.45295,2023,90.45295494343091,23.80981279535805,20,42.13946806482794,42.09736577000002,1.556684325091181,36.194445229999985,47.27395706000004,0.31961379333552736,15.321301512007073,1.0
Y2023_LAT23.80997_LON90.46276,2023,90.46276263939755,23.80997453160247,20,42.970608934405945,42.92462714000002,1.0141505238725015,37.90687325000005,45.503422700000016,0.2922806654120136,14.663599593409806,1.0
Y2023_LAT23.81014_LON90.47257,2023,90.47257042239056,23.81013564529753,20,43.86816412503285,43.78255401217141,1.9249229288003713,37.06433132000001,48.51128030000001,0.21258640783011554,14.224298702582088,1.0
Y2023_LAT23.8103_LON90.48238,2023,90.48237829174252,23.810296136432793,20,42.597854783973226,43.470004486273815,3.503767948535511,33.67023746000004,47.67386540000001,0.229451139695093,13.295442794888869,0.9240741871634475
Y2023_LAT23.81046_LON90.49219,2023,90.49218624744012,23.810456004957235,20,41.41547078000002,41.41547078000002,0.0,41.41547078000002,41.41547078000002,0.22495676577091217,13.0,3.5308240943436143e-06
Y2023_LAT23.81387_LON90.16838,2023,90.16837526889276,23.813873164051003,20,37.06406440078398,36.93957359000004,0.4803460159250126,36.36876425000003,37.91200028,0.5972876997386675,18.0,0.011647784585001228
Y2023_LAT23.81405_LON90.17818,2023,90.17818097601702,23.814053020972818,20,37.636124285534414,37.51380095000002,0.3386736843372301,37.00964300000004,38.06752019000004,0.5771096597725403,18.0,0.005759447545866853
Y2023_LAT23.81423_LON90.18799,2023,90.1879867797294,23.81423225578895,20,37.383613499671654,37.54627214000004,0.45700019489957006,36.26793266000004,37.69324700000004,0.6215023824528082,15.0,0.007126951933850539
Y2023_LAT23.81529_LON90.24682,2023,90.24682361169884,23.81529459808003,20,38.67969613698952,38.77526395625003,2.770041186001092,33.677073500000006,43.538061200000016,0.40372802241562566,13.14291732023789,0.6448510279358363
Y2023_LAT23.81547_LON90.25663,2023,90.25663008222348,23.81546947719915,20,40.48350514241994,40.72096606756759,2.202629587989823,34.72982366000002,46.35450967999998,0.3846607856703756,13.11970056329676,1.0
Y2023_LAT23.81564_LON90.26644,2023,90.26643664668188,23.815643733920812,20,38.32849461172204,38.40932219000001,1.7198405468504938,34.81869218000003,43.22702138,0.48993420969579576,13.143400168706082,1.0
Y2023_LAT23.81582_LON90.27624,2023,90.27624330468434,23.81581736828319,20,38.24271315853021,38.58982619857144,1.6532744052755501,33.70783568000002,42.013624280000045,0.46999429076720567,14.431996978819972,1.0
Y2023_LAT23.81599_LON90.28605,2023,90.28605005590951,23.815990380239477,20,38.00130742852836,38.07926963375002,1.1737383333053224,35.25619874000006,41.41888879999999,0.5216925328339016,15.898994818799155,1.0
Y2023_LAT23.81616_LON90.29586,2023,90.29585690010072,23.81616276984901,20,36.861050873785956,36.94963776000001,1.1297325010909631,33.530098640000006,39.36465878000001,0.5598110247033383,16.44019934141099,1.0
Y2023_LAT23.81633_LON90.30566,2023,90.3056638368472,23.81633453695183,20,38.15721733553172,38.17371453551724,1.0818364951055044,35.74839362,41.95551794000005,0.47107980471326216,15.020700024352964,1.0
Y2023_LAT23.81651_LON90.31547,2023,90.3154708659422,23.816505681581,20,34.9365882769522,34.53627103593222,1.7146697206747499,32.316701540000054,41.183045419999985,0.5270501735982949,14.382597094574576,1.0
Y2023_LAT23.81668_LON90.32528,2023,90.32527798681842,23.81667620381214,20,33.37406849943776,33.45597529930233,0.5425231412383515,30.96316562000004,35.16733022000005,0.5400176574266924,14.987699985529387,1.0
Y2023_LAT23.81685_LON90.33509,2023,90.33508519938587,23.81684610342066,20,33.77959622775552,33.09542748295457,1.750385182258511,31.773236360000055,43.48337287999999,0.49909028753432677,16.582999509411177,1.0
Y2023_LAT23.81702_LON90.34489,2023,90.34489250309701,23.81701538055114,20,36.32431557996211,35.97160931500001,1.9353643261281137,32.45684036,43.28854574000002,0.5317688201260697,16.79460138635948,1.0
Y2023_LAT23.81718_LON90.3547,2023,90.3546998977826,23.817184035140357,20,38.71512164837648,39.221272841000015,2.1533531438328066,34.09407194000005,43.592749519999984,0.3491525114604112,16.080100094235394,1.0
Y2023_LAT23.81735_LON90.36451,2023,90.36450738306544,23.817352067193895,20,41.50658497797278,41.64000840153847,1.2608697466083238,37.58387035999999,44.66258978000002,0.21484782456786206,13.930001094118934,1.0
Y2023_LAT23.81752_LON90.37431,2023,90.37431495851645,23.817519476542795,20,42.437743052135495,42.41845249727277,0.9560220517131369,40.16105744000001,44.67113483,0.20207121110884058,13.154998376462949,1.0
Y2023_LAT23.81769_LON90.38412,2023,90.38412262389322,23.817686263292853,20,41.42465741522537,41.282272633265336,2.1530142003985353,36.28331374999999,45.899913019999985,0.34290341505410277,15.803902122237783,1.0
Y2023_LAT23.81785_LON90.39393,2023,90.39393037889359,23.81785242739153,20,40.51163751680353,40.45116188750002,1.0586552238873819,37.61463254,45.05908010000002,0.30758267269991346,14.322602732473799,1.0
Y2023_LAT23.81802_LON90.40374,2023,90.40373822309905,23.818017968948304,20,39.99528689607863,40.220435601395366,1.7515797724466915,35.676615200000015,44.72411414000004,0.410868645660575,13.558302627306485,1.0
Y2023_LAT23.81818_LON90.41355,2023,90.41354615625141,23.818182887687353,20,40.61364469997477,40.65541984487807,1.707322005262191,35.74839362,44.720696120000014,0.3919273511507315,13.058598892469286,1.0
Y2023_LAT23.81835_LON90.42335,2023,90.42335417790741,23.81834718371926,20,42.803648755469354,43.36545119000002,1.7703282674809186,38.61269438000002,46.56813593000004,0.22067437790215785,12.016898843410402,1.0
Y2023_LAT23.81851_LON90.43316,2023,90.43316228784003,23.81851085705533,20,39.06956089543514,39.081758693620706,0.8655674720659623,36.97888082,42.423786680000006,0.2868990526880506,14.06310264989483,1.0
Y2023_LAT23.81867_LON90.44297,2023,90.44297048569636,23.8186739076418,20,37.805759823813446,37.486126013871,1.1762609426746025,36.06797849000003,41.92133774000004,0.3994562147978963,13.78699974941146,1.0
Y2023_LAT23.81884_LON90.45278,2023,90.45277877102127,23.818836335449905,20,38.53604257352021,38.39073670625001,1.4864729898820996,35.80649996000005,43.139861870000004,0.4103309573622032,14.788898575174796,1.0
Y2023_LAT23.819_LON90.46259,2023,90.46258714368346,23.81899814041967,20,41.27603873949109,41.33316845631581,0.9267523944522479,38.985258560000034,43.550024269999994,0.34927639469345334,15.46039981364619,1.0
Y2023_LAT23.81916_LON90.4724,2023,90.47239560318073,23.81915932249695,20,41.04492505979948,40.9112385252174,1.9391514652319213,35.96714689999999,47.36966161999999,0.31115717554493105,14.318999198822578,1.0
Y2023_LAT23.81932_LON90.4822,2023,90.48220414927536,23.81931988179996,20,40.95544218183388,41.790693420000025,2.834718505508664,34.22395670000003,46.419452060000026,0.26310197470911817,14.942411242342386,1.0
Y2023_LAT23.81948_LON90.49201,2023,90.49201278165333,23.81947981821177,20,38.44472512063581,37.851521615616456,2.1278950019856406,35.31088706000003,43.481663870000006,0.3782048627936372,14.666316967408045,0.15473467768118032
Y2023_LAT23.82289_LON90.16818,2023,90.16817939044108,23.822894584165926,20,36.82990265639082,36.84045101000004,0.5928644757366189,35.26303478,38.10682742,0.5916225378623913,17.0274789182902,0.12341602937007264
Y2023_LAT23.82307_LON90.17799,2023,90.17798577362288,23.823074517538494,20,36.36484940853356,36.39176158021741,0.6937709365783143,34.26497294000001,38.40590417000004,0.6111013350957886,16.534759600983886,0.79340479696958
Y2023_LAT23.82325_LON90.18779,2023,90.18779225350889,23.823253828431376,20,36.28965092430862,36.29672063879313,0.6719452185571122,34.04280163999999,38.07606524000005,0.6437740978500082,15.113568615905457,0.8782103766267377
Y2023_LAT23.82343_LON90.1976,2023,90.19759882957575,23.823432516997453,20,35.2171043656907,35.283787475636075,0.815616786609696,33.51984458000004,37.25574044000001,0.6830138301497788,14.662599900983125,0.30477456439734196
Y2023_LAT23.82432_LON90.24663,2023,90.24663314295388,23.824316621992267,20,37.66789555310717,37.5929816789851,2.883695305001433,32.972961380000015,45.59058220999998,0.4449996470609218,13.281654658446593,0.5789998064696499
Y2023_LAT23.82449_LON90.25644,2023,90.25644028981523,23.824491575335806,20,41.43453152055634,41.539344539310356,2.2544085993818093,35.87827837999998,46.504902560000005,0.3445782975677355,13.933802041421403,1.0
Y2023_LAT23.82467_LON90.26625,2023,90.26624753061103,23.824665906121677,20,40.70388768182613,40.53171729457144,1.4501465863811396,36.790889719999996,46.16139155000002,0.41215266771397824,13.248199115528404,1.0
Y2023_LAT23.82484_LON90.27605,2023,90.27605486501137,23.824839614227137,20,37.898501336991025,38.04600061510205,1.6189206935492666,33.92317093999998,41.87690348000001,0.5426490084739743,13.702000825883365,1.0
Y2023_LAT23.82501_LON90.28586,2023,90.2858622927241,23.82501269965501,20,38.40830418625995,38.28193927969073,1.2417153214317718,34.79134801999999,43.73801537000003,0.5137138071420289,14.264703598605218,1.0
Y2023_LAT23.82519_LON90.29567,2023,90.29566981343716,23.825185162441457,20,36.87556988585211,36.91813328272729,0.7458267435060519,35.23910864000004,40.20207368000001,0.5778159436559777,15.65450194647288,1.0
Y2023_LAT23.82536_LON90.30548,2023,90.30547742655001,23.82535700253232,20,37.78224867214182,37.39265113000002,1.3568149758121553,35.88169640000001,43.438938620000044,0.564895690146126,14.644700758471508,1.0
Y2023_LAT23.82553_LON90.31529,2023,90.31528513220435,23.825528219882454,20,36.237821091105275,36.33983612951221,1.6355247921644769,32.54912690000003,43.15182493999998,0.5493296010548411,14.287101351065225,1.0
Y2023_LAT23.8257_LON90.32509,2023,90.32509292964225,23.825698814482774,20,34.322237131156896,34.20214169000002,1.419567872490075,32.29277539999998,38.92715222000001,0.47148229914199874,14.815100958942333,1.0
Y2023_LAT23.82587_LON90.3349,2023,90.33490081871678,23.82586878634034,20,33.90439792359759,33.465556241063844,1.5873694980247217,31.70487595999998,40.229417839999996,0.48308252451994865,15.793698580821916,1.0
Y2023_LAT23.82604_LON90.34471,2023,90.34470879908258,23.82603813541711,20,38.788476986966835,39.160252189210546,2.621587711800038,32.54741789000002,44.33445986000004,0.38330342329953776,15.660698403286665,1.0
Y2023_LAT23.82621_LON90.35452,2023,90.3545168704309,23.826206861579013,20,40.260218267688906,40.40181422375002,2.177007561202158,34.32820631000001,45.195800899999995,0.3501853392062527,15.720000847059863,1.0
Y2023_LAT23.82637_LON90.36433,2023,90.36432503228613,23.826374964926323,20,41.236854495543255,41.34260343327435,1.3749413902920382,34.834073270000005,44.423328380000044,0.2680929784660592,15.4444981699979,1.0
Y2023_LAT23.82654_LON90.37413,2023,90.37413328450373,23.826542445427858,20,42.065401971372104,41.84841998000002,1.3700291236402053,37.98036067999999,46.043469860000016,0.23491038705539885,14.599191055016757,1.0
Y2023_LAT23.82671_LON90.38394,2023,90.38394162658005,23.82670930307954,20,39.20586788132985,38.96344355000003,2.0082839025619292,35.42026370000002,45.55298399000003,0.43120159471515734,14.156197830821004,1.0
Y2023_LAT23.82688_LON90.39375,2023,90.39375005825224,23.826875537835253,20,40.3602838242195,40.51296489043481,1.4219874326643929,35.46811597999999,43.19113217,0.36378666709393714,13.460599365411028,1.0
Y2023_LAT23.82704_LON90.40356,2023,90.40355857929806,23.827041149533837,20,39.95567818926411,39.86368970000002,1.55006464103773,36.44054267000004,43.77390458000002,0.48033287555585114,14.824901528948395,1.0
Y2023_LAT23.82721_LON90.41337,2023,90.4133671891908,23.82720613841696,20,40.437596813265884,40.660883248372116,2.2793919343071254,33.499336459999995,44.821527710000026,0.3356070386911019,12.48029703564358,1.0
Y2023_LAT23.82737_LON90.42318,2023,90.4231758877953,23.827370504220717,20,41.93232488773925,42.046855030000025,1.044602668302379,38.82802964000001,44.33958689000002,0.2633094180971991,12.291000342353371,1.0
Y2023_LAT23.82753_LON90.43298,2023,90.43298467440856,23.827534247061728,20,40.287631492258924,40.395295780190125,1.593487920920351,36.81481586000004,43.910625380000056,0.31027050265075795,12.885099459291608,1.0
Y2023_LAT23.8277_LON90.44279,2023,90.442793549186,23.82769736684151,20,38.993992683025226,38.35207035500002,2.3557583728091327,34.73665970000002,45.91529411000005,0.4039117856951158,13.888699869058648,1.0
Y2023_LAT23.82786_LON90.4526,2023,90.45260251149202,23.827859863599773,20,38.84796545007924,37.84278537500001,2.4217862300576205,35.828717090000026,45.70508588000001,0.37372691795739976,15.119498964116467,1.0
Y2023_LAT23.82802_LON90.46241,2023,90.46241156103278,23.828021737310443,20,39.11075961030751,38.843197103750015,1.6207263443428057,36.035507300000006,45.404300120000016,0.3957275974626073,15.307896743043486,1.0
Y2023_LAT23.82818_LON90.47222,2023,90.47222069746103,23.828182987928958,20,38.260821240582075,38.03182912608698,2.073676891199175,34.51790642,47.00051546000003,0.41674327139813333,15.795099758940895,1.0
Y2023_LAT23.82834_LON90.48203,2023,90.48202992058056,23.82834361542162,20,38.1593172259506,38.20177242000002,1.4262266667680092,34.54866860000004,41.86835843000003,0.4079361062504132,14.569793687579748,0.9473202441440128
Y2023_LAT23.8285_LON90.49184,2023,90.49183922986218,23.828503619784502,20,36.99665664034486,36.82336091000002,0.9086893794313905,35.25961676000003,39.106598270000006,0.3733181623452519,14.631448216278475,0.09945188510709929
Y2023_LAT23.83155_LON90.14837,2023,90.14836958692833,23.831554104874208,20,36.23360989830831,36.28844078000003,0.599384512987785,34.65120920000004,37.58387035999999,0.5959279390946478,16.963991724259337,0.24586118697081055
Y2023_LAT23.83174_LON90.15818,2023,90.15817645223937,23.83173535987494,20,35.68239049242286,35.67357696,0.9560911546024036,33.71808973999998,38.031630980000045,0.6032395098222595,16.436858736199024,0.4819790977068237
Y2023_LAT23.83192_LON90.16798,2023,90.1679834149831,23.83191599233053,20,35.627062553083746,35.6784854373585,0.8186137618485727,32.97637940000004,38.10682742,0.6270545741397808,16.02586816707188,0.883300535773277
Y2023_LAT23.8321_LON90.17779,2023,90.17779047460897,23.832096002084114,20,35.657960636735304,35.67061548404257,0.7609964266363048,33.495918440000025,37.563362240000004,0.6324557621679031,14.868599381644112,1.0
Y2023_LAT23.83228_LON90.1876,2023,90.18759763098288,23.83227538919579,20,35.86780875451715,35.85931650714288,0.6714730859922824,33.335271499999976,37.87440206000002,0.6468896736377553,14.968302203775036,1.0
Y2023_LAT23.83245_LON90.1974,2023,90.197404883615,23.83245415351192,20,36.095516242682564,36.08191349461539,0.5843706505478712,34.65804524000001,38.086319300000014,0.6208973622600481,15.458392142416656,0.8606200285684741
Y2023_LAT23.83263_LON90.20721,2023,90.2072122322437,23.83263229513139,20,35.96305879787175,35.929548680000025,0.6647224514326284,34.67855336000002,37.75648037000002,0.600781721947865,15.319202393732445,0.1586917832300901
Y2023_LAT23.83299_LON90.22683,2023,90.22682721609769,23.83298671014301,20,37.1012883032688,37.18310751500002,0.8558567088552416,34.709315540000034,38.617821410000005,0.5660176140636823,14.727442342575813,0.20781276925728023
Y2023_LAT23.83316_LON90.23663,2023,90.23663485065207,23.833162983466416,20,37.48118669565391,37.46338515500001,0.680631816949077,35.73643055000002,39.12197936000001,0.5856817499478119,13.951712419483048,0.5571028535229896
Y2023_LAT23.83334_LON90.24644,2023,90.24644257992824,23.83333863396304,20,38.53850282350122,38.91860717,3.105172500145405,32.96954335999999,45.667487660000006,0.42558086080689245,14.133915482184998,0.6832121874126763
Y2023_LAT23.83351_LON90.25625,2023,90.25625040340556,23.833513661644123,20,41.22165030390283,41.17450037000002,1.3737660178632443,38.42470328000002,46.35109166000001,0.3253882722139044,15.757207092739261,1.0
Y2023_LAT23.83369_LON90.26606,2023,90.26605832095383,23.833688066342177,20,39.072549992118496,38.96363074379313,1.8620137074182705,35.42368171999999,46.11353927000002,0.47931131882575256,14.237601118122889,1.0
Y2023_LAT23.83386_LON90.27587,2023,90.27586633211241,23.83386184824758,20,36.965253351402616,37.19896333000001,1.4208006480216842,33.495918440000025,39.85685366000001,0.5935738276619598,13.018300086118009,1.0
Y2023_LAT23.83404_LON90.28567,2023,90.28567443656736,23.83403500725343,20,37.93469954610648,37.96446688700002,1.4602230991750318,33.33527150000003,41.54193752000003,0.5736751898777862,13.866400547767268,1.0
Y2023_LAT23.83421_LON90.29548,2023,90.2954826340372,23.834207543222686,20,37.8147908089771,37.82825879000002,1.0110912701115728,34.99130219000003,41.09417689999998,0.5387523220331913,14.997702342128678,1.0
Y2023_LAT23.83438_LON90.30529,2023,90.30529092407066,23.834379456264415,20,39.00061534173157,38.57796875127662,1.5781297420931777,36.459341780000045,44.01316598000005,0.5085546907988411,13.85449931529086,1.0
Y2023_LAT23.83455_LON90.3151,2023,90.31509930648197,23.834550746337584,20,38.34447325508533,37.77791895100002,1.6350322036267246,35.26987082000005,43.33639802000005,0.5030299644953429,13.156297206104457,1.0
Y2023_LAT23.83472_LON90.32491,2023,90.32490778084068,23.834721413344035,20,35.901024205789696,35.73073385000001,1.7520712911980187,32.37138986000002,39.89957891000003,0.5206246693368068,14.661005463555085,1.0
Y2023_LAT23.83489_LON90.33472,2023,90.33471634680083,23.834891457379513,20,34.52571406691623,34.15945535483872,1.588374279370268,32.32353757999999,40.40373685999998,0.4650855801664328,16.10339813363821,1.0
Y2023_LAT23.83506_LON90.34453,2023,90.3445250041786,23.835060878266724,20,35.6346658120215,35.03701820750001,2.7177121288435266,30.751248379999993,42.55025341999999,0.43652690577266784,16.144099501644686,1.0
Y2023_LAT23.83523_LON90.35433,2023,90.3543337523925,23.835229676143097,20,40.09601367702838,40.213259927272745,2.048471990042475,33.82746638000003,44.26951747999999,0.333446061957199,16.463802182598425,1.0
Y2023_LAT23.8354_LON90.36414,2023,90.36414259131713,23.835397850949132,20,38.74536093480547,39.03264474636366,1.5825588443723113,33.90778985000003,42.10591082000002,0.3590009311082179,16.356804032018914,1.0
Y2023_LAT23.83557_LON90.37395,2023,90.37395152049466,23.8355654025433,20,39.5304893225184,39.39095854500002,1.3352250763744162,36.76354556000001,44.19944807000002,0.33636569652147313,15.207798624934684,1.0
Y2023_LAT23.83573_LON90.38376,2023,90.38376053961815,23.83573233096978,20,38.23116053340888,38.23853512400001,1.1422214568791176,35.045990510000024,41.72651060000004,0.4015877547672569,14.726296359041655,1.0
Y2023_LAT23.8359_LON90.39357,2023,90.39356964845436,23.835898636245652,20,38.86448713267937,38.84812345454547,2.312045095452362,33.50617250000005,44.53612304000001,0.43862626885264994,13.933802041421343,1.0
Y2023_LAT23.83606_LON90.40338,2023,90.40337884655563,23.83606431840792,20,41.802609558353886,42.340676780652196,1.844210018246819,36.56188238000004,44.587393340000006,0.39448058533507696,15.263203591546285,1.0
Y2023_LAT23.83623_LON90.41319,2023,90.41318813352635,23.83622937723867,20,42.21114499328353,42.27461452142858,1.3129472752308908,36.16197404000002,45.684577760000025,0.19087317105271162,13.745891745372885,1.0
Y2023_LAT23.83639_LON90.423,2023,90.42299750926796,23.83639381286551,20,41.239729678044334,41.36291872250002,1.392829235798424,36.739619420000054,43.922588450000035,0.3367904801603113,12.173100814592035,1.0
Y2023_LAT23.83656_LON90.43281,2023,90.43280697316571,23.836557625216,20,39.316086854618995,39.2787355751064,1.4049251532015758,34.71956960000003,43.322725940000055,0.40348518069110273,13.198000931769066,1.0
Y2023_LAT23.83672_LON90.44262,2023,90.44261652508888,23.836720814273363,20,39.0249344674146,38.71623190250002,1.9628052574838653,33.906080840000016,45.34448477000004,0.49053329733454765,14.783603687546771,1.0
Y2023_LAT23.83688_LON90.45243,2023,90.45242616467249,23.836883380054967,20,38.60352124777384,38.670053028125025,1.8026743741739772,34.61190197000002,42.782678780000026,0.4556972569211597,14.58969336326286,1.0
Y2023_LAT23.83705_LON90.46224,2023,90.46223589141553,23.837045322543688,20,40.48702017231589,40.51626859538463,1.4620802054070172,37.24377737000003,45.07446119000002,0.3742227748983779,16.0,1.0
Y2023_LAT23.83721_LON90.47205,2023,90.47204570518304,23.837206641628736,20,38.83183617026677,38.85969129894739,1.5648085979784965,34.78451197999999,42.30415598000002,0.3751972973804773,15.054724856586853,0.9807033350596278
Y2023_LAT23.83737_LON90.48186,2023,90.48185560564076,23.837367337295152,20,38.69449881451589,38.41908282646275,1.7272234971169895,35.71079540000005,42.66133907,0.38027671074643743,14.067820437318339,0.189116946479318
Y2023_LAT23.84058_LON90.14817,2023,90.14817216103816,23.84057534732791,20,35.828609031999,35.859137468000036,0.9318470711800496,33.12677228000001,38.380269020000014,0.6222171941450488,16.641037793432293,0.5007623431263256
Y2023_LAT23.84076_LON90.15798,2023,90.15797970307277,23.8407566793346,20,35.37588864218669,35.36204342600003,0.8835770765069403,33.52838962999999,38.87588191999998,0.6223860586708322,16.000501177060205,1.0
Y2023_LAT23.84094_LON90.16779,2023,90.16778734254447,23.840937388387445,20,35.68658326085717,35.73480699050002,0.8552857415172646,33.20880476000002,38.87588191999998,0.6264234812419004,15.233503451780964,1.0
Y2023_LAT23.84112_LON90.1776,2023,90.17759507896123,23.841117474552508,20,35.9315012061161,35.98789916428573,0.8119945074373581,33.43781210000003,38.41274021000001,0.627603746815332,14.7668009021187,1.0
Y2023_LAT23.8413_LON90.1874,2023,90.18740291206971,23.841296937759036,20,35.7834412783058,35.76476413684213,0.7747114678579877,33.65656538000002,38.22816713,0.6333302264885349,15.43170050788295,1.0
Y2023_LAT23.84148_LON90.19721,2023,90.19721084159713,23.841475777990155,20,35.42804293097282,35.359088910227285,0.7942486687651498,33.80012222000002,38.13075356000002,0.6330748344870508,15.83130391201842,1.0
Y2023_LAT23.84165_LON90.20702,2023,90.20701886710472,23.84165399525762,20,36.587990172432555,36.642994623846164,1.191572101289312,34.04621966000002,39.54923186000002,0.5824209928828918,15.460638360347657,0.9715088540069463
Y2023_LAT23.84183_LON90.21683,2023,90.21682698822377,23.84183158947361,20,37.06720208317351,36.97468597727274,1.2979611816527472,34.463218100000006,43.21164028999999,0.5709635293463112,15.587656988913867,0.7406248429997633
Y2023_LAT23.84201_LON90.22664,2023,90.22663520484046,23.842008560680036,20,37.594807364988576,37.33964948000001,1.5657804263732116,34.709315540000034,44.24388233000002,0.5593355625274375,14.47056950818618,0.9907642036695101
Y2023_LAT23.84218_LON90.23644,2023,90.23644351630509,23.842184908856428,20,37.232123068205226,37.17353116586209,0.8225404197269738,34.338460370000035,40.851497480000035,0.5669362823792563,15.084000098823639,1.0
Y2023_LAT23.84236_LON90.24625,2023,90.24625192253338,23.84236063387516,20,39.94528597994617,40.22629703913046,2.856716170959306,33.55744279999999,47.72513570000001,0.3763921997860206,14.683400732299802,0.9990978337396029
Y2023_LAT23.84254_LON90.25606,2023,90.25606042303819,23.842535735804308,20,41.61389939202854,41.281792393406604,1.4305839350447456,38.93057024000001,47.244903890000046,0.323535598241807,15.228901077181547,1.0
Y2023_LAT23.84271_LON90.26587,2023,90.26586901766919,23.84271021459621,20,39.68056297495995,39.83756626142859,1.8694388650509628,35.02206437000001,43.51413506,0.47714053491643693,14.221100260117945,1.0
Y2023_LAT23.84288_LON90.27568,2023,90.27567770591823,23.842884070255604,20,39.37004342848107,39.29948853200002,1.0706197975232379,36.553337330000005,42.833949080000025,0.493253044722457,14.350301588590103,1.0
Y2023_LAT23.84306_LON90.28549,2023,90.28548648737947,23.843057302676108,20,37.59731304353474,37.54378630727275,1.0803134030039032,33.85481054000002,40.74895688000004,0.5962443443066314,15.68810794403739,1.0
Y2023_LAT23.84323_LON90.2953,2023,90.29529536205294,23.843229911966674,20,38.17441280516981,38.14368259217393,1.323597634215175,35.181002300000046,42.65279401999999,0.5518217495425439,15.17760020894142,1.0
Y2023_LAT23.8434_LON90.3051,2023,90.3051043292476,23.843401897972704,20,38.99455922050668,38.89109210900002,1.4786784158076234,35.64927104000003,43.47824585000001,0.5226040286681571,13.71409966364666,1.0
Y2023_LAT23.84357_LON90.31491,2023,90.31491338880836,23.84357326075308,20,37.2549614052369,37.10511183448276,1.0204907664921297,34.95199495999998,42.803186900000014,0.5659789805106509,13.814101478124606,1.0
Y2023_LAT23.84374_LON90.32472,2023,90.32472254042095,23.843744000271027,20,35.33374510569482,35.32389452500001,1.2121079447272887,32.60039720000003,38.67080071999999,0.6250967563491567,14.134901335178043,1.0
Y2023_LAT23.84391_LON90.33453,2023,90.33453178363415,23.843914116423864,20,34.28026344432102,33.800335846250015,1.7285156037591525,32.3098655,39.97990238,0.4826636127828193,16.67110078953033,1.0
Y2023_LAT23.84408_LON90.34434,2023,90.34434111824926,23.844083609322155,20,34.20484965912914,33.71335112136365,2.280458925329041,30.764920459999985,40.07218892000003,0.4050692946417513,15.935397343046347,1.0
Y2023_LAT23.84425_LON90.35415,2023,90.3541505437578,23.84425247880271,20,36.22484750413419,36.35099054600003,3.1171234289555643,30.756375410000004,43.04928434000004,0.43120840853340364,16.283599157175466,1.0
Y2023_LAT23.84442_LON90.36396,2023,90.36396005998247,23.844420724846596,20,37.74438102941408,38.03604132838713,2.457915522580421,32.81573246000005,42.6322859,0.4262487996511902,15.567501844119818,1.0
Y2023_LAT23.84459_LON90.37377,2023,90.37376966657563,23.844588347690777,20,40.07272791815267,40.282265687692316,1.4723267432410951,33.759105980000015,43.175751080000026,0.39668293785744396,15.67360552284952,1.0
Y2023_LAT23.84476_LON90.38358,2023,90.38357936302975,23.844755347063185,20,38.888716519775585,38.89169026250001,1.2869555349003607,35.464697960000024,42.06147656000002,0.4061114528918488,15.054600064235371,1.0
Y2023_LAT23.84492_LON90.39339,2023,90.39338914935368,23.844921722962663,20,40.3801003734086,39.77012140250001,2.234389828628829,36.095322650000014,45.03173594000003,0.4434810678869077,13.824700970236425,1.0
Y2023_LAT23.84509_LON90.4032,2023,90.40319902480896,23.845087475305515,20,43.530835268645035,43.10706822528304,1.548848808310702,39.85001762000002,47.740516790000015,0.20332461958976317,13.68639617127611,1.0
Y2023_LAT23.84525_LON90.41301,2023,90.41300898926613,23.845252604256814,20,40.47883849205603,40.77811468326531,2.096104125062485,34.924650799999995,45.57007409000002,0.2427676408677657,13.859497481761744,1.0
Y2023_LAT23.84542_LON90.42282,2023,90.42281904246684,23.845417109739255,20,38.81164561127505,38.72475000864867,1.5579238065737333,35.181002300000046,43.891826270000024,0.4153398456340014,13.465801724472604,1.0
Y2023_LAT23.84558_LON90.43263,2023,90.43262918394738,23.84558099160856,20,37.544219321813856,37.38759315090912,1.08099265211835,34.25813690000001,41.67865832000001,0.5133626034819305,13.466802196716243,1.0
Y2023_LAT23.84574_LON90.44244,2023,90.44243941341043,23.845744249986087,20,37.43285627625081,37.22475853014287,1.5503097329044517,33.59162300000003,41.64789614000003,0.5008373427562522,15.194901405766352,1.0
Y2023_LAT23.84591_LON90.45225,2023,90.45224973051488,23.845906884744103,20,36.809805479117436,36.8278664818182,1.5210418841764117,33.18146060000004,41.148865220000005,0.5764950063108166,15.667599608940717,1.0
Y2023_LAT23.84607_LON90.46206,2023,90.46206013489734,23.846068895891545,20,39.6318868804026,40.70903014225581,3.470595371267204,33.56598785,46.89455684000001,0.43153095600535996,15.994850654357938,0.9769357378243188
Y2023_LAT23.84623_LON90.47187,2023,90.47187062631693,23.846230283490918,20,38.473357656269776,38.15775591800002,1.821246116665096,34.37776760000003,42.99459602000002,0.40578446467883894,14.478716550366144,0.400340752634657
Y2023_LAT23.84941_LON90.13817,2023,90.13816651599821,23.849414545645395,20,37.478318417208506,37.527473030000024,0.6980620264541223,35.57920163000003,38.83486568000001,0.5716088237976709,15.333521692723037,0.17128753333906968
Y2023_LAT23.8496_LON90.14797,2023,90.14797463735019,23.849596577685013,20,35.46437362915026,35.32391826125002,0.8651616884447709,33.19171466000003,38.22645812000002,0.6387971246304556,14.936406540319606,0.9588113731917622
Y2023_LAT23.84978_LON90.15778,2023,90.15778285658293,23.849777986577454,20,35.17628002838354,35.35722752346157,0.899392292949557,32.84991266000003,36.903684380000016,0.6231127488782615,16.678501974708244,1.0
Y2023_LAT23.84996_LON90.16759,2023,90.16759117304086,23.849958772327916,20,35.66154152213378,35.70472667061227,0.840209642446994,33.430976060000006,39.00405767000001,0.6391208322063634,15.842703965665757,1.0
Y2023_LAT23.85014_LON90.1774,2023,90.1773995866221,23.850138934900187,20,34.3744928474823,34.104326000000015,1.199261345352598,32.20048886000001,38.52211685000003,0.6810839183465194,16.15500135882517,1.0
Y2023_LAT23.85032_LON90.18721,2023,90.18720809689493,23.85031847430285,20,35.41692305602149,35.389501520000024,1.0887797985938876,33.072083959999986,40.00724653999998,0.6141597839465824,15.515598253645047,1.0
Y2023_LAT23.8505_LON90.19702,2023,90.19701670358802,23.850497390412862,20,35.41097803195183,35.51320755153847,1.1439342186698125,31.99882567999998,37.888074140000015,0.6330272928972124,15.289596656925482,1.0
Y2023_LAT23.85068_LON90.20683,2023,90.20682540628808,23.85067568334006,20,35.29993405228914,35.32936821465117,1.144690640862027,32.14580053999998,38.08802831000003,0.6406271031084693,13.688698457292315,1.0
Y2023_LAT23.85085_LON90.21663,2023,90.21663420466585,23.850853352912015,20,35.35470739664193,35.38828079857145,0.9089859855760685,32.96612534000002,38.43495733999998,0.6172339850279698,15.308700363176888,1.0
Y2023_LAT23.85103_LON90.22644,2023,90.22644309843818,23.851030399238997,20,35.07094007635398,35.08025616050003,1.7880592508211595,31.199009000000046,38.73403409000002,0.6640105914059102,14.775196589160444,1.0
Y2023_LAT23.85121_LON90.23625,2023,90.2362520873236,23.851206822179524,20,36.338211023861426,36.408463128125014,1.7901670082543457,31.672404770000014,41.09417690000001,0.5647335381175362,15.995499994705893,1.0
Y2023_LAT23.85138_LON90.24606,2023,90.24606117078189,23.85138262187051,20,40.301420281315615,40.839571562391335,1.8920823931261521,34.147051250000004,44.77196642000001,0.38985344230991403,16.22580144211938,1.0
Y2023_LAT23.85156_LON90.25587,2023,90.25587034873803,23.85155779805201,20,41.419232831363935,41.545811276000016,1.0218462100872059,37.97865167000003,44.20115708000003,0.31824515724360836,15.787606059322673,1.0
Y2023_LAT23.85173_LON90.26568,2023,90.26567962069254,23.851732350916897,20,40.97968638537141,41.21954987360002,1.5997870073385985,36.02354423,44.33787788000001,0.40794127872726216,14.323100380118108,1.0
Y2023_LAT23.85191_LON90.27549,2023,90.27548898628667,23.851906280300767,20,39.05142619907104,39.09949930538463,1.6520228162129533,34.302571160000014,42.95699780000004,0.5034954897547893,15.624000734118528,1.0
Y2023_LAT23.85208_LON90.2853,2023,90.28529844528776,23.85207958628689,20,39.003838805107094,39.15403803034483,2.013611106909428,34.463218100000006,45.05566207999999,0.5291961357693302,14.440197365634713,1.0
Y2023_LAT23.85225_LON90.29511,2023,90.29510799736741,23.852252268768797,20,38.36133825977835,38.29746472903227,1.3472475391353518,34.83578228000002,41.318057210000035,0.5616023897489271,13.442398167527266,1.0
Y2023_LAT23.85242_LON90.30492,2023,90.30491764209752,23.85242432778987,20,39.895105396139975,39.61018655000001,1.2023889544862072,36.51232109,43.42697555000004,0.4975822708830062,13.041700049058926,1.0
Y2023_LAT23.8526_LON90.31473,2023,90.31472737912624,23.852595763293294,20,38.889967650727115,38.82608758318182,0.8260342069259619,37.31042876000001,42.10932883999999,0.5029424129804272,13.836199229172873,1.0
Y2023_LAT23.85277_LON90.32454,2023,90.32453720834886,23.85276657516604,20,36.95113142510399,37.09036859000001,2.09780254301812,32.622614330000005,43.11422672000003,0.5530395478245068,14.489399399293436,1.0
Y2023_LAT23.85294_LON90.33435,2023,90.33434712912769,23.852936763576526,20,36.634520609974444,35.57407460000002,3.0477804550915,32.648249480000004,47.062039819999995,0.44539198706558686,15.301698001997696,1.0
Y2023_LAT23.85311_LON90.34416,2023,90.34415714126574,23.853106328323356,20,36.644294352482945,36.46617782000002,3.4315767216285336,30.85037096000002,44.62840958000004,0.33501423222339766,16.629498256462455,1.0
Y2023_LAT23.85328_LON90.35397,2023,90.35396724451219,23.853275269547233,20,37.848881405762384,39.03359912857145,4.203930222612702,30.744412339999997,44.185775990000025,0.2852492999781319,15.094097757762125,1.0
Y2023_LAT23.85344_LON90.36378,2023,90.36377743835727,23.85344358714176,20,39.22821003259553,39.47879092608698,2.2245324056407525,33.343816550000014,44.31736976000002,0.41316195342287243,15.02799885646924,1.0
Y2023_LAT23.85361_LON90.37359,2023,90.37358772264568,23.853611280975656,20,38.83029108706645,38.519553335,1.4722211926033861,35.54673044000003,42.66646609999998,0.40829426989189993,15.153900724238769,1.0
Y2023_LAT23.85378_LON90.3834,2023,90.38339809685728,23.853778351178395,20,38.775185382160956,38.888621812727294,1.569732056561947,35.15024012000001,42.7348265,0.40001504490153383,15.467301726237366,1.0
Y2023_LAT23.85394_LON90.39321,2023,90.3932085608357,23.853944797669996,20,42.56591708206719,42.6592198976,1.9368876335200127,36.27818672000001,50.24763446000003,0.29168996774657535,14.235602630120763,1.0
Y2023_LAT23.85411_LON90.40302,2023,90.40301911406132,23.8541106204841,20,42.61855583000196,42.46601346875002,2.079033882631287,37.75306235000002,48.42924782000003,0.2625280617557905,13.386101816949763,1.0
Y2023_LAT23.85428_LON90.41283,2023,90.41282975646459,23.85427581947158,20,41.2709808676968,41.42055508475001,1.3212704656663,37.22497826000003,44.457508580000024,0.28026297798360295,14.64410075776562,1.0
Y2023_LAT23.85444_LON90.42264,2023,90.42264048734816,23.854440394729643,20,39.95886048729473,39.790202270000016,1.619760063058236,36.025253239999984,46.846704560000006,0.37926083283685036,13.167901374001646,1.0
Y2023_LAT23.8546_LON90.43245,2023,90.4324513067417,23.85460434620307,20,38.62179000926334,38.401253421475424,1.8532985886823488,33.77277806000001,42.85445720000001,0.4464341720670221,12.922701989185867,1.0
Y2023_LAT23.85477_LON90.44226,2023,90.44226221400886,23.854767673863886,20,36.89682525627424,36.657054022903246,1.4674075396270203,33.54889774999998,41.53168346000004,0.5532484905934804,13.455400535765328,1.0
Y2023_LAT23.85493_LON90.45207,2023,90.45207320908156,23.854930377638144,20,36.100951737463696,36.0910726119737,1.2857878187719556,32.90118296000003,41.01727145000001,0.6181045048957574,15.038198868469296,1.0
Y2023_LAT23.85509_LON90.46188,2023,90.46188429141417,23.855092457552743,20,37.276811536176126,36.72178313253523,2.1723228943581607,33.993240350000036,46.07594105000004,0.550264756810528,15.347326732673285,0.9993992296003109
Y2023_LAT23.85525_LON90.4717,2023,90.47169546076705,23.8552539135842,20,35.99388114696835,35.34449173221083,2.536185608843947,32.84991266000003,44.9907197,0.5596970538316445,14.726109057955645,0.25417396968900835
Y2023_LAT23.85825_LON90.12816,2023,90.1281595165627,23.85825295405436,20,39.068412592065684,39.663735530000025,1.5079286681093846,35.73130352000001,40.747247870000024,0.41014095474345735,13.006672004270085,0.013286857110436548
Y2023_LAT23.85844_LON90.13797,2023,90.13796821735538,23.858435686635293,20,36.3010859059446,36.14264724248302,1.113377004303109,34.329915320000055,40.69597757,0.5900745068696024,13.385886564573598,0.7959303350494109
Y2023_LAT23.85862_LON90.14778,2023,90.14777701605465,23.858617795927742,20,34.76086329204202,34.76441076714288,0.8819799605828753,32.06376806000003,36.89684834000002,0.6371009276360614,15.115705250377621,1.0
Y2023_LAT23.8588_LON90.15759,2023,90.1575859125968,23.858799281880138,20,34.683236863626895,34.61304131000002,1.0194657686175064,32.08769419999999,36.924192500000004,0.6370574666478964,15.092400434825526,1.0
Y2023_LAT23.85898_LON90.16739,2023,90.16739490654852,23.858980144305885,20,34.61759984620648,34.829490015909116,1.2094303790744354,31.841596760000016,37.79920562000001,0.6674793476092284,15.559901458359757,1.0
Y2023_LAT23.85916_LON90.1772,2023,90.17720399757113,23.859160383258743,20,34.94312578366976,35.29703022216218,1.1939817739262282,31.04861612000002,36.90539339,0.6340930915736467,13.86919232561091,1.0
Y2023_LAT23.85934_LON90.18701,2023,90.18701318531267,23.859339998803858,20,34.7996218066138,34.530646312727285,1.8980040088231303,31.85185081999998,40.52849458999998,0.6055072201032611,13.546486101111025,1.0
Y2023_LAT23.85952_LON90.19682,2023,90.1968224695223,23.85951899083173,20,34.7211615925293,34.59316988000002,1.237376898969189,31.824506659999997,40.48064231000001,0.6717976407109633,15.653201897420704,1.0
Y2023_LAT23.8597_LON90.20663,2023,90.20663184970567,23.859697359340366,20,34.633580349152254,34.578836341739155,1.5016067110918407,32.01249776000003,39.97990238,0.6306307112907918,14.10770050682586,1.0
Y2023_LAT23.85988_LON90.21644,2023,90.21644132573505,23.859875104366267,20,35.709422537764084,35.70300991000002,1.298411285346811,31.67069576,39.61075622000001,0.5734621937789461,15.69470091623963,1.0
Y2023_LAT23.86005_LON90.22625,2023,90.22625089712375,23.86005222573555,20,32.81153734748545,32.60649420864866,1.0031747521227796,31.10501345000003,35.86118828000002,0.7401618932646383,15.438898535993106,1.0
Y2023_LAT23.86023_LON90.23606,2023,90.23606056358047,23.860228723536842,20,35.26367622875774,35.14226474,1.5478822958527154,32.36626282999998,39.20401184000002,0.5926031930749954,16.109200513884765,1.0
Y2023_LAT23.8604_LON90.24587,2023,90.24587032471145,23.86040459774019,20,36.86171362728531,36.350554453793116,1.6496787010921676,34.12483412000006,42.31441004000001,0.583990284313457,15.476906950150337,1.0
Y2023_LAT23.86058_LON90.25568,2023,90.25568018032497,23.860579848308465,20,38.29165599015489,38.23777294482761,1.5821930473358734,35.53305836000004,42.26655776000001,0.46921556400565273,14.155199553880228,1.0
Y2023_LAT23.86075_LON90.26549,2023,90.26549013003545,23.86075447522358,20,38.70701996752185,38.42493114800003,1.711648014188095,35.792827880000004,42.69722827999999,0.5347530566083196,14.733401098358074,1.0
Y2023_LAT23.86093_LON90.2753,2023,90.275300173294,23.860928478430182,20,36.81849111335321,36.7356617126316,1.415623503703428,33.33868952,40.82757134000002,0.6307228891772427,15.843706323323836,1.0
Y2023_LAT23.8611_LON90.28511,2023,90.28511031017463,23.86110185790649,20,38.0408446340492,37.92396335000003,1.1392296726412248,35.41513667000001,42.539999360000024,0.5661458743143765,15.336301582595649,1.0
Y2023_LAT23.86127_LON90.29492,2023,90.29492053998196,23.861274613670293,20,39.52278910849758,39.28140557857146,1.8620941626695426,35.41513667000001,44.10716153000004,0.5223351008292856,13.651691302076724,1.0
Y2023_LAT23.86145_LON90.30473,2023,90.30473086251274,23.861446745670065,20,39.255877149710955,38.92134661250001,1.1658390893271595,36.756709520000015,43.25094752000004,0.5442288107396385,12.542395493625817,1.0
Y2023_LAT23.86162_LON90.31454,2023,90.31454127750341,23.86161825383387,20,39.74244917738591,39.651894532142876,1.9566075981434117,35.25961676000003,45.60938132000001,0.45553501429055093,14.896704219784544,1.0
Y2023_LAT23.86179_LON90.32435,2023,90.32435178453636,23.861789138311877,20,39.09138070286743,38.78025623738464,1.3527231107714046,36.46959584000001,45.06933416000004,0.500064701568311,15.777406011322354,1.0
Y2023_LAT23.86196_LON90.33416,2023,90.3341623832019,23.86195939884345,20,39.66912618105946,40.23454487000002,3.8467166739275407,32.679011660000015,47.26712101999999,0.39753951242555124,16.470197506811733,1.0
Y2023_LAT23.86213_LON90.34397,2023,90.34397307332979,23.8621290356191,20,38.6290004146919,38.71922267000003,3.489808225719558,32.84307662000003,45.43848032000005,0.398804607877306,16.932199680939615,1.0
Y2023_LAT23.8623_LON90.35378,2023,90.3537838545608,23.86229804845084,20,40.77198672046101,40.97090031200001,2.1150298330337023,33.36261566000002,44.71044205999999,0.3914431303784715,15.894194796210725,1.0
Y2023_LAT23.86247_LON90.36359,2023,90.3635947263993,23.862466437383123,20,40.00095879320011,40.04662807478263,1.0937954672386248,36.57897248000003,42.93478067000001,0.3835132036790893,15.694496209393924,1.0
Y2023_LAT23.86263_LON90.37341,2023,90.37340568866655,23.862634202412984,20,39.22846563228344,39.285203823278714,1.4677164543995789,34.80331109000002,42.90914551999998,0.3559923155810118,14.66159487809352,1.0
Y2023_LAT23.8628_LON90.38322,2023,90.38321674099215,23.862801343461857,20,39.89534882494445,40.46879888590925,2.2129604628175996,32.95758029000001,43.739724379999984,0.30765967852255977,14.267096551042535,1.0
Y2023_LAT23.86297_LON90.39303,2023,90.39302788295696,23.8629678606028,20,41.51097450424199,40.973122025000016,2.0553491544662994,35.83726214000001,49.65631700000003,0.24920446250621886,12.380804144960656,1.0
Y2023_LAT23.86313_LON90.40284,2023,90.40283911441058,23.863133753729567,20,41.27898802610717,41.20371630285716,0.9254364023284793,38.665673690000006,44.68309790000001,0.24647315003010098,12.561599113407588,1.0
Y2023_LAT23.8633_LON90.41265,2023,90.41265043480634,23.863299022862698,20,41.76097664834709,41.79572550500003,0.9360356491452618,39.07754510000001,43.97556775999999,0.27679729087121263,12.898094814563791,1.0
Y2023_LAT23.86346_LON90.42246,2023,90.4224618439574,23.863463667882602,20,40.82888694208893,40.82715563486487,1.2575468222003912,38.026503950000006,44.004620930000044,0.3390667868170577,13.256801208476245,1.0
Y2023_LAT23.86363_LON90.43227,2023,90.43227334149971,23.86362768889646,20,39.23664208931443,39.2937798389474,1.3686397033413578,35.41000964,42.29731994000002,0.47414326394761697,13.068799147290079,1.0
Y2023_LAT23.86379_LON90.44208,2023,90.44208492704509,23.863791085843058,20,37.814390868596014,37.4675833752174,1.5312218395477972,34.17097739000002,42.293901920000025,0.5240663118978006,14.235003458839817,1.0
Y2023_LAT23.86395_LON90.4519,2023,90.4518966002369,23.863953858680702,20,37.610251261134074,37.45561322857145,1.2408470274538361,33.97273223000002,41.52142939999999,0.5262877829741545,13.961592760436483,1.0
Y2023_LAT23.86412_LON90.46171,2023,90.46170836094092,23.864116007374196,20,37.02419073862208,36.900822303012056,1.6433778868846338,32.53887284000001,45.00439177999999,0.5570070027278753,14.673898465404514,1.0
Y2023_LAT23.86428_LON90.47152,2023,90.47152020851755,23.86427753190479,20,34.345496873901176,33.82626002000002,1.6070582812468355,32.58330710000001,40.40031884000001,0.5959953537938787,14.255158062740236,0.7105212161231029
Y2023_LAT23.86709_LON90.11815,2023,90.11815116227423,23.867090571677974,20,37.28526730298917,37.39929728000004,0.4924964975744715,36.32091197,37.50183788000004,0.4928731147361839,13.132246376811596,0.0019514609442666995
Y2023_LAT23.86727_LON90.12796,2023,90.12796044213833,23.867274005435014,20,37.34710411535518,37.29791880680003,1.4271314757087603,34.307698190000025,40.78826411,0.5566353314460234,13.251734308375495,0.6547826998954818
Y2023_LAT23.86746_LON90.13777,2023,90.13776982052174,23.867456815575864,20,36.37307892541679,36.07887342875003,1.4660124636992986,33.615549139999985,40.69426856000001,0.590974364263362,12.265596543983737,1.0
Y2023_LAT23.86764_LON90.14758,2023,90.14757929701629,23.867639002098965,20,34.87250790259462,34.85738416640002,0.9901581924038361,32.33208263,38.14442564000001,0.6170551208834469,13.40029929446976,1.0
Y2023_LAT23.86782_LON90.15739,2023,90.15738887128897,23.867820564877498,20,34.80761758312168,34.734770794210554,1.0279195629537292,31.776654380000025,38.33583476000001,0.6078420654867767,14.114098957763481,1.0
Y2023_LAT23.868_LON90.1672,2023,90.16719854295404,23.868001504038673,20,33.451211812789275,33.362771024545474,1.0149529176618688,31.041780080000024,36.69860318000002,0.6836649106686262,14.61559583809806,1.0
Y2023_LAT23.86818_LON90.17701,2023,90.17700831177075,23.868181819529703,20,33.76821079979397,33.70360812894739,1.1147224466333396,31.619425460000002,36.807979820000014,0.6538801508843218,13.671997261173251,1.0
Y2023_LAT23.86836_LON90.18682,2023,90.18681817732688,23.86836151118984,20,34.92653066696783,34.98774175250001,1.3037930797249817,31.780072399999995,39.56632195999998,0.6398961254882298,13.195896701054942,1.0
Y2023_LAT23.86854_LON90.19663,2023,90.19662813934337,23.86854057920083,20,34.10579202985714,34.110274669423085,1.3966803984620004,30.94949354000002,38.30507258,0.677426385556577,14.44899975999887,1.0
Y2023_LAT23.86872_LON90.20644,2023,90.20643819746425,23.868719023370055,20,34.172156946068526,34.450685360000016,1.326602838594808,30.65212580000002,37.29333866000002,0.6414944054780254,13.839700987883516,1.0
Y2023_LAT23.8689_LON90.21625,2023,90.21624835134534,23.868896843680513,20,34.92285589103518,34.59652088000003,2.4213139273751536,30.882842150000016,45.165038719999984,0.6420893807181879,14.928398739292637,1.0
Y2023_LAT23.86907_LON90.22606,2023,90.22605860070595,23.869074040275994,20,34.508007055636355,34.085771034285735,2.2742405080137367,31.016144930000024,44.46947165000003,0.669119145609648,15.034595456919792,1.0
Y2023_LAT23.86925_LON90.23587,2023,90.23586894511965,23.869250612942142,20,35.25151576560664,35.235263367500025,1.1984177231388746,32.56450799000004,39.171540650000026,0.5903314112683324,16.09960011717661,1.0
Y2023_LAT23.86943_LON90.24568,2023,90.24567938423829,23.86942656165754,20,35.514485521179594,35.46685004666668,1.0877269446265756,31.756146260000037,40.49602340000004,0.6351682003306182,15.985903512827663,1.0
Y2023_LAT23.8696_LON90.25549,2023,90.25548991784117,23.86960188655395,20,37.42119858949759,37.421616950600026,1.097683068214451,33.66681944000001,40.64299826000001,0.5652131745009954,15.738208179803197,1.0
Y2023_LAT23.86978_LON90.2653,2023,90.26530054560041,23.869776587524374,20,36.544323560334185,36.48374420147543,1.0276830371069265,34.34358740000005,40.82415332000002,0.6256366797846531,14.866199842588056,1.0
Y2023_LAT23.86995_LON90.27511,2023,90.27511126701698,23.869950664508774,20,37.58326807199788,37.54988005000001,1.4648826618339892,34.722987620000026,42.24946765999999,0.5862510794478779,14.460500541765345,1.0
Y2023_LAT23.87012_LON90.28492,2023,90.28492208192733,23.870124117585018,20,38.72857475451064,38.152038502727294,1.7997578774806848,35.55356648000003,44.33104184000004,0.5487525411186955,13.73849406350147,1.0
Y2023_LAT23.8703_LON90.29473,2023,90.29473298989551,23.870296946589846,20,38.7930357009683,38.67155268440001,1.0365766851096525,36.65416892000002,42.28877489000001,0.5250101457553835,14.602598355998069,1.0
Y2023_LAT23.87047_LON90.30454,2023,90.30454399062427,23.87046915158999,20,39.13941928671614,39.14124456363639,0.9573345418708622,36.38243633000002,42.08882072,0.5213671185056699,14.047700056117716,1.0
Y2023_LAT23.87064_LON90.31436,2023,90.31435508375876,23.870640732586768,20,39.53481023484574,39.21171792145457,1.5005264187449145,35.66636114000005,45.35644783999999,0.4970098898624307,14.202200951533884,1.0
Y2023_LAT23.87081_LON90.32417,2023,90.32416626902638,23.870811689443677,20,40.267201477750135,40.420107376842125,1.489161881355992,37.11218360000001,45.06933416000004,0.466342415245153,14.537900632824277,1.0
Y2023_LAT23.87098_LON90.33398,2023,90.33397754591326,23.870982022268148,20,39.95954274499531,40.09124555205481,1.9641142517106733,34.86141743000002,44.42674640000004,0.4408964754178733,15.444798170350792,1.0
Y2023_LAT23.87115_LON90.34379,2023,90.34378891438959,23.87115173088338,20,38.90605086364652,38.794362143000015,1.6297222008026626,35.95689284000002,43.29367277000003,0.5148212835450383,16.879399432467913,1.0
Y2023_LAT23.87132_LON90.3536,2023,90.3536003738261,23.871320815399113,20,38.555714600611374,39.22047230473686,1.8934224667539132,33.21905881999999,42.27339380000001,0.42561119920089113,16.91449989941165,1.0
Y2023_LAT23.87149_LON90.36341,2023,90.3634119239931,23.871489275819783,20,39.5799345724139,39.546435298181834,1.3218226473764065,35.86460629999999,43.68845408000004,0.4003265871589236,16.450699353763948,1.0
Y2023_LAT23.87166_LON90.37322,2023,90.37322356466466,23.871657111953418,20,39.19569128258886,39.41212686134098,2.0603659141934734,33.70099964000002,44.19432103999998,0.38798740291200007,15.769496562336764,1.0
Y2023_LAT23.87182_LON90.38304,2023,90.3830352954085,23.871824323942175,20,39.96836736925422,40.01556064270272,0.9033952642374427,36.21324434000002,42.27339380000001,0.2546125136326525,14.701598472468794,1.0
Y2023_LAT23.87199_LON90.39285,2023,90.3928471157417,23.87199091166142,20,40.671620499605616,40.95358834052634,1.247423959925069,34.97421209000001,42.842494130000034,0.25825425309071737,12.314901546942995,1.0
Y2023_LAT23.87216_LON90.40266,2023,90.40265902563314,23.872156875146953,20,41.45009339048476,41.38799844425001,0.9933653982932054,38.02821296000002,44.58055730000001,0.27581668346838384,12.750801180240853,1.0
Y2023_LAT23.87232_LON90.41247,2023,90.41247102454169,23.87232221436768,20,41.848010315746855,41.977510937541005,0.9147953375037542,38.74257914000003,44.867670980000014,0.2533845194351893,13.187899044587112,1.0
Y2023_LAT23.87249_LON90.42228,2023,90.42228311222333,23.872486929276324,20,40.995697841435515,41.08135932500003,1.2471196974193386,37.693247000000014,44.30369768000003,0.35855123898759195,14.209700246706173,1.0
Y2023_LAT23.87265_LON90.4321,2023,90.43209528818458,23.872651019865874,20,40.010390292763326,39.967061068750006,1.5337568860946797,35.521095290000005,43.85593706000003,0.44277635236940055,13.030395437154999,1.0
Y2023_LAT23.87281_LON90.44191,2023,90.44190755228512,23.87281448604507,20,37.54533832578442,37.28218512105265,1.8627661455580125,34.34358740000005,42.36909836000001,0.5370528994785861,12.895998701174943,1.0
Y2023_LAT23.87298_LON90.45172,2023,90.45171990414154,23.87297732794404,20,37.0126666845793,37.07914274000003,1.2392406072929,33.88215470000006,40.91814887000001,0.5449126876032957,12.868497492349992,1.0
Y2023_LAT23.87314_LON90.46153,2023,90.46153234339499,23.873139545423033,20,35.36502224451187,35.44736371571432,0.801856491601612,33.41046793999999,37.30188371000003,0.5933488142055534,12.726167218359958,0.9663901168776116
Y2023_LAT23.8733_LON90.47134,2023,90.471344869614,23.87330113850247,20,35.92979542766422,35.85870441260322,1.0226409426841316,33.98469530000003,39.06216401000003,0.5373008075518685,12.18862583633556,0.22345694098028374
Y2023_LAT23.87611_LON90.11795,2023,90.11795131142644,23.876111533173482,20,36.27695255717858,36.273059690000025,0.8799738490221751,33.81721232000001,38.90493509000004,0.6070297509800422,12.310828007263446,0.5074460096281186
Y2023_LAT23.8763_LON90.12776,2023,90.12776126928469,23.876295044659045,20,36.71644027708627,36.73573530636365,1.2931909358366267,33.98982233000001,41.183045419999985,0.5863944984907038,12.52310179188448,1.0
Y2023_LAT23.87648_LON90.13757,2023,90.13757132564852,23.876477932361663,20,35.77353411181788,35.579111682105285,1.2578690745626837,33.09601010000003,39.33902363000004,0.5918538346762531,12.248203520957771,1.0
Y2023_LAT23.87666_LON90.14738,2023,90.14738148013728,23.876660196054146,20,34.92778282186669,34.77995462000002,1.1714574964946083,32.02275182000005,40.35588458000001,0.5807103642255754,12.271800319765099,1.0
Y2023_LAT23.87684_LON90.15719,2023,90.15719173245301,23.876841835856744,20,35.26324794406288,34.78312340937502,1.8723943851592455,31.445106440000018,41.95893596000002,0.5138768101479735,12.141000165882577,1.0
Y2023_LAT23.87702_LON90.167,2023,90.1670020822725,23.877022851766043,20,33.760968542255235,33.72070779787236,1.4753120559216046,30.323995879999984,38.609276360000024,0.629601919509496,14.263108296980244,1.0
Y2023_LAT23.8772_LON90.17681,2023,90.17681252922719,23.87720324365502,20,34.20271008776186,34.14341960375002,1.2557394643105086,31.492958720000047,37.905164239999976,0.6125683162072803,14.29570152435478,1.0
Y2023_LAT23.87738_LON90.18662,2023,90.18662307289256,23.877383011578214,20,35.73018390803051,35.82411590923079,0.8508049136425782,31.872358940000026,37.41638738000003,0.599028293271877,13.97160231953217,1.0
Y2023_LAT23.87756_LON90.19643,2023,90.19643371310634,23.877562155429512,20,33.719483828240065,34.044773574615405,1.463210867484384,30.38893826000003,36.484976930000045,0.6586270702471461,12.941499724704622,1.0
Y2023_LAT23.87774_LON90.20624,2023,90.20624444949506,23.877740675279334,20,33.08445075694449,32.957448827692325,1.5293806851986467,30.55129420999998,36.76354556000004,0.6786381539526695,13.394599287763896,1.0
Y2023_LAT23.87792_LON90.21606,2023,90.21605528152162,23.877918571034517,20,32.74186329502433,32.543700793250025,1.012032579771933,30.57692936000001,35.345067260000036,0.6926655445131801,12.995101170707253,1.0
Y2023_LAT23.8781_LON90.22587,2023,90.22586620916908,23.87809584263195,20,35.04820458911801,35.02621482285716,1.926798687526198,31.474159610000044,39.4877075,0.6411652781878483,14.981304617904105,1.0
Y2023_LAT23.87827_LON90.23568,2023,90.235677231866,23.87827249018192,20,34.643642159266314,34.453901239032255,1.1753973951205623,32.27055827000004,37.82142275000001,0.6298772064925969,15.075398912234057,1.0
Y2023_LAT23.87845_LON90.24549,2023,90.24548834936337,23.87844851361341,20,34.45487378854024,34.45631547519483,0.8529892655583943,32.02446083000004,36.71911130000001,0.6810109148200285,14.367998079997783,1.0
Y2023_LAT23.87862_LON90.2553,2023,90.25529956130038,23.87862391286281,20,36.26075903062905,36.14203559000002,1.321522364966337,32.66533958000002,40.38664676000002,0.6123553359810032,14.288396651278404,1.0
Y2023_LAT23.8788_LON90.26511,2023,90.26511086739242,23.878798687852132,20,36.938193729681494,37.01492539454548,0.9921299514041508,34.43245592000005,39.15615956000005,0.6177084021440187,15.24560146541353,1.0
Y2023_LAT23.87897_LON90.27492,2023,90.27492226729622,23.878972838677736,20,37.86172269481199,38.04878681115385,1.813742617003932,34.26497294000001,41.671822280000015,0.5755338760861,13.772599732470287,1.0
Y2023_LAT23.87915_LON90.28473,2023,90.28473376062148,23.87914636523858,20,39.448912547153014,39.42430322900002,1.4359901535560589,35.98594601000002,43.767068540000025,0.5539869622934199,12.400392472435191,1.0
Y2023_LAT23.87932_LON90.29455,2023,90.2945453470586,23.879319267580957,20,40.568683211780126,40.354908002857165,1.4405990514195222,37.180544000000054,44.23704629000002,0.45933108415284996,13.790599753646763,1.0
Y2023_LAT23.87949_LON90.30436,2023,90.30435702627162,23.87949154556289,20,39.6654110333116,39.736795707500015,1.4925022131672023,35.69712332000006,43.391086340000015,0.48896847090196394,12.990498812351568,1.0
Y2023_LAT23.87966_LON90.31417,2023,90.3141687979401,23.87966319926252,20,39.980003684557865,39.86027168000001,1.2744649387100773,37.24206836000002,43.56027833000002,0.4818452328244003,13.489595245154131,1.0
Y2023_LAT23.87983_LON90.32398,2023,90.32398066170884,23.879834228654786,20,38.61138226290706,38.4718849358228,1.823993431480077,35.181002300000046,46.27076819000001,0.5208252363824496,14.908799892705794,1.0
Y2023_LAT23.88_LON90.33379,2023,90.33379261725966,23.880004633649552,20,38.75076401873479,38.89330639152175,1.8106070248671888,33.03448574000001,42.62715887000002,0.5024461124136148,14.513399427528766,1.0
Y2023_LAT23.88017_LON90.3436,2023,90.3436046642828,23.880174414292746,20,36.82592916601722,37.15108163042257,2.056886633422958,32.03813291,43.72947032000002,0.45592271920627697,15.883906512501296,1.0
Y2023_LAT23.88034_LON90.35342,2023,90.35341680239053,23.880343570500127,20,36.73724864843593,34.43760451063081,4.292277889417417,31.827924680000024,52.33946270000001,0.40832437926313075,15.23161952340839,0.866985876580164
Y2023_LAT23.88051_LON90.36323,2023,90.3632290312946,23.880512102303292,20,41.12014191143482,40.44326700434784,3.122155118224635,33.85139252000002,54.28773410000002,0.42640911088811273,16.500199411999354,1.0
Y2023_LAT23.88068_LON90.37304,2023,90.37304135059024,23.880680009676105,20,39.879461296601555,39.717671885600026,2.353211269723728,34.99301120000001,46.13575639999999,0.3420908296270912,16.766803608487624,1.0
Y2023_LAT23.88085_LON90.38285,2023,90.38285375999334,23.880847292551543,20,39.831277995681674,39.98454642891306,1.0704101059704632,36.33629306,42.43062272000003,0.2629209753903922,14.02049884764573,1.0
Y2023_LAT23.88101_LON90.39267,2023,90.39266625919572,23.881013950935998,20,40.22232368360156,40.28387829200001,1.4913907625319436,35.22543656000002,43.78757666000001,0.265842253732941,12.798838209982785,0.7674206585644263
Y2023_LAT23.88118_LON90.40248,2023,90.40247884781476,23.881179984723175,20,41.70606716219331,41.67199907413795,1.34215729988834,37.953016520000006,44.54979512,0.2891326429373701,12.247439013656333,0.5284820770447356
Y2023_LAT23.88135_LON90.41229,2023,90.41229152550925,23.88134539401079,20,41.034953634505115,41.40863474000002,1.5089579979278374,36.34825613000001,44.40965630000005,0.33127861646453616,12.758011303325013,0.7485933137661981
Y2023_LAT23.88151_LON90.4221,2023,90.42210429197655,23.881510178808302,20,39.649601974534654,39.79663619000001,1.4668937827716655,35.49204212000001,42.72457244000003,0.4504953287398956,12.597999527058299,1.0
Y2023_LAT23.88167_LON90.43192,2023,90.43191714687842,23.88167433892366,20,38.94148321693297,38.73625580300002,1.3786447290774262,35.772319760000016,43.585913480000045,0.4837965173955673,12.376699419762009,1.0
Y2023_LAT23.88184_LON90.44173,2023,90.44173008984653,23.881837874471696,20,38.506001894157805,38.42276253983052,1.2041417675915287,35.31772310000002,42.14692706000005,0.5124153283188368,11.7461997014114,1.0
Y2023_LAT23.882_LON90.45154,2023,90.45154312062475,23.88200078537362,20,38.24811304938788,38.10058953350001,1.7676362054365882,34.15559630000001,45.03515396,0.5279175173445296,11.692796109171914,1.0
Y2023_LAT23.88216_LON90.46136,2023,90.46135623874355,23.882163071670725,20,35.7035262401494,35.67362443250003,1.0361498022042357,33.38141477000005,38.80068548000003,0.5611065463167458,13.105645427533817,0.6265554745081836
Y2023_LAT23.88495_LON90.10794,2023,90.1079408244057,23.884948269171346,20,35.569783373712156,35.51425925000004,0.3122393466711798,34.726405639999996,36.04747037000004,0.6032481714205107,12.429924242424246,0.016936587591240847
Y2023_LAT23.88513_LON90.11775,2023,90.11775136173655,23.885132482546023,20,35.711595970595326,35.6718825569231,0.8064316663842555,33.36774269000003,38.23671218000001,0.6096468656281442,12.373168408896598,0.9541847635538827
Y2023_LAT23.88532_LON90.12756,2023,90.12756199790492,23.88531607182513,20,36.2639130616278,36.138100972473204,1.4372176345503016,33.11822723,40.43108102000002,0.5504531556830823,11.706305676732567,1.0
Y2023_LAT23.8855_LON90.13737,2023,90.13737273264519,23.885499036955927,20,36.24474453833014,36.03230290625002,1.5138910112761963,32.45684036,41.69574842000003,0.5892121050176641,11.389701833890959,1.0
Y2023_LAT23.88568_LON90.14718,2023,90.14718356552991,23.885681377975942,20,35.734105835085714,35.34221891000003,1.5965812978905045,32.86358474000002,41.27874998000004,0.5878245418389904,11.86840173365517,1.0
Y2023_LAT23.88586_LON90.15699,2023,90.15699449619838,23.88586309480321,20,36.19535410590092,35.96988148128146,2.023368399586465,32.31499253000004,42.81002294000001,0.504993402459695,10.843596911044274,1.0
Y2023_LAT23.88604_LON90.16681,2023,90.16680552444365,23.886044187363694,20,35.25809933896496,35.42302440846154,1.1638056628241231,31.797162500000013,38.193986929999994,0.5931723830211703,13.623402933660842,1.0
Y2023_LAT23.88622_LON90.17662,2023,90.17661664984978,23.886224655768682,20,35.11523085122025,34.98469401800003,0.9895528848847658,32.63457740000001,39.39200294,0.5850092053578835,12.542490788191913,1.0
Y2023_LAT23.8864_LON90.18643,2023,90.18642787196937,23.88640449980139,20,35.53247793524991,35.32650478215386,1.0792665534465065,33.36774269000003,41.07366878000005,0.5822237019532016,13.381097087515675,1.0
Y2023_LAT23.88658_LON90.19624,2023,90.19623919080364,23.886583719668685,20,35.47083860860098,35.85465383000002,1.307957707774896,31.222935140000004,37.48816580000005,0.6349581151418321,13.198096226335164,1.0
Y2023_LAT23.88676_LON90.20605,2023,90.20605060561063,23.886762315116666,20,34.627178944610186,35.08438982843751,1.9584881660976148,30.337667960000033,38.674218740000015,0.6161579571138077,12.893294791975471,1.0
Y2023_LAT23.88694_LON90.21586,2023,90.21586211628791,23.886940286283938,20,34.02379522209029,33.842440562857156,1.7940831467432103,30.501732919999995,39.42447413000002,0.6513018710290118,12.520297742577618,1.0
Y2023_LAT23.88712_LON90.22567,2023,90.22567372246279,23.887117633117875,20,35.06193730105691,35.047243784000024,1.2655382882778758,31.14432068000002,38.49989972000003,0.624879193476915,14.316699137407683,1.0
Y2023_LAT23.88729_LON90.23549,2023,90.2354854238705,23.887294355538742,20,34.37282150072414,34.328241187755125,0.9854362053280727,31.906539140000007,37.291629650000004,0.636912231431519,14.685393813617896,1.0
Y2023_LAT23.88747_LON90.2453,2023,90.24529721996404,23.887470453492192,20,34.741113758907,34.73455395553574,0.924450586383577,32.58159809,37.70350106000001,0.6735051557160386,14.32009444750324,1.0
Y2023_LAT23.88765_LON90.25511,2023,90.25510911064741,23.887645927057292,20,36.45486208582228,36.67345631857144,1.0024489114912347,33.46344725000003,38.62978448000001,0.6154786267544379,14.416296076687408,1.0
Y2023_LAT23.88782_LON90.26492,2023,90.26492109546471,23.887820776209647,20,37.028871407289735,36.91862443516131,1.361973411288513,33.78303212,41.22406166000002,0.5638387402703879,14.604898140697099,1.0
Y2023_LAT23.888_LON90.27473,2023,90.27473317411365,23.88799500083301,20,37.36714750803912,37.20089675545456,1.575755062218507,34.044510650000035,40.907894810000016,0.5900045265997867,14.781306029675388,1.0
Y2023_LAT23.88817_LON90.28455,2023,90.28454534613876,23.888168600941068,20,39.967783489777325,40.2039141523077,1.5422029552676402,35.560402520000025,42.664757089999995,0.501905915309685,14.502604718139809,1.0
Y2023_LAT23.88834_LON90.29436,2023,90.2943576114211,23.888341576523093,20,39.30274131971237,38.91073536636366,1.631099665930044,36.54650129000004,46.99026140000001,0.5134946678864404,14.288403710135116,1.0
Y2023_LAT23.88851_LON90.30417,2023,90.30416996947874,23.888513927549504,20,39.37617717757963,39.07936804400003,1.1024678746656082,37.48474778000002,43.170624050000015,0.5067911443052546,13.921004334138006,1.0
Y2023_LAT23.88869_LON90.31398,2023,90.31398242003155,23.888685654084437,20,41.54448584082425,41.09462272869567,2.301316840242754,36.92077447999998,52.180524770000034,0.41511201181724927,13.19759857693445,1.0
Y2023_LAT23.88886_LON90.32379,2023,90.32379496267446,23.888856755916844,20,40.8776781545909,41.217142253658565,2.1308652739740115,34.924650799999995,46.34425562000001,0.4428982645656175,15.043404910140705,1.0
Y2023_LAT23.88903_LON90.33361,2023,90.3336075971591,23.88902723312417,20,37.629006797205875,36.96919643000001,2.3909969881605964,33.19684169000004,44.16526787000001,0.4884755236543298,14.05929792610785,1.0
Y2023_LAT23.8892_LON90.34342,2023,90.34342032310458,23.8891970857695,20,34.1953284481824,33.59326627884618,2.1513897183661017,31.137484640000025,41.98798913000002,0.36964965285950474,14.708500981181066,1.0
Y2023_LAT23.88937_LON90.35323,2023,90.35323314018162,23.889366313710504,20,33.94518881763725,33.91955572653847,0.9081926159812146,30.22829132000004,37.22156024000003,0.46813869008489967,14.392772313972914,0.3942786069651727
Y2023_LAT23.88953_LON90.36305,2023,90.36304604804593,23.889534916892327,20,39.71886061262639,39.529578245000025,2.165615525191057,32.93194513999998,44.56688522000002,0.4469798042056079,16.009052123613802,0.8989632374857678
Y2023_LAT23.8897_LON90.37286,2023,90.37285904640676,23.889702895410892,20,40.512027517553825,40.84236648371431,1.517836140658085,34.760585839999976,44.33445986000004,0.3477349354687144,16.605402848954554,1.0
Y2023_LAT23.88987_LON90.38267,2023,90.38267213493529,23.88987024918704,20,40.57546626442051,40.48686146136364,0.7825555330163495,38.199113960000005,43.17233306000003,0.2884935715894295,14.099720486681978,0.9527892105900274
Y2023_LAT23.89004_LON90.39249,2023,90.39248531317736,23.890036978215416,20,40.04118480505179,40.07945221250002,1.1411835809705948,36.20982632000005,42.87838334000003,0.2829974774187238,12.309068760428708,0.3523629857809639
Y2023_LAT23.89037_LON90.41211,2023,90.41211193769273,23.890368561872727,20,37.93991506103509,38.06239316000003,0.29668050444099736,37.40613332000004,38.216204059999995,0.2904681228785364,12.0,0.0021191837427827404
Y2023_LAT23.89053_LON90.42193,2023,90.42192538342933,23.890533416443915,20,37.2823243204815,37.16667121242771,0.9724974403648801,35.35532132000003,41.010435410000014,0.5676754842859019,12.803389022112105,0.27175157515751497
Y2023_LAT23.8907_LON90.43174,2023,90.4317389174173,23.89069764620837,20,38.31090982811187,38.26440591022729,0.8637359832004977,36.177355130000024,41.34198335000002,0.5303751485531601,12.680393039597583,0.91217977560188
Y2023_LAT23.89086_LON90.44155,2023,90.44155253969976,23.890861251127227,20,37.77302182695377,37.63835591610172,1.1466245166099316,34.808438120000005,41.145447200000035,0.5259428066964563,12.057000268236553,1.0
Y2023_LAT23.89102_LON90.45137,2023,90.45136624966206,23.891024231067785,20,37.103411505947705,37.134400730000024,1.074585068081238,34.220538680000004,39.71329681999998,0.5524968123874537,12.656696031510698,1.0
Y2023_LAT23.89119_LON90.46118,2023,90.46118004702986,23.891186586033598,20,35.15793130689424,35.04549204875002,0.9165973519733885,33.18658763000002,37.84363988000001,0.5937486658494822,14.383051988245423,0.6008217822854631
Y2023_LAT23.89397_LON90.10774,2023,90.10774009725942,23.893969128205097,20,36.07812060459214,35.98224315500003,0.8601681050575768,34.463218100000006,39.33731462,0.5860029954824039,13.46123447497177,0.46251092486953665
Y2023_LAT23.89415_LON90.11755,2023,90.11755131324067,23.894153419720762,20,36.305588447566905,36.159572188108136,1.3927306355055122,32.890928900000006,42.34859024000002,0.510695153393944,13.522699438469926,1.0
Y2023_LAT23.89434_LON90.12736,2023,90.12736262809105,23.894337086837012,20,35.975981657694845,35.76583086265626,1.3156055243735874,33.060120890000036,40.55412974000001,0.530972396235647,13.480604094828347,1.0
Y2023_LAT23.89452_LON90.13717,2023,90.13717404147403,23.894520129493834,20,37.180527593426845,36.829539638461554,1.5118620520221626,34.34358740000005,41.79487100000003,0.49344388243715737,10.876501771773052,1.0
Y2023_LAT23.8947_LON90.14699,2023,90.14698555298556,23.894702547736294,20,36.824463747514066,36.41924932918921,1.3627425357379792,34.483726219999994,41.01214442000003,0.5144892490073782,11.132300155647238,1.0
Y2023_LAT23.89488_LON90.1568,2023,90.15679716250132,23.894884341569774,20,35.92633155536711,35.89805406714287,1.1567125989084621,32.80206038000006,39.02114777000003,0.6065649908379854,11.841500990001164,1.0
Y2023_LAT23.89507_LON90.16661,2023,90.16660886945022,23.895065510912552,20,36.436704720139716,36.26240818581398,1.1405187452026253,34.09748996000002,39.21084788000002,0.5696338822963477,13.504800022588357,1.0
Y2023_LAT23.89525_LON90.17642,2023,90.17642067357016,23.895246055750324,20,37.298197346965864,37.07702682285716,1.3914698017602003,34.47347216000003,41.27533196000002,0.588858041951801,13.45749700882,1.0
Y2023_LAT23.89543_LON90.18623,2023,90.1862325746454,23.8954259761038,20,35.92369850871087,35.894125563636386,1.1225324059485413,32.501274620000004,38.640038540000006,0.5992274706686566,14.355998065880069,1.0
Y2023_LAT23.89561_LON90.19604,2023,90.19604457221276,23.895605271762815,20,34.795815023210814,34.92038998054797,1.0312667541622982,31.417762280000034,37.79578760000004,0.6709758009700414,14.763598887524187,1.0
Y2023_LAT23.89578_LON90.20586,2023,90.20585666596777,23.895783942944398,20,35.851613612592296,35.76830358650002,1.3418270532250502,32.93536316000004,40.87542361999999,0.6132690626031528,12.765798547998294,1.0
Y2023_LAT23.89596_LON90.21567,2023,90.21566885557635,23.895961989555126,20,36.192167076777864,36.35167415000002,2.192003224558259,31.26395137999998,41.44452395000002,0.5451028084879631,12.61249836764514,1.0
Y2023_LAT23.89614_LON90.22548,2023,90.22548114066961,23.896139411474614,20,35.727235021595135,35.66520030301889,1.8019696619119792,31.26395137999998,41.213807599999996,0.6160366207543403,13.742994084678042,1.0
Y2023_LAT23.89632_LON90.23529,2023,90.23529352093622,23.896316208777705,20,35.51929133332453,35.282595514021764,1.5634030328554513,32.15605460000006,41.10101294000003,0.570306549015249,15.104498946469349,1.0
Y2023_LAT23.89649_LON90.24511,2023,90.24510599617967,23.8964923814273,20,35.55106912487609,35.67560047531252,1.0286548639673114,32.01591578,38.752833200000055,0.6507735918454642,15.639600752471472,1.0
Y2023_LAT23.89667_LON90.25492,2023,90.25491856583866,23.896667929349793,20,35.288913030779405,35.357361106129055,1.0839582010383733,32.01591578,37.94959849999998,0.6541206549698522,14.29849434585576,1.0
Y2023_LAT23.89684_LON90.26473,2023,90.26473122968088,23.896842852513508,20,37.63254237464794,37.576682465000026,1.3557527735625,33.66681944000004,41.63422406000001,0.5329738292387164,14.995298817998597,1.0
Y2023_LAT23.89702_LON90.27454,2023,90.27454398737359,23.897017150956458,20,38.31686305587181,38.242693715,1.1229402317784296,35.218600520000024,41.40521672,0.553961381567787,14.999802352708647,1.0
Y2023_LAT23.89719_LON90.28436,2023,90.28435683861467,23.897190824658555,20,38.793853433070446,39.09379384123079,1.674679956548332,34.34871443,42.53658134,0.49897912271072514,13.458102155774863,1.0
Y2023_LAT23.89736_LON90.29417,2023,90.29416978297067,23.89736387356079,20,38.92262542718777,38.84560272108698,1.4091057945695091,35.06137160000003,43.18429613000001,0.49314230356727956,12.54549946529349,1.0
Y2023_LAT23.89754_LON90.30398,2023,90.30398282021284,23.897536297686035,20,38.879866676531144,38.7936052957143,1.061041800167268,36.739619420000054,43.69870814000001,0.5427480973955332,13.361701602001888,1.0
Y2023_LAT23.89771_LON90.3138,2023,90.31379594996622,23.897708096862914,20,39.03072764650961,39.07647696875002,1.595655832655261,36.00474512000005,43.08688255999999,0.5101160032139621,13.739005830615675,1.0
Y2023_LAT23.89788_LON90.32361,2023,90.32360917178374,23.897879271231613,20,41.01708235284751,41.102127511739155,1.5959602629890706,36.99255290000002,45.05224406000002,0.38958094283713146,14.74720205553183,1.0
Y2023_LAT23.89805_LON90.33342,2023,90.33342248558723,23.89804982073345,20,39.465336932891056,40.09591786653848,3.435574706305257,32.84649464000006,45.63501646999998,0.3469191765094827,13.575199500234707,1.0
Y2023_LAT23.89822_LON90.34324,2023,90.34323589076368,23.89821974529185,20,35.29985962773266,34.64903050441226,2.272016136839278,31.185336920000054,44.92235930000004,0.42908626344003675,13.629174267010951,0.904118684362707
Y2023_LAT23.89839_LON90.35305,2023,90.35304938721862,23.898389044927477,20,34.87046225257604,34.78109396000002,0.7225451944994337,33.755687960000046,36.242297510000014,0.342477633835679,14.326633694622751,0.033798899570711645
Y2023_LAT23.89856_LON90.36286,2023,90.36286297439925,23.898557719634137,20,38.259790580992096,38.16835178000002,1.312286991863671,35.58261965000003,40.808772230000045,0.2976660220621351,16.0,0.0076051957620604516
Y2023_LAT23.89873_LON90.37268,2023,90.37267665208984,23.898725769381308,20,38.41867532051832,38.87998354400001,2.453791239073675,33.21564080000002,42.271684789999995,0.36256875288739643,15.738613048830533,0.17485201793721966
Y2023_LAT23.89889_LON90.38249,2023,90.38249041997798,23.898893194068872,20,39.67115466210529,40.2814649627273,2.088689303407038,33.01397762000002,42.77926076000003,0.29481506064735324,14.969254670677659,0.3668413945316468
Y2023_LAT23.89972_LON90.43156,2023,90.43156059992621,23.899720941693886,20,38.132844579371564,37.99745078000003,1.4334737289285242,35.979109970000025,41.34198335000002,0.5437934315473554,12.003867403314919,0.07742873846768102
Y2023_LAT23.89988_LON90.44137,2023,90.44137490170039,23.89988461582515,20,37.05087141333369,36.09874067000001,2.671741045834183,33.577950920000035,44.479725710000025,0.5192765545605509,14.618785470684115,0.5514317582128017
Y2023_LAT23.90005_LON90.45119,2023,90.45118929121746,23.900047664867294,20,34.77335415408148,34.735104851266534,0.7561335933797932,33.10626416000002,37.61463254,0.5876612342653853,12.82138181818182,0.1485763682532821
Y2023_LAT23.90021_LON90.461,2023,90.46100376822567,23.900210088743844,20,34.97087652654223,35.00155625000002,0.44836091774870185,33.88557272000003,35.685160250000024,0.591013878270079,13.85324526134405,0.03725697899613738
Y2023_LAT23.90262_LON90.08792,2023,90.0879157791817,23.902619362338964,20,35.29409972069129,35.38950152000001,0.41945021364862933,34.14534223999999,36.12779383999998,0.6252714220519343,16.011892963330027,0.014345937568868348
Y2023_LAT23.9028_LON90.09773,2023,90.09772747523351,23.902804981100473,20,35.74373052158362,35.66535930655174,0.7282221440873777,34.40169374000004,38.24183921000002,0.5831636945497193,15.250356076511613,0.6815586619495524
Y2023_LAT23.90299_LON90.10754,2023,90.10753927088368,23.902989975253977,20,36.02822379830507,35.92451159789476,0.7822547655523147,34.12483412,38.34608881999998,0.5915699689667364,13.077085360160549,0.9939782721891811
Y2023_LAT23.90317_LON90.11735,2023,90.117351165922,23.90317434474127,20,36.63912449531313,36.642863161538486,1.0373917594508308,32.74566305000002,40.38664676000002,0.5447919848250602,13.207600244235616,1.0
Y2023_LAT23.90336_LON90.12716,2023,90.12716315965166,23.903358089657306,20,36.8823829808581,36.54836927767444,1.4226729562004663,34.169268380000005,41.79145298000003,0.5255214318370179,14.01700119647204,1.0
Y2023_LAT23.90354_LON90.13698,2023,90.1369752521041,23.903541209896854,20,36.22458720534183,36.11070374000003,1.0644393069397422,34.039383619999995,39.607338200000015,0.5620869265601133,12.060197930343234,1.0
Y2023_LAT23.90372_LON90.14679,2023,90.1467874426553,23.903723705491075,20,36.15600297923309,35.91959183913044,1.111854667789728,33.789868160000026,39.93034109000001,0.5242745970937029,12.42420049905944,1.0
Y2023_LAT23.90391_LON90.1566,2023,90.15659973118292,23.903905576283538,20,36.20128770593825,36.357560740000004,1.2485249216686263,33.44464814000003,38.91518915,0.5941785758916299,12.883801039765958,1.0
Y2023_LAT23.90409_LON90.16641,2023,90.16641211728204,23.904086822344457,20,37.07859062262072,37.1734283038182,0.9186948049615004,34.28548106000002,40.082442979999996,0.5932379424842963,13.555800262589498,1.0
Y2023_LAT23.90427_LON90.17622,2023,90.17622460057586,23.904267443610873,20,37.26622925190053,37.450253680204106,1.1831918609505387,33.577950920000006,40.66350638000006,0.614564573233135,13.502698238468545,1.0
Y2023_LAT23.90445_LON90.18604,2023,90.1860371806879,23.904447440139403,20,36.65131710573223,36.48590911727274,1.0988313086134789,34.12996115000004,40.14909437000003,0.6074390792989491,14.311598013644758,1.0
Y2023_LAT23.90463_LON90.19585,2023,90.19584985746877,23.90462681183442,20,37.27823955797717,36.845008370000016,3.402561942935745,32.367971839999996,47.53885361000002,0.5887517155694313,13.760196518571872,1.0
Y2023_LAT23.90481_LON90.20566,2023,90.20566263040952,23.904805558711846,20,37.260960184907006,37.095807390253185,1.823652107562033,32.58330710000001,43.14157088000002,0.5709829877417884,12.400599294822742,1.0
Y2023_LAT23.90498_LON90.21548,2023,90.21547549931775,23.90498368072012,20,40.02527867556864,40.21745477000002,2.054511760368044,32.43633224000001,44.86083494000002,0.4258706362419724,13.32880038682397,1.0
Y2023_LAT23.90516_LON90.22529,2023,90.22528846370547,23.905161177852765,20,38.40979270277325,38.52828149321431,1.9469985447800477,33.76423301000003,45.77173727000002,0.4866059080485017,13.938602064009746,1.0
Y2023_LAT23.90534_LON90.2351,2023,90.23510152327206,23.905338050015168,20,37.34320512324833,37.159030580000014,1.675698847819681,33.23102189000002,43.03390325000001,0.5317510898015363,14.38970045847113,1.0
Y2023_LAT23.90551_LON90.24491,2023,90.24491467776171,23.905514297304098,20,37.091322697698466,37.28137559,2.1446738561669245,33.01739564000002,45.834970639999995,0.5536372870214628,15.580003035297725,1.0
Y2023_LAT23.90569_LON90.25473,2023,90.25472792682538,23.90568991954032,20,39.68042020065519,39.59695267769233,2.1909303902223627,34.423910870000014,44.47801670000001,0.47063818780677485,13.111900526590746,1.0
Y2023_LAT23.90586_LON90.26454,2023,90.26454127009222,23.90586491690071,20,38.449352724147964,38.296242695000025,1.1350720304275133,35.85264323000001,43.14157088000002,0.5275151230543974,13.147900174000242,1.0
Y2023_LAT23.90604_LON90.27435,2023,90.27435470717882,23.906039289197267,20,37.81936809935806,37.70395883053573,0.9119564733903931,36.07481453,40.98650927,0.5669209759662035,13.623100733059724,1.0
Y2023_LAT23.90621_LON90.28417,2023,90.28416823786657,23.906213036451277,20,39.49272305577971,39.400633440500016,1.8155626611248847,35.211764480000056,45.21630902000004,0.46840381413474685,13.443299733175246,1.0
Y2023_LAT23.90639_LON90.29398,2023,90.29398186171044,23.9063861586221,20,41.14408079061124,40.779719060000026,1.8964423607530816,36.87975824,46.71340178000003,0.41731390067144,15.151101354236882,1.0
Y2023_LAT23.90656_LON90.3038,2023,90.30379557837136,23.906558655724737,20,41.79765204307527,41.84785031000003,2.233166082010033,37.11901964000003,46.668967520000024,0.41589224091394655,13.742299696823176,1.0
Y2023_LAT23.90673_LON90.31361,2023,90.31360938772924,23.906730527740624,20,39.94179447050158,39.58976511891306,1.974816696089891,36.89001230000002,46.80056129000002,0.4605573126902005,14.355201671537314,1.0
Y2023_LAT23.9069_LON90.32342,2023,90.32342328917473,23.90690177465683,20,40.97718489242788,41.43412444234045,2.391361926230246,33.16437050000002,49.34015015,0.38810208726497664,13.697299643881951,1.0
Y2023_LAT23.90707_LON90.33324,2023,90.333237282474,23.90707239642108,20,34.46500264632033,33.20972499615387,3.049499518695305,31.202427020000016,43.23214841000001,0.3179354957359744,13.244101463648816,1.0
Y2023_LAT23.90724_LON90.34305,2023,90.34305136728841,23.907242392934382,20,33.27721763907807,33.26739938857145,0.9489324979312266,31.54935605000003,35.92954868000004,0.4846790677892231,12.861716729576573,0.8552031664913102
Y2023_LAT23.90741_LON90.35287,2023,90.35286554337758,23.90741176433192,20,35.23513565846079,35.351903300000004,0.24416038090493267,34.917814760000056,35.724467480000044,0.5772665066065592,14.803376365441908,0.003562117744440167
Y2023_LAT23.91127_LON90.06809,2023,90.06808904464485,23.911266771038225,20,38.25186679643674,37.77392669586958,2.4720825727341897,33.15411644000005,45.274415360000035,0.4370900384106893,12.336972667855033,0.6831248278561378
Y2023_LAT23.91145_LON90.0779,2023,90.07790121976794,23.911453717955496,20,37.28526616571198,37.220095374285734,1.8672995364776355,32.93878117999998,43.10055464000004,0.48329450713252115,14.08308578584848,0.7179438304483686
Y2023_LAT23.91164_LON90.08771,2023,90.08771349513708,23.911640040153838,20,37.83979389340373,37.10041042000001,2.408509006528033,33.26007506000002,44.96850257,0.4791156806400333,14.146015862032284,0.6759348206993543
Y2023_LAT23.91183_LON90.09753,2023,90.09752587049503,23.911825737522538,20,36.463854510501754,36.07753340954546,1.3698707107422832,33.957351140000014,40.91814887000001,0.5549086935902011,14.659307808507307,1.0
Y2023_LAT23.91201_LON90.10734,2023,90.10733834536826,23.912010810066647,20,36.91596089999378,36.95275738142858,1.197118916455163,34.56575870000006,39.750895040000046,0.5800989739981918,13.433202038597786,1.0
Y2023_LAT23.9122_LON90.11715,2023,90.11715091963796,23.91219525767759,20,35.992872424884666,35.675131908301914,1.1816308163241582,33.35577962000002,39.603920180000046,0.5899375003065663,13.758103567546167,1.0
Y2023_LAT23.91238_LON90.12696,2023,90.12696359272061,23.912379080422376,20,37.070519951795724,37.01789083086958,1.8224450273073485,33.60529508000002,40.62932618000002,0.48693193187698913,12.41250194118558,1.0
Y2023_LAT23.91256_LON90.13678,2023,90.13677636446604,23.91256227816318,20,37.34563848453239,37.29459623339625,1.287049807205117,34.17610442,40.43620805000003,0.5304895542403064,11.548300227295163,1.0
Y2023_LAT23.91274_LON90.14659,2023,90.14658923438279,23.912744850967222,20,36.01086766105214,35.71950066968752,1.616105902640223,32.84478563000002,43.88840825,0.5299240307920254,11.687003232956362,1.0
Y2023_LAT23.91293_LON90.1564,2023,90.15640220232353,23.912926798802285,20,38.0382361879595,37.91029127000002,2.0694878137928647,33.99836738000002,43.50388099999998,0.5238501232155213,12.439004418844299,1.0
Y2023_LAT23.91311_LON90.16622,2023,90.16621526782451,23.91310812164641,20,38.45040049148217,37.785391122500016,2.193353493620362,34.917814760000056,47.43973103000002,0.5071742341417032,11.977895190095015,1.0
Y2023_LAT23.91329_LON90.17603,2023,90.17602843061668,23.91328881945634,20,38.290545518485395,37.72400918000002,2.319520274163199,35.33823122000001,47.75931590000005,0.5395207043552612,14.666200782121297,1.0
Y2023_LAT23.91347_LON90.18584,2023,90.18584169027079,23.91346889219602,20,37.88429507284823,37.73208813636365,1.274147164875498,34.88534357000003,42.14863607000004,0.5338752643806436,14.851594595739245,1.0
Y2023_LAT23.91365_LON90.19566,2023,90.19565504647575,23.913648339915518,20,36.193050598895425,36.34177520896106,1.7839796326239958,31.71854804000003,42.61006877000003,0.6005647774823772,14.245298801406088,1.0
Y2023_LAT23.91383_LON90.20547,2023,90.20546849904862,23.91382716245591,20,35.88741711270868,35.714977977105285,2.2292454499792234,31.69633091000003,43.011686120000036,0.575663649195627,13.135300636708841,1.0
Y2023_LAT23.91401_LON90.21528,2023,90.21528204750622,23.914005359878427,20,39.3288392014269,39.77957436406253,2.0619028683742093,33.824048360000006,44.12254261999999,0.4364692904312825,13.058800276707185,1.0
Y2023_LAT23.91418_LON90.2251,2023,90.2250956914889,23.914182932130917,20,39.01967660705684,38.9259385752174,2.92326217084867,33.07550198000001,51.77207138000006,0.43196100198275017,12.87069939152651,1.0
Y2023_LAT23.91436_LON90.23491,2023,90.23490943068923,23.91435987920369,20,40.86390033060749,40.971053875217414,2.190409115267778,36.06456047000003,49.65289898,0.3775305891964068,12.97929990258774,1.0
Y2023_LAT23.91454_LON90.24472,2023,90.24472326485738,23.914536201057746,20,40.48225932858518,40.156662842857166,1.896724940228077,35.92442165,48.53862446000005,0.44614313770652786,13.783398980701051,1.0
Y2023_LAT23.91471_LON90.25454,2023,90.25453719364454,23.914711897814605,20,39.26460032563503,39.23326607000002,1.4629983896047405,35.99790908,43.097136620000015,0.4441443387681258,13.243198791523703,1.0
Y2023_LAT23.91489_LON90.26435,2023,90.26435121660649,23.91488696920912,20,38.60740011755792,38.48056349257145,1.1300613739971386,35.61338183000001,42.345172219999995,0.505219170919016,13.024900117176987,1.0
Y2023_LAT23.91506_LON90.27417,2023,90.27416533338909,23.915061415381363,20,38.4983706032497,38.51528081000002,1.5085041143959297,35.04769952000001,42.67672016000003,0.5172318785562428,11.797696695043246,1.0
Y2023_LAT23.91524_LON90.28398,2023,90.2839795439219,23.915235236192398,20,39.10283120015493,39.206502111714315,1.166973253220735,35.04769952000001,41.83246922000001,0.4804215997300977,13.027797777871871,1.0
Y2023_LAT23.91541_LON90.29379,2023,90.2937938475782,23.91540843172261,20,40.460824170848994,40.28540336036146,1.4379461311763773,37.37878916,45.961437380000035,0.4357282484677274,13.186893820676813,1.0
Y2023_LAT23.91558_LON90.30361,2023,90.3036082440733,23.915581001930963,20,40.77755437552455,40.654938235270286,1.8394735748587179,36.471304850000024,46.74758198000001,0.39354671854767376,13.97149986588169,1.0
Y2023_LAT23.91575_LON90.31342,2023,90.31342273328266,23.91575294669763,20,42.577955834415036,42.34364123187502,2.1442994381050102,36.72423833000005,51.99766069999998,0.33083669720683817,13.722198692699731,1.0
Y2023_LAT23.91592_LON90.32324,2023,90.32323731461811,23.915924266097917,20,39.700596147865845,40.03886322500003,2.687832320639843,33.12335426000004,44.36351302999998,0.47448924886697946,13.905499555291993,1.0
Y2023_LAT23.91609_LON90.33305,2023,90.33305198782428,23.916094960058114,20,34.52088488256995,33.7765216057143,2.4693302561011894,31.54081100000002,44.069563310000035,0.446163836607729,13.514100066353219,1.0
Y2023_LAT23.91627_LON90.34287,2023,90.34286675264342,23.91626502868802,20,33.942477073430354,33.98331975536588,1.0909465361087611,31.58011823000004,36.052597400000025,0.5171827452395241,12.321096805161433,1.0
Y2023_LAT23.91643_LON90.35268,2023,90.35268160867729,23.916434471708154,20,35.692334170387596,35.54559110000001,0.7093133524667716,34.035965600000054,38.49819071000002,0.5449804697601182,12.381138939415136,0.05123591317064765
Y2023_LAT23.92029_LON90.06789,2023,90.06788530164413,23.92028727869885,20,36.14120442457814,36.19990466635986,1.0250369082070612,33.99836737999999,39.810710390000025,0.5947976536858868,11.240960003009425,0.38373788334812914
Y2023_LAT23.92047_LON90.0777,2023,90.077698156294,23.920474304845623,20,36.12448988438,35.71701192387503,1.6825590697579718,31.732220120000022,41.68549436000001,0.5995919387615155,13.214059922791929,1.0
Y2023_LAT23.92066_LON90.08751,2023,90.08751111119,23.92066070591179,20,37.43051077187058,37.093742189767454,2.078071533803228,33.55744279999999,43.38083228000005,0.47014264130093714,13.098700116117787,1.0
Y2023_LAT23.92085_LON90.09732,2023,90.09732416609907,23.920846481884332,20,37.56403229535493,37.38690695750002,1.4330556500479232,33.9846953,41.377872560000014,0.5156439762697057,13.546600643059579,1.0
Y2023_LAT23.92103_LON90.10714,2023,90.10713732055757,23.921031632657122,20,38.905099638278415,38.306534233289504,2.4181208742035287,35.071625659999995,51.29013056000002,0.4681298698817475,13.502202363305237,1.0
Y2023_LAT23.92122_LON90.11695,2023,90.11695057441325,23.921216158393985,20,37.805993447765914,37.408774517272725,1.777942854714025,35.41000964,49.49567006000001,0.5661749942190626,13.18420021670614,1.0
Y2023_LAT23.9214_LON90.12676,2023,90.12676392713566,23.92140005884229,20,38.13154408863811,37.71814709193549,1.643000493305509,34.99301120000001,44.043928160000036,0.5146502433887508,13.803503298239168,1.0
Y2023_LAT23.92158_LON90.13658,2023,90.13657737857478,23.9215833342621,20,37.06901174136271,37.10977544954549,0.9457880174808257,33.63093023000005,40.50798647000002,0.5524145433943213,12.987311704996268,1.0
Y2023_LAT23.92177_LON90.14639,2023,90.14639092827193,23.921765984405067,20,38.261947976115756,37.71597221405407,2.4973660450139237,33.59675003000004,49.030819339999994,0.495881227085666,11.802102120120137,1.0
Y2023_LAT23.92195_LON90.1562,2023,90.15620457582648,23.92194800928787,20,39.82415160861527,39.969003410566046,2.283586886600381,36.14146592000003,46.997097440000005,0.43822135004054064,12.892102226002624,1.0
Y2023_LAT23.92213_LON90.16602,2023,90.16601832120915,23.92212940888181,20,39.11278859673958,38.90867354937501,2.0030842599025616,34.86483544999999,46.13575639999999,0.4424064976800357,12.541400194824448,1.0
Y2023_LAT23.92231_LON90.17583,2023,90.17583216369981,23.922310183155794,20,37.48407560748085,37.89339106000002,1.5767211821646976,34.28889908000002,41.35394642000006,0.5836887802106837,12.13069780082094,1.0
Y2023_LAT23.92249_LON90.18565,2023,90.18564610319386,23.922490332086976,20,37.12671709443503,37.03582503320002,1.514058989856132,33.01397761999999,42.68013818000003,0.5681903098135174,13.638097221290847,1.0
Y2023_LAT23.92267_LON90.19546,2023,90.19546013933515,23.9226698557382,20,35.821048199263984,35.84775192551726,2.290648800213178,31.766400320000002,42.93990770000005,0.606180164546211,13.40739485832875,1.0
Y2023_LAT23.92285_LON90.20527,2023,90.20527427173054,23.9228487540319,20,38.74188357613289,38.21582428000002,2.605418001289108,31.686076850000035,47.15432636000003,0.5115966283357064,13.976501148824875,1.0
Y2023_LAT23.92303_LON90.21509,2023,90.21508850007542,23.923027026920437,20,38.22227544178262,38.28955476920003,2.2907629218083834,33.47882834000001,44.07810835999999,0.5271877430475556,13.310500365294548,1.0
Y2023_LAT23.9232_LON90.2249,2023,90.22490282402647,23.92320467436388,20,36.66761724932613,36.213192551818196,1.9331387047566924,33.210513770000034,41.30609414000003,0.5239550142618523,13.699105642850084,1.0
Y2023_LAT23.92338_LON90.23472,2023,90.23471724324217,23.923381696428333,20,38.40704234184003,37.67737762142859,2.959627959332498,33.940261039999996,50.08527851000002,0.49672839483926895,12.754500887648101,1.0
Y2023_LAT23.92356_LON90.24453,2023,90.24453175737668,23.923558092970506,20,37.65070645599685,37.71472108217393,1.5706188120062314,34.27009997000002,42.435749750000014,0.5265771382766533,13.680298447409937,1.0
Y2023_LAT23.92373_LON90.25435,2023,90.25434636615259,23.92373386398265,20,38.123411497853155,38.140286631406276,1.2728382186939051,34.463218100000006,41.32489325000003,0.423583229057285,15.268405968969269,1.0
Y2023_LAT23.92391_LON90.26416,2023,90.26416106922473,23.92390900955616,20,38.63210907813687,38.78488585693881,1.594235587583457,34.46663612000003,42.55708946000004,0.3609564997580586,13.834300981530564,1.0
Y2023_LAT23.92408_LON90.27398,2023,90.27397586614127,23.92408352950021,20,38.528732650627525,38.514255404000025,1.6448292760494279,34.66488128000003,42.09736577000001,0.4478894035804109,12.208500245294402,1.0
Y2023_LAT23.92426_LON90.28379,2023,90.28379075666041,23.9242574239903,20,39.9181503184785,39.985599080000014,1.4393909643719092,36.264514640000016,43.68845408000004,0.4595418280748967,13.42019962446883,1.0
Y2023_LAT23.92443_LON90.29361,2023,90.29360574054748,23.924430692810738,20,38.95734501550555,38.73384420000003,1.649098803151169,36.21666235999999,43.29879979999998,0.5003939145250033,14.87369985141159,1.0
Y2023_LAT23.9246_LON90.30342,2023,90.30342081726704,23.924603336033616,20,40.95951576307375,40.90484831391307,1.5141863235097344,36.997679930000004,47.29275617000002,0.3341202156570398,13.68739963223486,1.0
Y2023_LAT23.92478_LON90.31324,2023,90.31323598660447,23.924775353675173,20,40.577292503863255,40.972751739500026,1.9364529857012367,36.3943994,47.29275617000002,0.39728498783232324,13.630398260697705,1.0
Y2023_LAT23.92495_LON90.32305,2023,90.32305124818397,23.924946745615596,20,39.07444241081136,38.718653000000025,1.6678005229567303,35.871442340000044,44.59422938,0.4954858205797486,14.378300445059342,1.0
Y2023_LAT23.92512_LON90.33287,2023,90.33286660165298,23.925117511913353,20,34.97927815652564,34.53417916739132,1.8877511407846048,32.01591578,41.93159179999998,0.48034945143280666,13.222797909174002,1.0
Y2023_LAT23.92529_LON90.34268,2023,90.34268204675328,23.925287652394083,20,34.1085599997121,34.1422589745361,1.0957871321481678,31.882612999999992,37.24548637999999,0.44240658621562257,12.333996865867618,1.0
Y2023_LAT23.92546_LON90.3525,2023,90.35249758312685,23.925457167268462,20,34.84278921260644,34.8335036,1.021109946839268,33.12164525000003,38.49819071000002,0.38283842106023486,11.828323756200579,0.14579134102113364
Y2023_LAT23.92931_LON90.06768,2023,90.06768145807496,23.92930777409205,20,35.114301415585096,35.07461642750001,0.9680694570431878,32.34062768000001,37.90858226000003,0.6366316288006612,13.283459630212382,0.5976135663564737
Y2023_LAT23.92949_LON90.07749,2023,90.0774949924864,23.92949487938198,20,35.52019174154309,35.575153974736864,0.7484938385470821,33.07892000000004,37.689828980000016,0.6162147321908581,14.408791294236623,1.0
Y2023_LAT23.92968_LON90.08731,2023,90.08730862722784,23.929681359316312,20,35.25941891672731,35.09729305547173,1.168542391557316,32.726863940000044,45.06249811999999,0.5850234746797095,12.822897438702896,1.0
Y2023_LAT23.92987_LON90.09712,2023,90.09712236206408,23.929867213915298,20,36.1961801043889,36.17148040812502,0.809143546865526,34.044510650000035,38.78359538000001,0.5566946384234615,13.070902436355833,1.0
Y2023_LAT23.93005_LON90.10694,2023,90.10693619646736,23.930052443185215,20,36.17461309097537,36.13907330600002,0.5533835520017096,34.070145800000034,38.657128639999996,0.5843804287944113,14.227810483814075,1.0
Y2023_LAT23.93024_LON90.11675,2023,90.11675013023752,23.930237046970703,20,36.440693205809765,36.26289557789474,0.8227616372044683,34.47005414,39.426183140000035,0.6104789654427406,13.251100295412147,1.0
Y2023_LAT23.93042_LON90.12656,2023,90.12656416296012,23.930421025382827,20,36.883810721661355,36.892081101578974,0.7316599916448533,34.81356515000002,39.00576668000002,0.5705209275901212,14.182700214941459,1.0
Y2023_LAT23.9306_LON90.13638,2023,90.13637829441423,23.930604378231934,20,36.82442099177523,36.80524540400002,0.6987442651166238,34.69564346000004,38.63320250000004,0.5943244271226613,13.382304152019564,1.0
Y2023_LAT23.93079_LON90.14619,2023,90.14619252409949,23.930787105600274,20,37.148188789586875,37.04408279645571,1.1297949258068254,33.50959052000002,40.424244980000026,0.543423684999456,11.595200700236122,1.0
Y2023_LAT23.93097_LON90.15601,2023,90.15600685182127,23.93096920750875,20,39.206264146928866,38.711736850156264,1.8570444205171646,35.24765368999999,44.67967987999998,0.49666509727226515,12.19730140858993,1.0
Y2023_LAT23.93115_LON90.16582,2023,90.16582127721317,23.93115068394927,20,37.47443030738835,37.513971851000015,0.9791827447929259,34.7195696,40.87029659000001,0.5489893065952717,11.328208603334616,1.0
Y2023_LAT23.93133_LON90.17564,2023,90.17563579985985,23.931331534791155,20,37.22634583955945,37.13918595800003,1.349642294853984,33.871900640000035,40.72161272000005,0.5718729724035998,10.357102773062095,1.0
Y2023_LAT23.93151_LON90.18545,2023,90.18545041956013,23.93151176005887,20,35.72720359214428,35.67156585227275,1.6211408527775444,32.37651689000003,39.97306634000006,0.6480806479370268,12.032301214472042,1.0
Y2023_LAT23.93169_LON90.19527,2023,90.19526513579697,23.931691359646724,20,35.72395595079395,35.70427008909093,1.027294448458628,33.42414001999998,39.938886139999994,0.6457597278262079,13.231410500755343,1.0
Y2023_LAT23.93187_LON90.20508,2023,90.20507994855271,23.931870333590116,20,37.12176835258933,37.23426234135138,1.2303923730249346,33.859937570000056,41.59662584,0.5760134659470075,11.88500104117771,1.0
Y2023_LAT23.93205_LON90.21489,2023,90.21489485704817,23.932048681917674,20,36.086856459845976,35.59458272000003,1.6639659134839424,32.48760254000001,41.05657868000003,0.5826625278146007,12.147497820585674,1.0
Y2023_LAT23.93223_LON90.22471,2023,90.22470986128958,23.932226404551212,20,35.395406655861734,35.28500058500002,1.4938502462487138,32.36968085000001,40.936947980000014,0.5659503333930395,13.31839679245552,1.0
Y2023_LAT23.9324_LON90.23452,2023,90.23452496079805,23.93240350148894,20,35.96825549185808,35.85095863442858,1.5538614980174767,32.52520076000002,41.40179870000003,0.5946777647873632,13.710499659411397,1.0
Y2023_LAT23.93258_LON90.24434,2023,90.2443401553406,23.9325799727201,20,36.3362591069579,36.19764962375002,0.9526772477517625,34.25471888000004,40.913021840000056,0.5850985337434792,13.22599908941073,1.0
Y2023_LAT23.93276_LON90.25416,2023,90.25415544444176,23.9327558182226,20,36.327767601378746,36.14126486000003,1.207876145604704,34.203448579999986,41.04974263999998,0.5434686547633351,15.26260358872282,1.0
Y2023_LAT23.93293_LON90.26397,2023,90.26397082788185,23.93293103780714,20,39.34021682398452,39.52621049000001,1.3852070085835273,35.80991798000002,43.92087944000002,0.37799829432878734,14.867399843999857,1.0
Y2023_LAT23.93311_LON90.27379,2023,90.2737863052287,23.933105631695824,20,40.42787285260081,40.287454424489816,1.9067419295585908,34.67342633000004,45.908458069999995,0.3700202093462286,14.464700546706558,1.0
Y2023_LAT23.93328_LON90.2836,2023,90.28360187622492,23.933279599675004,20,42.709225912376795,42.90797453166669,1.5231672836618535,37.47107570000003,46.79201624000001,0.31273115536920015,14.266598901641915,1.0
Y2023_LAT23.93345_LON90.29342,2023,90.29341754059122,23.933452941948936,20,42.03471600146378,42.11417103500002,1.5374584026304423,38.13075356000002,45.47949656000003,0.3515250194482543,14.398499292352108,1.0
Y2023_LAT23.93363_LON90.30323,2023,90.303233297789,23.933625658220567,20,41.74435792099935,41.78837676200002,1.716851399830197,36.869504180000035,47.465366180000046,0.3775171173319648,12.50539824164501,1.0
Y2023_LAT23.9338_LON90.31305,2023,90.31304914771525,23.933797748639137,20,40.014018178168406,40.22203247535716,1.6715219108843216,36.018417200000044,44.31736976000002,0.43395411001945183,13.132900625414743,1.0
Y2023_LAT23.93397_LON90.32287,2023,90.32286508980216,23.933969213126904,20,37.56661010875375,37.80103049508477,1.0891285106096043,34.234210759999996,40.99676333000002,0.5386623916519607,13.558801833884548,1.0
Y2023_LAT23.93414_LON90.33268,2023,90.33268112394374,23.93414005168791,20,33.683355470263855,33.610000710273994,0.8718074972976009,31.83134270000002,37.706919080000034,0.46152045086885607,13.208397892232846,1.0
Y2023_LAT23.93431_LON90.3425,2023,90.34249724966791,23.934310264303605,20,34.362586671575,34.32871179183099,0.9748564520100922,31.793744479999987,37.457403620000036,0.441288010897765,12.792344870319592,1.0
Y2023_LAT23.93448_LON90.35231,2023,90.35231346652779,23.93447985089774,20,34.2977188873182,34.21370264000004,0.7891850695307736,32.66875760000005,35.741557580000006,0.38492802216582933,12.128238853084316,0.08165347481017705
Y2023_LAT23.93833_LON90.06748,2023,90.06747751374465,23.938328257252962,20,35.512653094067346,35.422314512000014,1.0684823432167077,33.62751221000002,38.790431420000004,0.621394254972396,13.043708096957205,0.6414688611363824
Y2023_LAT23.93852_LON90.07729,2023,90.07729172843332,23.938515441761226,20,35.29663503176452,35.26461719666668,0.8478887959629433,32.367971839999996,37.73426324000002,0.6142337526370069,14.372601753420067,1.0
Y2023_LAT23.9387_LON90.08711,2023,90.08710604329207,23.938702000645563,20,36.866816107743965,36.668939649285726,1.3347523817006326,33.28058318000001,40.57805588000002,0.47112443369532714,13.26639419479622,1.0
Y2023_LAT23.93889_LON90.09692,2023,90.09692045837127,23.938887933835517,20,36.33221957930496,36.331640755000016,0.9178812847806374,33.93855203000004,39.84318158000002,0.4938261172708343,10.639200655061911,1.0
Y2023_LAT23.93907_LON90.10673,2023,90.10673497303367,23.939073241416285,20,36.33387231837794,36.250328769716454,0.9336032827003437,34.08039986000006,38.899808060000055,0.5988049644421433,12.924805528496627,1.0
Y2023_LAT23.93926_LON90.11655,2023,90.11654958707904,23.939257923351963,20,36.42711680320287,36.39425698250001,0.9599341899995195,34.29573512000002,39.93888614000002,0.6004095477255086,12.729698727994016,1.0
Y2023_LAT23.93944_LON90.12636,2023,90.12636430010852,23.939441979547208,20,37.049618773730955,37.01484433478262,1.0078146062769937,34.799893070000024,39.25870015999999,0.6015923445199405,11.208289215478683,1.0
Y2023_LAT23.93963_LON90.13618,2023,90.1361791119022,23.939625410110324,20,36.81813860123891,36.733922720000024,0.9709029243912085,34.32820631000001,40.472097260000055,0.5660400397593001,11.172994931740876,1.0
Y2023_LAT23.93981_LON90.14599,2023,90.14599402201988,23.93980821480279,20,36.870651596618224,36.76814674076925,0.7851376958511372,34.15901431999998,39.887615840000024,0.5739057878567695,11.215101012240082,1.0
Y2023_LAT23.93999_LON90.15581,2023,90.15580903010611,23.9399903938047,20,36.84693193213569,36.79458338677423,1.1698622842975637,34.562340680000034,41.244569780000006,0.5867676796563349,11.03810017929498,1.0
Y2023_LAT23.94017_LON90.16562,2023,90.1656241359553,23.94017194692044,20,37.13669594324171,37.205111018750024,1.0940971623403604,34.38460364000002,39.603920180000046,0.5803996826254535,10.060000282354292,1.0
Y2023_LAT23.94035_LON90.17544,2023,90.17543933906119,23.940352874256657,20,36.93998916488033,36.94874643959186,1.2151024415492084,34.066727780000036,40.15763942000001,0.6102826241289961,9.215701015063601,1.0
Y2023_LAT23.94053_LON90.18525,2023,90.18525463917793,23.940533175734274,20,35.58301321473853,35.40455811443041,1.7883758067425688,32.51323769000001,40.74895688000004,0.6349521703436338,9.750998828229786,1.0
Y2023_LAT23.94071_LON90.19507,2023,90.19507003610771,23.940712851366772,20,36.0503151672532,35.8590792889362,1.0048925580835482,34.182940460000054,39.641518399999995,0.6018359905045629,10.942300904945473,1.0
Y2023_LAT23.94089_LON90.20489,2023,90.20488552924164,23.9408919011051,20,36.90516703960805,36.76789132828574,1.1752240566831715,34.415365820000034,40.591727960000014,0.5689151740469509,10.923997289399015,1.0
Y2023_LAT23.94107_LON90.2147,2023,90.21470111838693,23.941070324893516,20,34.91128022094185,34.918603533846166,1.271129271499541,32.087694200000016,38.91348014000002,0.6054210989292366,11.474390467719854,1.0
Y2023_LAT23.94125_LON90.22452,2023,90.22451680325467,23.94124812277844,20,33.83785333324303,33.890943894285726,1.0353975030572187,31.556192090000025,37.94788949000002,0.6079023634857673,13.767100080470984,1.0
Y2023_LAT23.94143_LON90.23433,2023,90.23433258346124,23.941425294618774,20,34.57418580362777,34.40942143739133,1.6798372382543134,31.20926306000004,41.18304542000004,0.5669554781262371,13.38259709457457,1.0
Y2023_LAT23.9416_LON90.24415,2023,90.24414845858257,23.94160184052209,20,34.70593123188889,34.832519624545476,1.216948466582608,31.923629240000025,38.416158230000036,0.5641843366439674,14.102102833425109,1.0
Y2023_LAT23.94178_LON90.25396,2023,90.25396442841975,23.941777760279727,20,35.04710458870275,35.013059201923106,1.0122152274942533,32.68926571999998,37.81971374,0.5649222811168114,14.796606101675781,1.0
Y2023_LAT23.94195_LON90.26378,2023,90.26378049259982,23.94195305417155,20,37.23612670141748,37.218142220000026,1.7787856361312213,33.67365547999998,44.05930925000001,0.45520999883137436,13.729801081416866,1.0
Y2023_LAT23.94213_LON90.2736,2023,90.27359665073752,23.942127721924884,20,41.01891055110905,40.71704211186048,1.907594951945219,36.46617782000001,45.55127498000002,0.31898503803523426,14.541802549659064,1.0
Y2023_LAT23.9423_LON90.28341,2023,90.2834129024596,23.942301763599044,20,44.50449912886966,43.80192082258428,2.7679003253914396,39.339023629999986,56.054850439999996,0.2918384043219015,13.869598209873956,1.0
Y2023_LAT23.94248_LON90.29323,2023,90.29322924770673,23.942475179096554,20,42.73050025553643,42.86174719578126,1.1263546762388112,39.07754510000001,45.36328388000004,0.331542716712467,14.130998263521242,1.0
Y2023_LAT23.94265_LON90.30305,2023,90.30304568573182,23.942647968534864,20,40.96598468914038,41.217841984262314,1.6607517973167216,35.68345124000001,45.46240646000001,0.40869090125572094,12.462097468693985,1.0
Y2023_LAT23.94282_LON90.31286,2023,90.31286221645671,23.942820131722108,20,39.38534524306994,38.96816846000002,1.606200049420107,36.64562387000001,45.424808240000004,0.4872187227994743,11.31109440515016,1.0
Y2023_LAT23.94299_LON90.32268,2023,90.32267883952481,23.942991668730105,20,37.408115342616426,37.408274493448296,1.5239077239599967,33.793286179999996,42.59468768000005,0.5235503081136544,12.466502195304457,1.0
Y2023_LAT23.94316_LON90.3325,2023,90.33249555454867,23.943162579535592,20,34.19880131559794,34.14283569200002,0.694980973522843,32.238087080000014,36.3943994,0.43451736689833226,13.885597108692282,1.0
Y2023_LAT23.94333_LON90.34231,2023,90.34231236127957,23.94333286412143,20,34.55185318590145,34.45156388722893,1.0126735961808306,32.238087080000014,38.05555712000003,0.45430892011456847,13.938303789298905,0.9841285133683739
Y2023_LAT23.9435_LON90.35213,2023,90.35212925913545,23.943502522483644,20,33.552557130184226,33.40704992000002,0.39208371753879173,32.66875760000005,34.15730531000003,0.4134714273507135,13.074561403508772,0.004026262533508043
Y2023_LAT23.94716_LON90.05746,2023,90.05745867441148,23.94716083880053,20,,,,,,,,0.0
Y2023_LAT23.94735_LON90.06727,2023,90.067273468832,23.94734872830013,20,36.38991532372207,35.89029657935485,1.441765353974875,34.299153140000044,41.69574842000003,0.5977538913405815,11.499722940947493,0.786107711138311
Y2023_LAT23.94754_LON90.07709,2023,90.07708836392115,23.94753599191719,20,35.63038675455142,35.51496786390246,0.8838957320431077,33.87873668000003,38.55117002000003,0.6288734357164799,12.49049524938942,1.0
Y2023_LAT23.94772_LON90.0869,2023,90.08690335938364,23.947722629629236,20,36.380355579728636,36.36786477105266,0.6027408709486157,34.78963901,38.17518782000002,0.6006166102768115,12.925098735410268,1.0
Y2023_LAT23.94791_LON90.09672,2023,90.09671845494364,23.947908641565324,20,36.640022534880785,36.55212130365387,0.8307756480705438,34.84090931000003,39.69962473999999,0.5893685819588689,9.662799603293651,1.0
Y2023_LAT23.94809_LON90.10653,2023,90.10653365022651,23.948094027544432,20,36.17044193688313,36.01314025684212,0.8082922311900317,33.85822856000004,38.82632063,0.5814897765995714,11.580400378354721,1.0
Y2023_LAT23.94828_LON90.11635,2023,90.11634894491192,23.948278787560028,20,36.89416832366183,36.89151854610172,0.9448037284191623,34.28548106000005,40.755792919999976,0.5972304691441676,12.097598938351695,1.0
Y2023_LAT23.94846_LON90.12616,2023,90.12616433862213,23.948462921613686,20,36.642698992452765,36.64161837781253,1.0759559596581558,33.60529508000002,39.58683008000003,0.6183264974231373,12.52809944482288,1.0
Y2023_LAT23.94865_LON90.13598,2023,90.13597983105984,23.948646429658158,20,36.40668409312133,36.44961356923078,0.9933624065008257,34.26839096000003,40.410572900000034,0.6148261597474106,11.737498764700069,1.0
Y2023_LAT23.94883_LON90.1458,2023,90.14579542184372,23.948829311813448,20,36.368648427240174,36.2030716614286,0.9722697694856928,34.38460364000002,39.67569860000003,0.5443733288532967,11.933601098354234,1.0
Y2023_LAT23.94901_LON90.15561,2023,90.15561111075377,23.949011567798742,20,38.439214010395105,38.640197517674444,1.5001168728914407,34.189776499999994,41.65815020000002,0.3906860273656332,10.960699953764648,1.0
Y2023_LAT23.94919_LON90.16543,2023,90.1654268972933,23.949193197765204,20,37.22828571055388,37.16994813800002,1.249994625133237,34.078690850000044,40.56096578000006,0.5763244472096741,9.51749537644883,1.0
Y2023_LAT23.94937_LON90.17524,2023,90.17524278123004,23.949374201629876,20,36.29542733168246,36.01681073060003,1.1169292632330274,33.92658896000003,39.96281228000004,0.6099564637490292,12.098802469179375,1.0
Y2023_LAT23.94955_LON90.18506,2023,90.18505876224124,23.94955457943429,20,36.03600182373656,35.922109460000016,1.0938478260448319,33.99153134000005,39.443273240000025,0.6226932105684276,10.742702050237702,1.0
Y2023_LAT23.94973_LON90.19487,2023,90.19487484000675,23.94973433102749,20,36.04630034608903,35.860654214375025,1.270631903966752,33.95051510000002,40.15763942000001,0.5785596868005108,9.952797424929065,1.0
Y2023_LAT23.94991_LON90.20469,2023,90.2046910139725,23.94991345649013,20,36.10068707383187,35.98443572209304,1.1180080687286644,33.95051510000002,39.96623030000001,0.5880424671429736,11.248499115881307,1.0
Y2023_LAT23.95009_LON90.21451,2023,90.21450728412792,23.950091955740824,20,34.98816116264552,34.860158159473706,0.8608703133944258,32.90289197000001,38.88955400000003,0.6144293751250536,13.079500093529523,1.0
Y2023_LAT23.95027_LON90.22432,2023,90.22432364986126,23.950269828777618,20,33.66599303125662,33.70478918391307,0.7984981069279347,30.645289760000026,36.19273622000003,0.6212349158234445,14.726105769909505,1.0
Y2023_LAT23.95045_LON90.23414,2023,90.23414011106804,23.95044707559433,20,33.32295486356347,33.106818433513546,1.08380925819435,30.693142039999998,37.55823521000002,0.5937229365501998,13.817599785411511,1.0
Y2023_LAT23.95062_LON90.24396,2023,90.24395666719467,23.95062369614407,20,34.766771506431645,34.67160338600002,1.0051736909427136,31.927047259999995,37.949598500000036,0.5939868340150866,13.019200022588267,1.0
Y2023_LAT23.9508_LON90.25377,2023,90.25377331809902,23.950799690482313,20,34.58811352457849,34.32900188362071,1.0313785556987671,33.0447398,38.402486150000016,0.5872002458755896,13.244903505428265,1.0
Y2023_LAT23.95098_LON90.26359,2023,90.26359006331022,23.95097505840862,20,38.07878866122207,37.058862488000024,3.3216600908547034,33.20880476000002,50.15363891000001,0.4613464659185835,13.44360169835493,1.0
Y2023_LAT23.95115_LON90.27341,2023,90.27340690258569,23.951149800035324,20,39.68543812875929,39.96661008000001,2.47241420325876,34.49227127,48.71977952000003,0.40593416502080726,12.11539778282092,1.0
Y2023_LAT23.95132_LON90.28322,2023,90.28322383542117,23.951323915316387,20,41.33320013928807,42.31401882084338,4.4730185201999815,33.81721232000001,55.576327640000045,0.42312364623298415,12.697993872912342,1.0
Y2023_LAT23.9515_LON90.29304,2023,90.29304086174535,23.951497404204595,20,40.354247662158414,40.44529278736843,1.7286440105413086,36.06797849,43.978985780000016,0.43272373698819067,14.63870075141265,1.0
Y2023_LAT23.95167_LON90.30286,2023,90.30285798102922,23.951670266684594,20,38.5191248414099,38.16517566671081,1.8651541174042792,35.54673044000003,44.43870947000002,0.4965731543843951,12.575052354252513,0.43050905376273707
Y2023_LAT23.95184_LON90.31268,2023,90.31267519299199,23.951842502758858,20,40.35969362374899,40.09121542636312,1.685578795809643,37.401006290000026,45.424808240000004,0.46440951621900517,11.359664819636933,0.29026099166803987
Y2023_LAT23.95201_LON90.32249,2023,90.32249249722054,23.952014112410495,20,36.916375881158615,36.609863166022514,1.7245687116598296,34.25300987000003,41.98798913000002,0.5325052506159917,12.0960514728633,0.9109285115485791
Y2023_LAT23.95219_LON90.33231,2023,90.33230989353223,23.952185095488655,20,34.83235778028878,34.77482759000001,0.8046238263134324,32.825986520000015,36.74645546000005,0.4641374120816857,12.944350827162689,0.4506798498634456
Y2023_LAT23.95236_LON90.34213,2023,90.34212738156036,23.95235545215825,20,35.13036297113338,35.237503785002545,0.9115144314301287,32.43462323000003,36.85925012000001,0.48866437627382353,12.498358874878756,0.4750171393187033
Y2023_LAT23.95599_LON90.04744,2023,90.04743847386032,23.955992623041222,20,36.71493545145054,36.70543922000002,0.3949211681195489,35.905622540000024,37.32410084000003,0.5971163924682905,13.0,0.029681357187624692
Y2023_LAT23.95618_LON90.05725,2023,90.0572538479042,23.95618121808232,20,36.136034078682904,36.071741377488806,0.5712136446588753,35.06137160000003,37.720591160000026,0.6331622466964871,10.031802969509801,0.1946811229540365
Y2023_LAT23.95637_LON90.06707,2023,90.06706932315382,23.95636918701169,20,37.09017627005292,36.91811497088398,1.1493797326472595,34.52132444000006,40.94378402000001,0.5867672883402228,10.688380706204613,0.3809686534313665
Y2023_LAT23.95656_LON90.07688,2023,90.07688489900916,23.956556529803077,20,36.22134399343899,36.07891044998718,0.8509386378975483,34.64437315999999,39.30655244000002,0.6010269441869143,11.283307862633535,0.9368736008112188
Y2023_LAT23.95674_LON90.0867,2023,90.08670057538667,23.956743246538494,20,37.103175687218986,36.73696096000001,1.4190794123830819,34.84945435999998,41.261659880000025,0.5226201249392758,13.392601638354895,1.0
Y2023_LAT23.95693_LON90.09652,2023,90.09651635184042,23.956929337096245,20,36.79621519645351,36.608880155000016,1.472587397563108,33.027649699999984,40.69768658000001,0.4972016827415747,11.610003070591867,1.0
Y2023_LAT23.95711_LON90.10633,2023,90.10633222802885,23.9571148014168,20,35.85256839310529,35.82518513600001,1.0515224297420427,33.50275448000002,40.40373685999998,0.6088697773742753,10.75360354636966,1.0
Y2023_LAT23.9573_LON90.11615,2023,90.11614820364301,23.957299639595977,20,36.93203998357299,36.8910586326531,0.8689353635420933,35.00668328000006,40.766046980000056,0.608551136048918,12.079701270236821,1.0
Y2023_LAT23.95748_LON90.12596,2023,90.125964278366,23.957483851585305,20,36.12411161478564,36.110966664615404,0.8052872505232179,34.07014579999998,39.44669126000002,0.6444461078987102,12.297399173410813,1.0
Y2023_LAT23.95767_LON90.13578,2023,90.13578045187357,23.957667437253278,20,36.0397360520215,35.97471537285716,0.7362955060512801,34.55037761,37.82484077000004,0.6069030868458561,12.77769895387747,1.0
Y2023_LAT23.95785_LON90.1456,2023,90.1455967236531,23.957850396592836,20,36.25869827698967,36.266022590000006,0.6758789319683988,34.19319452000002,38.29994555000002,0.5563348148597952,12.794199757882105,1.0
Y2023_LAT23.95803_LON90.15541,2023,90.15541309367222,23.958032729743756,20,37.07032226763509,36.95623006059703,1.0722233247245114,33.880445690000016,41.59662584,0.529622152201148,11.196701407884037,1.0
Y2023_LAT23.95821_LON90.16523,2023,90.16522956127949,23.958214436509994,20,36.59431514122145,36.66987866576926,0.8706669717342822,34.01545748000001,39.06216401000003,0.5992864175386965,10.670700803297917,1.0
Y2023_LAT23.9584_LON90.17505,2023,90.17504612638228,23.95839551692667,20,35.966291873248764,35.857690771162815,0.9808084494728754,32.93536316000004,39.05703697999999,0.6419058789788346,11.680100800118614,1.0
Y2023_LAT23.95858_LON90.18486,2023,90.18486278857263,23.958575970906242,20,35.71077098927679,35.67645983545456,1.0180333593604,33.47199230000001,39.386875910000015,0.6723988885429265,10.260601483060585,1.0
Y2023_LAT23.95876_LON90.19468,2023,90.19467954745946,23.958755798577045,20,36.89419069228639,36.83333013500002,1.2101872525358446,33.736888850000014,41.33685632000004,0.5271152965808107,10.050795533155473,1.0
Y2023_LAT23.95893_LON90.2045,2023,90.20449640275629,23.958934999812023,20,35.90206565573716,35.948233856000016,0.9404791113271893,32.82769553000003,39.05703698000002,0.5975373308644841,11.450198176703752,1.0
Y2023_LAT23.95911_LON90.21431,2023,90.21431335408627,23.959113574561474,20,35.833797433813054,35.79581864750002,1.139737012043769,33.348943580000025,38.920316179999986,0.6035334068899876,12.852498649998417,1.0
Y2023_LAT23.95929_LON90.22413,2023,90.22413040115858,23.959291522849245,20,35.22665852398532,35.26755863000002,1.143839950762746,32.648249480000004,38.01454088000003,0.5818617680024416,12.547195516214234,1.0
Y2023_LAT23.95947_LON90.23395,2023,90.23394754360976,23.959468844646736,20,33.95608727133203,33.829766970384625,1.259948320440778,31.805707550000022,38.17860584000002,0.539327995377063,12.649899588117174,1.0
Y2023_LAT23.95965_LON90.24376,2023,90.24376478116957,23.959645539859693,20,34.55624489352599,34.580938730000014,0.8860896796310777,31.52884793000004,37.819713740000026,0.536296109911287,11.954502299414502,1.0
Y2023_LAT23.95982_LON90.25358,2023,90.25358211343243,23.959821608556528,20,34.92522614595058,34.76820396932205,0.9724410097570374,33.26007506000002,38.67080072000002,0.5702835739409624,11.806403794841414,1.0
Y2023_LAT23.96_LON90.2634,2023,90.26339954000085,23.95999705072584,20,38.60031773914654,38.351856728750015,2.5478420326349216,33.63263924,46.535664740000016,0.45657570282101273,12.403200474353529,1.0
Y2023_LAT23.96017_LON90.27322,2023,90.27321706067328,23.960171866235015,20,39.66716015796836,39.71030605250002,1.9142480053465616,34.72811465000004,44.21824718000005,0.39370415547458537,12.1434836383783,0.9175365867628982
Y2023_LAT23.96035_LON90.28303,2023,90.28303467507726,23.960346055135613,20,37.556905580285104,37.02406277187502,2.134363739460041,34.135088180000025,47.4004238,0.5602557252301305,13.001986182112505,0.9621513303828811
Y2023_LAT23.96052_LON90.29285,2023,90.29285238283336,23.96051961737,20,37.5219054172784,37.26535451587174,1.128694233210974,35.36728439000001,42.31782806000001,0.5172874266885997,15.465874051085224,0.7195921890171535
Y2023_LAT23.96069_LON90.30267,2023,90.30267018363574,23.960692552967732,20,37.59605149805556,37.368535100000045,0.9833262750458435,36.13633889000005,39.248446100000024,0.4386413770371117,14.77832712495767,0.0526854785761184
Y2023_LAT23.96086_LON90.31249,2023,90.31248807715275,23.960864861899754,20,39.02015023626612,39.145905500000026,0.3223738319688702,38.761378250000035,39.550940870000005,0.4597502850923415,12.0,0.0008231615763720855
Y2023_LAT23.96104_LON90.32231,2023,90.32230606291132,23.96103654404865,20,38.839898131583034,39.11343431,0.79502854227258,37.02331508,39.72355088000003,0.4793864008542654,12.050836550836555,0.027685926854992784
Y2023_LAT23.96482_LON90.03742,2023,90.0374169114705,23.96482360939133,20,37.53705111703435,37.624886600000025,0.41532077800530404,36.50377604000005,38.023085930000036,0.6047085278910506,11.698100633122294,0.010644033169942724
Y2023_LAT23.96501_LON90.04723,2023,90.04723286513152,23.965012910462278,20,36.68795338566325,36.64216700886366,0.7813708715131877,34.90414268000001,38.93227925000002,0.5764238387573598,11.94058162319187,0.7883954742853825
Y2023_LAT23.9652_LON90.05705,2023,90.0570489202927,23.965201585135084,20,36.9486419915898,36.79829543000003,1.446590143458255,33.89924480000002,41.28216800000001,0.5564609458127906,11.460502167069004,1.0
Y2023_LAT23.96539_LON90.06687,2023,90.06686507664904,23.965389633526623,20,35.728703970857254,35.764941838780516,0.9164578280136111,33.58649596999999,38.35292486000003,0.5950953641153335,10.921801984950516,1.0
Y2023_LAT23.96558_LON90.07668,2023,90.0766813337264,23.965577055523735,20,37.034029549460634,36.82348908575002,1.2721936546383772,34.51790642000003,41.456487020000054,0.5194964932984293,11.273798935524361,1.0
Y2023_LAT23.96576_LON90.0865,2023,90.08649769131077,23.96576385119665,20,37.023702793864885,36.79687125500001,0.9691704898318633,34.58113979000004,39.91496000000001,0.5395608829976284,12.730401084240352,1.0
Y2023_LAT23.96595_LON90.09631,2023,90.0963141489496,23.965950020400243,20,35.687585231997446,35.82893071625002,1.3668185319707822,32.71319186000005,40.331958439999994,0.6198491273954873,12.411608995807004,1.0
Y2023_LAT23.96614_LON90.10613,2023,90.10613070638702,23.966135563209384,20,37.118023224173534,37.078883799090924,1.1031451016397762,34.282063040000025,39.97990238000003,0.6145691253010198,10.282495447037368,1.0
Y2023_LAT23.96632_LON90.11595,2023,90.11594736339083,23.96632047948856,20,36.73773233233055,36.64060200984618,0.7223049654800202,34.94857694000001,39.21768392000001,0.6125682831932228,12.904804257902345,1.0
Y2023_LAT23.9665_LON90.12576,2023,90.12576411937276,23.9665047693033,20,36.66456530702253,36.66800773268293,0.9778932699272107,34.68538940000002,38.95791440000005,0.6210433084437703,11.680696144452426,1.0
Y2023_LAT23.96669_LON90.13558,2023,90.13558097420697,23.966688432586764,20,36.91906827480014,37.04609254114756,0.762511242713034,34.5657587,38.8041035,0.6042849523423468,11.421194923270201,1.0
Y2023_LAT23.96687_LON90.1454,2023,90.14539792740979,23.96687146938734,20,36.54368957129374,36.51617731769233,0.9056883250067901,34.63753712000005,39.13565144000003,0.5896916443117113,11.156293676676082,1.0
Y2023_LAT23.96705_LON90.15521,2023,90.15521497878699,23.967053879535577,20,36.399437605295134,36.360504035000005,0.7851961580464576,34.51790642000003,38.64345656000003,0.6082615786174489,10.290196659748942,1.0
Y2023_LAT23.96724_LON90.16503,2023,90.16503212789496,23.967235663102,20,36.65153053794608,36.63233157000002,0.7243721851470514,34.770839900000055,38.65029260000006,0.6007451215958003,11.478904606609905,1.0
Y2023_LAT23.96742_LON90.17485,2023,90.17484937448165,23.96741682006917,20,35.25520122638077,35.14031952536587,1.0331112862449865,33.0447398,38.92715222000001,0.6611222316418959,10.262501235299911,1.0
Y2023_LAT23.9676_LON90.18467,2023,90.18466671814993,23.967597350440354,20,35.79036000567089,35.635428059000006,1.0584286466135395,33.43952110999999,40.325122400000055,0.6438647914040578,12.719805740262277,1.0
Y2023_LAT23.96778_LON90.19448,2023,90.19448415855958,23.967777254098067,20,35.544054093618236,35.61133101800002,0.8983631534153576,33.43952110999999,37.82654978000002,0.6190213555589458,13.7557070856804,1.0
Y2023_LAT23.96796_LON90.2043,2023,90.20430169541568,23.967956531058125,20,35.77521637669068,35.64353364928573,0.9975512582866978,33.61896716000001,38.81093954000005,0.6076932547495967,11.974595174565476,1.0
Y2023_LAT23.96814_LON90.21412,2023,90.21411932832416,23.968135181275997,20,36.04432908425454,35.98626644937502,1.2876012636759298,32.904600980000055,40.21916378000003,0.5931754037536948,11.829489785834301,1.0
Y2023_LAT23.96831_LON90.22394,2023,90.2239370570402,23.96831320478585,20,35.64571688766512,35.54698679150001,0.7077292147091134,33.58307795000002,38.08119227,0.6055625498692633,13.717299846116928,1.0
Y2023_LAT23.96849_LON90.23375,2023,90.23375488121232,23.96849060152162,20,34.362571982691,34.51377631250002,1.140872381660984,31.786908440000047,37.09851151999999,0.5678783360113289,13.49759998870579,1.0
Y2023_LAT23.96867_LON90.24357,2023,90.24357280032979,23.968667371477327,20,35.10376793439814,35.23781214965519,0.8552485191149035,32.63799542000004,37.248904400000015,0.4822639450100048,14.381008851806323,1.0
Y2023_LAT23.96884_LON90.25339,2023,90.25339081432813,23.968843514621888,20,35.61771989081542,35.54625350697677,0.7974580967983891,33.57795091999998,38.67592775,0.5394931548736372,12.657701918597244,1.0
Y2023_LAT23.96902_LON90.26321,2023,90.2632089227475,23.969019030884144,20,37.86545571506337,36.841045448260886,3.079248929996908,33.25665704000005,48.487354160000024,0.4454320146241165,13.614739034884417,0.6612898572675264
Y2023_LAT23.96919_LON90.27303,2023,90.27302712508032,23.969193920349003,20,39.06565346961746,39.55435889,1.7579754560164038,35.70395936,41.67353129,0.4624570284343308,13.194656983530026,0.08300352710271632
Y2023_LAT23.96937_LON90.28285,2023,90.28284542130831,23.969368182886846,20,36.87792826660504,36.21794411750001,2.061003060301803,34.59993890000004,42.86983829000002,0.5530510020633054,12.865722935929957,0.08741430058187967
Y2023_LAT23.97384_LON90.03721,2023,90.03721051980621,23.973843804404627,20,37.872525089280856,37.423565222000036,1.2546103581758703,36.11412175999999,40.325122400000055,0.559708258694975,11.627693527978694,0.1910340174831609
Y2023_LAT23.97403_LON90.04703,2023,90.04702715495428,23.97403318543268,20,36.5183601415432,36.33103456769232,1.5916440062056854,33.236148920000005,40.50285944000001,0.5435117743515044,10.57143960883435,0.9687943312969153
Y2023_LAT23.97422_LON90.05684,2023,90.05684389162556,23.974221939936697,20,36.76365513380771,36.61213384711541,1.447960853909298,34.07014579999998,41.08050481999999,0.5029550216203249,11.261702660826652,1.0
Y2023_LAT23.97441_LON90.06666,2023,90.06666072936207,23.97441006783677,20,35.99619628805696,35.79361665384617,1.026633078356332,33.9846953,38.619530420000046,0.6115112842604623,10.909301069765963,1.0
Y2023_LAT23.9746_LON90.07648,2023,90.07647766794187,23.97459756908933,20,37.1344260938384,37.08087764409093,0.9453150026493516,35.10922388000006,40.21232773999998,0.5345605360782545,12.733905806615558,1.0
Y2023_LAT23.97478_LON90.08629,2023,90.0862947070933,23.974784443647522,20,35.937763850469956,35.86094413571431,0.8468837825345763,33.430976060000035,38.41444922000005,0.5641628989385026,12.761499719411436,1.0
Y2023_LAT23.97497_LON90.09611,2023,90.0961118463249,23.974970691544694,20,35.93750897042926,36.01381030347828,0.8179240366414842,33.68732756000003,38.04530306000004,0.5951678320845278,12.494700582000688,1.0
Y2023_LAT23.97516_LON90.10593,2023,90.10592908534069,23.975156312692146,20,35.43660576883473,35.418028840769246,0.9892668867622045,31.94755538000004,38.63320250000004,0.621591210206729,12.531800149647761,1.0
Y2023_LAT23.97534_LON90.11575,2023,90.11574642392185,23.975341307190906,20,36.37865327709814,36.33940289786887,1.137932261366775,31.94755538000004,42.26313974000004,0.6063125896804669,11.890898695174934,1.0
Y2023_LAT23.97553_LON90.12556,2023,90.12556386161538,23.975525674822016,20,37.76808652481922,37.06193762776027,2.7210854188426943,35.41684568000005,51.58408028000002,0.6148113704814743,10.770048111820762,0.9675999618823083
Y2023_LAT23.97571_LON90.13538,2023,90.13538139813804,23.975709415773085,20,36.45475854948812,36.27844505872095,1.056362405254608,34.44270998000002,43.86277310000003,0.5692807282824006,12.100800474355186,1.0
Y2023_LAT23.97589_LON90.1452,2023,90.14519903300263,23.975892529839115,20,36.421294099894205,36.32732075750002,0.7621291722230245,35.03060942000002,39.098053220000025,0.5784994152220306,11.199599058351827,1.0
Y2023_LAT23.97608_LON90.15502,2023,90.1550167662372,23.976075017126078,20,36.27663097821841,36.23118894500002,0.9386151863144951,33.96076916000004,39.344150660000025,0.5888823395393321,10.774498558233597,1.0
Y2023_LAT23.97626_LON90.16483,2023,90.16483459705708,23.976256877577896,20,36.30561797357005,36.236221030000024,0.9655416107112923,34.14192422000002,39.839763559999994,0.565034444424383,11.251803537899011,1.0
Y2023_LAT23.97644_LON90.17465,2023,90.17465252544086,23.976438111140663,20,35.763822144130906,35.73298145709093,0.8390583048183842,33.48908240000003,38.10340940000003,0.6352702955635131,12.21450378176915,1.0
Y2023_LAT23.97662_LON90.18447,2023,90.18447055098922,23.97661871773375,20,35.6564726678281,35.674248878461555,1.0270779976009738,33.00030554,38.83486568000001,0.6480184204806658,14.020700024352966,1.0
Y2023_LAT23.9768_LON90.19429,2023,90.19428867323285,23.97679869744215,20,35.980301587856644,35.984616780000025,1.139157143715438,32.911437019999994,38.96304143000003,0.6146007692317361,14.160003105896982,1.0
Y2023_LAT23.97698_LON90.20411,2023,90.20410689194429,23.976978050127602,20,35.7947872763444,35.707340227608725,1.0648020514464374,32.79864236,39.79532930000005,0.5905694898466951,11.6136983690569,1.0
Y2023_LAT23.97716_LON90.21393,2023,90.21392520686369,23.977156775852194,20,35.480833574781485,35.582534199500024,0.968253592654999,32.47393045999999,37.888074140000015,0.5342951767933607,13.108698951410531,1.0
Y2023_LAT23.97733_LON90.22374,2023,90.22374361751692,23.977334874635005,20,35.86262319768637,35.82861027687502,0.7198935210108464,34.324788290000015,38.86733687,0.5863345378618741,14.078900371295866,1.0
Y2023_LAT23.97751_LON90.23356,2023,90.23356212365879,23.97751234636371,20,36.22763941652577,35.970257298200025,1.1911270363494961,33.76423301000003,42.030714380000006,0.5434172051120207,13.17559903011651,1.0
Y2023_LAT23.97769_LON90.24338,2023,90.2433807248103,23.97768919106518,20,35.76921244441537,35.76693954333335,0.6355027713855553,33.98127728000003,38.25380228000003,0.5703156944428008,13.446898172821378,1.0
Y2023_LAT23.97787_LON90.2532,2023,90.2531994208089,23.977865408622943,20,36.57682307673326,36.28207832108436,1.5490151997305548,34.12312511000002,43.83371993,0.5296107514194834,13.680482963064183,0.9408103359616041
Y2023_LAT23.97804_LON90.26302,2023,90.26301821134744,23.978040999082296,20,35.64448850344572,35.5142707817814,0.9330127826007107,34.19661254000002,39.810710390000054,0.552928752369014,12.141567389607308,0.1054970316315642
Y2023_LAT23.98286_LON90.037,2023,90.03700402643314,23.982863987226168,20,36.454928080865024,36.331735700000024,0.8699840471487015,34.7195696,38.76650528000005,0.5553946031004893,11.020409863378864,0.21498828704267586
Y2023_LAT23.98305_LON90.04682,2023,90.04682134329869,23.983053448325194,20,35.85276573734837,35.76773961320002,0.9441536116276206,33.9846953,39.38858492000003,0.539674016345511,11.0,0.9487932333915564
Y2023_LAT23.98324_LON90.05664,2023,90.05663876174621,23.98324228254006,20,36.83585029136008,36.79567494800002,1.0196668726061417,34.32307928000006,40.09269704000002,0.5161340806038571,11.143400168706098,1.0
Y2023_LAT23.98343_LON90.06646,2023,90.06645628123246,23.98343048982159,20,36.5026092653307,36.35885199200001,0.7850745934971634,34.51107037999998,38.674218740000015,0.5275075828869661,12.74330205094357,1.0
Y2023_LAT23.98362_LON90.07627,2023,90.07627390172335,23.98361807027664,20,37.15280681209436,36.7328936387097,1.293447790674175,35.04769952000004,41.09417689999998,0.5267175981697917,12.876808832041597,1.0
Y2023_LAT23.98381_LON90.08609,2023,90.08609162271958,23.9838050238103,20,36.50021290075316,36.38816382297299,1.3187631666498438,34.347005420000016,41.183045419999985,0.5025994434001296,11.457500538235948,1.0
Y2023_LAT23.98399_LON90.09591,2023,90.09590944385178,23.983991350348965,20,35.809524115060285,35.861935971875035,0.7334815126889792,34.234210759999996,38.24013020000001,0.5922638567124868,11.894099875411648,1.0
Y2023_LAT23.98418_LON90.10573,2023,90.10572736482118,23.984177050016708,20,35.57359410455098,35.54449104758622,0.7858252078878796,32.217578960000026,37.65223076000001,0.6008573083377345,10.445692685612645,1.0
Y2023_LAT23.98436_LON90.11555,2023,90.11554538531021,23.984362122614808,20,35.12830919794725,35.39982830382981,1.708305053381407,31.387000100000023,47.06374883000001,0.5994556056157421,11.88009925340683,0.9657999597646589
Y2023_LAT23.98455_LON90.12536,2023,90.12536350504517,23.984546568254345,20,36.86335114564488,36.31062590606744,3.026987688093135,34.75374979999998,60.74779190000004,0.5958363301468125,12.878101033060064,1.0
Y2023_LAT23.98473_LON90.13518,2023,90.13518172355465,23.984730386793192,20,36.49037482528555,36.236160610454576,1.075789071521202,34.72640564000005,40.928402930000004,0.623057787210088,12.131195911510197,1.0
Y2023_LAT23.98491_LON90.145,2023,90.14500004052871,23.98491357826769,20,36.11311821809445,36.11771760516577,0.44924973730535545,34.55892266000001,37.20788816000001,0.6141251993955682,13.329499211175547,1.0
Y2023_LAT23.9851_LON90.15482,2023,90.1548184558327,23.9850961426335,20,35.131830013303336,35.16910946328768,0.8368413004163092,33.03106772000001,37.38049817000001,0.614187895494139,12.459801717413816,1.0
Y2023_LAT23.98528_LON90.16464,2023,90.16463696878233,23.985278079884445,20,36.021302621617316,36.023018380769244,0.45488293170851235,34.483726219999994,37.38049817000001,0.5891752644646319,13.756010616520573,1.0
Y2023_LAT23.98546_LON90.17446,2023,90.17445557925724,23.98545938995834,20,35.4599261672472,35.38864701500002,0.8058704890697513,33.193423670000016,37.78211552000002,0.6427754333034897,13.13190133164864,1.0
Y2023_LAT23.98564_LON90.18427,2023,90.18427428700817,23.9856400729411,20,35.85376843948664,35.65738883750002,1.3537412835404,33.04986683000004,41.19329948000001,0.6138741951370406,12.606099536587724,1.0
Y2023_LAT23.98582_LON90.19409,2023,90.19409309144393,23.985820128648346,20,35.4688038678046,35.40652460000001,1.2434275018726888,32.24834113999998,40.75066588999999,0.6258159264579884,12.204600962828085,1.0
Y2023_LAT23.986_LON90.20391,2023,90.20391199242617,23.98599955722351,20,35.54436042235585,35.549504079180345,0.8367159513536074,32.183398760000046,37.53260006000005,0.6189152671479226,11.852301002707081,1.0
Y2023_LAT23.98618_LON90.21373,2023,90.21373098958487,23.986178358547683,20,35.54749067087101,35.47450715753397,1.2304117710645306,32.614069279999995,40.63274420000005,0.5405166156642757,12.256397948703466,1.0
Y2023_LAT23.98636_LON90.22355,2023,90.22355008253786,23.986356532477554,20,36.35594572197118,36.13867753526317,1.230592650009731,33.91291688000001,41.28216800000004,0.522189487202609,12.717998672934957,1.0
Y2023_LAT23.98653_LON90.23337,2023,90.23336927093084,23.986534079154005,20,37.05179044510294,36.78552964318183,1.320729391234133,34.41878384000006,42.601523720000046,0.529883413870703,13.808702127884876,1.0
Y2023_LAT23.98671_LON90.24319,2023,90.24318855456185,23.986710998531812,20,37.14174202432151,36.422831111818205,1.7904436899807743,34.497398299999986,42.23237756000003,0.5260068424015837,14.134301334472182,1.0
Y2023_LAT23.98689_LON90.25301,2023,90.25300793288221,23.986887290569346,20,38.0710503597759,38.032814140769254,1.924250496648933,34.302571160000014,43.30221782000001,0.4745617458686428,13.86082639905716,0.40564992213248474
Y2023_LAT23.99207_LON90.04662,2023,90.04661543010013,23.992073698764727,20,36.63173381035158,36.771663357500024,0.9563028345138858,34.545250580000015,39.38858492000003,0.5783276691630724,11.983809907370098,0.08963122328751294
Y2023_LAT23.99226_LON90.05643,2023,90.05643353060012,23.99226261272556,20,36.20182605893815,35.82734988200003,1.234320941328223,34.01203945999998,39.952558220000014,0.5415919018956162,10.039888882367908,0.9140734806570526
Y2023_LAT23.99245_LON90.06625,2023,90.0662517323497,23.99245089958671,20,35.94317996674466,35.79453689000002,0.870786587745387,34.03254758000003,38.86562786000002,0.5701666823598633,11.305196730337556,1.0
Y2023_LAT23.99264_LON90.07607,2023,90.07607003497604,23.992638559336502,20,36.95483644409996,36.577156656875026,1.1468812238213992,34.80502009999998,40.61565410000003,0.512862833881477,12.390001835302709,1.0
Y2023_LAT23.99283_LON90.08589,2023,90.08588843813719,23.992825591785948,20,36.69285935935658,36.734772555573784,0.7276291440863355,33.77277806000001,40.13713130000002,0.5814369553277627,11.724598703993857,1.0
Y2023_LAT23.99301_LON90.09571,2023,90.09570694155349,23.993011997118185,20,36.014381864587484,36.10832850576273,0.7565175112512446,33.50959052000002,38.08119227,0.610164353016514,12.264096536924841,1.0
Y2023_LAT23.9932_LON90.10553,2023,90.1055255447771,23.993197775140846,20,35.47259254969056,35.459842817954566,0.659656075520347,33.982986289999985,37.44031352000002,0.5965183013158012,11.689996188217345,1.0
Y2023_LAT23.99338_LON90.11534,2023,90.11534424756522,23.99338292596083,20,35.658555471911974,34.93976204631582,2.542836427543249,31.369910000000004,48.089154829999984,0.612447325427707,12.06260899706449,0.9774998941171489
Y2023_LAT23.99357_LON90.12516,2023,90.1251630496369,23.993567449479496,20,35.48022909049406,35.40773743352275,1.9979208302976434,31.004181860000017,44.315660750000006,0.6388757765366104,14.146334247149907,0.9423997289399011
Y2023_LAT23.99375_LON90.13498,2023,90.13498195048736,23.993751345642877,20,35.43257490438158,35.35843612854841,0.9014786493118602,32.121874400000024,39.65519047999999,0.6507545354518538,12.73961438651423,0.9873999407056031
Y2023_LAT23.99393_LON90.1448,2023,90.14480094986662,23.993934614536396,20,35.68234663729957,35.69676973172416,0.5496117453015353,34.08039986000006,37.14294577999999,0.6117584042569492,13.351294594327477,1.0
Y2023_LAT23.99412_LON90.15462,2023,90.15462004752416,23.994117256035924,20,35.13363411041879,35.14111040868423,0.813817517246312,32.990051480000034,37.361699060000035,0.6509550077717843,11.966502195304429,1.0
Y2023_LAT23.9943_LON90.16444,2023,90.16443924301608,23.99429927011732,20,35.98176651992098,35.92133088723406,0.8961956788531888,33.37799675000002,38.68447280000004,0.643306588672144,12.137199469173957,1.0
Y2023_LAT23.99448_LON90.17426,2023,90.17425853595219,23.99448065679874,20,35.28568611116627,35.20273114142859,0.9018256670585614,33.44806616000005,37.88294711,0.678357772918624,12.05529555433199,1.0
Y2023_LAT23.99466_LON90.18408,2023,90.18407792612972,23.994661416030453,20,35.75326134169765,35.67122232400002,1.1062378997693019,33.31647239000003,39.68253464000003,0.6386663574702394,12.481795208448025,1.0
Y2023_LAT23.99484_LON90.1939,2023,90.193897413242,23.994841547842743,20,35.304935545409826,35.32008942153849,0.7132483927102304,33.65314736000002,37.15319984000001,0.6370513603845827,12.235098753405886,1.0
Y2023_LAT23.99502_LON90.20372,2023,90.20371699672887,23.995021052140032,20,35.919934627150774,35.830457748333366,0.8811448035093762,33.733470830000016,39.145905500000026,0.6178373707742597,12.218503381192344,1.0
Y2023_LAT23.9952_LON90.21354,2023,90.21353667649774,23.995199928919764,20,35.36798469733918,35.357991648125015,1.006922095960466,31.991989640000043,38.19398693000005,0.5748558170864059,13.130098259285937,1.0
Y2023_LAT23.99538_LON90.22336,2023,90.22335645208524,23.995378178219756,20,34.869288302541335,35.04934523333335,0.7939286468547885,32.44316828000001,39.65689949000003,0.5554439609422562,12.796295511978848,1.0
Y2023_LAT23.99556_LON90.23318,2023,90.23317632312855,23.99555579991514,20,35.363884815331105,35.327531331304364,0.8396019518402512,33.46686527,40.16789348000003,0.5810368308635244,13.836499230584582,1.0
Y2023_LAT23.99573_LON90.243,2023,90.24299628940503,23.995732794001327,20,36.761662254286904,36.09408158321431,1.9981420180335006,34.039383620000024,42.328082119999976,0.5433548669492921,13.637803001425835,1.0
Y2023_LAT23.99591_LON90.25282,2023,90.25281635055009,23.995909160573362,20,40.634064413693814,41.21440203826089,2.777941637253706,34.82894624000005,46.45021424000004,0.4065724409007193,11.959377362188185,0.6483377258899448
Y2023_LAT24.00071_LON90.02677,2023,90.02677215455752,24.000714067507797,20,36.78827504672545,36.75537680577982,0.691736438903646,35.49033311000005,38.151261680000005,0.5856974905803094,11.586161689730517,0.07383361177035756
Y2023_LAT24.0009_LON90.03659,2023,90.03659073394734,24.000904315890693,20,36.3430867399231,35.98081898000004,0.618231007670507,35.60483678000003,37.63514066000005,0.6276486062341267,13.554273504273501,0.008302347364536913
Y2023_LAT24.00109_LON90.04641,2023,90.04640941533675,24.00109393706591,20,35.68518879953791,35.703071064953136,0.7312492852876632,33.24298496000006,38.117081480000024,0.6041856797765701,12.57352192065812,0.761420234168268
Y2023_LAT24.00128_LON90.05623,2023,90.05622819828714,24.001282930860743,20,35.76637994192538,35.67038558290324,0.7282915962926992,34.23250175000001,38.40761318,0.6075037802147027,12.116267268829207,0.8452572433464154
Y2023_LAT24.00147_LON90.06605,2023,90.06604708253283,24.001471297199046,20,35.405152889244185,35.2663152934483,0.8231608653359134,32.98663346000001,37.879529090000034,0.5798104489701384,12.986199983764688,1.0
Y2023_LAT24.00166_LON90.07587,2023,90.07586606760358,24.00165903601108,20,36.55469402693593,36.26405890400003,0.9481079862164984,35.068207640000026,40.1713115,0.5296876791394932,12.96309982635213,1.0
Y2023_LAT24.00185_LON90.08569,2023,90.08568515340238,24.00184614755451,20,35.95896710607873,35.91996922921054,0.6397336237733937,34.50765236000004,40.13713130000002,0.5969611278828652,13.006600007764714,1.0
Y2023_LAT24.00203_LON90.0955,2023,90.09550433935439,24.002032631581265,20,35.72356933789158,35.68259673500001,0.6150950641004663,34.22737472000006,37.71717314000003,0.6300744946829636,14.11940014047075,1.0
Y2023_LAT24.00222_LON90.10532,2023,90.1053236252335,24.002218488110845,20,35.30482854680619,34.96787514141594,1.9560910809366607,33.86164658000001,49.29400687999998,0.5958296741976862,13.852904013665954,1.0
Y2023_LAT24.0024_LON90.11514,2023,90.11514301061867,24.00240371702454,20,36.1624916836532,35.65211939000002,1.8551592971911337,34.06330976000004,49.03423736000002,0.6004245638602691,14.761803249180291,1.0
Y2023_LAT24.00259_LON90.12496,2023,90.12496249532208,24.00258831841588,20,36.46353850629616,36.15666390178574,1.7641397688503127,33.1472804,48.72661556,0.6308870335058275,14.797400938118749,1.0
Y2023_LAT24.00277_LON90.13478,2023,90.13478207889872,24.002772292308027,20,34.95023599439737,34.88963983125003,0.6534453269455209,32.49785659999998,36.606316640000045,0.6541189475880999,13.953697429164375,1.0
Y2023_LAT24.00296_LON90.1446,2023,90.14460176103334,24.002955638543433,20,35.684769201914186,35.69370530000002,0.5292606484192502,33.86164658000001,37.41809639000002,0.6205972704926628,14.630699565528896,1.0
Y2023_LAT24.00314_LON90.15442,2023,90.15442154138915,24.00313835715581,20,36.2282688657553,36.19368567000002,0.6860492343329123,34.82723723000004,38.540915960000035,0.6030388074337262,14.184902570473607,1.0
Y2023_LAT24.00332_LON90.16424,2023,90.16424141964353,24.00332044815204,20,36.03608304725699,35.99204067555281,0.47055608157223566,34.53841454000002,37.57874333000004,0.6076454160351527,13.589208793741813,0.9855181520026124
Y2023_LAT24.0035_LON90.17406,2023,90.17406139547691,24.00350191142814,20,35.710416435427526,35.79240062750003,0.3807385256636938,34.519615430000016,36.81994289000005,0.6022183382317322,13.923156244261435,0.2561965525851991
Y2023_LAT24.00368_LON90.18388,2023,90.18388146853671,24.003682747040553,20,35.63436370044886,35.61105408096434,0.8881007046596167,33.63263924,38.35634288000003,0.6041200650137462,13.6117204972591,0.681727872145321
Y2023_LAT24.00386_LON90.1937,2023,90.19370163840667,24.003862954888493,20,35.18049275831553,35.260642166000025,0.8308996423133327,32.942199200000005,36.91393844000004,0.6251031026324934,12.122950255799392,0.9800924759495108
Y2023_LAT24.00404_LON90.20352,2023,90.20352190487804,24.004042534973074,20,35.554008812251105,35.52075348800001,1.0912915778955001,32.764462159999994,39.66544454000001,0.6076511929080853,12.45071730098332,0.8634260840183896
Y2023_LAT24.00422_LON90.21334,2023,90.21334226757082,24.00422148730903,20,34.55556610998733,34.5788299495326,0.7031275259068114,32.20048886000001,36.23204345000005,0.60067850476797,13.90119307383684,0.8170019444554268
Y2023_LAT24.0044_LON90.22316,2023,90.22316272609173,24.004399811826477,20,34.520616502455596,34.42196687112503,0.6760602172732353,32.96612534000002,36.98058983000004,0.6090275998713497,13.263715674004274,0.9681914571342017
Y2023_LAT24.00458_LON90.23298,2023,90.23298328017596,24.00457750857473,20,35.15619130752556,35.07686662400002,1.001826358399996,33.348943580000025,39.97306634000003,0.6009488392236099,12.108340339480224,0.9694794632694316
Y2023_LAT24.00475_LON90.2428,2023,90.24280392946517,24.004754577451283,20,37.45231951556113,36.83703299000002,2.101195191322086,34.38802166000005,44.85741691999999,0.5426895119086202,11.674119855034942,0.9864342941045038
Y2023_LAT24.00493_LON90.25262,2023,90.2526246736737,24.004931018398594,20,36.9515453319666,36.84528269393714,1.8585792820588014,32.585016110000026,41.849559320000026,0.509655547628727,13.653338331068735,0.7679658601879709
Y2023_LAT24.00511_LON90.26245,2023,90.26244551224927,24.005106831446067,20,38.44226739532036,38.65029260000006,0.7602436455935089,35.79624590000003,39.11856134000004,0.5271065600785226,14.587827015483182,0.026641063935708694
Y2023_LAT24.00935_LON90.00693,2023,90.00692645556579,24.009351592831333,20,35.2689959075777,35.19997231100002,0.8278930324362548,33.41046793999999,37.92567236000002,0.5892005294283611,13.131596244922704,0.2132684897630557
Y2023_LAT24.00954_LON90.01675,2023,90.0167455127659,24.009543176768688,20,34.76431426061384,34.67604435046299,0.8889336533005056,32.67217562000002,38.51357180000002,0.5827434179792077,10.887912523537397,0.3311756511337866
Y2023_LAT24.00973_LON90.02656,2023,90.02656467272134,24.00973413308127,20,35.4669407737789,35.41344817398115,0.6980369019084737,33.83601143000004,37.71033710000006,0.5888772440863312,12.321208678363043,0.8262059404367805
Y2023_LAT24.00992_LON90.03638,2023,90.0363839348386,24.00992446192118,20,35.80666693392067,35.855377646000015,0.692370460837854,32.596979180000005,37.86072998000003,0.6136711801630076,13.645243664221018,0.9791111649309759
Y2023_LAT24.01011_LON90.0462,2023,90.04620329900287,24.010114163037514,20,34.8558508003474,34.876091910096164,0.9459078643502662,31.698039920000042,37.52918204000002,0.6593352629149318,11.62919825505063,1.0
Y2023_LAT24.0103_LON90.05602,2023,90.05602276473513,24.01030323653413,20,35.49122587173661,35.797080532790716,1.287741149580965,31.66044169999998,37.97694266000002,0.6338059710582357,13.6561007718833,1.0
Y2023_LAT24.01049_LON90.06584,2023,90.06584233176525,24.01049168243344,20,36.23975427695133,36.35954354488374,1.2499506104092009,32.86016672000005,38.773341319999986,0.6083439809123463,13.85159864893958,1.0
Y2023_LAT24.01068_LON90.07566,2023,90.07566199971286,24.010679500663898,20,35.88200285307302,35.82777989096776,0.9116772417774583,33.054993860000025,38.69130884000003,0.6011169297642783,13.671593748676491,1.0
Y2023_LAT24.01087_LON90.08548,2023,90.08548176839925,24.010866691120324,20,35.61071039089162,35.52156138363638,0.5879501498023199,34.049637680000046,37.63514066000002,0.6354241601579966,14.125198970822357,1.0
Y2023_LAT24.01105_LON90.0953,2023,90.09530163723639,24.011053253815835,20,35.93766388533098,35.860788771168856,0.7615955142378903,34.07014579999998,38.722071020000044,0.638442831923668,13.846000995295334,1.0
Y2023_LAT24.01124_LON90.10512,2023,90.10512160607054,24.01123918877232,20,35.48638001856761,35.48323812909091,0.6202922335396749,33.93342500000006,38.02821296000002,0.619729776036864,13.928204368020577,1.0
Y2023_LAT24.01142_LON90.11494,2023,90.11494167441529,24.011424495946347,20,36.310190752572225,36.204928858507486,1.1184434659384306,34.186358480000024,41.99311616,0.642247573468179,13.803100944824688,1.0
Y2023_LAT24.01161_LON90.12476,2023,90.12476184214272,24.01160917528913,20,36.38607408873262,36.29636917690726,0.7069758597434057,34.887052580000045,39.494543539999995,0.615865712116315,14.575301853296327,1.0
Y2023_LAT24.01179_LON90.13458,2023,90.13458210874504,24.011793226804958,20,35.66471354607669,35.61491993900002,0.5815225038840265,33.90778985000003,37.39758827000003,0.6438604655856905,13.345901627772417,1.0
Y2023_LAT24.01198_LON90.1444,2023,90.14440247393608,24.01197665041393,20,35.68808386086787,35.61714165200003,0.5486329350991959,34.23079274000003,37.744517299999984,0.6277844344533595,13.956401125177832,1.0
Y2023_LAT24.01216_LON90.15422,2023,90.15422293740608,24.012159446180302,20,35.65254259566019,35.53847912609377,0.6380579655521958,34.34016938000002,38.117081480000024,0.6168416115939247,14.87909985776457,1.0
Y2023_LAT24.01234_LON90.16404,2023,90.1640434987687,24.012341613997805,20,35.4750316793226,35.4962728160839,0.42479961469089034,34.45638206000001,36.44908772000002,0.6089721342775767,14.797792879855352,0.5808474962970491
Y2023_LAT24.0127_LON90.18368,2023,90.18368491398347,24.012704065831226,20,35.034832737150715,34.88677075594083,0.7737824542306649,34.022293520000005,38.17176979999999,0.6093331553178912,14.583327372010395,0.15024989699586225
Y2023_LAT24.01288_LON90.19351,2023,90.19350576707565,24.012884349796376,20,34.684383417102296,34.574804088317464,0.73317653641468,33.10284614,37.28137559000001,0.5836125673294027,13.050710639767681,0.2817550714399005
Y2023_LAT24.01306_LON90.20333,2023,90.20332671680983,24.01306400570573,20,34.11031650936421,34.0573901456522,0.2674597276124564,33.59845904000002,34.64095514000002,0.6141690854521388,13.49440817485098,0.06286401530291795
Y2023_LAT24.01324_LON90.21315,2023,90.21314776275689,24.01324303362963,20,34.22449210308373,33.99836737999999,0.48258839680753574,33.56598785,35.10922388000003,0.6622128417633572,12.146697765774613,0.02893433830372174
Y2023_LAT24.01342_LON90.22297,2023,90.22296890459543,24.01342143342227,20,35.42691192141486,35.456152910000014,0.411999563597269,34.26497294000001,36.09190462999999,0.6249657254660026,13.571963529794855,0.021992738314343684
Y2023_LAT24.01378_LON90.24261,2023,90.24261147465621,24.013776348732712,20,36.618834654472366,36.457063100000035,1.5375055342724544,33.39166883000004,42.24263162,0.5676170104534002,12.401558335042012,0.7879119695555424
Y2023_LAT24.01395_LON90.25243,2023,90.2524329021685,24.013952864169255,20,38.79509999534825,38.90520692423238,1.3326703010907615,34.60335692000001,43.19967722000001,0.5307009952451713,13.407617319360652,0.833972278505982
Y2023_LAT24.01413_LON90.26225,2023,90.26225442429529,24.01412875148566,20,39.113804779131065,39.033110840000006,0.6112467877531915,37.00622498000001,40.764337969999985,0.5122185491823523,13.9335330972487,0.1182870768173228
Y2023_LAT24.01837_LON90.00672,2023,90.00671750543356,24.018371484734054,20,36.00755664981875,36.03747900234983,0.5214732086280484,34.91439674000003,37.54969016000001,0.6168204584829754,13.19198173970033,0.15860425104842432
Y2023_LAT24.01856_LON90.01654,2023,90.01653724561554,24.018563149446305,20,34.73337951644097,34.825269668057956,1.0221290565861947,32.316701540000054,37.10534756000004,0.6495202401855118,11.132484548225326,0.5950533252406122
Y2023_LAT24.01875_LON90.02636,2023,90.02635708857962,24.018754186457038,20,34.785498746311745,34.862738028636386,0.9053088998405322,32.10991132999999,37.10534756000004,0.6314220268617637,12.236002764027651,0.8269060068639588
Y2023_LAT24.01894_LON90.03618,2023,90.03617703379972,24.018944595524587,20,34.84454326564049,34.900297407500005,0.7914009000380804,32.60039720000003,36.38756336000003,0.6710535937020996,12.417558014994599,0.9924705465497385
Y2023_LAT24.01913_LON90.046,2023,90.0459970810189,24.01913437675637,20,35.242412423202104,35.48379866000001,1.4633855204715065,31.287877520000052,38.33583476000001,0.6309433838869354,12.881301794361367,1.0
Y2023_LAT24.01932_LON90.05582,2023,90.05581722992184,24.019323530082506,20,35.55534863798276,35.73391200894739,1.094711754370163,32.21928797000004,38.44862942000003,0.626453760876881,15.017209492750531,1.0
Y2023_LAT24.01951_LON90.06564,2023,90.06563748003342,24.0195120554735,20,35.642837443589855,35.674539973571456,1.2864981222585863,32.554253930000016,38.14613464999999,0.6343940389389349,14.117893495969389,1.0
Y2023_LAT24.0197_LON90.07546,2023,90.07545783126656,24.019699952918344,20,35.898826008475865,35.58398685800001,1.352375893289496,33.30792733999999,40.3763927,0.6114282387018205,15.193599734586964,1.0
Y2023_LAT24.01989_LON90.08528,2023,90.08527828307327,24.019887222368435,20,35.65742367130883,35.51015762600003,0.8312901502074641,33.89924480000002,37.98036067999999,0.6319536599642527,14.599798116696983,1.0
Y2023_LAT24.02007_LON90.0951,2023,90.09509883521426,24.02007386384001,20,35.27976630414317,35.24128374363638,0.5486073363126531,33.74543390000002,37.183962020000024,0.6323903789955292,13.322224142205641,0.946604461955323
Y2023_LAT24.02026_LON90.10492,2023,90.1049194872924,24.02025987727862,20,35.37969293981555,35.24281149500001,0.5920292746547183,34.53841454000002,37.63855868000002,0.6289431546617792,14.244164626064284,0.3245606040168136
Y2023_LAT24.02045_LON90.11474,2023,90.11474023897387,24.02044526268811,20,36.17922612256022,36.180053566842126,0.5355148419486058,34.86312644000003,37.918836320000025,0.6202367840732292,13.669341632920093,0.998901277485727
Y2023_LAT24.02063_LON90.12456,2023,90.12456109000473,24.020630019989614,20,35.64257986039044,35.58543951650001,0.4441107120269602,34.40169374000004,37.22839628000003,0.6299319262096775,14.612902884248824,1.0
Y2023_LAT24.02081_LON90.13438,2023,90.134382039963,24.020814149124085,20,35.80693171827574,35.825531157777796,0.9253915135442445,33.25665704000005,39.36465878000001,0.6113493579706307,13.908100744003479,1.0
Y2023_LAT24.021_LON90.1442,2023,90.1442030886186,24.02099765017474,20,35.05682130768624,34.92206910404258,0.8061449013793305,33.25665704000005,38.87588191999998,0.6355558311487067,14.016588087796409,1.0
Y2023_LAT24.02118_LON90.15402,2023,90.15402423550923,24.021180523111386,20,35.01081489665558,35.02534418603553,0.5639868072507419,33.29083724000003,36.804561800000045,0.6284592082031619,14.772536763815213,0.7421358092169589
Y2023_LAT24.02136_LON90.16385,2023,90.16384548029855,24.021362767818765,20,34.81039955207608,34.71558191,0.4946770995436387,34.00520342000004,35.89878650000003,0.6439250118263936,14.73364943177541,0.09503680020599523
Y2023_LAT24.0228_LON90.24242,2023,90.2424189249264,24.022798108014854,20,37.93642395435866,37.850665810000024,2.2662380385058736,33.17291555000003,44.544668090000016,0.4831188576635297,13.187235588222745,0.840870299502324
Y2023_LAT24.02297_LON90.25224,2023,90.25224103617214,24.022974697941994,20,37.256072544431234,36.717402290000024,1.9737598850068752,34.72982366000002,43.144988900000016,0.5610499644142704,14.18698010849909,0.28892788423426957
Y2023_LAT24.02739_LON90.00651,2023,90.00650845226181,24.02739136426117,20,34.42485962949092,34.45638206000001,0.3784380281961457,33.84455648000005,35.12289596000005,0.6446139713670267,14.876363636363635,0.011686255900673907
Y2023_LAT24.02758_LON90.01633,2023,90.01632887578877,24.027583109939343,20,35.61425438987716,35.611270700000034,0.8122624473565374,32.96954335999999,37.88123810000002,0.6001762830091963,13.379453990320586,0.45085376211815065
Y2023_LAT24.02777_LON90.02615,2023,90.02614940218974,24.027774227450884,20,36.65394954283611,36.36534623,0.9439836760719273,35.300633000000005,38.92202519000003,0.5524549498146127,13.914550722304936,0.18048711402913098
Y2023_LAT24.02796_LON90.03597,2023,90.03597003069595,24.027964716901543,20,35.6842022907087,35.699527246595785,0.540371180789062,34.38802166000005,36.722529320000035,0.6633794952759264,13.0,0.13863313176000802
Y2023_LAT24.02815_LON90.04579,2023,90.04579076145403,24.028154578179574,20,36.802268251471894,36.825585656745574,0.7488322233364576,34.333333340000024,38.50331774000006,0.6256191393856961,13.669709587308288,0.6834161803904619
Y2023_LAT24.02834_LON90.05561,2023,90.05561159372064,24.02834381130787,20,35.72462021001658,35.797653320000016,0.8666586344948114,32.71490087000001,37.806041660000005,0.6424891614924928,14.359785956786638,0.7961229348273577
Y2023_LAT24.02853_LON90.06543,2023,90.06543252742239,24.028532416215814,20,34.69290812373951,34.5160488004348,0.9760073917216174,32.71319186000002,37.54627214000001,0.6295123042983194,15.029568864588713,0.9086607517041039
Y2023_LAT24.02872_LON90.07525,2023,90.07525356212062,24.02872039298285,20,35.14872016179005,35.11291174368423,0.8808891241186991,33.084047029999994,37.37878916,0.621654494658071,14.261781632547518,0.9636904719526692
Y2023_LAT24.02891_LON90.08507,2023,90.08507469747711,24.02890774142831,20,36.14606452219005,36.11764659312503,0.7796513770832875,34.09407194000005,38.34267080000001,0.6456603418808942,13.431361351810537,1.0
Y2023_LAT24.02909_LON90.0949,2023,90.0948959331981,24.029094461614562,20,35.763908014157444,35.66532799680428,0.7051166856787049,34.49398028000002,37.58045234000002,0.6440975202944522,13.155221346686444,0.42173645765531187
Y2023_LAT24.02928_LON90.10472,2023,90.10471726886135,24.029280553518188,20,35.36469258013247,35.31772310000002,0.10494420786932077,35.28354290000004,35.55356648000003,0.5755458864944658,15.0,0.0005339405876175292
Y2023_LAT24.02947_LON90.11454,2023,90.11453870427195,24.029466017085266,20,35.6498537065183,35.66123411000001,0.39580408023219293,34.76742188000003,36.635369810000014,0.5900217692877355,14.802331393192851,0.22417195564486975
Y2023_LAT24.02965_LON90.12436,2023,90.12436023893018,24.02965085236639,20,35.717587122360214,35.741841612647896,0.5299912215092099,34.24959185000003,37.180544000000054,0.6219216756202276,14.201105795399195,0.631538002279594
Y2023_LAT24.02984_LON90.13418,2023,90.13418187256471,24.0298350592277,20,35.57012868030524,35.58797040766639,0.6179822597690059,33.98982233000001,37.17370796,0.634229442233781,14.562647449130045,0.776238983632826
Y2023_LAT24.03002_LON90.144,2023,90.14400360500903,24.030018637753553,20,34.87325257258414,34.774257920000025,0.7538477027215759,33.024231680000014,36.61657070000001,0.6501055939683886,13.120399475013505,0.6575625605117252
Y2023_LAT24.0302_LON90.15383,2023,90.15382543554587,24.030201587748444,20,34.50424959901787,34.55892266000001,0.24383754123085527,34.12825214000003,34.88534357000003,0.6647224395858998,14.628826530612244,0.0027768726180525055
Y2023_LAT24.03164_LON90.2324,2023,90.23240357986296,24.031642561978984,20,39.868892127500025,38.475973580000016,1.6624145820073502,37.95985256000006,42.401569550000005,0.2593594067182173,12.474264705882351,0.0038564329413099106
Y2023_LAT24.03182_LON90.24223,2023,90.24222628036154,24.03181985510634,20,38.93094925288248,38.69354271979308,1.228342408893512,36.56530040000004,43.182587119999994,0.4755103212185691,12.350556511475187,0.43800220634013315
Y2023_LAT24.032_LON90.25205,2023,90.25204907562119,24.03199651969358,20,42.50166369047948,42.51265520000004,0.5229690489958598,41.24286076999999,43.144988900000016,0.4126306122370704,15.358032378580324,0.005688338551775926
Y2023_LAT24.03641_LON90.0063,2023,90.00629929605367,24.036411231532128,20,35.667342132950694,35.49204212000001,0.8840852825856713,34.186358480000024,38.09657336000001,0.5938734108655724,14.540108975329211,0.0944680364317478
Y2023_LAT24.0366_LON90.01612,2023,90.01612040333335,24.036603057988735,20,36.4852536190192,36.356886630500014,1.0694468148663252,33.71125370000004,40.07218892000003,0.5862364522432473,13.950828005029557,0.8138962679092486
Y2023_LAT24.03679_LON90.02594,2023,90.0259416133831,24.03679425616398,20,36.881515983623,36.71227526000001,0.7781077016263394,35.58091064000001,38.699853890000014,0.5471589647735066,14.23653238280987,0.05303689647300549
Y2023_LAT24.03755_LON90.06523,2023,90.06522747375895,24.037552764788703,20,35.65494310214742,35.480648720000026,0.8107451031743015,34.11458006000001,37.573616300000026,0.6166042455207298,16.0,0.08570845301453361
Y2023_LAT24.03774_LON90.07505,2023,90.07504919229622,24.037740820748656,20,36.2429419052789,36.20103712571432,0.9842648837400062,34.24446482000002,39.81583741999998,0.6159226225798943,15.285731892374884,0.46927267272260786
Y2023_LAT24.03793_LON90.08487,2023,90.08487101152558,24.037928248245947,20,35.93894356166123,35.889875233571445,0.7634864946857606,34.203448579999986,39.11856134000004,0.6391226427775641,14.648451565419245,0.32015240001015083
Y2023_LAT24.04562_LON90.01591,2023,90.01591182811815,24.045622993824633,20,35.55400163059319,35.53305836000004,0.6297435326100228,34.56575870000006,37.254031430000026,0.654017217190219,12.462907892621764,0.08982712501940268
