grid_id,year,longitude,latitude,scene_count,lst_c,lst_c_median,lst_c_stddev,lst_c_min,lst_c_max,ndvi,mean_pixel_obs_count,valid_lst_ratio
Y2020_LAT23.52482_LON90.15502,2020,90.15502415698468,23.524824690620612,8,24.217376456845734,24.20232206000003,0.10536616248485021,24.062183240000024,24.45696455000001,-0.0825287520161538,2.0,0.08547861608766023
Y2020_LAT23.525_LON90.16481,2020,90.16480821194499,23.52500333582075,8,28.46421297544543,29.46607286000004,2.742049232429201,22.048969460000023,34.8221102,0.3001491241076239,1.8097613137888509,0.46330932129838603
Y2020_LAT23.52518_LON90.17459,2020,90.17459236327528,23.5251813673849,8,32.58474045485712,31.736445926031763,1.983691174038632,30.67263392000001,38.40419516000003,0.6202562360697271,1.8296667367290236,0.3098907540827002
Y2020_LAT23.53385_LON90.15483,2020,90.15483003468516,23.533846342091746,8,24.093838533686718,24.110319209484196,0.3558652304944698,21.177374360000044,26.33174852000002,-0.0770253848549376,1.988427829934481,0.6337949680379062
Y2020_LAT23.53403_LON90.16461,2020,90.16461475513425,23.53402506394596,8,29.123410237958762,30.78598313707083,3.3829480875361018,20.968875140000023,34.64266415,0.4308942926068259,1.8238134923178775,0.9909999576468596
Y2020_LAT23.5342_LON90.1744,2020,90.17439957193227,23.534203171844304,8,31.49682178361928,30.824209960769263,1.8969960227403555,29.30884394000003,37.27624856,0.6332251962754087,1.8867655972002266,0.9161597489413807
Y2020_LAT23.53438_LON90.18418,2020,90.18418448473497,23.53438066576062,8,30.570639722334935,30.576929360000037,0.38741884082695965,29.930923580000012,31.462196540000036,0.642424790056379,2.0,0.015633036895669743
Y2020_LAT23.54269_LON90.14485,2020,90.14485052638558,23.542688569006817,8,21.592033296289515,21.300666598595615,1.021728802620648,20.685179479999988,25.015810820000013,-0.03073171944612937,1.0917174060114043,0.14889376551426417
Y2020_LAT23.54287_LON90.15464,2020,90.15463581577698,23.542867981597322,8,26.584550583811733,26.588260239687514,3.5249755138015866,20.685179479999988,39.5389778,0.015034907437274992,1.5275016705646498,0.8496866549798081
Y2020_LAT23.54305_LON90.16442,2020,90.16442120199689,23.543046780077745,8,30.29908674846117,30.093442292857162,1.340564580406045,25.427682230000016,35.68686925999998,0.5503057381041192,1.9423999322352148,1.0
Y2020_LAT23.54322_LON90.17421,2020,90.17420668451803,23.54322496427895,8,30.36841975922343,29.90798908777779,1.6549281592376386,26.83248845,36.77038160000001,0.5737611370651421,1.9690998545875513,1.0
Y2020_LAT23.5434_LON90.18399,2020,90.18399226315104,23.543402534303326,8,32.29472340192396,30.102434940714293,3.1331230730553603,28.86791936000003,37.344608960000016,0.6446485115041917,1.5856720195645855,0.20954459447836943
Y2020_LAT23.55153_LON90.13487,2020,90.13486968623559,23.551530015836853,8,28.312365067222107,28.329581210000015,2.1814607043168537,25.125187460000006,33.02935871,0.5569749922255598,1.8126302437256496,0.0787980038124613
Y2020_LAT23.55171_LON90.14466,2020,90.14465554458269,23.551710119708087,8,25.20201585008501,24.96881304500002,3.161115875532134,20.53136858000005,33.577950920000006,0.3574882331468615,1.1411451846366167,0.21209438474993825
Y2020_LAT23.55189_LON90.15444,2020,90.15444150021044,23.551889609170125,8,28.30782616526313,27.750060666250015,2.7812230492334087,24.843200810000013,40.29094220000002,0.5133055843205265,1.7956656346749174,0.5814006840008068
Y2020_LAT23.55207_LON90.16423,2020,90.16422755244805,23.552068484213372,8,28.68321446691962,28.79153058744188,1.1097415346990804,24.98504864000006,30.770047490000024,0.5864962200670935,2.0,1.0
Y2020_LAT23.55225_LON90.17401,2020,90.1740137011059,23.552246744855402,8,30.1214335108526,29.414692045919974,2.4058038750967414,23.088047540000048,36.87634022000003,0.571476888630339,1.8140434008746185,0.9116997001730217
Y2020_LAT23.55242_LON90.1838,2020,90.18379994580019,23.552424390933815,8,29.079610417687494,29.072146055000033,0.5906932224417722,27.322974320000014,30.347922020000027,0.6620455120645242,2.0,0.0704200727179309
Y2020_LAT23.55946_LON90.07596,2020,90.07595685000386,23.55945748442499,8,28.726990002055015,28.789304900000047,0.30531582699011134,27.876693560000035,29.13110690000002,0.5138445476479451,1.0,0.10180857113224358
Y2020_LAT23.55964_LON90.08574,2020,90.08574278524303,23.559641352957325,8,29.054387352636862,29.09692670000004,0.13095923153694597,28.69360033999999,29.219975420000026,0.5267361703202156,1.0,0.04120508928951354
Y2020_LAT23.56055_LON90.13467,2020,90.1346739410854,23.560551477377906,8,28.8151225083481,28.726498782500016,1.4717779576539194,24.63128357000005,32.800351370000016,0.24344645881350907,1.6113029098610343,0.12228470066518815
Y2020_LAT23.56073_LON90.14446,2020,90.14446046595044,23.560731658431777,8,26.01141321222984,25.530564632000022,2.971999822708164,20.97912919999999,33.87873668000003,0.22203179090242764,1.4304374662877934,0.6347006338853344
Y2020_LAT23.56091_LON90.15425,2020,90.15424708780246,23.56091122487003,8,26.429485962960385,26.296901389268314,0.9952869092905403,24.351005930000014,29.53785128000004,0.5945332812640878,1.2986290270996335,0.9932023209520987
Y2020_LAT23.56109_LON90.16403,2020,90.16403380648616,23.56109017648935,8,26.468389874788247,26.515133982881373,0.9826956148353585,24.08610938000004,29.29858988000001,0.588858681076949,1.5150000705885645,1.0
Y2020_LAT23.56127_LON90.17382,2020,90.1738206215853,23.561268513405874,8,27.38620576584673,28.143920578181834,1.8089461444488277,23.54264420000004,30.24196340000003,0.5988142749890318,1.6371994691739706,1.0
Y2020_LAT23.56145_LON90.18361,2020,90.18360753279721,23.561446235584405,8,29.815106922037785,29.09183527437502,1.9288806238795975,27.517801460000015,36.84557804000002,0.6142252767272522,1.7811058206008261,0.7319472075656632
Y2020_LAT23.56162_LON90.19339,2020,90.193394539743,23.561623342994867,8,29.745148062568095,29.592773443015048,1.0966193070087678,27.936508910000015,36.58922654000003,0.6134768674841432,1.9784960786967045,0.6137061977577558
Y2020_LAT23.5618_LON90.20318,2020,90.20318164221113,23.561799835632396,8,30.411705488456164,30.211703870000026,1.255439503830939,28.48339211000001,35.88169640000001,0.5922007440510448,1.8826440677966125,0.21161440269144766
Y2020_LAT23.56811_LON90.05618,2020,90.0561841032653,23.56810872663883,8,26.289988916030286,25.28872454046335,2.4121533498522085,23.949388580000004,32.50469264000003,0.042807133038357016,1.0,0.07210173360918887
Y2020_LAT23.56829_LON90.06597,2020,90.0659705057738,23.56829390346477,8,29.06002429569747,29.172550392500035,1.1616659134183265,26.236043960000018,32.40215204000003,0.25711100106378604,1.0,0.3818642099168974
Y2020_LAT23.56848_LON90.07576,2020,90.07575700812465,23.56847846549364,8,27.96497702125607,28.406931002600025,2.1538356825913327,23.802413720000004,32.942199200000005,0.2790404497861961,1.0,0.8761685812863543
Y2020_LAT23.56866_LON90.08554,2020,90.08554360972573,23.56866241285735,8,29.488395319110992,28.97089816769233,2.484624240102888,24.33220682000001,36.06285146000005,0.28262351438218314,1.0,0.715314175446285
Y2020_LAT23.56885_LON90.09533,2020,90.09533031066343,23.568845745324147,8,28.211423229705815,27.97067308087541,1.6584562668266738,23.327308940000023,33.01397761999999,0.29864663463407704,1.0,0.6146223551933568
Y2020_LAT23.56903_LON90.10512,2020,90.10511711033375,23.569028462994325,8,25.09100363281219,25.60940696000004,1.9113448148213315,22.455713840000044,29.370368299999996,0.27461045716231436,1.0,0.47505470303047614
Y2020_LAT23.56921_LON90.1149,2020,90.11490400835534,23.56921056583318,8,27.391522874454438,27.162327380000015,2.044557398849933,21.97377302000001,32.78155226000001,0.5645552935526891,1.3972919902699243,0.8558401026232713
Y2020_LAT23.56939_LON90.12469,2020,90.12469100463397,23.56939205383484,8,24.60847301259493,23.218957706000015,2.72801430138129,21.871232420000013,30.289815680000004,0.2176950085004744,1.194671759553986,0.9306195872290923
Y2020_LAT23.56957_LON90.13448,2020,90.1344780985673,23.56957292699432,8,22.255103608155157,22.13264258960003,0.4307573895546457,21.59437280000003,24.547542080000028,-0.06985681578486419,1.0,0.7153886435688406
Y2020_LAT23.56975_LON90.14427,2020,90.1442652900807,23.56975318514655,8,26.16834624248499,26.4090483569231,2.443956333284389,22.15151006000002,31.53739298000005,0.33905519392806704,1.1824314370595892,0.5750003529428376
Y2020_LAT23.56993_LON90.15405,2020,90.15405257867346,23.569932828379407,8,27.191100758596054,27.14096475500002,0.8223953721183216,25.535349859999997,30.077898440000013,0.6038934893596529,1.1230989683517272,1.0
Y2020_LAT23.57011_LON90.16384,2020,90.16383996414751,23.570111856688687,8,26.28709283236154,26.240266220000013,0.6183638945545051,24.80389358000002,28.17747932000003,0.6285460360105325,1.0,1.0
Y2020_LAT23.57029_LON90.17363,2020,90.1736274458886,23.570290270004396,8,26.39145049575371,26.174816819130456,0.8900634764491139,25.056827060000046,29.836928030000024,0.6337010709567628,1.1300982592859259,1.0
Y2020_LAT23.57047_LON90.18342,2020,90.18341502396615,23.570468068336094,8,29.14715541005435,29.403978830000018,2.4314279870637425,23.716963220000025,35.82017203999999,0.5776905757674533,1.187914520299608,0.8721998496468821
Y2020_LAT23.57065_LON90.1932,2020,90.19320269775938,23.57064525159108,8,27.843152485846097,27.722099363750015,2.065406239910582,23.340981020000015,36.58922654000003,0.5706166277037431,1.5532108442794612,0.9621999555293597
Y2020_LAT23.57082_LON90.20299,2020,90.2029904670772,23.570821819783017,8,28.275950132098895,28.338809864000023,3.037875122743435,23.812667780000027,35.88169640000001,0.5244982657396998,1.3567356760569234,0.8678853957748964
Y2020_LAT23.57694_LON90.0462,2020,90.04619585909796,23.576943666385603,8,22.977004415633868,22.97525288000003,0.10994628768108607,22.653958999999986,23.26920260000003,-0.09513956709605516,1.0,0.10334849850494317
Y2020_LAT23.57713_LON90.05598,2020,90.05598282827117,23.577129537391478,8,27.22498585381862,27.713767940000025,2.7187518292645243,23.05386734000001,32.55254492000006,0.12007381978812119,1.0,0.8780865245438818
Y2020_LAT23.57731_LON90.06577,2020,90.065769897539,23.577314793497933,8,27.120171800000012,27.05295074000003,1.7044856958334869,24.079273339999986,29.97193981999999,0.13196544647216796,1.0,0.022500026470619425
Y2020_LAT23.5775_LON90.07556,2020,90.07555706663567,23.577499434562377,8,30.66792495018953,30.21196078000002,2.6612975992252883,23.877610160000017,36.14146592000003,0.13184596302794466,1.0,0.8613998369409851
Y2020_LAT23.57768_LON90.08534,2020,90.08534433523448,23.5776834605988,8,28.09436301694852,28.59060400400002,2.05445025620783,23.82975787999999,33.30109130000005,0.23327500437558188,1.0,1.0
Y2020_LAT23.57787_LON90.09513,2020,90.0951317028898,23.57786687159305,8,27.057042724710655,28.03591632500002,3.252730799846105,22.192526300000054,32.52178274000005,0.17184800676141052,1.0,0.9981999978823505
Y2020_LAT23.57805_LON90.10492,2020,90.10491916941976,23.578049667496614,8,22.722949191122886,22.482338416842136,0.9448984207579968,22.042133420000027,26.8581236,-0.049524040246684414,1.0,0.8676998443527616
Y2020_LAT23.57823_LON90.11471,2020,90.11470673447899,23.57823184828701,8,22.239589790130026,22.17506105146343,0.4662329264630677,21.717421520000016,26.762419040000054,-0.074428206279295,1.0,0.463297474341057
Y2020_LAT23.57841_LON90.12449,2020,90.12449439763861,23.578413414009635,8,22.253782018109984,22.18393506054056,0.37419052497459454,21.73109360000001,23.672528960000022,-0.0705122930482804,1.0,0.7686997278820357
Y2020_LAT23.57859_LON90.13428,2020,90.13428215864754,23.57859436451453,8,23.45527497774869,22.515995283636386,1.9935801437103993,22.144674020000025,28.895263520000015,0.04545487955376334,1.0,0.8265997959997633
Y2020_LAT23.57877_LON90.14407,2020,90.14407001710569,23.578774699885162,8,27.818593425170445,27.656708203023282,1.1488281127885573,22.530910280000057,30.812772740000014,0.5424744114044889,1.0,0.7620988804653227
Y2020_LAT23.57895_LON90.15386,2020,90.15385797276721,23.57895442004642,8,27.554662122692008,27.540096272272763,0.5848362055701402,26.024126720000027,29.71558832000005,0.6056960036887631,1.0,1.0
Y2020_LAT23.57913_LON90.16365,2020,90.16364602520018,23.579133524951896,8,26.68367647648094,26.696906990000013,0.6846116693150509,24.995302700000025,28.676510240000027,0.6290147352828418,1.0,1.0
Y2020_LAT23.57931_LON90.17343,2020,90.17343417417264,23.57931201463274,8,26.35541151173741,26.35839983810812,0.5840520569668459,24.376641080000013,28.676510240000027,0.6288291549432353,1.3424206948506945,0.997899990117601
Y2020_LAT23.57949_LON90.18322,2020,90.18322241933929,23.579489889063357,8,26.8894288597838,26.850188910714316,0.7143455342498296,25.29608846000002,29.223393439999995,0.6114063414321945,1.2190002576473613,1.0
Y2020_LAT23.57967_LON90.19301,2020,90.19301076029917,23.579667148169737,8,26.44350253952746,26.45308823000002,0.6841244157543608,24.703061990000037,28.874755400000026,0.5791467481739714,1.3981233243967806,0.8952010531777123
Y2020_LAT23.57984_LON90.2028,2020,90.20279919675204,23.579843791963405,8,25.995350605786697,25.4718057609091,1.8993398940865458,23.002597040000012,31.40750822000001,0.4968426835871867,1.0554615772887863,0.5192864884776982
Y2020_LAT23.58002_LON90.21259,2020,90.21258772841915,23.580019820434256,8,25.105031233050735,25.34735876000002,0.8970843280144059,23.371743200000026,26.049761870000026,0.4749460209733514,1.729750189250568,0.004676089642160567
Y2020_LAT23.58596_LON90.04599,2020,90.04599381691534,23.58596438550922,8,22.279821072319358,22.305320960000017,0.16207292629141845,22.00453520000002,22.599270680000018,-0.10930898177956022,1.0,0.005143016929834805
Y2020_LAT23.58615_LON90.05578,2020,90.05578145311696,23.586150336100093,8,30.63385026507696,30.70981136995175,2.2401098803998774,22.394189480000023,34.43929195999999,0.3094241925797159,1.0,0.5163760871847032
Y2020_LAT23.58634_LON90.06557,2020,90.06556918952256,23.586335671448463,8,28.128232267322595,28.797280279999995,3.895051537693598,22.95474476000004,35.461279940000054,0.10696279521573389,1.0,0.18600087529823664
Y2020_LAT23.58652_LON90.07536,2020,90.07535702573853,23.58652039155245,8,32.370065398189546,33.525541280000006,4.279483138427447,23.42984954000002,38.19227792000004,0.10570253733357249,1.0,0.9794022560106165
Y2020_LAT23.5867_LON90.08514,2020,90.08514496146475,23.586704496283456,8,27.799739895327274,28.721172368000015,2.58859000468976,22.510402160000012,32.37480788000005,0.18198780223254635,1.0,0.5741003487075229
Y2020_LAT23.58689_LON90.09493,2020,90.0949329963622,23.586887985781267,8,22.819105218435357,22.466982996426932,1.6398248322825728,22.161764120000043,32.52520076000002,-0.10776927245396437,1.0,0.8612016997727047
Y2020_LAT23.58707_LON90.10472,2020,90.10472113013071,23.58707085993436,8,22.569028619577082,22.596829237142856,0.31605373953558996,21.919084699999985,23.631512720000046,-0.1088206957238685,1.0,0.5471002216481013
Y2020_LAT23.58725_LON90.11451,2020,90.11450936239324,23.587253118705235,8,23.104500021660083,22.513666561123618,1.2631039642939939,21.997699160000025,27.29904818,0.008136457137701059,1.0,0.39659833693335045
Y2020_LAT23.58743_LON90.1243,2020,90.12429769287054,23.587434762095437,8,25.42301996213851,26.33012089142859,1.907101324054553,22.059223520000046,28.526117360000057,0.36213255861210636,1.0,0.9957999802352012
Y2020_LAT23.58762_LON90.13409,2020,90.13408612110976,23.58761579005396,8,26.592379891766992,26.51554033828573,0.6670608338101414,22.85562218000001,28.457756959999983,0.6061675874197258,1.0,1.0
Y2020_LAT23.5878_LON90.14387,2020,90.14387464704231,23.58779620262227,8,26.830482384515694,26.795551782258084,0.7491820870660636,24.212576119999994,28.926025700000025,0.5835817039631185,1.0,1.0
Y2020_LAT23.58798_LON90.15366,2020,90.15366326991588,23.58797599966816,8,27.239078909803283,27.177159145357166,0.4725787221352113,25.880569880000053,28.679928259999997,0.634413552944824,1.0,1.0
Y2020_LAT23.58816_LON90.16345,2020,90.16345198990635,23.58815518125924,8,26.72207056648206,26.605811578181832,0.6606645610463858,24.950868440000022,29.148196999999982,0.6278477988797181,1.0,0.9135995934098513
Y2020_LAT23.58833_LON90.17324,2020,90.17324080625525,23.588333747325716,8,26.522861680442563,26.486551748387114,0.6409394600816578,23.17008002,28.714108460000034,0.590622784811033,1.0,0.915699603292251
Y2020_LAT23.58851_LON90.18303,2020,90.183029718879,23.58851169786459,8,26.361696487613614,26.420818100000023,0.6556570252622951,24.434747420000008,28.813231040000005,0.5223849875529778,1.0,1.0
Y2020_LAT23.58869_LON90.19282,2020,90.19281872730237,23.588689032843238,8,25.78543575057408,25.796902694782617,0.835607122511182,23.149571900000012,27.907455740000046,0.5908497660351636,1.0,0.32779918964324556
Y2020_LAT23.58887_LON90.20261,2020,90.20260783126669,23.588865752282388,8,28.00056631144692,28.136463080000027,1.6290151159787682,24.311698700000022,30.928985420000004,0.5426618408802748,1.1400183239168762,0.5084988635240634
Y2020_LAT23.58904_LON90.2124,2020,90.21239703050647,23.589041856029944,8,26.68182209446304,26.45495260454547,1.1350557085851365,23.190588140000045,30.098406560000058,0.5742039361442489,1.2083919410888653,0.3522228860361078
Y2020_LAT23.5948_LON90.036,2020,90.03600347111704,23.59479844691392,8,21.406381699999997,21.406381699999997,0.0,21.406381699999997,21.406381699999997,-0.04604728892445564,1.0,6.711480517278528e-05
Y2020_LAT23.59499_LON90.04579,2020,90.04579167419091,23.59498509252726,8,21.82899672552981,21.85414232000005,0.36926394637468957,21.016727420000052,22.982088920000024,-0.10765537118963675,1.0,0.4286123467966079
Y2020_LAT23.59517_LON90.05558,2020,90.05557997778936,23.59517112263364,8,28.508974110767504,29.95518318536587,3.8758770595473067,21.724257560000012,34.770839900000055,0.1541364502380415,1.0,0.996202335069812
Y2020_LAT23.59536_LON90.06537,2020,90.06536838164709,23.595356537252762,8,25.066517146700022,23.03254540571431,3.7280412241508474,21.604626860000053,33.50617250000005,-0.04587706910824635,1.0,0.9600011294130936
Y2020_LAT23.59554_LON90.07516,2020,90.07515688533432,23.59554133638684,8,23.533852859390915,22.9677373540964,1.903645043084871,21.690077360000032,32.726863940000044,-0.11214390843668971,1.0,0.9555011241189694
Y2020_LAT23.59573_LON90.08495,2020,90.08494548853858,23.595725519964397,8,22.6322753182081,22.616360780000008,0.2971141390626944,21.690077360000032,24.21599414000002,-0.10400177447954363,1.0,0.20760097694577376
Y2020_LAT23.59591_LON90.09473,2020,90.09473419102342,23.595909087928014,8,23.475197873858235,23.014804254285743,1.278231967759628,22.33266512,28.72094450000003,-0.03097355991622826,1.0,0.998401174589617
Y2020_LAT23.59609_LON90.10452,2020,90.10452299225352,23.596092040304715,8,25.55195167142861,25.732455680000033,1.4198269641374077,22.79067980000002,28.39623260000002,0.4711009437049863,1.0,0.6867008078833036
Y2020_LAT23.59627_LON90.11431,2020,90.11431189212549,23.596274377093007,8,26.96953559120386,27.264068017872358,1.1742751515618735,23.7135452,29.189213240000015,0.5691431605879295,1.0,0.7784013101238121
Y2020_LAT23.59646_LON90.1241,2020,90.12410089023778,23.596456098183445,8,26.07024147219398,26.201436507500013,0.9057800121171158,23.686201040000014,28.163807239999983,0.5623844551839153,1.0,0.6651996061171835
Y2020_LAT23.59664_LON90.13389,2020,90.13388998618139,23.596637203605646,8,27.212976367678262,27.138513306229523,0.7004615924665576,25.39862906000002,29.958267739999997,0.6157581224557247,1.0,1.0
Y2020_LAT23.59682_LON90.14368,2020,90.1436791796325,23.596817693356176,8,25.565563167744312,25.663525610000008,0.7167354132055515,23.781905600000016,27.24435986000003,0.5921408455500866,1.0,1.0
Y2020_LAT23.597_LON90.15347,2020,90.1534684703842,23.59699756729302,8,25.9759774611388,25.92021891200003,1.147807852557594,22.83853208000005,28.83373916000005,0.6056248896672128,1.0,0.9495999407058127
Y2020_LAT23.59718_LON90.16326,2020,90.16325785798442,23.597176825579254,8,26.680230434935464,26.578108884615407,0.7400160846258685,24.93719636000003,29.052492440000037,0.6107872279254554,1.0,0.9228999092940109
Y2020_LAT23.59736_LON90.17305,2020,90.1730473421215,23.597355468053422,8,26.122330555424703,26.19593454163267,0.5048005280262677,23.85368402000006,27.158909360000052,0.6051379081084326,1.0,0.5337978061073232
Y2020_LAT23.59753_LON90.18284,2020,90.18283692257297,23.597533494740503,8,25.459079972930752,25.483942839200022,0.7528402621227221,23.16666200000003,27.545145620000028,0.555437176689455,1.0,0.4803993887051629
Y2020_LAT23.59771_LON90.19263,2020,90.19262659872543,23.597710905631754,8,25.519198370616756,25.513073798620706,0.8969162395962446,22.90689248000001,27.599833940000053,0.5878755918517984,1.0,0.777699738470281
Y2020_LAT23.59789_LON90.20242,2020,90.20241637070119,23.597887700577804,8,26.161038270540924,26.291220568571447,0.6571507122069661,24.219412160000047,27.510965420000048,0.6403532064146328,1.0,1.0
Y2020_LAT23.59806_LON90.21221,2020,90.2122062376602,23.598063879734603,8,26.67276780374672,26.710904595714325,0.4451056535284551,25.227728060000004,28.36547042000001,0.5477184436180521,1.0,0.9996997315246572
Y2020_LAT23.59824_LON90.222,2020,90.22199619966455,23.598239442940674,8,26.09148683805865,26.14034743531004,0.7372568763316658,23.600750540000035,28.21507754000004,0.5243986592747771,1.0,0.5568804336487864
Y2020_LAT23.60382_LON90.0358,2020,90.03580056023165,23.603819061985668,8,21.118435665238056,21.064579700000024,0.4090948219689173,20.60998304000003,23.361489140000003,-0.06078454640082345,1.0,0.03452837724115314
Y2020_LAT23.60401_LON90.04559,2020,90.04558943091567,23.604005787425084,8,21.16229836203128,21.128107726896555,0.26045772271806406,20.439082040000017,22.28481284000003,-0.11332365522162186,1.0,0.7389996929408182
Y2020_LAT23.60419_LON90.05538,2020,90.05537840228902,23.60419189714959,8,21.85516300640494,21.47058716743121,1.6144776768326734,20.743285819999983,31.472450600000002,-0.11569475376780028,1.0,0.7542988437592666
Y2020_LAT23.60438_LON90.06517,2020,90.06516747388737,23.604377391111335,8,21.366084329285815,21.168523071213887,0.5843583109712092,20.633909180000046,28.310782099999983,-0.12414691498515236,1.0,0.9996999996470585
Y2020_LAT23.60456_LON90.07496,2020,90.07495664535803,23.604562269246284,8,21.846151625153084,21.84612311923079,0.3433787592079579,21.112431979999997,22.688139200000023,-0.10790704177636025,1.0,0.9504999417646374
Y2020_LAT23.60475_LON90.08475,2020,90.08474591641308,23.60474653158036,8,22.804714228865592,21.922075467500022,1.4729534122455932,21.3038411,26.208699799999977,0.14260920356343454,1.0,0.5784980164612566
Y2020_LAT23.60493_LON90.09454,2020,90.09453528668544,23.604930178071733,8,26.628895001305114,26.925344660000025,1.0815695196111585,22.715483360000007,28.3278722,0.5735356176673811,1.0,0.9354999241175578
Y2020_LAT23.60511_LON90.10432,2020,90.1043247559147,23.605113208680958,8,26.580260908786496,26.617810501538482,0.6106826167142011,24.70818902000002,28.194569419999993,0.6356985867892848,1.0,0.5142006049418892
Y2020_LAT23.6053_LON90.11411,2020,90.11411432372446,23.60529562340362,8,27.28632411795893,27.768911996000007,1.2215643375457241,23.33414498000002,29.68824416000001,0.5998402897234004,1.0,0.7928013778888394
Y2020_LAT23.60548_LON90.1239,2020,90.12390398965758,23.605477422241357,8,27.946199243340654,27.97545252085108,0.5915023605806603,26.000200580000012,29.21313938000003,0.5984556659096473,1.0,1.0
Y2020_LAT23.60566_LON90.13369,2020,90.13369375359669,23.605658605116787,8,28.062965777336654,28.06903486727274,0.4744233207901414,26.659878440000057,29.27466374000005,0.6096961693801436,1.0,0.9867011608248957
Y2020_LAT23.60584_LON90.14348,2020,90.14348361519569,23.605839172024595,8,26.279113616756998,26.32739831272729,0.8493424410080016,23.997240860000034,28.204823480000016,0.6154444882240873,1.0,0.708603334603929
Y2020_LAT23.60602_LON90.15327,2020,90.15327357382665,23.606019123018413,8,24.681033115834772,24.767662568000013,0.7496336584755655,22.67446712000003,26.85128756000006,0.608338603054184,1.0,0.17430020505906527
Y2020_LAT23.6062_LON90.16306,2020,90.16306362953624,23.606198457881845,8,24.95262375759542,25.01239280000002,1.0233661029378707,21.88490450000006,27.869857519999982,0.5226337644739539,1.0,0.5712994956464676
Y2020_LAT23.60638_LON90.17285,2020,90.17285378180443,23.60637717677695,8,25.502651213279865,25.393013741428586,0.9344439855815105,23.01968714000003,27.88694762,0.5318740499624618,1.0,0.9308020273036578
Y2020_LAT23.60656_LON90.18264,2020,90.18264403032298,23.606555279582388,8,25.66175141862162,25.77461126000004,0.7070045355396888,23.71012718000003,27.26144996000005,0.5535788763004144,1.0,0.8967010549424203
Y2020_LAT23.60673_LON90.19243,2020,90.19243437472318,23.606732766304486,8,25.936074134207143,25.951726841818196,0.904240721242401,23.224768340000026,28.14671714000002,0.5412101838140643,1.0,0.665799606823069
Y2020_LAT23.60691_LON90.20222,2020,90.2022248147192,23.606909636959887,8,25.536519993302623,25.542613152500017,0.9096240942065693,23.375161219999995,28.502191219999986,0.5090480464084074,1.0,0.9891999491762322
Y2020_LAT23.60709_LON90.21202,2020,90.21201535005709,23.607085891444353,8,26.102450881188147,26.299704582500027,0.9328847680880615,23.446939639999982,27.98265218000006,0.5181298907449741,1.0,1.0
Y2020_LAT23.60726_LON90.22181,2020,90.22180598019388,23.607261529761217,8,26.357936282815068,26.44326142250003,0.6224246998814592,24.786803480000003,28.242421700000023,0.5598085215368022,1.0,0.45498634122112974
Y2020_LAT23.61081_LON90.42743,2020,90.4274305541086,23.610807560186927,8,30.535863629209505,30.385520240000005,1.6134463873181564,27.811751179999987,33.48566438,0.3003619017193418,1.0,0.07319224299497504
Y2020_LAT23.61097_LON90.43722,2020,90.43722318872717,23.610969637114824,8,28.74893501634616,28.50902726000004,1.0439482902321022,27.70237454000005,32.23466905999999,0.22899947594928277,1.0,0.03434134702442464
Y2020_LAT23.61284_LON90.0356,2020,90.03559754830985,23.612839664946023,8,20.70910562000006,20.70910562000006,0.0,20.70910562000006,20.70910562000006,-0.08727724105119705,1.0,0.0006000028235426974
Y2020_LAT23.61303_LON90.04539,2020,90.04538708714924,23.613026470206158,8,20.61506815297019,20.688597500000014,0.3297562767571166,19.70762576000004,21.129522080000015,-0.11952947041692104,1.0,0.4415973245499972
Y2020_LAT23.61321_LON90.05518,2020,90.05517672655843,23.61321265948055,8,20.695966364945935,20.821786346000028,0.28895072548499107,19.87852676,22.472803940000006,-0.12931205830590356,1.0,0.49619880564143715
Y2020_LAT23.6134_LON90.06497,2020,90.06496646621665,23.61339823274285,8,20.717951154435195,20.762084930000015,0.2958536460721603,19.936633099999995,21.789199940000003,-0.10188991985554788,1.0,0.3157991331723906
Y2020_LAT23.61358_LON90.07476,2020,90.0747563058962,23.61358318994972,8,23.219812893564832,22.766753660000024,1.9435573940482727,20.473262240000054,26.376182780000022,0.23588405479057317,1.0,0.9216996315276775
Y2020_LAT23.61377_LON90.08455,2020,90.08454624501395,23.61376753104904,8,25.19351277913721,25.236444011000028,0.8238808792269804,21.39612764000003,27.172581440000044,0.5694624240473031,1.0,0.9975999887058291
Y2020_LAT23.61395_LON90.09434,2020,90.09433628353942,23.61395125610378,8,26.056577946226753,26.48472103773586,1.1109941754608865,22.930818620000025,27.863021480000043,0.5958902349111644,1.0,0.9888999477644602
Y2020_LAT23.61413_LON90.10413,2020,90.10412642097,23.614134364971328,8,26.960373270752406,26.92523510807695,0.6272688041923234,24.20232206000003,28.922607680000056,0.6412464887892895,1.0,0.6506007087092147
Y2020_LAT23.61432_LON90.11392,2020,90.11391665697448,23.614316857740192,8,28.765214298943448,28.473561072277253,1.579563775683424,24.639828620000003,34.78793000000002,0.5916762409493844,1.0,0.9651010122400576
Y2020_LAT23.6145_LON90.12371,2020,90.12370699129812,23.61449873431452,8,28.05000644427388,27.905212664375014,1.7970296454787176,25.108097359999988,35.35532132000003,0.5431754103252796,1.0,0.43389733598746255
Y2020_LAT23.61468_LON90.1335,2020,90.13349742343316,23.61467999466885,8,27.064720319057972,27.264060084363653,0.9197948378730111,22.688139200000023,28.936279760000048,0.5860259530282604,1.0,0.8420016094193356
Y2020_LAT23.61486_LON90.14329,2020,90.14328795335798,23.61486063877238,8,26.015896148509626,26.287158895454567,1.0238108850222083,23.241858439999987,27.815169200000014,0.6112987249627956,1.0,0.37819942682083196
Y2020_LAT23.61504_LON90.15308,2020,90.15307858043687,23.615040666645115,8,24.371553071963536,24.451324817000042,0.815166017689823,21.758437759999993,26.40010891999998,0.5991127885862801,1.0,0.7619012324763853
Y2020_LAT23.61522_LON90.16287,2020,90.16286930451557,23.615220078290914,8,23.70511567944547,23.587078460000022,0.5937716691126622,22.606106720000014,25.586620160000052,0.5928798634423326,1.0,0.8882018268321233
Y2020_LAT23.6154_LON90.17266,2020,90.17266012520611,23.61539887357998,8,24.261046021154527,24.199188875000022,0.7967399953442785,21.936174800000003,26.516321600000026,0.5547210654338166,1.0,0.39100066353253377
Y2020_LAT23.61558_LON90.18245,2020,90.18245104215279,23.615577052584186,8,25.819856026097582,26.015012000000024,0.9669823199817736,22.312157000000013,28.25951180000004,0.5818237885227048,1.0,0.44280208377451075
Y2020_LAT23.61575_LON90.19224,2020,90.1922420550847,23.615754615174378,8,26.144268102835607,26.265341274285724,1.0602427803176224,22.72573742000003,28.25267575999999,0.6080461712045063,1.0,0.5891004192960886
Y2020_LAT23.61593_LON90.20203,2020,90.2020331635949,23.615931561389,8,25.50134150600406,25.53671706800003,0.756005471662416,23.10171962000004,27.09054895999998,0.44977997745541,1.0,0.2833989807010853
Y2020_LAT23.61611_LON90.21182,2020,90.21182436738655,23.616107891202397,8,24.860385951564492,24.80499941000002,0.6227480375844238,23.522136079999996,27.09054895999998,0.5435584700678713,1.0,0.909201925656118
Y2020_LAT23.61628_LON90.22162,2020,90.22161566619138,23.616283604691276,8,24.880060381812513,24.79948613315792,1.2682046976663717,22.360009279999986,27.90403772000002,0.540625404346841,1.0,0.6519410882293493
Y2020_LAT23.61646_LON90.23141,2020,90.23140705959227,23.616458701651823,8,25.762062443458603,25.828713525685863,0.7847938355771974,22.650540980000017,28.085192780000057,0.6457878801983519,1.0,0.3581959413746069
Y2020_LAT23.61967_LON90.41746,2020,90.41746107053739,23.61966838825803,8,32.980290302971575,32.822568500000045,0.5070387473930692,31.918502210000042,34.035965600000026,0.5316497076827188,2.0,0.024342866883047647
Y2020_LAT23.61983_LON90.42725,2020,90.4272542864896,23.619831151377753,8,31.739615304346817,31.858045981250026,1.086417664882967,27.664776319999987,34.596520880000014,0.5521241029141086,1.4449337642504527,0.8086705845608136
Y2020_LAT23.61999_LON90.43705,2020,90.4370475903296,23.619993297595872,8,31.026702865305253,30.98917229391307,1.3072955363710366,27.565653740000016,33.63605726000003,0.46230724349597174,1.0004305560493125,0.9039882306310648
Y2020_LAT23.62015_LON90.44684,2020,90.44684098128893,23.620154826879592,8,30.14266914144377,29.989029920000053,1.7048482156693425,26.13008534000005,33.23273089999998,0.2768217313609935,1.0899476349901278,0.2093028269986094
Y2020_LAT23.62205_LON90.04518,2020,90.04518464271203,23.622047140918905,8,20.031232899209318,20.049427760000015,0.1481150893775578,19.56065090000004,20.363885600000003,-0.12479210940774875,1.0,0.33792998023406284
Y2020_LAT23.62223_LON90.05497,2020,90.05497495053406,23.622233409833044,8,20.07496650856527,20.0416991494931,0.213876977665094,19.734969920000026,21.194464460000006,-0.11737994239614322,1.0,0.18889853599311063
Y2020_LAT23.62242_LON90.06477,2020,90.06476535865332,23.622419062320585,8,24.293690900096482,24.234793250000024,0.8243063365080209,20.052845779999984,25.883987900000022,0.5795229825272055,1.0,0.18660021952966996
Y2020_LAT23.6226_LON90.07456,2020,90.07455586674224,23.622604098558412,8,24.22896480498497,24.25530137000004,0.7444708714707585,22.26430472000004,26.054888900000037,0.5527713286788524,1.0,0.4113993075285966
Y2020_LAT23.62279_LON90.08435,2020,90.08434647443278,23.622788518511836,8,26.204240300383752,26.266184681818196,0.9833178386123346,23.323890920000053,28.351798340000016,0.6051072897929528,1.0,1.0
Y2020_LAT23.62297_LON90.09414,2020,90.09413718140415,23.622972322092547,8,27.052836183919602,26.946259687142867,0.6465272382120699,25.333686680000028,28.823485100000028,0.6248016321362423,1.0,1.0
Y2020_LAT23.62316_LON90.10393,2020,90.10392798739593,23.62315550928535,8,27.267954853790435,27.27411344393444,0.5666379022985004,25.87031582000003,29.110598780000032,0.6473763726270715,1.0,1.0
Y2020_LAT23.62334_LON90.11372,2020,90.11371889198318,23.623338079937007,8,28.473922887382173,28.295742812000015,1.4391617460929789,26.25313405999998,33.67365547999998,0.5999160127865825,1.0,1.0
Y2020_LAT23.62352_LON90.12351,2020,90.12350989493636,23.623520034224157,8,27.330927993536864,27.217771608269253,1.0373128784323389,24.427911380000012,33.89240876000002,0.5845252138690401,1.0,1.0
Y2020_LAT23.6237_LON90.1333,2020,90.13330099572634,23.623701372131254,8,26.73531364305214,26.83575110545456,0.6004180253768377,25.015810820000013,27.897201680000023,0.6281986530322882,1.0,1.0
Y2020_LAT23.62388_LON90.14309,2020,90.14309219432819,23.623882093479704,8,25.30684417429204,25.548409757313454,0.9819834715927512,22.199362339999993,26.882049740000014,0.6039907492196127,1.0,0.7386987703471544
Y2020_LAT23.62406_LON90.15288,2020,90.15288349003131,23.624062198306426,8,24.227961359767477,24.3061080701766,0.94087683395668,21.912248660000046,25.822463540000058,0.6097385587137378,1.0,0.3909992835285688
Y2020_LAT23.62424_LON90.16267,2020,90.16267488295445,23.62424168658617,8,23.71284653864321,23.600487615384633,0.6323344513894311,22.442041760000052,25.337104700000054,0.5877839040388619,1.0,0.3405004005887065
Y2020_LAT23.62442_LON90.17247,2020,90.1724663722966,23.62442055832163,8,21.561559808000023,21.43030784000001,0.8375788094078108,20.880006620000017,23.258948540000006,0.4804775819182396,1.0,0.006000028235426992
Y2020_LAT23.6246_LON90.18226,2020,90.18225795806664,23.62459881340563,8,24.477467459603684,24.67400882000003,0.967775499451485,21.38587358000001,25.962602360000005,0.5323745044311736,1.0,0.3936004630593682
Y2020_LAT23.62478_LON90.19205,2020,90.19204963976729,23.624776451971467,8,25.61587135367383,25.517120420000023,0.7821141764870184,22.72573742000003,27.41184284000002,0.5730365853038611,1.0,0.5463006427066384
Y2020_LAT23.62495_LON90.20184,2020,90.2018414171403,23.624953473877497,8,26.06750400192774,26.26680614000003,0.8430375405007776,23.94255254000001,27.162327380000022,0.6066496420098116,1.0,0.07470035153106606
Y2020_LAT23.62513_LON90.21163,2020,90.21163328989275,23.62512987910263,8,25.678833870518144,25.711036088000004,0.680035059936264,23.617840640000054,27.141819260000034,0.613835687036953,1.0,0.6195007288243867
Y2020_LAT23.62531_LON90.22143,2020,90.22142525748927,23.62530566764233,8,26.380382195759726,26.476159865000014,0.6552165890103913,24.058765220000055,27.866439500000013,0.6154986127684596,1.0,0.7353996887055161
Y2020_LAT23.62548_LON90.23122,2020,90.23121731985778,23.625480839488127,8,25.385680219582028,25.511252819000024,0.9327619583977811,22.787261779999994,27.545145620000028,0.6342526532941473,1.0,0.45677567615343884
Y2020_LAT23.62566_LON90.24101,2020,90.24100947647247,23.62565539458282,8,24.10221699733119,24.113453540000023,0.35081490338243976,23.484537860000046,24.868835960000013,0.583172308542007,1.0,0.017597253111709392
Y2020_LAT23.62853_LON90.40749,2020,90.40749024821635,23.62852844827597,8,28.31341771385938,28.218495560000008,1.2878147304643675,26.40010891999998,29.94801368000003,0.4899250410962849,1.0,0.004520300741258696
Y2020_LAT23.62869_LON90.41728,2020,90.41728404575049,23.62869189815991,8,34.15774736095623,33.60144980750002,2.491997639644898,28.779050840000025,38.69472686000006,0.4027555180906559,1.539247117525677,0.6137186440192892
Y2020_LAT23.62885_LON90.42708,2020,90.42707793130677,23.628854730892737,8,33.06910290823327,33.17044698000002,1.2671140596496167,29.469490880000023,35.628762919999986,0.5066394804325173,1.9459011128248396,1.0
Y2020_LAT23.62902_LON90.43687,2020,90.43687190455779,23.629016946425544,8,31.835003970909657,31.46775082250001,2.6632098961911965,25.166203699999983,38.84511974000003,0.40119324299066084,1.255568133476578,0.9789999011760054
Y2020_LAT23.62918_LON90.44667,2020,90.44666596515947,23.629178544765832,8,29.395938850257362,29.91611216000001,2.665773515420819,25.668652640000005,34.40169374000004,0.30030692500233774,1.0,0.812196868997516
Y2020_LAT23.62934_LON90.45646,2020,90.45646011268121,23.629339525812657,8,29.772054489338217,28.063377193896866,3.744969146817218,25.764357200000006,42.38960648,0.24354433085841876,1.622488941481419,0.38261610107369215
Y2020_LAT23.6295_LON90.46625,2020,90.4662543470598,23.629499889615214,8,31.112531507528406,31.175082860000032,1.3185129228246641,28.377433490000044,34.083817880000026,0.09610231953617238,1.2667891505100806,0.07396824261497749
Y2020_LAT23.63032_LON90.00582,2020,90.00581920137908,23.630316240577596,8,28.60935918422392,28.061266640000042,1.1465866814350243,27.401588780000026,30.98025572000006,0.6335942564615564,1.760364842454395,0.021391854067112984
Y2020_LAT23.63051_LON90.01561,2020,90.01560977336864,23.63050505498827,8,30.429753121992906,30.38893826000003,0.3886022183421852,29.82496495999999,31.205845039999986,0.4745862545197357,1.0,0.01790816489107463
Y2020_LAT23.63069_LON90.0254,2020,90.02540044685855,23.630693252966037,8,20.488039426180784,20.500606400000038,0.11289286545534756,20.175894500000027,20.671507399999996,-0.09684804467377439,1.0,0.08802285811399341
Y2020_LAT23.63088_LON90.03519,2020,90.03519122181311,23.630880834439807,8,20.773310746020826,20.767211960000054,0.16234278240199862,20.309197280000035,21.191046440000036,-0.11502221947147186,1.0,0.5507600220524554
Y2020_LAT23.63107_LON90.04498,2020,90.04498209769812,23.631067799470767,8,20.37429071753316,20.346795499999985,0.11690251264820987,20.25109094000004,20.801392159999978,-0.08443289733071141,1.0,0.02635535789919531
Y2020_LAT23.63125_LON90.05477,2020,90.05477307424252,23.631254147911996,8,24.62887225621316,25.233099234285735,1.9015881956737954,20.292107180000016,26.71798478000005,0.4789119499114234,1.0,0.38629946493865913
Y2020_LAT23.63144_LON90.06456,2020,90.06456415107301,23.63143987984279,8,24.791518123318873,24.711179787500026,0.5564992514136545,23.115391700000032,26.69064062000001,0.611018914316072,1.0,0.9384999276469734
Y2020_LAT23.63162_LON90.07436,2020,90.07435532800123,23.631624995172196,8,24.46326924361253,24.42859498400002,0.5410894629234628,22.783843760000025,26.68722260000004,0.588919349180023,1.0,0.5514994723523193
Y2020_LAT23.63181_LON90.08415,2020,90.08414660453354,23.631809493901137,8,25.54402495766873,25.454599137500026,0.861108984331223,22.383935420000057,27.99974228000002,0.606511601970376,1.0,0.8940995016447164
Y2020_LAT23.63199_LON90.09394,2020,90.09393798034814,23.631993375974673,8,26.69570182488917,26.64867493000001,0.4823030689371005,25.702832840000042,28.580805680000026,0.6242105531383818,1.0,1.0
Y2020_LAT23.63218_LON90.10373,2020,90.10372945516869,23.632176641414723,8,26.251217465358856,26.179751263265327,0.5199560011389008,25.234564100000057,28.4304128,0.6467172589980622,1.0,1.0
Y2020_LAT23.63236_LON90.11352,2020,90.11352102872527,23.632359290226457,8,26.157791880185858,26.07769069131581,0.6617462263681487,23.64176678000001,28.14329912000005,0.6424666253252873,1.0,1.0
Y2020_LAT23.63254_LON90.12331,2020,90.1233127005404,23.632541322280527,8,25.513224850716725,25.701098322388077,1.1197214095911359,22.247214620000022,27.975816140000006,0.5900785317114685,1.0,0.9981999978823505
Y2020_LAT23.63272_LON90.1331,2020,90.1331044703737,23.632722737589727,8,25.683287636499657,25.58548082000002,0.6910876874058169,23.56657034,27.398170760000028,0.6281874912827913,1.0,0.9222010849424556
Y2020_LAT23.6329_LON90.1429,2020,90.14289633789178,23.632903536121397,8,24.62513230857733,24.679135849999994,0.46638043634083354,22.930818620000025,25.449899360000018,0.594744727394425,1.0,0.4365020541273148
Y2020_LAT23.63308_LON90.15269,2020,90.15268830281009,23.633083717928397,8,25.24649944750956,25.235893330000025,0.7279104004513965,23.036777239999992,27.44602304,0.5572484910687185,1.0,0.6288007397655778
Y2020_LAT23.63326_LON90.16248,2020,90.16248036461046,23.63326328294432,8,24.248488741095926,24.34331538500001,0.7389777453818305,21.73109360000001,25.49433362000002,0.6453574949952025,1.0,0.43800051529472445
Y2020_LAT23.63344_LON90.17227,2020,90.17227252310705,23.633442231082565,8,24.769700650974773,24.82098368000004,0.5214138318493226,23.323890920000053,25.75752116000001,0.641747431964686,1.0,0.021797749636468928
Y2020_LAT23.63362_LON90.18206,2020,90.18206477796052,23.63362056242173,8,24.67056843026649,24.631967174000003,0.7426968711756929,22.606106720000014,26.567591900000025,0.5896160197518068,1.0,0.7371996908231682
Y2020_LAT23.6338_LON90.19186,2020,90.19185712892651,23.633798276907896,8,23.896218528260984,23.8019864675,0.6849820063389359,22.13441996000006,25.54560392000002,0.5416372968190206,1.0,0.6168995492935895
Y2020_LAT23.63398_LON90.20165,2020,90.20164957542866,23.633975374415314,8,24.84687963052424,24.733644274210544,0.7344001422131964,22.623196820000032,26.957246180000027,0.6001077391601848,1.0,0.8624017054197921
Y2020_LAT23.63415_LON90.21144,2020,90.21144211727994,23.634151855080056,8,24.469987258865988,24.580670581538484,1.036056122759172,21.618298940000045,27.042696680000006,0.5702866127843669,1.0,0.9735011452954662
Y2020_LAT23.63433_LON90.22123,2020,90.2212347542373,23.63432771869168,8,26.176617861676718,26.09921290129034,0.5478775945309493,25.08417122000003,27.941635940000026,0.5184002622442604,1.0,0.9984011745896172
Y2020_LAT23.6345_LON90.23103,2020,90.2310274857601,23.63450296536963,8,25.869211710833824,26.04680994363637,0.8536863894371588,23.440103600000043,27.83909534000003,0.5819414321689039,1.0,0.5433025567179152
Y2020_LAT23.63468_LON90.24082,2020,90.24082031171682,23.6346775950961,8,26.581685875237223,26.794548428000006,0.9003267819762578,23.440103600000043,28.65942014000001,0.5992294692752961,1.0,0.6054825587674162
Y2020_LAT23.63485_LON90.25061,2020,90.25061323168539,23.63485160776511,8,27.043753685527005,26.899139840000014,0.6104515695492428,25.92158612000003,28.70385440000001,0.5531218060412129,1.0,0.13619615629995513
Y2020_LAT23.63639_LON90.33875,2020,90.33875368702479,23.636389951974817,8,28.406333200933027,28.372306460000004,0.316896540453295,27.782698010000047,29.199467300000038,0.5975559806237175,2.0,0.024368548952355226
Y2020_LAT23.63656_LON90.34855,2020,90.34854752886153,23.63655779316477,8,31.349867970060046,31.385228905194523,2.952022680364399,26.48385041000003,35.93809373000002,0.3757176563631477,1.9941302396243354,0.15595954809318224
Y2020_LAT23.63673_LON90.35834,2020,90.35834146102766,23.636725017055053,8,29.16689031872259,29.158451060000004,0.5202455376359449,28.587641720000022,30.414573410000003,0.6967551200726629,2.0,0.006289553041779347
Y2020_LAT23.63739_LON90.39752,2020,90.39751808667401,23.637387739401863,8,27.59311172811341,27.58616186000006,0.2579065539693056,27.022188560000018,28.016832379999983,0.5255343462427089,1.0,0.02288233813829358
Y2020_LAT23.63755_LON90.40731,2020,90.40731246568988,23.637551876547917,8,31.931420557197203,31.30582212500002,2.031674816038303,27.490457300000003,35.25961676000003,0.5987069176278085,1.508522556164549,0.11719819857975834
Y2020_LAT23.63772_LON90.41711,2020,90.41710693302514,23.637715396337033,8,32.2309834140588,32.08899630285717,1.8623877405910436,27.223851739999986,37.11389261000002,0.5274279786927968,1.8028152034136098,0.9660999601176008
Y2020_LAT23.63788_LON90.4269,2020,90.42690148839867,23.637878298641105,8,32.63148079087305,32.09602562375002,2.318872440387329,28.324454180000032,38.510153780000024,0.5729522651215898,1.6387995750583255,1.0
Y2020_LAT23.63804_LON90.4367,2020,90.4366961315126,23.638040583553735,8,34.02680133463593,34.211993630000016,2.696808703918804,27.022188560000018,39.08779916000003,0.484317161366339,1.1443124418978723,0.9984999929411432
Y2020_LAT23.6382_LON90.44649,2020,90.44649086197253,23.638202250888767,8,32.600258052616795,32.3452092812766,2.1655356785543742,28.343253290000035,38.722071020000044,0.48997256470026435,1.3918463152066693,0.9051998884704568
Y2020_LAT23.63836_LON90.45629,2020,90.456285679369,23.638363300742633,8,34.239347851054255,33.84379352910716,2.369001497892051,28.929443719999995,42.58785164000005,0.4774989866696187,1.5739006751772655,1.0
Y2020_LAT23.63852_LON90.46608,2020,90.46608058368504,23.638523733097685,8,35.89837209689764,36.28534319937503,3.332598775319379,27.312720259999992,42.574179560000005,0.34980339108034386,1.209394392550374,0.9843868338803216
Y2020_LAT23.63868_LON90.47588,2020,90.47587557416632,23.638683547945472,8,30.170234487677426,30.03346418000001,2.0339308875526356,26.955537170000014,34.661463260000005,0.03548224272530539,1.232331319601135,0.04901061974051744
Y2020_LAT23.63934_LON90.00561,2020,90.00561387970349,23.639336565967717,8,29.76847117959264,30.13771379000002,2.1245424377360806,26.000200580000012,34.26497294000001,0.5043191995837224,1.1884615384615387,0.09133369417550527
Y2020_LAT23.63953_LON90.01541,2020,90.01540512064885,23.63952546108223,8,21.87197546782612,19.51621664000004,4.7147622730349035,19.49912654000002,30.641871740000056,0.07922904241992079,1.0,0.00690003247074102
Y2020_LAT23.63971_LON90.0252,2020,90.02519646314518,23.63971373938418,8,23.167201687368436,23.173498040000027,0.2919520780742606,22.701811280000015,24.694516940000028,-0.046069155349151084,1.0,0.06840032188386758
Y2020_LAT23.6399_LON90.03499,2020,90.034987907132,23.639901401038887,8,20.848385798964205,20.752488181538492,0.4117692363586025,20.210074700000007,21.74134766000003,-0.1001739980669157,1.261374636979671,0.6198029167196064
Y2020_LAT23.64009_LON90.04478,2020,90.04477945199663,23.640088445885237,8,24.341161691116795,24.66580557200003,1.3173006687881514,20.56554878000003,26.294150300000013,0.5089919039727134,1.0,0.38599946352688647
Y2020_LAT23.64027_LON90.05457,2020,90.05457109763331,23.640274873941813,8,25.080987064395472,25.111900509014085,0.6377715532449857,23.00601505999998,27.326392339999984,0.5935774781852236,1.0,0.970501037651942
Y2020_LAT23.64046_LON90.06436,2020,90.06436284356948,23.640460685216226,8,25.685442113673236,25.711474626415107,0.5147982218980001,24.21599414000002,27.210179659999994,0.5687370212137273,1.0,1.0
Y2020_LAT23.64065_LON90.07415,2020,90.07415468952574,23.64064587967984,8,24.83503909475756,24.984893275454564,0.6360469352978164,22.930818620000025,26.95041014000003,0.5116782384080968,1.0,1.0
Y2020_LAT23.64083_LON90.08395,2020,90.08394663525623,23.640830457145512,8,25.07708302544623,25.04138703862072,0.7027079760949118,23.214514280000003,26.844451520000007,0.623359275392562,1.0,1.0
Y2020_LAT23.64101_LON90.09374,2020,90.09373868027556,23.641014417801408,8,26.564009536803766,26.494734105263177,0.4428374795660373,25.44306332000002,27.62376008000001,0.5925500082593382,1.0,1.0
Y2020_LAT23.6412_LON90.10353,2020,90.1035308243253,23.641197761553297,8,26.058364193600607,26.07706330475003,0.6941044257267748,22.732573460000026,28.49193716000002,0.632017158017401,1.0,0.9371020569508557
Y2020_LAT23.64138_LON90.11332,2020,90.1133230671203,23.64138048836323,8,25.877655103427173,25.86699545771431,0.3416518777408974,24.831237740000006,26.909393900000055,0.662275095319212,1.0,0.37129939435009063
Y2020_LAT23.64156_LON90.12312,2020,90.12311540817527,23.641562598137853,8,24.70659059661026,24.827060160000006,1.0687614100983558,22.56167246000001,27.08713094000001,0.6342221194529646,1.0,0.6290006070616779
Y2020_LAT23.64174_LON90.13291,2020,90.13290784739192,23.641744090980474,8,24.853494330068347,24.789057918723426,0.587755828738846,23.56657034,27.025606580000044,0.6651324936917161,1.0,0.9225043411968965
Y2020_LAT23.64192_LON90.1427,2020,90.14270038415933,23.641924966825982,8,24.060950892653093,24.21599414000002,0.5130369300040433,22.89322040000002,24.715025060000016,0.672308189731066,1.0,0.044100207530388284
Y2020_LAT23.64211_LON90.15249,2020,90.15249301844727,23.642105225591944,8,23.70832847388382,23.648602820000008,0.7056688858007408,21.259406839999997,25.11835142000001,0.630958671458039,1.0,0.4287020174212577
Y2020_LAT23.64228_LON90.16229,2020,90.16228574963881,23.642284867320626,8,24.77520566296544,24.819844340000014,0.7583057512832416,22.537746319999997,26.201863760000037,0.6170102723379978,1.0,0.6350006352971047
Y2020_LAT23.64246_LON90.17208,2020,90.17207857758389,23.642463891953792,8,25.14121875385354,25.141119843548402,0.9206832818508989,22.41127958000004,27.548563639999998,0.5850501744500342,1.0,0.8079002724718677
Y2020_LAT23.64264_LON90.18187,2020,90.18187150194369,23.642642299414003,8,24.476998435801256,24.581853742307715,1.0287658947558904,21.813126080000018,27.548563639999998,0.6307955945105163,1.0,0.6021981279911889
Y2020_LAT23.64282_LON90.19166,2020,90.19166452228174,23.64282008978363,8,23.88273057945546,23.85081729354841,0.5426579131939755,22.797515840000017,25.44306332000002,0.5306639798852307,1.0,0.5565979134019436
Y2020_LAT23.643_LON90.20146,2020,90.20145763829525,23.64299726296808,8,23.790564699917883,23.74281199625001,0.515607895581464,22.370263340000008,25.44306332000002,0.582429293970503,1.0,0.6383006508265903
Y2020_LAT23.64317_LON90.21125,2020,90.21125084981313,23.643173818962985,8,23.714704354608703,23.578960662500023,1.1298168235729544,21.259406839999997,27.763898900000015,0.5639771130770743,1.0,0.4485021105981666
Y2020_LAT23.64335_LON90.22104,2020,90.22104415620227,23.64334975780315,8,24.59866118404643,24.64598105600004,0.6527471472259225,22.609524739999983,26.010454640000034,0.6209988222228526,1.0,0.8274038936653817
Y2020_LAT23.64353_LON90.23084,2020,90.23083755736806,23.643525079329393,8,24.262536676528402,24.01774898000002,0.5202189980930444,23.71012718000003,25.060245080000016,0.7190461791889118,1.0,0.009698869171149023
Y2020_LAT23.6437_LON90.24063,2020,90.24063105301244,23.64369978365415,8,25.4316602545225,25.51093543142859,0.4982776876859569,23.238440420000018,26.666714479999996,0.6213386254044284,1.0,0.5525002470599839
Y2020_LAT23.64387_LON90.25042,2020,90.25042464250843,23.64387387067206,8,26.054129340000014,26.065142960000003,0.16470123412750717,25.83613562000005,26.499231500000008,0.5185617738299899,1.0,0.010800050823768555
Y2020_LAT23.64524_LON90.32878,2020,90.32877670502518,23.645244341727786,8,26.88258564337809,26.03243513784618,2.8219848016409412,21.399545660000058,31.118685530000022,0.6181143062092933,1.4871766516454237,0.39197009102730745
Y2020_LAT23.64541_LON90.33857,2020,90.33857112606012,23.64541287210143,8,26.5537103693987,26.09102225428573,2.5350654999072053,20.31945134,31.612589420000006,0.5626759661841826,1.3470695448024992,0.9361161770153571
Y2020_LAT23.64558_LON90.34837,2020,90.34836563780057,23.645580784953946,8,31.23529521922031,31.185933086279093,4.020230063908576,23.86052006,40.448171119999984,0.4144621439148735,1.4685849814142264,0.6636984174043147
Y2020_LAT23.64575_LON90.35816,2020,90.35816023993993,23.64574808031333,8,30.196882734807158,29.654639602948908,3.3283404155491203,24.44158346000006,37.37195312000006,0.6654879869459402,1.5008747538897798,0.6577885042045887
Y2020_LAT23.64591_LON90.36795,2020,90.3679549321608,23.64591475808523,8,33.92418741748158,33.988113320000025,0.4942413590427468,32.93878117999998,34.596520880000014,0.7313705135813034,1.0,0.005287576143929722
Y2020_LAT23.64625_LON90.38754,2020,90.38754458532914,23.646246260840886,8,,,,,,,,0.0
Y2020_LAT23.64641_LON90.39734,2020,90.39733954566749,23.646411085800302,8,31.008782025858185,30.47951579000002,2.6787208078488542,24.697934959999998,37.50525590000001,0.579716118357244,1.4561497404615993,0.48665582006051084
Y2020_LAT23.64658_LON90.40713,2020,90.4071345948111,23.646575293117806,8,32.87918457716207,33.81980530068968,3.4850657090254464,22.29848492000002,39.016020740000044,0.5646970074469201,1.0704526916802604,0.6230994028207172
Y2020_LAT23.64674_LON90.41693,2020,90.41692973228972,23.64673888274929,8,28.048668172669014,28.15465901000001,1.1755294134961631,22.29848492000002,34.79818406000004,0.5455390371265794,1.022321403445578,0.6270982451682103
Y2020_LAT23.6469_LON90.42672,2020,90.42672495781879,23.646901854634045,8,32.79897991716348,32.592279402500026,2.5133009662405894,25.778029280000055,37.79578760000004,0.6211689465768025,1.0435181121065809,0.27339658068979106
Y2020_LAT23.64706_LON90.43652,2020,90.4365202710943,23.647064208803844,8,32.20116835328875,32.6566752967442,2.194262099584248,24.26726444000002,37.70350106000001,0.47948023947777946,1.7725753874930785,0.7773989524656562
Y2020_LAT23.64723_LON90.44632,2020,90.44631567171159,23.647225945272186,8,32.3546303645138,32.966284654491545,1.6829282131996377,27.022188560000018,35.05795358000003,0.5529418734708772,1.7692989143478342,1.0
Y2020_LAT23.64739_LON90.45611,2020,90.456111159433,23.647387064043077,8,30.992808987254644,30.91832924000001,1.4638345384901885,27.046114700000032,34.61361098000003,0.44362766709742923,1.0048097598515202,0.9356020498919985
Y2020_LAT23.64755_LON90.46591,2020,90.46590673389129,23.647547564951147,8,31.776234044915263,31.988571620000016,2.3842064663071243,26.864959640000052,39.32364254000004,0.29396553632274014,1.0786762362866638,0.2325999181172613
Y2020_LAT23.64836_LON90.00541,2020,90.00540845614941,23.64835687910562,8,26.83820359705271,26.618862200000024,0.5219633012708849,26.041216820000045,27.647686220000026,0.044454740924693224,1.0,0.012912049947380912
Y2020_LAT23.64855_LON90.0152,2020,90.01520036621756,23.64854585489665,8,,,,,,,,0.0
Y2020_LAT23.64873_LON90.02499,2020,90.02499237812492,23.648734213692826,8,19.368045473000027,19.386331880000057,0.04866882343853061,19.28379128000006,19.427348120000033,-0.07395771518349648,1.0,0.012000056470853985
Y2020_LAT23.64892_LON90.03478,2020,90.03478449128586,23.648921955469756,8,22.03070801606745,20.73815879,2.2448952738962187,19.379495840000004,25.651562539999986,0.21595833384979532,1.0,0.1602001884708099
Y2020_LAT23.64911_LON90.04458,2020,90.04457670567825,23.649109080184143,8,25.089297695854693,25.05414147285715,0.3492604572895976,24.08610938000004,26.85470558000003,0.5724978991855013,1.0,0.9360999248234412
Y2020_LAT23.6493_LON90.05437,2020,90.0543690206215,23.649295587869982,8,25.341111390259446,25.287733300000028,0.6647078484476403,23.781905600000016,27.41184284000002,0.4696993018086566,1.0,1.0
Y2020_LAT23.64948_LON90.06416,2020,90.06416143605601,23.649481478469284,8,24.960335831718524,25.38311650769234,0.9662516599310061,22.87271228000003,26.60860814,0.4641990706084282,1.0,1.0
Y2020_LAT23.64967_LON90.07395,2020,90.07395395145528,23.649666751984714,8,23.616007499421496,23.47721353142858,0.7451611948488406,22.39760750000005,25.39521104000005,0.5541565744017647,1.0,0.4677993738816162
Y2020_LAT23.64985_LON90.08375,2020,90.08374656656957,23.64985140835832,8,23.31519193135438,23.231262578000024,0.9159783690183543,21.53626645999998,26.817107360000023,0.536715863978015,1.0,0.4683974983411692
Y2020_LAT23.65004_LON90.09354,2020,90.09353928121038,23.650035447580883,8,25.50088749206406,25.390425812000025,1.2465270443976084,22.930818620000025,28.17747932000003,0.5860866112659028,1.0,1.0
Y2020_LAT23.65022_LON90.10333,2020,90.10333209478911,23.650218869606544,8,25.46593326813856,25.45168267478262,0.709904543795784,21.943010840000056,27.58957988000003,0.621733297844682,1.0,0.649500764118546
Y2020_LAT23.6504_LON90.11313,2020,90.11312500715422,23.65040167444693,8,25.21237453467745,25.169621720000038,0.2342038443397386,24.793639520000056,25.685742740000023,0.6555607318878175,1.0,0.037200175059647345
Y2020_LAT23.65058_LON90.12292,2020,90.12291801780252,23.6505838620648,8,23.67161420144231,23.509603340000012,0.8817802952913582,21.97035500000004,26.109577220000006,0.5640395137553031,1.0,0.18720022023555316
Y2020_LAT23.65077_LON90.13271,2020,90.13271112660111,23.650765432392348,8,24.591141993702504,24.670362932000014,0.8309320452803503,21.228644659999986,26.41036298000006,0.6106589664833257,1.0,0.9156010771777382
Y2020_LAT23.65095_LON90.1425,2020,90.14250433313053,23.65094638545509,8,24.935266608659646,24.98331412238808,0.7357061794058855,22.56167246000001,27.449441060000026,0.6400717062789382,1.0,0.7386034757810626
Y2020_LAT23.65113_LON90.1523,2020,90.15229763709117,23.651126721282534,8,25.225039531359737,25.273732761621645,0.6577468698197878,22.80776990000004,26.47872338000002,0.6502475875380114,1.0,0.871501025295324
Y2020_LAT23.65131_LON90.16209,2020,90.16209103798133,23.651306439662648,8,25.07035231455252,25.069739580000007,0.38188562913329277,23.703291140000033,26.147175440000012,0.6052955657652532,1.0,0.3030991801166824
Y2020_LAT23.65149_LON90.17188,2020,90.17188453565397,23.65148554072681,8,23.83928361871794,23.855393030000045,0.6369342516312079,22.093403720000026,25.176457760000005,0.598347758904304,1.0,0.11589583950983305
Y2020_LAT23.65166_LON90.18168,2020,90.18167812979748,23.65166402444983,8,23.768453218108878,23.54264420000004,0.47700192009330183,23.07095744000003,24.80389358000002,0.5523868202277327,1.0,0.01899884588099515
Y2020_LAT23.65184_LON90.19147,2020,90.19147182000454,23.651841890691543,8,24.70004932158625,24.57462331538463,1.3112086168234571,21.82338014000004,29.551523360000033,0.583765961800223,1.0,0.4449993470580551
Y2020_LAT23.65202_LON90.20127,2020,90.20126560585283,23.65201913957036,8,24.257675827846484,24.170339158571444,1.0433726141610413,21.819962120000014,28.532953399999997,0.5851517655183047,1.0,0.6659007807095565
Y2020_LAT23.6522_LON90.21106,2020,90.21105948714879,23.652195770994364,8,23.944494691437285,24.137379680000024,1.061323793822955,21.078251780000016,26.297568319999982,0.6452153147392239,1.0,0.49260057953009334
Y2020_LAT23.65237_LON90.22085,2020,90.2208534635432,23.652371784935802,8,25.4296720662914,25.509372908,1.143894309547896,22.609524739999983,27.96898010000001,0.6163466340940504,1.0,0.7887009278834446
Y2020_LAT23.65255_LON90.23065,2020,90.23064753466687,23.65254718137857,8,23.880267287915228,23.955654950000014,0.7315772586345689,21.895158560000027,25.942094240000017,0.48175740830307173,1.0,0.30589908658393716
Y2020_LAT23.65272_LON90.24044,2020,90.24044170015313,23.652721960284474,8,25.11256330237281,25.10144607783785,0.7375967943610547,23.41275944000006,26.82736141999999,0.630044616176485,1.0,0.9480999389411046
Y2020_LAT23.6529_LON90.25024,2020,90.25023595969363,23.652896121651573,8,26.07299829886721,25.981138545384628,1.167934955801925,23.59733252000001,28.70385440000001,0.6679279884324555,1.054678884629523,0.5490032145070846
Y2020_LAT23.65307_LON90.26003,2020,90.26003031308993,23.65306966545825,8,27.914397983202775,27.209040320000025,2.068504533837695,24.516779900000017,33.08233802000001,0.663756388494193,1.1444143039401489,0.2898278616431226
Y2020_LAT23.65324_LON90.26982,2020,90.26982475978058,23.653242591653335,8,29.39796637005716,29.742932480000036,0.9135155800644537,27.172581440000044,30.795682639999995,0.7015402243818554,1.0,0.05250006176477853
Y2020_LAT23.65393_LON90.309,2020,90.30900347412292,23.65392811999907,8,25.079160773627926,25.026064880000035,0.10490869417741101,24.99188468,25.255072219999988,0.47496108366537476,1.0,0.0045664040099398905
Y2020_LAT23.6541_LON90.3188,2020,90.31879838284914,23.654097957912555,8,25.71412064257185,24.97941896000001,2.0841195897701033,22.941072680000048,31.04348909000001,0.5925211239313651,1.3033247623034132,0.4839513675612523
Y2020_LAT23.65427_LON90.32859,2020,90.32859338312579,23.654267178018465,8,28.982715271006274,29.349264013720955,2.7255384935881946,22.677885140000058,36.11412175999999,0.5699961199168262,1.4956327882744918,0.7353546226104447
Y2020_LAT23.65444_LON90.33839,2020,90.33838847432703,23.65443578045313,8,30.782593939401554,30.349164936363643,3.9300990752380716,23.050449319999984,37.659066800000005,0.5063829918572511,1.487815455560655,0.9765999724705559
Y2020_LAT23.6546_LON90.34818,2020,90.34818365641897,23.65460376508775,8,27.983732058235795,27.658282082000014,2.344446528674143,24.110035519999997,35.07675268999998,0.5046996129885101,1.1119005265907134,1.0
Y2020_LAT23.65477_LON90.35798,2020,90.35797892875856,23.654771131862596,8,27.47802410964618,26.901825427142867,2.2886193902907017,24.010912940000026,34.91097872,0.5749646810555753,1.0,0.5043994169404901
Y2020_LAT23.65494_LON90.36777,2020,90.36777429133626,23.654937880784992,8,30.783836917594044,30.716213675000017,1.1813379784952416,26.83419746000004,35.42368171999999,0.626047917708748,1.9120563997995648,0.7245860504576271
Y2020_LAT23.6551_LON90.37757,2020,90.37756974355645,23.655104011925015,8,34.569788554004965,35.16235855454548,2.2302049221112408,30.130877750000025,40.33537646000002,0.5649976738088393,1.5621078060708433,0.7286420115273569
Y2020_LAT23.65527_LON90.38737,2020,90.38736528525558,23.655269525170006,8,31.371354952014403,32.9256349492308,4.769792301959428,23.57682440000002,40.33537646000002,0.5850983452250735,1.3284835347696615,0.6480343087002634
Y2020_LAT23.65543_LON90.39716,2020,90.39716091605396,23.655434420477103,8,33.562278438116046,34.159258464285735,3.132383873154816,23.10855565999998,38.68105478000001,0.6466187626924795,1.07332710757853,0.8427998150586061
Y2020_LAT23.6556_LON90.40696,2020,90.4069566355684,23.65559869789448,8,30.065185283804837,27.7814387394737,4.164003002966649,24.670590800000014,37.68299294000002,0.6136994263641385,1.1088122340241495,0.9180996145864211
Y2020_LAT23.65576_LON90.41675,2020,90.41675244347262,23.65576235737984,8,30.00830949023513,29.595756560000012,2.624072807556871,25.190129840000054,38.96475043999999,0.5479694272037693,1.2009388186845245,0.9375999265881492
Y2020_LAT23.65593_LON90.42655,2020,90.42654833944502,23.6559253989286,8,28.047988771210054,27.659459400000017,2.1048982307107718,24.609066439999992,35.17416625999999,0.5657767299709728,1.0,0.44889935164629585
Y2020_LAT23.65609_LON90.43634,2020,90.43634432324464,23.656087822467907,8,29.58379522514692,29.40588236146343,2.348514451865626,24.407403260000024,37.81629572000003,0.5140698679208748,1.2197111001766061,0.9252996484689338
Y2020_LAT23.65625_LON90.44614,2020,90.44614039448588,23.656249628012446,8,30.315744985211403,29.716771480769253,2.796714557434105,24.93719636000003,39.77994821000004,0.4349905989281628,1.2975057043395564,0.9945999936470513
Y2020_LAT23.65641_LON90.45594,2020,90.45593655269141,23.65641081546605,8,28.99860150395092,29.02643003750002,2.5598395732601715,23.652020839999977,36.46105079,0.3111916923337967,1.09275763378859,0.6758882598924698
Y2020_LAT23.65657_LON90.46573,2020,90.46573279774167,23.656571384915978,8,24.855948590993407,24.896180120000054,0.41110476072409674,24.34929692000003,25.69599679999999,0.3331357485082239,1.0,0.003203756811519381
Y2020_LAT23.65757_LON90.015,2020,90.01499551017915,23.657566236566307,8,,,,,,,,0.0
Y2020_LAT23.65775_LON90.02479,2020,90.02478819164048,23.65775467575426,8,20.61845378521742,21.11926802000005,0.8592750574796475,19.294045340000025,21.252570800000058,-0.07363593286794165,1.0,0.006900032470741031
Y2020_LAT23.65794_LON90.03458,2020,90.03458097454474,23.657942497728577,8,24.638325157946475,24.58912799000002,1.2889226660477535,19.249611080000022,29.626719800000046,0.5134369832455741,1.1874999999999993,0.5712006720007895
Y2020_LAT23.65813_LON90.04437,2020,90.04437385854851,23.658129702363212,8,24.994135373042802,25.05371063000002,0.5278480666303336,23.13248180000005,26.70431270000006,0.4468256779310251,1.0589540412044367,0.9465011135307214
Y2020_LAT23.65832_LON90.05417,2020,90.05416684324668,23.658316289721874,8,25.16175330083345,25.17930611000002,0.3883402370077117,23.925462440000047,25.95234830000004,0.39276786836336736,1.0,0.9086019228325777
Y2020_LAT23.6585_LON90.06396,2020,90.06395992843409,23.658502259648635,8,25.205483188038027,25.261908260000023,0.41123797343473373,24.082691360000013,26.034380779999992,0.4478981732440787,1.0,0.9981999978823505
Y2020_LAT23.65869_LON90.07375,2020,90.07375311363549,23.65868761223123,8,25.11689825480903,25.24276734800003,0.8282032327870734,23.067539420000003,26.70773072000003,0.5717491919114449,1.0,0.8832998627057208
Y2020_LAT23.65887_LON90.08355,2020,90.08354639862759,23.65887234750067,8,23.30691193825543,23.361014415000025,0.8381290836118105,20.521114520000026,25.750685120000014,0.6322017769176627,1.0,0.8592993378792371
Y2020_LAT23.65906_LON90.09334,2020,90.09333978300259,23.659056465300775,8,23.457857370967076,23.401138172000007,0.6002820579722046,22.100239760000022,25.241400139999996,0.6151354952892919,1.0,0.9111998955292885
Y2020_LAT23.65924_LON90.10313,2020,90.10313326652143,23.659239965665787,8,24.623165772500034,24.66228989428572,0.47381339092075303,23.508464000000004,25.685742740000023,0.6220495589077473,1.0,0.25200029647093675
Y2020_LAT23.65942_LON90.11293,2020,90.11292684873005,23.65942284849785,8,24.675824683622185,24.710400680000035,0.4994215395547407,22.048969460000023,25.33026866,0.6190969258864231,1.0,0.2047986108169919
Y2020_LAT23.65961_LON90.12272,2020,90.12272052944736,23.659605113927626,8,24.3713797149963,24.427341710000025,0.49733179956348417,22.28823086,25.275580340000033,0.6503230347356905,1.0,0.4389993399992227
Y2020_LAT23.65979_LON90.13251,2020,90.13251430809983,23.65978676176679,8,25.147815991372873,25.266799564482778,0.7883133822740809,22.831696039999997,27.12814718000004,0.609514457160898,1.0,0.9321999202352003
Y2020_LAT23.65997_LON90.14231,2020,90.14230818473796,23.659967792088718,8,25.865979297300825,25.833271873513535,0.8819568272965926,23.204260220000037,28.13646308,0.5829478409248321,1.0,1.0
Y2020_LAT23.66015_LON90.1521,2020,90.15210215855805,23.660148204837075,8,26.074715020387032,26.078306955945965,0.7811463056896424,23.669110939999996,27.82200524000001,0.6105396168657145,1.0,0.9819999788235045
Y2020_LAT23.66033_LON90.1619,2020,90.16189622963945,23.66032799999945,8,26.40916442571074,26.706090070400013,1.2960555696812377,23.00601505999998,29.442146719999982,0.5475128336518569,1.0,0.47910056364772197
Y2020_LAT23.66051_LON90.17169,2020,90.171690397392,23.660507177542893,8,23.439283123960195,23.356789362500002,0.5798280866986271,22.131001940000033,24.844909819999998,0.6491193506306252,1.0,0.27120127624129964
Y2020_LAT23.66069_LON90.18148,2020,90.18148466160724,23.660685737444066,8,,,,,,,,0.0
Y2020_LAT23.66086_LON90.19128,2020,90.19127902196914,23.66086367968809,8,25.22651575643248,24.969818345000025,1.2212257896485397,21.74476568,29.82496495999999,0.5981092173302242,1.0,0.523899439881693
Y2020_LAT23.66104_LON90.20107,2020,90.20107347794811,23.66104100422481,8,24.581540459637363,24.483679074736866,0.9410409120240031,22.158346100000017,28.652584100000013,0.6214149912112048,1.0,0.6066981491677598
Y2020_LAT23.66122_LON90.21087,2020,90.21086802953347,23.66121771105298,8,23.80958647539726,23.644658950769244,1.0997615828435499,21.437143880000008,28.57055162000006,0.6284693839202314,1.0,0.6540995930583438
Y2020_LAT23.66139_LON90.22066,2020,90.22066267606631,23.66139380014104,8,23.386083018351794,23.552165827142886,0.9492778562318359,21.52943042000004,26.085651080000048,0.6052422853942664,1.0,0.766899725764383
Y2020_LAT23.66157_LON90.23046,2020,90.23045741748071,23.661569271449984,8,23.107222826003945,23.08140139000003,0.8193284048083886,21.338021300000037,26.72140280000002,0.6092291867031021,1.0,0.8172991402312484
Y2020_LAT23.66174_LON90.24025,2020,90.2402522533002,23.66174412497075,8,23.181943195445424,23.23177111268295,1.3120062554651986,19.946887160000017,26.506067540000004,0.6728764582658932,1.1771550975510914,0.6705996124701312
Y2020_LAT23.66192_LON90.25005,2020,90.25004718316151,23.661918360714164,8,25.660969188053784,25.653544991600018,1.5423437305423457,21.62855300000001,30.470970739999984,0.6286387356143709,1.4713367168551015,0.8337998044703577
Y2020_LAT23.66209_LON90.25984,2020,90.25984220682595,23.662091978628148,8,27.03548054391579,26.334434107142872,2.501546745012761,23.050449319999984,34.58968484000002,0.6287393373049924,1.2888877554805434,0.7611988762300059
Y2020_LAT23.66226_LON90.26964,2020,90.26963732391111,23.66226497864561,8,24.686538730421073,24.575367230406112,0.8934599524194063,22.640286919999994,30.371848160000013,0.6543328981747283,1.0,0.3626107520324475
Y2020_LAT23.66244_LON90.27943,2020,90.2794325341656,23.662437360798467,8,27.430542308074227,26.957246180000027,2.663339598513432,22.438623740000025,32.37480788000005,0.5767677338907017,1.3552078075046265,0.042295319972671344
Y2020_LAT23.66278_LON90.29902,2020,90.29902323249809,23.662780271433803,8,37.930361936992675,36.94555512500001,3.770859141097391,28.380851510000014,45.90333104000001,0.4233600032876913,1.6974633175826928,0.11493250823549582
Y2020_LAT23.66295_LON90.30882,2020,90.30881872007676,23.662950799805053,8,32.089223468268045,32.47393046000002,4.313066896497097,23.956224620000057,39.884197820000054,0.5218706149696629,1.619992239141488,0.5385011691039499
Y2020_LAT23.66312_LON90.31861,2020,90.31861429929954,23.66312071017582,8,26.377223780363266,26.09596026935486,1.9864328662457738,23.443521620000013,36.558464360000016,0.6025776865950262,1.0904846944446498,0.9525997769401268
Y2020_LAT23.66329_LON90.32841,2020,90.32840997011043,23.66329000255966,8,25.104082228021717,24.96736038650003,1.3578989449397854,22.86929426000006,33.33868952,0.6290144379012739,1.0103819289206162,0.9630999565881843
Y2020_LAT23.66346_LON90.33821,2020,90.33820573193998,23.66345867691498,8,27.101160065103706,27.719464640000023,3.1833541372561767,22.10707580000002,35.823590060000015,0.6585672993841575,1.4961250337234753,0.9549999470587613
Y2020_LAT23.66363_LON90.348,2020,90.34800158450707,23.663626733183868,8,28.933395418080018,29.345137915526333,1.8096875900581055,24.749205260000053,32.73711800000001,0.6522486655432673,1.7773989524656584,1.0
Y2020_LAT23.66379_LON90.3578,2020,90.3577975276047,23.663794171446803,8,27.835940083612485,28.03088424000002,2.124391064240571,22.23354254000003,33.487373390000016,0.5773778114266779,1.3057991832931544,1.0
Y2020_LAT23.66396_LON90.36759,2020,90.36759356076453,23.663960991623302,8,29.46345104243464,29.641759088000015,3.387369233274649,22.30190293999999,36.19273622000003,0.5347839121950037,1.4379320709347756,0.9981011742366754
Y2020_LAT23.66413_LON90.37739,2020,90.37738968368167,23.664127193689648,8,32.91555561528021,33.36432467000001,4.0700728468418195,25.55585798000004,40.33537646000002,0.5109633195606323,1.506172785725488,0.8102014597715747
Y2020_LAT23.66429_LON90.38719,2020,90.38718589607517,23.664292777606878,8,34.77739649358127,34.96874325800002,2.7037548006469745,24.98846666000003,40.23967190000002,0.518364994331084,1.3974085505313407,0.7329996858819819
Y2020_LAT23.66446_LON90.39698,2020,90.39698219758391,23.664457743416822,8,27.998306843442663,28.09480596125002,2.254538122023896,23.081211499999995,35.365575379999996,0.4869414838381194,1.0,0.6222007320008602
Y2020_LAT23.66462_LON90.40678,2020,90.40677858784863,23.66462209094527,8,27.54641193088397,26.34428126000002,2.9587056804224168,24.325370780000014,35.47153400000002,0.6039536037783093,1.0220437471128363,0.43549969646915926
Y2020_LAT23.66479_LON90.41658,2020,90.41657506658078,23.664785820286717,8,35.79875989086071,35.68774460658538,2.1694618451971324,26.03779880000002,42.76900669999998,0.6099908051265525,1.0003386009010768,0.8859998658821954
Y2020_LAT23.66495_LON90.42637,2020,90.42637163342931,23.66494893146759,8,32.66437437680177,35.71203831636365,4.397371239348626,24.486017720000007,37.77869750000002,0.5920450060777828,1.0302867621907175,0.7428996975290562
Y2020_LAT23.66511_LON90.43617,2020,90.43616828794282,23.66511142432253,8,32.52057172456539,31.975219979375005,3.3147701856799343,25.90449602000001,38.27431039999999,0.5100247845907164,1.2102053821464287,0.6036981350500463
Y2020_LAT23.66527_LON90.44597,2020,90.4459650301101,23.66527329895515,8,30.277945473295663,30.152929491935517,2.384392617694396,23.515300040000056,37.81971374,0.3215709983693067,1.1331664868638152,0.8898959844417854
Y2020_LAT23.66543_LON90.45576,2020,90.455761859255,23.66543455528528,8,26.43614337514054,26.101032170000053,2.1646799446737144,23.57682440000002,34.994720210000025,0.17690398869085414,1.199711036539896,0.1536274948536649
Y2020_LAT23.66659_LON90.01479,2020,90.01479055228913,23.666586606128025,8,26.73679450311204,26.748746960000005,0.47357047668714025,25.743849080000018,27.538309580000032,-0.09082059814143154,1.0,0.04084395843083168
Y2020_LAT23.66678_LON90.02458,2020,90.0245839038036,23.666775125771643,8,27.335688363530267,26.524464530000024,2.4599229322452465,19.276955240000007,34.760585839999976,0.23822685168266636,1.201138653296468,0.45386747577289266
Y2020_LAT23.66696_LON90.03438,2020,90.0343773566803,23.666963027846926,8,26.722699321664503,25.969588642637383,2.650469090753281,21.71058548000002,33.22589486000004,0.5210457152568146,1.7002004052393216,0.9563021473042228
Y2020_LAT23.66715_LON90.04417,2020,90.04417091068814,23.667150312410396,8,24.95678842304953,25.083829418000022,1.1259140186197172,22.131001940000033,26.933320040000012,0.5266401707936336,1.264833281264514,0.8360015811839089
Y2020_LAT23.66734_LON90.05396,2020,90.05396456549875,23.66733697933665,8,25.102083179080054,25.20551093000003,1.0186605293889415,22.74282751999999,26.933320040000012,0.4913279494856084,1.0022234720169505,0.5396990103482824
Y2020_LAT23.66752_LON90.06376,2020,90.06375832072634,23.667523028751464,8,24.370281070391513,24.33494123600001,0.6795813972143215,22.49673008000002,26.31124040000003,0.5628519757037715,1.0,0.8478992842319228
Y2020_LAT23.66771_LON90.07355,2020,90.07355217606052,23.66770846043795,8,24.31761165311129,24.381768110000014,0.7717996934516078,22.500148100000047,26.348838620000038,0.630000144568999,1.0,1.0
Y2020_LAT23.66789_LON90.08335,2020,90.08334613121336,23.66789327448936,8,23.749047084192913,23.757979460000023,0.5658829864154032,22.356591260000016,25.087589240000057,0.6550959978218297,1.0,0.7235998757641193
Y2020_LAT23.66808_LON90.09314,2020,90.09314018580726,23.668077470870962,8,22.910088130171484,22.83169604000002,0.6591600569137203,21.109013960000027,24.762877340000045,0.6288318720918573,1.0,0.539900187765588
Y2020_LAT23.66826_LON90.10293,2020,90.10293433949884,23.668261049537524,8,,,,,,,,0.0
Y2020_LAT23.66844_LON90.11273,2020,90.11272859192228,23.668444010476485,8,23.329007843304677,23.296546760000016,0.9305950178037214,20.82873632000002,25.784865319999994,0.6142460207824704,1.0,0.4684998517640073
Y2020_LAT23.66863_LON90.12252,2020,90.12252294293911,23.668626353654744,8,24.291697800077472,24.32521180232559,0.8963052671495436,21.556774580000024,26.615444180000054,0.634469971231914,1.0,0.8790994310561434
Y2020_LAT23.66881_LON90.13232,2020,90.13231739188161,23.66880807905234,8,24.741785524566545,24.662045750000033,0.6061597771192315,23.094883579999987,26.324912480000023,0.5609132914014466,1.0,0.19309855575790896
Y2020_LAT23.66899_LON90.14211,2020,90.14211193878464,23.668989186677955,8,24.475352987054308,24.327079790000017,0.8911950921412766,21.751601720000053,26.50948556000003,0.5090786344483178,1.0,0.6635007694153842
Y2020_LAT23.66917_LON90.15191,2020,90.15190658308181,23.66916967639828,8,25.257351019598058,25.52039602250003,1.2228930600140435,21.751601720000053,27.340064420000033,0.5890110136757806,1.0,0.7397011280053064
Y2020_LAT23.66935_LON90.1617,2020,90.16170132444506,23.669349548306652,8,25.379845137229513,25.48476316400002,0.9753873528512016,23.152989919999982,27.620342059999984,0.630786868816138,1.0,0.5739027007185897
Y2020_LAT23.66953_LON90.1715,2020,90.17149616267439,23.669528802331403,8,,,,,,,,0.0
Y2020_LAT23.66971_LON90.18129,2020,90.181291097336,23.669707438463153,8,23.183084622962035,23.134190810000035,0.6363885994168219,21.953264900000022,24.80389358000002,0.6441832456644994,1.0,0.22890107718153893
Y2020_LAT23.66989_LON90.19109,2020,90.19108612817423,23.669885456656257,8,23.628682191318937,23.639976388571448,0.6085538668366579,20.818482259999996,24.909852200000046,0.6798640486925768,1.0,0.9557021444806798
Y2020_LAT23.67006_LON90.20088,2020,90.20088125469215,23.670062856937736,8,23.119669099204426,23.14005027285716,0.692108954310886,20.586056900000017,24.62615654000001,0.6560320820971524,1.0,0.7623000578826234
Y2020_LAT23.67024_LON90.21068,2020,90.21067647670718,23.670239639173236,8,22.134995399799543,22.046121110000016,1.0682640141232023,19.936633099999995,27.644268200000056,0.6437575859911976,1.0,0.52479776375418
Y2020_LAT23.67042_LON90.22047,2020,90.22047179392902,23.67041580338254,8,23.04004743982651,23.07802134800001,1.073175762384951,20.40490183999998,26.095905140000013,0.6077499243895285,1.0,0.9567997967049257
Y2020_LAT23.67059_LON90.23027,2020,90.23026720583478,23.670591349684884,8,22.719948462037234,22.454257666961354,1.181453587692104,20.380975700000022,26.72140280000002,0.6136315190033139,1.0,0.8508992983496364
Y2020_LAT23.67077_LON90.24006,2020,90.24006271224383,23.670766277818203,8,22.163921553108672,22.331200254285736,1.0799762076550574,19.769150120000006,24.171559880000018,0.6289338678742342,1.0615873678988492,0.5406978385780614
Y2020_LAT23.67094_LON90.24986,2020,90.24985831290394,23.67094058795108,8,24.38938812721642,23.845352596250013,2.271380113106235,20.926149890000033,30.96316562000004,0.6799231159907618,1.5540122851472122,0.8997995284683659
Y2020_LAT23.67111_LON90.25965,2020,90.2596540071639,23.671114279915606,8,28.98623237495926,29.528589548387107,1.8089653071324467,22.503566120000016,31.31180366000001,0.7081354861379792,1.0354512006652519,0.8997995284683664
Y2020_LAT23.67129_LON90.26945,2020,90.26944979498077,23.67128735378411,8,25.531868625662852,25.01888703800001,1.4328849465785225,22.47963998,30.751248379999993,0.6574011183594173,1.1033874233646448,0.501997656459558
Y2020_LAT23.67146_LON90.27925,2020,90.2792456759283,23.671459809556552,8,28.533767117781764,26.97433627999999,4.158076065598827,22.127583920000006,37.918836320000025,0.5974057615948041,1.2876499035873776,0.6953669213312319
Y2020_LAT23.67163_LON90.28904,2020,90.28904164971378,23.67163164707944,8,24.59795710965165,24.773932730303926,2.1054932229355066,21.276496940000015,34.02571154000003,0.6316164214925615,1.010778315850197,0.23508104520116715
Y2020_LAT23.6718_LON90.29884,2020,90.29883771584848,23.67180286643217,8,30.92117823975904,30.30832995500001,5.066899474691087,24.660336740000048,44.62499156000001,0.6245903313894804,1.2544319733454032,0.932287289683173
Y2020_LAT23.67197_LON90.30863,2020,90.3086338742287,23.6719734675823,8,31.527376453401686,31.391194942727292,1.0067295170960562,28.60814984000001,35.931257690000024,0.6512632135669906,2.0,1.0
Y2020_LAT23.67214_LON90.31843,2020,90.3184301243405,23.67214345053694,8,30.336546064047702,30.71909409251657,1.5710770231247462,24.50994386000002,32.808896420000025,0.6652654833890644,1.9120995863509944,1.0
Y2020_LAT23.67231_LON90.32823,2020,90.32822646598497,23.67231281518136,8,26.05798748046117,24.837048374000016,2.882905883700277,19.946887160000017,32.38847996000004,0.6394482734721458,1.3589661920889502,0.9972999872940579
Y2020_LAT23.67248_LON90.33802,2020,90.33802289865336,23.672481561486364,8,25.431085923799497,24.68298112250001,2.707193732895853,19.505962580000016,31.725384080000026,0.6577408518510528,1.4836824367561066,0.9927999661174877
Y2020_LAT23.67265_LON90.34782,2020,90.347819422269,23.67264968961687,8,26.055821016535862,25.214650418260884,2.5794541997726177,21.98744510000006,32.06718608,0.651295499643024,1.3631993562322666,1.0
Y2020_LAT23.67282_LON90.35762,2020,90.35761603619699,23.672817199345946,8,27.590928278524018,27.33396081285716,3.9431853224761704,21.36536546000002,35.80308194000003,0.6944144563968504,1.278424025908018,0.7290987251704685
Y2020_LAT23.67298_LON90.36741,2020,90.36741274047239,23.672984090720792,8,28.156035446983665,24.02159425250003,6.030353702489263,21.00989138,36.36363721999999,0.6369180018784576,1.0,0.1830008611805226
Y2020_LAT23.67315_LON90.37721,2020,90.37720953437174,23.67315036372105,8,33.8795782376802,33.46639917636364,2.3906733508822766,29.70875228,39.60050216000002,0.5663987801172694,1.0,0.33310039106066325
Y2020_LAT23.67332_LON90.38701,2020,90.38700641776765,23.673316018313184,8,32.221843110982995,32.77984325000002,4.29577624192157,23.925462440000047,38.81093954000005,0.6269442208685235,1.0,0.4753998842347472
Y2020_LAT23.67348_LON90.3968,2020,90.39680339036659,23.67348105445784,8,31.01658524262013,31.980026570000007,3.0681426561030145,25.289252420000025,34.60677494000004,0.5046959503769354,1.0,0.06870032329563885
Y2020_LAT23.67365_LON90.4066,2020,90.40660045175213,23.673645472221292,8,35.712588087268394,35.90562254000003,2.696548162483529,26.912811920000024,41.43597890000001,0.44268439422835937,1.3897189033689719,0.48829994494091566
Y2020_LAT23.67381_LON90.4164,2020,90.4163976015287,23.673809271455447,8,35.25904999734114,35.21720223909092,2.255769430131738,29.70875228,42.457966880000015,0.6303450863995551,1.4231996385865293,1.0
Y2020_LAT23.67397_LON90.42619,2020,90.42619483956582,23.673972452224067,8,33.78765586027127,33.15118976037501,1.956428533560784,29.78223971,38.68618181000002,0.5086174403472496,1.910101929891435,1.0
Y2020_LAT23.67414_LON90.43599,2020,90.43599216531646,23.67413501452833,8,31.246444016932223,31.40795404869568,3.375912133717024,23.088047540000048,38.21449505000001,0.38796405281434065,1.406662620386382,0.924600821650923
Y2020_LAT23.6743_LON90.44579,2020,90.44578957854675,23.674296958143618,8,32.199639236203105,32.15035790000002,2.9680032901755395,23.125645759999998,36.85241408000002,0.28044407482466427,1.0,0.2662989002301188
Y2020_LAT23.67446_LON90.45559,2020,90.45558707901341,23.674458283331234,8,28.30740167344624,28.034776985000022,2.6674165080410557,24.38347712000001,35.02719139999999,0.3372757373635224,1.0,0.20562747251958216
Y2020_LAT23.6758_LON90.02438,2020,90.02437951447082,23.67579556360516,8,31.544303313501548,32.72539907428573,3.065255375651728,26.94015608000001,36.06626948000002,0.40151749691415006,1.0473178137651822,0.21396859772604238
Y2020_LAT23.67598_LON90.03417,2020,90.03417363771479,23.6759835458416,8,33.41864301889151,33.42196491636366,1.3062154783313016,29.09692670000004,36.61657070000001,0.5843061086728703,1.0,0.8906964464671214
Y2020_LAT23.67617_LON90.04397,2020,90.04396786208045,23.676170910287578,8,28.80590943263858,29.14933634000003,2.8159434439949598,22.455713840000044,34.907560699999976,0.5644449908671123,1.1459931370435201,0.9657999597646587
Y2020_LAT23.67636_LON90.05376,2020,90.05376218728698,23.676357656909072,8,24.938917877886638,25.01763376400002,1.0519447891974638,22.51723820000001,28.054430600000046,0.5020818356214383,1.0855116446739657,0.4209972752812958
Y2020_LAT23.67654_LON90.06356,2020,90.06355661291529,23.676543785630265,8,24.783302833398672,24.893287949230793,0.9284821269291326,21.99086312000003,26.793181220000008,0.5739318676689009,1.0,0.7083996569407728
Y2020_LAT23.67673_LON90.07335,2020,90.07335113867751,23.67672929647067,8,24.45797204022845,24.421477460000016,0.752985378324256,22.619778800000006,26.97091826000002,0.63771435762147,1.0,0.6210995542347696
Y2020_LAT23.67691_LON90.08315,2020,90.0831457643995,23.67691418943131,8,23.539883404952953,23.44807897999999,0.4514910200081101,22.862458220000008,24.964540520000014,0.6522941862242257,1.0,0.09109807575565065
Y2020_LAT23.6771_LON90.09294,2020,90.09294048937929,23.677098464394223,8,23.405153575675687,23.513591030000043,0.34877708924213874,22.373681359999978,23.963060659999996,0.6352329852881732,1.0,0.09990011752955
Y2020_LAT23.67728_LON90.10274,2020,90.102735313684,23.67728212138585,8,,,,,,,,0.0
Y2020_LAT23.67747_LON90.11253,2020,90.11253023667851,23.67746516043704,8,21.729084127953918,21.652479140000025,0.7771921796436828,20.145132320000016,23.16324398000006,0.6039115798413853,1.0,0.15979839905128973
Y2020_LAT23.67765_LON90.12233,2020,90.12232525824136,23.677647581381592,8,23.541080868606063,23.522136079999996,0.4915087931368135,22.59585265999999,24.684262880000006,0.6656341133635585,1.0,0.1266989725870265
Y2020_LAT23.67783_LON90.13212,2020,90.13212037793532,23.677829384331158,8,23.757992333898322,23.778487580000046,0.5774649909243297,21.905412619999993,24.947450419999996,0.6642959119573151,1.0,0.3186003748239704
Y2020_LAT23.67801_LON90.14192,2020,90.1419155954399,23.678010569231475,8,23.174789163912333,23.320045647500045,0.8951887180008727,20.880006620000017,24.598812380000027,0.6209431939442684,1.0,0.1779008371804103
Y2020_LAT23.67819_LON90.15171,2020,90.1517109104151,23.67819113600104,8,24.64402170609298,24.710325282500023,0.6616238489145342,22.72915544,26.342002579999985,0.6690033033452741,1.0,0.4776005618830137
Y2020_LAT23.67837_LON90.16151,2020,90.16150632255399,23.67837108468376,8,23.29035159875,23.36490716000003,0.36327957093065416,22.083149660000004,23.932298479999986,0.5371930208057162,1.0,0.03840004517652375
Y2020_LAT23.67855_LON90.1713,2020,90.17130183151394,23.678550415217572,8,23.818556402625347,24.07790613200001,1.279271508575372,20.890260679999983,26.205281780000007,0.6160089748342272,1.0,0.5325025058941457
Y2020_LAT23.67873_LON90.1811,2020,90.1810974369278,23.678729127524555,8,24.445149863989073,24.525626540000008,0.5827968729161684,22.230124520000004,25.85664373999998,0.6754590649006215,1.0,0.9882011625896031
Y2020_LAT23.67891_LON90.19089,2020,90.19089313852575,23.678907221657223,8,23.78676863658541,23.80617354200003,0.433970112295578,22.28481284000003,25.094425279999996,0.6972917762875234,1.0,0.5535006511772366
Y2020_LAT23.67908_LON90.20069,2020,90.20068893596161,23.679084697594206,8,21.392080544791824,21.383259800000012,0.619381537549411,20.046009740000045,22.787261779999994,0.6548414540550928,1.0,0.2068986206993914
Y2020_LAT23.67926_LON90.21048,2020,90.21048482882942,23.679261555294072,8,21.915654984444647,21.898476050000028,0.6177527562492244,19.902452900000014,23.593914499999983,0.6949086498722746,1.0,0.996399995764701
Y2020_LAT23.67944_LON90.22028,2020,90.2202808169129,23.67943779475141,8,21.562982702191864,21.395195452727293,0.9115830015285243,20.090444000000048,24.26384642000005,0.6637215324423462,1.0,0.5622994850582177
Y2020_LAT23.67961_LON90.23008,2020,90.23007689982374,23.67961341583715,8,22.54019811267915,22.48279507538464,1.1184404270550155,20.032337660000053,25.03290092000003,0.6185045947940442,1.0,0.543997854107549
Y2020_LAT23.67979_LON90.23987,2020,90.23987307712183,23.679788418657314,8,23.206560039473274,23.225327652363656,0.5882667169339718,20.97571118000002,24.427911380000012,0.6398230043699281,1.0,1.0
Y2020_LAT23.67996_LON90.24967,2020,90.24966934876005,23.67996280312878,8,23.071924644361204,22.849274428571423,0.8480949512951241,21.652479140000025,25.552439960000015,0.6440175549196255,1.0428283873471136,0.4365993371756905
Y2020_LAT23.68014_LON90.25947,2020,90.25946571403094,23.680136569215893,8,24.87574994017428,24.724058398571458,1.7575484261818555,21.457652000000053,30.026628140000014,0.6507308025738306,1.0548584843019746,0.8238991712902175
Y2020_LAT23.68031_LON90.26926,2020,90.26926217288214,23.680309717012452,8,25.453344721020386,24.9017568894737,1.876250160921496,22.879548320000026,32.28252134000002,0.608787286264467,1.0,0.5532994744699697
Y2020_LAT23.68048_LON90.27906,2020,90.27905872496201,23.68048224632503,8,29.533552122915,28.97538190880003,2.882880852808421,24.188649980000037,37.43005946000005,0.46414732968971806,1.540831648647857,0.9636999572940674
Y2020_LAT23.68065_LON90.28886,2020,90.2888553697017,23.68065415725346,8,29.737758096925635,29.903816312475268,1.6486835528092505,22.394189480000023,35.94322076000003,0.6708144810870025,1.8953729621624602,0.8964995129388841
Y2020_LAT23.68083_LON90.29865,2020,90.29865210710203,23.680825449623452,8,30.750618617116505,30.595630812285734,2.699868059390051,24.70818902000002,37.25915845999998,0.681925212144086,1.7548008880010446,1.0
Y2020_LAT23.681_LON90.30845,2020,90.30844893653449,23.680996123618623,8,30.356686201073362,29.828197572029037,4.446530273675385,22.042133420000027,41.28558601999998,0.6593675854805405,1.315212554261581,0.8406998125880152
Y2020_LAT23.68117_LON90.31825,2020,90.31824585795898,23.681166179057755,8,28.65767678476922,29.612705918000017,1.937605655134084,25.487497580000024,32.00224370000001,0.6851369522422238,1.610898168932559,1.0
Y2020_LAT23.68134_LON90.32804,2020,90.32804287068859,23.68133561598389,8,32.19196458957542,31.212836444545474,2.1401598984640144,28.080065750000017,36.85925012000001,0.6911322237886471,1.593199521411202,1.0
Y2020_LAT23.6815_LON90.33784,2020,90.33783997470627,23.68150443436738,8,32.79012054493872,33.57243798451614,3.5920655483666972,19.704207740000015,37.864148,0.6926856443058926,1.0798341535187024,0.9882999862352779
Y2020_LAT23.68167_LON90.34764,2020,90.34763716947079,23.68167263416561,8,28.966748675198744,32.82484718000001,5.705235213716712,19.509380599999986,36.67125901999998,0.7130826106588803,1.0155349807058864,0.8496992927025538
Y2020_LAT23.68184_LON90.35743,2020,90.35743445478417,23.681840215417694,8,28.50441989430858,28.781272553000015,3.360313357422301,21.23889872000001,34.54866860000004,0.7120090052492039,1.5103006003536463,1.0
Y2020_LAT23.68201_LON90.36723,2020,90.36723183031991,23.682007177967904,8,30.983141737214485,31.401526685000007,4.232625603615054,23.89128224000001,37.9666886,0.6440216800585118,1.2297872340425526,0.9165010782365629
Y2020_LAT23.68217_LON90.37703,2020,90.37702929556154,23.682173521934047,8,32.84929297741301,33.76594202000003,2.818399082836653,25.12176943999998,38.00770484000003,0.6435276615464843,1.1818181818181828,0.5775027176598478
Y2020_LAT23.68234_LON90.38683,2020,90.38682685035715,23.68233924722738,8,26.944162333584526,26.719227696363646,1.7983788448929492,23.30338280000001,33.60700409000003,0.5633067165002561,1.026476578411405,0.589200693177286
Y2020_LAT23.6825_LON90.39662,2020,90.39662449431165,23.682504353804134,8,29.28278153750003,28.341544280000015,2.917129863887559,25.193547860000024,36.46959584000001,0.47476367963237986,1.2254601226993858,0.19560023011791783
Y2020_LAT23.68267_LON90.40642,2020,90.4064222271138,23.68266884167841,8,32.76792006887922,32.97584228257144,3.369139231418797,26.776091120000046,40.11833219000002,0.44425280162523806,1.7419867305435095,0.995302330834498
Y2020_LAT23.68283_LON90.41622,2020,90.41622004843472,23.682832710833175,8,32.17116714383715,31.776499015454565,2.310529508735375,27.842513359999998,37.59583343000003,0.39524858441975214,1.5041345718169448,0.8100997765879726
Y2020_LAT23.683_LON90.42602,2020,90.42601795782869,23.682995961220236,8,33.86029381455897,35.536476380000025,4.187576795266518,23.593914499999983,39.36294977000003,0.28572990203179655,1.773499733529098,1.0
Y2020_LAT23.68316_LON90.43582,2020,90.43581595517679,23.683158592791173,8,33.03022271978541,33.171206540000014,4.8434074722791145,23.235022400000048,43.92771548000002,0.21832229819841661,1.8479030448407956,0.7298010814168536
Y2020_LAT23.68332_LON90.44561,2020,90.44561403991838,23.683320605739755,8,35.178307009189204,31.82279765000004,5.548259006440971,27.57590779999998,44.242173320000006,0.2930175596655647,1.0206677265500796,0.1887002220002611
Y2020_LAT23.68348_LON90.45541,2020,90.45541221193358,23.683481999713646,8,34.77773221825556,36.414623168590836,4.910294296589505,24.434747420000008,41.391544640000006,0.4081852146277164,1.0793908181664873,0.5449924352756528
Y2020_LAT23.68364_LON90.46521,2020,90.46521047076008,23.683642774852633,8,34.65691153398573,34.20526347802799,2.0890918361178072,29.208012350000047,39.634682360000056,0.4689157587532138,1.013450279178063,0.32373550537705265
Y2020_LAT23.6838_LON90.47501,2020,90.47500881598002,23.683802931209467,8,31.010645135993094,30.523550991827438,2.124121367824887,28.274892890000046,37.628304619999994,0.45638267505865837,1.8441662896496256,0.07097646605488875
Y2020_LAT23.685_LON90.03397,2020,90.03396981755542,23.68500405169941,8,37.13115199739626,37.53772442799068,2.1941003462352255,29.50708910000003,40.178147540000055,0.5382114576445411,1.040700339169493,0.19879147031703914
Y2020_LAT23.68519_LON90.04376,2020,90.04376471264946,23.685191496040034,8,31.765939364013075,30.852763574000022,3.4585074486751566,25.255072220000017,38.54091596000001,0.6108227059769717,1.5818617361061884,0.9981933472669949
Y2020_LAT23.68538_LON90.05356,2020,90.05355970859381,23.685378322299123,8,29.817470107642393,28.969700400000022,3.5028179831004636,23.38199726000005,35.86802432000002,0.6212637020829759,1.41797461945515,0.8643993618793526
Y2020_LAT23.68556_LON90.06335,2020,90.06335480496062,23.685564530452844,8,24.45833437144038,24.351934739782635,1.677502189575166,21.802872019999995,32.40557006000006,0.5584154387885955,1.2718681704533734,0.5829995094111896
Y2020_LAT23.68575_LON90.07315,2020,90.07315000156721,23.685750120436253,8,24.40569425000002,24.43645643000002,0.44398267282151055,23.39566934000004,25.26532628000001,0.5942497279714135,1.0,0.06120007200008466
Y2020_LAT23.68594_LON90.08295,2020,90.08294529795054,23.685935092191453,8,23.565783763130085,23.63236722500001,0.5680716722036273,22.192526300000054,24.879090020000035,0.6330963660573355,1.0,0.10939816187370323
Y2020_LAT23.68612_LON90.09274,2020,90.09274069395413,23.686119445769236,8,23.293371954094813,23.397622494285724,0.7186696227717311,21.211554560000025,24.98846666000003,0.6290466744093985,1.0,0.6150995471759395
Y2020_LAT23.6863_LON90.10254,2020,90.10253618903371,23.686303181147174,8,21.894434744000016,21.932756779999977,0.4049831314862475,21.026981480000018,22.520656219999978,0.6780804423724903,1.0,0.025500030000035347
Y2020_LAT23.68649_LON90.11233,2020,90.1123317830009,23.686486298260636,8,22.313952035907906,22.362391536363635,0.3349447180369996,21.225226640000017,23.129063780000024,0.6591960933053603,1.0,0.5603002837660435
Y2020_LAT23.68667_LON90.12213,2020,90.12212747545509,23.686668797078124,8,23.518672799687355,23.52555410000004,0.7382793538548676,21.74476568,24.882508040000005,0.664387507048162,1.0,0.3480992330579213
Y2020_LAT23.68685_LON90.13192,2020,90.1319232660632,23.686850677571027,8,24.037941459217997,24.104908490000042,0.4099649763436704,22.96158079999998,24.913270220000015,0.687474602445985,1.0,0.36060042423579386
Y2020_LAT23.68703_LON90.14172,2020,90.14171915461574,23.68703193971143,8,23.32738086127284,23.46402974,0.5849027573060387,21.611462899999992,24.33220682000001,0.6581695674804758,1.0,0.10969816328547452
Y2020_LAT23.68721_LON90.15152,2020,90.15151514060925,23.687212583529078,8,23.91449841869201,23.91444882000002,0.43437215221848646,22.247214620000022,24.800475559999995,0.6818235769344895,1.0,0.8070997730585592
Y2020_LAT23.68739_LON90.16131,2020,90.16131122379636,23.68739260891942,8,,,,,,,,0.0
Y2020_LAT23.68757_LON90.17111,2020,90.17110740382451,23.68757201592602,8,23.476642016881264,23.64480502000001,0.934768598335361,21.044071580000036,25.535349859999997,0.6765717261775671,1.0,0.330901557183799
Y2020_LAT23.68775_LON90.1809,2020,90.18090368039647,23.68775080454604,8,23.703008552852292,23.801131962500037,0.8926692542009192,21.13635812000001,25.39862906000002,0.653752603518788,1.0,0.7983009391775774
Y2020_LAT23.68793_LON90.1907,2020,90.19070005308562,23.687928974645676,8,23.43013755469504,23.452855443846165,0.6791510212519158,20.90735078,25.1832938,0.6857580154682225,1.0,0.7530997095290727
Y2020_LAT23.68811_LON90.2005,2020,90.20049652177411,23.68810652627268,8,22.96415851314338,23.13239634950001,0.7035941537657735,20.56213076000006,24.4484195,0.682640522337395,1.0,0.9186996174099669
Y2020_LAT23.68828_LON90.21029,2020,90.21029308576458,23.688283459428458,8,21.921642194963002,21.817032388571437,0.7021286241121398,20.151968360000012,24.127125620000015,0.6295471557880707,1.0,0.4608993657639599
Y2020_LAT23.68846_LON90.22009,2020,90.22008974511502,23.688459774039266,8,21.35842936401847,21.336122400000004,0.6137939389706365,19.772568140000033,23.122227740000028,0.6500352458739398,1.0,0.7080996565878318
Y2020_LAT23.68864_LON90.22989,2020,90.22988649921624,23.688635470068228,8,22.169533706787476,22.203293063000018,0.820642784258663,19.789658239999994,23.949388580000004,0.6728525447152497,1.0,0.3016990668191387
Y2020_LAT23.68881_LON90.23968,2020,90.23968334787638,23.68881054755855,8,22.733294805271587,22.741118510000028,0.5825245329811598,21.044071580000036,24.195486020000033,0.6509649549890387,1.0,0.6738007927068166
Y2020_LAT23.68899_LON90.24948,2020,90.24948029079363,23.68898500645863,8,22.346687766153867,22.325829080000005,0.35839871031930454,21.720839540000043,23.419595479999998,0.5829375798885639,1.0,0.0351000412941663
Y2020_LAT23.68916_LON90.25928,2020,90.25927732741697,23.689158846767523,8,23.170705453090743,23.171889560000025,1.2473681462677246,19.314553460000013,26.471887340000023,0.6234571455906065,1.0104051394043851,0.7208010390637155
Y2020_LAT23.68933_LON90.26907,2020,90.26907445768036,23.689332068339798,8,25.00182169869292,24.719286487532496,1.9991111677056173,21.662733200000048,32.214160940000056,0.5843733267128868,1.216015359119294,0.9540999459999364
Y2020_LAT23.6895_LON90.27887,2020,90.27887168106732,23.689504671222522,8,30.088720038761572,28.65876562553193,2.7704916357531766,26.752164980000032,35.594582720000005,0.683561793471715,1.6642996050583625,1.0
Y2020_LAT23.68968_LON90.28867,2020,90.2886689973465,23.689676655411855,8,29.617009853143255,29.548894113846178,0.7546783659834007,27.827132269999993,31.827924680000024,0.7028308784462678,2.0,1.0
Y2020_LAT23.68985_LON90.29847,2020,90.29846640613323,23.68984802094192,8,32.46643959495804,33.52668061999998,2.634003570071673,28.382560520000027,37.25574044000001,0.7122589413228878,1.4998994116463666,1.0
Y2020_LAT23.69002_LON90.30826,2020,90.30826390710382,23.690018767769185,8,34.48755060284412,34.85360481285717,2.8611472960317648,27.20847064999998,43.028776220000054,0.6236356504161239,1.135998983528217,1.0
Y2020_LAT23.69019_LON90.31806,2020,90.31806149997833,23.690188895715618,8,29.596598173492627,29.671923114500018,1.183966198584154,24.749205260000053,32.34746372000001,0.6986941418961995,1.9520589804187582,0.999099995764686
Y2020_LAT23.69036_LON90.32786,2020,90.3278591842765,23.69035840490154,8,33.69194400049523,34.28105774000001,2.4236193359459075,23.751143420000005,38.704980920000025,0.6843659769174265,1.168481227198299,0.9828999798823297
Y2020_LAT23.69053_LON90.33766,2020,90.33765695983121,23.690527295348776,8,35.414821809669675,35.410748671351364,1.6602485641043654,30.306905780000022,39.183503719999976,0.6036128156371753,1.006600007764716,1.0
Y2020_LAT23.6907_LON90.34745,2020,90.34745482628604,23.690695566908847,8,33.18541852292708,33.655547246383,2.5275986142070774,26.88034073000003,41.70942050000002,0.7354390413494065,1.1617007609447587,1.0
Y2020_LAT23.69086_LON90.35725,2020,90.35725278310356,23.69086321961578,8,29.22147677255294,28.96419359000001,2.829994328060545,21.38587358000001,33.42755804000001,0.6855620523197573,1.482113704852698,0.7155996654113735
Y2020_LAT23.69103_LON90.36705,2020,90.36705083031248,23.691030253398875,8,26.914812745689005,26.53084818500002,1.816388264680101,22.394189480000023,35.77915580000001,0.5409320661010101,1.060265166733628,0.7467008784716238
Y2020_LAT23.6912_LON90.37685,2020,90.37684896726971,23.69119666831015,8,31.30033545482195,31.05908380625002,4.70659410801786,23.98698680000001,43.33981604000002,0.5315998626156563,1.4674880282242984,0.7643012437705609
Y2020_LAT23.69136_LON90.38665,2020,90.38664719377365,23.691362464299498,8,36.69772849244119,37.942762460000026,3.2766812998997668,27.41526085999999,43.56540536,0.470251522373737,1.3454269137440245,0.8406998125880178
Y2020_LAT23.69153_LON90.39645,2020,90.39644550944865,23.691527641360246,8,31.220277156059684,30.72087210548388,2.566121282866049,26.287314260000016,40.198655659999986,0.374778692999337,1.1714949179641374,0.6489995870583404
Y2020_LAT23.69169_LON90.40624,2020,90.40624391405873,23.6916921993956,8,30.285449256743632,30.089451347600022,1.7161414321707213,26.847869540000033,39.56973998000001,0.3479512902553729,1.017270832235877,0.9380020611861702
Y2020_LAT23.69186_LON90.41604,2020,90.41604240706675,23.691856138496544,8,34.14702822847072,35.93296670000001,3.619683538211317,27.98948822,39.262118180000016,0.31769994461439227,1.083201267828843,0.3786004454122892
Y2020_LAT23.69202_LON90.42584,2020,90.42584098837877,23.692019458559063,8,29.33738457671306,29.900161400000016,2.3574920370863626,24.26726444000002,33.65143835000001,0.3497261648707262,1.29493545183714,0.30210035541218344
Y2020_LAT23.69218_LON90.43564,2020,90.43563965751353,23.69218215954913,8,38.91000881296701,38.15297069000003,4.195103241612702,30.200947160000055,45.031735939999976,0.20435836374736543,1.2935676531761016,0.5549002583541586
Y2020_LAT23.69234_LON90.44544,2020,90.44543841412684,23.69234424145357,8,42.49218538197505,42.890004608000034,1.5809726305195237,37.37195312000006,45.161620700000014,0.2841960019822915,1.0,1.0
Y2020_LAT23.69251_LON90.45524,2020,90.45523725805928,23.692505704334405,8,38.93401068141397,39.596489701739145,2.191751455367957,29.39087642000004,42.59810570000002,0.312374668225711,1.2336005830903771,0.8232009684717299
Y2020_LAT23.69267_LON90.46504,2020,90.46503618870872,23.692666548114357,8,31.624380929150618,32.67217562000002,4.873387648550693,24.366387020000047,39.70987880000001,0.4271189532972671,1.0339768339768338,0.38850182824389856
Y2020_LAT23.69283_LON90.47484,2020,90.47483520593858,23.692826772691703,8,37.1305753783046,37.5605356004509,3.316060899950726,25.603710260000014,42.30415598000002,0.3780082386748624,1.0369525051624824,0.3619150807783909
Y2020_LAT23.69299_LON90.48463,2020,90.4846343094755,23.692986378148444,8,35.40074006595839,35.396337560000006,3.7006388826427052,26.98459034000001,41.70600248000005,0.4430966131332558,1.295691246647389,0.20528937084589238
Y2020_LAT23.69315_LON90.49443,2020,90.49443349863819,23.693145364514095,8,31.22902992265064,31.199009000000046,0.04614326999886085,31.199009000000046,31.29129554000002,0.3915961995182267,2.325301204819277,0.000293090480209331
Y2020_LAT23.69402_LON90.03377,2020,90.03376589628226,23.694024545346963,8,35.8758979673415,37.466192814285726,3.007941111662488,29.50708910000003,38.81777557999999,0.7120659324365344,1.287789858558645,0.07453572056097198
Y2020_LAT23.69421_LON90.04356,2020,90.04356146241442,23.694212069655585,8,33.06798496477592,31.78062954978024,3.0442022356452183,29.366950280000026,39.603920180000046,0.6619145934960192,1.7164649535960603,0.9130150781122391
Y2020_LAT23.6944_LON90.05336,2020,90.05335712937642,23.69439897558522,8,32.81946613161121,31.52277145000001,2.432751285137418,28.39281458000002,38.23671218000004,0.6578758527094907,1.5741991727019846,1.0
Y2020_LAT23.69459_LON90.06315,2020,90.06315289686664,23.69458526312828,8,32.28515010378669,33.07550198000003,3.552492848147077,21.943010840000056,38.17518782000002,0.6486065949790663,1.049364447377946,0.9945999745881158
Y2020_LAT23.69477_LON90.07295,2020,90.07294876450825,23.694770932261218,8,27.40271328333131,27.214317263157902,2.839636675004626,20.63049116000002,33.10626416000002,0.627715457220276,1.097161076251473,0.7616012310646163
Y2020_LAT23.69496_LON90.08274,2020,90.08274473212296,23.694955982996586,8,24.22741960204499,24.172699220000027,1.0500613100377458,20.30577926000001,27.47678522000001,0.612944530295625,1.166381697903978,0.6461006875326455
Y2020_LAT23.69514_LON90.09254,2020,90.09254079918136,23.69514041515422,8,23.418911063837456,23.409341420000032,0.2822593970579223,22.82144198000003,24.041675120000036,0.635243079054917,1.0,0.07129798257874136
Y2020_LAT23.69532_LON90.10234,2020,90.10233696561099,23.695324228837872,8,,,,,,,,0.0
Y2020_LAT23.69551_LON90.11213,2020,90.1121332307547,23.695507423993153,8,22.212679702435953,22.307424356923104,0.5329781542221128,20.596310959999983,23.99040481999998,0.6373500256633462,1.0,0.20959863340533322
Y2020_LAT23.69569_LON90.12193,2020,90.12192959448173,23.695690000641797,8,23.07637969109692,23.141976300000017,0.9104771708859895,20.58263887999999,24.67400882000004,0.6504604030448768,1.0,0.9960999816469726
Y2020_LAT23.69587_LON90.13173,2020,90.1317260564157,23.69587195872346,8,23.01358062322861,23.049409053043494,0.8980039383089932,20.60998304000003,24.629574560000037,0.6022759927830219,1.0,0.2769013030649551
Y2020_LAT23.69605_LON90.14152,2020,90.14152261628611,23.69605329816605,8,22.793996445425172,23.083262312000013,0.7713961837156792,20.408319860000006,23.771651539999993,0.6532009606792972,1.0,0.30499908234862233
Y2020_LAT23.69623_LON90.15132,2020,90.1513192735837,23.696234018970106,8,23.03055367054473,23.086941710000023,0.5129569896445576,21.194464460000006,24.096363440000005,0.6640580058019783,1.0,0.43659734869340455
Y2020_LAT23.69641_LON90.16112,2020,90.1611160282094,23.696414121172545,8,,,,,,,,0.0
Y2020_LAT23.69659_LON90.17091,2020,90.17091287966808,23.69659360474074,8,23.042438189904505,23.14615388000003,0.7634355961581246,20.77746602000002,24.516779900000017,0.6805464685735725,1.0,0.43980206965679786
Y2020_LAT23.69677_LON90.18071,2020,90.18070982763672,23.6967724695766,8,22.423567072237304,22.180373340000024,0.7541250091609453,21.07141574000002,24.339042860000006,0.6668602944430656,1.0,0.1770008329450958
Y2020_LAT23.69695_LON90.19051,2020,90.19050687186817,23.696950715691802,8,22.429431350894305,22.57955602892859,0.8185946275963836,19.950305179999987,24.21599414000002,0.6608307693082434,1.0,0.881499442350314
Y2020_LAT23.69713_LON90.2003,2020,90.20030401191951,23.69712834307055,8,22.43910698596288,22.420882588571455,0.6954539815680335,20.25450896000001,24.72869714000001,0.6746897529486948,1.0,1.0
Y2020_LAT23.69731_LON90.2101,2020,90.21010124757622,23.69730535159487,8,22.12192542560091,21.943770400000023,0.749143027778051,20.67834344000005,23.778487580000046,0.6594446150313378,1.0,1.0
Y2020_LAT23.69748_LON90.2199,2020,90.21989857844044,23.69748174142072,8,22.239700643369847,22.330047062127687,0.7507820823293516,20.066517860000033,24.28093652000001,0.6652034491530103,1.0,0.8987018762441238
Y2020_LAT23.69766_LON90.2297,2020,90.22969600417127,23.697657512448863,8,22.00032370767003,22.00892979714288,0.6451512343992551,20.616819080000027,23.235022400000048,0.6803271998203512,1.0,0.18999971764572976
Y2020_LAT23.69783_LON90.23949,2020,90.23949352444232,23.69783266458546,8,23.04449612536688,23.17060586923079,1.012192365337945,20.162222420000035,24.85858189999999,0.6651883897919162,1.0,0.5970028094249831
Y2020_LAT23.69801_LON90.24929,2020,90.2492911389818,23.698007197814498,8,23.389901777858366,23.40101928434783,0.648548317237046,21.74476568,24.92010626000001,0.6809370608314315,1.0,0.5547026103652227
Y2020_LAT23.69818_LON90.25909,2020,90.25908884729992,23.698181112186607,8,22.99819283796485,22.99148847500001,1.4809463020552973,18.983005520000006,25.63276343000004,0.6204090654951739,1.2580268807168211,0.529400138353591
Y2020_LAT23.69835_LON90.26889,2020,90.26888664922271,23.698354407670063,8,27.35998947934094,26.66614481000002,3.835882000151795,22.084858670000017,36.38756336000006,0.6326827268332805,1.6425006705913874,1.0
Y2020_LAT23.69853_LON90.27868,2020,90.27868454438945,23.69852708423566,8,31.128766796212215,30.149521495454575,2.988923764877089,24.844909819999998,37.918836320000025,0.5814563837057121,1.3714970423390211,1.0
Y2020_LAT23.6987_LON90.28848,2020,90.28848253235476,23.698699141812764,8,29.88951174253529,29.422404707931044,1.5799583189116895,27.62034206000004,34.73665970000002,0.687253637374525,1.759600045176681,1.0
Y2020_LAT23.69887_LON90.29828,2020,90.29828061303134,23.698870580411132,8,34.59041084292813,34.593769790731734,1.166845873591717,28.314200120000038,37.17370796,0.7241247070580716,1.012497705871557,1.0
Y2020_LAT23.69904_LON90.30808,2020,90.30807878574694,23.699041399940448,8,32.62925205564218,34.094265412830204,3.578433820042205,22.131001940000033,36.643914859999995,0.7178960586888976,1.121364842900411,0.9054995552920219
Y2020_LAT23.69921_LON90.31788,2020,90.3178770504813,23.699211600501837,8,29.608199233803006,29.735348748125006,1.2797920017263384,24.903016159999993,32.238087080000014,0.7179245572205469,1.9141007722389283,1.0
Y2020_LAT23.69938_LON90.32768,2020,90.32767540665867,23.699381182078024,8,30.056034245699557,29.718962519230786,2.1365970153465508,24.222830180000017,37.53601808000002,0.6713109328966214,1.8494925098478905,0.9819999152937191
Y2020_LAT23.69955_LON90.33747,2020,90.33747385414618,23.699550144458456,8,31.612130222936827,30.899237964687508,2.231209619592277,28.16722526000001,39.38858492000003,0.6681780773790409,1.8180014964776243,1.0
Y2020_LAT23.69972_LON90.34727,2020,90.34727239253493,23.69971848774044,8,35.36680488377068,33.05232342597266,5.111213695362129,28.691891330000033,47.41067786000002,0.5601190663753177,1.5075000352942785,1.0
Y2020_LAT23.69989_LON90.35707,2020,90.35707102131262,23.699886211934867,8,31.871554795243796,31.811341942343763,3.5485156745506683,23.033359220000023,40.36613864000003,0.5484827740397445,1.458870744758717,0.8679993788206033
Y2020_LAT23.70005_LON90.36687,2020,90.36686974043921,23.70005331705588,8,33.929705060736,32.81156674812502,4.416721849001064,24.024585020000018,41.82563318000001,0.5090715386757726,1.4517179219448786,0.7166010192989114
Y2020_LAT23.70022_LON90.37667,2020,90.37666854943967,23.70021980290226,8,34.38024418436796,36.68392123045456,5.63594518905981,24.181813939999984,43.33981604000002,0.4108935992766378,1.0,0.3196991515254188
Y2020_LAT23.70039_LON90.38647,2020,90.3864674479825,23.700385669579653,8,37.09558156812325,36.45478442000001,3.05021494549517,32.484184519999985,44.53954106000003,0.3627018458260889,1.4884974246270388,0.6215005717673951
Y2020_LAT23.70055_LON90.39627,2020,90.3962664357762,23.70055091706898,8,37.30555192413229,36.61229817500003,3.593281859362975,29.613047720000054,44.55663116000005,0.2508346588515672,1.4443844114651796,0.908001920009032
Y2020_LAT23.70072_LON90.40607,2020,90.40606551240806,23.700715545358978,8,29.72343346001306,29.915542490000036,0.9670658234164118,27.23068778000004,31.496376740000017,0.251918932311854,1.0,0.2436999703528013
Y2020_LAT23.70088_LON90.41586,2020,90.41586467757924,23.700879554301107,8,39.02004379920734,40.284960665,4.02128520171233,29.41480256,44.38231214000001,0.21392337424636582,1.0343461030383072,0.4542021374218225
Y2020_LAT23.70104_LON90.42566,2020,90.4256639310151,23.701042944001834,8,37.58806607397826,38.04872108000001,2.461270413927554,31.47586862000003,40.051680799999986,0.23945625698396375,1.0,0.04279784846046321
Y2020_LAT23.70121_LON90.43546,2020,90.43546327232818,23.701205714455323,8,35.23744204585875,35.54233584285716,4.008609185714941,27.12131113999999,43.86960914000002,0.20777418426265498,1.3373297488046934,0.6341006310617917
Y2020_LAT23.70137_LON90.44526,2020,90.44526270110596,23.70136786549647,8,37.57186480933873,37.917696980000024,4.498606029621744,27.980943170000046,43.96873172000005,0.19516063756957372,1.37920069941795,0.5894004207078625
Y2020_LAT23.70153_LON90.45506,2020,90.45506221733368,23.701529397245388,8,34.30720064115425,32.06368260950001,4.452403174914904,26.225789899999995,42.26997577999998,0.22364324400214045,1.270008035182001,0.40849956940973725
Y2020_LAT23.70169_LON90.46486,2020,90.46486182016598,23.701690309568644,8,39.65478953780725,40.82112694812501,4.401850975517583,26.05147088000001,44.81810969000003,0.3531778189400642,1.7754498686434845,0.48229991670548883
Y2020_LAT23.70185_LON90.47466,2020,90.47466150976898,23.70185060251837,8,35.16976241397128,35.94615049142859,3.5279658767421704,26.065142960000003,42.42036866000001,0.4376059353722366,1.731959355928481,0.6749008230626952
Y2020_LAT23.70201_LON90.48446,2020,90.48446128547123,23.70201027610431,8,34.96137083404168,35.08474841535716,2.599646482240733,26.386436839999988,40.786555100000015,0.4937022766613381,2.0462002174127867,1.0
Y2020_LAT23.70217_LON90.49426,2020,90.49426114708672,23.70216933015094,8,37.818320635418864,38.337964889689005,2.6757542968720713,28.78588688000002,42.19648835000004,0.38879279884725165,2.5226538934720564,0.5774816524514468
Y2020_LAT23.70233_LON90.50406,2020,90.50406109430696,23.70232776480464,8,35.48631408498412,35.02263404000001,3.1868650766954425,29.06616452000003,43.76023250000003,0.37996045467473777,3.2657740326207794,0.13851761411850588
Y2020_LAT23.70305_LON90.03356,2020,90.03356187373501,23.70304502682764,8,33.051882066858255,33.058411879999994,0.3566794473924685,32.40386105000002,33.560860820000016,0.5560985086505984,2.0,0.01466494790596868
Y2020_LAT23.70323_LON90.04336,2020,90.04335811127598,23.70323263107383,8,37.03580837973268,37.279233724071545,1.6682334432684276,30.378684200000038,39.610756219999985,0.6316907421121747,1.0636674953325143,0.7229831418703107
Y2020_LAT23.70342_LON90.05315,2020,90.05315444962596,23.703419616738838,8,34.01839655473081,32.77756457000002,3.041895419039023,30.438499550000017,41.63422406000001,0.6115899429404427,1.6995009388279492,1.0
Y2020_LAT23.70361_LON90.06295,2020,90.06295088851031,23.703605983712084,8,34.35679938581835,34.724365853870985,2.1488101332826917,28.230458630000015,37.86756602000003,0.7132121998400287,1.128400151059001,1.0
Y2020_LAT23.70379_LON90.07275,2020,90.0727474277177,23.703791731950638,8,29.742345386119915,29.221729403947386,2.390209921069722,25.04999102000002,36.20640830000002,0.6645254651507745,1.6060995365876891,1.0
Y2020_LAT23.70398_LON90.08254,2020,90.08254406670223,23.703976861512988,8,26.052440552626837,25.80879146000001,1.4176589084976785,23.92204442000002,31.09646840000005,0.6000297218213805,1.289102918021389,0.34519927152598384
Y2020_LAT23.70416_LON90.09234,2020,90.09234080534179,23.704161372369022,8,23.09996678923079,23.214514280000003,0.5234742741274094,21.789199940000003,23.85368402000006,0.5086095325457745,1.0,0.03510004129416622
Y2020_LAT23.70435_LON90.10214,2020,90.10213764325344,23.70434526445813,8,23.903559753627885,24.02304691100002,0.6157973570511615,22.589016620000052,25.162785680000013,0.6258231422974264,1.0,0.5772006790596224
Y2020_LAT23.70453_LON90.11193,2020,90.11193457991276,23.70452853774023,8,24.27919395644118,24.35100593000003,0.4987636525177051,22.54800038000002,25.54902193999999,0.651846196373794,1.0,0.6788008414157245
Y2020_LAT23.70471_LON90.12173,2020,90.12173161533806,23.704711192214116,8,22.122202613377763,21.960784544000024,0.969071684417691,19.99473943999999,23.80583174000003,0.6294156890503394,1.0,0.470799377411032
Y2020_LAT23.70489_LON90.13153,2020,90.13152874889356,23.704893227843872,8,20.720952934589818,20.80554261285716,0.5729939110372623,19.328225540000005,21.943010840000056,0.6554798918533686,1.0,0.7131008389421634
Y2020_LAT23.70507_LON90.14133,2020,90.14132598032158,23.70507464463464,8,22.26042835839985,22.27626779000002,0.7531291313091661,20.186148559999992,23.645184800000038,0.6102964873541968,1.0,0.30649908940747966
Y2020_LAT23.70526_LON90.15112,2020,90.15112330946769,23.70525544248744,8,22.403859794122152,22.417090214000005,0.5940970275387776,20.555294720000006,23.56315232000003,0.6597111218688901,1.0,0.12969897611644243
Y2020_LAT23.70544_LON90.16092,2020,90.16092073565879,23.705435621509512,8,21.637479973228015,21.708876470000035,0.34580341646875695,20.596310959999983,22.455713840000044,0.6609520568400958,1.0,0.1329001563531251
Y2020_LAT23.70562_LON90.17072,2020,90.17071825891546,23.705615181505287,8,21.756150001593635,21.67754462000001,0.4940710714572964,20.596310959999983,22.86929426000006,0.6769224481278685,1.0,0.22590106306382618
Y2020_LAT23.70579_LON90.18052,2020,90.1805158787244,23.705794122595467,8,22.312369903073844,22.271824364000018,1.2675297534476369,19.85801864000001,26.078815039999995,0.6460609659603018,1.0,0.44310052129473076
Y2020_LAT23.70597_LON90.19031,2020,90.19031359471515,23.70597244471462,8,22.573020182379995,22.578518415714314,0.6263520481706758,20.558712740000033,25.57978412,0.6810019377592874,1.0,0.7143996639996048
Y2020_LAT23.70615_LON90.20011,2020,90.20011140659537,23.70615014776379,8,21.688418604883836,21.641248502857163,0.8102929593800717,19.868272700000034,23.93913452000004,0.666128421104433,1.0,0.47349752234128195
Y2020_LAT23.70633_LON90.20991,2020,90.20990931418312,23.706327231841282,8,22.304032892568138,22.271710429999995,0.7059512223843817,20.94494900000001,23.97331472000002,0.6807244311243433,1.0,0.25809912717544353
Y2020_LAT23.7065_LON90.21971,2020,90.21970731686676,23.706503696837245,8,22.07184973866798,21.977191040000015,0.6989681186123412,20.733031760000017,23.764815500000054,0.6618610845742079,1.0,0.31080036564748903
Y2020_LAT23.70668_LON90.22951,2020,90.2295054145378,23.706679542718494,8,21.963137291793448,22.0387154,0.31821854181222414,21.105595940000057,22.390771459999996,0.6824800197068526,1.0,0.07003300728718476
Y2020_LAT23.70685_LON90.2393,2020,90.2393036067637,23.70685476956079,8,23.838109749565433,23.978348531272758,0.5906112871170718,22.209616400000016,25.743849080000018,0.6734433138818441,1.0,0.5336451007887199
Y2020_LAT23.70703_LON90.2491,2020,90.24910189328038,23.70702937723754,8,23.557458475488726,23.69417642000002,0.5835755621493494,21.53626645999998,24.663754760000018,0.6750097214528294,1.0,0.3591004224710851
Y2020_LAT23.7072_LON90.2589,2020,90.25890027363418,23.707203365788224,8,25.193870795261,25.352301032162174,1.9051844269717286,18.111410420000027,28.440666859999993,0.6639973224982808,1.576769938489956,0.8102014597715752
Y2020_LAT23.70738_LON90.2687,2020,90.26869874760163,23.70737673517037,8,29.594144047397176,27.799465655283047,4.332836275908623,22.377099380000004,38.98184054000001,0.6532197061161222,1.3874967736004498,0.9981999978823505
Y2020_LAT23.70755_LON90.2785,2020,90.27849731481605,23.707549485322676,8,30.11806324820578,29.688771942500022,3.334473333691207,22.113911840000014,38.78701339999998,0.6063168723106959,1.713199662587839,1.0
Y2020_LAT23.70772_LON90.2883,2020,90.28829597489661,23.707721616278636,8,31.446039220036955,30.53292235250002,2.369727110260971,27.685284440000032,37.64197669999999,0.7044103906497261,1.628400604238137,1.0
Y2020_LAT23.70789_LON90.29809,2020,90.29809472761363,23.707893127929356,8,33.96634612661857,34.33821622571431,2.3886379015762618,27.717755630000056,38.48622764000004,0.7011576014275432,1.1629001916472848,1.0
Y2020_LAT23.70806_LON90.30789,2020,90.3078935725446,23.708064020351678,8,33.183204980516855,33.59323490715911,2.2357527658462177,28.021959410000022,37.80945968000003,0.6468550260757341,1.2832991568225376,1.0
Y2020_LAT23.70823_LON90.31769,2020,90.3176925094649,23.70823429348737,8,30.65376054612896,30.34647053205481,1.5436006497519799,27.167454410000033,35.529640340000014,0.6882375041741186,1.8337992178786715,1.0
Y2020_LAT23.7084_LON90.32749,2020,90.327491537878,23.70840394726484,8,28.46675970352246,29.035348933437508,1.839862687008199,24.88934408,35.58432865999998,0.7135780957072161,1.604899535175924,1.0
Y2020_LAT23.70857_LON90.33729,2020,90.33729065754324,23.70857298171479,8,33.3350242803544,34.02717640571429,3.2616431666366674,25.453317380000044,41.38470860000001,0.6532319993414843,1.358899245763818,1.0
Y2020_LAT23.70874_LON90.34709,2020,90.34708986814353,23.708741396866237,8,34.38858569024046,34.41129048846155,3.049097830014992,28.384269529999983,39.867107720000035,0.5741104382083922,1.5091976903420738,1.0
Y2020_LAT23.70891_LON90.35689,2020,90.35688916927478,23.708909192524068,8,36.81818980080706,38.0678245342466,3.9518060366416816,23.93913452000004,43.322725940000055,0.4931416167450354,1.1493263121129484,0.7881997508232363
Y2020_LAT23.70908_LON90.36669,2020,90.36668856077274,23.709076368808944,8,37.6716502532328,37.807181000000035,5.167044384980277,28.886718470000005,46.453632260000006,0.3060476932374162,1.1354999523835152,0.8523998263527374
Y2020_LAT23.70924_LON90.37649,2020,90.37648804206883,23.709242925688336,8,38.661831325197674,40.09098803000003,4.555324840819982,29.452400780000005,44.717278100000044,0.19132006979965016,1.0,0.7748012931825564
Y2020_LAT23.70941_LON90.38629,2020,90.38628761296698,23.70940886311279,8,,,,,,,,0.0
Y2020_LAT23.70957_LON90.39609,2020,90.39608727315374,23.709574181013647,8,35.592953233731365,38.567880340000016,5.4315930675845,25.781447300000025,41.83930526000006,0.302888191327178,1.0131694468832309,0.3417004020004728
Y2020_LAT23.70974_LON90.40589,2020,90.40588702222212,23.709738879499763,8,32.20717857422615,30.660060489285733,4.0761175424104685,26.957246180000027,42.67672016000006,0.1907867816911701,1.5301866081229418,0.2733012861236996
Y2020_LAT23.7099_LON90.41569,2020,90.41568685985507,23.709902958407614,8,38.09016146897091,40.75607775500001,4.764855843000974,29.67969911000003,44.871088999999984,0.2344590073189818,1.865012106537531,0.9912011661190188
Y2020_LAT23.71007_LON90.42549,2020,90.42548678580424,23.71006641772951,8,36.31986784978988,35.93450480900002,4.231582281786136,30.03346418000001,46.49123048000001,0.20389199826057397,2.3322852276652246,0.8889998694116111
Y2020_LAT23.71023_LON90.43529,2020,90.43528679955372,23.710229257551543,8,36.26328456050225,37.927039568000026,4.302900313770213,26.895721820000006,43.23043940000002,0.20323692452570946,1.6039368934390488,0.6557007327093308
Y2020_LAT23.71039_LON90.44509,2020,90.44508690096535,23.71039147781732,8,33.94329689029043,32.850254462000024,2.7250655092725338,30.14113181000002,40.37981072000002,0.19884706922560672,1.6534365924491774,0.3099003645886641
Y2020_LAT23.71055_LON90.45489,2020,90.45488708964757,23.71055307837448,8,34.96864186159634,35.57065657999999,3.825705031219133,29.503671080000004,41.097594920000006,0.27085932479902747,1.3725959039401188,0.06789890341047458
Y2020_LAT23.71071_LON90.46469,2020,90.46468736510884,23.71071405932823,8,37.72618976911228,38.46230150000003,3.244244824049864,31.11014048000004,43.16036999000005,0.36019915129778074,2.144447955183987,0.8265991839961598
Y2020_LAT23.71087_LON90.47449,2020,90.47448772728887,23.710874420619206,8,38.47128728552761,39.91269456813956,3.3333877471081577,30.05226329000004,43.309053860000006,0.3478015540357153,2.240014057879683,0.8736998514115899
Y2020_LAT23.71103_LON90.48429,2020,90.48428817568954,23.71103416224019,8,39.158191984979936,39.59166245310348,2.55775317795156,28.563715580000007,43.62180269000001,0.4243241397397842,2.0123110944686626,0.9990999989411752
Y2020_LAT23.71119_LON90.49409,2020,90.49408870996135,23.711193284189665,8,40.207333226798944,40.534476125000026,2.0231881909308345,30.682887980000032,43.27829168000005,0.3560434311563826,1.9755599436779325,0.8346992221139863
Y2020_LAT23.71135_LON90.50389,2020,90.50388932978802,23.71135178639017,8,36.53437993112892,37.81061577500002,4.451964143772099,27.059786780000024,45.06249811999999,0.3209980499136318,2.2757077728372828,0.7667581340650724
Y2020_LAT23.71151_LON90.51369,2020,90.51369003493744,23.711509668848223,8,29.201806408602533,28.899220127347153,1.907771255822698,26.67355052000002,39.36124075999999,0.19961794557224521,2.792378136029762,0.07492700638627114
Y2020_LAT23.71225_LON90.04315,2020,90.04315465926568,23.712253180440282,8,36.69172883843638,37.15671096587168,1.7926615326182764,30.091570520000005,40.311450320000006,0.6360211760067285,1.0777503053412376,0.3644249036530431
Y2020_LAT23.71244_LON90.05295,2020,90.05295166927347,23.712440245698982,8,34.45210040956679,33.46515626000002,3.2502637162081878,29.741223470000023,41.31976622000002,0.6401997596267915,1.5167712139540472,0.8629000437617949
Y2020_LAT23.71263_LON90.06275,2020,90.06274877995331,23.71262669208791,8,34.87870049354087,35.84399765000003,2.6392345992939807,28.955078870000023,38.19569594000001,0.7082527200857948,1.2079002445885227,1.0
Y2020_LAT23.71281_LON90.07255,2020,90.07254599089818,23.712812519580314,8,33.848647657160214,34.530263876923094,2.007299395105507,28.813231040000034,37.47107570000003,0.7112191080876016,1.1347820991359245,0.9959923029578431
Y2020_LAT23.713_LON90.08234,2020,90.08234330177807,23.712997728017378,8,29.630409603520683,30.156823629090916,3.0681124708324803,22.02504332000001,37.31726480000003,0.6769487655915062,1.1195177769718485,0.5694315867431983
Y2020_LAT23.71318_LON90.09214,2020,90.09214071220715,23.71318231749268,8,24.23259331719506,23.3995146125,2.3979657198133406,22.20278036000002,32.11503836000003,0.5706222899595114,1.0,0.18579904211652074
Y2020_LAT23.71337_LON90.10194,2020,90.10193822196237,23.713366287914933,8,24.473288559034067,24.607740255313008,0.6242834143992135,22.10365778000005,27.521219480000013,0.6527815905882631,1.0,0.8611290151220063
Y2020_LAT23.71355_LON90.11174,2020,90.11173583063987,23.71354963930146,8,22.54767500776941,22.414697600000018,0.7799324939525846,21.146612180000034,24.23308424000004,0.6321442639872882,1.0,0.44223033091870073
Y2020_LAT23.71373_LON90.12153,2020,90.12153353788551,23.713732371656334,8,22.04538184216583,22.024621546421503,0.43671437716180017,20.343377480000015,23.655438860000004,0.6785840862279962,1.0,0.8130855698571795
Y2020_LAT23.71391_LON90.13133,2020,90.1313313434145,23.713914484865672,8,22.005144489183028,22.022479805000003,0.7554030143442942,20.18956658000002,23.621258660000024,0.666123714863973,1.0,0.44430052270649784
Y2020_LAT23.7141_LON90.14113,2020,90.14112924691034,23.714095978965492,8,22.363211943488135,22.45400483000003,0.8113766621896257,20.298943220000012,24.427911380000012,0.6267048703414728,1.0,0.1912985472872819
Y2020_LAT23.71428_LON90.15093,2020,90.15092724798122,23.714276853950853,8,23.394811093121408,23.35693178000001,1.0546995523155644,20.45959016000006,27.808333160000018,0.622592189258434,1.0,0.9558999481175859
Y2020_LAT23.71446_LON90.16073,2020,90.16072534631115,23.714457109668174,8,22.021503024742124,21.761286110000032,1.1382210449240506,20.069935880000003,24.70477100000005,0.6426223333732854,1.0,0.36060042423579397
Y2020_LAT23.71464_LON90.17052,2020,90.17052354161397,23.714636746246512,8,21.798964000905432,20.71594166,1.5992226115316621,20.439082040000017,24.23650226000001,0.5409014594021656,1.0,0.013097708695099772
Y2020_LAT23.71482_LON90.18032,2020,90.18032183351161,23.714815763575718,8,22.61098476071274,22.51430846857144,0.7765212253400665,20.449336099999982,24.554378120000024,0.6496002906803859,1.0,0.6768996198819079
Y2020_LAT23.71499_LON90.19012,2020,90.19012022165946,23.714994161677122,8,21.48033002112736,21.4503276714286,0.8771500486951893,18.900973040000054,23.87077412000002,0.6657092018707179,1.0,0.4250467540823657
Y2020_LAT23.71517_LON90.19992,2020,90.19991870576271,23.715171940552505,8,22.947395217888594,22.926261260000047,0.6886960001179021,21.255988820000027,24.98846666000003,0.6526067353925206,1.0,0.4543997854107556
Y2020_LAT23.71535_LON90.20972,2020,90.20971728542136,23.715349100086577,8,22.626358770817028,22.688139200000023,0.5274014698057112,21.457652000000053,24.174977900000044,0.6504142718295319,1.0,0.039615973737924116
Y2020_LAT23.71553_LON90.21952,2020,90.21951596044296,23.71552564026661,8,,,,,,,,0.0
Y2020_LAT23.71588_LON90.23911,2020,90.2391135948237,23.715876862690298,8,23.610323938179132,23.354653100000007,0.6754238647364172,22.647122960000047,25.682324719999997,0.65693599519953,1.0,0.021404224863056938
Y2020_LAT23.71605_LON90.24891,2020,90.24891255363129,23.716051544785955,8,24.75054870963815,24.868835960000013,1.1552477304180881,22.56509047999998,26.588100020000013,0.6356084595817998,1.0,0.05915663118776043
Y2020_LAT23.71623_LON90.25871,2020,90.25871160641132,23.716225607492657,8,27.393259724125333,27.407399414000018,1.3427383527158214,24.523615940000013,33.150698420000026,0.6901370218580828,1.8378775734333554,0.810373289121435
Y2020_LAT23.7164_LON90.26851,2020,90.2685107526447,23.71639905068736,8,26.244767366327768,25.219679174193566,2.2757836297879375,23.409341420000032,36.514030100000014,0.6356022190361551,1.2893419811504585,0.9054998888234018
Y2020_LAT23.71657_LON90.27831,2020,90.27830999232893,23.716571874457628,8,33.47199551847455,34.40639351750002,3.152735410635598,23.221350320000056,36.51061207999999,0.6987039099901678,1.0135593220338983,0.7965009370599289
Y2020_LAT23.71674_LON90.28811,2020,90.28810932485533,23.716744078749503,8,31.511205354738276,30.468300411875017,2.401778033541704,23.371743200000026,35.96714689999999,0.709346746476697,1.5534245845557908,0.9275020117741737
Y2020_LAT23.71692_LON90.29791,2020,90.29790875007798,23.716915663572223,8,30.9815893766762,29.964500600000026,2.4835933521078166,27.953599010000005,38.53407992000001,0.692465289701485,1.7503008827069193,1.0
Y2020_LAT23.71709_LON90.30771,2020,90.30770826742497,23.717086628839887,8,29.345460217995665,29.15389905563091,1.4299806968898718,26.364219710000015,37.58728838000002,0.6676011258674938,1.992499991176462,1.0
Y2020_LAT23.71726_LON90.31751,2020,90.31750787684767,23.71725697455599,8,31.06962222775156,29.59747406549298,2.771461321915774,27.04953272000003,36.68151308000006,0.703055174129191,1.6627984131690068,1.0
Y2020_LAT23.71743_LON90.32731,2020,90.32730757777604,23.717426700615942,8,33.956992868753986,34.85232108645164,2.439296691319622,28.223622590000048,39.344150660000025,0.6623031505940266,1.2079990682341992,1.0
Y2020_LAT23.7176_LON90.33711,2020,90.33710737004323,23.717595807190335,8,31.075269828352678,31.433006649200035,2.531349480256071,22.780425740000055,39.84659959999999,0.5991204063348377,1.556213081610776,0.9810999777646803
Y2020_LAT23.71776_LON90.34691,2020,90.34690725325221,23.717764294034538,8,31.380295911004165,31.350023338181856,3.8413906420050155,24.725279119999982,38.458883480000054,0.582271054031635,1.37104069154846,0.9848022814225019
Y2020_LAT23.71793_LON90.35671,2020,90.35670722699012,23.717932161248285,8,32.7148900191428,31.87321344500002,5.108717267355415,22.083149660000004,42.05805854000005,0.4108854704755616,1.2365079365079357,0.5670006670596104
Y2020_LAT23.7181_LON90.36651,2020,90.36650729109517,23.71809940882346,8,38.53148603298352,38.801539985000026,5.464388325400485,29.29858988000001,45.20605496000002,0.23248881056792722,1.6917293233082678,0.8778010327071004
Y2020_LAT23.71827_LON90.37631,2020,90.37630744512458,23.718266036684437,8,36.99612382626548,36.178263041562516,4.963180405374649,28.208241499999986,45.486332600000026,0.22888024415292052,2.3064913257933504,0.8744017618906467
Y2020_LAT23.71843_LON90.38611,2020,90.38610768871601,23.71843204482442,8,31.993614277878024,31.433920192727296,2.78823038717273,26.62569824000002,43.92087944000002,0.23538431479311187,2.4602469424472053,0.5433994628228992
Y2020_LAT23.7186_LON90.39591,2020,90.39590802162641,23.71859743325179,8,29.794902196903916,29.592966852500012,0.7852288111875982,27.763898900000015,31.43827040000002,0.19650284961873526,1.6548042704626336,0.16860019835317497
Y2020_LAT23.71876_LON90.40571,2020,90.40570844351599,23.718762201795112,8,30.089707970746375,30.089007005000006,0.7059536270168403,28.44408487999999,31.983444590000005,0.20305185267121195,1.8569454042847269,0.434102042833144
Y2020_LAT23.71893_LON90.41551,2020,90.41550895382954,23.718926350723773,8,30.634744683272135,30.506859950000035,1.5933613456801172,27.669903350000027,38.41444922000005,0.28951877793405995,1.9565943238731218,0.17970021141201384
Y2020_LAT23.71909_LON90.42531,2020,90.42530955264697,23.71908987976377,8,35.105097581096366,32.19183355129034,5.304769730877586,28.881591440000022,47.76273392000002,0.252810326121925,2.391757254530593,0.9801999767058551
Y2020_LAT23.71925_LON90.43511,2020,90.43511023925143,23.71925278896357,8,39.99160302905126,40.80706322000002,3.8920527864851437,27.363990560000047,45.97510946,0.3339056204112291,1.9255531301371704,0.785798991995259
Y2020_LAT23.71942_LON90.44491,2020,90.4449110135486,23.719415078266074,8,30.22601901675026,29.474862054285744,2.93993604728379,25.25165420000002,39.70987880000001,0.5189444149208164,2.2209405395045776,0.58929951682296
Y2020_LAT23.71958_LON90.45471,2020,90.45471187502976,23.71957674775833,8,28.815941532405052,27.77799823250003,3.041905559455507,24.368096030000004,38.50502675000001,0.43952277324932815,1.9672375279225613,0.8058009480011179
Y2020_LAT23.71974_LON90.46451,2020,90.46451282347572,23.719737797334236,8,30.971537473941858,30.719265478571455,3.1364668701881633,24.43132940000001,40.255052989999996,0.377883372102947,2.048079736292886,0.7238010531814282
Y2020_LAT23.7199_LON90.47431,2020,90.47431385864579,23.719898227019485,8,31.157368363425913,30.658790939000017,2.8018571377645913,26.78976320000001,40.458425180000006,0.42321724191189103,2.00390703726359,0.9981999978823503
Y2020_LAT23.72006_LON90.48411,2020,90.48411497992795,23.720058036749826,8,32.64283060704553,32.46175376375001,2.587543900863733,27.02731559,40.79680916000001,0.41885304894256,2.943801110354253,1.0
Y2020_LAT23.72022_LON90.49392,2020,90.49391618722424,23.720217226468566,8,35.355060369342496,35.4230602618182,4.211123171241875,25.699414820000015,43.72605230000005,0.3655264975655498,2.6284607996612035,0.93339968658676
Y2020_LAT23.72038_LON90.50372,2020,90.50371748011912,23.72037579625026,8,31.211331998158506,30.591455945000035,3.567392911199999,25.056827060000046,40.588309940000045,0.1504187892293795,2.7504460387958845,0.1907282179006362
Y2020_LAT23.72146_LON90.05275,2020,90.05274878835802,23.721460862509293,8,31.946562396142742,30.96679003001475,2.4948575165843,29.958267740000025,38.086319300000014,0.66491067064817,1.8197689153932164,0.4851296813296487
Y2020_LAT23.72165_LON90.06255,2020,90.0625465711389,23.721647388393826,8,34.80573940978309,35.72546627451973,2.5698587849859225,28.956787880000007,38.67763676000004,0.7170819043484724,1.2280433415997187,0.7256338695947312
Y2020_LAT23.72183_LON90.07234,2020,90.07234445423342,23.721833295021217,8,30.749205316788093,30.33144650511597,1.5897800132807496,28.813231040000034,36.69860318000002,0.6734279965095041,1.9140348102737745,0.387937163252123
Y2020_LAT23.72202_LON90.08214,2020,90.08214243713324,23.722018582365706,8,35.82659566732754,36.22463963731892,1.9567769405912823,29.349860180000036,39.68253464000003,0.6677084510198376,1.0540436333258358,0.4463550704891931
Y2020_LAT23.7222_LON90.09194,2020,90.09194051985853,23.722203250488853,8,32.34635721406902,32.936388566000005,2.8217073430527244,24.4484195,41.145447200000035,0.7009577761750913,1.28513158199104,0.9239981903482847
Y2020_LAT23.72239_LON90.10174,2020,90.10173870171215,23.72238729928123,8,28.355813407804728,29.265549020000023,3.5301949001623365,21.75843776000002,36.76354556000001,0.6841325236341405,1.664732000113327,0.8864551266871864
Y2020_LAT23.72257_LON90.11154,2020,90.11153698272746,23.722570728826035,8,30.227214947974794,31.157992760000013,3.389933483458744,21.768691820000015,31.927047259999995,0.6847438843760539,1.007047477744807,0.01920679361958292
Y2020_LAT23.72275_LON90.12134,2020,90.12133536220219,23.722753539004486,8,24.56487896910062,22.914753926000014,3.4107323967012007,20.281853119999994,33.020813660000044,0.6853791894710296,1.2672771019917124,0.6496132220879474
Y2020_LAT23.72294_LON90.13113,2020,90.13113384005356,23.722935729858083,8,24.83679918646699,24.12028958000002,3.247623024966472,20.439082040000017,31.86552290000003,0.6329770822070735,1.0645297866283188,0.48349992235257394
Y2020_LAT23.72312_LON90.14093,2020,90.14093241582901,23.72311730120901,8,22.113853597903084,21.646497605000008,2.1167644110069577,19.085546120000004,26.796599239999978,0.6657289510797856,1.042909458048838,0.4124984117572316
Y2020_LAT23.7233_LON90.15073,2020,90.15073108927966,23.723298253293567,8,21.748654810273255,21.895512148275888,1.412306130461629,19.00351364000005,24.83807378000006,0.6695164198794281,1.0,0.9936999703528017
Y2020_LAT23.72348_LON90.16053,2020,90.16052985997881,23.72347858588141,8,23.51664362763815,23.448541836874995,0.7261883567154753,22.00111718000005,25.097843300000022,0.6803128429431348,1.0,0.19462650473870396
Y2020_LAT23.72366_LON90.17033,2020,90.17032872769948,23.723658298978677,8,22.639250986982848,22.469385920000036,0.8042926658869848,21.457652000000053,24.23650226000001,0.5995127863513898,1.0,0.025898945406801877
Y2020_LAT23.72384_LON90.18013,2020,90.18012769201721,23.723837392595122,8,23.646993933621633,23.742598369999996,0.7118683233202969,21.635389040000007,24.574886240000012,0.6653306003871217,1.0,0.12554053764286235
Y2020_LAT23.72402_LON90.18993,2020,90.18992675270556,23.72401586672108,8,,,,,,,,0.0
Y2020_LAT23.72419_LON90.19973,2020,90.19972590928332,23.72419372129912,8,22.774885831235252,22.913728520000006,0.31244412692546625,22.11732986000004,23.272620619999998,0.6675506493865769,1.0,0.05634618892461532
Y2020_LAT23.72437_LON90.20953,2020,90.20952516150587,23.724370956323977,8,22.816147586810125,22.868072174636893,0.5740920866752609,21.56361062000002,24.13396166000001,0.5780593586310488,1.0,0.0962983111022033
Y2020_LAT23.7249_LON90.23892,2020,90.2389234886288,23.724898943745163,8,24.96985995509934,24.930360319999977,0.12069074384966612,24.776549420000038,25.16962172000001,0.46648401470965895,1.0,0.002136192908122479
Y2020_LAT23.72507_LON90.24872,2020,90.24872312013223,23.725073700287105,8,24.962496046168557,24.86029091000001,1.0759059045618795,22.879548320000026,30.75466640000002,0.664701241650435,1.4043448250130572,0.38571798635696347
Y2020_LAT23.72525_LON90.25852,2020,90.25852284549343,23.72524783715912,8,25.90923085146386,25.151620148000013,2.6887376060414123,22.199362339999993,33.62238518000004,0.6264509344449489,1.3941517228821056,0.9349803142624044
Y2020_LAT23.72542_LON90.26832,2020,90.26832266450006,23.725421354334042,8,31.52149202482032,31.098177410000027,3.9769210041411545,23.25211250000001,39.22110194000004,0.6846935544805434,1.3906284565862135,0.9413020767156547
Y2020_LAT23.72559_LON90.27812,2020,90.27812257691255,23.72559425172567,8,30.94327492134599,30.65896184000002,3.976310904444819,24.568050200000016,39.73380494000003,0.6794775492419557,1.285655839506711,0.9662021938926773
Y2020_LAT23.72577_LON90.28792,2020,90.28792258221351,23.7257665294433,8,28.926338296523674,26.90886805076925,3.829368502336112,23.655438860000004,36.36021920000002,0.6338876856481631,1.0395668702273153,0.6368994677621991
Y2020_LAT23.72594_LON90.29772,2020,90.29772268015856,23.725938187378954,8,33.00356560122088,34.462467802926845,2.9593511105907644,24.913270220000015,37.50867391999998,0.6818898163246337,1.264056972464971,0.9906999562350882
Y2020_LAT23.72611_LON90.30752,2020,90.30752287034858,23.726109225413403,8,30.175720811136895,29.77915738839287,3.6931679052920137,22.243796599999996,35.871442340000044,0.6771605409244313,1.4105995792921346,1.0
Y2020_LAT23.72628_LON90.31732,2020,90.31732315262447,23.72627964369308,8,27.294436177845714,26.899628128571447,3.170333010610573,22.975252880000028,36.37389128000001,0.6049181150986861,1.1821761767581984,0.9348008696511505
Y2020_LAT23.72645_LON90.32712,2020,90.32712352645275,23.726449442192326,8,28.046035526765603,27.68101191500002,4.527409126289905,22.230124520000004,40.51653152000006,0.5762996923866057,1.4493261430930795,0.7736012875354691
Y2020_LAT23.72662_LON90.33692,2020,90.33692399163178,23.72661862070005,8,27.019689914761187,26.842332347600017,1.814254253587016,23.002597040000012,33.906080840000016,0.49559177770800844,1.71221487010133,0.8753017661259557
Y2020_LAT23.72679_LON90.34672,2020,90.34672454770153,23.72678717936387,8,31.93982579276605,32.970056063000015,4.306287708643701,24.766295360000015,38.99209460000003,0.5572154207955886,2.013570394830718,0.6926009063572045
Y2020_LAT23.72696_LON90.35653,2020,90.35652519444098,23.726955118153832,8,32.83257479266815,32.17167983428573,5.037758478414842,21.573864680000042,41.72309258000004,0.3084471826022677,2.321261946657123,0.96680219671622
Y2020_LAT23.72712_LON90.36633,2020,90.36632593158285,23.72712243702517,8,33.94428109088679,35.040436227500024,4.713433015688685,26.465051300000027,41.753854760000024,0.3098769944185695,1.9563560789747148,0.8661040757838835
Y2020_LAT23.72729_LON90.37613,2020,90.37612675854025,23.72728913584262,8,28.665410779993756,28.96060028692309,1.553131062685685,24.530451980000038,35.56382054000005,0.3231600466021253,1.96737297093073,0.7847013397710081
Y2020_LAT23.72746_LON90.38593,2020,90.38592767518416,23.7274552146954,8,32.45434509993489,31.90596947000003,4.723303004268104,25.331977670000015,40.444753100000014,0.4638735461206179,2.5578924315720717,0.9024995411743086
Y2020_LAT23.72762_LON90.39573,2020,90.39572868118505,23.72762067358994,8,30.494484919956157,28.392244910000034,3.786176585040193,25.829299579999997,37.54114511000003,0.48346424869066407,2.2768444119795443,0.4107019327149767
Y2020_LAT23.72779_LON90.40553,2020,90.40552977608516,23.72778551248489,8,28.808177191470392,28.43588163200002,2.7142003173394746,23.863938080000025,41.22406166000002,0.3965130668843442,1.885275457124843,0.7165021953044466
Y2020_LAT23.72795_LON90.41533,2020,90.41533095961898,23.727949731210405,8,30.300696551219982,30.465090586949174,1.763806589021469,24.959413490000003,36.01499918000002,0.26978095621398984,1.8853152064968786,0.8240015247130547
Y2020_LAT23.72811_LON90.42513,2020,90.42513223150547,23.72811332992402,8,38.469963226082996,39.559913172500025,5.96957191462354,28.18944239000001,48.19682246000002,0.260294462695539,2.1558908224828026,0.8505992969378652
Y2020_LAT23.72828_LON90.43493,2020,90.43493359134165,23.72827630857057,8,40.94042411649783,42.31660467032789,4.170641979139208,25.795119380000017,45.715339940000035,0.25996778048591473,1.9674167338486594,0.8931006734149306
Y2020_LAT23.72844_LON90.44474,2020,90.44473503880128,23.728438667083,8,31.327305044634482,31.434538480204107,3.9492357995688234,24.407403260000024,42.60665075000003,0.5092670910954532,2.940167056805129,0.9710022164810189
Y2020_LAT23.7286_LON90.45454,2020,90.45453657354857,23.72860040542981,8,29.24469685422325,28.79614094000002,1.7876859857515768,25.762648189999993,33.589913990000014,0.5334139615623388,2.4077315827862877,0.8226038710770374
Y2020_LAT23.72876_LON90.46434,2020,90.46433819528421,23.728761523702694,8,28.873578065676977,26.72413721600002,3.492874020353901,24.696225949999985,33.89924480000002,0.5774823492850873,1.718479002856927,0.13959948046814313
Y2020_LAT23.72892_LON90.47414,2020,90.47413990363053,23.728922021661404,8,28.262952977104778,28.285632224444466,1.3199219550538084,25.289252420000025,33.57111487999998,0.5473085665968457,1.9701265610017908,0.923901994832914
Y2020_LAT23.72908_LON90.48394,2020,90.48394169826065,23.729081899487273,8,31.60437737226425,29.34443156000002,4.522529313139675,25.721631950000017,40.860042530000015,0.5174415010638359,2.129317526152876,0.8049990823486202
Y2020_LAT23.72924_LON90.49374,2020,90.49374357888938,23.729241157051728,8,32.23195912586758,33.282633992,3.6762130204939885,24.400567220000028,38.41615823000001,0.49314747189061997,1.8253783469150189,0.5123851138625733
Y2020_LAT23.7294_LON90.50355,2020,90.5035455452018,23.729399794413194,8,29.417323151930653,27.46824017,3.091441067087367,26.639370320000012,36.27135068000001,0.5809406057485713,1.6539704726129114,0.04074346954828733
Y2020_LAT23.73104_LON90.08194,2020,90.0819414729446,23.73103942460765,8,31.172586609241993,30.07277141000003,2.722977040320234,29.77882169,36.85583210000004,0.6285053274374314,1.836734693877551,0.0012108204279173544
Y2020_LAT23.73122_LON90.09174,2020,90.09174022814801,23.731224171414905,8,30.90712462753413,30.100115570000014,2.836705775541582,29.498544049999992,37.08825746000002,0.6830928512733349,1.874325610917169,0.011172332610021412
Y2020_LAT23.73141_LON90.10154,2020,90.10153908262842,23.731408298682876,8,31.44174100053864,30.83840789,1.6866368987993279,29.799329810000017,36.76354556000001,0.6395775341093781,1.9848668028515444,0.08560518192037969
Y2020_LAT23.73177_LON90.12114,2020,90.1211370882111,23.731774694303866,8,33.03386495187609,32.984582648000014,0.915980374710868,31.56815516000006,35.71763143999999,0.7090434098719283,1.0,0.16280777677071268
Y2020_LAT23.73196_LON90.13094,2020,90.13093623868204,23.731956962745272,8,29.112187360403787,28.71449211530614,2.1845549896437544,24.614193470000032,34.429037900000026,0.6573495350067988,1.636654991066652,0.7113202941007526
Y2020_LAT23.73214_LON90.14074,2020,90.14073548712526,23.732138611569457,8,24.72510843132037,24.592376889218755,1.6965019393243221,19.611921199999983,29.585703560000013,0.6873059463658252,1.8790041364900543,1.0
Y2020_LAT23.73232_LON90.15053,2020,90.15053483332763,23.73231964059836,8,23.208408233422066,23.015536687142873,1.1768055560167914,20.72619572000002,26.302695350000022,0.619475948977211,1.2085002452944056,1.0
Y2020_LAT23.7325_LON90.16033,2020,90.16033427668371,23.732500049979638,8,23.253266355831848,23.273262915578506,0.5058839871782075,22.15151006000002,24.47918168000001,0.6770449725258999,1.0,0.15946492156674036
Y2020_LAT23.73375_LON90.22893,2020,90.22893307807338,23.733745562124344,8,25.002039412923093,24.899598140000023,0.1980443232582348,24.892762100000027,25.340522720000024,0.7124307650786179,1.0,0.0020660281403627745
Y2020_LAT23.73392_LON90.23873,2020,90.23873328811024,23.73392101295773,8,25.952552937701917,25.837844630000035,0.8641190825669205,23.956224620000057,28.85424727999998,0.6828805221517174,1.0,0.21030636179698828
Y2020_LAT23.7341_LON90.24853,2020,90.24853359265339,23.7340958439822,8,24.29842275522884,24.224073096363654,1.4890275265573938,21.050907620000032,29.09692670000004,0.6331060745070515,1.2083496310203654,0.2706991419989905
Y2020_LAT23.73427_LON90.25833,2020,90.25833399097498,23.734270054975184,8,25.718405617337524,25.531552060000017,1.7653492249557705,22.824860000000058,33.40704992000002,0.631629250909806,1.030795706716181,0.46759984752869466
Y2020_LAT23.73444_LON90.26813,2020,90.2681344831414,23.734443646021468,8,33.89949076625805,33.927956168000016,3.9527385556911923,22.98550694000005,41.66840425999999,0.6075771109921846,1.0,0.5628006621184257
Y2020_LAT23.73462_LON90.27794,2020,90.27793506841533,23.734616617136147,8,31.19778792881625,30.182788928750018,4.836324013002476,23.289710720000016,42.24263162,0.6403807967351409,1.560005124661267,0.909099893058698
Y2020_LAT23.73479_LON90.28774,2020,90.28773574692843,23.734788968162896,8,30.871853041086016,30.831815994285737,4.684481257625034,23.149571900000012,37.57703432000005,0.654808565277818,1.350696563420781,0.942699730351672
Y2020_LAT23.73496_LON90.29754,2020,90.29753651795686,23.73496069918461,8,29.82663690002711,29.56107827954548,4.525859918136981,23.453775680000035,40.66692440000003,0.6377032165978181,2.1037462535678184,0.9879999858823364
Y2020_LAT23.73513_LON90.30734,2020,90.30733738135562,23.73513181014325,8,26.503224041929048,25.416668610000027,3.592105531989164,21.423471800000016,35.577492620000044,0.610651473337754,2.282755989515258,0.9990999989411752
Y2020_LAT23.7353_LON90.31714,2020,90.31713833675774,23.73530230099782,8,27.527873217911154,25.94361336000002,3.916530627026155,22.402734530000004,39.48941651000004,0.5837506143352481,2.4998477907654846,0.9623021755396495
Y2020_LAT23.73547_LON90.32694,2020,90.32693938385805,23.735472171769125,8,30.636038674235124,31.106722460000032,4.725968554084234,22.640286919999994,42.05805854000005,0.49754095543263865,2.4622285174693084,0.6354007475302911
Y2020_LAT23.73564_LON90.33674,2020,90.33674052213941,23.735641422429293,8,27.364271527515605,27.643508640000015,1.3882991604418955,22.568508500000007,30.27101657000003,0.4546618761327286,1.92,0.8175009617658374
Y2020_LAT23.73581_LON90.34654,2020,90.34654175156675,23.735810052937783,8,30.853979701013284,30.43815774800002,3.1847890877790332,22.072895600000038,39.02969282000001,0.43302544323926756,3.2094899333214384,0.8702017421258451
Y2020_LAT23.73598_LON90.35634,2020,90.35634307163333,23.735978063227318,8,32.33534718518432,31.02677877000003,3.6319630212632577,25.613964320000036,40.36442963000002,0.28230019174659693,2.622840605994055,0.996399995764701
Y2020_LAT23.73615_LON90.36614,2020,90.36614448197618,23.73614545326336,8,33.46232810761215,32.427229904130456,3.1972012808538244,24.79022150000003,43.29879979999998,0.2385775712165554,2.3084152071764206,0.7023008262362659
Y2020_LAT23.73631_LON90.37595,2020,90.37594598234861,23.736312223164685,8,24.968080538583287,24.912415715000023,0.8983026860457677,23.106846650000023,27.059786779999996,0.5460614997915859,1.8426806697370122,0.16399841881608862
Y2020_LAT23.73648_LON90.38575,2020,90.38574757237537,23.736478372837592,8,31.300146983400186,30.01876669400002,3.3924440170764627,25.842971660000046,40.311450320000006,0.32950665240833954,2.583601571036234,0.7170996671760786
Y2020_LAT23.73664_LON90.39555,2020,90.39554925174671,23.73664390217882,8,36.05035922986671,36.81606297540543,4.381046656933559,23.091465560000017,42.36909836000004,0.46364229030447235,2.2637037037037038,0.6075007147067231
Y2020_LAT23.73681_LON90.40535,2020,90.40535102012889,23.736808811179472,8,27.75031375338212,28.144153625000023,1.7858789008883351,23.17008002,30.78030155000002,0.3573935767914806,1.850774973986716,0.7157010150636003
Y2020_LAT23.73697_LON90.41515,2020,90.41515287705107,23.73697309997329,8,31.370404529197707,30.029914697692334,3.2183073573208296,27.11447510000005,41.89399358000003,0.24881115259855036,2.435806877736532,0.9003998828233916
Y2020_LAT23.73714_LON90.42495,2020,90.42495482246659,23.737136768441125,8,37.12327853411184,38.286363417894755,4.101168315369136,27.466531160000045,44.11570658000002,0.42132194146371055,2.586322119371265,0.5745994995288229
Y2020_LAT23.7373_LON90.43476,2020,90.43475685579241,23.73729981642581,8,38.80629683664566,39.31993968500001,2.6796565302424553,26.519739619999996,43.20651326000001,0.3108600559797891,2.1889770031661584,0.7112009938870304
Y2020_LAT23.73746_LON90.44456,2020,90.44455897672613,23.737462244092796,8,36.32073202661908,36.67678817000002,3.722494112050957,26.629116260000018,43.080046519999996,0.4616651955341536,2.3835978835978837,0.5670006670596082
Y2020_LAT23.73762_LON90.45436,2020,90.45436118513084,23.737624051377253,8,30.94364779048011,30.724331472500015,3.693765508296287,24.110035519999997,38.346088820000034,0.584591867406667,3.060969755160826,0.6249007351773354
Y2020_LAT23.73779_LON90.46416,2020,90.46416348037994,23.737785238206047,8,26.020564021904775,26.011431217142874,0.548548393217261,24.672299810000027,27.93821792,0.5641282365435646,1.9936507936507937,0.2835013341239254
Y2020_LAT23.73795_LON90.47397,2020,90.47396586232873,23.737945804640315,8,27.010471587440033,26.34826895000001,1.9038137153392407,24.438165440000034,33.69245459000001,0.5617832271456721,2.000571428571429,0.525000617647785
Y2020_LAT23.73811_LON90.48377,2020,90.48376833068637,23.73810575048113,8,32.88893018214394,33.58957218800004,3.149064240063532,23.937425510000025,37.110474589999995,0.5864332557827134,1.8868881349429942,0.29439916988137627
Y2020_LAT23.73827_LON90.49357,2020,90.49357088494017,23.738265075944682,8,30.095607560864707,28.290843650000028,4.9669596372787055,23.42984954000002,36.2405885,0.5044833828777097,1.8402218560720334,0.1537799951465321
Y2020_LAT23.74098_LON90.13074,2020,90.13073853935036,23.740978183589952,8,29.109483546678085,29.20656626461541,1.0141011770121025,26.59493606000001,30.927276410000047,0.6922736912647554,2.0,0.1092910106106036
Y2020_LAT23.74116_LON90.14054,2020,90.14053846080701,23.741159909708305,8,28.58739269320773,28.764524255000012,1.322094831528017,25.526804810000016,31.43827040000002,0.7185659565729976,2.0,0.8813303561781992
Y2020_LAT23.74134_LON90.15034,2020,90.15033847991525,23.74134101587991,8,27.68574941659069,27.912738134545474,2.069314142657362,23.38199726000005,34.35384146000001,0.6977979597714933,1.9124538516427259,0.9227422044415208
Y2020_LAT23.74152_LON90.16014,2020,90.16013859642045,23.74152150213728,8,24.76575271193895,24.568050200000016,1.1590988087580756,22.500148100000047,27.375953630000026,0.6904738131796381,1.2390946569114698,0.2202313238138648
Y2020_LAT23.74259_LON90.21894,2020,90.21894132132913,23.74259139878478,8,29.454488681978653,30.538476634999995,3.211962503449078,21.97377302000001,35.07504368000002,0.6654714458474957,1.0,0.23784241028040742
Y2020_LAT23.74277_LON90.22874,2020,90.2287421100175,23.74276754451651,8,29.629237406117053,30.839689647500023,4.413056853952767,19.092382160000057,36.48668594000003,0.698542737444495,1.0180457708338746,0.8145991275253087
Y2020_LAT23.74294_LON90.23854,2020,90.23854299328866,23.74294307015497,8,27.704502135917007,26.64645050428573,3.062477841432054,22.79067980000002,36.62682475999998,0.6770894419203362,1.3165431847373166,0.9012998838822196
Y2020_LAT23.74312_LON90.24834,2020,90.24834397112943,23.743117975566047,8,27.173421336089078,26.536223297096786,2.503650293308214,22.69839325999999,36.25767860000002,0.6372575428589095,1.8134712381665197,0.8298997998821207
Y2020_LAT23.74329_LON90.25815,2020,90.25814504281456,23.743292260772836,8,33.63076500929981,34.34290379600001,3.454073477980836,25.634472440000025,39.672280580000006,0.6502952861567121,1.6057321762691705,0.8544993152908981
Y2020_LAT23.74347_LON90.26795,2020,90.2679462082869,23.743465925773716,8,34.08157992084695,33.98868299000002,2.608409737400419,22.577053550000016,38.267474359999994,0.6628463956282936,2.2941255671796488,0.7863997487055895
Y2020_LAT23.74364_LON90.27775,2020,90.27774746707775,23.743638970502243,8,34.343020721299425,35.808905233333356,4.049408820634122,23.038486250000034,39.19546679000004,0.6620296311063354,2.1078502354855586,0.984699981999979
Y2020_LAT23.74381_LON90.28755,2020,90.28754881895775,23.743811394960073,8,32.91348269650144,31.708449344545468,2.645884752999822,24.87567200000001,40.79851817000002,0.6474245404503948,3.410101929891447,1.0
Y2020_LAT23.74398_LON90.29735,2020,90.29735026346388,23.743983199124013,8,31.248832403501268,31.780851507500017,3.1127123667781476,23.161534970000048,36.96691775000002,0.6328349376529598,3.4713478041036248,0.9981999978823505
Y2020_LAT23.74415_LON90.30715,2020,90.3071518003199,23.74415438300012,8,28.547876025310952,27.53308202000002,3.549970636185893,22.935945650000008,36.80114378000002,0.5560621294939004,2.584078025771811,0.9936999925882266
Y2020_LAT23.74432_LON90.31695,2020,90.31695342921796,23.74432494650829,8,29.696794819814247,30.281481329863038,2.2445649949141275,23.87077412000002,36.49523099000004,0.6362081848395729,3.4894981385085235,0.8333015684779718
Y2020_LAT23.74449_LON90.32676,2020,90.32675514987204,23.74449488957721,8,35.940183614466946,35.802654687500024,2.362658276926711,24.313407710000007,40.738702820000015,0.535284927946862,1.7233429394812692,0.31230036741219724
Y2020_LAT23.74466_LON90.33656,2020,90.33655696174202,23.744664212253483,8,27.765647560870857,27.46923709250001,2.787812684159554,21.293587040000034,36.52941119000002,0.4803827370773111,2.311701412239405,0.8922010496482966
Y2020_LAT23.74483_LON90.34636,2020,90.3463588647759,23.7448329145388,8,30.97803905237388,31.32308312600002,5.5209907295588065,20.804810180000004,43.47140981000001,0.367275052327341,2.6929851757438006,0.9221019863622905
Y2020_LAT23.745_LON90.35616,2020,90.35616085841329,23.74500099638217,8,35.25554784769637,35.42197271000003,2.9455412261679395,24.978212600000006,43.47140981000001,0.39111425320808985,3.859702187884928,1.0
Y2020_LAT23.74517_LON90.36596,2020,90.36596294242004,23.745168457777467,8,36.03574816872065,36.852658224285726,3.941118793560615,28.4304128,42.54683540000002,0.26671225280898386,2.7083961924805187,0.6573995969407049
Y2020_LAT23.74534_LON90.37577,2020,90.37576511650848,23.745335298684513,8,28.35556477233701,26.432194204516154,5.277912175161538,22.43178770000003,39.44156423000004,0.35633451729361426,1.5237422361885884,0.33469922211398734
Y2020_LAT23.7455_LON90.38557,2020,90.38556738024695,23.745501519059466,8,29.113023872923048,28.653587214565235,2.113476157468818,26.123249299999998,38.906644099999994,0.2344391376875377,2.0665158371040713,0.66300078000092
Y2020_LAT23.74567_LON90.39537,2020,90.39536973334006,23.74566711891753,8,31.0736912300634,29.822274178297892,3.94997869863576,23.54606222000001,41.79828902,0.31673916036803546,2.5391127211947766,0.9459999364705144
Y2020_LAT23.74583_LON90.40517,2020,90.40517217543393,23.745832098256265,8,35.303845766198734,34.569779900000015,4.245523908870755,24.870544970000026,43.70383517000002,0.37337292738882405,3.295463844265468,0.6555983792864933
Y2020_LAT23.746_LON90.41497,2020,90.41497470619652,23.74599645691055,8,35.81071103349962,37.86842052500003,5.405046430784018,27.322974320000014,44.061018260000026,0.23714222536383936,2.307831598008148,0.4443993463521724
Y2020_LAT23.74616_LON90.42478,2020,90.42477732538151,23.74616019500123,8,29.20413768092459,29.028809969296848,1.7109095069522278,26.86325063000001,36.14659295000001,0.25439392645683884,2.08885168440018,0.41529931211683807
Y2020_LAT23.74632_LON90.43458,2020,90.43458003258418,23.74632331250182,8,29.752188213637144,29.693371190000025,0.538996798340609,28.594477760000018,31.762982300000033,0.22929662763087774,1.9632912622407448,0.6537983708158653
Y2020_LAT23.74649_LON90.44438,2020,90.4443828274079,23.74648580934497,8,31.154869415190078,30.78115605500003,2.0060684052889926,27.49387532000003,40.268725070000016,0.31801374274392646,2.279198535967341,0.9777999738823222
Y2020_LAT23.74665_LON90.45419,2020,90.45418570962228,23.7466476854843,8,27.3473471330682,26.722440413214304,2.6845620465346136,23.76652451000001,39.72696890000003,0.45815268572778434,2.2229278074866294,0.897601056001245
Y2020_LAT23.74681_LON90.46399,2020,90.46398867885233,23.746808940936813,8,25.932928087451256,25.950639290000016,1.1996368635309946,22.51723820000001,28.55175251000003,0.5156049615621392,1.8769298982376372,0.9791022545988449
Y2020_LAT23.74697_LON90.47379,2020,90.47379173479939,23.746969575766016,8,27.562223309002306,26.151447965000017,3.4049678158740027,22.766753660000006,35.08187972000002,0.489377245559468,2.2025280321541962,0.3090991871755144
Y2020_LAT23.74713_LON90.48359,2020,90.48359487702845,23.74712958985989,8,25.261276641946075,24.849716410625017,2.8508540260551736,22.289939870000012,37.30188371000003,0.5746452870325599,1.9332069619162504,0.5154684962852177
Y2020_LAT23.74729_LON90.4934,2020,90.493398105351,23.747288983134844,8,24.436548509982206,24.183522949999997,0.7183812003967202,23.33414498000002,26.078815039999995,0.49994552176454443,1.8555942075883827,0.08850653721126753
Y2020_LAT23.75018_LON90.14034,2020,90.14034133672807,23.750181195813376,8,29.15220600668389,29.15674204999999,0.0984775305838824,29.00634917000002,29.296880870000024,0.752638964653015,2.0,0.0027420621722793383
Y2020_LAT23.75036_LON90.15014,2020,90.15014202925222,23.75036237914662,8,31.015359422298157,29.710461290000012,2.2117342552762635,29.15674204999999,34.66488128000003,0.6570950927723923,1.6733649981731822,0.009702130073058394
Y2020_LAT23.75161_LON90.21875,2020,90.21874958492761,23.75161329427381,8,34.31449436195961,34.360677499999994,0.6953714740235857,31.315221680000036,35.68345124000001,0.6499641910441003,1.0,0.11455100637423798
Y2020_LAT23.75179_LON90.22855,2020,90.22855104721349,23.751789515059894,8,34.94577928359947,35.28897279253166,1.8981557985263442,25.84297165999999,38.28456446000001,0.6825539010405738,1.890549552495306,0.9377716451489818
Y2020_LAT23.75197_LON90.23835,2020,90.23835260414353,23.75196511539724,8,32.7488002823568,31.590030488000018,2.703308134245426,24.68084485999998,38.50331774,0.6662716532678986,3.1585030988381004,1.0
Y2020_LAT23.75214_LON90.24815,2020,90.24815425556822,23.752140095274402,8,32.537617290794344,31.46789324000002,2.8269051692692773,26.601772100000005,39.93717713000004,0.5450535831556058,3.1748055284965955,1.0
Y2020_LAT23.75231_LON90.25796,2020,90.25795600099448,23.752314454715368,8,35.21334450358465,36.718661560526336,3.766383995801602,23.956224620000057,39.5389778,0.5890118237946664,2.057487194270129,0.9549997882342972
Y2020_LAT23.75249_LON90.26776,2020,90.26775784009696,23.75248819362814,8,31.750632183924164,31.593132998461556,2.8409287198509237,24.627865550000024,39.43131017000002,0.6371722770714195,3.1869119614368233,0.95769980094024
Y2020_LAT23.75266_LON90.27756,2020,90.27755977269007,23.752661312035087,8,29.55363081032653,28.656396506923095,3.4832949212764914,22.835114060000024,37.874402059999994,0.6342681576942981,2.5865659800537464,0.8496992927025517
Y2020_LAT23.75283_LON90.28736,2020,90.28736179827857,23.752833809906356,8,30.863895642289744,31.352903949672147,2.0545395822452357,22.81631494999999,36.536247230000015,0.6279290125656268,3.7765696854443336,0.9984999929411432
Y2020_LAT23.75301_LON90.29716,2020,90.29716391659903,23.753005687175584,8,33.45115772538419,32.84274224847829,2.3809601915732905,28.77734183000004,38.92373420000001,0.6371387703750481,3.2322963872771218,1.0
Y2020_LAT23.75318_LON90.30697,2020,90.3069661272607,23.753176943865817,8,32.63599108565035,31.839318080000023,2.1872818185011966,27.625469090000024,38.082901280000016,0.6171350402788877,3.3439992658788875,1.0
Y2020_LAT23.75335_LON90.31677,2020,90.31676843004367,23.753347579903743,8,31.59327735643243,31.440666537731985,2.990028119607187,24.749205260000053,41.98798913000002,0.5516807023054405,3.482297853306301,0.9942011491818785
Y2020_LAT23.75352_LON90.32657,2020,90.32657082451311,23.753517595394705,8,31.71710531164124,31.066133472500017,4.494522103776775,25.26190826000004,42.49556510000002,0.39250659419627687,3.45295245771279,0.9809022630694735
Y2020_LAT23.75369_LON90.33637,2020,90.33637331037123,23.75368699020764,8,30.09776021472147,30.418418682500025,4.395633662173464,22.12416589999998,37.918836320000025,0.4674654540616567,2.7814712481387254,0.8699017407140709
Y2020_LAT23.75386_LON90.34618,2020,90.34617588723401,23.75385576429891,8,27.77639361750339,26.593227050000014,3.691702066933591,24.00920393000004,39.47061740000004,0.363996579630609,1.8847725468172052,0.3644981858738159
Y2020_LAT23.75402_LON90.35598,2020,90.35597855490903,23.75402391774723,8,37.25042278612744,36.92886979052633,5.174204156222088,24.30144464,45.257325260000016,0.3019665494952898,2.896704219784555,1.0
Y2020_LAT23.75419_LON90.36578,2020,90.36578131285476,23.7541914503989,8,39.080563710395104,40.43389586000003,3.970082967083968,26.50948556000003,44.68651592000003,0.2973819612989189,2.4961202798879816,0.8241991727019863
Y2020_LAT23.75436_LON90.37558,2020,90.37558416098803,23.754358362329956,8,29.084079339882777,28.657825064000022,2.357033283266444,25.214055980000012,36.86950418000001,0.35550918959801003,2.1518881995633516,0.6530995439978516
Y2020_LAT23.75452_LON90.38539,2020,90.38538709874506,23.754524653475627,8,32.721801913365084,34.05737319894739,4.198172965890743,26.083942070000035,42.194779340000025,0.26122739933754996,3.0868598010550268,0.6965009247102312
Y2020_LAT23.75469_LON90.39519,2020,90.39519012585518,23.754690323823056,8,30.232246472807255,28.82071025580647,3.614244678696847,24.181813939999984,41.86494041,0.2768058649724577,2.263032914733643,0.7059986164640747
Y2020_LAT23.75486_LON90.40499,2020,90.40499324206858,23.75485537337216,8,37.335867342101004,38.67995613071431,4.550750210035357,23.515300040000028,43.70383517000002,0.3057352146848399,1.9990176760526766,0.6107993449380921
Y2020_LAT23.75502_LON90.4148,2020,90.4147964469972,23.755019802046764,8,30.46859218350886,27.664206650000022,4.813341664847148,26.0207087,43.47995486000002,0.2374096695262646,2.236024711023097,0.4918999618821723
Y2020_LAT23.75518_LON90.4246,2020,90.42459974029687,23.755183609872024,8,36.287842279363595,35.81282584776121,3.1378682407727436,26.817107360000023,42.998014040000044,0.31161280392023827,3.1343564631805436,0.7740989369361723
Y2020_LAT23.75535_LON90.4344,2020,90.43440312163821,23.755346796793834,8,35.12930024517087,36.931516828571446,5.421170155310382,26.335166540000046,44.57713928000001,0.2761240171414247,2.2274740630640966,0.9522009515338893
Y2020_LAT23.75551_LON90.44421,2020,90.44420659070467,23.755509362861847,8,35.34854535066114,37.192336169000015,4.59866670145467,27.534891560000005,44.66600779999999,0.3394577600784965,2.4883589589495356,0.9749022348340468
Y2020_LAT23.75567_LON90.45401,2020,90.4540101471481,23.75567130799374,8,28.747365726647953,27.062387447391316,4.303114521708322,23.388833299999988,39.90812396000001,0.4582232345363149,2.202569498743952,0.8486016404783052
Y2020_LAT23.75583_LON90.46381,2020,90.46381379066433,23.755832632118793,8,27.061127276731362,25.222826393956066,4.085786474065665,23.417886470000013,37.73084522000002,0.5562857360735513,2.021897544765638,0.7764001242358761
Y2020_LAT23.75599_LON90.47362,2020,90.47361752085249,23.755993335209055,8,32.1493632697183,33.585855091250025,3.992190766992955,23.20084220000001,37.67786591000001,0.6048715869954944,1.9340698644835665,0.7992990555249642
Y2020_LAT23.75615_LON90.48342,2020,90.48342133741092,23.756153417361674,8,33.9196003057053,33.97380827333335,1.881227477188733,26.765837060000024,38.67763676000004,0.5721271081086564,2.1269137638870697,0.8492166024302162
Y2020_LAT23.75631_LON90.49323,2020,90.49322524001843,23.756312878533233,8,31.771086557808122,31.151156720000017,0.8074590103086516,30.99392780000005,33.270329120000014,0.3615422020939577,2.0,0.012107862294383038
Y2020_LAT23.76081_LON90.22836,2020,90.22835988964839,23.76081147358909,8,32.654052514442945,31.585548648691667,2.3275426705379916,25.613964320000036,38.359760900000026,0.6383956934878751,3.4921349825221837,0.642874120384042
Y2020_LAT23.76099_LON90.23816,2020,90.23816212061057,23.760987148651456,8,32.37093152710602,31.90707882736844,2.4285002490793586,24.615902480000045,40.323413389999985,0.5145163093109036,3.2820991554107715,1.0
Y2020_LAT23.76116_LON90.24796,2020,90.2479644459894,23.761162203025258,8,31.648340943663932,31.81865658730771,4.413689514367013,23.39566934000004,39.80387435000003,0.56352927057957,2.8903077252735674,0.9717999668234907
Y2020_LAT23.76134_LON90.25777,2020,90.2577668653888,23.761336636649737,8,26.775661377823155,26.153319036293112,2.5653414357274538,23.903245310000045,37.42835045000004,0.5164047803982121,1.975868708302548,0.9696998574110937
Y2020_LAT23.76151_LON90.26757,2020,90.26756937861607,23.761510449554255,8,28.82958884253204,26.93778975846156,4.172277933462206,23.515300040000056,39.71329682000001,0.6049818612501534,2.348201124833635,0.9864999841176284
Y2020_LAT23.76168_LON90.27737,2020,90.27737198516861,23.76168364164506,8,34.72596266126225,35.90922236957449,2.8244309723109358,22.835114060000024,38.40419516000003,0.6634355660943846,2.569548837226599,0.9489999399999297
Y2020_LAT23.76186_LON90.28717,2020,90.28717468493886,23.761856212904412,8,35.50043226882402,35.78073039348316,1.9256526215244165,22.934236639999995,38.86220984000002,0.6716859090367949,2.222432531876655,0.9975999887058291
Y2020_LAT23.76203_LON90.29698,2020,90.29697747734382,23.762028163329866,8,32.452729473288436,32.288574083750014,2.9083313157913366,22.944490700000017,38.592186260000034,0.6362322900782245,3.277851198861408,0.972099967176432
Y2020_LAT23.7622_LON90.30678,2020,90.30678036212258,23.762199492944596,8,32.567647714484174,32.03374417232001,1.6668436218840146,30.24538142000003,38.293109509999994,0.6372518471619231,3.629100740118519,1.0
Y2020_LAT23.76237_LON90.31658,2020,90.31658333913239,23.762370201657625,8,34.132566423347924,35.18271131000003,3.6120732096507946,24.062183240000024,40.59001895000003,0.5192686315563415,2.3699970352801687,1.0
Y2020_LAT23.76254_LON90.32639,2020,90.32638640779447,23.762540289448026,8,30.61996977192082,30.46997381750002,2.9079958009228024,23.125645760000054,39.098053220000025,0.4715458820100471,3.00570000670589,1.0
Y2020_LAT23.76271_LON90.33619,2020,90.3361895678366,23.762709756351583,8,33.082480082527375,33.45433253000001,2.883556563243237,25.880569880000024,40.18498358000005,0.40869678969587087,3.387882141950624,0.8481998214115547
Y2020_LAT23.76288_LON90.34599,2020,90.34599281907632,23.762878602283685,8,36.13348443777457,40.212687531578965,7.1727246576887635,24.516779900000017,44.51561492000002,0.25198484410572364,1.7122409499701583,0.342996908220745
Y2020_LAT23.76305_LON90.3558,2020,90.35579616093816,23.763046827230234,8,37.66745246042922,40.43480063000001,4.859384909746297,27.604960970000008,44.621573539999986,0.22355377359697337,2.5507013154641407,0.842199814352723
Y2020_LAT23.76321_LON90.3656,2020,90.36559959324714,23.763214431236197,8,37.523534668822705,40.176593894545476,5.589413978064051,24.277518500000042,43.045866320000016,0.36892134269448656,2.2523837244314167,0.7032996509407662
Y2020_LAT23.76338_LON90.3754,2020,90.37540311576633,23.763381414237692,8,31.487026004016226,31.57026723839624,2.8849585287486237,23.47257479000004,40.065352880000006,0.5428225458696048,3.6940549179342477,0.9981999915293719
Y2020_LAT23.76355_LON90.38521,2020,90.3852067277836,23.763547776097877,8,30.99708586069592,31.28120686806454,2.59298456030328,25.613964320000036,36.45592376000002,0.4338082615625827,3.312366905287642,0.8982998803528005
Y2020_LAT23.76371_LON90.39501,2020,90.39501042943009,23.763713516960536,8,31.27899631542189,28.341544280000022,5.630034621396321,26.02925375000001,45.715339940000035,0.31946663475796744,2.2206342741469745,0.5805995065876552
Y2020_LAT23.76388_LON90.40481,2020,90.40481422001753,23.7638786367501,8,34.80902379720125,35.11776893000004,6.209177940046658,25.525095800000003,45.05908010000002,0.3236105644046226,2.230897301086576,0.7250010588285121
Y2020_LAT23.76404_LON90.41462,2020,90.41461809937496,23.764043135474466,8,31.677531799999997,31.677531799999997,0.0,31.677531799999997,31.677531799999997,0.09719377756118774,1.0,0.00030000035294159156
Y2020_LAT23.76421_LON90.42442,2020,90.42442206719913,23.76420701298965,8,38.037613565779544,38.88869949500001,3.550496384028899,26.957246180000027,42.77584274000003,0.3363892548725736,1.7231031432701225,0.16359901599884233
Y2020_LAT23.76437_LON90.43423,2020,90.43422612297073,23.764370269374343,8,36.331511956943814,37.926252622085705,4.746049365865559,23.091465560000017,43.17746009000001,0.2708369573182293,1.6533770718751644,0.46909985458755143
Y2020_LAT23.76453_LON90.44403,2020,90.44403026665844,23.764532904578363,8,27.7243345148903,24.81859106600002,5.967011102523496,23.911790360000055,40.01408258000001,0.4328206675740245,1.586206896551724,0.09570011258836773
Y2020_LAT23.76469_LON90.45383,2020,90.45383449767927,23.76469491859851,8,34.58359745839939,35.53039990000002,3.2641379131286405,22.930818620000025,38.13246257000003,0.5116184768324418,2.084521212192112,0.6033995334112158
Y2020_LAT23.76486_LON90.46364,2020,90.46363881566843,23.764856311400155,8,34.39222281037471,34.59171428937502,2.1708588193597347,24.209158100000025,38.87929994000004,0.4571226483359157,2.072900343060438,1.0
Y2020_LAT23.76502_LON90.47344,2020,90.47344322047181,23.765017082957055,8,32.531715147854804,32.656561483181825,1.9884720146532742,26.48385041000006,37.67786591000001,0.5258568688622659,2.124200146117819,1.0
Y2020_LAT23.76518_LON90.48325,2020,90.48324771175145,23.76517723326621,8,33.88678164578507,34.22865647750002,1.6697526410385868,30.337667960000033,38.2572203,0.5220494121061464,1.9907395302218154,0.49397075970939075
Y2020_LAT23.76983_LON90.22817,2020,90.2281686374244,23.769833420109688,8,36.04776803674963,36.017277860000014,1.02381774856068,32.32353757999999,37.619759570000014,0.6792309904870762,1.4864239566963504,0.08142605790250078
Y2020_LAT23.77001_LON90.23797,2020,90.23797154263815,23.770009169948537,8,30.137245703665048,30.68932963307694,5.7508150517333325,21.68836835000002,42.54512639000001,0.520364076978741,2.9236772286234145,0.9382378879690481
Y2020_LAT23.77018_LON90.24777,2020,90.24777454231223,23.77018429878142,8,36.208989660101395,37.719545347910454,3.1767710502804642,29.60621168,41.456487020000026,0.5924203769890102,2.6427984032922502,1.0
Y2020_LAT23.77036_LON90.25758,2020,90.25757763606937,23.770358806663783,8,32.468917337638864,31.553405660652185,4.881650540358451,23.007724070000023,41.19159047000002,0.5580422322768777,2.753650190577087,0.8694993858794656
Y2020_LAT23.77053_LON90.26738,2020,90.26738082362911,23.77053269346265,8,33.124457404574144,33.190860155000024,4.0379536290409055,23.21793230000003,38.968168460000015,0.6023593738164809,2.7301091166213918,0.8784998570586585
Y2020_LAT23.77071_LON90.27718,2020,90.27718410465431,23.77070595923242,8,33.294424554729915,32.64505197741937,2.4845566612946546,28.039049510000012,42.314410039999984,0.5832299340667162,3.4683993745875057,1.0
Y2020_LAT23.77088_LON90.28699,2020,90.28698747876511,23.770878603944194,8,34.01891792577929,35.27544367869566,2.65784966869032,24.694516940000028,39.18179471000002,0.6506825722475993,2.696930053145295,0.99549997882343
Y2020_LAT23.77105_LON90.29679,2020,90.29679094568877,23.77105062758184,8,27.25832723809866,26.095660995714308,3.027574821660132,23.87419213999999,35.46298895000004,0.5687985557451242,2.080016908863677,0.5760995012935302
Y2020_LAT23.77122_LON90.30659,2020,90.30659450499972,23.77122203003455,8,32.13400479861442,31.276577127346954,2.4902476215661062,24.161305820000052,37.66932086000003,0.6030543239584171,3.2893512310736592,0.9738999692940816
Y2020_LAT23.77139_LON90.3164,2020,90.31639815643658,23.77139281141807,8,28.978463128629727,29.27979077,2.3975176665761326,23.047031300000015,35.89878650000003,0.44069687192105134,2.8326832198348586,0.9753998842347493
Y2020_LAT23.77156_LON90.3262,2020,90.32620189962677,23.771562971608304,8,28.564450776565653,28.05784862000003,3.559027136398111,22.753081580000014,40.62932618000002,0.3837468481255758,1.9351887152115939,0.24069910670483136
Y2020_LAT23.77173_LON90.33601,2020,90.33600573426834,23.771732510588965,8,32.09618228977459,32.193042459285735,4.895558302660206,22.149801050000036,43.3158899,0.3830314923629009,3.165395572974562,0.6825996265877987
Y2020_LAT23.7719_LON90.34581,2020,90.34580966010452,23.77190142837294,8,36.696285446446154,37.294705868000015,4.480277504005498,26.88888578000001,43.00826810000001,0.2764654940573265,2.5004749877061965,0.6315982663447854
Y2020_LAT23.77207_LON90.35561,2020,90.35561367664954,23.772069724907464,8,29.50491444300699,28.27921949759495,2.976103378424947,26.82394340000002,42.307574000000045,0.21138442800368637,2.3331573887307484,0.7488997045878896
Y2020_LAT23.77224_LON90.36542,2020,90.36541778357672,23.77223740023536,8,28.25394397616395,27.337378832857173,2.5503165829788204,25.670361650000018,37.132691720000025,0.30213449437761564,1.6590163934426234,0.27450032294155696
Y2020_LAT23.7724_LON90.37522,2020,90.37522198066777,23.77240445418439,8,28.894346754945442,27.091163135468758,3.451391408424978,24.62957455999998,39.17154065,0.4545847406021785,2.6766967142075475,0.8837018056555584
Y2020_LAT23.77257_LON90.38503,2020,90.3850262675189,23.77257088690493,8,35.954276952769405,35.42460195615385,3.7013226250216262,23.173498040000027,45.03857198,0.537626620927686,3.187020173333088,0.7704997299996852
Y2020_LAT23.77274_LON90.39483,2020,90.39483064385604,23.772736698317658,8,40.73139954797602,40.76319863000001,1.3875120639686385,37.17028994000003,43.59958556000004,0.29903868505206316,1.8482638726839968,0.30249917941079935
Y2020_LAT23.7729_LON90.40464,2020,90.40463510921352,23.772901888335102,8,35.79206138427725,39.327487812500024,6.132483053090669,26.061724939999976,43.95335063000002,0.2774344814353101,1.775305944330376,0.5621002922366719
Y2020_LAT23.77307_LON90.41444,2020,90.41443966335169,23.773066456979556,8,36.75818056658229,37.624886599999996,2.667943845466866,30.600855500000023,40.393482800000015,0.3190720788662947,1.4493670886075949,0.14220016729431473
Y2020_LAT23.77323_LON90.42424,2020,90.42424430601035,23.773230404240934,8,40.43799335508927,41.27952680272729,2.828510124159769,31.248570290000004,45.04711703000001,0.2766552548622712,1.8830357142857135,0.6720007905891671
Y2020_LAT23.77339_LON90.43405,2020,90.43404903666072,23.773393730153238,8,36.66481712819009,39.815104987142874,6.851220501589574,21.978900049999993,45.04711703000001,0.367907538541004,1.9437046004842606,0.4956023322462708
Y2020_LAT23.77356_LON90.44385,2020,90.44385385512356,23.773556434545352,8,25.000885466000014,25.193547860000024,0.8221946204418074,23.634930740000016,26.615444180000054,0.43195995489756267,1.6222222222222222,0.04050004764711484
Y2020_LAT23.77372_LON90.45366,2020,90.4536587610521,23.773718517509927,8,31.142254388403476,30.32478465384617,5.293005219730918,22.524074240000004,38.605858340000026,0.4989681559506619,2.451967063129002,0.6558007715303213
Y2020_LAT23.77388_LON90.46346,2020,90.46346375401616,23.77387997896651,8,32.40129753500004,32.774716220000016,3.8685209294300105,23.34269003000003,38.739161120000006,0.283364414338871,1.8102310231023107,0.1818008555334381
Y2020_LAT23.77404_LON90.47327,2020,90.47326883379803,23.77404081891772,8,30.642937431074778,30.390848330000026,1.1046277247017597,28.50902726000004,34.10603501,0.351319904190605,1.7969885773624084,0.577800679765507
Y2020_LAT23.7742_LON90.48307,2020,90.48307400000965,23.774201037396843,8,30.831571850000017,31.07425127000002,0.6379828409552505,29.52417920000005,31.55106506000004,0.4543352169649942,1.0,0.012600014823546878
Y2020_LAT23.77903_LON90.23778,2020,90.23778087024198,23.77903117932616,8,33.33166359825594,34.97672694687316,3.375156844233387,22.70864732000001,37.404424310000024,0.30466990265531635,3.7014847503315145,0.33420151186571123
Y2020_LAT23.77921_LON90.24758,2020,90.24758454448232,23.77920638265439,8,29.081342007269065,27.876693560000007,4.009937795763311,23.569988360000025,38.16322475000001,0.5191617958899221,2.914198967231928,0.8858018155379529
Y2020_LAT23.77938_LON90.25739,2020,90.25738831298713,23.779380964660106,8,37.27985763646549,38.44861206544973,3.340825604872192,24.925233289999994,41.524847420000015,0.5271631654506571,2.093813826824286,0.4561997938813827
Y2020_LAT23.77955_LON90.26719,2020,90.2671921752579,23.779554925466496,8,33.334402256279006,34.77824561,4.155146328561895,24.25017434,39.94230415999999,0.5880562330406249,2.6956307428339192,0.9380020611861697
Y2020_LAT23.77973_LON90.277,2020,90.27699613101784,23.77972826495153,8,32.95095524002044,33.07251121250002,3.5856539117418014,23.74430738000001,39.969648320000005,0.5267629682761681,2.3921838883198103,0.6581007440034994
Y2020_LAT23.7799_LON90.2868,2020,90.28680017985353,23.779900983053583,8,30.25279846400626,30.681566115787458,5.103290752290024,21.707167460000022,42.28364786,0.5785963969141377,2.5573594019802846,0.6458995101153403
Y2020_LAT23.78007_LON90.2966,2020,90.29660432153942,23.780073079838317,8,33.99934587526434,34.69369412046876,3.3935631061004794,25.106388350000003,42.28364786,0.5894778276279479,2.514400067765026,1.0
Y2020_LAT23.78024_LON90.30641,2020,90.30640855569301,23.780244555222104,8,29.606968688847044,30.21914450591551,3.019703773566859,23.78361461000003,37.82996780000002,0.5851424988932123,3.450776202873385,0.9882999449409174
Y2020_LAT23.78042_LON90.31621,2020,90.31621288199962,23.780415409211372,8,32.582918743598526,32.34616161714287,2.150356918390991,28.92944372000005,40.35246656000004,0.457971161397113,2.3629127587426813,0.8181003204720944
Y2020_LAT23.78059_LON90.32602,2020,90.32601730007362,23.780585641787265,8,27.007795354048213,26.661258794230786,2.927630091147315,22.31899304000001,34.403402750000026,0.44362531444309583,2.3078178834027856,0.8021014216537459
Y2020_LAT23.78076_LON90.33582,2020,90.33582180971567,23.78075525291085,8,28.676262555649323,28.94081386816328,2.9526289614723797,23.467447760000027,43.3158899,0.33466419501486666,2.242272391602487,0.6021981279911893
Y2020_LAT23.78092_LON90.34563,2020,90.34562641029187,23.780924242580376,8,30.417767534889535,30.651271295000015,3.542006239769545,24.53899703000002,38.899808060000055,0.3902869412951035,2.719712580979704,0.5240989369361727
Y2020_LAT23.78109_LON90.35543,2020,90.35543110185843,23.781092610693655,8,28.790264839915928,28.73917394000001,1.4024451438395227,25.716504920000034,32.49956561000002,0.329734602110051,1.8294396722136361,0.19639857128739366
Y2020_LAT23.78126_LON90.36524,2020,90.36523588379275,23.781260357308057,8,28.025417425672476,28.011895240000015,0.6371589706431336,26.882049740000014,33.82063034000004,0.2461346806374098,1.9304608671938899,0.4270996569395615
Y2020_LAT23.78143_LON90.37504,2020,90.37504075589361,23.781427482373413,8,28.169614446389776,27.58592729000002,2.328180648049815,22.426660670000018,34.49910731,0.3349998077493539,2.3457625852595037,0.7560000282354242
Y2020_LAT23.78159_LON90.38485,2020,90.38484571781854,23.781593985947048,8,33.842092417786326,33.308995471250014,3.7035988962754907,22.91543753000002,43.86960914000002,0.5304895343639391,3.7164986658760646,1.0
Y2020_LAT23.78176_LON90.39465,2020,90.39465076911613,23.781759867802887,8,39.846860530863985,39.781657220000014,2.0434775016661053,32.05009598000001,47.17996151,0.4073672196171791,2.039300184942046,1.0
Y2020_LAT23.78193_LON90.40446,2020,90.4044559096802,23.781925128054173,8,35.26064972497231,36.583788780909096,3.8675595836349137,25.737013040000022,41.23944275000002,0.3548610618125025,2.693818552844154,0.8717017491846996
Y2020_LAT23.78209_LON90.41426,2020,90.41426113889632,23.782089766771552,8,33.89344187887172,33.967263398000014,2.134653020069804,29.382331370000003,38.43153932000001,0.3169092121500865,1.7707838479809968,0.2526011887114758
Y2020_LAT23.78225_LON90.42407,2020,90.42406645664691,23.782253783813083,8,42.048055400820154,42.42002685800003,1.3528137720475097,37.35144500000001,44.24046430999999,0.22720721971301236,1.9043686011343401,0.5333001567066185
Y2020_LAT23.78242_LON90.43387,2020,90.43387186256976,23.78241717909984,8,41.12713699862942,42.098027322258076,2.846813730227337,32.05009598000004,45.20263694000005,0.24477163424206003,1.6695941295644667,0.36409936046757846
Y2020_LAT23.78258_LON90.44368,2020,90.44367735622691,23.782579952763438,8,35.74984397928219,35.837262140000014,3.325429408699086,29.828382980000015,41.85297734000005,0.5228732545194318,1.5941040686507726,0.2002985896404217
Y2020_LAT23.78274_LON90.45348,2020,90.45348293729924,23.78274210462299,8,35.04952978800618,34.09167932600002,3.737455937659387,27.29221214000006,43.15011593,0.30597997490251533,1.8709059693608037,0.21379865317013183
Y2020_LAT23.7829_LON90.46329,2020,90.4632886056146,23.78290363476873,8,35.721263608341935,35.032318430000004,3.80100355279307,29.954849720000027,43.91575241000001,0.35400941424124177,1.9284060831312069,0.3826994479974024
Y2020_LAT23.78306_LON90.47309,2020,90.47309436063489,23.78306454319206,8,32.70957289625673,32.66790309500003,1.5758840988043836,29.479744940000046,37.10363855,0.46704000883341484,1.8032993875600334,0.3010526166208974
Y2020_LAT23.78322_LON90.4829,2020,90.48290020213764,23.78322482975275,8,,,,,,,,0.0
Y2020_LAT23.78805_LON90.23759,2020,90.23759010331662,23.78805317659742,8,36.78520465505106,35.724467480000044,2.53217630000696,33.38995982000003,41.76410882000002,0.4032928352503914,3.462686567164179,0.013576880552602855
Y2020_LAT23.78823_LON90.24739,2020,90.24739445257077,23.788228454460032,8,40.01450376111567,40.82510277000002,4.553500668973722,22.975252880000028,47.34060845000002,0.4716033905613101,2.4094850071990486,0.6839059545470761
Y2020_LAT23.7884_LON90.2572,2020,90.25719889607419,23.78840311079776,8,40.69131839115386,42.30838781428573,5.531200133871941,26.60860814,47.28762914000001,0.35742036664512894,1.6606334841628958,0.13260062400293657
Y2020_LAT23.78858_LON90.267,2020,90.26700343342867,23.788577145484922,8,31.178905213817078,27.45271666250002,7.808875855768205,23.332435970000006,47.20046963000004,0.41540589765395775,1.9328063241106719,0.5313006250595587
Y2020_LAT23.78875_LON90.27681,2020,90.2768080641597,23.788750558677172,8,36.1260922070216,38.541485630000004,6.467360520034553,22.563381470000024,43.61838467000001,0.4323370086632185,1.871942446043165,0.20850024529440625
Y2020_LAT23.78892_LON90.28661,2020,90.28661278815758,23.788923350292766,8,28.817005649522628,28.840361573750013,3.885832119300868,21.958391930000033,36.91906546999999,0.653164704102673,2.768287457988593,0.3706993915265486
Y2020_LAT23.7891_LON90.29642,2020,90.2964176049781,23.78909552023466,8,31.932182951675,31.409705518571453,2.4098483035786593,25.159367660000044,37.31555579000002,0.6441703234057151,3.258402656944303,1.0
Y2020_LAT23.78927_LON90.30622,2020,90.30622251427266,23.789267068588416,8,34.05425923853352,34.781277068214315,2.7773597118785536,24.868835960000013,39.54068681000001,0.5844657783478111,2.680100800118587,1.0
Y2020_LAT23.78944_LON90.31603,2020,90.31602751569397,23.78943799523181,8,33.50663207991652,34.308552695000024,3.8235890022470302,22.394189480000023,40.52678558000002,0.4341546570713482,1.8129877497201905,0.46039981364618227
Y2020_LAT23.78961_LON90.32583,2020,90.32583260912646,23.789608300122723,8,27.146877031106275,27.155681230000017,2.8150465541151144,22.407861560000015,35.31088706000003,0.42258258210138094,1.9052573932091998,0.5478006444713462
Y2020_LAT23.78978_LON90.33564,2020,90.33563779382342,23.789777983385996,8,32.927306831521946,32.186437000000005,4.267061953902934,23.97673273999999,41.08221383000003,0.3126700358688247,2.372353172358925,0.36819925670500775
Y2020_LAT23.78995_LON90.34544,2020,90.34544306975062,23.789947044838637,8,33.77419031732056,33.71524139000002,3.2438779277765475,26.201863760000037,41.53510147999998,0.34015264833292497,2.652710187078257,0.3676993774088351
Y2020_LAT23.79012_LON90.35525,2020,90.35524843665517,23.790115484590547,8,28.46035051438617,27.595124668000018,3.4737912910395448,23.94426155000002,39.73038692,0.3300418147465678,1.7852893455922119,0.5547006525890029
Y2020_LAT23.79028_LON90.36505,2020,90.36505389383696,23.790283302504637,8,33.80385491291991,33.72122292500001,5.618419506072259,26.935029050000026,41.81708813,0.2546234480025229,2.1463000706124022,0.8796998584704218
Y2020_LAT23.79045_LON90.37486,2020,90.37485944136164,23.790450498703276,8,30.64541998221711,28.67305837821784,4.711842356784736,23.2179323,40.83098935999999,0.2881981029882491,2.0996550685600956,0.6210982169327854
Y2020_LAT23.79062_LON90.38467,2020,90.38466507857925,23.790617072987214,8,29.61919492487509,29.976090272857164,2.073743210841431,24.257010379999997,38.37001496000005,0.32549046951539734,2.4796235967502342,0.9717999668234905
Y2020_LAT23.79078_LON90.39447,2020,90.39447080530314,23.79078302544955,8,35.81479264618717,37.71898268000002,4.403297207185827,25.45502639,41.13006611000003,0.48382141331291734,2.05150405873015,0.7047996527054742
Y2020_LAT23.79095_LON90.40428,2020,90.40427662132565,23.790948356082836,8,39.666732258754735,40.03399911961541,1.4142414323263157,32.53887284000001,41.41205276000002,0.3300655238177766,2.06982684482781,0.8249015289483713
Y2020_LAT23.79111_LON90.41408,2020,90.41408252599528,23.791113064692745,8,36.29650676486214,37.43540011625002,3.90731706558934,22.848786140000016,42.71090036000004,0.3477636405239026,2.4189648658859073,0.7941009342363932
Y2020_LAT23.79128_LON90.42389,2020,90.42388851925058,23.79127715145555,8,40.49463113737472,41.091421557346955,1.9461225717613049,33.01055960000002,43.866191119999996,0.2756637578050338,1.975585290192578,0.7986997631761922
Y2020_LAT23.79144_LON90.43369,2020,90.43369460060386,23.791440616295244,8,40.26741657661252,40.5367764190759,2.2340149540353136,35.105805860000004,45.10693238000002,0.2639605816107944,1.9224046702561894,0.6069981505795324
Y2020_LAT23.7916_LON90.4435,2020,90.44350076984269,23.791603459055196,8,37.56817112836658,37.063709861818204,4.13093326435746,29.23877453,48.78301289000001,0.4438276085677237,2.127800150353118,1.0
Y2020_LAT23.79177_LON90.45331,2020,90.45330702655826,23.79176567997596,8,36.67607615296608,37.52796131857144,2.884388143665054,30.935821460000057,41.60004386,0.41950842446272313,1.9330755618612554,0.9054998888233989
Y2020_LAT23.79193_LON90.46311,2020,90.46311337030475,23.791927278821454,8,35.217912896880094,35.685241631428596,4.26641871987152,22.21987046000004,41.35565543000001,0.45048115737554223,1.903561762776993,0.7641988903477192
Y2020_LAT23.79209_LON90.47292,2020,90.47291980105021,23.79208825562145,8,24.060515197167057,22.82827802000002,3.5671058402889284,21.604626860000053,33.08233802000001,0.5497951866181873,1.7445626629064652,0.08259892070461254
Y2020_LAT23.79225_LON90.48273,2020,90.48272631819844,23.792248610374624,8,,,,,,,,0.0
Y2020_LAT23.79725_LON90.2472,2020,90.24720426655135,23.797250514278943,8,38.120389246724166,38.676066318378396,4.242566408137227,22.688139200000023,47.567906780000015,0.5110925462327536,2.3238601695312995,0.763599481037066
Y2020_LAT23.79743_LON90.25701,2020,90.25700938527707,23.79742524481358,8,40.518867001727976,40.17269498428573,4.344496905683235,31.460487530000023,48.65483714000001,0.4197195427411246,2.2532011915350205,1.0
Y2020_LAT23.7976_LON90.26681,2020,90.26681459801992,23.79759935357892,8,41.339352354158144,42.68830808146344,4.746714452375793,29.912124470000037,50.19978218000003,0.40045638322479526,2.372300438000516,1.0
Y2020_LAT23.79777_LON90.27662,2020,90.27661990422925,23.797772840465942,8,33.98274501800001,33.43667276000002,4.18694152445138,23.990404820000037,43.973858750000005,0.46125766575890054,3.241486068111456,0.9690011400013413
Y2020_LAT23.79795_LON90.28643,2020,90.28642530362129,23.797945705505228,8,36.57147830986872,37.18473884272729,3.7894484981098047,23.176916060000053,42.27852083000005,0.5114905780758051,2.037782657589205,0.9290020188330305
Y2020_LAT23.79812_LON90.29623,2020,90.29623079589055,23.798117948708644,8,33.44069325405479,33.92829797000001,4.243460936798882,23.518718060000026,41.78119892000001,0.5289638916516889,2.1719651713087016,0.591399519293552
Y2020_LAT23.79829_LON90.30604,2020,90.30603638069547,23.79828956991583,8,29.110687820462037,29.227890834736865,2.9433728179933794,22.77700772000003,35.58774668000001,0.21873327342203905,1.7453436561375102,0.4617993668227842
Y2020_LAT23.79846_LON90.31584,2020,90.31584205760416,23.798460569223078,8,30.05584375336677,29.795057285000002,1.8264461137731833,22.10707580000002,33.119936240000015,0.10689225584047363,1.6541249964180298,0.36949938587946346
Y2020_LAT23.79863_LON90.32565,2020,90.32564782655705,23.79863094659514,8,23.468536782145094,23.440103600000015,0.7957065608698195,21.876359450000024,25.78315631000001,0.5530306953549002,1.8911671924290223,0.1902002237649694
Y2020_LAT23.7988_LON90.33545,2020,90.33545368682985,23.798800701915248,8,29.057668078410842,27.460594598947385,4.023408874855323,23.858811050000014,39.73380494000003,0.38943974564932526,2.407223476297968,0.664500781765626
Y2020_LAT23.79897_LON90.34526,2020,90.3452596384617,23.798969835327316,8,35.79979594528063,36.06327871250002,3.7463414722409634,25.521677780000005,42.57076154000001,0.3108994035723137,2.3248067199179254,0.770601273417758
Y2020_LAT23.79914_LON90.35507,2020,90.35506568082454,23.799138346676852,8,32.921381053713375,33.43411424210528,3.8685263716414338,24.70818902000002,41.38812661999998,0.2690823746105354,3.202440324500363,0.9666999608234831
Y2020_LAT23.79931_LON90.36487,2020,90.36487181381128,23.799306235971265,8,32.91796593356521,36.36363721999999,5.007996522884736,26.365928720000056,38.54433398000003,0.2664092193911039,1.489855072463767,0.10350012176484924
Y2020_LAT23.79947_LON90.37468,2020,90.37467803696323,23.79947350314875,8,30.411334287059017,29.404658758709697,3.0099029954666547,26.42745308000002,38.05555712,0.2418947014099939,1.8284543445690316,0.5159000748238821
Y2020_LAT23.79964_LON90.38448,2020,90.38448434988418,23.79964014829496,8,28.643660745027262,28.73575592000002,1.0552254725393593,25.738722050000007,32.34746372000001,0.33208455054151115,2.0776201870282396,0.9159999011763542
Y2020_LAT23.79981_LON90.39429,2020,90.39429075234119,23.799806171282878,8,27.930325437264298,27.53232804500002,2.2514600721532876,23.802413720000004,37.28308460000005,0.4059567277832553,1.8800931315483123,0.25770030317682735
Y2020_LAT23.79997_LON90.4041,2020,90.40409724415045,23.7999715721438,8,36.58269339051752,37.27224459371431,2.2555973218355243,27.220433720000017,40.333667450000036,0.4077712181038309,2.147046140577834,0.6957032738977601
Y2020_LAT23.80014_LON90.4139,2020,90.4139038245308,23.800136350824417,8,29.713773557230333,27.19389787554056,4.993055302344678,22.90689248000001,41.35907345000004,0.39278218953628025,2.0744540039708808,0.9066010665894899
Y2020_LAT23.8003_LON90.42371,2020,90.4237104937259,23.800300507329418,8,39.90685917884002,41.80597956500001,5.199754316636789,25.644726500000047,44.94799445000001,0.30172669138960395,1.8561276130120594,0.6192995521171202
Y2020_LAT23.80046_LON90.43352,2020,90.43351725086663,23.80046404161673,8,39.88213468171584,40.810569637068994,3.8561527673158547,23.64176678000001,44.725823150000025,0.2881120384628227,1.7648652153241036,0.7349011054169673
Y2020_LAT23.80063_LON90.44332,2020,90.44332409596677,23.800626953769726,8,28.032805468167393,26.940469637230237,3.2782003144560825,24.034839079999983,38.752833200000055,0.4062205499017053,2.145127118644068,0.8496009995305875
Y2020_LAT23.80079_LON90.45313,2020,90.45313102860304,23.80078924353125,8,33.84206965716412,36.30211286000001,4.973491690566142,23.132481800000022,39.76798514000001,0.5294300146357402,2.1566648964418476,0.5649006645890174
Y2020_LAT23.80095_LON90.46294,2020,90.46293804826024,23.800950911081745,8,33.227298443500274,33.43983183909092,4.04174619631461,23.228186359999995,40.75750193000002,0.4120067898717621,2.624986166506567,0.7973013990654081
Y2020_LAT23.80111_LON90.47275,2020,90.47274515495704,23.801111956381202,8,32.68893966486471,33.58435970750003,4.593162652751993,24.42278435000003,40.45500716000004,0.3402104889739084,2.1684892507449964,0.2652991356460422
Y2020_LAT23.80127_LON90.48255,2020,90.48255234803564,23.80127237926544,8,38.57785450941707,38.558006060000025,2.6646102860897503,32.92852712000001,43.54318823,0.3965519059364204,1.5531749518434657,0.10641411998245079
Y2020_LAT23.80627_LON90.24701,2020,90.24701398626348,23.806272562241883,8,36.388612516735726,36.452479773050115,4.363645665917641,28.204823480000016,46.50661157000002,0.3108268509989179,1.9377279436586163,0.5423201318118
Y2020_LAT23.80645_LON90.25682,2020,90.25681978070311,23.806447367020546,8,35.2002780749317,35.53566684894738,4.071062493686806,26.882049740000014,43.934551520000014,0.42611070682707886,1.8495925000408333,0.21609631104146312
Y2020_LAT23.80662_LON90.26663,2020,90.26662566907555,23.80662154980031,8,35.67183764364696,35.686756163750026,2.382424975170984,24.978212600000006,41.51288434999998,0.6466710375687943,2.103502369529603,0.9651998362345233
Y2020_LAT23.8068_LON90.27643,2020,90.27643165109296,23.806795110431324,8,34.42772857782263,34.51391873000001,1.4948414941855304,30.635035700000003,37.86756602000003,0.5812331124545919,1.8306451612903234,0.5952028009543551
Y2020_LAT23.80697_LON90.28624,2020,90.28623772619403,23.80696804893316,8,35.70441227770009,35.96795643105265,2.523052310631152,29.257573640000032,41.054869670000016,0.5083014791666839,1.8535920193296813,0.8852018127144101
Y2020_LAT23.80714_LON90.29604,2020,90.29604389431331,23.80714036519484,8,34.15015072311118,34.28043948050002,2.861459040463762,27.998033270000036,40.10124209,0.48516002384725443,2.6165029011901235,1.0
Y2020_LAT23.80731_LON90.30585,2020,90.3058501548795,23.807312059403436,8,32.077902069481325,32.16019894925002,2.3292406543931476,26.073688010000012,37.46594866999999,0.4413221751531887,2.7536988409357153,1.0
Y2020_LAT23.80748_LON90.31566,2020,90.31565650773749,23.807483131377893,8,31.326288325660396,31.326144483043496,1.4833373460711576,28.98755005999999,35.0101013,0.3261777365431388,1.9723577108875663,0.9045007270622417
Y2020_LAT23.80765_LON90.32546,2020,90.32546295242372,23.807653581111232,8,26.850566444073607,25.579784120000028,3.3001203289907486,20.240836880000018,34.61361098000003,0.4935936768680378,2.0918327759525837,0.718701029181311
Y2020_LAT23.80782_LON90.33527,2020,90.33526948874122,23.80782340866654,8,27.709516000503253,27.783039812000016,2.462773740698681,23.486246870000002,37.599251450000025,0.4576176238029633,1.8924687503626925,0.3040990781133082
Y2020_LAT23.80799_LON90.34508,2020,90.34507611620025,23.80799261389139,8,33.419524738668756,33.47840108750002,3.31582253775077,25.61567333000002,41.22918869,0.3956707921691722,2.211969044954245,0.5897004221196317
Y2020_LAT23.80816_LON90.35488,2020,90.35488283462158,23.808161196892865,8,32.50105502550561,33.341537870000025,3.205939452613666,26.735074880000013,38.58535022000001,0.3043141952991654,2.643864559958669,0.4576998009402385
Y2020_LAT23.80833_LON90.36469,2020,90.36468964352085,23.808329157484692,8,29.220976461286313,29.452514714000014,0.9238734244444153,26.57784596000002,30.877715120000005,0.2595523624119887,1.9010945593324111,0.8129014724775152
Y2020_LAT23.8085_LON90.3745,2020,90.37449654264427,23.808496495836255,8,31.226249210915466,30.024965319459476,3.3281243675293957,27.798079099999995,41.85639536000002,0.255754983568138,2.0166521454459234,0.6845996922338435
Y2020_LAT23.80866_LON90.3843,2020,90.3843035316802,23.808663211747557,8,34.01294410097004,35.811247210000005,5.004441183673422,26.160847520000033,43.63034774000005,0.3244010389459628,1.8507423817974096,0.9486997585870995
Y2020_LAT23.80883_LON90.39411,2020,90.39411061027911,23.80882930532484,8,37.02014556400513,37.27556495600004,0.9191062532745985,34.46663612000003,38.89809905000004,0.4285353629336674,1.2678571428571426,0.1176005534143687
Y2020_LAT23.80899_LON90.40392,2020,90.40391777799685,23.80899477641592,8,34.261406273077,36.4501221207895,5.0653571774208555,24.69964397000001,40.89080471,0.4737965640274355,1.992458521870289,0.5967028080132125
Y2020_LAT23.80916_LON90.41373,2020,90.41372503467097,23.809159625194418,8,27.172000630578793,27.10739491571431,1.374672064327255,22.90689248000001,29.87794427000003,0.36977273763088564,1.8353539303871718,0.7671036098993391
Y2020_LAT23.80932_LON90.42353,2020,90.42353237991689,23.80932385149931,8,38.242919421443695,39.69043881125002,5.065432724333175,25.791701360000047,47.03811368000001,0.29804214909057325,1.9262618928628685,0.7485988169356066
Y2020_LAT23.80949_LON90.43334,2020,90.43333981333951,23.80948745529724,8,36.94445814288431,38.56305540772728,5.0781251848485,23.445230630000026,41.73847367000002,0.37636977965734514,1.971428439868493,0.7665000776474216
Y2020_LAT23.80965_LON90.44315,2020,90.44314733453504,23.809650436574852,8,27.293277699119752,27.336180306363655,1.9957007770712278,23.125645759999998,32.91314603000001,0.377434411980838,2.235236781529172,0.8111014640068889
Y2020_LAT23.80981_LON90.45295,2020,90.45295494343091,23.80981279535805,8,31.99287315265635,28.32179572000001,6.933876009990925,23.508464000000004,46.60744316000003,0.3681345597836328,2.222431435773111,0.5867004080019179
Y2020_LAT23.80997_LON90.46276,2020,90.46276263939755,23.80997453160247,8,31.225045819819506,29.697433926347315,5.98285808042322,22.0899857,45.15820267999999,0.354572841600092,2.231218966962581,0.4925987887001805
Y2020_LAT23.81014_LON90.47257,2020,90.47257042239056,23.81013564529753,8,35.41003987704499,35.685028787692325,4.552683995976029,23.412759440000002,43.57395041000001,0.4085876710254757,2.718564599233501,0.9678998489404657
Y2020_LAT23.8103_LON90.48238,2020,90.48237829174252,23.810296136432793,8,35.79637186859214,36.20567586714289,3.3800667007702194,26.818816370000036,43.13473484000002,0.4330353699016352,2.2383981368895114,0.906975073371719
Y2020_LAT23.81046_LON90.49219,2020,90.49218624744012,23.810456004957235,8,28.70898143000005,28.70898143000005,0.0,28.70898143000005,28.70898143000005,0.39564141631126404,4.0,3.5308240943436143e-06
Y2020_LAT23.81387_LON90.16838,2020,90.16837526889276,23.813873164051003,8,30.954166184175037,30.7375763,0.33612749337768694,30.57863837000002,31.57157318000003,0.6794434061748792,4.0,0.011647784585001228
Y2020_LAT23.81405_LON90.17818,2020,90.17818097601702,23.814053020972818,8,30.633989088839083,30.63845372000003,0.388260568609557,29.68824416000001,31.193881970000035,0.6240076683370135,4.0,0.005759447545866853
Y2020_LAT23.81423_LON90.18799,2020,90.1879867797294,23.81423225578895,8,37.14053446041793,37.300174700000014,0.41324205656465296,36.380727320000005,37.65393977000002,0.7287201184538467,2.0,0.007126951933850539
Y2020_LAT23.81529_LON90.24682,2020,90.24682361169884,23.81529459808003,8,37.17006003456452,36.46447892248523,3.499314612513038,31.564737140000034,46.10841224000001,0.4475176546730421,1.8325764857966786,0.43090722761211336
Y2020_LAT23.81547_LON90.25663,2020,90.25663008222348,23.81546947719915,8,38.92627029638217,38.92658255000002,3.6972091417737794,30.898223239999993,47.60550500000005,0.4551836394497707,2.0014215329315337,0.9111995821156802
Y2020_LAT23.81564_LON90.26644,2020,90.26643664668188,23.815643733920812,8,37.35730405614097,37.281823007301355,2.1469265257062844,29.546396329999993,43.49533595,0.544142795886702,2.007200008470598,1.0
Y2020_LAT23.81582_LON90.27624,2020,90.27624330468434,23.81581736828319,8,34.56997835143715,35.08734855200002,1.9796569772670745,28.291982990000008,38.320453670000035,0.5639922248803111,1.8616101131071179,0.901801060942425
Y2020_LAT23.81599_LON90.28605,2020,90.28605005590951,23.815990380239477,8,33.042291695434365,34.40651004090912,3.8628237528862033,23.199133189999998,37.33606391000001,0.5698853581423619,2.261070660716545,0.7814013242415259
Y2020_LAT23.81616_LON90.29586,2020,90.29585690010072,23.81616276984901,8,33.689484195462825,33.84524008400001,2.546368688603555,23.457193700000005,37.729136210000036,0.5198927610236934,1.811898300704271,0.21849908058715364
Y2020_LAT23.81633_LON90.30566,2020,90.3056638368472,23.81633453695183,8,31.88386184059368,31.602014920625017,2.8464242153558814,24.774840410000024,37.71717314,0.4715903458024457,2.8384119494242945,0.8496998231762625
Y2020_LAT23.81651_LON90.31547,2020,90.3154708659422,23.816505681581,8,26.821721174100272,25.599010482500006,2.725883034059404,23.02310516,34.91439674000003,0.4131946903418123,2.149965055089622,0.6867985261107113
Y2020_LAT23.81668_LON90.32528,2020,90.32527798681842,23.81667620381214,8,26.965314426990815,26.341489877000015,2.30357674572566,23.388833300000044,31.460487530000023,0.38118369395864926,2.423472567889555,0.7983997628232505
Y2020_LAT23.81685_LON90.33509,2020,90.33508519938587,23.81684610342066,8,29.845165994263645,30.214803997837855,1.5696257701251477,23.08462952000002,37.045532210000005,0.409187940299391,2.4576013840274755,0.9669999611764251
Y2020_LAT23.81702_LON90.34489,2020,90.34489250309701,23.81701538055114,8,30.740046751805995,29.943045217938174,3.2065708904857844,24.598812380000027,41.46161404999998,0.5893681933731155,3.2261379730542217,0.8747017633024152
Y2020_LAT23.81718_LON90.3547,2020,90.3546998977826,23.817184035140357,8,35.53636775362414,35.80308194000003,4.460284879885728,24.60052139000004,43.27145564,0.3545630244200661,2.8720884326885097,0.7599008940010518
Y2020_LAT23.81735_LON90.36451,2020,90.36450738306544,23.817352067193895,8,39.335149686883234,40.57165702860466,4.007850169634585,27.14865530000003,43.775613590000006,0.2186156643590399,1.931547134299726,0.7800997412938135
Y2020_LAT23.81752_LON90.37431,2020,90.37431495851645,23.817519476542795,8,31.507659057848485,31.215433760229036,1.5685017508319015,29.219975420000026,39.47403542000001,0.21737383185184486,2.51330241554078,1.0
Y2020_LAT23.81769_LON90.38412,2020,90.38412262389322,23.817686263292853,8,31.23457270180795,30.967906744516156,4.13150522696795,24.663754760000018,40.06877090000003,0.37989932585388825,1.953542873468509,0.852399826352737
Y2020_LAT23.81785_LON90.39393,2020,90.39393037889359,23.81785242739153,8,31.785923035566146,34.85458139000002,4.789448735256382,24.47918168000001,38.01454088000003,0.37348164720097454,1.4424357754519508,0.31530037094161284
Y2020_LAT23.81802_LON90.40374,2020,90.40373822309905,23.818017968948304,8,29.56509042095046,28.45747212500002,3.416111520749876,24.610775450000006,39.27579026000001,0.4970528962474437,2.6984842277755026,0.7323034461338641
Y2020_LAT23.81818_LON90.41355,2020,90.41354615625141,23.818182887687353,8,27.29640246120455,27.27640379750003,1.5779990685813765,24.44500148000003,32.545708880000035,0.5132191674234219,1.545675020210186,0.37110043658874875
Y2020_LAT23.81835_LON90.42335,2020,90.42335417790741,23.81834718371926,8,40.162146126328565,40.94036600000002,5.112620275324586,25.607128279999984,46.24855106000004,0.2694814007918093,1.824933296777515,0.5277994444699348
Y2020_LAT23.81851_LON90.43316,2020,90.43316228784003,23.81851085705533,8,38.81340473016553,38.84511974000002,1.335403742853229,31.43314337000004,42.64083095000001,0.3688031793026561,2.0552002597659285,1.0
Y2020_LAT23.81867_LON90.44297,2020,90.44297048569636,23.8186739076418,8,26.455323768405993,23.820338452790722,5.296257065883536,21.307259120000026,37.71033710000006,0.4966614373463992,1.9574539084007672,0.5922995203523764
Y2020_LAT23.81884_LON90.45278,2020,90.45277877102127,23.818836335449905,8,29.244643112931797,23.93073188750002,7.484402997026215,21.331185259999984,45.08642426000003,0.49538890327788304,1.6646821750203482,0.5376994561170072
Y2020_LAT23.819_LON90.46259,2020,90.46258714368346,23.81899814041967,8,37.05128340526185,37.79845099220782,4.329561049155083,23.320472900000027,45.15820267999999,0.5282835610399885,2.0796737728270376,0.5772980108141688
Y2020_LAT23.81916_LON90.4724,2020,90.47239560318073,23.81915932249695,8,32.72134925185075,36.04490685500001,6.123017564577176,23.01626912000006,39.57999404000003,0.5310981899000704,1.8941417915033247,0.287199161410778
Y2020_LAT23.81932_LON90.4822,2020,90.48220414927536,23.81931988179996,8,34.602799987667964,35.68711340428574,4.588635828235981,21.67982330000001,41.796580010000014,0.47005534963798085,2.215743440233236,0.8901541231926279
Y2020_LAT23.81948_LON90.49201,2020,90.49201278165333,23.81947981821177,8,37.36093292596522,36.90197537,3.1379662065503453,27.938217920000028,43.12618979000001,0.5340826873670885,2.01631929873642,0.15473467768118032
Y2020_LAT23.82289_LON90.16818,2020,90.16817939044108,23.822894584165926,8,31.745768558915994,31.107470739405965,1.9524069598300169,30.323995880000012,37.48132976000005,0.6777065372226126,3.777551613841233,0.12341602937007264
Y2020_LAT23.82307_LON90.17799,2020,90.17798577362288,23.823074517538494,8,36.653309342464816,37.21891904272729,2.138179281672669,29.73096941,38.41786724000002,0.6678848552382856,2.200284103802266,0.79340479696958
Y2020_LAT23.82325_LON90.18779,2020,90.18779225350889,23.823253828431376,8,37.48199393125009,37.490118954285734,0.5263402241363025,36.04747037000004,39.785075240000026,0.6849411215912038,2.0,0.8782103766267377
Y2020_LAT23.82343_LON90.1976,2020,90.19759882957575,23.823432516997453,8,36.253291689744366,38.07008370500002,3.578620985888439,30.515405000000015,41.36761849999999,0.600292802221295,2.692057429804092,0.30477456439734196
Y2020_LAT23.82432_LON90.24663,2020,90.24663314295388,23.824316621992267,8,30.76330702193615,29.933657996000022,4.913564819292326,22.756499599999984,40.704522620000034,0.3912039635169881,2.2733704367512497,0.22708237385800184
Y2020_LAT23.82449_LON90.25644,2020,90.25644028981523,23.824491575335806,8,38.0700731052171,37.31992326000002,3.9208185154390462,29.93434160000004,46.73732792000001,0.4069458256150802,1.8805056916724638,0.40089718069261576
Y2020_LAT23.82467_LON90.26625,2020,90.26624753061103,23.824665906121677,8,38.79834883031273,39.52740911692309,2.882108468711691,31.11355850000001,43.82004785000001,0.5147584921436572,2.3694980817624556,1.0
Y2020_LAT23.82484_LON90.27605,2020,90.27605486501137,23.824839614227137,8,33.59192871007919,34.529248031818206,3.1433232393203308,27.998033270000008,38.968168460000015,0.6402214254209689,2.8872986909396383,1.0
Y2020_LAT23.82501_LON90.28586,2020,90.2858622927241,23.82501269965501,8,35.44613110910314,35.911124718536605,1.808698919898306,29.67115406000002,37.922254339999995,0.6397968884364583,2.1422368802263767,0.8892994790563747
Y2020_LAT23.82519_LON90.29567,2020,90.29566981343716,23.825185162441457,8,33.73229115719495,34.652607480909104,2.4304122102684,24.369805040000045,37.27283054,0.6430134184157621,2.5661229876973723,0.7326996855290423
Y2020_LAT23.82536_LON90.30548,2020,90.30547742655001,23.82535700253232,8,32.7708071056836,32.90023351000002,2.6100691130263916,23.556316280000033,37.11218359999998,0.6175658477828994,2.8699438400612642,0.9495999407058124
Y2020_LAT23.82553_LON90.31529,2020,90.31528513220435,23.825528219882454,8,28.474790520495496,26.654751410000017,3.677939425310008,22.89322040000002,36.98058983000004,0.5906816403406251,2.5921052108312783,0.8874994705857466
Y2020_LAT23.8257_LON90.32509,2020,90.32509292964225,23.825698814482774,8,27.44889435767575,27.137760361250017,2.1720409388357886,24.104908490000014,35.71763143999999,0.37805421260073635,2.573114124022358,0.9990999989411752
Y2020_LAT23.82587_LON90.3349,2020,90.33490081871678,23.82586878634034,8,28.73193114744016,29.03235383567569,2.449350003815042,23.241858440000016,36.29698582999998,0.35130320405355137,2.6035442269312457,0.9531999449411118
Y2020_LAT23.82604_LON90.34471,2020,90.34470879908258,23.82603813541711,8,31.965362326612706,32.22398774750002,2.7776015647816856,24.564632180000046,37.891492159999984,0.4405272915035674,3.4488974065760427,1.0
Y2020_LAT23.82621_LON90.35452,2020,90.3545168704309,23.826206861579013,8,34.277385304691684,34.18170737683546,4.682671309222293,24.564632180000046,43.476536839999994,0.37693033268500253,2.9309288889505622,0.7629997211761449
Y2020_LAT23.82637_LON90.36433,2020,90.36432503228613,23.826374964926323,8,33.87361708635679,33.585128762000004,4.378354443774307,26.55221081000002,42.33150014000003,0.2830039324150147,2.103378997335109,0.6780996212936743
Y2020_LAT23.82654_LON90.37413,2020,90.37413328450373,23.826542445427858,8,30.117155540912304,30.153526125514045,1.0912530750349791,26.398399910000023,35.54331242000001,0.2457613217491012,1.9453197405004636,0.7388011237699966
Y2020_LAT23.82671_LON90.38394,2020,90.38394162658005,23.82670930307954,8,29.151653522405528,28.15924988000001,3.6717216714408596,23.56657034,38.457174469999984,0.4917768654142788,2.3699127906976742,0.8256009712952622
Y2020_LAT23.82688_LON90.39375,2020,90.39375005825224,23.826875537835253,8,30.379885921849276,30.34497009363638,4.0611269824705545,24.884217050000018,39.27579026000001,0.45331165792330264,2.708498453280238,0.560199482587629
Y2020_LAT23.82704_LON90.40356,2020,90.40355857929806,23.827041149533837,8,27.243899113259648,27.22024383000003,1.686317154315358,23.699873120000007,35.66977916000002,0.5539928323707247,2.2775848731517776,0.803001425889065
Y2020_LAT23.82721_LON90.41337,2020,90.4133671891908,23.82720613841696,8,32.106323360715955,33.31031995400002,5.147528494044665,23.699873120000007,42.04096844000003,0.4638973358387303,3.1618933969769256,0.754200887295164
Y2020_LAT23.82737_LON90.42318,2020,90.4231758877953,23.827370504220717,8,40.2734190918613,40.53187376886366,1.8089467376639083,34.63753712000005,43.87644518000002,0.3427483993923463,1.9657637284779783,0.7272996791760961
Y2020_LAT23.82753_LON90.43298,2020,90.43298467440856,23.827534247061728,8,39.14751656569234,39.02944067098362,1.3816428536630274,33.42755804000001,43.373996240000054,0.42389329679338716,2.0997184420459893,0.9927999661174874
Y2020_LAT23.8277_LON90.44279,2020,90.442793549186,23.82769736684151,8,36.34724214576945,36.438853303793124,2.370270241549813,22.110493819999988,41.82563318000001,0.5247324754153851,2.120239237616227,0.8532998274115615
Y2020_LAT23.82786_LON90.4526,2020,90.45260251149202,23.827859863599773,8,33.00527556485742,33.53084633187502,2.430250054277527,21.327767240000014,36.03379829000005,0.5220023894092504,2.1684266103484684,0.5682006684713763
Y2020_LAT23.82802_LON90.46241,2020,90.46241156103278,23.828021737310443,8,34.96813794391365,35.80991798000002,3.9513993841198145,23.378579240000022,39.54410483000001,0.40227956939756526,1.7286835926034636,0.09619809975576382
Y2020_LAT23.82818_LON90.47222,2020,90.47222069746103,23.828182987928958,8,36.6595557302025,36.67606561062502,2.2240971575244646,21.765273800000045,40.800227180000036,0.5400461654232669,1.872887051786134,0.42009931776390347
Y2020_LAT23.82834_LON90.48203,2020,90.48202992058056,23.82834361542162,8,37.68435637320287,37.96116718307694,1.7189917739601008,31.89115805000003,41.28729503000005,0.5108668253468368,1.9630519517740794,0.7485509759681935
Y2020_LAT23.8285_LON90.49184,2020,90.49183922986218,23.828503619784502,8,36.11306721734513,36.074814530000026,1.2052129160206597,33.24469397000004,38.98696757000002,0.4896219884610304,2.0,0.09945188510709929
Y2020_LAT23.83155_LON90.14837,2020,90.14836958692833,23.831554104874208,8,35.784965420896654,36.04234334000002,1.2792972839219612,30.747830360000023,37.460821640000034,0.6500623218843069,2.072838256225146,0.24586118697081055
Y2020_LAT23.83174_LON90.15818,2020,90.15817645223937,23.83173535987494,8,35.31328614918446,35.84013739042208,1.8950236448432003,29.175541160000023,37.512091940000005,0.6923096070783669,2.1909586964190564,0.4819790977068237
Y2020_LAT23.83192_LON90.16798,2020,90.1679834149831,23.83191599233053,8,31.604370827052637,30.89834374384227,2.1189450143745816,28.637203010000036,36.87463121000002,0.6827676210753197,3.6328045597573775,0.883300535773277
Y2020_LAT23.8321_LON90.17779,2020,90.17779047460897,23.832096002084114,8,35.002021973501385,36.203537163200025,2.422207510629233,30.08473448000001,37.83509483000003,0.6755621532349824,2.5657956037440157,1.0
Y2020_LAT23.83228_LON90.1876,2020,90.18759763098288,23.83227538919579,8,36.676601663737415,36.65435202821432,0.7265167561839231,30.023210120000044,39.09121718,0.6977090615930981,2.0063000296471984,1.0
Y2020_LAT23.83245_LON90.1974,2020,90.197404883615,23.83245415351192,8,36.15624972903947,36.843242393000025,2.184259550427473,30.02150111000003,38.325580700000046,0.6797037135879936,2.264142118617066,0.8606200285684741
Y2020_LAT23.83263_LON90.20721,2020,90.2072122322437,23.83263229513139,8,37.182810396852595,37.19250707000003,0.45503329604418263,36.10728572000002,37.953016520000034,0.6683127045133133,2.0,0.1586917832300901
Y2020_LAT23.83299_LON90.22683,2020,90.22682721609769,23.83298671014301,8,30.589790130012716,30.63949573787924,4.0511772176208405,22.927400600000055,36.462759800000015,0.6571728762103732,2.897974849298993,0.1583833052632328
Y2020_LAT23.83316_LON90.23663,2020,90.23663485065207,23.833162983466416,8,25.95102248757996,25.653622116153866,2.304162677128748,22.889802379999992,34.89730664000001,0.6359434279941607,2.0524050177779523,0.3593890773344816
Y2020_LAT23.83334_LON90.24644,2020,90.24644257992824,23.83333863396304,8,31.667317704401384,32.15683142272729,4.718972270160798,23.14102685000003,43.572241400000024,0.4199156186485493,3.16947118056328,0.6497889381186037
Y2020_LAT23.83351_LON90.25625,2020,90.25625040340556,23.833513661644123,8,39.63187499767006,40.29991450250001,2.8449422471474457,28.46972003000002,47.058621800000026,0.4009338950712107,2.7224013690589843,0.9981999915293719
Y2020_LAT23.83369_LON90.26606,2020,90.26605832095383,23.833688066342177,8,35.7511851079538,36.83874200000002,3.5571308269604898,28.973877979999997,42.803186900000014,0.5854018694081579,2.946299747292922,1.0
Y2020_LAT23.83386_LON90.27587,2020,90.27586633211241,23.83386184824758,8,33.55804408281257,34.657361636000026,2.878936655558843,27.81858722000004,37.85047592000004,0.679108899754296,2.8028990724662197,1.0
Y2020_LAT23.83404_LON90.28567,2020,90.28567443656736,23.83403500725343,8,35.10633265576389,35.905679507000016,2.216459136615116,29.556650390000016,38.07093821000004,0.6452642779262466,2.299694351502829,1.0
Y2020_LAT23.83421_LON90.29548,2020,90.2954826340372,23.834207543222686,8,31.537383580469626,30.90217357459019,2.1277896996854273,24.41765731999999,38.069229199999995,0.6108503778914178,3.578204459913725,0.8598993407027801
Y2020_LAT23.83438_LON90.30529,2020,90.30529092407066,23.834379456264415,8,31.362567845628778,31.214265040487838,3.107404151734307,23.66227490000003,36.41832554000004,0.6145542769278463,2.907234673963888,0.656498383521803
Y2020_LAT23.83455_LON90.3151,2020,90.31509930648197,23.834550746337584,8,34.47744044560809,35.77331668250002,2.6227657045846375,29.519052170000037,38.31703565000004,0.6257220222463559,2.942699730351674,1.0
Y2020_LAT23.83472_LON90.32491,2020,90.32490778084068,23.834721413344035,8,30.661367543991307,30.4663615918182,2.5821329945063662,25.702832840000042,38.64687458000003,0.5777143928392255,3.520971325822998,0.999099995764686
Y2020_LAT23.83489_LON90.33472,2020,90.33471634680083,23.834891457379513,8,29.58055017694172,28.780175188684233,2.34452581400597,26.10615919999998,37.888074140000015,0.3423548193611842,3.7128986489348113,1.0
Y2020_LAT23.83506_LON90.34453,2020,90.3445250041786,23.835060878266724,8,29.621152313827633,29.47151061909093,2.8578814041701213,23.70670916000006,36.83532398,0.5705116099052499,3.705500967063361,1.0
Y2020_LAT23.83523_LON90.35433,2020,90.3543337523925,23.835229676143097,8,34.243311404481425,34.344039785000014,2.8475741618928807,25.456735400000014,39.94230416000005,0.43140987537436654,3.650541920196574,0.9651998362345237
Y2020_LAT23.8354_LON90.36414,2020,90.36414259131713,23.835397850949132,8,34.47516695911546,34.33551232775003,2.8583545450408065,26.567591900000025,40.63958023999999,0.407922131223565,3.0716424246486462,0.9477997543517853
Y2020_LAT23.83557_LON90.37395,2020,90.37395152049466,23.8355654025433,8,33.85483540313534,33.54792777135136,3.384199935800088,25.596874220000018,44.27122649000003,0.3869470573365862,3.39135261048905,0.839400420707859
Y2020_LAT23.83573_LON90.38376,2020,90.38376053961815,23.83573233096978,8,34.657004466672674,35.445790341428584,2.5641773178292837,23.487955880000015,39.52359671000005,0.47912302528993284,2.5007482896237145,0.3961995115271125
Y2020_LAT23.8359_LON90.39357,2020,90.39356964845436,23.835898636245652,8,29.04000469702541,29.06261751811322,3.641134815549196,22.51723820000001,39.57315800000001,0.5348113461077982,2.9121322259435547,0.9399997176457298
Y2020_LAT23.83606_LON90.40338,2020,90.40337884655563,23.83606431840792,8,26.911306306856737,26.834624712500016,1.8533772497475538,22.339501160000054,31.792035470000002,0.5393945493256892,1.8533514565790843,0.9192007962390379
Y2020_LAT23.83623_LON90.41319,2020,90.41318813352635,23.83622937723867,8,26.792084815383497,26.805933063846172,2.4582070825838582,22.614651770000023,39.525305720000006,0.4435925108275724,1.9700129479472839,0.7169010207106837
Y2020_LAT23.83639_LON90.423,2020,90.42299750926796,23.83639381286551,8,31.542827863376424,28.057165016000017,6.026801382138783,24.98333962999999,42.65108501000003,0.43444323506460264,2.3219679670751825,0.6569007383564138
Y2020_LAT23.83656_LON90.43281,2020,90.43280697316571,23.836557625216,8,33.21093654521595,31.54913313565219,4.54784896291481,24.52190693000003,42.924526610000015,0.5053512027345688,2.7254253395165136,0.9582009797693162
Y2020_LAT23.83672_LON90.44262,2020,90.44261652508888,23.836720814273363,8,34.93114792362672,35.28686326228574,2.524272562354958,26.28389623999999,40.61052707000002,0.530543884478046,2.144000677650247,1.0
Y2020_LAT23.83688_LON90.45243,2020,90.45242616467249,23.836883380054967,8,34.57641050663592,34.70444486150002,1.1632201079067668,30.747830360000023,37.38904322000002,0.5428386552669142,1.8981827918348952,0.5009000042353116
Y2020_LAT23.83705_LON90.46224,2020,90.46223589141553,23.837045322543688,8,36.12899221691942,36.533948906206916,2.0716954602987365,31.698039920000042,40.424244980000026,0.4698628778031842,1.2723157434863013,0.3796994338796888
Y2020_LAT23.83721_LON90.47205,2020,90.47204570518304,23.837206641628736,8,36.70112401301147,36.97184372000002,1.7015744004193742,31.90483013000005,40.36955666000003,0.5010828025505686,1.8847179258516102,0.38030452907510676
Y2020_LAT23.83737_LON90.48186,2020,90.48185560564076,23.837367337295152,8,37.461380357929535,37.430059460000024,1.5105649822569556,34.429037900000026,41.386417610000024,0.490234996479468,2.0064590892684135,0.189116946479318
Y2020_LAT23.84058_LON90.14817,2020,90.14817216103816,23.84057534732791,8,32.877908726986384,31.776269202111692,2.466786655314307,29.613047720000026,38.747706170000015,0.6772182047717216,3.5111484521424425,0.5007623431263256
Y2020_LAT23.84076_LON90.15798,2020,90.15797970307277,23.8407566793346,8,31.80046119276027,30.591597124086967,2.5307106813151403,29.187504230000002,37.554817189999994,0.6810975086384675,3.5478994681170186,1.0
Y2020_LAT23.84094_LON90.16779,2020,90.16778734254447,23.840937388387445,8,34.52026537760405,36.345060059350665,3.142394993723298,28.637203010000036,39.036528860000004,0.6933855632016563,2.6551960244518846,1.0
Y2020_LAT23.84112_LON90.1776,2020,90.17759507896123,23.841117474552508,8,36.344129227902805,36.29745909430771,0.65828369831025,34.28035403000001,38.35805189000001,0.6997545080967353,2.0087988338809812,1.0
Y2020_LAT23.8413_LON90.1874,2020,90.18740291206971,23.841296937759036,8,35.895220935966634,36.40372494275593,1.8834545025692082,28.321036160000006,37.66761185000004,0.6837630977192474,2.1947002290590927,1.0
Y2020_LAT23.84148_LON90.19721,2020,90.19721084159713,23.841475777990155,8,31.67569731590601,30.84522839354547,2.4771920658246414,28.621821920000002,37.76844344000003,0.6501440686459672,3.6257076503889407,1.0
Y2020_LAT23.84165_LON90.20702,2020,90.20701886710472,23.84165399525762,8,34.274092841327274,35.89009903250002,2.690489987037902,29.896743380000004,37.590706400000016,0.6787857752047664,2.827761627906977,0.9715088540069463
Y2020_LAT23.84183_LON90.21683,2020,90.21682698822377,23.84183158947361,8,32.99546317662519,31.151612456000016,3.0267146349105873,28.60302281,38.942533310000016,0.669230769974001,3.2570160477556387,0.7406248429997633
Y2020_LAT23.84201_LON90.22664,2020,90.22663520484046,23.842008560680036,8,33.06971721006174,31.091509469344285,3.0907743654551414,29.257573640000032,39.788493259999996,0.6764271437812432,3.1948690249215783,0.9907642036695101
Y2020_LAT23.84218_LON90.23644,2020,90.23644351630509,23.842184908856428,8,31.805623002159926,31.15771504587503,3.9092431988250236,24.21599414000002,37.95472553000002,0.6486931974032616,2.859098657763124,1.0
Y2020_LAT23.84236_LON90.24625,2020,90.24625192253338,23.84236063387516,8,35.153401363421466,37.06689483500002,5.692735558131012,23.58536945000003,43.21847632999999,0.4374740498324625,2.76660050491242,0.9963913349584119
Y2020_LAT23.84254_LON90.25606,2020,90.25606042303819,23.842535735804308,8,41.98093442415741,41.84841147746271,1.4411106094476378,36.21495335,48.10966295000003,0.40134254722769974,2.0018000084706284,1.0
Y2020_LAT23.84271_LON90.26587,2020,90.26586901766919,23.84271021459621,8,35.19272032180484,33.78208267000002,4.064050389673793,28.794431930000002,44.143050740000035,0.5706413622091198,3.18590139517811,1.0
Y2020_LAT23.84288_LON90.27568,2020,90.27567770591823,23.842884070255604,8,36.046626821437386,36.971576558082205,2.3951860900624755,26.205281780000035,39.82096445000002,0.6227567656414787,2.6110503359995447,0.9936999925882266
Y2020_LAT23.84306_LON90.28549,2020,90.28548648737947,23.843057302676108,8,31.35337167397555,34.019363788571454,5.076630469148442,23.66740193000001,39.37149482000001,0.6579824870068283,2.1169775739676933,0.8496992927025535
Y2020_LAT23.84323_LON90.2953,2020,90.29529536205294,23.843229911966674,8,30.815301638574457,30.77903887033876,2.8088439597903676,24.20232206000003,38.47426457,0.6426685346352344,3.6211610134813808,0.957399949882294
Y2020_LAT23.8434_LON90.3051,2020,90.3051043292476,23.843401897972704,8,32.65727474151799,34.59426809409092,4.309497252265481,23.14444487000003,37.49329283000003,0.6735717016237839,2.0488240524356938,0.8970998789410344
Y2020_LAT23.84357_LON90.31491,2020,90.31491338880836,23.84357326075308,8,32.388939923105355,31.027810780869583,3.0274794538242844,28.218495560000036,38.31703565000004,0.6679749380277181,3.1406053675546737,1.0
Y2020_LAT23.84374_LON90.32472,2020,90.32472254042095,23.843744000271027,8,30.446400035061874,29.902563251891912,1.996433349786454,27.62376008000004,37.02160607000002,0.6602573591125941,3.7391020460024045,1.0
Y2020_LAT23.84391_LON90.33453,2020,90.33453178363415,23.843914116423864,8,29.03234283251842,28.658649410000027,1.6079370049430821,26.28047822000002,37.72742720000002,0.4065474157781195,3.9738999692940817,1.0
Y2020_LAT23.84408_LON90.34434,2020,90.34434111824926,23.844083609322155,8,28.96975304177697,28.778709038000013,2.294754983464117,23.84342995999998,34.09407194000005,0.5231540062591302,3.650703062132056,1.0
Y2020_LAT23.84425_LON90.35415,2020,90.3541505437578,23.84425247880271,8,31.679464535757024,31.407407690000017,2.848011654937226,25.046573000000024,39.17324966000001,0.582308001401673,3.485901748119704,1.0
Y2020_LAT23.84442_LON90.36396,2020,90.36396005998247,23.844420724846596,8,33.223890333674944,33.28326876714288,1.8847329511850588,28.069811690000023,38.37001496000005,0.4526954354909047,3.2838991575284187,1.0
Y2020_LAT23.84459_LON90.37377,2020,90.37376966657563,23.844588347690777,8,33.868822006855964,33.27977894000002,1.9397891497745563,29.35156919000002,38.58193220000001,0.4239107873019137,3.4209972752812954,1.0
Y2020_LAT23.84476_LON90.38358,2020,90.38357936302975,23.844755347063185,8,32.81605632840213,33.038131628000016,3.1269005583515086,23.487955880000015,38.57167814000002,0.4993237567694621,3.0845041046519364,0.8460998189409636
Y2020_LAT23.84492_LON90.39339,2020,90.39338914935368,23.844921722962663,8,26.662536814335148,26.09111991200003,2.5163312492037995,23.041904270000032,36.17222810000001,0.5655077523799051,2.1127822042950104,0.5319994494111173
Y2020_LAT23.84509_LON90.4032,2020,90.40319902480896,23.845087475305515,8,30.52581217796359,29.397712460000022,3.446756879231097,25.210637959999985,39.321933530000024,0.42236344493978084,2.308203803312018,1.0
Y2020_LAT23.84525_LON90.41301,2020,90.41300898926613,23.845252604256814,8,26.953139616223872,26.95293947480002,1.1643283839760812,24.205740080000055,29.922378530000003,0.40438960017440945,1.8264991206458845,0.9411999308234481
Y2020_LAT23.84542_LON90.42282,2020,90.42281904246684,23.845417109739255,8,25.76328370125631,25.51459759571431,1.0027347207723476,23.392251320000042,28.221913580000006,0.5046860813795024,1.8916008614501076,0.41790049164763704
Y2020_LAT23.84558_LON90.43263,2020,90.43262918394738,23.84558099160856,8,27.585558511080656,26.34063537200002,2.8495367037393864,23.84342996000001,36.411489500000016,0.5629543648281965,2.7113492879166086,0.8654017195375034
Y2020_LAT23.84574_LON90.44244,2020,90.44243941341043,23.845744249986087,8,31.9446446935051,31.92704726000005,3.7097871768342494,22.589016620000052,40.45158914000004,0.5936622852063573,2.609745459983052,0.8496998231762625
Y2020_LAT23.84591_LON90.45225,2020,90.45224973051488,23.845906884744103,8,34.16042864295245,34.45410338000002,2.0631732592980923,21.666151220000017,38.79384944000003,0.5905417750972428,2.0364742142983876,0.8553998298821528
Y2020_LAT23.84607_LON90.46206,2020,90.46206013489734,23.846068895891545,8,34.222530303700744,35.30618728250003,5.976241828757131,21.35169338000003,43.56540536,0.4324769695931617,1.708918720482597,0.7196906675425851
Y2020_LAT23.84623_LON90.47187,2020,90.47187062631693,23.846230283490918,8,28.204717718900053,23.52897212000005,7.098192644348964,22.15151006000002,38.920316179999986,0.5019816987954842,1.6646910136843023,0.04073770288071979
Y2020_LAT23.84941_LON90.13817,2020,90.13816651599821,23.849414545645395,8,32.2807432628329,32.33806416500003,0.44269369519133595,30.862334030000028,33.16607951000003,0.6925969562632603,4.0,0.17128753333906968
Y2020_LAT23.8496_LON90.14797,2020,90.14797463735019,23.849596577685013,8,34.82987254120245,36.09095518000001,2.442268727212231,28.973877979999997,38.64345656000003,0.7021041541927296,2.7069007803790517,0.9588113731917622
Y2020_LAT23.84978_LON90.15778,2020,90.15778285658293,23.849777986577454,8,34.0002826838346,35.21894232200001,2.608851596598233,28.408195670000026,37.51721896999999,0.7175520874669892,2.7434008745892693,1.0
Y2020_LAT23.84996_LON90.16759,2020,90.16759117304086,23.849958772327916,8,33.83831348936695,35.596932608750016,3.171236223502432,23.70670916000006,39.02798381000002,0.6821050506507023,2.7200986828173415,1.0
Y2020_LAT23.85014_LON90.1774,2020,90.1773995866221,23.850138934900187,8,31.44604359583679,30.468595216100013,2.3249745339981147,28.92773471000001,37.43347748000002,0.6295789393478192,3.5757995009406036,1.0
Y2020_LAT23.85032_LON90.18721,2020,90.18720809689493,23.85031847430285,8,34.07117216023201,35.405465684000006,2.868835607054935,28.225331600000004,37.97865167000003,0.6803616079786192,2.6201007295302707,1.0
Y2020_LAT23.8505_LON90.19702,2020,90.19701670358802,23.850497390412862,8,33.12147331876383,31.407691328214295,2.80145536697128,29.45923682,38.48622764000004,0.6354070109661328,3.1922056103793492,1.0
Y2020_LAT23.85068_LON90.20683,2020,90.20682540628808,23.85067568334006,8,33.922690615137356,35.46875685875002,2.8783165385082436,28.601313800000014,38.190568910000025,0.6534637704219778,2.78480092329521,1.0
Y2020_LAT23.85085_LON90.21663,2020,90.21663420466585,23.850853352912015,8,34.88811030562877,35.96321489203009,2.529654134778327,28.666256180000033,37.94618048000001,0.6629356014469752,2.427500502941765,1.0
Y2020_LAT23.85103_LON90.22644,2020,90.22644309843818,23.851030399238997,8,35.716405428658035,35.94475886900002,1.0328514252322913,33.72492578000001,37.94618048000001,0.6944629622537961,2.0,1.0
Y2020_LAT23.85121_LON90.23625,2020,90.2362520873236,23.851206822179524,8,33.489354380213854,34.39257902000002,3.355910167588049,24.209158100000025,38.74599716000003,0.5158016642207921,2.753900886942225,1.0
Y2020_LAT23.85138_LON90.24606,2020,90.24606117078189,23.85138262187051,8,39.15693493070688,40.30769049800003,3.543792663777431,24.779967440000007,44.04051014000004,0.44351290527471393,2.2506979419975837,1.0
Y2020_LAT23.85156_LON90.25587,2020,90.25587034873803,23.85155779805201,8,40.33130921018372,41.4745789534483,3.366236300850111,30.325704890000026,44.47630769000003,0.3850645061376752,2.297096692219734,1.0
Y2020_LAT23.85173_LON90.26568,2020,90.26567962069254,23.851732350916897,8,37.26521202590402,39.80045633000002,5.2917002997195945,24.88934408,44.39598422,0.46261146917368906,2.1883370081134768,0.6498995881171648
Y2020_LAT23.85191_LON90.27549,2020,90.27548898628667,23.851906280300767,8,34.736830680844236,34.68111687500002,4.117306022555044,24.484308710000022,42.74508056000002,0.5644587391949767,2.8357179803777512,0.8460998189409669
Y2020_LAT23.85208_LON90.2853,2020,90.28529844528776,23.85207958628689,8,34.5115782056637,34.40779734714288,3.4922492858739265,26.553919820000033,42.32979113000002,0.6091483639010424,2.9003995312919195,1.0
Y2020_LAT23.85225_LON90.29511,2020,90.29510799736741,23.852252268768797,8,31.46381508613976,31.024201691428583,2.6686916623883516,23.293128739999986,37.300174700000014,0.6644736643134729,2.6269213017728514,0.9099998941175226
Y2020_LAT23.85242_LON90.30492,2020,90.30491764209752,23.85242432778987,8,32.23833231864549,30.846233356842127,2.90607009435411,24.181813939999984,37.94959850000001,0.6313273494209445,3.01274666305736,0.8865998665880818
Y2020_LAT23.8526_LON90.31473,2020,90.31472737912624,23.852595763293294,8,34.45495173856701,35.77861497405067,2.933802786732029,25.572948080000003,37.69495601000003,0.6585239795682504,2.524102466364552,1.0
Y2020_LAT23.85277_LON90.32454,2020,90.32453720834886,23.85276657516604,8,32.929367754859655,33.14984391500002,2.5469372052056656,27.71775563,39.4364372,0.6354469293303472,2.5733006744713847,1.0
Y2020_LAT23.85294_LON90.33435,2020,90.33434712912769,23.852936763576526,8,29.35041153542315,28.97119899135137,1.548400871501189,26.10615919999998,36.756709520000015,0.42937612727351154,3.9114998958822307,1.0
Y2020_LAT23.85311_LON90.34416,2020,90.34415714126574,23.853106328323356,8,31.20705666543146,31.092400956200024,2.6834928842156796,24.762877340000045,39.18179471000002,0.41154236957670604,3.7446987985825797,1.0
Y2020_LAT23.85328_LON90.35397,2020,90.35396724451219,23.853275269547233,8,31.515701540083903,31.83533039000002,2.823319769337364,26.817107360000023,37.81287770000006,0.3391236980432829,3.997299996823526,1.0
Y2020_LAT23.85344_LON90.36378,2020,90.36377743835727,23.85344358714176,8,35.28091391274995,36.02618542727276,3.144739420462893,27.89207465000004,39.921796040000004,0.5121665227631628,2.825300970942321,1.0
Y2020_LAT23.85361_LON90.37359,2020,90.37358772264568,23.853611280975656,8,36.14141097004349,36.09040187982761,1.631133849534589,29.120852840000026,39.25186412000002,0.49094657781260725,2.0597002809425025,1.0
Y2020_LAT23.85378_LON90.3834,2020,90.38339809685728,23.853778351178395,8,34.205399974030776,35.23002390263159,3.926819339609314,26.19844574000001,41.49750326000003,0.5055887156210606,2.484129192672288,0.9765999724705559
Y2020_LAT23.85394_LON90.39321,2020,90.3932085608357,23.853944797669996,8,29.61361534082732,28.95806963750001,2.6846051848875145,25.832717600000024,38.69130884000003,0.45341255798560615,2.2523980815347664,0.5004005887065769
Y2020_LAT23.85411_LON90.40302,2020,90.40301911406132,23.8541106204841,8,36.62904142247065,37.90784982714287,3.757496155010574,26.723111810000034,42.375934400000006,0.3333993370468633,2.1011154570476616,0.5360001694125635
Y2020_LAT23.85428_LON90.41283,2020,90.41282975646459,23.85427581947158,8,31.185435642042066,29.309454300714304,4.642901524966928,24.73895120000003,41.76410882000002,0.3726626177990373,2.235884357190658,0.6960996424701703
Y2020_LAT23.85444_LON90.42264,2020,90.42264048734816,23.854440394729643,8,28.833246395040277,28.722187416363667,2.7925417436062356,24.11687156000005,39.525305720000006,0.41372983218829684,2.068025681605642,0.39249928529327693
Y2020_LAT23.8546_LON90.43245,2020,90.4324513067417,23.85460434620307,8,27.505114154397724,27.159592964000023,2.2290844675563806,23.017978130000017,33.23102189000002,0.4634407907788553,2.404797199045648,1.0
Y2020_LAT23.85477_LON90.44226,2020,90.44226221400886,23.854767673863886,8,26.858222143381294,25.091927496153858,3.693428761415465,22.688139200000023,37.12585568000003,0.5520947494919816,1.9263415437457325,0.6000995295288584
Y2020_LAT23.85493_LON90.45207,2020,90.45207320908156,23.854930377638144,8,34.24359033522592,34.48559059454547,1.4307825512536894,30.08986150999999,37.28992064000005,0.6666734035321019,1.9612365105613991,0.8280997977644708
Y2020_LAT23.85509_LON90.46188,2020,90.46188429141417,23.855092457552743,8,32.936069431951026,33.40222448000003,2.789444165560119,23.13248180000005,38.12391752000002,0.5584652384953613,2.519575671852909,0.9993992296003109
Y2020_LAT23.85525_LON90.4717,2020,90.47169546076705,23.8552539135842,8,23.56286294034909,22.908174237500027,3.0465593813092076,20.830445330000032,31.95610043000005,0.6128964046648944,2.0221076017213777,0.23127640920980827
Y2020_LAT23.85825_LON90.12816,2020,90.1281595165627,23.85825295405436,8,31.99757322698161,31.87406795000004,1.1751386217411584,31.41947128999999,35.60141876,0.6596278530424488,3.9316786762743527,0.013286857110436548
Y2020_LAT23.85844_LON90.13797,2020,90.13796821735538,23.858435686635293,8,35.240264544605814,36.14065693065714,2.10056718340808,30.50002391000001,37.83509483000003,0.7119587865018097,2.5013831383680794,0.7959303350494109
Y2020_LAT23.85862_LON90.14778,2020,90.14777701605465,23.858617795927742,8,32.51193226963718,31.715714093670474,2.152179799891854,28.76366975000002,37.520636990000014,0.6891383934421187,3.534697810342623,1.0
Y2020_LAT23.8588_LON90.15759,2020,90.1575859125968,23.858799281880138,8,35.30915713765088,35.53451418333335,1.6983436421972646,28.52269934000003,38.26576535000001,0.6773396843180923,2.1695007976508105,1.0
Y2020_LAT23.85898_LON90.16739,2020,90.16739490654852,23.858980144305885,8,32.5671539480303,30.834733518500016,2.8083876321712142,28.298819030000004,36.87975824000003,0.6322926853967639,3.08680276142476,1.0
Y2020_LAT23.85916_LON90.1772,2020,90.17720399757113,23.859160383258743,8,32.82005021164912,30.97200605444446,2.9318932498219064,29.184086210000032,38.36488793000001,0.6083536190358864,3.2949013877712336,1.0
Y2020_LAT23.85934_LON90.18701,2020,90.18701318531267,23.859339998803858,8,34.54070576017113,34.90255019340911,2.0716235084603145,24.947450419999996,37.74451730000001,0.6476759676409751,2.1951985656403057,1.0
Y2020_LAT23.85952_LON90.19682,2020,90.1968224695223,23.85951899083173,8,31.750494273943758,34.65195689187502,4.567915608616577,23.029941200000053,37.40271530000001,0.6811558001623045,2.5884015924780783,1.0
Y2020_LAT23.8597_LON90.20663,2020,90.20663184970567,23.859697359340366,8,31.6409394537333,30.1567758246154,3.4826748842313666,27.08713094000001,38.73232508000001,0.5910382729408183,3.377906484265805,1.0
Y2020_LAT23.85988_LON90.21644,2020,90.21644132573505,23.859875104366267,8,33.28849290957993,33.16505410400001,3.0484796770143694,28.098864859999992,38.6502926,0.641853203709782,2.992104668727856,1.0
Y2020_LAT23.86005_LON90.22625,2020,90.22625089712375,23.86005222573555,8,33.495851607341464,34.03265733293581,2.1604016527146404,27.52805552000001,36.575554460000006,0.6509891615545816,2.394201855067555,1.0
Y2020_LAT23.86023_LON90.23606,2020,90.23606056358047,23.860228723536842,8,31.496690787144736,30.59541198666669,2.5246310545842814,26.95041014000003,37.75989838999999,0.5298811245729813,3.3623064108536913,1.0
Y2020_LAT23.8604_LON90.24587,2020,90.24587032471145,23.86040459774019,8,33.290728865507354,33.93153609421054,4.255156954411364,24.935487350000017,41.19329948000001,0.535593443589189,2.395494816444048,0.8568993265850635
Y2020_LAT23.86058_LON90.25568,2020,90.25568018032497,23.860579848308465,8,29.202568076044198,27.0988498657143,4.323499886514683,24.002367890000016,38.57851418000001,0.4998119276626949,2.1436005775809406,0.36419818446204466
Y2020_LAT23.86075_LON90.26549,2020,90.26549013003545,23.86075447522358,8,34.295548821944394,34.35426871250002,3.0286208717671164,26.953828160000057,42.03755042000003,0.6120206641845094,2.0527252335511696,0.5633002978837527
Y2020_LAT23.86093_LON90.2753,2020,90.275300173294,23.860928478430182,8,31.909728396876602,30.09564585153848,3.165975769480681,28.53466241000001,42.21016043000003,0.702578681328272,3.305306142617133,1.0
Y2020_LAT23.8611_LON90.28511,2020,90.28511031017463,23.86110185790649,8,34.56478722578395,35.03375179322584,1.9556711438157193,28.56029756000001,39.19888481000004,0.70494745179635,2.2104986376406495,1.0
Y2020_LAT23.86127_LON90.29492,2020,90.29492053998196,23.861274613670293,8,36.34836631340918,36.65314351400002,1.9824143618621477,28.538080430000036,40.08927902000002,0.6712613901628536,2.0975957533917806,1.0
Y2020_LAT23.86145_LON90.30473,2020,90.30473086251274,23.861446745670065,8,32.39730277972695,34.46400687384618,4.253468885994368,22.83682307000001,37.16516291000002,0.6693603652733385,2.3320039041464797,0.6291982550506092
Y2020_LAT23.86162_LON90.31454,2020,90.31454127750341,23.86161825383387,8,29.117466601703743,27.93826818500002,3.6472955880799036,23.863938080000025,40.52678558000002,0.5612881939180326,2.6098005167083125,1.0
Y2020_LAT23.86179_LON90.32435,2020,90.32435178453636,23.861789138311877,8,35.195196302046426,35.59332170291264,1.8716281094105665,29.73096941,39.022856779999984,0.6341203791359076,2.342901613654647,1.0
Y2020_LAT23.86196_LON90.33416,2020,90.3341623832019,23.86195939884345,8,30.24825687703668,29.531851564042565,2.1834690753754487,24.581722280000008,35.608254800000026,0.48355396109046245,3.783201332712151,1.0
Y2020_LAT23.86213_LON90.34397,2020,90.34397307332979,23.8621290356191,8,27.650993917858845,26.83983719300001,2.603001752293718,24.149342750000017,35.43735380000001,0.479121207120001,2.326193299733168,1.0
Y2020_LAT23.8623_LON90.35378,2020,90.3537838545608,23.86229804845084,8,34.15449201234275,36.21922587500002,4.716370730704129,24.786803480000003,40.472097260000055,0.5040496786362789,2.501944700558498,0.999099995764686
Y2020_LAT23.86247_LON90.36359,2020,90.3635947263993,23.862466437383123,8,35.725730852487004,35.90596434200001,2.650736611045394,30.896514230000008,40.72844875999999,0.4958712326702017,3.156600736944633,1.0
Y2020_LAT23.86263_LON90.37341,2020,90.37340568866655,23.862634202412984,8,34.69573891368421,34.220782824285735,2.8658737322327537,28.172352289999992,41.67011327,0.4990430807358403,2.990399954823315,1.0
Y2020_LAT23.8628_LON90.38322,2020,90.38321674099215,23.862801343461857,8,34.82210942792589,35.220814464772744,2.4011791151031114,28.06468466000001,42.423786680000035,0.39392827210481174,3.4899023054226,1.0
Y2020_LAT23.86297_LON90.39303,2020,90.39302788295696,23.8629678606028,8,34.16654969324357,34.56653084307231,2.374585552661788,25.224310040000034,42.35542628000002,0.31261093138389967,3.7878289414612523,0.9827022715401014
Y2020_LAT23.86313_LON90.40284,2020,90.40283911441058,23.863133753729567,8,32.12307854397402,29.7812460995349,4.018153646135443,26.98971737000005,41.157410270000014,0.2805767046775014,2.4485003045067044,0.7418011378877057
Y2020_LAT23.8633_LON90.41265,2020,90.41265043480634,23.863299022862698,8,35.83965108090608,35.027191400000014,3.309660469619118,28.77221480000003,42.51949124000001,0.32480452829741596,3.3327344511637027,0.944902093656911
Y2020_LAT23.86346_LON90.42246,2020,90.4224618439574,23.863463667882602,8,30.419730074372815,29.7838969318182,2.338665349023704,26.213826830000016,39.89103386000005,0.37774672170767787,2.3717970437507874,1.0
Y2020_LAT23.86363_LON90.43227,2020,90.43227334149971,23.86362768889646,8,29.63556407091069,29.333258368571446,2.34779464325269,23.63663975000003,34.10774402000001,0.5263421433573298,2.9711998644699507,1.0
Y2020_LAT23.86379_LON90.44208,2020,90.44208492704509,23.863791085843058,8,26.076459819743054,25.270666936250006,2.5198329391783174,22.81460593999998,35.071625659999995,0.5522878479661867,2.001372449774179,0.7251987068174436
Y2020_LAT23.86395_LON90.4519,2020,90.4518966002369,23.863953858680702,8,30.731466326829867,31.968918005000006,5.142357287320542,22.689848210000008,40.67034242,0.608750961384584,2.253599218053074,0.8268991854079286
Y2020_LAT23.86412_LON90.46171,2020,90.46170836094092,23.864116007374196,8,28.41762159034907,28.5622967792453,5.182649957614384,21.233771689999998,40.000410500000044,0.5952575463117502,2.962567528689706,0.9936999703528017
Y2020_LAT23.86428_LON90.47152,2020,90.47152020851755,23.86427753190479,8,27.724443078450047,29.77625817500002,4.07112341697274,21.789199940000003,33.888990740000054,0.5419475628564747,1.8571886658167849,0.4560747063502526
Y2020_LAT23.86709_LON90.11815,2020,90.11815116227423,23.867090571677974,8,34.27566973266306,36.04234334,2.0031924260337988,32.11845638,36.29869484000005,0.7035188044326893,3.4836956521739126,0.0019514609442666995
Y2020_LAT23.86727_LON90.12796,2020,90.12796044213833,23.867274005435014,8,32.04458247541576,31.845780559783837,1.3170620484970634,30.18898409000002,39.12539738000004,0.6881514068167746,3.940845723880432,0.6547826998954818
Y2020_LAT23.86746_LON90.13777,2020,90.13776982052174,23.867456815575864,8,31.554667086956737,31.474409709024407,1.0164442366245325,29.076418579999995,37.60950551000002,0.6545285401133779,3.9711998644699507,1.0
Y2020_LAT23.86764_LON90.14758,2020,90.14757929701629,23.867639002098965,8,31.52725834374872,31.5764205538182,0.8666668560496842,29.60279366000003,33.86506460000004,0.69019722098332,4.0,1.0
Y2020_LAT23.86782_LON90.15739,2020,90.15738887128897,23.867820564877498,8,32.028537951593215,31.03453387760002,2.3491348373772185,29.002931150000023,37.82996780000002,0.6552567275004634,3.5318018021197677,1.0
Y2020_LAT23.868_LON90.1672,2020,90.16719854295404,23.868001504038673,8,31.875609926608362,30.593247649032275,2.5982550441430114,28.850829260000012,37.836803840000016,0.622794402530604,3.391406547795519,1.0
Y2020_LAT23.86818_LON90.17701,2020,90.17700831177075,23.868181819529703,8,35.17422034118242,36.78747170000002,3.419956915583446,24.315116719999992,39.31167947000003,0.5058945532903387,2.5151006060007135,1.0
Y2020_LAT23.86836_LON90.18682,2020,90.18681817732688,23.86836151118984,8,32.783615879939205,30.598727298867946,3.5483372000415274,24.475763659999984,38.89809905000004,0.6286465208122637,3.1413001662354887,1.0
Y2020_LAT23.86854_LON90.19663,2020,90.19662813934337,23.86854057920083,8,32.603170900091925,34.376699468750026,4.228440561316369,22.69155722000005,38.64516557000002,0.6135879094987983,2.891501842361612,1.0
Y2020_LAT23.86872_LON90.20644,2020,90.20643819746425,23.868719023370055,8,34.295352833994805,35.39996066120001,3.2262848961820496,23.327308940000023,38.55971507000001,0.6238511756287182,2.3712813217994886,0.947799938588163
Y2020_LAT23.8689_LON90.21625,2020,90.21624835134534,23.868896843680513,8,34.39057110574335,34.59840079100002,1.5605733166280176,27.322974320000043,36.60289862000002,0.6498598117694973,2.077655293793623,0.525399441646402
Y2020_LAT23.86907_LON90.22606,2020,90.22605860070595,23.869074040275994,8,33.69660941781122,34.09518514834864,2.0228691063557895,23.340981020000015,36.49181297000001,0.6449023642641458,2.0234841350756083,0.9069995623508816
Y2020_LAT23.86925_LON90.23587,2020,90.23586894511965,23.869250612942142,8,32.55260831249812,34.416391226000016,3.9653921297480688,23.340981020000015,37.75989838999999,0.5589257105281824,1.9550275532547028,0.4335993336462749
Y2020_LAT23.86943_LON90.24568,2020,90.24567938423829,23.86942656165754,8,33.40330950234975,33.83869701714288,1.892492733146478,28.105700899999988,36.54650129000004,0.5652518523402636,2.3767641468488567,0.9432999332940392
Y2020_LAT23.8696_LON90.25549,2020,90.25548991784117,23.86960188655395,8,34.041549138552256,35.43446984562502,3.2693162090905434,23.583660440000017,39.74747702000002,0.668727085649556,2.8369371351347095,0.8984018748323521
Y2020_LAT23.86978_LON90.2653,2020,90.26530054560041,23.869776587524374,8,31.932006862235557,33.09373142000003,3.5121582549410157,23.24698547,36.324329990000024,0.6902241668835775,2.366336633663367,0.5757006772949145
Y2020_LAT23.86995_LON90.27511,2020,90.27511126701698,23.869950664508774,8,33.74146767921209,34.76998539500001,2.670836911627298,28.67651024,39.287753330000015,0.7223230526313276,2.797700938471693,1.0
Y2020_LAT23.87012_LON90.28492,2020,90.28492208192733,23.870124117585018,8,36.378089595641065,36.46609643857144,2.6029644365282145,28.934570750000006,43.75510546999999,0.6765359563438743,2.1820430549408862,0.8931994974093997
Y2020_LAT23.8703_LON90.29473,2020,90.29473298989551,23.870296946589846,8,32.66371190917842,35.573377044897974,5.852281914660747,21.48499616000001,40.319995370000015,0.6358261367197536,1.9619059029210653,0.7953997592938344
Y2020_LAT23.87047_LON90.30454,2020,90.30454399062427,23.87046915158999,8,28.052238224201577,26.30295429090911,3.852427365044376,22.534328300000027,40.181565560000024,0.5986910603911259,2.4716256515407733,0.9621999555293594
Y2020_LAT23.87064_LON90.31436,2020,90.31435508375876,23.870640732586768,8,33.57117993713576,35.68926914638299,4.690245984875093,24.942323390000013,42.769006700000034,0.6043461050909965,2.2413454079006985,0.9189996188217359
Y2020_LAT23.87081_LON90.32417,2020,90.32416626902638,23.870811689443677,8,32.274720410629335,31.720281464428588,2.959562208063521,25.933549190000036,38.07435623000001,0.6153595118380187,3.3401260303280407,0.996399995764701
Y2020_LAT23.87098_LON90.33398,2020,90.33397754591326,23.870982022268148,8,29.39120461665592,29.58818939272729,2.043458514153925,24.515070890000032,33.357488630000034,0.5398903345540348,3.0297000349412175,1.0
Y2020_LAT23.87115_LON90.34379,2020,90.34378891438959,23.87115173088338,8,30.569552005625233,31.47535591700002,2.9674886129882587,25.335395690000013,36.338002070000016,0.5597107375300642,3.382999449409174,1.0
Y2020_LAT23.87132_LON90.3536,2020,90.3536003738261,23.871320815399113,8,32.19531747812241,32.782448789836074,2.0448029603133375,25.060245080000016,37.85218493000002,0.4723464796307713,3.9786999749411476,1.0
Y2020_LAT23.87149_LON90.36341,2020,90.3634119239931,23.871489275819783,8,33.49300207936443,33.03057155580647,1.9664404944778433,30.166766960000018,39.07754510000001,0.45839233504225013,3.7266996784702107,1.0
Y2020_LAT23.87166_LON90.37322,2020,90.37322356466466,23.871657111953418,8,36.018597674793874,36.77508137750002,3.0650208718528513,28.408195670000026,42.38618846,0.4297600190785814,2.6373396211502484,0.8037990767015375
Y2020_LAT23.87182_LON90.38304,2020,90.3830352954085,23.871824323942175,8,34.96442954239291,34.593508387796625,2.253409727819886,27.863021480000043,41.201844530000045,0.2733376378367952,3.6206162236069748,0.8982998803528005
Y2020_LAT23.87199_LON90.39285,2020,90.3928471157417,23.87199091166142,8,36.051684292978166,35.3477407607921,2.71404784323034,30.571802330000025,42.63399491000001,0.28096971223496703,3.699099645999584,1.0
Y2020_LAT23.87216_LON90.40266,2020,90.40265902563314,23.872156875146953,8,35.64702916174129,35.776763186000025,4.621556615939714,27.534891560000005,42.97066988000003,0.30403898348586367,2.3761023698077115,0.7676012593000437
Y2020_LAT23.87232_LON90.41247,2020,90.41247102454169,23.87232221436768,8,33.88338350567644,34.55273424484213,2.745991905322753,26.55733784000003,42.51949124000001,0.3050994019625278,3.6739198990854622,0.9513011191777874
Y2020_LAT23.87249_LON90.42228,2020,90.42228311222333,23.872486929276324,8,33.72897113809705,34.163136050000006,2.319862931392442,27.240941840000005,38.48793665000002,0.41574575055767576,3.6855996301172116,1.0
Y2020_LAT23.87265_LON90.4321,2020,90.43209528818458,23.872651019865874,8,30.690279500053112,29.943456320000013,3.392365208537949,23.168371009999987,41.490667220000006,0.502471573928737,2.8223860960320173,0.9576998009402398
Y2020_LAT23.87281_LON90.44191,2020,90.44190755228512,23.87281448604507,8,29.8183162497673,30.58910605625002,3.782074459165365,22.922273570000016,37.18567103000001,0.5921999703184156,3.323781077817496,0.8826998619998377
Y2020_LAT23.87298_LON90.45172,2020,90.45171990414154,23.87297732794404,8,24.81855622422806,24.714095157500033,1.4527106711055955,22.51382018000001,34.17781343000004,0.5883276569629862,2.0820944267347015,0.6321995672936087
Y2020_LAT23.87314_LON90.46153,2020,90.46153234339499,23.873139545423033,8,23.27986207475356,23.308453333801683,0.44690630134392134,22.165182140000013,24.33733385000002,0.619280023176477,1.999336562064619,0.9127959789256949
Y2020_LAT23.8733_LON90.47134,2020,90.471344869614,23.87330113850247,8,23.508702131462353,22.961074768384567,2.5029559610905143,21.94813787000004,35.14340407999998,0.6169702209708773,2.1608016666397507,0.22254048575720775
Y2020_LAT23.87611_LON90.11795,2020,90.11795131142644,23.876111533173482,8,37.129541979797885,37.655990582000015,1.8548767800850068,31.181918900000028,40.15080338000001,0.7291068474764038,2.2248173408255756,0.5074460096281186
Y2020_LAT23.8763_LON90.12776,2020,90.12776126928469,23.876295044659045,8,36.547845822024506,37.65123383750003,2.8623696396767544,29.14819700000001,40.55583875000002,0.6971118653078893,2.388998104703658,1.0
Y2020_LAT23.87648_LON90.13757,2020,90.13757132564852,23.876477932361663,8,33.104166458979,31.97123885750361,2.3872595777136216,29.77540367000003,38.39052308000004,0.6504597172397533,3.439502068245035,1.0
Y2020_LAT23.87666_LON90.14738,2020,90.14738148013728,23.876660196054146,8,34.9937746518561,36.471190916000005,2.915205291279988,29.741223470000023,39.327060560000035,0.6398650258335663,2.642600756000889,1.0
Y2020_LAT23.87684_LON90.15719,2020,90.15719173245301,23.876841835856744,8,33.7752742027308,33.09088307000002,3.350094172342845,28.044176539999995,39.88077980000003,0.5163051856745764,3.0518012374132284,1.0
Y2020_LAT23.87702_LON90.167,2020,90.1670020822725,23.877022851766043,8,34.40306627651735,36.59380668680001,3.402930247271677,29.38916741,39.83805455000001,0.5623335088540169,2.869104089901605,1.0
Y2020_LAT23.8772_LON90.17681,2020,90.17681252922719,23.87720324365502,8,35.98832766903209,36.65141193216983,2.2043266049107677,29.22168443000004,39.35782274000002,0.5756971139228234,2.2904003416474623,1.0
Y2020_LAT23.87738_LON90.18662,2020,90.18662307289256,23.877383011578214,8,36.72563074250923,37.154580194230796,1.8787225224127775,29.090090660000016,38.91860717,0.6145383950336306,2.1626001912943447,1.0
Y2020_LAT23.87756_LON90.19643,2020,90.19643371310634,23.877562155429512,8,33.836905630462795,35.53100754800002,3.6812169871500213,27.738263750000016,39.041655890000015,0.5581827193760984,2.8601993421145595,1.0
Y2020_LAT23.87774_LON90.20624,2020,90.20624444949506,23.877740675279334,8,31.59575292952192,30.346388293076945,3.2395787677986942,23.378579240000022,38.402486150000016,0.6142038110324927,3.380067513717057,0.9963999957647008
Y2020_LAT23.87792_LON90.21606,2020,90.21605528152162,23.877918571034517,8,26.934301693855435,28.596446836739144,2.80424564229505,22.264304720000013,30.911895320000013,0.6246721309804159,3.3162738872947073,0.6936996396466341
Y2020_LAT23.8781_LON90.22587,2020,90.22586620916908,23.87809584263195,8,32.5025518132087,34.71864673460002,3.9067263637691365,22.356591260000016,37.27283054000003,0.6592109559208499,2.6226785818245397,0.9699998588228649
Y2020_LAT23.87827_LON90.23568,2020,90.235677231866,23.87827249018192,8,32.170613779354504,33.5918028957895,3.5958114320448296,22.840241090000035,37.10022053,0.6404810124404191,2.5165412116201775,0.4866993961169386
Y2020_LAT23.87845_LON90.24549,2020,90.24548834936337,23.87844851361341,8,32.31087439130109,34.34643575000002,4.011179882088926,22.63003286000003,38.009413850000016,0.68642859503315,2.7817886275192314,0.9531999449411118
Y2020_LAT23.87862_LON90.2553,2020,90.25529956130038,23.87862391286281,8,36.15695514861939,35.858175025526336,1.091891993437798,33.97785926,39.19888481000004,0.7079496502679813,2.0,1.0
Y2020_LAT23.8788_LON90.26511,2020,90.26511086739242,23.878798687852132,8,34.87039582531742,35.52888078000002,2.181291977503459,29.430183650000032,38.91689816000002,0.7148322667410877,2.3193426824938035,0.9243999110587212
Y2020_LAT23.87897_LON90.27492,2020,90.27492226729622,23.878972838677736,8,31.56781017682506,30.59897558900002,2.672747278700397,28.736325590000007,39.106598270000006,0.716527441456716,3.627201914355197,1.0
Y2020_LAT23.87915_LON90.28473,2020,90.28473376062148,23.87914636523858,8,35.59386029652036,35.29555520727697,1.4336928743427875,32.92852712000001,39.383457890000045,0.7405228317647337,1.9334013593046773,0.1936985585814525
Y2020_LAT23.87932_LON90.29455,2020,90.2945453470586,23.879319267580957,8,32.47912117981369,35.16391220000003,5.622115257689004,24.010912940000026,40.72332173000001,0.5886024804033848,1.9658385093167703,0.2898003409415774
Y2020_LAT23.87949_LON90.30436,2020,90.30435702627162,23.87949154556289,8,31.028105768243567,30.534963670000018,3.621843513976893,24.933778340000032,39.80729237000003,0.5760890344287117,2.397245593552947,0.9945999936470515
Y2020_LAT23.87966_LON90.31417,2020,90.3141687979401,23.87966319926252,8,27.234704392473258,26.659771626875017,1.793962291615816,23.838302930000054,35.57065657999999,0.5627745612830102,1.8331286539592495,0.8162014880070043
Y2020_LAT23.87983_LON90.32398,2020,90.32398066170884,23.879834228654786,8,30.824519159786174,30.807728671650505,3.1313832775049506,24.87567200000001,42.70235531,0.6098741242236114,3.2211387228688326,0.9537011220013205
Y2020_LAT23.88_LON90.33379,2020,90.33379261725966,23.880004633649552,8,29.209264770298308,28.161018855263173,2.909239577374132,24.075855320000016,36.39952643000001,0.5561282985782522,2.5913995192935553,1.0
Y2020_LAT23.88017_LON90.3436,2020,90.3436046642828,23.880174414292746,8,28.20844837965002,27.65968644239133,2.0657118603989497,24.075855320000016,33.28741922000003,0.5021087512497373,3.186000875298249,1.0
Y2020_LAT23.88034_LON90.35342,2020,90.35341680239053,23.880343570500127,8,31.539586819802086,31.826905847115405,3.187595541185459,23.97673273999999,44.36180402000002,0.30765758396878257,3.1832071296011364,0.7224163951233349
Y2020_LAT23.88051_LON90.36323,2020,90.3632290312946,23.880512102303292,8,33.94813879886939,33.818636495000014,4.204947407754018,24.583431289999993,48.69243536000005,0.4446445382543661,2.529576552040943,0.8604998358821631
Y2020_LAT23.88068_LON90.37304,2020,90.37304135059024,23.880680009676105,8,37.102495875534856,38.19183032214288,5.838142561295703,24.868835960000013,45.79395440000002,0.41148531197739013,2.149947923294077,0.7488988183473833
Y2020_LAT23.88085_LON90.38285,2020,90.38285375999334,23.880847292551543,8,31.57550917266947,31.603275315500014,2.0476567177575338,26.403526940000006,41.357364440000026,0.3034971912486751,2.1884816299236163,0.8127997797644498
Y2020_LAT23.88101_LON90.39267,2020,90.39266625919572,23.881013950935998,8,34.5094913336598,34.564986396805885,5.154599190102041,26.71798478000005,44.60106542,0.281188515951849,2.4110035424090484,0.6804229890318975
Y2020_LAT23.88118_LON90.40248,2020,90.40247884781476,23.881179984723175,8,38.317489975874224,38.54262497000002,3.5804374872421088,31.192172960000022,43.914043400000025,0.35828314542257245,2.857857640981199,0.5284820770447356
Y2020_LAT23.88135_LON90.41229,2020,90.41229152550925,23.88134539401079,8,31.077851515105444,29.974716961250028,3.4017600353035884,24.844909819999998,36.96862676000001,0.3757844306051555,2.998685103900699,0.7485933137661981
Y2020_LAT23.88151_LON90.4221,2020,90.42210429197655,23.881510178808302,8,29.77535963177644,29.186592758000028,3.603277045779657,24.48772673000002,40.492605379999986,0.5078161073346549,2.7159984894099902,1.0
Y2020_LAT23.88167_LON90.43192,2020,90.43191714687842,23.88167433892366,8,30.685257559653852,30.905557568552975,2.918741704558605,25.11493340000004,39.28091729000002,0.5645568251878353,3.2751965891604318,1.0
Y2020_LAT23.88184_LON90.44173,2020,90.44173008984653,23.881837874471696,8,29.8977878597804,30.53404389031252,2.1747228017013773,25.11493340000004,34.02912956,0.5811239161155823,3.5646994878817506,1.0
Y2020_LAT23.882_LON90.45154,2020,90.45154312062475,23.88200078537362,8,30.447806466007137,30.562940796666688,3.536934573988016,23.15811695000002,39.12539738000001,0.5773596464298962,3.1584359176075636,0.9555999477646446
Y2020_LAT23.88216_LON90.46136,2020,90.46135623874355,23.882163071670725,8,24.66433602091838,24.34151836793605,1.6747003248288603,22.671049100000005,32.73540899000005,0.5883296243122518,2.1653118336886994,0.5991021886419988
Y2020_LAT23.88495_LON90.10794,2020,90.1079408244057,23.884948269171346,8,34.16770250678033,32.72002790000002,2.5978106184217866,31.61429843000002,37.61121452000003,0.688946807662947,3.22053872053872,0.016936587591240847
Y2020_LAT23.88513_LON90.11775,2020,90.11775136173655,23.885132482546023,8,33.227401755352425,32.40803130156329,2.296931199330682,30.54787619000001,40.78484609,0.6537263010396739,3.7143055326424266,0.9541847635538827
Y2020_LAT23.88532_LON90.12756,2020,90.12756199790492,23.88531607182513,8,32.96960053570116,32.53417306250002,1.7007545207784234,31.33743881000001,39.45865433,0.5934010839604539,3.8619993505851675,1.0
Y2020_LAT23.8855_LON90.13737,2020,90.13737273264519,23.885499036955927,8,35.3922469670077,36.7847313908621,2.8778633938032914,30.481224800000007,40.562674790000045,0.6184206857398015,2.824499174113753,1.0
Y2020_LAT23.88568_LON90.14718,2020,90.14718356552991,23.885681377975942,8,36.281643759897705,37.28414536482761,3.3612910491739023,29.965103779999993,42.62032283000002,0.5683398499346253,2.672003162367818,1.0
Y2020_LAT23.88586_LON90.15699,2020,90.15699449619838,23.88586309480321,8,34.21667090274821,33.031542445000014,2.6579734946471274,30.70339610000002,40.044844760000046,0.5595217342349148,3.308306156734846,1.0
Y2020_LAT23.88604_LON90.16681,2020,90.16680552444365,23.886044187363694,8,36.77692000546013,36.8255075932927,1.099252976241695,30.542749160000028,38.510153780000024,0.5753402672165796,2.0546002569423867,1.0
Y2020_LAT23.88622_LON90.17662,2020,90.17661664984978,23.886224655768682,8,36.187768955038365,36.84405660426831,2.1266165698861683,29.44556474000001,38.87929994000001,0.482065690040628,2.323401521889513,1.0
Y2020_LAT23.8864_LON90.18643,2020,90.18642787196937,23.88640449980139,8,34.095724389545175,32.40229445750001,2.970248290729624,29.742932480000007,38.82632063,0.6091928773606304,3.151405418378433,1.0
Y2020_LAT23.88658_LON90.19624,2020,90.19623919080364,23.886583719668685,8,32.09926742689961,30.90410983000004,2.6004739179077174,29.727551390000002,38.337543770000025,0.5897734343503631,3.570405037200174,1.0
Y2020_LAT23.88676_LON90.20605,2020,90.20605060561063,23.886762315116666,8,33.883057712963776,35.530922097500024,3.2857751841783336,28.220204569999993,38.80752152000002,0.6342411828366629,2.8601993421145453,1.0
Y2020_LAT23.88694_LON90.21586,2020,90.21586211628791,23.886940286283938,8,35.50965414204654,36.49866619474062,2.8647950848103907,28.283437940000027,38.851955780000026,0.6035716940674877,2.382897095986337,1.0
Y2020_LAT23.88712_LON90.22567,2020,90.22567372246279,23.887117633117875,8,34.09120796756444,35.65952510000002,3.096487726681477,27.880111580000033,38.33412575,0.6205028102087693,2.6723984583456817,1.0
Y2020_LAT23.88729_LON90.23549,2020,90.2354854238705,23.887294355538742,8,31.003772371234557,29.964143160000017,2.284404327832048,27.880111580000033,37.62317759000001,0.643165964888973,3.6147028927194818,1.0
Y2020_LAT23.88747_LON90.2453,2020,90.24529721996404,23.887470453492192,8,33.208159294044414,34.60335692000002,2.774450490176547,28.056139610000002,37.71888215000001,0.6717575928320544,2.7587035703697396,1.0
Y2020_LAT23.88765_LON90.25511,2020,90.25510911064741,23.887645927057292,8,35.7315114310926,36.215200435783146,1.909611497570637,25.220892020000008,38.359760900000026,0.7223732068361799,2.1671996103511058,1.0
Y2020_LAT23.88782_LON90.26492,2020,90.26492109546471,23.887820776209647,8,32.68996619623025,31.713833529655183,2.9753591946009292,25.12176943999998,39.52701473000002,0.6518064439538112,3.5548049637880554,1.0
Y2020_LAT23.888_LON90.27473,2020,90.27473317411365,23.88799500083301,8,34.36398996903502,35.21808263818183,2.71708624951274,29.26440968000003,39.13906946,0.7107978234387278,2.6735031694266724,1.0
Y2020_LAT23.88817_LON90.28455,2020,90.28454534613876,23.888168600941068,8,35.285968913677365,36.72644999000002,3.465571464399139,24.415948310000033,39.41422007000003,0.6806949535400105,2.23192029433295,0.7424999647057138
Y2020_LAT23.88834_LON90.29436,2020,90.2943576114211,23.888341576523093,8,30.657669322767738,30.316219884500022,4.582398093187874,22.677885140000058,40.29094220000002,0.6031470369588476,2.2926839966882504,0.6437006762384772
Y2020_LAT23.88851_LON90.30417,2020,90.30416996947874,23.888513927549504,8,32.56964442503255,31.717324019324348,3.456804642568751,25.96602038000003,39.183503720000004,0.6178877322756318,2.9704971331068517,0.9183996159981899
Y2020_LAT23.88869_LON90.31398,2020,90.31398242003155,23.888685654084437,8,33.763859856301394,35.95103337714288,5.239322552652803,23.457193700000005,44.855707910000035,0.5597933829207222,1.771663386350337,0.398098343992207
Y2020_LAT23.88886_LON90.32379,2020,90.32379496267446,23.888856755916844,8,32.09905001813238,32.72401559000003,3.695355792836876,24.12883463000003,39.33047858000003,0.4696751143763624,3.0756738167276922,0.9647021868338207
Y2020_LAT23.88903_LON90.33361,2020,90.3336075971591,23.88902723312417,8,29.116611570729926,28.16473942727276,3.007970824812054,24.034839079999983,39.22110193999998,0.49636447107302895,2.522518502675364,0.9570997981166973
Y2020_LAT23.8892_LON90.34342,2020,90.34342032310458,23.8891970857695,8,29.071860249713307,29.09452340468752,1.9181358555781838,24.034839079999983,32.58501611,0.3304061416132871,2.3728755406879225,0.8640993604675758
Y2020_LAT23.88937_LON90.35323,2020,90.35323314018162,23.889366313710504,8,26.95696307122959,26.325254282000024,1.4601603345926637,24.39373118000003,31.205845040000014,0.5324853223027892,2.526459819810813,0.28991403326365595
Y2020_LAT23.88953_LON90.36305,2020,90.36304604804593,23.889534916892327,8,30.712137035779747,29.839491545000016,3.541527903230298,25.328559650000017,39.52017869000002,0.52465138845814,2.1327132772037034,0.8556181611201463
Y2020_LAT23.8897_LON90.37286,2020,90.37285904640676,23.889702895410892,8,36.876634264171486,36.693786879090915,3.5567822935909876,29.185795220000045,46.292985320000014,0.4132666248889241,2.589510597822857,0.888699476232826
Y2020_LAT23.88987_LON90.38267,2020,90.38267213493529,23.88987024918704,8,32.78630364215898,31.914647847021303,2.39333496177402,28.73290757000001,38.16664277000001,0.3331024830969682,2.5526179678422793,0.9497721771322787
Y2020_LAT23.89004_LON90.39249,2020,90.39248531317736,23.890036978215416,8,28.33852164200736,28.408195669999998,1.4304237634224575,25.57978412,31.961227460000032,0.35470338921089106,1.8067489851150198,0.2545432365425111
Y2020_LAT23.89037_LON90.41211,2020,90.41211193769273,23.890368561872727,8,26.114684278263802,26.131794350000007,0.21233814045075292,25.760939180000037,26.490686450000027,0.4620029086461649,2.0,0.0021191837427827404
Y2020_LAT23.89053_LON90.42193,2020,90.42192538342933,23.890533416443915,8,25.03958334393747,24.891419306428592,0.9232114544020043,23.771651540000022,30.891387199999997,0.6033762771026921,2.0026083643504,0.12112660056727587
Y2020_LAT23.8907_LON90.43174,2020,90.4317389174173,23.89069764620837,8,32.421323195920145,30.96068635197185,2.832002815666548,25.306342520000015,38.96133242000002,0.6155544713317284,3.295105696578662,0.8377786312749805
Y2020_LAT23.89086_LON90.44155,2020,90.44155253969976,23.890861251127227,8,32.8292728697541,33.837978403773604,2.6808650909962903,27.994615250000038,39.69962474000005,0.6432281840691936,2.77928002415737,0.9818022673047877
Y2020_LAT23.89102_LON90.45137,2020,90.45136624966206,23.891024231067785,8,28.81999636770652,25.95462698000001,4.197414089497981,23.645184800000038,35.339940230000025,0.653142625399586,2.071028767516146,0.7137986531701297
Y2020_LAT23.89119_LON90.46118,2020,90.46118004702986,23.891186586033598,8,24.108518705714644,24.039966110000023,0.676086987928478,22.520656220000035,26.222371880000026,0.6278427447357722,1.2988561640852951,0.4908112267252764
Y2020_LAT23.89397_LON90.10774,2020,90.10774009725942,23.893969128205097,8,37.04945397093527,37.407476564022154,1.6581949943571304,30.66921590000001,39.45352730000002,0.6841020606389951,2.120797265085935,0.46251092486953665
Y2020_LAT23.89415_LON90.11755,2020,90.11755131324067,23.894153419720762,8,34.178017492065855,32.523623212307704,3.006991515773473,29.660900000000026,39.27749927000002,0.6171157501064887,3.1629990152929595,1.0
Y2020_LAT23.89434_LON90.12736,2020,90.12736262809105,23.894337086837012,8,36.783776880372315,37.59418771666669,2.6092056704568876,29.754895550000015,40.39177379,0.5877281004538459,2.3532980627036033,1.0
Y2020_LAT23.89452_LON90.13717,2020,90.13717404147403,23.894520129493834,8,35.27208811408253,37.221634544782624,3.167921431502696,30.732449270000018,40.090988030000005,0.5659184578712075,2.951399771293041,1.0
Y2020_LAT23.8947_LON90.14699,2020,90.14698555298556,23.894702547736294,8,34.448152485574745,32.660896154000014,3.0333066721451654,30.277852609999997,40.83098936000002,0.5838728572649318,3.2654014887076324,1.0
Y2020_LAT23.89488_LON90.1568,2020,90.15679716250132,23.894884341569774,8,36.40603868259506,37.96822670900002,3.0345783461727773,31.01785394000001,41.694039410000016,0.5804999007643654,2.75390088694222,1.0
Y2020_LAT23.89507_LON90.16661,2020,90.16660886945022,23.895065510912552,8,34.79000839593193,36.969801704375016,4.342790104590148,25.237982120000026,40.36613864,0.5110725618734929,2.2863321431607604,0.9963999830587438
Y2020_LAT23.89525_LON90.17642,2020,90.17642067357016,23.895246055750324,8,34.687721447194676,35.915022095000026,3.130887977550718,25.008974780000017,39.14761451000001,0.5567784530593736,2.385247175690091,0.9990999989411752
Y2020_LAT23.89543_LON90.18623,2020,90.1862325746454,23.8954259761038,8,34.034838888593484,31.899262065161306,3.2492581022891476,29.744641489999992,39.62955533000002,0.5742261077537565,3.2243014403546364,1.0
Y2020_LAT23.89561_LON90.19604,2020,90.19604457221276,23.895605271762815,8,35.478994756465845,36.89855735000002,2.90785716488109,29.956558729999983,38.925443210000026,0.5088549413151642,2.6840032188386767,1.0
Y2020_LAT23.89578_LON90.20586,2020,90.20585666596777,23.895783942944398,8,34.140387876510005,35.78770085000002,3.4307644273447018,27.676739390000023,38.63662052000001,0.5514090126841986,2.9273010909424597,1.0
Y2020_LAT23.89596_LON90.21567,2020,90.21566885557635,23.895961989555126,8,33.528448367737525,32.09265032900002,2.8768564039530116,28.56542459000002,38.829738650000024,0.6106225765263412,3.2441014636487804,1.0
Y2020_LAT23.89614_LON90.22548,2020,90.22548114066961,23.896139411474614,8,31.102493122891296,30.783740411585374,2.262219173668127,27.326392340000012,38.33412575,0.626687127283896,3.790203718605733,1.0
Y2020_LAT23.89632_LON90.23529,2020,90.23529352093622,23.896316208777705,8,33.38687387510786,33.625803200000036,2.9157860890198166,27.936508910000043,38.812648550000006,0.6105185968120918,2.9007987068220085,1.0
Y2020_LAT23.89649_LON90.24511,2020,90.24510599617967,23.8964923814273,8,32.01102563112831,30.718251340769257,3.207926510548388,26.91110291000001,37.82484077000004,0.6654692404870558,3.1958014068251854,1.0
Y2020_LAT23.89667_LON90.25492,2020,90.25491856583866,23.896667929349793,8,33.57318391777271,34.68634644560001,3.1750797576918695,23.088047540000048,39.092926190000014,0.6577729652497503,2.657500741179959,1.0
Y2020_LAT23.89684_LON90.26473,2020,90.26473122968088,23.896842852513508,8,32.81321205734125,33.05428177250002,4.420439276430874,23.088047540000048,40.78655509999999,0.6090507259170156,3.04530005329418,1.0
Y2020_LAT23.89702_LON90.27454,2020,90.27454398737359,23.897017150956458,8,34.82513775096761,35.091165341000035,2.329024703347285,28.309073090000027,40.35588458000004,0.7074917529676739,2.3174003734122035,1.0
Y2020_LAT23.89719_LON90.28436,2020,90.28435683861467,23.897190824658555,8,35.46696517349433,35.84457569750003,2.09454074692005,27.98265218000003,38.933988260000035,0.7000727614813359,2.2283010743579967,1.0
Y2020_LAT23.89736_LON90.29417,2020,90.29416978297067,23.89736387356079,8,35.20166322980101,33.89138335400001,3.528333953277445,30.177021019999984,43.89011726000001,0.6317618900419116,3.0989012928250506,1.0
Y2020_LAT23.89754_LON90.30398,2020,90.30398282021284,23.897536297686035,8,32.14474568763721,31.52707190000001,3.8563062295520347,25.88227889000001,39.11685233,0.6697892971822039,2.6403979351941347,0.8361998072938912
Y2020_LAT23.89771_LON90.3138,2020,90.31379594996622,23.897708096862914,8,29.336775931673113,28.09049071100002,3.329255445784784,24.585140300000035,38.45204744000003,0.5598924361174251,2.1880086664957497,0.7020985981110497
Y2020_LAT23.89788_LON90.32361,2020,90.32360917178374,23.897879271231613,8,33.82134000365327,34.223430850769255,2.9216634519148226,27.218724710000004,40.28410615999999,0.45445112828276035,3.642090932649104,0.9669999611764246
Y2020_LAT23.89805_LON90.33342,2020,90.33342248558723,23.89804982073345,8,32.654050453207546,32.90491170909093,3.0983148625305903,26.000200580000012,39.99015644000002,0.3615182992564392,3.515366789365477,0.9990999989411752
Y2020_LAT23.89822_LON90.34324,2020,90.34323589076368,23.89821974529185,8,30.332662382272456,30.096464503181835,2.053034208511501,24.632992580000007,36.68493110000003,0.2892071296566252,2.0334893859453578,0.7198951479163326
Y2020_LAT23.89839_LON90.35305,2020,90.35304938721862,23.898389044927477,8,26.34200565652566,26.00020058000004,1.3032814903794918,25.81220947999998,29.548105340000006,0.5633301436901091,1.7785778577857783,0.003930920528887489
Y2020_LAT23.89856_LON90.36286,2020,90.36286297439925,23.898557719634137,8,28.098411140530978,28.109118920000014,0.8120382086975684,26.752164980000032,29.949722690000016,0.510656010940789,2.0,0.0076051957620604516
Y2020_LAT23.89873_LON90.37268,2020,90.37267665208984,23.898725769381308,8,30.25367194181806,29.52873656000001,3.3763699977018766,25.608837290000054,38.16664277000001,0.4317437660433647,2.720434961017646,0.17485201793721966
Y2020_LAT23.89889_LON90.38249,2020,90.38249041997798,23.898893194068872,8,37.70097582325851,37.20125318000002,3.724216159404103,28.792722920000017,44.765130380000016,0.34382061941347725,2.6472232308894235,0.32845179967400223
Y2020_LAT23.89972_LON90.43156,2020,90.43156059992621,23.899720941693886,8,25.871408941211378,25.44648133999999,1.411333036756514,24.913270220000015,29.548105340000035,0.5654769913620099,2.172309290847693,0.04117055711617164
Y2020_LAT23.89988_LON90.44137,2020,90.44137490170039,23.89988461582515,8,29.677707153352465,31.14090266000005,3.85841476237024,23.78703263,34.32649730000003,0.6180762965064958,1.8694922708540338,0.22110214327646496
Y2020_LAT23.90005_LON90.45119,2020,90.45118929121746,23.900047664867294,8,26.04542591483494,24.839574032724368,2.2746107342444564,23.496500929999996,34.19661254000005,0.6375072159268639,2.669284848484848,0.1485763682532821
Y2020_LAT23.90021_LON90.461,2020,90.46100376822567,23.900210088743844,8,24.110413609422746,24.02116700000002,0.3554792276069967,23.600750540000035,24.899598139999995,0.5964226350031337,1.9225540876890672,0.03725697899613738
Y2020_LAT23.90262_LON90.08792,2020,90.0879157791817,23.902619362338964,8,37.510982946642734,37.63514066000002,0.4220664829519546,36.58922654000003,38.23500317000003,0.6294433155398893,2.027254707631318,0.014345937568868348
Y2020_LAT23.9028_LON90.09773,2020,90.09772747523351,23.902804981100473,8,35.973522181830894,36.97119614059591,2.647184830031908,29.854018130000014,38.68447280000001,0.6603489838858976,2.418719601616323,0.6815586619495524
Y2020_LAT23.90299_LON90.10754,2020,90.10753927088368,23.902989975253977,8,32.750534250135786,31.77535553240001,2.590108788378622,29.83863704000001,38.716943990000004,0.624762635735498,3.557565455381298,0.9939782721891811
Y2020_LAT23.90317_LON90.11735,2020,90.117351165922,23.90317434474127,8,34.03405240729812,32.27897185769233,2.9767495258714196,30.462425690000003,39.35098670000002,0.644412044892309,3.1598013644721976,1.0
Y2020_LAT23.90336_LON90.12716,2020,90.12716315965166,23.903358089657306,8,34.73998417270379,33.28912823000002,3.311015249493241,30.40090133000001,40.08586100000002,0.6291015290879685,3.0422012261190887,1.0
Y2020_LAT23.90354_LON90.13698,2020,90.1369752521041,23.903541209896854,8,35.31386322444358,36.90968548381681,2.7503336593647005,29.93092358000004,38.716943990000004,0.6289631289292859,2.7068986206993975,1.0
Y2020_LAT23.90372_LON90.14679,2020,90.1467874426553,23.903723705491075,8,32.86793380561623,32.04758394120484,2.1238426420406165,30.76321145,38.60585834,0.5725102159483341,3.7083996569407844,1.0
Y2020_LAT23.90391_LON90.1566,2020,90.15659973118292,23.903905576283538,8,34.62952174710842,36.3477678414286,2.91243830653864,30.394065290000015,39.34927769000004,0.6206925847791103,2.9832988038809574,1.0
Y2020_LAT23.90409_LON90.16641,2020,90.16641211728204,23.904086822344457,8,31.654456063356843,31.652329310759523,1.7674931343546592,26.18135564000005,38.96987747,0.6238403182989081,3.815499131760619,1.0
Y2020_LAT23.90427_LON90.17622,2020,90.17622460057586,23.904267443610873,8,32.66314249426533,31.286061696875016,2.8520898872237774,27.063204799999994,38.769923300000016,0.5982179092946716,3.3402992238814524,1.0
Y2020_LAT23.90445_LON90.18604,2020,90.1860371806879,23.904447440139403,8,33.8172777771707,32.095617791818206,3.1992444691514765,29.595957620000036,39.897869900000046,0.631164049353467,3.2837015102370724,1.0
Y2020_LAT23.90463_LON90.19585,2020,90.19584985746877,23.90462681183442,8,32.913412606655555,31.464142182153864,3.1431768539067084,29.578867520000017,40.79680916000001,0.6356523887534513,3.5378072367399476,1.0
Y2020_LAT23.90481_LON90.20566,2020,90.20566263040952,23.904805558711846,8,34.412661302461544,33.39708069500002,3.1503544977946976,29.91212446999998,39.98844743000001,0.6241939201397921,3.144501346472181,1.0
Y2020_LAT23.90498_LON90.21548,2020,90.21547549931775,23.90498368072012,8,33.71097606545053,32.94167906652175,3.5950920615881805,26.56588289000001,42.65279401999999,0.48686081054508784,3.120571137343943,0.851799825646854
Y2020_LAT23.90516_LON90.22529,2020,90.22528846370547,23.905161177852765,8,32.55335974092732,32.69803863800002,4.171314758334005,24.540706040000003,41.688912380000005,0.5372158160028386,2.9950434700089854,0.9669998447051518
Y2020_LAT23.90534_LON90.2351,2020,90.23510152327206,23.905338050015168,8,37.57040165444006,37.52954825642859,1.9478663114513661,32.38677095,43.98582182000004,0.5836480063193767,2.0,1.0
Y2020_LAT23.90551_LON90.24491,2020,90.24491467776171,23.905514297304098,8,35.018950950226625,35.320135820000026,3.9828840672252435,28.035631490000014,46.89968386999999,0.622102654902822,2.9054010651777245,1.0
Y2020_LAT23.90569_LON90.25473,2020,90.25472792682538,23.90568991954032,8,36.240083020717805,34.67171732000002,5.053116985752459,26.54708378000001,47.04153170000001,0.5620492505187307,3.241801137887717,1.0
Y2020_LAT23.90586_LON90.26454,2020,90.26454127009222,23.90586491690071,8,32.924743301058705,32.96812900689657,1.458506207698807,29.414802560000027,39.24502808,0.6139053800405073,3.990999989411753,1.0
Y2020_LAT23.90604_LON90.27435,2020,90.27435470717882,23.906039289197267,8,33.18626376418171,32.53154851142858,2.1726277122620035,30.207783200000023,40.40715488000001,0.6438461820692516,3.7668997257644006,1.0
Y2020_LAT23.90621_LON90.28417,2020,90.28416823786657,23.906213036451277,8,35.694232584342004,34.90975799857146,3.9326280734368284,28.99609511,44.80956464000002,0.5995853220975825,3.2400964239831826,1.0
Y2020_LAT23.90639_LON90.29398,2020,90.29398186171044,23.9063861586221,8,37.54184574661684,37.42872197391306,3.253105271437556,30.110369630000008,47.21243270000002,0.521916597303931,3.1293989757635017,1.0
Y2020_LAT23.90656_LON90.3038,2020,90.30379557837136,23.906558655724737,8,37.008635989805434,37.22080068000001,2.6206345721023387,30.619654609999998,44.211411140000024,0.51123911967675,3.2541991225872158,1.0
Y2020_LAT23.90673_LON90.31361,2020,90.31360938772924,23.906730527740624,8,37.513815719430355,37.52093164689657,2.4075891406736414,32.15947262000003,42.90401849000003,0.5659652750448573,1.8760343173729461,0.39369714681010326
Y2020_LAT23.9069_LON90.32342,2020,90.32342328917473,23.90690177465683,8,31.10333465085971,30.441689702000016,3.06491613089478,26.463342290000014,42.90401849000003,0.46103066642223606,2.1716667133088907,0.756699713764372
Y2020_LAT23.90707_LON90.33324,2020,90.333237282474,23.90707239642108,8,27.84180827108222,27.086846105000017,2.671363770867238,24.195486020000033,35.30405102000003,0.39252928175600993,2.590755148094914,0.9993999992941167
Y2020_LAT23.90724_LON90.34305,2020,90.34305136728841,23.907242392934382,8,26.792374269369116,26.923267040000013,1.2228148802283645,23.927171450000003,30.209492210000008,0.5113892669510237,2.438255048433932,0.8072441361934845
Y2020_LAT23.90741_LON90.35287,2020,90.35286554337758,23.90741176433192,8,26.976967800588262,26.700894680000033,0.4956561758423119,26.463342290000014,27.755353850000034,0.5344934820303867,2.0,0.0010207974229280306
Y2020_LAT23.91127_LON90.06809,2020,90.06808904464485,23.911266771038225,8,40.37757468002439,39.72208601428573,3.032234576070723,36.695185159999994,51.47983067000001,0.5390928211239052,2.0011989644342583,0.6831248278561378
Y2020_LAT23.91145_LON90.0779,2020,90.07790121976794,23.911453717955496,8,36.67756614655334,37.40364748727274,2.756542657479652,31.30325861,45.08300624000003,0.5718875066054552,2.7629254852849106,0.7179438304483686
Y2020_LAT23.91164_LON90.08771,2020,90.08771349513708,23.911640040153838,8,33.61873944058064,33.034330375454566,2.2429533218618434,29.932632590000026,40.899349760000035,0.5712397501360417,3.8614520679193047,0.6759348206993543
Y2020_LAT23.91183_LON90.09753,2020,90.09752587049503,23.911825737522538,8,36.181979684568084,37.15676777315793,2.994269948724636,30.27614360000001,42.095656760000054,0.6352331641526827,2.652803072014452,1.0
Y2020_LAT23.91201_LON90.10734,2020,90.10733834536826,23.912010810066647,8,38.18952378112755,38.10454874000001,1.335935274162709,30.447044599999998,41.236024730000025,0.6038508637558875,2.0528002484717565,1.0
Y2020_LAT23.9122_LON90.11715,2020,90.11715091963796,23.91219525767759,8,35.326233666037055,36.71527596360468,3.0867346447502046,30.226582310000026,40.63445321000003,0.5682685086617081,2.6570030917792504,1.0
Y2020_LAT23.91238_LON90.12696,2020,90.12696359272061,23.912379080422376,8,37.327538198041765,37.474338355454556,1.7138494666357182,30.94949354000005,41.02239848000002,0.6085325137890873,2.103595781627199,1.0
Y2020_LAT23.91256_LON90.13678,2020,90.13677636446604,23.91256227816318,8,34.80391484586216,33.035974232580664,3.1226055303891904,30.306905780000022,40.27556111000001,0.6220060542595869,3.109500515296536,1.0
Y2020_LAT23.91274_LON90.14659,2020,90.14658923438279,23.912744850967222,8,35.01618037569673,32.806389872000025,3.8287974480276183,30.70681412000002,52.431749240000016,0.5373512192818609,3.140100659297214,1.0
Y2020_LAT23.91293_LON90.1564,2020,90.15640220232353,23.912926798802285,8,33.938743872301735,32.90891065739132,3.0518875779688246,30.568384310000027,44.307115700000026,0.5672032216794239,3.6564030889556993,1.0
Y2020_LAT23.91311_LON90.16622,2020,90.16621526782451,23.91310812164641,8,35.05782601286144,36.31134151400001,3.819478880684868,29.68824416000004,46.20069878000004,0.5407473637436242,2.9795999039995533,1.0
Y2020_LAT23.91329_LON90.17603,2020,90.17602843061668,23.91328881945634,8,33.34907529703639,31.691193767514818,3.9620247623876352,29.794202780000035,49.26837173000004,0.5744227567139626,3.566102664012524,1.0
Y2020_LAT23.91347_LON90.18584,2020,90.18584169027079,23.91346889219602,8,34.34840514196763,32.477775732500014,3.4222600527638685,29.771985650000005,42.30928301,0.6020920124401032,3.305401437183222,1.0
Y2020_LAT23.91365_LON90.19566,2020,90.19565504647575,23.913648339915518,8,36.10784774767333,37.526779518695676,3.3294230158326665,28.604731820000012,40.84124342000001,0.651525038526492,2.520897745401148,1.0
Y2020_LAT23.91383_LON90.20547,2020,90.20546849904862,23.91382716245591,8,33.639147757750415,32.52853332950002,3.3594539819365377,28.529535380000027,41.796580010000014,0.6018663558156975,3.217801024945989,1.0
Y2020_LAT23.91401_LON90.21528,2020,90.21528204750622,23.914005359878427,8,36.54494172884106,36.275409578750015,3.098344234479252,29.10547175000002,44.095198460000006,0.5146621441868577,2.7759840489282466,0.9717998672934932
Y2020_LAT23.91418_LON90.2251,2020,90.2250956914889,23.914182932130917,8,31.489479953575866,31.694337065000017,3.9725576500224467,24.183522949999997,47.16458041999999,0.5120259413352785,3.2345413031185775,0.986199935058518
Y2020_LAT23.91436_LON90.23491,2020,90.23490943068923,23.91435987920369,8,35.28955450366442,35.19172550000002,3.82217145051014,24.516779900000017,42.876674330000014,0.4739949962285127,3.018204791551949,1.0
Y2020_LAT23.91454_LON90.24472,2020,90.24472326485738,23.914536201057746,8,35.74725593284252,37.56094952000002,5.404954100900261,25.320014600000007,50.90047628000002,0.5595473293797697,2.4120727774880417,0.9609998164697241
Y2020_LAT23.91471_LON90.25454,2020,90.25453719364454,23.914711897814605,8,35.79558180775841,34.64547899000001,3.5326208328266535,30.24025439000002,43.49191793000003,0.559721892396336,3.2271010687109056,1.0
Y2020_LAT23.91489_LON90.26435,2020,90.26435121660649,23.91488696920912,8,35.63203907139633,34.77669196454547,2.7536895216632122,30.59914649000001,42.71090036000004,0.6116502477727844,3.4215972781048283,1.0
Y2020_LAT23.91506_LON90.27417,2020,90.27416533338909,23.915061415381363,8,38.339707199854935,38.53730805000004,1.6784325610100272,30.383811229999992,42.57759758,0.654543175357723,2.030395437154998,1.0
Y2020_LAT23.91524_LON90.28398,2020,90.2839795439219,23.915235236192398,8,36.72399136192453,37.65315956978264,2.610150373281243,30.383811229999992,41.024107490000006,0.5897078667036044,2.833959933497797,0.9828999195290319
Y2020_LAT23.91541_LON90.29379,2020,90.2937938475782,23.91540843172261,8,35.62544376769908,35.780536154230795,2.0763746204894478,31.32547574,40.79339114000004,0.525934705884117,3.284701339771013,1.0
Y2020_LAT23.91558_LON90.30361,2020,90.3036082440733,23.915581001930963,8,36.89250355369588,36.97489313000003,2.7403865971594845,32.59527016999999,46.13233838000002,0.4774907836786907,3.803703782135433,1.0
Y2020_LAT23.91575_LON90.31342,2020,90.31342273328266,23.91575294669763,8,38.34216914154222,38.935817906000025,4.030187103006115,26.564173880000027,46.56129988999999,0.39189163426709783,3.1917209015914794,0.9972999872940579
Y2020_LAT23.91592_LON90.32324,2020,90.32323731461811,23.915924266097917,8,32.88375288805664,33.31858352000001,3.2739581221014933,26.054888900000037,44.2558454,0.5337333585730092,3.4439067948554962,1.0
Y2020_LAT23.91609_LON90.33305,2020,90.33305198782428,23.916094960058114,8,28.52426662432902,27.909962288000013,2.3573288385035447,24.245047310000018,35.040863479999985,0.4827524589462883,3.0273607450294606,0.9467021021275389
Y2020_LAT23.91627_LON90.34287,2020,90.34286675264342,23.91626502868802,8,27.24802446781092,27.09752741750002,1.7256318290682735,23.699873120000007,32.91485504000002,0.5668572914722263,1.9724684466805589,0.32689918540793134
Y2020_LAT23.91643_LON90.35268,2020,90.35268160867729,23.916434471708154,8,28.869216303568933,27.73655474000003,2.370857921241433,26.81198033000004,33.482246360000005,0.5796136294010154,1.942735398046144,0.03436698597746956
Y2020_LAT23.92029_LON90.06789,2020,90.06788530164413,23.92028727869885,8,37.02792656060551,37.594986486991175,1.9259664279258175,30.848661950000036,40.111496149999994,0.5955433932985851,2.2553863805215686,0.38373788334812914
Y2020_LAT23.92047_LON90.0777,2020,90.077698156294,23.920474304845623,8,37.974307167400475,38.09076984687502,1.2051265132949693,31.482704660000024,40.608818059999976,0.5905485074204424,2.115275261274817,1.0
Y2020_LAT23.92066_LON90.08751,2020,90.08751111119,23.92066070591179,8,33.991977500707364,33.28878642800001,2.555173579485704,29.92237853000003,45.317140610000024,0.5200996731271852,3.4746993819992698,1.0
Y2020_LAT23.92085_LON90.09732,2020,90.09732416609907,23.920846481884332,8,37.73234387675935,37.59029949285716,1.5045639821345627,30.255635479999995,42.786096800000024,0.6086985688150538,2.0636000748236176,1.0
Y2020_LAT23.92103_LON90.10714,2020,90.10713732055757,23.921031632657122,8,37.63773198776068,38.19213247234043,4.2012997087637896,31.310094649999996,56.04288737000002,0.529076906137586,2.7086033346039287,1.0
Y2020_LAT23.92122_LON90.11695,2020,90.11695057441325,23.921216158393985,8,35.06746929252516,32.566383732682944,4.255235660319925,30.611109560000017,54.58510184000002,0.5937523177822378,3.231801449178176,1.0
Y2020_LAT23.9214_LON90.12676,2020,90.12676392713566,23.92140005884229,8,33.85164993339968,33.20310806000002,1.7898656647856606,31.369910000000033,39.28091729000002,0.5966567133035419,3.8160997836468056,1.0
Y2020_LAT23.92158_LON90.13658,2020,90.13657737857478,23.9215833342621,8,32.84895753203889,32.3424364862044,1.9404127829953306,30.236836369999992,40.03971773000001,0.6224345342582823,3.810903816017958,1.0
Y2020_LAT23.92177_LON90.14639,2020,90.14639092827193,23.921765984405067,8,35.86080888536549,33.286849550000035,4.794639526007066,30.25905350000002,52.431749240000016,0.5366621738196311,3.0797012702367885,1.0
Y2020_LAT23.92195_LON90.1562,2020,90.15620457582648,23.92194800928787,8,34.03660987541145,33.312727647500026,3.629284593446387,28.804685990000024,49.593083630000024,0.4757604236221149,3.7760020894142228,1.0
Y2020_LAT23.92213_LON90.16602,2020,90.16601832120915,23.92212940888181,8,34.424705213543696,32.55966579500002,3.826424140648324,29.997574970000016,49.493961050000024,0.5315940439620197,3.3161061934409095,1.0
Y2020_LAT23.92231_LON90.17583,2020,90.17583216369981,23.922310183155794,8,35.30942577631752,37.28674058341774,3.5740667304103795,29.36011424000003,40.96258313000001,0.5746780689371922,2.8877010443541695,1.0
Y2020_LAT23.92249_LON90.18565,2020,90.18564610319386,23.922490332086976,8,33.52561399142391,31.218754421322327,3.5802568139987243,29.50196207000002,39.932050100000026,0.5936907407954892,3.302799179763743,1.0
Y2020_LAT23.92267_LON90.19546,2020,90.19546013933515,23.9226698557382,8,34.146368060989836,33.65143835000002,3.779330959480868,28.604731820000012,42.07514864000001,0.64818371577281,3.082595682803215,1.0
Y2020_LAT23.92285_LON90.20527,2020,90.20527427173054,23.9228487540319,8,36.100027314771694,36.769527095000015,2.880020785949433,28.529535380000027,42.36909836000001,0.5949054456776316,3.202899062234187,1.0
Y2020_LAT23.92303_LON90.21509,2020,90.21508850007542,23.923027026920437,8,33.49979228969406,33.40089748400002,1.9256592265887544,29.53272425,38.33925278000001,0.5861970252527287,4.0,1.0
Y2020_LAT23.9232_LON90.2249,2020,90.22490282402647,23.92320467436388,8,30.366146188181983,30.967628035000025,2.6867668384218946,24.486017720000007,36.16026503000003,0.5851487603213213,3.437702059774398,1.0
Y2020_LAT23.92338_LON90.23472,2020,90.23471724324217,23.923381696428333,8,33.378973963067686,33.22086836000001,2.522259368999036,24.516779900000017,39.02969282000001,0.5627099059339578,3.606201889649283,1.0
Y2020_LAT23.92356_LON90.24453,2020,90.24453175737668,23.923558092970506,8,34.96843598748389,36.07925795600001,4.045544494183697,24.528742970000025,41.357364440000026,0.6159196463764683,2.569441894424921,0.8265997959997603
Y2020_LAT23.92373_LON90.25435,2020,90.25434636615259,23.92373386398265,8,36.52702224214532,36.342844265000025,2.456955427750418,29.777112680000016,41.007017390000016,0.5147509753566072,2.9450997416458446,1.0
Y2020_LAT23.92391_LON90.26416,2020,90.26416106922473,23.92390900955616,8,33.44715875213866,32.787393966909114,3.0540477748338306,27.387916700000005,42.62544986000003,0.4315934827498594,2.7124279665686672,0.9927999915294018
Y2020_LAT23.92408_LON90.27398,2020,90.27397586614127,23.92408352950021,8,36.59061536961577,36.804717164545465,3.0025413165054258,26.403526940000006,43.261201580000034,0.5549873008673557,2.9312010955307013,1.0
Y2020_LAT23.92426_LON90.28379,2020,90.28379075666041,23.9242574239903,8,31.173843248369074,29.959122245000017,3.875290193288457,25.590038180000022,40.008955550000024,0.5429863548795618,2.418598735676282,0.8463992771730688
Y2020_LAT23.92443_LON90.29361,2020,90.29360574054748,23.924430692810738,8,33.50257049862202,34.40564582562502,3.276880501114325,24.12370759999999,39.67740760999999,0.5805085196086104,2.7390526046602583,0.9384999276469738
Y2020_LAT23.9246_LON90.30342,2020,90.30342081726704,23.924603336033616,8,39.774909123747484,38.96423773700001,3.641227797775906,32.47905749,48.36772346000001,0.4101314619449657,3.1391013401192245,1.0
Y2020_LAT23.92478_LON90.31324,2020,90.31323598660447,23.924775353675173,8,36.42475423253368,37.695587600652196,4.907143943101163,26.564173880000027,48.26860088000004,0.4600441484014913,3.182605565202659,1.0
Y2020_LAT23.92495_LON90.32305,2020,90.32305124818397,23.924946745615596,8,30.639915160509577,29.668279815909116,2.6561528775189447,26.32833050000005,36.941282599999994,0.584905046061894,2.8385009864717494,1.0
Y2020_LAT23.92512_LON90.33287,2020,90.33286660165298,23.925117511913353,8,29.37735707124811,28.848068551538486,1.905253168976983,25.911332060000007,35.48862410000004,0.396050512561939,2.3627118644067777,0.9735011452954652
Y2020_LAT23.92529_LON90.34268,2020,90.34268204675328,23.925287652394083,8,29.599629394485735,30.10182458000002,1.952096638723951,26.080524050000008,35.11605992,0.4900290834003613,3.105027738759064,0.9950023294227267
Y2020_LAT23.92546_LON90.3525,2020,90.35249758312685,23.925457167268462,8,28.441097113192868,28.031358964999995,1.9690498512604793,25.829299579999997,34.81014713000002,0.41395786956368325,2.9696478561956674,0.14579134102113364
Y2020_LAT23.92931_LON90.06768,2020,90.06768145807496,23.92930777409205,8,33.082989390813836,31.67582279000002,2.743544241041831,30.390647269999988,38.359760900000026,0.6548207829360171,3.488988961833622,0.5976135663564737
Y2020_LAT23.92949_LON90.07749,2020,90.0774949924864,23.92949487938198,8,36.8798288983363,37.65756151304638,2.340335260804975,30.788846600000056,39.955976239999984,0.6219952416031262,2.3383662202807023,1.0
Y2020_LAT23.92968_LON90.08731,2020,90.08730862722784,23.929681359316312,8,36.651322425786105,37.436583606994894,2.4922550667708165,30.428245490000023,47.118437150000034,0.6006864473464745,2.3042003578827734,1.0
Y2020_LAT23.92987_LON90.09712,2020,90.09712236206408,23.929867213915298,8,36.58348541171957,37.4031386327523,2.229619824761633,30.21461924000002,39.66202652000001,0.6059603888177546,2.3987004690593787,1.0
Y2020_LAT23.93005_LON90.10694,2020,90.10693619646736,23.930052443185215,8,35.72401749353892,37.47244290800002,3.1752690174676537,30.156512900000052,40.00382852000001,0.6020656926190475,2.714698657405449,1.0
Y2020_LAT23.93024_LON90.11675,2020,90.11675013023752,23.930237046970703,8,32.27948032603902,31.590775287991285,2.0515424404527494,30.303487759999996,38.64516557000002,0.6006929262905779,3.777099737764399,1.0
Y2020_LAT23.93042_LON90.12656,2020,90.12656416296012,23.930421025382827,8,36.943691052319224,37.66055094026317,2.1420226818333155,30.840116900000027,39.65519047999999,0.6030426340317581,2.2583003038827103,1.0
Y2020_LAT23.9306_LON90.13638,2020,90.13637829441423,23.930604378231934,8,36.38342320950584,37.7210818658416,2.6791587398455836,30.59914649000001,39.715005829999996,0.615086374698096,2.545797862578181,1.0
Y2020_LAT23.93079_LON90.14619,2020,90.14619252409949,23.930787105600274,8,32.77495182841707,32.27627461379313,2.006971757214183,29.667736040000023,38.64687458000003,0.563596067094222,3.7551997119996625,1.0
Y2020_LAT23.93097_LON90.15601,2020,90.15600685182127,23.93096920750875,8,37.22169113021413,37.21358486000002,2.0741030465224446,30.35817608000002,41.87177645000003,0.5690719398814171,2.166401372236911,1.0
Y2020_LAT23.93115_LON90.16582,2020,90.16582127721317,23.93115068394927,8,31.47475227946446,31.716228669285734,3.4199504800712894,22.383935420000057,37.70350106000001,0.5725467525299023,3.0468777547292314,0.9408997218810453
Y2020_LAT23.93133_LON90.17564,2020,90.17563579985985,23.931331534791155,8,34.391942853348034,35.1995572657143,3.2781134284922224,23.72038124000005,39.585121070000014,0.6021865305509471,2.8973010556483025,1.0
Y2020_LAT23.93151_LON90.18545,2020,90.18545041956013,23.93151176005887,8,35.413481777373335,36.41135457815791,2.879162845361304,28.485101119999996,39.43131017000002,0.6391617763256113,2.442500520588847,1.0
Y2020_LAT23.93169_LON90.19527,2020,90.19526513579697,23.931691359646724,8,34.08936613670351,35.83576675625001,3.544689866014363,29.358405230000017,40.79510015000005,0.6470845335674276,2.9903046602572325,1.0
Y2020_LAT23.93187_LON90.20508,2020,90.20507994855271,23.931870333590116,8,35.72576548869638,37.396828710000015,3.3406073721456573,29.41651157000004,41.08734086000001,0.6241646357279879,2.8280009741187966,1.0
Y2020_LAT23.93205_LON90.21489,2020,90.21489485704817,23.932048681917674,8,32.72916087023767,32.035284560000015,2.8115888316076347,28.227040610000017,40.67205143000001,0.5643948899022778,3.5553994769405612,1.0
Y2020_LAT23.93223_LON90.22471,2020,90.22470986128958,23.932226404551212,8,31.66898463282834,31.404517452500023,1.3995186862095392,28.93627975999999,37.57019828,0.5844946182025611,4.0,1.0
Y2020_LAT23.9324_LON90.23452,2020,90.23452496079805,23.93240350148894,8,34.088263551038764,33.52952897000002,2.6153056002458315,29.59766663000002,44.81810969000003,0.6097984458628127,3.1905990477635915,1.0
Y2020_LAT23.93258_LON90.24434,2020,90.2443401553406,23.9325799727201,8,33.78136532661802,32.26789981000003,2.92665417411406,29.148196999999982,42.06147656000002,0.6178101944866056,3.1794990347047576,1.0
Y2020_LAT23.93276_LON90.25416,2020,90.25415544444176,23.9327558182226,8,35.18168779920061,36.27948705369567,2.4034739451739715,30.660670850000002,39.90641495000003,0.6013909457243031,3.1836961585701675,1.0
Y2020_LAT23.93293_LON90.26397,2020,90.26397082788185,23.93293103780714,8,35.61906367164862,36.22746019590911,2.4569164634821514,27.285376100000036,40.056807830000025,0.4528852312826487,3.829899799882117,1.0
Y2020_LAT23.93311_LON90.27379,2020,90.2737863052287,23.933105631695824,8,34.76390330977581,34.657068662857164,3.8346329807706683,27.570780770000027,41.98628012000006,0.44422633971591324,3.162999015292972,1.0
Y2020_LAT23.93328_LON90.2836,2020,90.28360187622492,23.933279599675004,8,39.884882010293836,39.40863292192311,3.01739228190626,32.978088410000026,48.16947830000004,0.37755010229021185,3.499297643753631,1.0
Y2020_LAT23.93345_LON90.29342,2020,90.29341754059122,23.933452941948936,8,38.839613586796766,38.03194170909093,3.009371313954339,32.58330710000001,46.067396,0.4223120765716223,3.4836993925875204,1.0
Y2020_LAT23.93363_LON90.30323,2020,90.303233297789,23.933625658220567,8,38.32344037357009,38.22440730800001,3.391025588692727,30.74099432,45.563238049999995,0.45032793323443343,3.5250994412934746,1.0
Y2020_LAT23.9338_LON90.31305,2020,90.31304914771525,23.933797748639137,8,35.64756723546802,34.693779085454565,3.818028656723529,27.23068778000004,46.18873571,0.5219078884337596,3.699998588228656,1.0
Y2020_LAT23.93397_LON90.32287,2020,90.32286508980216,23.933969213126904,8,30.702268471262396,31.04086453892859,4.061261891988026,24.477472669999997,37.607796500000006,0.6182312183298859,2.6575354413405434,0.9711999661176072
Y2020_LAT23.93414_LON90.33268,2020,90.33268112394374,23.93414005168791,8,27.732388264701733,27.779242837608724,0.9710918005010459,24.69109892,34.72982366000002,0.5647567813870995,1.9824582092632446,0.8379998094115435
Y2020_LAT23.93431_LON90.3425,2020,90.34249724966791,23.934310264303605,8,30.815863365905987,30.524590928750015,2.8311088259189945,27.03586064000001,36.93102854000006,0.47933986793066563,2.64165707710012,1.0
Y2020_LAT23.93448_LON90.35231,2020,90.35231346652779,23.93447985089774,8,31.28488508537423,31.779828255714282,1.9253837203588202,25.815627500000005,34.93661387,0.2926221622592933,2.771230654566179,0.08165347481017705
Y2020_LAT23.93833_LON90.06748,2020,90.06747751374465,23.938328257252962,8,36.21883701074963,37.08947504761879,2.311690682010302,30.252217460000026,40.121750210000016,0.674603188584274,2.436996883198425,0.6414688611363824
Y2020_LAT23.93852_LON90.07729,2020,90.07729172843332,23.938515441761226,8,34.39647450747141,32.347551361538486,2.8759476441539444,30.118914680000017,38.64687458,0.5867196755017547,3.062400293648445,1.0
Y2020_LAT23.9387_LON90.08711,2020,90.08710604329207,23.938702000645563,8,37.46327987546744,37.51569985000002,0.7336124898675347,34.26668195000002,39.70987880000001,0.5295188381603985,2.0,1.0
Y2020_LAT23.93889_LON90.09692,2020,90.09692045837127,23.938887933835517,8,34.93383158058454,36.09681803375001,3.000065977311282,30.248799440000028,39.38174888,0.5684973495803691,2.8880994734092895,1.0
Y2020_LAT23.93907_LON90.10673,2020,90.10673497303367,23.939073241416285,8,34.426217398951714,32.52468062652176,3.1128034592997875,30.436790540000004,41.01898046000002,0.6481314135636935,3.1503007072974523,1.0
Y2020_LAT23.93926_LON90.11655,2020,90.11654958707904,23.939257923351963,8,34.95026545987907,33.21867904000002,3.1628129937703497,30.50515094000002,39.841472570000036,0.5922354555908127,3.0189000889416016,1.0
Y2020_LAT23.93944_LON90.12636,2020,90.12636430010852,23.939441979547208,8,37.08252334456851,37.52811865600002,1.683371662383832,30.927276410000047,39.412511059999986,0.5779789168667289,2.2091009840046327,1.0
Y2020_LAT23.93963_LON90.13618,2020,90.1361791119022,23.939625410110324,8,36.95307339494958,37.9104915446094,2.4153189234915944,30.94436651000001,39.918378020000034,0.5859513097276331,2.3651970126918274,1.0
Y2020_LAT23.93981_LON90.14599,2020,90.14599402201988,23.93980821480279,8,32.273103478400955,31.655452095984366,1.9281921673678304,29.667736040000023,38.04188504000001,0.6426870250338432,3.786998997642345,1.0
Y2020_LAT23.93999_LON90.15581,2020,90.15580903010611,23.9399903938047,8,36.92017238892249,37.408303019652195,1.7270350485964565,30.81960878000001,40.29948725,0.6300105012858304,2.1912985472872863,1.0
Y2020_LAT23.94017_LON90.16562,2020,90.1656241359553,23.94017194692044,8,36.544007833067965,37.029442506097574,2.405322262824882,24.048511160000004,39.31509749,0.63641970660606,1.8592042762012795,0.6285982522270693
Y2020_LAT23.94035_LON90.17544,2020,90.17543933906119,23.940352874256657,8,34.57398302730539,35.716302210000016,3.4118863873175127,23.80583174000003,39.42960116000003,0.6168364610985971,2.6590671923559994,0.9300996710572751
Y2020_LAT23.94053_LON90.18525,2020,90.18525463917793,23.940533175734274,8,36.30770829163328,36.71454113842698,2.0798113380256527,30.223164290000057,39.78165722,0.5769560561319316,2.226596360453458,1.0
Y2020_LAT23.94071_LON90.19507,2020,90.19507003610771,23.940712851366772,8,33.96721044095958,32.40490131695653,3.1635991013707647,29.53785128000004,40.65154331000002,0.5899137362396866,3.170700803297898,1.0
Y2020_LAT23.94089_LON90.20489,2020,90.20488552924164,23.9408919011051,8,32.81469666236609,31.650635904918058,3.216156859430168,29.05761947000002,41.08734086000001,0.5890575749121302,3.6414030183671446,1.0
Y2020_LAT23.94107_LON90.2147,2020,90.21470111838693,23.941070324893516,8,31.022602888965043,30.527014481724155,2.0362970064629407,28.791013910000004,37.84876691000002,0.5808787461346935,3.8601993421145506,1.0
Y2020_LAT23.94125_LON90.22452,2020,90.22451680325467,23.94124812277844,8,36.00147573631509,36.53288433935486,2.111071828321477,29.717297330000036,39.74405899999999,0.532327027454997,2.0083929806728515,1.0
Y2020_LAT23.94143_LON90.23433,2020,90.23433258346124,23.941425294618774,8,33.94231679568658,33.96296645857145,2.5781462403070763,28.941406790000002,40.84807946000001,0.48839679021125554,2.57549800234354,1.0
Y2020_LAT23.9416_LON90.24415,2020,90.24414845858257,23.94160184052209,8,32.931483451791834,32.71717955000002,2.1320440818549082,28.66967420000003,37.22156024000003,0.455335659109922,2.8289991952903346,1.0
Y2020_LAT23.94178_LON90.25396,2020,90.25396442841975,23.941777760279727,8,33.46818914172581,33.14281492225808,1.6878465450085232,30.744412339999997,38.120499499999994,0.5627183009739576,3.307999096466342,1.0
Y2020_LAT23.94195_LON90.26378,2020,90.26378049259982,23.94195305417155,8,34.08400937848761,33.77957340928574,1.824060021362927,30.399192320000026,43.33981604000002,0.5284569667850506,3.9927999661174876,1.0
Y2020_LAT23.94213_LON90.2736,2020,90.27359665073752,23.942127721924884,8,39.23947340543119,38.80670675941862,3.5938194789725304,32.079149150000035,48.09599087000004,0.3798092349619233,3.67179845552214,1.0
Y2020_LAT23.9423_LON90.28341,2020,90.2834129024596,23.942301763599044,8,41.723895880808904,39.811029018983064,4.429125658475043,35.37241142000005,53.80237526000002,0.34231530985841996,3.703598605169909,1.0
Y2020_LAT23.94248_LON90.29323,2020,90.29322924770673,23.942475179096554,8,38.40934327727208,38.39610862487807,1.8846513582521407,33.965896190000024,45.28125140000003,0.39647144070320245,3.9054995552920246,1.0
Y2020_LAT23.94265_LON90.30305,2020,90.30304568573182,23.942647968534864,8,38.47829093608358,37.84598976875002,3.472901679356395,31.528847930000012,46.176772640000024,0.5175324874596082,3.1470959863340515,1.0
Y2020_LAT23.94282_LON90.31286,2020,90.31286221645671,23.942820131722108,8,31.40832932866133,30.31203281000002,3.6619439366341626,25.942094240000017,42.00337022000002,0.5835694930438412,2.653792720200052,0.5207989214066905
Y2020_LAT23.94299_LON90.32268,2020,90.32267883952481,23.942991668730105,8,35.99708773620884,36.283466038019824,1.4477562708817513,26.089069100000017,37.98036068000002,0.6533876486297042,1.9692437382007622,0.6992009374161763
Y2020_LAT23.94316_LON90.3325,2020,90.33249555454867,23.943162579535592,8,32.27232896194475,31.538461111250022,3.4546112265515885,26.15572049000002,36.95495468000004,0.5954181755081481,2.6460311489549233,0.9288996654101901
Y2020_LAT23.94333_LON90.34231,2020,90.34231236127957,23.94333286412143,8,30.808624805183253,30.59665043592107,2.451238506765708,25.81904552000003,36.32774801000002,0.42305918263396824,2.6038211796453106,0.9732097298493142
Y2020_LAT23.9435_LON90.35213,2020,90.35212925913545,23.943502522483644,8,30.608758921684224,30.01637407999999,0.8959548021944407,29.756604560000028,32.37822590000002,0.011797561862489632,2.0,0.004026262533508043
Y2020_LAT23.94716_LON90.05746,2020,90.05745867441148,23.94716083880053,8,,,,,,,,0.0
Y2020_LAT23.94735_LON90.06727,2020,90.067273468832,23.94734872830013,8,36.800308508357396,37.90836065385937,2.8351142984107067,30.438499550000017,41.08563185000003,0.647929497102295,2.4436654225722996,0.786107711138311
Y2020_LAT23.94754_LON90.07709,2020,90.07708836392115,23.94753599191719,8,38.00098750638267,38.21949778836366,1.3988392549803685,30.118914680000017,39.97306634000003,0.5994435565108666,2.046895514802422,1.0
Y2020_LAT23.94772_LON90.0869,2020,90.08690335938364,23.947722629629236,8,36.6851291483542,37.469599736818196,2.2631023405738637,30.71535917,39.34244165000001,0.6348819696283646,2.372900438706398,1.0
Y2020_LAT23.94791_LON90.09672,2020,90.09671845494364,23.947908641565324,8,35.988721588258024,37.532681441428586,3.0439662820914886,30.645289760000026,40.108078130000024,0.6302216773175638,2.751698531410037,1.0
Y2020_LAT23.94809_LON90.10653,2020,90.10653365022651,23.948094027544432,8,36.78889708136569,38.15425772222224,2.928990790250888,31.168246820000036,40.25847101000002,0.5905722481892346,2.5427978484604647,1.0
Y2020_LAT23.94828_LON90.11635,2020,90.11634894491192,23.948278787560028,8,37.41835652977642,38.034458614727285,2.168217154869562,29.997574970000016,40.61223608,0.6311675301968341,2.2187002572944197,1.0
Y2020_LAT23.94846_LON90.12616,2020,90.12616433862213,23.948462921613686,8,35.50208287117389,36.777730343000016,2.808802155512132,29.233647500000018,39.267245210000056,0.6339665414839053,2.7188008456480524,1.0
Y2020_LAT23.94865_LON90.13598,2020,90.13597983105984,23.948646429658158,8,36.059060884119866,37.59456545483874,2.8864153330731837,30.804227690000033,39.57999404000003,0.6277208739079411,2.6414983129332383,1.0
Y2020_LAT23.94883_LON90.1458,2020,90.14579542184372,23.948829311813448,8,35.87455591056861,36.83794446200002,2.586083359552528,30.826444820000006,39.65177246000002,0.5295111497819983,2.5779983270568554,1.0
Y2020_LAT23.94901_LON90.15561,2020,90.15561111075377,23.949011567798742,8,37.60283590565325,37.58886840811322,0.990087796057512,31.26566039000005,41.69062139000002,0.5109863203333943,2.006797655056065,1.0
Y2020_LAT23.94919_LON90.16543,2020,90.1654268972933,23.949193197765204,8,35.50048840484202,37.15870665000003,2.972417022646633,29.578867520000017,39.550940870000034,0.6400897901910537,2.775694238561123,1.0
Y2020_LAT23.94937_LON90.17524,2020,90.17524278123004,23.949374201629876,8,32.21364738591204,31.95412157631581,1.175357255985332,29.941177640000035,37.69666502000001,0.6169650524721718,3.955599947764642,1.0
Y2020_LAT23.94955_LON90.18506,2020,90.18505876224124,23.94955457943429,8,33.36417766279748,32.09054949719515,3.1116341736879813,30.15480389000004,40.84124342000001,0.5347187812547993,3.6438995810583314,1.0
Y2020_LAT23.94973_LON90.19487,2020,90.19487484000675,23.94973433102749,8,33.42253216376201,32.15313374654547,2.9800068755900155,30.371848160000013,40.907894810000016,0.5052906765103548,3.6021981279911928,1.0
Y2020_LAT23.94991_LON90.20469,2020,90.2046910139725,23.94991345649013,8,34.173592841874985,32.719344296000024,2.7604190120005123,30.009538040000024,38.363178920000024,0.5543051147414927,3.0564988899986916,1.0
Y2020_LAT23.95009_LON90.21451,2020,90.21450728412792,23.950091955740824,8,31.119426839092146,31.054170402500016,0.6668437244462645,29.65748198,33.08746505000005,0.5789035780922366,4.0,1.0
Y2020_LAT23.95027_LON90.22432,2020,90.22432364986126,23.950269828777618,8,33.282887724480084,31.838552585937524,2.5275166654423704,29.464363849999984,37.60266947000002,0.5802681052852547,3.201000945886803,1.0
Y2020_LAT23.95045_LON90.23414,2020,90.23414011106804,23.95044707559433,8,32.2778791345908,31.7868341352174,2.446238125408916,28.027086440000033,37.91712731000001,0.46666744515416675,3.048801233883806,1.0
Y2020_LAT23.95062_LON90.24396,2020,90.24395666719467,23.95062369614407,8,34.34192859876229,34.89379867210528,2.480468172419346,29.32080701000004,39.34244165000004,0.5008493389096099,2.514500605294829,1.0
Y2020_LAT23.9508_LON90.25377,2020,90.25377331809902,23.950799690482313,8,32.77672770809805,32.08636497000001,2.3556374092297645,29.028566300000023,40.00724653999998,0.6464114388529322,3.529802493188207,1.0
Y2020_LAT23.95098_LON90.26359,2020,90.26359006331022,23.95097505840862,8,38.393223845754534,37.43768427384618,4.851938688885488,30.529077080000036,54.27406202000003,0.5475644701297239,2.6640984283510925,1.0
Y2020_LAT23.95115_LON90.27341,2020,90.27340690258569,23.951149800035324,8,37.246737491396175,37.407034434363645,2.6477176118513706,30.45217163000001,44.267808470000034,0.46469897064646415,3.900099882470449,1.0
Y2020_LAT23.95132_LON90.28322,2020,90.28322383542117,23.951323915316387,8,37.97745648130101,37.82917581975612,3.6255953734857074,30.18043904000004,47.35769855000004,0.4722696442517608,3.6714984541103735,1.0
Y2020_LAT23.9515_LON90.29304,2020,90.29304086174535,23.951497404204595,8,37.64905555642645,37.72934983625002,3.011598920020088,31.949264390000025,46.95266318000003,0.5066500404015475,3.631899566940668,1.0
Y2020_LAT23.95167_LON90.30286,2020,90.30285798102922,23.951670266684594,8,33.476047590929795,33.01283828000003,1.692722308120357,31.004181860000017,38.07093821000001,0.6033160595859622,4.0,0.43050905376273707
Y2020_LAT23.95184_LON90.31268,2020,90.31267519299199,23.951842502758858,8,38.2828211810203,39.360462091572344,2.8342606271907846,27.24435986000003,42.06318557,0.576852004419674,2.22943722943723,0.20669217361426773
Y2020_LAT23.95201_LON90.32249,2020,90.32249249722054,23.952014112410495,8,31.738555976574936,31.533985750907675,4.150849149571524,23.669110940000053,39.22110193999998,0.5794290119563417,2.8254583184043947,0.48192355010683996
Y2020_LAT23.95219_LON90.33231,2020,90.33230989353223,23.952185095488655,8,33.20014472281617,34.57800660500002,2.438782180942637,29.209721360000003,36.76867259000002,0.5858277824507396,2.9467083623636925,0.4506798498634456
Y2020_LAT23.95236_LON90.34213,2020,90.34212738156036,23.95235545215825,8,30.312483312329547,30.27754953143596,1.6405740149168562,24.70818902000002,35.254489730000046,0.5164396011797867,3.7646944713870014,0.4750171393187033
Y2020_LAT23.95599_LON90.04744,2020,90.04743847386032,23.955992623041222,8,32.47349618487346,31.84330577,2.2388677497575955,31.35111089,38.07093821000001,0.6331419522846685,3.850509898020396,0.029681357187624692
Y2020_LAT23.95618_LON90.05725,2020,90.0572538479042,23.95618121808232,8,35.71986285728728,37.031002715693106,2.5623785761247535,30.973419680000006,39.35440471999999,0.7000490978368156,2.580126842076061,0.1946811229540365
Y2020_LAT23.95637_LON90.06707,2020,90.06706932315382,23.95636918701169,8,36.96230618725749,37.784556962857174,2.762795522855768,30.383811229999992,41.30267612,0.6480151698150085,2.409940104744362,0.3809686534313665
Y2020_LAT23.95656_LON90.07688,2020,90.07688489900916,23.956556529803077,8,38.404897605295815,38.383345238000025,0.694257509210776,36.67296803000002,40.40715488000001,0.6540022569356231,2.0,0.9368736008112188
Y2020_LAT23.95674_LON90.0867,2020,90.08670057538667,23.956743246538494,8,37.356930747599876,38.153783170163955,2.369691808866402,30.744412340000025,40.68914153000003,0.5900477986383005,2.402300473294674,1.0
Y2020_LAT23.95693_LON90.09652,2020,90.09651635184042,23.956929337096245,8,37.86260126973825,38.28897292897729,1.7322402472357883,32.03471489000003,40.16618447000002,0.5140628354647927,2.196200230823801,1.0
Y2020_LAT23.95711_LON90.10633,2020,90.10633222802885,23.9571148014168,8,37.3174767886087,38.153252588556704,2.459245224491337,30.80251868000002,40.557547760000034,0.5893004525078883,2.3675970239860025,1.0
Y2020_LAT23.9573_LON90.11615,2020,90.11614820364301,23.957299639595977,8,35.63601362261074,37.026733100000015,2.8414213249145024,30.739285310000014,39.69278870000005,0.6448157953037531,2.875898677527867,1.0
Y2020_LAT23.95748_LON90.12596,2020,90.125964278366,23.957483851585305,8,36.535508188867446,37.60078366586209,2.55583674908771,30.98367374000003,39.41592908000001,0.6510308792603159,2.4608005421182866,1.0
Y2020_LAT23.95767_LON90.13578,2020,90.13578045187357,23.957667437253278,8,34.556390407966596,32.52724207750003,3.214640396326946,30.447044600000027,39.52701473000002,0.5768288550590912,3.327001538830782,1.0
Y2020_LAT23.95785_LON90.1456,2020,90.1455967236531,23.957850396592836,8,33.968910700200745,32.52880239264463,2.5830261036719397,31.00930889,39.13736045000002,0.6060166823287602,3.424899323410981,1.0
Y2020_LAT23.95803_LON90.15541,2020,90.15541309367222,23.958032729743756,8,36.03003536523854,37.403945787200016,2.806500825921971,30.852079970000005,39.45865433000006,0.5863605140683066,2.5815983312921658,1.0
Y2020_LAT23.95821_LON90.16523,2020,90.16522956127949,23.958214436509994,8,34.232838096814554,32.27692821636366,3.2175110070251116,30.380393210000022,39.61417424000001,0.6176895461251292,3.288096649866599,1.0
Y2020_LAT23.9584_LON90.17505,2020,90.17504612638228,23.95839551692667,8,34.82011606044682,33.99324035000001,3.270358511924298,30.21974627,39.54581384000005,0.6206040528940291,3.0288988575280733,1.0
Y2020_LAT23.95858_LON90.18486,2020,90.18486278857263,23.958575970906242,8,35.74614530009581,37.85432119250002,3.3092936338295607,30.079607450000026,40.039717730000035,0.5562293251654362,2.906798713880844,1.0
Y2020_LAT23.95876_LON90.19468,2020,90.19467954745946,23.958755798577045,8,32.6281547935813,32.34548663000002,1.5101148078624724,30.18043904000004,38.99209460000003,0.568269966582598,3.9021995397625395,1.0
Y2020_LAT23.95893_LON90.2045,2020,90.20449640275629,23.958934999812023,8,34.51987498469121,35.85811206200002,2.7414931434943526,30.16334894000005,39.41934710000004,0.5941329529634924,2.95569877141033,1.0
Y2020_LAT23.95911_LON90.21431,2020,90.21431335408627,23.959113574561474,8,32.048239715493374,31.901578473805333,1.0652211949500163,29.48487197000003,38.24013020000001,0.5662525520707933,3.976102324826265,1.0
Y2020_LAT23.95929_LON90.22413,2020,90.22413040115858,23.959291522849245,8,32.43072149958642,31.338079688750025,2.7599402465209906,28.151844170000004,38.64174755000002,0.530905416873094,3.395606567560324,1.0
Y2020_LAT23.95947_LON90.23395,2020,90.23394754360976,23.959468844646736,8,30.92182150396949,31.08258269375002,2.795426490857301,25.340522720000024,38.03675801000003,0.32346109314568877,2.935284612637585,0.9981999978823505
Y2020_LAT23.95965_LON90.24376,2020,90.24376478116957,23.959645539859693,8,34.69522406242086,34.969939565000026,1.8759071953542437,29.21826641000004,38.22816713,0.4248380224157014,2.037097690703169,1.0
Y2020_LAT23.95982_LON90.25358,2020,90.25358211343243,23.959821608556528,8,33.28914848487984,32.65722178250002,1.8591419349621652,30.281270630000023,39.62101028000001,0.6195122193453453,3.6750984710516406,1.0
Y2020_LAT23.96_LON90.2634,2020,90.26339954000085,23.95999705072584,8,39.766221879927116,39.93431895810347,3.8668569322936404,31.405799209999998,49.61188274000003,0.5277225048487304,2.3688980810565683,1.0
Y2020_LAT23.96017_LON90.27322,2020,90.27321706067328,23.960171866235015,8,35.7704379826323,35.350133253928604,2.84409387289476,30.255635480000024,42.721154420000005,0.456139992295468,3.163467953695069,0.9175365867628982
Y2020_LAT23.96035_LON90.28303,2020,90.28303467507726,23.960346055135613,8,35.59138778928248,35.52645611918888,3.498427827546546,28.749997670000027,44.29515263000002,0.6137912085109946,2.671948571428571,0.6234169662036779
Y2020_LAT23.96052_LON90.29285,2020,90.29285238283336,23.96051961737,8,36.888298954110226,37.80547199000002,3.507390931309376,26.64449735000005,45.110350400000016,0.6161626644278495,2.5269466490698393,0.5967268647377388
Y2020_LAT23.96069_LON90.30267,2020,90.30267018363574,23.960692552967732,8,32.3873509600989,32.50241396000001,0.4118403777587156,31.24686128000002,33.20538674000005,0.5996049259805375,4.0,0.0526854785761184
Y2020_LAT23.96086_LON90.31249,2020,90.31248807715275,23.960864861899754,8,38.31483520793993,38.569969130000004,0.5098014992464068,37.84022186000004,39.08267213000002,0.5081874845877224,2.0,0.0008231615763720855
Y2020_LAT23.96104_LON90.32231,2020,90.32230606291132,23.96103654404865,8,35.462346476613924,37.72230017000004,3.198611746937446,30.99392780000005,39.08267213000002,0.6119874884723239,2.9129987129987143,0.027685926854992784
Y2020_LAT23.96482_LON90.03742,2020,90.0374169114705,23.96482360939133,8,32.05680844280242,32.56450799000004,4.790814447942534,26.632534280000016,38.56826011999999,0.6843777647895521,4.027657447517495,0.010644033169942724
Y2020_LAT23.96501_LON90.04723,2020,90.04723286513152,23.965012910462278,8,37.38587775121087,38.09074262000003,2.520582734014887,26.181355639999992,40.268725070000016,0.6224296132051238,2.28250334568076,0.7883954742853825
Y2020_LAT23.9652_LON90.05705,2020,90.0570489202927,23.965201585135084,8,37.462021171615326,38.470593363333364,2.588240173650912,30.168475970000003,41.93500982000003,0.5255966781655808,2.312499117642905,1.0
Y2020_LAT23.96539_LON90.06687,2020,90.06686507664904,23.965389633526623,8,36.55796426110864,38.02598381652176,2.975754306972985,30.506859950000006,40.12687724000003,0.550072695421258,2.5814027360128757,1.0
Y2020_LAT23.96558_LON90.07668,2020,90.0766813337264,23.965577055523735,8,38.81968359208204,38.7322327010811,1.0571367130287967,36.71569328000001,42.839076110000036,0.5738803504844716,2.0,1.0
Y2020_LAT23.96576_LON90.0865,2020,90.08649769131077,23.96576385119665,8,36.9732400591764,38.225401990224725,2.89659218315786,31.123812560000033,41.377872560000014,0.5959945446971809,2.5625026470712733,1.0
Y2020_LAT23.96595_LON90.09631,2020,90.0963141489496,23.965950020400243,8,35.88199068687498,33.71995411454547,3.3050656884318594,31.152865730000002,40.37468369000001,0.5285801078167066,3.031200146824209,1.0
Y2020_LAT23.96614_LON90.10613,2020,90.10613070638702,23.966135563209384,8,32.75807069591108,32.6562364859184,1.2118507535088094,30.778592540000005,40.40886389000002,0.6396707305199638,3.9626021769514215,1.0
Y2020_LAT23.96632_LON90.11595,2020,90.11594736339083,23.96632047948856,8,35.07444528040133,36.69974252000002,2.805506216331227,30.775174520000007,39.21768392000004,0.6674646657747699,2.973995171741981,1.0
Y2020_LAT23.9665_LON90.12576,2020,90.12576411937276,23.9665047693033,8,36.953762651979005,37.530152410084774,2.021656952948302,31.335729800000024,39.67911662000003,0.6358049738702087,2.2820966216311587,1.0
Y2020_LAT23.96669_LON90.13558,2020,90.13558097420697,23.966688432586764,8,35.19622466243597,32.6575566560811,3.2501912171284064,30.817899770000025,40.28239715000001,0.6165042005266533,3.1087981590501483,1.0
Y2020_LAT23.96687_LON90.1454,2020,90.14539792740979,23.96687146938734,8,34.3530696031125,32.40203140400003,3.1184795628673214,30.19240210999999,39.92008702999999,0.5719484285760484,3.252396481865786,1.0
Y2020_LAT23.96705_LON90.15521,2020,90.15521497878699,23.967053879535577,8,32.19499273035742,31.96987016771431,1.4722094196559476,30.19752914000003,39.49112552,0.5823349453499478,3.935704403314834,1.0
Y2020_LAT23.96724_LON90.16503,2020,90.16503212789496,23.967235663102,8,35.28710168477898,37.39973291000002,3.3189289565641777,29.081545610000035,39.79874732000002,0.6132220528728355,2.8925994945858595,1.0
Y2020_LAT23.96742_LON90.17485,2020,90.17484937448165,23.96741682006917,8,32.380982855736264,31.718120787500027,2.2365742673857305,30.144549830000017,39.226228969999994,0.5674281462310883,3.7590035717815056,1.0
Y2020_LAT23.9676_LON90.18467,2020,90.18466671814993,23.967597350440354,8,32.42800505360942,31.652880625454568,2.626712851198331,29.249028590000023,40.06193486000001,0.6192394247013201,3.707198622111154,1.0
Y2020_LAT23.96778_LON90.19448,2020,90.19448415855958,23.967777254098067,8,31.58830794498981,31.568914720000016,0.6464473402362139,30.18043904000004,33.60529508000002,0.6163667529036077,4.0,1.0
Y2020_LAT23.96796_LON90.2043,2020,90.20430169541568,23.967956531058125,8,33.70698207977422,32.40814156102805,2.567575256020586,30.347922020000027,39.94230416000005,0.6389340533948975,3.4767975378707616,1.0
Y2020_LAT23.96814_LON90.21412,2020,90.21411932832416,23.968135181275997,8,33.18087489136841,31.966804229473706,2.7545043508357563,29.25586463000002,41.059996700000056,0.5352274716116736,3.405104259314165,1.0
Y2020_LAT23.96831_LON90.22394,2020,90.2239370570402,23.96831320478585,8,36.79197606435581,36.990843890000015,1.1091939221124243,31.48954070000002,39.08096312000001,0.567339889348353,2.0132988861124046,1.0
Y2020_LAT23.96849_LON90.23375,2020,90.23375488121232,23.96849060152162,8,35.02101369184541,35.15408539250002,1.7458234344935557,31.841596760000016,39.08096312000001,0.3637964899795553,2.0057000268236544,1.0
Y2020_LAT23.96867_LON90.24357,2020,90.24357280032979,23.968667371477327,8,31.335860467498268,30.782950515500023,1.9380834084463003,28.779050840000025,38.82632063,0.4234336633076613,3.655803086132158,1.0
Y2020_LAT23.96884_LON90.25339,2020,90.25339081432813,23.968843514621888,8,32.3466662399055,31.42455663682929,2.1846483837043102,29.888198330000023,37.729136210000036,0.5582217726626539,3.643503028249541,1.0
Y2020_LAT23.96902_LON90.26321,2020,90.2632089227475,23.969019030884144,8,35.42041486477092,33.81484599846156,4.863869437381906,30.467552720000043,53.71179773000003,0.5480316402523204,3.618834423073776,0.6612898572675264
Y2020_LAT23.96919_LON90.27303,2020,90.27302712508032,23.969193920349003,8,36.938147604999365,36.549064805000015,2.2672685914053314,31.737347150000033,42.7348265,0.5448440101342471,3.6283231746855145,0.08300352710271632
Y2020_LAT23.96937_LON90.28285,2020,90.28284542130831,23.969368182886846,8,33.880937514578214,33.781323110000045,1.6834499299635886,29.97193981999999,37.590706400000016,0.5793172404841874,3.8124130594877674,0.08741430058187967
Y2020_LAT23.97384_LON90.03721,2020,90.03721051980621,23.973843804404627,8,38.87795218755755,38.88784499000001,1.0135994897687879,35.86460629999999,41.13861116000001,0.6388083148012978,2.4093029404543826,0.1910340174831609
Y2020_LAT23.97403_LON90.04703,2020,90.04702715495428,23.97403318543268,8,38.710622753713615,38.79676481000002,0.7697586396254408,36.471304849999996,40.656670340000005,0.55597549342319,2.009643013506105,0.9687943312969153
Y2020_LAT23.97422_LON90.05684,2020,90.05684389162556,23.974221939936697,8,36.91399091672174,38.40568125565218,2.7687929951397425,31.128939590000044,40.04997179,0.4851382810835306,2.526500619412492,1.0
Y2020_LAT23.97441_LON90.06666,2020,90.06666072936207,23.97441006783677,8,38.02647261476213,38.53474361320391,1.8635944473160957,31.629679520000025,40.111496149999994,0.527666788398461,2.2154002534120627,1.0
Y2020_LAT23.9746_LON90.07648,2020,90.07647766794187,23.97459756908933,8,37.78989042012002,38.21727067617023,1.7772853118124725,31.15628375000003,39.45523631000003,0.5606854439908328,2.1518007143563036,1.0
Y2020_LAT23.97478_LON90.08629,2020,90.0862947070933,23.974784443647522,8,35.324953119544055,33.29026757000002,3.0954954431395896,30.41799143000003,40.26018002000001,0.5234258838724817,3.0800012705897304,1.0
Y2020_LAT23.97497_LON90.09611,2020,90.0961118463249,23.974970691544694,8,34.383807284636354,32.90057029603776,2.926926896295893,29.35156919000002,40.43449904000005,0.617779422646678,3.2679991388225145,1.0
Y2020_LAT23.97516_LON90.10593,2020,90.10592908534069,23.975156312692146,8,33.59371241328892,32.40776735857144,2.77765529499174,29.760022580000026,39.22110193999998,0.636507798870929,3.4470973981054054,1.0
Y2020_LAT23.97534_LON90.11575,2020,90.11574642392185,23.975341307190906,8,37.28205893945771,37.97276723784094,2.2778745951455246,31.15286573000003,42.91598155999998,0.6498052307845362,2.259997952938766,1.0
Y2020_LAT23.97553_LON90.12556,2020,90.12556386161538,23.975525674822016,8,37.92474035350693,37.94011517000001,4.539466021490187,30.38722925000002,52.69151876000001,0.6429154830050416,2.3325734170335535,0.9675999618823083
Y2020_LAT23.97571_LON90.13538,2020,90.13538139813804,23.975709415773085,8,34.15055252579746,32.71971971786888,4.038949575928503,24.90643418000002,39.34244165000001,0.571846053109557,2.9494611655188994,0.9834999223525759
Y2020_LAT23.97589_LON90.1452,2020,90.14519903300263,23.975892529839115,8,29.923825327106485,30.81370191048545,3.082910325051407,22.609524739999983,39.5389778,0.5258405302770995,3.3745082222761074,0.7131996625878383
Y2020_LAT23.97608_LON90.15502,2020,90.1550167662372,23.976075017126078,8,33.34799364879589,31.78246089590364,3.032005013797703,30.50856896000002,39.932050100000026,0.5721616257282166,3.536901808119775,1.0
Y2020_LAT23.97626_LON90.16483,2020,90.16483459705708,23.976256877577896,8,37.90151502604996,38.15577346640002,1.3523667171541853,31.028108000000003,39.41080205,0.5607090436469429,2.0951004475315176,1.0
Y2020_LAT23.97644_LON90.17465,2020,90.17465252544086,23.976438111140663,8,33.73963701972658,32.47157039857145,2.824511346011539,30.243672410000016,39.68253464000003,0.6235119432927965,3.4328016856490398,1.0
Y2020_LAT23.97662_LON90.18447,2020,90.18447055098922,23.97661871773375,8,32.027776423883736,32.01349468250002,0.6690530292128246,30.074480420000015,37.686410960000046,0.6431499146006063,3.9930999918823447,1.0
Y2020_LAT23.9768_LON90.19429,2020,90.19428867323285,23.97679869744215,8,33.30016950392257,32.22082848605637,2.6519679857612197,29.513925140000026,39.64835443999999,0.6286609044876973,3.4437973825759167,1.0
Y2020_LAT23.97698_LON90.20411,2020,90.20410689194429,23.976978050127602,8,35.01981284117432,36.60219491000002,2.803185337328648,30.334249940000035,39.477453440000005,0.6095962900414451,2.9316987431749917,1.0
Y2020_LAT23.97716_LON90.21393,2020,90.21392520686369,23.977156775852194,8,34.46209161780213,35.532592266363665,2.881570370985834,28.324454180000004,39.538977800000055,0.4644305063973399,2.6699996117642497,1.0
Y2020_LAT23.97733_LON90.22374,2020,90.22374361751692,23.977334874635005,8,32.99316406630617,32.096619030000014,2.033524350531141,30.40944638000002,38.773341319999986,0.5392624763634233,3.4201043299027307,1.0
Y2020_LAT23.97751_LON90.23356,2020,90.23356212365879,23.97751234636371,8,32.537236344384944,32.15237824127909,1.687473709520441,29.807874860000027,38.16835178000002,0.4969151895008102,3.7691020812965665,1.0
Y2020_LAT23.97769_LON90.24338,2020,90.2433807248103,23.97768919106518,8,32.170044845760735,31.59402009285717,1.8805391055369982,30.235127360000035,38.57680517,0.5829533322644652,3.848902175179028,1.0
Y2020_LAT23.97787_LON90.2532,2020,90.2531994208089,23.977865408622943,8,37.54105819249548,37.52742684054056,1.9841832480043793,31.53739298000002,46.31178443000002,0.6180749109995088,2.1523816030699514,0.9408103359616041
Y2020_LAT23.97804_LON90.26302,2020,90.26301821134744,23.978040999082296,8,34.38561513633036,35.322850130000006,2.3899971596200724,30.096697550000016,39.969648320000005,0.5762268760685152,2.7634999830295657,0.1054970316315642
Y2020_LAT23.98286_LON90.037,2020,90.03700402643314,23.982863987226168,8,38.21800561052816,38.285977154722254,1.0778872776128083,31.383582079999996,40.45329815000002,0.5866194510831184,2.014295234921693,0.21498828704267586
Y2020_LAT23.98305_LON90.04682,2020,90.04682134329869,23.983053448325194,8,37.613210789497266,37.64157907723971,0.7278428620023516,34.99301120000001,39.737222960000025,0.56259443268212,2.2059692727019495,0.9487932333915564
Y2020_LAT23.98324_LON90.05664,2020,90.05663876174621,23.98324228254006,8,37.813610655039454,38.2182989754839,1.8345695848207417,24.926942300000007,40.359302600000035,0.5423951613877308,2.19380022800027,1.0
Y2020_LAT23.98343_LON90.06646,2020,90.06645628123246,23.98343048982159,8,35.8543510336386,37.20503981000001,3.241536864766328,30.23683637000002,40.73186678000002,0.5521854391851412,2.875701030236503,1.0
Y2020_LAT23.98362_LON90.07627,2020,90.07627390172335,23.98361807027664,8,38.48036849079802,38.52925271631582,1.1322306038368346,31.530556940000025,40.45329815000002,0.49631503449222036,2.054900258354157,1.0
Y2020_LAT23.98381_LON90.08609,2020,90.08609162271958,23.9838050238103,8,35.34395784781633,37.02749266000002,2.8573038531908996,30.496605890000012,39.67057156999999,0.48290001694503243,2.928801092707172,1.0
Y2020_LAT23.98399_LON90.09591,2020,90.09590944385178,23.983991350348965,8,32.730658592067,32.23577991650001,1.7748307636526068,30.68972402,38.549461010000016,0.6067207814488184,3.7722997321173333,1.0
Y2020_LAT23.98418_LON90.10573,2020,90.10572736482118,23.984177050016708,8,34.65885440977797,33.842847470000024,2.7987023981186745,30.243672409999988,39.16470461,0.639432945018433,3.027600129882967,1.0
Y2020_LAT23.98436_LON90.11555,2020,90.11554538531021,23.984362122614808,8,36.91816315958559,37.31433649631581,2.152779398237734,30.33595895000002,50.58943646,0.6157170321059778,2.1810936146731317,0.9657999597646589
Y2020_LAT23.98455_LON90.12536,2020,90.12536350504517,23.984546568254345,8,33.94605383070831,32.44048269285717,4.199536679554812,30.071062400000017,57.05803931,0.6030017085337943,3.6168995492935987,1.0
Y2020_LAT23.98473_LON90.13518,2020,90.13518172355465,23.984730386793192,8,35.08555479702875,33.02238025250002,3.381109647215196,30.995636810000008,43.43722961,0.6205568613247451,3.2415983365792473,0.9912999590586308
Y2020_LAT23.98491_LON90.145,2020,90.14500004052871,23.98491357826769,8,31.540487247428295,31.28024949975611,1.8875232377749325,24.092945419999978,38.81093954000002,0.6160767303272148,3.814726568360116,0.7998997645879613
Y2020_LAT23.9851_LON90.15482,2020,90.1548184558327,23.9850961426335,8,32.42480171691878,31.59754270152176,2.7994234705348586,29.344733150000025,40.33537646000002,0.5238135310903558,3.759502070002444,1.0
Y2020_LAT23.98528_LON90.16464,2020,90.16463696878233,23.985278079884445,8,32.99799487924597,32.28047052800001,2.170531134361468,30.887969180000027,40.48918736000002,0.5833371699375142,3.732603447545643,1.0
Y2020_LAT23.98546_LON90.17446,2020,90.17445557925724,23.98545938995834,8,33.89667086505337,32.15454170590167,3.417402618031641,30.289815680000032,41.01727145000001,0.5546202654884147,3.4707993774110446,1.0
Y2020_LAT23.98564_LON90.18427,2020,90.18427428700817,23.9856400729411,8,34.066732472746025,32.4638934171429,2.991284138739673,30.68972402000003,41.54535554,0.5894716039542638,3.4302993297639293,1.0
Y2020_LAT23.98582_LON90.19409,2020,90.19409309144393,23.985820128648346,8,35.12065293413769,36.78262950500001,3.177104879370684,29.96852180000002,41.54535554,0.5943472564955479,2.9334949811528626,1.0
Y2020_LAT23.986_LON90.20391,2020,90.20391199242617,23.98599955722351,8,35.56137724796321,36.597429788000014,2.624611794250116,29.443855730000024,39.05190995000001,0.5844467853261427,2.582498332350989,1.0
Y2020_LAT23.98618_LON90.21373,2020,90.21373098958487,23.986178358547683,8,33.97536983670245,35.567278304418636,3.9590104460002102,25.513132730000024,41.54535554,0.5173889615827331,2.4819982141155466,1.0
Y2020_LAT23.98636_LON90.22355,2020,90.22355008253786,23.986356532477554,8,33.314782873021464,32.30408741857144,3.7310001706096014,24.39373118000003,41.38983563000005,0.5194699065775555,3.253708474527962,0.9905023082461567
Y2020_LAT23.98653_LON90.23337,2020,90.23336927093084,23.986534079154005,8,37.30713733333343,38.09738513975002,2.985701694815534,31.301549600000016,46.11524828000003,0.6133101954734259,2.5000000000000058,0.9720011435307577
Y2020_LAT23.98671_LON90.24319,2020,90.24318855456185,23.986710998531812,8,36.9363729141052,37.09197269913045,2.319323575433378,31.142611670000008,42.50411015,0.6223307324730222,2.7930985801159887,1.0
Y2020_LAT23.98689_LON90.25301,2020,90.25300793288221,23.986887290569346,8,35.7062068872845,34.46364535250002,3.1613449121514057,31.51517585000002,47.472202219999986,0.5443704836317991,3.6835380879254296,0.40564992213248474
Y2020_LAT23.99207_LON90.04662,2020,90.04661543010013,23.992073698764727,8,37.97854711960974,38.17543196428573,1.448675067177187,31.98515359999999,39.70646078000004,0.6128069650596343,2.4766008860249675,0.08963122328751294
Y2020_LAT23.99226_LON90.05643,2020,90.05643353060012,23.99226261272556,8,33.793015430449415,32.850231288983075,3.0383265796381544,26.140339400000016,39.53214176000006,0.5790440305413612,3.5976446192069242,0.9140734806570526
Y2020_LAT23.99245_LON90.06625,2020,90.0662517323497,23.99245089958671,8,34.978041541014164,33.65143835000003,4.1011017136833114,25.764357200000006,40.65496133000002,0.515223454571734,3.2663059590868704,1.0
Y2020_LAT23.99264_LON90.07607,2020,90.07607003497604,23.992638559336502,8,37.014129377443496,38.65712864000002,3.1088378724314456,30.01124705000001,40.67546945000004,0.509281887965264,2.6092005138847667,1.0
Y2020_LAT23.99283_LON90.08589,2020,90.08588843813719,23.992825591785948,8,33.776618036554616,33.15131719948278,2.012142706383961,30.267598550000002,39.75773108000001,0.5836767892247,3.780603673429045,1.0
Y2020_LAT23.99301_LON90.09571,2020,90.09570694155349,23.993011997118185,8,32.60084269878083,32.27852652912502,1.5598489025309499,30.91360433,40.67546945000004,0.616931497247915,3.924399644233615,1.0
Y2020_LAT23.9932_LON90.10553,2020,90.1055255447771,23.993197775140846,8,36.278653462880435,37.59380846857146,2.46181670513955,31.23489821000001,39.41080205000003,0.5778656599474459,2.5802980249318788,1.0
Y2020_LAT23.99338_LON90.11534,2020,90.11534424756522,23.99338292596083,8,38.277092045067064,37.06142081304758,3.5563147814815776,35.10751486999999,55.489168130000024,0.6390203784664691,2.0,0.9774998941171489
Y2020_LAT23.99357_LON90.12516,2020,90.1251630496369,23.993567449479496,8,34.79109246088174,32.78383094000002,3.2658169145336746,29.84034605000005,45.58887320000002,0.642570671992359,3.0620758617590127,0.9423997289399011
Y2020_LAT23.99375_LON90.13498,2020,90.13498195048736,23.993751345642877,8,35.50673459556249,36.84023738375001,2.997528030769153,30.857207000000017,40.32341339000004,0.6352910477777798,2.8654034500754233,0.9873999407056031
Y2020_LAT23.99393_LON90.1448,2020,90.14480094986662,23.993934614536396,8,32.82826799273651,32.46727283313188,1.9167152078876675,31.25198831,40.121750210000016,0.5271367046514962,3.86820408566628,1.0
Y2020_LAT23.99412_LON90.15462,2020,90.15462004752416,23.994117256035924,8,33.896479852090984,32.778254404765654,2.6766244293173074,31.388709110000008,40.68572351,0.5574504168476915,3.659403103073414,1.0
Y2020_LAT23.9943_LON90.16444,2020,90.16443924301608,23.99429927011732,8,34.36439518726599,32.526154626046534,3.145423596525051,30.32228687,40.14396734000002,0.5868484841311049,3.3273015402425363,1.0
Y2020_LAT23.99448_LON90.17426,2020,90.17425853595219,23.99448065679874,8,36.325275871168124,37.902996715121965,3.254749167611738,30.105242599999997,40.71135866,0.5536256548622958,2.7179986729349253,1.0
Y2020_LAT23.99466_LON90.18408,2020,90.18407792612972,23.994661416030453,8,34.69350692606773,33.09054126800002,3.193275434371025,30.65212580000002,41.98969814,0.5981986853099008,3.3003967077492087,1.0
Y2020_LAT23.99484_LON90.1939,2020,90.193897413242,23.994841547842743,8,31.813138388596997,31.763872910845084,0.9845285118406563,29.628428810000003,36.58239050000003,0.5596439597043128,3.975399884234751,1.0
Y2020_LAT23.99502_LON90.20372,2020,90.20371699672887,23.995021052140032,8,36.5282236798185,37.085860407013,2.344033418136022,30.40090133000001,40.747247870000024,0.6351811718607195,2.380892380670024,1.0
Y2020_LAT23.9952_LON90.21354,2020,90.21353667649774,23.995199928919764,8,30.07223563887558,29.01762863600002,2.6556193109759363,26.290732280000043,38.44692041000002,0.5447812796134542,3.2352964013948333,1.0
Y2020_LAT23.99538_LON90.22336,2020,90.22335645208524,23.995378178219756,8,32.30825129263638,33.15027116750003,3.47715667978768,24.568050200000016,37.27453955000004,0.4890348560568709,2.2435527753088795,0.5201989185831446
Y2020_LAT23.99556_LON90.23318,2020,90.23317632312855,23.99555579991514,8,34.679350002967865,35.469141386000025,2.4192806255231383,30.012956060000022,39.219392930000026,0.6252444891679653,2.622711835361202,0.9062019115384041
Y2020_LAT23.99573_LON90.243,2020,90.24299628940503,23.995732794001327,8,37.41845288312112,37.903723788714295,2.918748752720217,31.04007107000001,45.390628040000024,0.641522754391432,2.568297968461022,1.0
Y2020_LAT23.99591_LON90.25282,2020,90.25281635055009,23.995909160573362,8,43.32970417820612,43.80911018600003,3.2660153465976056,33.76594202000001,52.380478940000046,0.4825914968883657,2.057745177636552,0.6483377258899448
Y2020_LAT24.00071_LON90.02677,2020,90.02677215455752,24.000714067507797,8,34.80377031123526,33.6072670146154,2.3201255818182522,32.752499090000015,39.58341206000003,0.5835600022813537,3.549939305656713,0.07383361177035756
Y2020_LAT24.0009_LON90.03659,2020,90.03659073394734,24.000904315890693,8,38.5389286881154,38.39906812999999,0.676960883798102,37.85560294999999,40.16276644999999,0.6421971974464563,2.0,0.008302347364536913
Y2020_LAT24.00109_LON90.04641,2020,90.04640941533675,24.00109393706591,8,38.644801317274734,38.722914708481035,0.9082787858309301,31.270787420000005,40.297778240000014,0.5767553684104243,2.4434928327612555,0.761420234168268
Y2020_LAT24.00128_LON90.05623,2020,90.05622819828714,24.001282930860743,8,35.1040894930784,37.71522599799565,5.275329869797438,25.15253161999999,41.06170571000004,0.6428739925790165,3.2262042193664606,0.8452572433464154
Y2020_LAT24.00147_LON90.06605,2020,90.06604708253283,24.001471297199046,8,37.99864103649433,38.40719072808991,2.412603127190777,25.61054630000001,40.12516823000004,0.55860852383532,2.564000663530193,1.0
Y2020_LAT24.00166_LON90.07587,2020,90.07586606760358,24.00165903601108,8,34.89148736721545,33.71337287240002,2.869026149627866,29.949722690000016,40.03117268,0.5616230290090846,3.1479006960032767,1.0
Y2020_LAT24.00185_LON90.08569,2020,90.08568515340238,24.00184614755451,8,33.42884679590418,32.969077266363655,2.0175021967427296,31.09988642000002,39.76798514000001,0.5246400236054727,3.8103997769409146,1.0
Y2020_LAT24.00203_LON90.0955,2020,90.09550433935439,24.002032631581265,8,34.25526180898858,32.660874102258084,2.8585319720062636,30.619654610000055,40.72673974999998,0.6232031195855626,3.3000991765872643,1.0
Y2020_LAT24.00222_LON90.10532,2020,90.1053236252335,24.002218488110845,8,36.48029703943821,37.56460778966104,3.470783393989512,30.86746106000001,53.64685535000001,0.5833393783641571,2.7305987322293297,1.0
Y2020_LAT24.0024_LON90.11514,2020,90.11514301061867,24.00240371702454,8,35.2076728096881,35.203029540000024,4.256018621693979,30.045427250000017,53.75110496000002,0.600498052492705,3.12350132176626,1.0
Y2020_LAT24.00259_LON90.12496,2020,90.12496249532208,24.00258831841588,8,36.357864485050364,37.05540365582091,3.138276379615082,29.84034605000005,53.6895806,0.6593632019931682,2.551100648353703,1.0
Y2020_LAT24.00277_LON90.13478,2020,90.13478207889872,24.002772292308027,8,34.976135863249674,35.85401043800002,2.803730291413447,28.661129150000022,40.32341339000004,0.5995774238842233,2.7899037171939627,1.0
Y2020_LAT24.00296_LON90.1446,2020,90.14460176103334,24.002955638543433,8,33.3107063805153,32.60052224951221,2.284671593998221,30.617945599999985,40.121750210000016,0.6028754831234286,3.6602019531787673,1.0
Y2020_LAT24.00314_LON90.15442,2020,90.15442154138915,24.00313835715581,8,33.99470851597445,32.65531338800001,2.730398546407206,31.075960280000032,40.40031884000001,0.6205742888842531,3.589599517175899,1.0
Y2020_LAT24.00332_LON90.16424,2020,90.16424141964353,24.00332044815204,8,35.85719046876155,37.666299865403936,3.169738546961801,29.96510378000002,40.195237640000016,0.5983195047896259,2.7476877530145676,0.9855181520026124
Y2020_LAT24.0035_LON90.17406,2020,90.17406139547691,24.00350191142814,8,33.46494333685506,32.28182846012338,2.73896972690583,30.812772740000042,39.08609015000002,0.5970263809221216,3.483282245419744,0.2561965525851991
Y2020_LAT24.00368_LON90.18388,2020,90.18388146853671,24.003682747040553,8,34.72187692359399,33.15225261953639,3.257573599503878,30.267598550000002,41.88203051000002,0.6035068567058381,3.1944306554148176,0.681727872145321
Y2020_LAT24.00386_LON90.1937,2020,90.19370163840667,24.003862954888493,8,33.78470232669325,32.46696875750001,2.5466608605930965,30.905059280000017,39.15445055000001,0.6216726580366326,3.4337220711603855,0.9800924759495108
Y2020_LAT24.00404_LON90.20352,2020,90.20352190487804,24.004042534973074,8,35.097000017475644,36.53221956082771,3.0096539309751664,25.087589240000057,40.986509270000056,0.5717076033635825,2.7538219537026194,0.8600022247499849
Y2020_LAT24.00422_LON90.21334,2020,90.21334226757082,24.00422148730903,8,34.71393074415029,35.98081898000002,2.7282203570875243,28.52269934000003,38.14613465000002,0.5820886412346952,2.6463270797243,0.7788626813505435
Y2020_LAT24.0044_LON90.22316,2020,90.22316272609173,24.004399811826477,8,36.071199545433686,36.46840696347828,1.7274842980173124,29.577158510000004,39.09634421000004,0.6584205519727018,2.2256938820584558,0.9681914571342017
Y2020_LAT24.00458_LON90.23298,2020,90.23298328017596,24.00457750857473,8,35.45546327005226,36.03411535712666,2.1355950649435087,30.012956060000022,39.81754643000002,0.6938886469711456,2.4829241373180104,0.9694794632694316
Y2020_LAT24.00475_LON90.2428,2020,90.24280392946517,24.004754577451283,8,36.38400269782175,36.96658428463416,3.2327282529098897,30.90676829000003,45.86231480000001,0.636858945966994,2.9583176507331452,0.8857466103468209
Y2020_LAT24.00493_LON90.25262,2020,90.2526246736737,24.004931018398594,8,36.948144042075974,36.68578094829702,3.202212459570906,26.890594789999994,43.98069479000003,0.5789998688210134,1.8149375494481264,0.5541392804907415
Y2020_LAT24.00511_LON90.26245,2020,90.26244551224927,24.005106831446067,8,32.79133321712495,32.76788018000002,1.3499132387566142,31.918502210000014,37.720591160000026,0.6792762180381579,3.947143619861185,0.026641063935708694
Y2020_LAT24.00935_LON90.00693,2020,90.00692645556579,24.009351592831333,8,37.6140995275103,38.08660413500001,1.927496375779971,30.860625020000043,39.76969415000002,0.619033110805679,2.578379653818278,0.2132684897630557
Y2020_LAT24.00954_LON90.01675,2020,90.0167455127659,24.009543176768688,8,36.966374031403404,38.08715835335723,2.5614543811342902,30.34792202,40.41569993000002,0.5485700355541021,2.774217347736562,0.3311756511337866
Y2020_LAT24.00973_LON90.02656,2020,90.02656467272134,24.00973413308127,8,36.50682671003862,37.53195250542971,2.3012244306654233,30.27614360000001,39.542395820000024,0.5476297024541653,2.4578470143546856,0.8262059404367805
Y2020_LAT24.00992_LON90.03638,2020,90.0363839348386,24.00992446192118,8,34.04243120022271,32.779098296923095,2.525106096936727,31.093050380000022,40.08415199000001,0.5790981576425315,3.568115762785244,0.9791111649309759
Y2020_LAT24.01011_LON90.0462,2020,90.04620329900287,24.010114163037514,8,35.468546139841415,37.219851230000025,3.158233284884753,30.004411010000013,40.67546945000004,0.5560571938274973,2.955599791057843,1.0
Y2020_LAT24.0103_LON90.05602,2020,90.05602276473513,24.01030323653413,8,35.09703670423925,36.10626031400002,2.698440435516558,31.12723058000003,39.59708413999999,0.6498660420394974,3.0069988317633425,1.0
Y2020_LAT24.01049_LON90.06584,2020,90.06584233176525,24.01049168243344,8,37.056646502200856,37.65992130500002,2.2283287022274103,30.05909933000001,39.38516690000003,0.6725346906677514,2.240497929997561,1.0
Y2020_LAT24.01068_LON90.07566,2020,90.07566199971286,24.010679500663898,8,34.845028240522076,33.34309876580003,3.1410171537262106,30.183857060000037,39.81412841000002,0.5933715071094592,3.223296344923986,1.0
Y2020_LAT24.01087_LON90.08548,2020,90.08548176839925,24.010866691120324,8,32.57191547134076,32.59074906172728,1.5755244166266196,26.46163328,37.737681260000016,0.6137361716996282,3.9279999152940177,1.0
Y2020_LAT24.01105_LON90.0953,2020,90.09530163723639,24.011053253815835,8,36.49275708051039,37.092704050833355,1.9943638230866414,31.03494404,39.09292619000004,0.6965762833303281,2.322500379412211,1.0
Y2020_LAT24.01124_LON90.10512,2020,90.10512160607054,24.01123918877232,8,35.665001487468366,37.27938886587502,2.8459337326865817,30.670924909999997,39.74234999000004,0.652546297967138,2.7176986715231664,1.0
Y2020_LAT24.01142_LON90.11494,2020,90.11494167441529,24.011424495946347,8,35.85920793518962,36.84833874846156,3.3851000604266996,30.112078639999993,45.80249945,0.6415989820914567,2.697098467174677,1.0
Y2020_LAT24.01161_LON90.12476,2020,90.12476184214272,24.01160917528913,8,34.452425055813436,32.64616532146343,2.9942006546396205,30.359885090000006,39.356113730000004,0.6418038108121426,3.120698965528207,1.0
Y2020_LAT24.01179_LON90.13458,2020,90.13458210874504,24.011793226804958,8,32.063933603530145,31.953162132105287,0.9887226016798992,30.911895320000013,38.88442697000002,0.6521365067223707,3.9546044922564367,1.0
Y2020_LAT24.01198_LON90.1444,2020,90.14440247393608,24.01197665041393,8,35.57545944862315,37.08791565800002,2.7846570282000105,30.747830360000023,39.53214176000003,0.6532146547212934,2.7521008848245705,1.0
Y2020_LAT24.01216_LON90.15422,2020,90.15422293740608,24.012159446180302,8,34.569230210065406,32.59697918000001,3.058921243229622,30.450462619999996,39.468908389999996,0.659086721201946,3.145298994469412,1.0
Y2020_LAT24.01234_LON90.16404,2020,90.1640434987687,24.012341613997805,8,34.46604385357537,32.84377571088067,2.9369003184075657,30.553003220000022,39.91154198000004,0.5904950829138368,3.2996383814452317,0.5808474962970491
Y2020_LAT24.0127_LON90.18368,2020,90.18368491398347,24.012704065831226,8,34.15535309300666,32.278481861818186,2.673055537492,30.68972402,41.09417690000001,0.6823639812440374,3.145503970241076,0.15024989699586225
Y2020_LAT24.01288_LON90.19351,2020,90.19350576707565,24.012884349796376,8,35.42513359908355,36.51334649600001,2.5406588972698887,30.195820130000016,38.15467970000003,0.646905623629999,2.442426025662347,0.2817550714399005
Y2020_LAT24.01306_LON90.20333,2020,90.20332671680983,24.01306400570573,8,31.08160836789385,31.47843213500002,5.165368163451626,24.486017720000035,37.296756680000044,0.5235449154377957,2.129898954500322,0.060931210830317335
Y2020_LAT24.01324_LON90.21315,2020,90.21314776275689,24.01324303362963,8,25.746582991122626,25.583202140000026,0.447847236251432,25.374702920000033,26.54024774000004,0.4933514679992568,2.0,0.002394468318390011
Y2020_LAT24.01342_LON90.22297,2020,90.22296890459543,24.01342143342227,8,36.95090725905244,36.80627081000003,0.624754961239327,36.07310552000001,38.359760900000026,0.7016376902384771,2.0,0.021992738314343684
Y2020_LAT24.01378_LON90.24261,2020,90.24261147465621,24.013776348732712,8,35.569295477136734,36.275509271000026,2.8004210801814953,30.698269070000038,42.72286343000002,0.6576581100825817,2.905834643337197,0.7879119695555424
Y2020_LAT24.01395_LON90.25243,2020,90.2524329021685,24.013952864169255,8,35.83706143059211,36.838606524113565,2.610560574246522,27.55881770000002,42.72286343000002,0.6466264171438154,2.6486460917914063,0.833972278505982
Y2020_LAT24.01413_LON90.26225,2020,90.26225442429529,24.01412875148566,8,38.14235950644784,38.23119673863638,0.5428421148089901,32.60723324000003,38.59047725000002,0.7037557748336147,2.0051454341838433,0.1182870768173228
Y2020_LAT24.01837_LON90.00672,2020,90.00671750543356,24.018371484734054,8,35.4353794915822,37.79205885090911,3.7848199925533073,27.58616186000006,39.32364254000004,0.629312997555452,4.571447942326378,0.15860425104842432
Y2020_LAT24.01856_LON90.01654,2020,90.01653724561554,24.018563149446305,8,32.96959451429498,33.59382121732817,3.610561084241906,25.716504920000034,40.04997179,0.5773037274618846,4.060016028559985,0.5950533252406122
Y2020_LAT24.01875_LON90.02636,2020,90.02635708857962,24.018754186457038,8,35.56582589852392,35.162715893000026,2.4955341364772545,30.922149380000008,40.06193486000004,0.5481110780327563,3.0063798625808897,0.8269060068639588
Y2020_LAT24.01894_LON90.03618,2020,90.03617703379972,24.018944595524587,8,35.60135888058491,37.527431346829275,3.2232746677940822,30.407737370000007,39.92863208,0.5839532414528766,2.81783291681542,0.9924705465497385
Y2020_LAT24.01913_LON90.046,2020,90.0459970810189,24.01913437675637,8,36.25995665268982,37.468618998125024,2.953511800755774,30.407737370000035,40.36613864,0.5999862034316197,2.8079990964663297,1.0
Y2020_LAT24.01932_LON90.05582,2020,90.05581722992184,24.019323530082506,8,34.0402954575287,32.84012774000002,2.6236738936417123,31.120394540000035,40.03288169000001,0.633931991267889,3.558697923284341,1.0
Y2020_LAT24.01951_LON90.06564,2020,90.06563748003342,24.0195120554735,8,34.25283080914256,32.22720142934785,3.1175086169516226,30.544458170000013,40.17643853000001,0.6387562228700514,3.2079009783575474,1.0
Y2020_LAT24.0197_LON90.07546,2020,90.07545783126656,24.019699952918344,8,34.113577178053504,33.09558284750002,2.346990964800802,30.973419680000035,39.57828503000002,0.6104018451235765,3.4711998644699475,1.0
Y2020_LAT24.01989_LON90.08528,2020,90.08527828307327,24.019887222368435,8,32.63189209635299,32.53568576729731,1.081146018835903,30.65041679000001,39.07070906000001,0.6052122274910557,3.9279996611748724,1.0
Y2020_LAT24.02007_LON90.0951,2020,90.09509883521426,24.02007386384001,8,37.66168947417423,38.34137894992129,1.913151111503787,31.183627909999984,39.675698600000004,0.5860658025702697,2.207546035776804,0.946604461955323
Y2020_LAT24.02026_LON90.10492,2020,90.1049194872924,24.02025987727862,8,36.94332791788974,38.03790956639956,2.725118980017509,31.15286573000003,39.79020227000004,0.5594389692685025,2.4643811920113228,0.3245606040168136
Y2020_LAT24.02045_LON90.11474,2020,90.11474023897387,24.02044526268811,8,33.75538355439907,32.277529231842124,2.7080926628989728,30.259053499999993,39.12881540000001,0.5773612030921769,3.3655307786167676,0.998901277485727
Y2020_LAT24.02063_LON90.12456,2020,90.12456109000473,24.020630019989614,8,33.9187852096448,32.47139641068967,2.7829722778269828,30.416282420000044,38.65541963000001,0.6074547057022914,3.291001369418206,1.0
Y2020_LAT24.02081_LON90.13438,2020,90.134382039963,24.020814149124085,8,33.13882664775443,31.97160359214287,2.5796653895700743,30.511986980000017,41.16595532000002,0.6625389106460271,3.5182047915519528,1.0
Y2020_LAT24.021_LON90.1442,2020,90.1442030886186,24.02099765017474,8,37.45107179393012,37.48560228500002,0.7553236358675302,35.8987865,40.755792920000005,0.6610284105255068,2.0,1.0
Y2020_LAT24.02118_LON90.15402,2020,90.15402423550923,24.021180523111386,8,36.2861296065764,37.03682289466885,2.163792509104519,30.81106373,38.903226080000024,0.6617342655579076,2.3556702279719945,0.7421358092169589
Y2020_LAT24.02136_LON90.16385,2020,90.16384548029855,24.021362767818765,8,36.704792054814845,36.985830541374746,1.5848255394422308,30.553003220000022,38.626366460000014,0.7028298539013427,2.1524422367727856,0.09503680020599523
Y2020_LAT24.0228_LON90.24242,2020,90.2424189249264,24.022798108014854,8,39.85004912360033,39.94332299288463,3.209322767574959,29.903579420000028,46.90481090000003,0.5689691194446471,2.08617569677654,0.8399540056414929
Y2020_LAT24.02297_LON90.25224,2020,90.25224103617214,24.022974697941994,8,38.27344825416835,37.477911740000025,2.0629148973501006,35.76548372000002,43.66965497000004,0.6458857646211164,2.0,0.28892788423426957
Y2020_LAT24.02739_LON90.00651,2020,90.00650845226181,24.02739136426117,8,33.808338932927285,33.858228559999986,0.40150362109950183,33.007141579999995,34.42220186000003,0.6802926175702703,6.0,0.011686255900673907
Y2020_LAT24.02758_LON90.01633,2020,90.01632887578877,24.027583109939343,8,36.25048747149783,37.90586821432079,3.107222273310151,26.700894680000033,40.23283586000002,0.6021679632398858,3.139117159840191,0.45085376211815065
Y2020_LAT24.02777_LON90.02615,2020,90.02614940218974,24.027774227450884,8,34.474904335274836,32.97261957800002,2.855424134620471,31.17850088,40.02946367000001,0.5964262465559096,3.4699810872801904,0.18048711402913098
Y2020_LAT24.02796_LON90.03597,2020,90.03597003069595,24.027964716901543,8,38.20990658435943,38.14510924400002,0.45962428544002926,37.399297279999985,39.17324966000001,0.6137827161761482,2.0,0.13863313176000802
Y2020_LAT24.02815_LON90.04579,2020,90.04579076145403,24.028154578179574,8,34.67284148521385,32.777706987500004,3.041463934508933,30.27614360000004,39.99528347000003,0.6794852085492842,3.166436515047699,0.6834161803904619
Y2020_LAT24.02834_LON90.05561,2020,90.05561159372064,24.02834381130787,8,36.63784541340572,38.09166924434785,3.0622431656473768,31.45023347000003,40.71306766999999,0.609610939651984,2.693221215459675,0.7961229348273577
Y2020_LAT24.02853_LON90.06543,2020,90.06543252742239,24.028532416215814,8,37.67790983458662,38.10022063743903,1.7200720475747655,31.275914450000016,39.74405900000002,0.5936731571326429,2.1936699529720634,0.9086607517041039
Y2020_LAT24.02872_LON90.07525,2020,90.07525356212062,24.02872039298285,8,34.86930345330089,33.09807990100002,2.7703477301557866,30.917022350000025,39.655190480000044,0.6090155136732184,3.1062507849496543,0.9636904719526692
Y2020_LAT24.02891_LON90.08507,2020,90.08507469747711,24.02890774142831,8,35.363560717908065,36.339646063315236,2.7095724927746683,30.477806780000037,39.865398709999994,0.5831783512731624,2.8342691348653752,1.0
Y2020_LAT24.02909_LON90.0949,2020,90.0948959331981,24.029094461614562,8,36.89874790592654,36.76468490000001,1.3693178756603153,33.89069975000001,39.54923185999999,0.590859080428691,2.0,0.42173645765531187
Y2020_LAT24.02928_LON90.10472,2020,90.10471726886135,24.029280553518188,8,36.743422250198684,36.71227526000001,0.18134188663119383,36.44396069000001,36.95153665999999,0.6244137756871859,2.0,0.0005339405876175292
Y2020_LAT24.02947_LON90.11454,2020,90.11453870427195,24.029466017085266,8,36.26543201049049,37.10022053000003,2.164338621526556,31.197299990000005,38.052139100000005,0.5788102304916426,2.308498460248616,0.22417195564486975
Y2020_LAT24.02965_LON90.12436,2020,90.12436023893018,24.02965085236639,8,36.6516442441335,36.73569560434161,0.8538371285578847,30.600855500000023,37.86243898999999,0.6006812288770219,2.0248889907468417,0.631538002279594
Y2020_LAT24.02984_LON90.13418,2020,90.13418187256471,24.0298350592277,8,34.93710905010366,36.85519122125001,3.0069189294104492,28.88500946000005,38.83486568000001,0.6147980783910573,2.781779895311118,0.776238983632826
Y2020_LAT24.03002_LON90.144,2020,90.14400360500903,24.030018637753553,8,34.53778283830331,36.897418010000024,3.5429849805040634,29.79249377000002,39.149323519999996,0.5623632185613475,2.9728297433521917,0.6575625605117252
Y2020_LAT24.0302_LON90.15383,2020,90.15382543554587,24.030201587748444,8,37.88123156042094,37.93763543000003,2.2501137320769424,30.71535917,37.98036068000002,0.4955128029140891,2.010204081632653,0.0027768726180525055
Y2020_LAT24.03164_LON90.2324,2020,90.23240357986296,24.031642561978984,8,38.03403584609376,38.17860583999999,0.6452885219475004,36.700312190000005,38.604149329999984,0.29900389641304226,4.0,0.0038564329413099106
Y2020_LAT24.03182_LON90.24223,2020,90.24222628036154,24.03181985510634,8,39.892622389930445,39.593666120000016,2.609600790758285,29.903579420000028,45.676032710000015,0.5686780629725867,2.234707363906136,0.43800220634013315
Y2020_LAT24.032_LON90.25205,2020,90.25204907562119,24.03199651969358,8,43.48216827270237,43.61838467000001,0.3761526480586508,42.389606480000026,43.849101020000006,0.4781048157221056,2.0,0.005688338551775926
Y2020_LAT24.03641_LON90.0063,2020,90.00629929605367,24.036411231532128,8,34.64889316423683,34.259845909999996,1.9457944150067088,32.303029460000005,39.18692174,0.6382333382414958,4.523989707885581,0.0944680364317478
Y2020_LAT24.0366_LON90.01612,2020,90.01612040333335,24.036603057988735,8,37.52218487874901,37.962256546340136,1.758084439529143,31.751019230000054,40.28923319000003,0.62396484563321,2.5926188501564993,0.8138962679092486
Y2020_LAT24.03679_LON90.02594,2020,90.0259416133831,24.03679425616398,8,34.52856138301165,32.79034145428574,2.7769864332974854,31.715130020000004,39.737222960000054,0.5540235174895113,3.4927029390006044,0.05303689647300549
Y2020_LAT24.03755_LON90.06523,2020,90.06522747375895,24.037552764788703,8,37.68592348758932,37.755625865,0.5797128000112333,36.18419117000002,38.67763676000004,0.656735794752989,2.0,0.08570845301453361
Y2020_LAT24.03774_LON90.07505,2020,90.07504919229622,24.037740820748656,8,35.66657779898875,36.966429461428596,2.9897612232558326,29.508798110000015,39.39200294,0.6116879297804515,2.6616417990925947,0.46927267272260786
Y2020_LAT24.03793_LON90.08487,2020,90.08487101152558,24.037928248245947,8,36.20799911226374,36.83914455582372,2.1616890643354245,30.77688353000002,39.098053220000025,0.6456180932385086,2.3653399762214797,0.32015240001015083
Y2020_LAT24.04562_LON90.01591,2020,90.01591182811815,24.045622993824633,8,38.242512264894756,38.08546479500002,1.063380864859244,34.19319452000002,39.750895040000046,0.5730702130525488,2.764748432727858,0.08982712501940268
