grid_id,year,longitude,latitude,scene_count,lst_c,lst_c_median,lst_c_stddev,lst_c_min,lst_c_max,ndvi,mean_pixel_obs_count,valid_lst_ratio
Y2018_LAT23.52482_LON90.15502,2018,90.15502415698468,23.524824690620612,14,26.567002512481263,26.69064062000001,1.6706056805802671,24.00407690000003,31.181918900000028,-0.03145929988726901,2.2623853211009184,0.08547861608766023
Y2018_LAT23.525_LON90.16481,2018,90.16480821194499,23.52500333582075,14,31.100460198517837,31.288683848160264,2.3703203607561267,25.954057309999996,37.27283054000003,0.27838716873521413,2.183096832607446,0.46330932129838603
Y2018_LAT23.52518_LON90.17459,2018,90.17459236327528,23.5251813673849,14,32.049883845476835,32.16972668000001,0.889320781776847,28.26634783999998,34.34529641000003,0.5580868731422313,3.043053317452537,0.3098907540827002
Y2018_LAT23.53385_LON90.15483,2018,90.15483003468516,23.533846342091746,14,32.964216262839706,33.21022893500001,2.47286112010625,27.396461750000014,39.26895422000001,0.07048068760485493,3.4251581246277345,0.6337949680379062
Y2018_LAT23.53403_LON90.16461,2018,90.16461475513425,23.53402506394596,14,32.61913120847615,32.472354966406265,1.4494356317026382,28.71239945000002,37.17712598000003,0.3863819759833646,2.8312015585955614,1.0
Y2018_LAT23.5342_LON90.1744,2018,90.17439957193227,23.534203171844304,14,31.898979105531634,31.893570770000025,0.9648138938860091,29.460945830000014,35.040863479999985,0.5935927947463079,2.8480732007742424,0.9161597489413807
Y2018_LAT23.53438_LON90.18418,2018,90.18418448473497,23.53438066576062,14,33.54418216987749,33.629221220000005,0.34446786072802,32.455131350000016,33.965896189999995,0.5983352112423841,2.0,0.015633036895669743
Y2018_LAT23.54269_LON90.14485,2018,90.14485052638558,23.542688569006817,14,27.710357922514003,27.461168404482777,0.6342548503901285,27.220433720000017,29.406257510000017,-0.1040926337569245,1.90248896497323,0.21454342503240686
Y2018_LAT23.54287_LON90.15464,2018,90.15463581577698,23.542867981597322,14,32.46433997833345,33.281315612857156,3.8349298050580662,26.817107360000023,40.85833352000003,0.09360800457175128,2.053121935272965,0.9769764157304168
Y2018_LAT23.54305_LON90.16442,2018,90.16442120199689,23.543046780077745,14,32.69330484120848,32.547246989000016,1.2117229564642171,29.876235260000044,36.57384545000002,0.54904282243546,3.3134015451782894,1.0
Y2018_LAT23.54322_LON90.17421,2018,90.17420668451803,23.54322496427895,14,31.891552024902854,31.827070175000017,0.9823320363115157,29.189213240000015,35.65268906000006,0.5747886507583118,3.0293048437874988,1.0
Y2018_LAT23.5434_LON90.18399,2018,90.18399226315104,23.543402534303326,14,32.45458172995229,32.39189798,0.49678884655151456,31.45877852000004,33.74372489000001,0.6169850308911049,3.1793819369623577,0.20954459447836943
Y2018_LAT23.55153_LON90.13487,2018,90.13486968623559,23.551530015836853,14,33.51500625609269,33.583077950000046,0.6740528033526874,32.28935738000001,34.52816048,0.6315507798606617,3.6132101114433275,0.0787980038124613
Y2018_LAT23.55171_LON90.14466,2018,90.14465554458269,23.551710119708087,14,29.032364565246674,29.219546020502527,1.6385057384428277,26.480432390000033,37.40271530000001,-0.01622248090870257,1.9405697233837875,0.9098167398992635
Y2018_LAT23.55189_LON90.15444,2018,90.15444150021044,23.551889609170125,14,32.35354202629728,32.9038319255,2.719751492447666,26.65133338999999,38.55458804,0.39888532601039217,2.274101498942942,1.0
Y2018_LAT23.55207_LON90.16423,2018,90.16422755244805,23.552068484213372,14,32.73143605581091,32.76343086086209,0.8691273390888306,29.56177742,35.187838339999985,0.6090614690074039,3.5296982702332707,1.0
Y2018_LAT23.55225_LON90.17401,2018,90.1740137011059,23.552246744855402,14,31.76757608820643,31.639162850000027,1.1596300345883328,28.94995184000001,35.492042120000036,0.5958827273907708,3.0291460879883405,0.9116997001730217
Y2018_LAT23.55242_LON90.1838,2018,90.18379994580019,23.552424390933815,14,30.45669467009579,30.64016273000003,1.181108126804153,28.773923810000042,33.43439408000003,0.6455449368283727,3.0194568301580866,0.0704200727179309
Y2018_LAT23.55946_LON90.07596,2018,90.07595685000386,23.55945748442499,14,39.55415999478343,39.53518463146343,1.1170429802007922,36.946409630000005,41.61371594000002,0.1416748635295248,1.3254997014086465,0.10180857113224358
Y2018_LAT23.55964_LON90.08574,2018,90.08574278524303,23.559641352957325,14,33.869928346517774,37.437632318682674,6.90160212556984,20.83386335,38.80068548000003,0.13599577046960415,1.2046762803394462,0.060107009095773045
Y2018_LAT23.56055_LON90.13467,2018,90.1346739410854,23.560551477377906,14,33.29069594878105,33.97273223000002,1.7363947443509726,28.811522029999992,36.44566970000005,0.5267360989018904,2.6436832530563352,0.3829640539155165
Y2018_LAT23.56073_LON90.14446,2018,90.14446046595044,23.560731658431777,14,30.633387750198718,29.531015240000034,2.852645305071121,27.432350960000036,37.61463254,0.18166189860628063,2.935100871062914,1.0
Y2018_LAT23.56091_LON90.15425,2018,90.15424708780246,23.56091122487003,14,33.19517335261878,33.0491596534483,0.9491317777809865,31.069124240000008,38.26747436000005,0.6203459402308261,2.6377006480030416,1.0
Y2018_LAT23.56109_LON90.16403,2018,90.16403380648616,23.56109017648935,14,32.80051788465433,32.76267884521741,0.5497149752035689,30.098406560000058,34.36067750000001,0.6101577788569911,2.615493484675219,1.0
Y2018_LAT23.56127_LON90.17382,2018,90.1738206215853,23.561268513405874,14,32.01849450123934,32.04676341050002,0.9089015486943491,28.60814984000001,35.01351932,0.6363226874216288,3.9337032174269013,1.0
Y2018_LAT23.56145_LON90.18361,2018,90.18360753279721,23.561446235584405,14,32.26768909828936,32.42641998200001,1.6299028558131847,28.274892890000018,35.20492844,0.6421232968553402,3.556573718911417,0.7319472075656632
Y2018_LAT23.56162_LON90.19339,2018,90.193394539743,23.561623342994867,14,31.747204206574633,31.612247618000026,1.6280074092300492,28.15013515999999,35.51938627999999,0.6250842924257227,1.9857467242629234,0.6026574714303741
Y2018_LAT23.5618_LON90.20318,2018,90.20318164221113,23.561799835632396,14,32.59294246941379,32.53392492021836,1.1728812485057352,30.194111120000002,35.37412043000003,0.608923366813337,1.489508474576271,0.21161440269144766
Y2018_LAT23.56811_LON90.05618,2018,90.0561841032653,23.56810872663883,14,28.187775852640556,27.73997276,1.9905808901077484,26.013872660000033,34.86312644000003,-0.1828199027126803,1.2304840164345123,0.07119212384961121
Y2018_LAT23.56829_LON90.06597,2018,90.0659705057738,23.56829390346477,14,31.38751323800732,29.847182090000032,3.8968631816610677,27.076876879999986,39.05703698000002,-0.09970096927097168,1.053461212131295,0.4322973415177043
Y2018_LAT23.56848_LON90.07576,2018,90.07575700812465,23.56847846549364,14,35.13030680547273,37.10845485090912,4.866282566208164,27.21701570000002,42.55708946000004,-0.00776706257757742,1.084644970891322,0.8855866695705884
Y2018_LAT23.56866_LON90.08554,2018,90.08554360972573,23.56866241285735,14,28.250888164739653,27.189381330754735,5.979102538203539,17.971271600000023,40.46184320000003,-0.09657969401169561,1.8231605147447467,0.9518802250775172
Y2018_LAT23.56885_LON90.09533,2018,90.09533031066343,23.568845745324147,14,28.460618738916697,27.71700988018184,1.8509683069614125,24.56975921,34.22908373000001,-0.05995727976581137,2.3781695663539457,0.6182858456377526
Y2018_LAT23.56903_LON90.10512,2018,90.10511711033375,23.569028462994325,14,31.293554754014693,31.577920931428594,1.134934021451874,28.303946060000044,34.13167016,0.5896457236641309,2.450073186735535,0.6407173579495433
Y2018_LAT23.56921_LON90.1149,2018,90.11490400835534,23.56921056583318,14,33.35387451539283,33.23403123369566,0.9360162933885767,29.42505662000002,35.444189840000035,0.6355368662275311,2.4151172239808862,0.886297428326746
Y2018_LAT23.56939_LON90.12469,2018,90.12469100463397,23.56939205383484,14,31.62710641434064,31.71000299000002,1.3866199896797426,26.86837766000002,34.40169374000004,0.6052740112873332,2.5906398904257575,0.9306195872290923
Y2018_LAT23.56957_LON90.13448,2018,90.1344780985673,23.56957292699432,14,33.638931125612835,34.27411091183676,2.4138441619691036,27.129856190000055,37.983778700000016,0.4671288767295326,2.364857451160627,0.9785440531296886
Y2018_LAT23.56975_LON90.14427,2018,90.1442652900807,23.56975318514655,14,32.100431889464865,32.29082224571431,2.69568220151419,27.44602304,37.51892798,0.2671460990056527,2.7409964282184873,1.0
Y2018_LAT23.56993_LON90.15405,2018,90.15405257867346,23.569932828379407,14,32.19953721576257,32.40001577750002,1.7641753715727218,24.670590800000014,36.22008038000001,0.6769659756173734,2.8512986485866434,1.0
Y2018_LAT23.57011_LON90.16384,2018,90.16383996414751,23.570111856688687,14,32.044675934186635,32.34831822500002,2.2800925812129966,25.25165420000002,37.53260006000005,0.6342369098514574,1.7830294218462184,0.9369999258822662
Y2018_LAT23.57029_LON90.17363,2018,90.1736274458886,23.570290270004396,14,33.79901641093403,33.42575523711805,1.5425126576619907,30.877715120000005,37.66590284000006,0.6851432213391112,2.38139708892748,1.0
Y2018_LAT23.57047_LON90.18342,2018,90.18341502396615,23.570468068336094,14,34.397820752854415,34.147844718928596,1.6084970715345621,31.021271960000036,39.12881540000001,0.6749206120693254,2.3264992076461257,1.0
Y2018_LAT23.57065_LON90.1932,2018,90.19320269775938,23.57064525159108,14,33.48879842252193,33.39144096200002,1.0261843029920037,31.159701770000026,37.09167548000002,0.6586541159284199,1.914199899058704,1.0
Y2018_LAT23.57082_LON90.20299,2018,90.2029904670772,23.570821819783017,14,33.39929989148972,33.051385950000025,1.1577313865087056,31.609171400000037,36.24400652000003,0.5967876682330506,2.5309969363252476,0.869721771130019
Y2018_LAT23.57694_LON90.0462,2018,90.04619585909796,23.576943666385603,14,26.495511213876934,26.16618381653064,0.7823487137239342,25.897659980000043,31.41092624000001,-0.1512200527978568,2.005558334722915,0.12978646659933668
Y2018_LAT23.57713_LON90.05598,2018,90.05598282827117,23.577129537391478,14,27.17041541323881,26.71661418782179,1.7643046208777555,25.738722050000035,37.49329283000003,-0.19235090804945967,1.5298040930289636,0.9326089055966718
Y2018_LAT23.57731_LON90.06577,2018,90.065769897539,23.577314793497933,14,28.918340348228497,27.942490445000022,2.6500519177504125,21.404672690000012,38.45204744,-0.18135167101553734,1.0654288743870937,0.991899990470577
Y2018_LAT23.5775_LON90.07556,2018,90.07555706663567,23.577499434562377,14,28.487979199696774,27.05391917900003,2.758214217358942,20.046009739999988,36.199572260000025,-0.1704059662562749,1.47038497225313,0.9927999915294018
Y2018_LAT23.57768_LON90.08534,2018,90.08534433523448,23.5776834605988,14,28.731752788519437,27.67650694693007,2.7877246226670636,21.320931200000018,38.87588191999998,-0.1373791694731949,3.4501997656459684,1.0
Y2018_LAT23.57787_LON90.09513,2018,90.0951317028898,23.57786687159305,14,29.22939819444151,27.057116451875014,4.151058716172699,23.83146689000003,40.882259660000045,-0.09880517595657763,2.876798678586689,1.0
Y2018_LAT23.57805_LON90.10492,2018,90.10491916941976,23.578049667496614,14,29.386015965714716,27.669903350000027,3.173324499258896,26.10786821000002,38.20253198000003,0.09635330977195364,1.9042998874116384,1.0
Y2018_LAT23.57823_LON90.11471,2018,90.11470673447899,23.57823184828701,14,28.230980280614364,26.90698118000001,2.4759892060392885,25.682324719999997,34.76400386,-0.01742884806595037,2.032597800460238,1.0
Y2018_LAT23.57841_LON90.12449,2018,90.12449439763861,23.578413414009635,14,28.147466579968174,27.217613853500023,2.5184689850195614,25.880569880000053,35.73130351999998,-0.07825635046774843,2.009098834233924,1.0
Y2018_LAT23.57859_LON90.13428,2018,90.13428215864754,23.57859436451453,14,29.34172277158731,29.719032234090925,1.9469656861274796,26.54879279000002,37.257449450000024,-0.06558470922909397,2.2343990992930602,1.0
Y2018_LAT23.57877_LON90.14407,2018,90.14407001710569,23.578774699885162,14,33.25124561532356,33.223602776000014,2.3594525981844563,27.534891560000005,39.94572218000002,0.4503221903626927,2.9882999449409273,1.0
Y2018_LAT23.57895_LON90.15386,2018,90.15385797276721,23.57895442004642,14,32.23086797545241,32.59329823538464,1.7384925221489613,24.24675632000003,36.25596959000001,0.6446559164287821,1.8013691100052058,0.9630999565881839
Y2018_LAT23.57913_LON90.16365,2018,90.16364602520018,23.579133524951896,14,32.279285335811046,32.842957732347834,1.7141883276899281,25.918168100000003,35.68003322000004,0.6621012225656824,2.0782012684720867,1.0
Y2018_LAT23.57931_LON90.17343,2018,90.17343417417264,23.57931201463274,14,32.845234385968304,32.84698292857144,1.8244560120341642,24.776549420000038,36.191027210000016,0.6921338583891353,2.640107718153973,1.0
Y2018_LAT23.57949_LON90.18322,2018,90.18322241933929,23.579489889063357,14,32.22355839291528,32.34289600236366,1.6548994908702106,26.13692137999999,36.58580852,0.652574476764656,3.201702590238347,1.0
Y2018_LAT23.57967_LON90.19301,2018,90.19301076029917,23.579667148169737,14,32.336662104615506,32.26435186526319,0.9852717038049701,30.27614360000001,36.26793266000004,0.5842125045434267,2.569601846590413,1.0
Y2018_LAT23.57984_LON90.2028,2018,90.20279919675204,23.579843791963405,14,32.173780964310254,32.14952015000001,1.4294395315888955,27.196507580000002,35.79624590000003,0.546204534954115,2.097947447309657,0.8197430119968362
Y2018_LAT23.58002_LON90.21259,2018,90.21258772841915,23.580019820434256,14,31.981356918974683,31.920211220000056,0.3003123050233418,31.56815516000006,32.69951978000006,0.5813569916334306,1.0,0.006008100491410941
Y2018_LAT23.58596_LON90.04599,2018,90.04599381691534,23.58596438550922,14,36.855560399167246,37.04040517999999,1.416817283846832,33.620676170000024,38.233294160000014,0.12089057540019789,1.2071576049552648,0.005143016929834805
Y2018_LAT23.58615_LON90.05578,2018,90.05578145311696,23.586150336100093,14,30.830513839191045,29.92684739995269,4.334135124982142,26.372764760000024,44.047346180000034,-0.13721833367958047,1.673587284996932,0.6371780069275793
Y2018_LAT23.58634_LON90.06557,2018,90.06556918952256,23.586335671448463,14,29.401193506574817,29.84106563315791,2.5417559853652394,26.218953860000028,40.19181962000005,-0.18627775896519694,2.2362034644868904,1.0
Y2018_LAT23.58652_LON90.07536,2018,90.07535702573853,23.58652039155245,14,26.762349607623456,26.716679547087935,0.5717185082016133,19.846055570000033,31.793744479999987,-0.2179706124031563,3.083700393884206,1.0
Y2018_LAT23.5867_LON90.08514,2018,90.08514496146475,23.586704496283456,14,27.510547269529045,27.147992411272757,0.8144657065528591,26.683804580000015,29.243901560000012,-0.20351485321145588,2.8001990597602813,1.0
Y2018_LAT23.58689_LON90.09493,2018,90.0949329963622,23.586887985781267,14,28.444418633128187,28.960850809433982,0.8359609833189856,26.68722260000004,29.24731958000001,-0.16313919092641332,2.3837971002216474,1.0
Y2018_LAT23.58707_LON90.10472,2018,90.10472113013071,23.58707085993436,14,28.66434928983802,28.972480253964306,1.7258297896629575,26.03779880000002,35.98081897999998,-0.13820898908833376,2.0642003021190676,1.0
Y2018_LAT23.58725_LON90.11451,2018,90.11450936239324,23.587253118705235,14,29.762836457234293,29.471997428000016,2.4476215865818607,25.682324719999997,36.04576136000003,0.0003834718765105781,2.1061937211430104,0.999099995764686
Y2018_LAT23.58743_LON90.1243,2018,90.12429769287054,23.587434762095437,14,31.98360507282602,32.02965115666669,1.9489107326652821,25.778029280000055,35.61509083999999,0.3303797047710751,2.6237982296387266,1.0
Y2018_LAT23.58762_LON90.13409,2018,90.13408612110976,23.58761579005396,14,32.71759978145177,32.78123027260871,1.4077016107673213,28.208241499999986,36.81994289000005,0.5832550416438025,3.4476021063628512,1.0
Y2018_LAT23.5878_LON90.14387,2018,90.14387464704231,23.58779620262227,14,34.56529625781318,34.206385940937515,1.490383183496407,31.612589420000006,38.903226080000024,0.6547505482932395,2.9732010503578827,1.0
Y2018_LAT23.58798_LON90.15366,2018,90.15366326991588,23.58797599966816,14,32.52472204394021,32.59573028807695,1.510251490348109,28.047594559999993,36.631951790000016,0.6523013648328411,2.8078014484774036,1.0
Y2018_LAT23.58816_LON90.16345,2018,90.16345198990635,23.58815518125924,14,32.10715381933547,32.08320804875002,0.886016327852886,29.522470190000007,34.834073270000005,0.6223952441400139,2.1653007778860123,1.0
Y2018_LAT23.58833_LON90.17324,2018,90.17324080625525,23.588333747325716,14,34.1205300788781,33.97293731120001,1.8106759162873909,25.289252420000025,38.07264722000002,0.6373227555594093,2.0340496151535086,0.9867999378820608
Y2018_LAT23.58851_LON90.18303,2018,90.183029718879,23.58851169786459,14,32.900611821987404,33.278620983333354,2.0967219661421614,27.193089560000033,37.68641095999999,0.5734494123713416,2.4250726102679447,0.9915999604704021
Y2018_LAT23.58869_LON90.19282,2018,90.19281872730237,23.588689032843238,14,33.15203889734933,33.203250477500035,1.187735534879887,29.954849720000027,35.504005190000015,0.5274886646568637,2.517904790140188,1.0
Y2018_LAT23.58887_LON90.20261,2018,90.20260783126669,23.588865752282388,14,32.841218581616104,32.89151484628573,1.1010485915629058,29.290044830000028,35.698832330000016,0.5309274926094373,1.7385011223582227,1.0
Y2018_LAT23.58904_LON90.2124,2018,90.21239703050647,23.589041856029944,14,33.00258723662093,32.82769553000002,1.0128647761298544,29.93775962000001,35.309178050000014,0.5353264785195259,1.25816026807877,0.3522228860361078
Y2018_LAT23.5948_LON90.036,2018,90.03600347111704,23.59479844691392,14,27.01022549000001,27.01022549000001,0.0,27.01022549000001,27.01022549000001,-0.14958390593528748,2.0,6.711480517278528e-05
Y2018_LAT23.59499_LON90.04579,2018,90.04579167419091,23.59498509252726,14,31.410054864344026,28.30764891500002,5.173975645991955,26.54366576000004,43.95847766000003,-0.08903645057522483,1.792701733036801,0.688240050828857
Y2018_LAT23.59517_LON90.05558,2018,90.05557997778936,23.59517112263364,14,37.34854209814415,38.32985322500003,5.246232350907449,26.796599239999978,45.628180430000015,0.017459101303955126,1.466202193892678,1.0
Y2018_LAT23.59536_LON90.06537,2018,90.06536838164709,23.595356537252762,14,27.131396230987882,26.77823422564161,1.187380751282963,26.21211782000003,34.476890180000055,-0.2372333308050861,2.3962016425901673,1.0
Y2018_LAT23.59554_LON90.07516,2018,90.07515688533432,23.59554133638684,14,27.6468525579094,27.142663215555572,1.069931240111038,26.475305359999993,31.26053336000001,-0.20611391191600845,3.6999008234127313,1.0
Y2018_LAT23.59573_LON90.08495,2018,90.08494548853858,23.595725519964397,14,29.417962465999754,29.67691072526318,1.4506288210134446,26.591518039999983,33.22076783,-0.17816844384988392,2.608900512473004,1.0
Y2018_LAT23.59591_LON90.09473,2018,90.09473419102342,23.595909087928014,14,32.12052672540408,30.916693694230798,3.610724774192202,26.796599239999978,37.87098404000005,0.07676545602085752,1.6522995909406957,1.0
Y2018_LAT23.59609_LON90.10452,2018,90.10452299225352,23.596092040304715,14,33.28507405991874,32.91027489320002,1.8559097873208674,27.613506020000045,37.63855868000002,0.45137379417915374,1.6994291326065605,0.9990999989411752
Y2018_LAT23.59627_LON90.11431,2018,90.11431189212549,23.596274377093007,14,34.031390114355766,34.111541820000014,1.0344469688664084,29.910415460000024,36.52257515000002,0.6142947729756446,2.8249015289483745,1.0
Y2018_LAT23.59646_LON90.1241,2018,90.12410089023778,23.596456098183445,14,34.57101675894557,34.736970429090924,0.9615181799132412,31.528847930000012,36.53795624000003,0.5988024298784915,2.3390992224696725,1.0
Y2018_LAT23.59664_LON90.13389,2018,90.13388998618139,23.596637203605646,14,33.35308135141359,33.512393296400035,1.2019638727341064,30.19752914000003,35.74839362,0.6681512053519555,2.7761997367055717,1.0
Y2018_LAT23.59682_LON90.14368,2018,90.1436791796325,23.596817693356176,14,33.185119947421896,32.59834638800001,2.5325167405545095,28.06468466000001,39.525305720000006,0.647700888781643,2.6575007411799603,1.0
Y2018_LAT23.597_LON90.15347,2018,90.1534684703842,23.59699756729302,14,33.461094983963996,33.84327472250002,1.577559384038285,25.566112040000007,37.149781820000044,0.6220981622550613,2.5280006211771995,1.0
Y2018_LAT23.59718_LON90.16326,2018,90.16325785798442,23.597176825579254,14,33.729959455721634,34.029536467142876,1.129518497461671,30.006120020000026,38.93057024000001,0.6720468452699454,2.614199546117112,1.0
Y2018_LAT23.59736_LON90.17305,2018,90.1730473421215,23.597355468053422,14,33.50183077183294,33.27162796760001,0.7163428104503455,31.91679320000003,34.97421209000004,0.6262992185640307,2.658298391992435,1.0
Y2018_LAT23.59753_LON90.18284,2018,90.18283692257297,23.597533494740503,14,32.96592250842277,32.987121748571454,0.9817764129235728,30.09840656000003,35.83897115000002,0.5736146352626567,2.860799836235101,1.0
Y2018_LAT23.59771_LON90.19263,2018,90.19262659872543,23.597710905631754,14,33.507421198673285,33.472248651500024,1.930302719181281,29.42505662000002,38.69814488000003,0.5753298155854529,2.324000381176919,1.0
Y2018_LAT23.59789_LON90.20242,2018,90.20241637070119,23.597887700577804,14,33.95998143337211,33.905982243269264,1.4068799967982906,30.156512899999996,39.23819204000006,0.5692442187125789,2.299701410359578,1.0
Y2018_LAT23.59806_LON90.21221,2018,90.2122062376602,23.598063879734603,14,33.80074384276236,33.845516334931524,1.3511566416367669,29.896743380000032,38.17518782000002,0.5445180815505758,1.7630240672810231,0.9870884555602655
Y2018_LAT23.59824_LON90.222,2018,90.22199619966455,23.598239442940674,14,31.683253857795847,31.518849718427266,1.059082384796288,29.397712460000008,34.57943078000005,0.5224308173139373,1.9635072522780972,0.5859766458190233
Y2018_LAT23.60382_LON90.0358,2018,90.03580056023165,23.603819061985668,14,27.37943570048794,27.376397836964316,0.1616780605121978,27.05807777000001,27.82200524000001,-0.18043385410960688,2.063687198531609,0.08395269664934614
Y2018_LAT23.60401_LON90.04559,2018,90.04558943091567,23.604005787425084,14,27.07041595808341,26.908446859199973,0.971953601498125,26.516321599999998,36.43028860999999,-0.19232081471055112,2.1947990527047723,1.0
Y2018_LAT23.60419_LON90.05538,2018,90.05537840228902,23.60419189714959,14,31.65009275933964,30.776883530000013,3.355139448445875,26.844451520000007,41.38470860000001,-0.09101886549351518,3.429799669645513,1.0
Y2018_LAT23.60438_LON90.06517,2018,90.06516747388737,23.604377391111335,14,28.38917361837795,28.883752835000017,0.9880353344645393,26.72482082000002,29.582285540000015,-0.20949087615685852,3.5544994758817463,1.0
Y2018_LAT23.60456_LON90.07496,2018,90.07495664535803,23.604562269246284,14,28.406268833350328,28.859130165714305,1.036962363083354,26.639370320000012,32.4124061,-0.1965751322558488,3.5160994307052116,1.0
Y2018_LAT23.60475_LON90.08475,2018,90.08474591641308,23.60474653158036,14,31.318880804244312,31.454505995000023,3.331692711650983,26.680386559999988,37.059204290000025,0.16933418155542979,2.8572946225629403,1.0
Y2018_LAT23.60493_LON90.09454,2018,90.09453528668544,23.604930178071733,14,34.963480534054945,34.799390420000016,1.3949146973512843,30.63845372,38.24013020000004,0.6004220580124837,2.9646987819985746,1.0
Y2018_LAT23.60511_LON90.10432,2018,90.1043247559147,23.605113208680958,14,32.925677676232404,32.703426088571454,1.1428822360799804,30.635035700000003,35.89195046000003,0.6183899197937652,2.9415987548220763,1.0
Y2018_LAT23.6053_LON90.11411,2018,90.11411432372446,23.60529562340362,14,33.18088846298225,32.98632273090911,0.9873072881306075,30.546167179999998,36.225207409999996,0.6285313119316878,3.4686974997529485,1.0
Y2018_LAT23.60548_LON90.1239,2018,90.12390398965758,23.605477422241357,14,35.292669947003226,35.64177232265308,1.2719294552735723,31.634806550000008,37.495001840000015,0.6731735108594014,2.2689979635270197,1.0
Y2018_LAT23.60566_LON90.13369,2018,90.13369375359669,23.605658605116787,14,34.40063772740452,34.14000158375002,1.2713090692773323,31.460487529999995,37.86072998000003,0.656047353111658,2.3849004528240627,1.0
Y2018_LAT23.60584_LON90.14348,2018,90.14348361519569,23.605839172024595,14,33.154790894922805,33.28509355690724,1.22690403146752,29.083254620000048,37.474493720000055,0.6650960670266806,2.884901811302648,1.0
Y2018_LAT23.60602_LON90.15327,2018,90.15327357382665,23.606019123018413,14,31.222005710908228,31.159156341276617,1.273923810482166,28.34496230000002,36.39098138000003,0.6846041496748936,2.9114998958822325,1.0
Y2018_LAT23.6062_LON90.16306,2018,90.16306362953624,23.606198457881845,14,31.96711778742624,32.715615546909106,2.245229380640573,23.99040481999998,34.79476604000001,0.6063730268288653,1.8943981831945453,0.7926009324716878
Y2018_LAT23.60638_LON90.17285,2018,90.17285378180443,23.60637717677695,14,32.67031678383543,32.612917555869586,0.7950742311672858,29.86427219000001,34.8221102,0.5640555353615514,1.601189350911944,0.8588016884785362
Y2018_LAT23.60656_LON90.18264,2018,90.18264403032298,23.606555279582388,14,31.89958060606159,32.10649331000002,1.1683548316453103,27.871566530000024,33.63605726000003,0.507691832561935,2.5024017675314982,1.0
Y2018_LAT23.60673_LON90.19243,2018,90.19243437472318,23.606732766304486,14,31.34261821418103,31.236567475581417,1.2907513148609984,28.016832379999983,35.92442165,0.5481747847109883,3.2924015204723838,1.0
Y2018_LAT23.60691_LON90.20222,2018,90.2022248147192,23.606909636959887,14,33.09300188242053,33.04775091285716,0.8216821098939479,30.35304905000001,36.53112020000003,0.5632902086221522,3.3340039247243602,1.0
Y2018_LAT23.60709_LON90.21202,2018,90.21201535005709,23.607085891444353,14,32.67301564574025,32.54798756000001,1.235385129081648,28.87133738,36.428579600000035,0.5992197322990269,2.605096393647354,0.9495999407058126
Y2018_LAT23.60726_LON90.22181,2018,90.22180598019388,23.607261529761217,14,31.460494761179135,31.357702785714302,1.2586260855537976,28.594477760000018,35.396337560000006,0.5684844348591951,2.9760231467302796,0.8931326008011549
Y2018_LAT23.61081_LON90.42743,2018,90.4274305541086,23.610807560186927,14,34.324043021803654,34.251300860000015,2.3782195008436324,30.385520240000005,37.95985256000006,0.19365436240605707,1.0324571206452553,0.07319224299497504
Y2018_LAT23.61097_LON90.43722,2018,90.43722318872717,23.610969637114824,14,32.167002724441694,31.95439141999998,0.9133720124124436,30.494896880000056,35.037445460000015,0.12474859036224815,1.0,0.03434134702442464
Y2018_LAT23.61284_LON90.0356,2018,90.03559754830985,23.612839664946023,14,27.698661373193897,27.695538499999998,0.07973058256758969,27.572489780000012,27.88694762,-0.192446052132998,3.0,0.01320532887607739
Y2018_LAT23.61303_LON90.04539,2018,90.04538708714924,23.613026470206158,14,27.360586380588508,26.86532585642861,0.9356398970434315,26.499231500000008,29.21313938000003,-0.20321740540566782,3.217293650729762,0.4491916149259223
Y2018_LAT23.61321_LON90.05518,2018,90.05517672655843,23.61321265948055,14,28.8840651350435,29.179172806250016,0.9047832599438647,26.495813480000038,29.927505560000014,-0.20508173752885908,3.8517004785904874,1.0
Y2018_LAT23.6134_LON90.06497,2018,90.06496646621665,23.61339823274285,14,29.311792225332628,29.593570659141488,1.1588539370135889,26.917938950000007,36.614861690000026,-0.17340585195053887,3.7446987985825797,1.0
Y2018_LAT23.61358_LON90.07476,2018,90.0747563058962,23.61358318994972,14,32.11869014954093,32.97569579600003,3.1073346337572567,27.063204800000022,37.158326870000025,0.25942652631961927,3.6039981364618177,1.0
Y2018_LAT23.61377_LON90.08455,2018,90.08454624501395,23.61376753104904,14,35.038203298918276,35.04618040000001,0.8160745400622094,32.4124061,37.59412442000004,0.6133692151536206,3.823800347295749,1.0
Y2018_LAT23.61395_LON90.09434,2018,90.09433628353942,23.61395125610378,14,33.83844428353345,33.79467106741381,0.7410426976387698,31.51004882000001,35.840680160000005,0.6524695482194357,4.013002414129001,1.0
Y2018_LAT23.61413_LON90.10413,2018,90.10412642097,23.614134364971328,14,33.01525856923495,32.89210752758623,0.7296814118591326,31.518593870000018,36.00303611000001,0.638891426506872,4.3528016602430935,1.0
Y2018_LAT23.61432_LON90.11392,2018,90.11391665697448,23.614316857740192,14,34.38503608590413,33.907958343943676,2.2081024538229737,30.38210221999998,42.59468767999999,0.5967051684018079,3.391597136927695,1.0
Y2018_LAT23.6145_LON90.12371,2018,90.12370699129812,23.61449873431452,14,35.826172454622764,35.84645543517243,1.6844080765525669,30.498314900000025,43.28341871000001,0.6048275815864443,3.000995298801402,1.0
Y2018_LAT23.61468_LON90.1335,2018,90.13349742343316,23.61467999466885,14,33.08267925862715,32.90824191434785,1.3806087646298677,29.257573640000032,37.78211552000005,0.643221596605611,2.7227034009571747,1.0
Y2018_LAT23.61486_LON90.14329,2018,90.14328795335798,23.61486063877238,14,33.71205367123955,33.73196288000003,1.2566760964972536,30.11549666000002,36.95153665999999,0.6648040425024528,2.6049016701255043,1.0
Y2018_LAT23.61504_LON90.15308,2018,90.15307858043687,23.615040666645115,14,33.176480638879674,33.09688278595747,1.4361389674638514,27.483621260000007,36.177355130000024,0.6547121783824118,1.9096627466785605,0.9807999096466331
Y2018_LAT23.61522_LON90.16287,2018,90.16286930451557,23.615220078290914,14,32.0922332658445,31.905419965309758,1.2969597908729773,27.55881770000002,37.019897060000005,0.5678447774437662,1.8986182374651126,0.941002075303884
Y2018_LAT23.6154_LON90.17266,2018,90.17266012520611,23.61539887357998,14,32.17248984813049,32.04127904204547,0.9313883140807071,28.637203010000036,34.81527416000006,0.5375882126303297,2.049092136799069,0.9513009472985755
Y2018_LAT23.61558_LON90.18245,2018,90.18245104215279,23.615577052584186,14,32.464855109743766,32.51423461250002,0.8712524938347683,28.474847060000002,34.463218100000006,0.5450732597409794,1.9539021360100512,1.0
Y2018_LAT23.61575_LON90.19224,2018,90.1922420550847,23.615754615174378,14,31.94478610727004,31.98462190800002,1.3089598708732806,28.109118920000014,36.02183522000004,0.6038262060740218,2.7034009571809676,1.0
Y2018_LAT23.61593_LON90.20203,2018,90.2020331635949,23.615931561389,14,33.034271356755546,32.966558610140865,1.5696918433282074,27.23068778000004,39.00234866000005,0.5554198855438336,2.8759017689494972,1.0
Y2018_LAT23.61611_LON90.21182,2018,90.21182436738655,23.616107891202397,14,32.30354831184584,32.19707084,1.4111532362385948,28.24925774000002,35.68857827000002,0.5833899558873519,2.8630017082433254,1.0
Y2018_LAT23.61628_LON90.22162,2018,90.22161566619138,23.616283604691276,14,30.497517491996295,30.533315424800023,1.2461337763526055,26.41036298000006,35.06137160000003,0.5778023593993099,2.2412144652871784,0.9169057489689022
Y2018_LAT23.61646_LON90.23141,2018,90.23140705959227,23.616458701651823,14,26.816907324152353,27.35405693937502,2.3640470607884034,21.980609060000006,31.735638139999992,0.6851728683358784,1.143960674157302,0.3647027844010056
Y2018_LAT23.61967_LON90.41746,2018,90.41746107053739,23.61966838825803,14,35.322059074021915,35.51596826000002,1.068599492063229,33.72150776000001,36.985716860000025,0.5027884581852445,1.2710430342815462,0.024342866883047647
Y2018_LAT23.61983_LON90.42725,2018,90.4272542864896,23.619831151377753,14,34.39371733323043,33.92253006125002,1.1048050737766728,32.58672511999998,37.65564877999998,0.4788942671994239,1.8428987463153041,0.8086705845608136
Y2018_LAT23.61999_LON90.43705,2018,90.4370475903296,23.619993297595872,14,35.60797432931748,35.90618058408164,1.6030016372960763,30.52224104000004,38.622948440000016,0.37720852636873514,1.3069904132153103,0.9039882306310648
Y2018_LAT23.62015_LON90.44684,2018,90.44684098128893,23.620154826879592,14,35.3563504524018,36.37389128000001,2.8046376917569016,30.166766960000018,38.886135980000006,0.19965969389092666,1.0195038200703925,0.2093028269986094
Y2018_LAT23.62205_LON90.04518,2018,90.04518464271203,23.622047140918905,14,29.185366491018698,29.161303145541,0.1347756391802408,28.874755400000026,29.62330178000002,-0.18925833849266757,4.0,0.534644318804358
Y2018_LAT23.62223_LON90.05497,2018,90.05497495053406,23.622233409833044,14,29.448653904716487,29.486077432410738,0.34672172710497634,28.874755400000026,33.383123780000034,-0.17894667618727636,4.0,1.0
Y2018_LAT23.62242_LON90.06477,2018,90.06476535865332,23.622419062320585,14,34.21876398362071,35.40943997000001,3.442821923488423,29.53614227,40.33879447999999,0.2980632254724525,3.907299890941048,1.0
Y2018_LAT23.6226_LON90.07456,2018,90.07455586674224,23.622604098558412,14,36.312670410374075,35.987394953260896,1.079533095343775,34.37776760000003,39.983320400000025,0.6429980268817461,3.7857997479997034,1.0
Y2018_LAT23.62279_LON90.08435,2018,90.08434647443278,23.622788518511836,14,35.01825037253016,34.86032366360003,0.8463393414252011,32.45342234000003,37.67786591000001,0.6364764970267647,3.557300269648328,1.0
Y2018_LAT23.62297_LON90.09414,2018,90.09413718140415,23.622972322092547,14,34.798038464240314,34.541912669843775,1.0692736739891286,32.64483145999998,37.79920562000001,0.6353881860758164,3.135000158823715,1.0
Y2018_LAT23.62316_LON90.10393,2018,90.10392798739593,23.62315550928535,14,34.941546730097784,34.97227302096155,1.5673586539520898,28.83715718000002,37.915418300000056,0.6688519983366972,3.504699417293432,1.0
Y2018_LAT23.62334_LON90.11372,2018,90.11371889198318,23.623338079937007,14,36.03772711538685,35.84134283734696,1.839525204093101,33.04132178000003,41.723092580000014,0.6189654462102376,4.1272005985910525,1.0
Y2018_LAT23.62352_LON90.12351,2018,90.12350989493636,23.623520034224157,14,34.84584157294887,34.84371837241382,1.5444262511363371,31.39041812000005,42.358844300000015,0.611900341792068,4.82140096635408,1.0
Y2018_LAT23.6237_LON90.1333,2018,90.13330099572634,23.623701372131254,14,33.890565142256634,33.649459496315814,1.8451748834458717,29.41480256,38.35634288000006,0.675677912250296,3.226179710397575,0.9717999668234907
Y2018_LAT23.62388_LON90.14309,2018,90.14309219432819,23.623882093479704,14,33.46752946459316,33.407733524000015,1.9429062744912553,29.090090659999987,38.35634288000006,0.6922763981675111,1.570459697780744,0.9309996752925893
Y2018_LAT23.62406_LON90.15288,2018,90.15288349003131,23.624062198306426,14,31.46537967960549,31.46521061218183,1.4538667067352484,25.272162320000007,36.23033443999998,0.5823353639624954,2.1024586660283475,0.8256997949409353
Y2018_LAT23.62424_LON90.16267,2018,90.16267488295445,23.62424168658617,14,32.42962875499278,32.172057148181835,1.1087772475765636,28.679928259999997,34.72469662999998,0.5810360021986689,2.5814006840008035,1.0
Y2018_LAT23.62442_LON90.17247,2018,90.1724663722966,23.62442055832163,14,32.14225632811843,32.110619943902456,0.9750932656834679,28.722653510000043,34.32649730000003,0.5320340947441992,1.8349992235257582,1.0
Y2018_LAT23.6246_LON90.18226,2018,90.18225795806664,23.62459881340563,14,31.581096655340904,31.698309763684232,0.917622606681826,28.127918030000046,34.12141610000003,0.5183796298250534,2.659087132234647,0.9981999978823505
Y2018_LAT23.62478_LON90.19205,2018,90.19204963976729,23.624776451971467,14,31.930877240895317,31.83077303000003,1.0036457017629885,29.98219388000001,35.059662590000016,0.5700242982885141,1.9484961681034791,0.9882999862352779
Y2018_LAT23.62495_LON90.20184,2018,90.2018414171403,23.624953473877497,14,32.58745257056698,32.73247925857146,1.8008457289806428,28.174061300000005,36.07994156000001,0.6033514667346918,2.424999647057161,1.0
Y2018_LAT23.62513_LON90.21163,2018,90.21163328989275,23.62512987910263,14,32.34168722594295,32.48709989000001,0.9881763692319407,27.599833940000053,34.135088180000025,0.6419663129747383,1.4643395765706235,0.9828999798823292
Y2018_LAT23.62531_LON90.22143,2018,90.22142525748927,23.62530566764233,14,29.24834107859536,29.593408113278706,1.7735835513010023,24.031421060000014,32.78497028000004,0.6435126483211939,2.65970077611856,1.0
Y2018_LAT23.62548_LON90.23122,2018,90.23121731985778,23.625480839488127,14,29.87710944096249,30.16267433078949,1.2882485364328895,23.39908736000001,32.299611440000035,0.6483760808683867,2.1566742522526354,0.9973979140887396
Y2018_LAT23.62566_LON90.24101,2018,90.24100947647247,23.62565539458282,14,30.53933703356135,30.252217460000054,0.8013726766552992,28.965332930000045,32.16289064000003,0.6264821072093318,1.8801638048710405,0.10034387548391278
Y2018_LAT23.62853_LON90.40749,2018,90.40749024821635,23.62852844827597,14,34.96029254771685,34.62044702000003,1.2104337394833096,32.82769553000003,36.62340674000001,0.5848490250443482,1.3768223375339759,0.014345518930626114
Y2018_LAT23.62869_LON90.41728,2018,90.41728404575049,23.62869189815991,14,35.142061824482845,35.38687298831524,1.5391639957619727,31.598917340000014,38.12733553999999,0.4640459248671602,1.3057402028961789,0.7046581344402169
Y2018_LAT23.62885_LON90.42708,2018,90.42707793130677,23.628854730892737,14,35.47236506841352,35.3984409569231,1.4267096709956326,29.560068410000042,38.445211400000005,0.4100951977014558,1.532599450117,1.0
Y2018_LAT23.62902_LON90.43687,2018,90.43687190455779,23.629016946425544,14,36.2491625872219,36.600952977846184,1.7000789218304075,29.319098000000054,39.00234866000005,0.3151393732848042,1.1303982606976986,1.0
Y2018_LAT23.62918_LON90.44667,2018,90.44666596515947,23.629178544765832,14,34.86043880646674,36.035205710000014,3.3789927730135387,29.37549532999998,40.22599982000003,0.23718190656912655,1.229396890626007,0.9400241613895292
Y2018_LAT23.62934_LON90.45646,2018,90.45646011268121,23.629339525812657,14,32.01713806747021,30.850370960000006,2.4426014598435777,29.397712460000008,38.36659694000002,0.14701223147894116,1.4260370589505913,0.38261610107369215
Y2018_LAT23.6295_LON90.46625,2018,90.4662543470598,23.629499889615214,14,31.888807427920057,31.582891732846743,1.2031533853163758,30.542749160000028,37.53943609999999,0.10991624376611353,1.1888023981047235,0.07396824261497749
Y2018_LAT23.63032_LON90.00582,2018,90.00581920137908,23.630316240577596,14,37.64542787989556,38.25380228,1.599142402486532,34.73665970000002,39.29800739000001,0.5588207558662345,2.278938640132671,0.021391854067112984
Y2018_LAT23.63051_LON90.01561,2018,90.01560977336864,23.63050505498827,14,31.0043487554321,30.72903125000002,2.869975352276043,27.521219480000013,36.47984989999998,0.06032092150925844,2.795721014698376,0.3159640660582045
Y2018_LAT23.63069_LON90.0254,2018,90.02540044685855,23.630693252966037,14,39.15337570327804,39.67301301285716,4.081855817791651,27.962144060000014,45.54102092000005,0.08561376460518036,3.0858964002796627,0.5285350898908279
Y2018_LAT23.63088_LON90.03519,2018,90.03519122181311,23.630880834439807,14,29.811083019760453,29.718579087500036,0.6809832741323397,29.10888977000002,37.15149083,-0.1667967546927143,4.0,0.5785511251763146
Y2018_LAT23.63107_LON90.04498,2018,90.04498209769812,23.631067799470767,14,29.67078553309847,29.638524972336977,0.3664512771805502,29.201176309999994,35.01010130000003,-0.15867697349927237,4.0,0.842457681594175
Y2018_LAT23.63125_LON90.05477,2018,90.05477307424252,23.631254147911996,14,32.76003959930088,33.47711933000002,3.0387783519888987,27.49387532000003,37.166871920000006,0.2390485131980991,3.823899171290216,1.0
Y2018_LAT23.63144_LON90.06456,2018,90.06456415107301,23.63143987984279,14,35.52317525010473,35.46355862000002,0.6593098332186789,33.62409419000002,37.240359350000006,0.6432919413311952,3.9636999572940668,1.0
Y2018_LAT23.63162_LON90.07436,2018,90.07435532800123,23.631624995172196,14,36.219142530505444,36.11155824500002,0.8803379207274281,34.709315540000034,40.877132630000034,0.6188475734145785,4.0,1.0
Y2018_LAT23.63181_LON90.08415,2018,90.08414660453354,23.631809493901137,14,34.7220990231061,34.751186284999996,0.8921632170822013,33.058411879999994,36.65587793000003,0.6333513323099788,3.468499851764019,1.0
Y2018_LAT23.63199_LON90.09394,2018,90.09393798034814,23.631993375974673,14,35.716363710975365,35.954500226000015,1.132782896427991,33.236148920000005,38.46401051000004,0.6438174194800103,2.361299248587352,1.0
Y2018_LAT23.63218_LON90.10373,2018,90.10372945516869,23.632176641414723,14,35.31999612618624,35.88782035250002,1.7031301582390936,31.241734250000007,38.01795890000005,0.6647046056323379,2.5097994232934404,1.0
Y2018_LAT23.63236_LON90.11352,2018,90.11352102872527,23.632359290226457,14,34.36983762760419,33.97916136285717,1.3799123076441033,31.39383614000002,38.563133090000036,0.6764583119265387,3.5380048847288745,1.0
Y2018_LAT23.63254_LON90.12331,2018,90.1233127005404,23.632541322280527,14,34.39696832581203,34.33790105763638,1.5281382724467996,30.782010560000003,38.79214043000002,0.677344611573526,3.9485022923556454,1.0
Y2018_LAT23.63272_LON90.1331,2018,90.1331044703737,23.632722737589727,14,34.341922319651154,34.59558869272729,1.9524403000936492,29.67115406000005,37.905164239999976,0.6639096866260285,3.666600784236227,1.0
Y2018_LAT23.6329_LON90.1429,2018,90.14289633789178,23.632903536121397,14,33.755328535410314,33.65021762857146,1.1751267112696393,30.43508153000002,38.89639004000003,0.6248004465152738,3.323299168466681,1.0
Y2018_LAT23.63308_LON90.15269,2018,90.15268830281009,23.633083717928397,14,33.92566295094282,33.85658791040001,0.7400706988829501,30.773465510000023,36.380727320000005,0.5885277247785837,4.39270046200055,1.0
Y2018_LAT23.63326_LON90.16248,2018,90.16248036461046,23.63326328294432,14,32.92504752128143,32.76801164230771,1.1558740765910218,30.34450400000003,35.65268906000006,0.6925172603688822,4.112200132000171,1.0
Y2018_LAT23.63344_LON90.17227,2018,90.17227252310705,23.633442231082565,14,32.251479711422824,32.171636750000026,0.9349100985927974,27.65281325000001,34.98788417000003,0.6359280185834756,3.1854008724747027,1.0
Y2018_LAT23.63362_LON90.18206,2018,90.18206477796052,23.63362056242173,14,30.410585814183122,30.93308704400001,3.637732852305207,20.54845868000001,37.44031352000002,0.6109118613192828,2.1142567560282246,0.9819999788235044
Y2018_LAT23.6338_LON90.19186,2018,90.19185712892651,23.633798276907896,14,31.69882129632769,31.6072182457143,1.0484680980824341,28.00316030000002,35.45786192000003,0.5205407090479592,1.1356862780365835,0.7848997469408818
Y2018_LAT23.63398_LON90.20165,2018,90.20164957542866,23.633975374415314,14,31.387109385833508,31.310829846754736,1.6757168213444738,14.180687420000027,34.415365820000034,0.5572481956428843,1.56148027529559,0.8799994352914626
Y2018_LAT23.63415_LON90.21144,2018,90.21144211727994,23.634151855080056,14,30.86496431401547,31.70061547028171,2.2765919536836834,15.363322340000025,34.01203945999998,0.6197946399925776,1.5934109375059917,0.9195999054116565
Y2018_LAT23.63433_LON90.22123,2018,90.2212347542373,23.63432771869168,14,28.375328528049437,28.903278187586228,2.8182099143830865,20.589474920000043,33.875318660000005,0.580387194942278,1.8311965811965798,0.9828011562366543
Y2018_LAT23.6345_LON90.23103,2018,90.2310274857601,23.63450296536963,14,30.70261597059411,30.90772332500002,1.6220512987316873,21.785781919999977,33.23956694000003,0.5267510756547307,1.5870393900889486,0.9444044442562085
Y2018_LAT23.63468_LON90.24082,2018,90.24082031171682,23.6346775950961,14,31.367598344325692,31.27078742000002,0.6507938112910735,30.368430139999987,32.73711800000001,0.5833362969769141,1.0,0.2319001760307723
Y2018_LAT23.63485_LON90.25061,2018,90.25061323168539,23.63485160776511,14,,,,,,,,0.0
Y2018_LAT23.63639_LON90.33875,2018,90.33875368702479,23.636389951974817,14,33.002470186189264,33.01739564000002,0.6791721241258802,31.469032580000032,34.446128000000044,0.6408570238509694,2.175208059570742,0.024368548952355226
Y2018_LAT23.63656_LON90.34855,2018,90.34854752886153,23.63655779316477,14,34.505415064768954,34.69906148000001,2.3367108736901288,30.50515094000002,38.71523497999999,0.4600115799541717,1.1877632760168486,0.15595954809318224
Y2018_LAT23.63673_LON90.35834,2018,90.35834146102766,23.636725017055053,14,33.38099641358472,33.47541032000004,0.43068244075922407,32.42607817999999,34.00520342000004,0.6731388941197567,1.0,0.006289553041779347
Y2018_LAT23.63739_LON90.39752,2018,90.39751808667401,23.637387739401863,14,35.23802882542019,35.218600519999995,0.333304350658445,34.66488128000003,35.84068016000003,0.47671913742068023,1.0,0.02755859437337982
Y2018_LAT23.63755_LON90.40731,2018,90.40731246568988,23.637551876547917,14,34.15465047411694,34.206845027643766,1.0079646930571498,30.036882200000036,36.575554460000035,0.5929559253481724,1.1662549332690624,0.7160788571962791
Y2018_LAT23.63772_LON90.41711,2018,90.41710693302514,23.637715396337033,14,34.214556906743674,33.79595223560001,1.3433850276921173,31.64847863,38.182023860000015,0.552306224551374,1.6222995556465423,1.0
Y2018_LAT23.63788_LON90.4269,2018,90.42690148839867,23.637878298641105,14,35.014535932831706,34.96380027523079,1.4632814096113922,29.876235260000016,38.380269020000014,0.5545093059128637,1.3888992810579812,1.0
Y2018_LAT23.63804_LON90.4367,2018,90.4366961315126,23.638040583553735,14,34.72849524027564,35.03258827368424,1.9609135730971499,29.806165850000014,38.657128639999996,0.44019926559372263,1.6081981562266217,1.0
Y2018_LAT23.6382_LON90.44649,2018,90.44649086197253,23.638202250888767,14,35.20769339624566,35.144353530000004,1.4130270387697546,31.634806550000036,38.558006060000025,0.5013783097284817,1.3579992447049913,1.0
Y2018_LAT23.63836_LON90.45629,2018,90.456285679369,23.638363300742633,14,35.52772556696464,35.29775209742859,1.2513839798083233,32.86358474000002,38.8041035,0.43136275826522946,1.5154994299993336,1.0
Y2018_LAT23.63852_LON90.46608,2018,90.46608058368504,23.638523733097685,14,34.71338810387106,34.96281869000002,1.8815469520761807,29.941177639999978,39.92863208000006,0.3694388910450924,2.4490607040748604,0.9849913062648227
Y2018_LAT23.63868_LON90.47588,2018,90.47587557416632,23.638683547945472,14,31.275819166379666,30.809354719999988,1.2393570739004662,29.664318019999996,34.143633230000006,0.11800331566668511,2.9111289031224965,0.04901061974051744
Y2018_LAT23.63934_LON90.00561,2018,90.00561387970349,23.639336565967717,14,34.77872851493367,34.97079407000001,3.035022797845344,30.32741390000004,40.35417557000005,0.24688659184585357,2.3149330053725166,0.27688662506228046
Y2018_LAT23.63953_LON90.01541,2018,90.01540512064885,23.63952546108223,14,28.801932671456118,27.717282925106417,2.139448708777889,27.029024600000014,39.585121070000014,-0.0891409407018082,2.94179972611635,1.0
Y2018_LAT23.63971_LON90.0252,2018,90.02519646314518,23.63971373938418,14,29.715146422220652,29.46527532200001,2.3953770211164875,27.155491340000026,37.98036067999999,-0.13376394696814214,3.405199553880244,1.0
Y2018_LAT23.6399_LON90.03499,2018,90.034987907132,23.639901401038887,14,29.791000976920262,29.796972321897254,0.21907298859515964,27.46311314000002,32.24150510000004,-0.16102502545010708,3.998199991529372,1.0
Y2018_LAT23.64009_LON90.04478,2018,90.04477945199663,23.640088445885237,14,33.302855977744095,34.71786059000002,2.9188678710302955,29.58399455,38.561424079999995,0.255816724401284,4.0,1.0
Y2018_LAT23.64027_LON90.05457,2018,90.05457109763331,23.640274873941813,14,36.46361720630946,36.41726997500002,0.6930652544212066,34.76058584000003,40.15763942000001,0.6326286296324802,4.0,1.0
Y2018_LAT23.64046_LON90.06436,2018,90.06436284356948,23.640460685216226,14,36.62035179987778,36.617547277142876,0.59424123864123,35.102387840000006,38.91860717000003,0.5987657263540294,4.0,1.0
Y2018_LAT23.64065_LON90.07415,2018,90.07415468952574,23.64064587967984,14,36.90845889788555,36.98632258506332,0.67638516797237,33.996658370000006,39.15103253000004,0.5421389552672414,3.9162996061157935,1.0
Y2018_LAT23.64083_LON90.08395,2018,90.08394663525623,23.640830457145512,14,36.51980430296293,36.84515078750003,1.3981895073427237,33.43781210000003,41.473577120000016,0.6552882598690917,3.0333989807010826,1.0
Y2018_LAT23.64101_LON90.09374,2018,90.09373868027556,23.641014417801408,14,38.27804876437363,37.473280874193556,2.4335795208984052,33.43781210000003,44.60790146000002,0.5780449416750567,2.0499978823429754,1.0
Y2018_LAT23.6412_LON90.10353,2018,90.1035308243253,23.641197761553297,14,35.84655397860864,36.0348858418182,1.900723306611024,29.500253059999977,39.85343564000004,0.6503755069923348,2.3283921336100346,1.0
Y2018_LAT23.64138_LON90.11332,2018,90.1133230671203,23.64138048836323,14,33.341559614741286,32.71326954227274,2.465757644952061,28.765378760000033,43.03561225999999,0.6357139516804577,2.9133984159925395,1.0
Y2018_LAT23.64156_LON90.12312,2018,90.12311540817527,23.641562598137853,14,32.86903204802351,32.53351008448279,1.510883876989465,29.975357840000015,38.173478810000006,0.6803968454738114,3.9061066169723118,1.0
Y2018_LAT23.64174_LON90.13291,2018,90.13290784739192,23.641744090980474,14,32.36609021113521,32.2652146049296,0.7109817134897404,30.518823020000042,36.22349840000004,0.6494340252354673,4.67490788191943,1.0
Y2018_LAT23.64192_LON90.1427,2018,90.14270038415933,23.641924966825982,14,32.51632408007536,32.599008629375014,1.0245000024251174,30.019792100000018,38.78701339999998,0.636021355736266,3.4624998235285718,1.0
Y2018_LAT23.64211_LON90.15249,2018,90.15249301844727,23.642105225591944,14,32.72861888840488,32.75634436250003,0.4812951052153686,31.439979410000007,33.957351140000014,0.6232807195504639,4.168600793415497,1.0
Y2018_LAT23.64228_LON90.16229,2018,90.16228574963881,23.642284867320626,14,33.45642074295506,33.235743392203396,0.9210360604531866,30.860625020000043,36.18760919000002,0.6389445564924496,4.419804328490954,1.0
Y2018_LAT23.64246_LON90.17208,2018,90.17207857758389,23.642463891953792,14,33.419526346850176,33.357061377500024,1.2020162058209032,30.12062369000003,36.756709520000015,0.6231121678219973,2.77649894823034,1.0
Y2018_LAT23.64264_LON90.18187,2018,90.18187150194369,23.642642299414003,14,33.08521934997169,33.09810363725001,1.8767424654863363,28.26292982000001,37.24548637999999,0.6291454383944398,1.6647638350822296,0.8253991783490717
Y2018_LAT23.64282_LON90.19166,2018,90.19166452228174,23.64282008978363,14,31.93815863996148,31.988669277714305,1.466928424248972,28.96704194000003,35.464697960000024,0.529002259874355,1.1096713975897,0.7713989242302289
Y2018_LAT23.643_LON90.20146,2018,90.20145763829525,23.64299726296808,14,32.00147417187481,32.063292827272754,1.2687268522923307,14.180687420000027,33.8821547,0.6046461441509248,1.2799129006715724,0.9627998249403525
Y2018_LAT23.64317_LON90.21125,2018,90.21125084981313,23.643173818962985,14,31.915527276049385,32.04863111428573,1.2954253213683353,27.847640390000038,35.327977160000046,0.6004727173823755,1.5033000155294802,1.0
Y2018_LAT23.64335_LON90.22104,2018,90.22104415620227,23.64334975780315,14,30.83793308024473,30.83964217500002,1.121992701477042,19.59824911999999,32.925109099999986,0.5301292952137495,1.1534265860765816,0.8975018705970381
Y2018_LAT23.64353_LON90.23084,2018,90.23083755736806,23.643525079329393,14,30.36383423768947,30.383982131000035,0.8290214154913871,27.569071760000043,31.793744479999987,0.5046700605823905,1.097522221212003,0.8152026597772208
Y2018_LAT23.6437_LON90.24063,2018,90.24063105301244,23.64369978365415,14,29.673676884285722,29.57544949999999,0.2421773888644355,29.370368299999996,30.183857060000037,0.5155837464900243,1.0,0.012600059294396651
Y2018_LAT23.64387_LON90.25042,2018,90.25042464250843,23.64387387067206,14,,,,,,,,0.0
Y2018_LAT23.64524_LON90.32878,2018,90.32877670502518,23.645244341727786,14,30.53043402886866,30.237574682900174,1.0017233986330218,29.18237720000002,35.03060942000002,0.6271065307727142,3.00768571507561,0.39197009102730745
Y2018_LAT23.64541_LON90.33857,2018,90.33857112606012,23.64541287210143,14,33.11411028269206,33.10113713000002,1.8927829543021228,29.40796652000006,37.96156157000004,0.5654020128318424,2.210794651428224,0.9424742826204648
Y2018_LAT23.64558_LON90.34837,2018,90.34836563780057,23.645580784953946,14,34.899534525973124,34.77954031454547,1.948124755889735,30.040300220000006,40.595145979999984,0.413347707194611,1.9393997148221853,1.0
Y2018_LAT23.64575_LON90.35816,2018,90.35816023993993,23.64574808031333,14,32.14652383823638,31.855808527368435,1.97419772044478,29.54468732000001,37.49329283000003,0.6521971550119451,2.354805689880347,0.7154370357543525
Y2018_LAT23.64591_LON90.36795,2018,90.3679549321608,23.64591475808523,14,32.34779911178167,32.32182857000004,0.20418128911084232,32.02275182000005,32.79351533000005,0.6279565373364503,2.0,0.005287576143929722
Y2018_LAT23.64625_LON90.38754,2018,90.38754458532914,23.646246260840886,14,30.30460785439189,30.303487759999996,0.0828869850000403,30.303487759999996,30.469261730000028,0.7287495595377844,2.0,0.0005228665806998626
Y2018_LAT23.64641_LON90.39734,2018,90.39733954566749,23.646411085800302,14,30.880548706603264,30.264407788494474,1.6947463484942127,28.256093780000043,35.331395180000015,0.6141227582295261,1.979075547480646,0.7085956683530817
Y2018_LAT23.64658_LON90.40713,2018,90.4071345948111,23.646575293117806,14,32.54358504909828,32.576471060000024,1.491652277139473,29.392585429999997,35.73130351999998,0.5765776948844055,1.9090007482388147,1.0
Y2018_LAT23.64674_LON90.41693,2018,90.41692973228972,23.64673888274929,14,33.53978251729454,33.29916866375002,1.1553955460604393,31.619425460000002,36.40465346000002,0.5961675234963074,1.999099995764686,1.0
Y2018_LAT23.6469_LON90.42672,2018,90.42672495781879,23.646901854634045,14,33.81313082903671,33.86098926846155,1.155501984415412,30.985382750000042,37.240359350000006,0.6121656101358656,1.8169991388194695,1.0
Y2018_LAT23.64706_LON90.43652,2018,90.4365202710943,23.647064208803844,14,34.741020362076334,35.17347197468752,1.6808978696019279,30.08815249999998,37.68299294000002,0.4104781543152209,1.4527974249290547,1.0
Y2018_LAT23.64723_LON90.44632,2018,90.44631567171159,23.647225945272186,14,35.06785457295734,35.10511873226806,0.6177939300172688,32.83624057999998,37.70008303999998,0.5607758230827626,2.0792003727076365,1.0
Y2018_LAT23.64739_LON90.45611,2018,90.456111159433,23.647387064043077,14,34.91325221262747,34.97759592980002,1.6054849558658804,28.36717943000002,37.87098404000005,0.44262908905727577,1.602395775980119,1.0
Y2018_LAT23.64755_LON90.46591,2018,90.46590673389129,23.647547564951147,14,31.896326180721143,31.463240935000027,1.9670446352587532,27.845931380000025,35.96885591,0.2175443321302269,2.47403798999575,0.5531183091256281
Y2018_LAT23.64836_LON90.00541,2018,90.00540845614941,23.64835687910562,14,30.105512156929173,30.286949455738895,0.7976937596053812,26.964082220000023,30.852079970000005,-0.0874577846941914,2.0596955447517336,0.04466396127011248
Y2018_LAT23.64855_LON90.0152,2018,90.01520036621756,23.64854585489665,14,27.65095485256261,27.38434421815364,0.7314141584074271,26.91964796000002,30.411155390000033,-0.1765113362468441,3.1344968218894045,0.5294710272881887
Y2018_LAT23.64873_LON90.02499,2018,90.02499237812492,23.648734213692826,14,28.94004992417299,29.650157651428596,1.1654801186171087,26.90255786,30.05055428000003,-0.18105781373945756,3.7082009797693156,1.0
Y2018_LAT23.64892_LON90.03478,2018,90.03478449128586,23.648921955469756,14,31.35487004488218,30.153683460207485,2.3505771876676893,29.70533426000003,38.42641229,-0.008713747888405034,3.9990999989411753,1.0
Y2018_LAT23.64911_LON90.04458,2018,90.04457670567825,23.649109080184143,14,36.611556959400936,36.65517601517859,0.8908244824298576,30.571802330000025,39.40054799000001,0.5862441126685641,4.036000042352991,1.0
Y2018_LAT23.6493_LON90.05437,2018,90.0543690206215,23.649295587869982,14,37.11681704548333,36.899162624375016,0.8555440175484469,35.69028728000001,39.53555978000003,0.5628577369535549,4.000900004235314,1.0
Y2018_LAT23.64948_LON90.06416,2018,90.06416143605601,23.649481478469284,14,35.80618251805621,36.257336798000026,1.1504103171354232,33.73176182000003,37.537727090000004,0.5565210334109617,3.9342999227057915,1.0
Y2018_LAT23.64967_LON90.07395,2018,90.07395395145528,23.649666751984714,14,35.540311258188446,35.61615897125002,0.784334961347027,33.70612667000003,37.38220718000002,0.625894733969544,3.532299449764057,1.0
Y2018_LAT23.64985_LON90.08375,2018,90.08374656656957,23.64985140835832,14,35.82866113875991,35.723060060000016,1.2052912511043867,33.03106772000001,41.883739520000034,0.6108845310850297,3.2091009840046323,1.0
Y2018_LAT23.65004_LON90.09354,2018,90.09353928121038,23.650035447580883,14,37.03311376269145,36.09617715500002,3.3521775521841914,31.98515359999999,44.63353661000002,0.583807070270729,2.4965005841183334,1.0
Y2018_LAT23.65022_LON90.10333,2018,90.10333209478911,23.650218869606544,14,33.25065159793263,33.098288780000026,1.3671380677341813,29.70020722999999,39.11343431000003,0.6616188017035616,3.3682980803506837,1.0
Y2018_LAT23.6504_LON90.11313,2018,90.11312500715422,23.65040167444693,14,33.02280436844937,32.71853552507043,1.6744616980555032,30.187275080000006,43.03561225999999,0.627120683005847,4.005700026823658,1.0
Y2018_LAT23.65058_LON90.12292,2018,90.12291801780252,23.6505838620648,14,32.98152733624342,33.01754823017858,1.0542197636034352,30.643580750000012,36.722529320000035,0.609507842884448,4.043101227177911,1.0
Y2018_LAT23.65077_LON90.13271,2018,90.13271112660111,23.650765432392348,14,32.95080040009225,32.610500465000015,1.2572268696443238,30.52907707999998,36.00645413000004,0.6430203775993,4.05900124588382,1.0
Y2018_LAT23.65095_LON90.1425,2018,90.14250433313053,23.65094638545509,14,32.315073320309445,32.20367383318183,0.8414219619111691,30.44875361000001,34.97933912000002,0.652156655437722,3.8666017251845908,1.0
Y2018_LAT23.65113_LON90.1523,2018,90.15229763709117,23.651126721282534,14,33.051995617583096,33.10941029204547,0.5758545453758056,31.349401880000016,36.09361364000003,0.6410441271084044,3.429999329410976,1.0
Y2018_LAT23.65131_LON90.16209,2018,90.16209103798133,23.651306439662648,14,33.25115667733161,33.141390419107175,1.2328560959250767,28.488519139999994,36.32091197,0.5933739978526607,3.373800439765224,1.0
Y2018_LAT23.65149_LON90.17188,2018,90.17188453565397,23.65148554072681,14,33.07625944494499,33.14164528594597,0.9971554264942522,29.57203148000002,36.84557804000002,0.6348201153768364,2.86409936046758,1.0
Y2018_LAT23.65166_LON90.18168,2018,90.18167812979748,23.65166402444983,14,33.93779813855829,34.155738717500014,1.7336038050952178,29.777112680000016,38.20765901000004,0.619934800327669,2.582999509411187,1.0
Y2018_LAT23.65184_LON90.19147,2018,90.19147182000454,23.651841890691543,14,33.2181627648968,32.90037506436366,1.6347224560141158,29.15332403000002,38.038467019999985,0.5945821564102887,1.7698009056481243,1.0
Y2018_LAT23.65202_LON90.20127,2018,90.20126560585283,23.65201913957036,14,31.978109431761617,31.906157664553582,1.238186827065266,27.179417479999984,37.050659240000016,0.5967539597015047,1.8717017491847037,1.0
Y2018_LAT23.6522_LON90.21106,2018,90.21105948714879,23.652195770994364,14,31.98693768790297,32.05655224,0.6634337944311367,29.712170300000025,33.68390954000006,0.6329234170234118,1.0978989387046336,1.0
Y2018_LAT23.65237_LON90.22085,2018,90.2208534635432,23.652371784935802,14,31.695209610135127,31.765830650000016,1.005489192044725,28.939697780000017,33.44123012,0.6018945185659349,1.0,0.6471995849406882
Y2018_LAT23.65255_LON90.23065,2018,90.23064753466687,23.65254718137857,14,27.406553492292396,27.500711360000025,0.8560941832992075,26.143757420000043,30.002702,0.5517150368161725,1.0,0.007097680459672756
Y2018_LAT23.65272_LON90.24044,2018,90.24044170015313,23.652721960284474,14,28.515109450977466,28.763100080000015,0.9352619846321029,25.98994651999999,31.27762346000003,0.5762313568502441,1.0,0.11970014082369505
Y2018_LAT23.6529_LON90.25024,2018,90.25023595969363,23.652896121651573,14,,,,,,,,0.0
Y2018_LAT23.65307_LON90.26003,2018,90.26003031308993,23.65306966545825,14,32.8602154546334,33.09942812000003,0.9215435968874541,30.29665172,34.610192960000006,0.5953357376191786,1.0,0.13325048033312628
Y2018_LAT23.65324_LON90.26982,2018,90.26982475978058,23.653242591653335,14,32.331327456039,32.32222232260559,0.9132919672546285,29.91725150000002,34.73324167999999,0.6064735687059704,1.0,0.2578112609040444
Y2018_LAT23.65393_LON90.309,2018,90.30900347412292,23.65392811999907,14,29.67512850186048,29.790784760000008,0.20884508811479083,29.1140168,29.85572714,0.32918503539737815,2.9341085271317833,0.0045664040099398905
Y2018_LAT23.6541_LON90.3188,2018,90.31879838284914,23.654097957912555,14,30.856300353493626,30.85907137454546,1.1055247545754692,28.987550060000046,33.39679586,0.5400984878971518,2.2461666985745845,0.41569087074638034
Y2018_LAT23.65427_LON90.32859,2018,90.32859338312579,23.654267178018465,14,30.516907019200612,30.233288879545476,1.536570087661278,27.524637499999983,35.20834646000003,0.5727352682714741,2.1726924773409597,0.9953864184373306
Y2018_LAT23.65444_LON90.33839,2018,90.33838847432703,23.65443578045313,14,32.11747847327452,31.532544972040828,2.3188680839017097,28.025377429999992,40.29094220000002,0.5296228301700333,3.0084000098823642,1.0
Y2018_LAT23.6546_LON90.34818,2018,90.34818365641897,23.65460376508775,14,32.81780249302437,32.28342611000002,2.2007272339019432,28.66967420000003,38.13758960000001,0.5106227157891949,2.637598294580211,1.0
Y2018_LAT23.65477_LON90.35798,2018,90.35797892875856,23.654771131862596,14,31.49269055188835,31.23511183625001,1.2163451432274865,27.548563639999998,35.133150020000016,0.6085858601468049,3.1776002089414215,1.0
Y2018_LAT23.65494_LON90.36777,2018,90.36777429133626,23.654937880784992,14,32.491084477665,32.04867180500002,1.598940057551256,29.760022580000026,35.84068016000003,0.6230117934763916,1.6087624370713918,0.7255027428875451
Y2018_LAT23.6551_LON90.37757,2018,90.37756974355645,23.655104011925015,14,32.98863034916657,32.835556976000014,1.6646063049110187,29.763440600000024,37.0267331,0.5502469424937041,1.9794105465607292,0.7528429759767185
Y2018_LAT23.65527_LON90.38737,2018,90.38736528525558,23.655269525170006,14,31.973325983538306,31.83078627813957,1.3827975564609472,28.43895785000001,35.396337560000035,0.5639358046094547,2.2364463098985654,0.8704973349381019
Y2018_LAT23.65543_LON90.39716,2018,90.39716091605396,23.655434420477103,14,31.00286359649551,31.0864784597273,0.9684428851752406,27.948471980000022,36.056015419999994,0.5934141055397689,2.504600593647757,1.0
Y2018_LAT23.6556_LON90.40696,2018,90.4069566355684,23.65559869789448,14,32.59445624110959,32.358892724375025,1.3740894976936993,29.43360167,36.10044968,0.6094536982444001,2.270001270594215,1.0
Y2018_LAT23.65576_LON90.41675,2018,90.41675244347262,23.65576235737984,14,33.622224010114394,33.64146912500003,1.3409479853956943,29.76514961000001,36.18931820000003,0.5314618918345924,2.376200442588755,1.0
Y2018_LAT23.65593_LON90.42655,2018,90.42654833944502,23.6559253989286,14,35.01439918573291,34.95925825250001,1.522899980283588,31.817670620000058,38.94082430000003,0.5834972705790044,2.322500379412211,1.0
Y2018_LAT23.65609_LON90.43634,2018,90.43634432324464,23.656087822467907,14,35.10842273858578,35.07513362789476,0.8829022947446924,32.60723324000003,37.83338581999999,0.5076876115393905,2.5679026724831653,1.0
Y2018_LAT23.65625_LON90.44614,2018,90.44614039448588,23.656249628012446,14,34.689177368824645,34.65828938428573,1.2248091881618508,31.258824349999998,40.81389926000003,0.4503604671054698,2.67110078953034,1.0
Y2018_LAT23.65641_LON90.45594,2018,90.45593655269141,23.65641081546605,14,34.04130624741538,34.02731373687501,2.9357865733595334,28.705563410000025,40.49944142000004,0.2523891955894996,2.625043078690408,0.7821766164683893
Y2018_LAT23.65657_LON90.46573,2018,90.46573279774167,23.656571384915978,14,31.514429733539853,31.609171400000037,1.1490095760507049,30.01637407999999,34.01203945999998,0.12038014596740229,3.0,0.014417402953653796
Y2018_LAT23.65757_LON90.015,2018,90.01499551017915,23.657566236566307,14,28.98703783571431,29.020021250000013,0.08310985505909428,28.867919360000002,29.10547175000005,-0.182460152927567,4.0,0.001262197708952056
Y2018_LAT23.65775_LON90.02479,2018,90.02478819164048,23.65775467575426,14,29.27581821751247,29.547740918750023,0.9478183573423069,27.158909360000052,34.43929196000002,-0.15046125129661916,3.835749183469646,0.9299946207638516
Y2018_LAT23.65794_LON90.03458,2018,90.03458097454474,23.657942497728577,14,34.049016850222806,34.98193978739132,2.143344284802981,29.95655873000004,37.45227659,0.40997842610896673,4.111900131647208,1.0
Y2018_LAT23.65813_LON90.04437,2018,90.04437385854851,23.658129702363212,14,36.97201348698476,37.14250429225014,0.6714792307207479,34.53499652000005,39.41080205000003,0.4601265944833093,3.963901134001331,1.0
Y2018_LAT23.65832_LON90.05417,2018,90.05416684324668,23.658316289721874,14,36.7330490518812,36.86887973403847,0.5174511069751009,34.97592110000002,38.065811180000026,0.5001412730384689,3.651200711532757,1.0
Y2018_LAT23.6585_LON90.06396,2018,90.06395992843409,23.658502259648635,14,36.47570841299325,36.441319492727295,0.5371617893892667,34.86996248000003,38.038467019999985,0.5701493286866601,3.356199242587341,1.0
Y2018_LAT23.65869_LON90.07375,2018,90.07375311363549,23.65868761223123,14,35.75500576535243,35.766231411875026,0.9358667920636362,31.756146260000037,37.95643454000003,0.6565934866291813,3.092597755997362,1.0
Y2018_LAT23.65887_LON90.08355,2018,90.08354639862759,23.65887234750067,14,35.580773253044846,35.765768555000015,1.0756099634388514,31.749310219999984,37.95985256000006,0.6673315434615249,3.3491945844451037,1.0
Y2018_LAT23.65906_LON90.09334,2018,90.09333978300259,23.659056465300775,14,34.29213354607821,34.10767828884617,1.002780211937635,31.69120387999999,36.81139784000001,0.6423517117800805,3.213699074940089,1.0
Y2018_LAT23.65924_LON90.10313,2018,90.10313326652143,23.659239965665787,14,35.09607282146513,34.418453063870984,1.7931879076245247,31.937301320000017,39.867107720000035,0.6354660316807113,2.611199542587694,1.0
Y2018_LAT23.65942_LON90.11293,2018,90.11292684873005,23.65942284849785,14,33.4434978823906,33.26578470704547,1.1292994442617577,30.944366510000037,38.47426457,0.6407365411880361,3.587300410825463,1.0
Y2018_LAT23.65961_LON90.12272,2018,90.12272052944736,23.659605113927626,14,32.65155247947044,32.64762802181819,0.7288342819057083,30.964874629999997,34.709315540000034,0.6721980567269102,3.979599975999969,1.0
Y2018_LAT23.65979_LON90.13251,2018,90.13251430809983,23.65978676176679,14,33.53806048663546,33.4255383009091,0.893240031983306,31.344274850000005,36.878049230000045,0.6358481073148481,3.4808017421196897,1.0
Y2018_LAT23.65997_LON90.14231,2018,90.14230818473796,23.659967792088718,14,34.101331721975875,33.9842070114286,1.2117789312840208,31.523720900000058,38.68618181000005,0.6025526425644813,3.1365006423559594,1.0
Y2018_LAT23.66015_LON90.1521,2018,90.15210215855805,23.660148204837075,14,33.70877258853265,33.483517162307706,1.0433666350735582,31.547647040000015,37.39929728000004,0.6186960086803973,3.3438992281167397,1.0
Y2018_LAT23.66033_LON90.1619,2018,90.16189622963945,23.66032799999945,14,33.925260544964154,33.847755396153865,1.374263502962474,29.867690210000035,38.28798248000004,0.5833698372539533,3.681198448468759,1.0
Y2018_LAT23.66051_LON90.17169,2018,90.171690397392,23.660507177542893,14,34.04699496106141,34.15638244460002,1.5705348271253001,28.926025700000025,37.047241220000046,0.6661747470454952,3.499597645165384,1.0
Y2018_LAT23.66069_LON90.18148,2018,90.18148466160724,23.660685737444066,14,34.603824638385845,34.51348656655174,1.4744500231686568,31.14773869999999,38.46913754000002,0.6235838159721291,2.590499518234725,1.0
Y2018_LAT23.66086_LON90.19128,2018,90.19127902196914,23.66086367968809,14,33.527578762108426,33.092734497500025,2.102750791974134,29.457527810000045,39.13906946000003,0.6047939847826297,2.5509982952921075,1.0
Y2018_LAT23.66104_LON90.20107,2018,90.20107347794811,23.66104100422481,14,33.8845160401762,34.09766675413795,1.476061826915007,30.16334893999999,39.88077980000003,0.6297288031336206,2.3718993971736313,1.0
Y2018_LAT23.66122_LON90.21087,2018,90.21086802953347,23.66121771105298,14,33.06037439977082,33.03145613136366,1.680421321465626,28.994386100000042,37.49158382000002,0.6294075266716002,1.5735168398815849,0.9990999989411752
Y2018_LAT23.66139_LON90.22066,2018,90.22066267606631,23.66139380014104,14,31.634896313220622,30.961062223076944,2.206354429276008,25.39521104000005,39.80216533999999,0.3293334506499706,1.1552507965852383,0.794199757882068
Y2018_LAT23.66157_LON90.23046,2018,90.23045741748071,23.661569271449984,14,30.749882409443934,29.026515488000044,3.1675201254973913,26.058306920000007,38.57167814000002,0.4709929638833685,1.0,0.4464973952818596
Y2018_LAT23.66174_LON90.24025,2018,90.2402522533002,23.66174412497075,14,29.245588279709644,29.27970082210528,1.5904824787472214,24.732115160000035,33.10797317000004,0.6172368369308219,1.1943046132146589,0.43539933576392403
Y2018_LAT23.66192_LON90.25005,2018,90.25004718316151,23.661918360714164,14,32.44323359248409,32.67217562000002,1.1548103201367979,28.813231040000005,35.25619874000006,0.5509756440316542,1.0,0.14130016623548952
Y2018_LAT23.66209_LON90.25984,2018,90.25984220682595,23.662091978628148,14,33.31276363932589,33.23335614756098,0.9027594739705734,29.175541160000023,36.17564612000001,0.5773082836050152,1.0412506123495449,0.7709012748295286
Y2018_LAT23.66226_LON90.26964,2018,90.26963732391111,23.66226497864561,14,31.926134242557357,31.828497332565465,0.972645872734769,30.433372520000034,35.86118828000002,0.6363912511222769,1.0391604047933076,0.8868892394535486
Y2018_LAT23.66244_LON90.27943,2018,90.2794325341656,23.662437360798467,14,33.358959025858006,32.98152984109592,1.2577311891218945,31.42801634,37.39929728000004,0.6051408946801737,1.044209759650401,0.09806337336575907
Y2018_LAT23.66278_LON90.29902,2018,90.29902323249809,23.662780271433803,14,35.21327479261753,34.82638272500003,1.8764470921050236,31.62284348000003,39.87394376000003,0.4315462458616571,2.792775428997763,0.11493250823549582
Y2018_LAT23.66295_LON90.30882,2018,90.30881872007676,23.662950799805053,14,31.99403955494896,31.345448253981726,1.851882597055931,29.042238380000015,38.402486150000016,0.5216150515291464,2.1983175415749803,0.7224174659645104
Y2018_LAT23.66312_LON90.31861,2018,90.31861429929954,23.66312071017582,14,30.368419704651657,30.26697119189875,1.054648964513772,28.66967420000003,34.78109396000002,0.5847221473007561,2.936211968693184,0.904599551056711
Y2018_LAT23.66329_LON90.32841,2018,90.32840997011043,23.66329000255966,14,30.981680975698758,31.010686301044796,0.8611231329949566,28.52269934000003,34.80502009999998,0.6246688008746601,3.3357003949416377,1.0
Y2018_LAT23.66346_LON90.33821,2018,90.33820573193998,23.66345867691498,14,31.878387664842826,31.671247053548417,0.8704411197231149,29.469490880000023,35.040863479999985,0.6639169425996921,4.176400207529657,1.0
Y2018_LAT23.66363_LON90.348,2018,90.34800158450707,23.663626733183868,14,31.491149267993716,31.173133988947388,1.0638381633435596,29.168705120000027,36.11070374000002,0.6367401822427637,3.4215019835387426,1.0
Y2018_LAT23.66379_LON90.3578,2018,90.3577975276047,23.663794171446803,14,31.243498457066725,31.26583129100001,1.8427090984486374,27.599833940000053,35.13998606000001,0.5776167015264777,3.000501177060203,1.0
Y2018_LAT23.66396_LON90.36759,2018,90.36759356076453,23.663960991623302,14,32.20740628114131,32.461486294711214,1.7453079962446723,27.579325820000008,36.09703166000003,0.5316847204211277,2.3714004369416886,1.0
Y2018_LAT23.66413_LON90.37739,2018,90.37738968368167,23.664127193689648,14,32.96598189105734,33.04762375437502,1.0478824055922948,28.98755005999999,35.47666103000003,0.5039296198465938,2.3336015698897388,1.0
Y2018_LAT23.66429_LON90.38719,2018,90.38718589607517,23.664292777606878,14,32.86961331404762,32.92734634945457,0.8437736878928589,30.826444820000006,35.068207640000026,0.4997706931697524,2.273900322235673,1.0
Y2018_LAT23.66446_LON90.39698,2018,90.39698219758391,23.664457743416822,14,33.76968130610951,33.47541032,2.0939991058982335,29.27808176000002,38.209368020000056,0.5286776476392208,2.735600865412781,1.0
Y2018_LAT23.66462_LON90.40678,2018,90.40677858784863,23.66462209094527,14,32.26066391808571,32.04746125625,1.3108128762404767,29.36011424000003,35.97740096000001,0.6146035609149949,2.8063014414185448,1.0
Y2018_LAT23.66479_LON90.41658,2018,90.41657506658078,23.664785820286717,14,33.60270365281269,33.706553922500014,1.1965427268183042,30.187275080000006,37.597542439999984,0.5670069050080854,2.973899969294078,1.0
Y2018_LAT23.66495_LON90.42637,2018,90.42637163342931,23.66494893146759,14,35.32697907084795,35.45050003076925,1.0334175569052255,33.024231680000014,38.07606524000005,0.5597477640275312,3.874599852470415,1.0
Y2018_LAT23.66511_LON90.43617,2018,90.43616828794282,23.66511142432253,14,34.80081312891089,34.79587187000001,1.0929189071780105,32.32695560000002,38.7015629,0.5170099450485902,3.1692007962390374,1.0
Y2018_LAT23.66527_LON90.44597,2018,90.4459650301101,23.66527329895515,14,34.92017045909337,35.089692337142885,2.4713198276724757,28.618403900000004,41.08050481999999,0.2696271938830774,2.475841542059387,0.9990972652447119
Y2018_LAT23.66543_LON90.45576,2018,90.455761859255,23.66543455528528,14,32.023553506658466,31.337656045382154,2.6189188503587633,29.17041413000004,41.55902762000002,0.11973141893191959,2.6588659638877563,0.16745582340146306
Y2018_LAT23.66659_LON90.01479,2018,90.01479055228913,23.666586606128025,14,27.322781191256894,27.336646400000006,0.05300427691345906,27.19992560000003,27.41526085999999,-0.1529595055384011,3.0,0.04084395843083168
Y2018_LAT23.66678_LON90.02458,2018,90.0245839038036,23.666775125771643,14,29.83645724840708,29.030617112000034,2.724578382848572,27.175999460000014,36.47301386000001,0.11507749252818612,3.3630155194039317,0.9503011887437599
Y2018_LAT23.66696_LON90.03438,2018,90.0343773566803,23.666963027846926,14,33.964255231087776,33.88498915560979,1.0861029773493498,31.42801634,37.659066800000005,0.6034581779830615,4.2523011872996985,1.0
Y2018_LAT23.66715_LON90.04417,2018,90.04417091068814,23.667150312410396,14,36.47648275244053,36.82834552250003,1.1256545776859193,32.64141344000001,39.05361896000005,0.5623352283955912,4.144600680473781,1.0
Y2018_LAT23.66734_LON90.05396,2018,90.05396456549875,23.66733697933665,14,36.07835162432411,36.361564590851096,0.9738232108274584,33.615549139999985,37.64881274000004,0.6129448326188606,4.4692022080103895,1.0
Y2018_LAT23.66752_LON90.06376,2018,90.06375832072634,23.667523028751464,14,35.13335249641513,35.296645310000024,1.3883916406746224,31.528847930000012,37.806041660000005,0.6356009560338602,4.112200528002477,1.0
Y2018_LAT23.66771_LON90.07355,2018,90.07355217606052,23.66770846043795,14,33.94528524542155,33.9183173516,1.2564369191979932,31.610880409999993,36.55504634000005,0.6562228954085912,3.2443987971708124,1.0
Y2018_LAT23.66789_LON90.08335,2018,90.08334613121336,23.66789327448936,14,33.279920951593425,33.295590424062524,0.8815472318239158,31.267369400000007,36.08848661000002,0.6746037639055346,3.0652979543433134,1.0
Y2018_LAT23.66808_LON90.09314,2018,90.09314018580726,23.668077470870962,14,33.71292853969213,33.85936790000002,1.338562284520228,30.02833715,36.57384545000002,0.6819117723868429,3.8543016673019577,1.0
Y2018_LAT23.66826_LON90.10293,2018,90.10293433949884,23.668261049537524,14,33.26986714829577,33.38971693907412,0.8478244668616571,31.185336920000054,36.23033443999998,0.6841527481890222,4.517604788728414,1.0
Y2018_LAT23.66844_LON90.11273,2018,90.11272859192228,23.668444010476485,14,33.37756990766431,33.32672645000002,0.9023995095611888,31.504921790000026,36.43883366,0.681136619603056,3.9178031426030153,1.0
Y2018_LAT23.66863_LON90.12252,2018,90.12252294293911,23.668626353654744,14,33.88897229466878,33.669830947912644,1.257132168811796,31.26395138000001,37.35828104000004,0.67789300073141,3.4701022122456986,1.0
Y2018_LAT23.66881_LON90.13232,2018,90.13231739188161,23.66880807905234,14,33.74965994373042,33.515863837195134,1.011070272953223,31.602335359999984,36.756709520000015,0.6352172803883734,2.375001764714185,1.0
Y2018_LAT23.66899_LON90.14211,2018,90.14211193878464,23.668989186677955,14,32.93231501774837,33.01681097868423,1.0591250031295352,30.744412340000054,35.828717090000026,0.605989411527154,2.8160003105896947,1.0
Y2018_LAT23.66917_LON90.15191,2018,90.15190658308181,23.66916967639828,14,32.56423384943166,32.64210970333333,0.8404556264532848,30.445335590000013,35.10409685000002,0.6422355516733329,3.645500684709094,1.0
Y2018_LAT23.66935_LON90.1617,2018,90.16170132444506,23.669349548306652,14,32.89664833999292,32.80112819272728,0.9096541777798188,30.207783199999994,35.58945569000002,0.6482317580828858,4.308299097878101,1.0
Y2018_LAT23.66953_LON90.1715,2018,90.17149616267439,23.669528802331403,14,35.2041171832095,35.420592355769266,1.1220328688982655,32.268849260000025,37.23523232000002,0.6814749923857216,3.4271984809340177,1.0
Y2018_LAT23.66971_LON90.18129,2018,90.181291097336,23.669707438463153,14,35.07895368005036,35.705128682631596,1.7735686726952165,31.157992760000013,38.48964566000001,0.6680547584405649,3.1665007835330905,1.0
Y2018_LAT23.66989_LON90.19109,2018,90.19108612817423,23.669885456656257,14,31.95079169720169,31.21993282513515,1.8390781017031235,28.874755400000026,38.13929861,0.6448852016796275,3.3925994945858435,1.0
Y2018_LAT23.67006_LON90.20088,2018,90.20088125469215,23.670062856937736,14,35.91663203221877,35.59726409775864,2.465711253972026,29.893325360000006,43.37399624,0.6334829640112599,1.7835966286900113,1.0
Y2018_LAT23.67024_LON90.21068,2018,90.21067647670718,23.670239639173236,14,34.49066588077975,34.47202607461541,2.0166282352462357,30.183857060000037,42.030714380000006,0.6623848716091226,2.103302839072181,1.0
Y2018_LAT23.67042_LON90.22047,2018,90.22047179392902,23.67041580338254,14,36.363724072296954,36.46070898800002,1.8787307413922907,31.52884793000004,39.80216533999999,0.6014253713351808,2.372704106842857,1.0
Y2018_LAT23.67059_LON90.23027,2018,90.23026720583478,23.670591349684884,14,34.59051966627354,35.22503444000001,2.2970654249897313,27.73997276,38.57167814000002,0.6042342369556993,1.5512085069589474,0.9714998658817218
Y2018_LAT23.67077_LON90.24006,2018,90.24006271224383,23.670766277818203,14,29.50110644347447,29.055055955000018,2.845766352733302,24.33220682000001,34.8221102,0.6118086907414012,1.0808320018260686,0.4947976225770448
Y2018_LAT23.67094_LON90.24986,2018,90.24985831290394,23.67094058795108,14,32.63480479960734,32.70398219500002,1.0631023431122917,28.520990330000018,34.921232780000025,0.6262630121895565,1.4426700349160886,0.8774017760083548
Y2018_LAT23.67111_LON90.25965,2018,90.2596540071639,23.671114279915606,14,33.256185103773056,33.23195700867927,0.6623654118366941,29.175541160000023,34.60335692000001,0.604919941511787,1.0749179723700157,0.9864011124758235
Y2018_LAT23.67129_LON90.26945,2018,90.26944979498077,23.67128735378411,14,32.6257846831264,32.780848550000016,1.3534344134048593,25.393502030000036,35.772319760000016,0.6194660550477027,1.0225001058828502,1.0
Y2018_LAT23.67146_LON90.27925,2018,90.2792456759283,23.671459809556552,14,31.763128022865857,31.535996887323968,1.645077731483162,27.65794028000002,38.01454088000003,0.5777540956322543,1.5643434334591109,0.8193255912374174
Y2018_LAT23.67163_LON90.28904,2018,90.28904164971378,23.67163164707944,14,30.68064618164807,30.547199035094355,1.3461221900260474,27.65794028000002,34.29744413,0.6099749076998967,2.5150476057857953,0.41434794524499824
Y2018_LAT23.6718_LON90.29884,2018,90.29883771584848,23.67180286643217,14,31.98791525199344,31.843967322258084,1.9349995390942436,27.22556075,39.952558220000014,0.609013784295358,2.493009191792533,0.9459089791949392
Y2018_LAT23.67197_LON90.30863,2018,90.3086338742287,23.6719734675823,14,30.068090994669046,30.207988281200016,1.0095848602547912,27.500711360000025,34.220538680000004,0.6467706619152334,3.447397399517165,1.0
Y2018_LAT23.67214_LON90.31843,2018,90.3184301243405,23.67214345053694,14,30.68300854418568,30.514905427849083,0.7663314712262286,28.114245950000054,33.14386238000003,0.647794317797265,3.586700408001914,1.0
Y2018_LAT23.67231_LON90.32823,2018,90.32822646598497,23.67231281518136,14,31.569685597720557,31.449139703600007,1.5534385800814665,28.13646308,35.529640340000014,0.6593283648393816,3.405301907303084,1.0
Y2018_LAT23.67248_LON90.33802,2018,90.33802289865336,23.672481561486364,14,31.657441046333183,31.610495280985933,1.0636054326672466,28.3278722,35.45786192000003,0.6688601457368999,3.685700873886458,1.0
Y2018_LAT23.67265_LON90.34782,2018,90.347819422269,23.67264968961687,14,30.956309234642813,30.98667256886795,0.9637131846824343,28.179188330000017,33.52668061999998,0.6594594373057642,3.1677996131746418,1.0
Y2018_LAT23.67282_LON90.35762,2018,90.35761603619699,23.672817199345946,14,30.300217568049977,30.61333127300003,1.1046898484108192,27.634014139999977,34.14534224000002,0.6744125041118085,2.8130991204664433,1.0
Y2018_LAT23.67298_LON90.36741,2018,90.36741274047239,23.672984090720792,14,31.048330802453687,31.263162606153863,1.1219202847791723,27.634014139999977,33.91291688000001,0.592956955823929,2.482102268716555,1.0
Y2018_LAT23.67315_LON90.37721,2018,90.37720953437174,23.67315036372105,14,31.088662146436047,30.925747295789495,1.3299630899566768,28.505609240000013,34.541832560000046,0.6359097533707507,2.6577019185972603,1.0
Y2018_LAT23.67332_LON90.38701,2018,90.38700641776765,23.673316018313184,14,32.15078307755099,32.049492800000024,1.4571916945139536,29.534433260000014,36.20640830000002,0.6187267086034324,2.379699433879685,1.0
Y2018_LAT23.67348_LON90.3968,2018,90.39680339036659,23.67348105445784,14,35.264838236368774,35.17373176593224,1.0590622386222832,32.13896450000004,38.15809772,0.5369112146787548,3.387301822596803,1.0
Y2018_LAT23.67365_LON90.4066,2018,90.40660045175213,23.673645472221292,14,35.00005620063064,34.90447133576925,1.7922787863948888,31.86894092,41.05316066,0.46496410063773086,3.0147000691767922,1.0
Y2018_LAT23.67381_LON90.4164,2018,90.4163976015287,23.673809271455447,14,34.55062843755148,34.46407260500002,1.6026492097358742,31.16482880000001,39.87394376000003,0.5747074497107063,3.1692007962390325,1.0
Y2018_LAT23.67397_LON90.42619,2018,90.42619483956582,23.673972452224067,14,35.48284193502354,35.45230126059703,0.8508198992960159,33.61896716000001,39.90812396000001,0.5052919534415907,3.681603207544497,1.0
Y2018_LAT23.67414_LON90.43599,2018,90.43599216531646,23.67413501452833,14,34.24888911183396,34.774062223044616,2.2331161540274835,29.110598780000032,39.29971640000002,0.3357892844526289,2.8910006635325334,1.0
Y2018_LAT23.6743_LON90.44579,2018,90.44578957854675,23.674296958143618,14,35.98883942982173,36.03123477500001,4.002479966619595,29.44556474000001,44.68138889000002,0.22998463711952802,2.741501136475937,1.0
Y2018_LAT23.67446_LON90.45559,2018,90.45558707901341,23.674458283331234,14,34.26886442848655,32.77983652161418,3.981422542752776,29.156742050000048,42.721154420000005,0.29795516756322143,2.072870888267412,0.4368221465163371
Y2018_LAT23.6758_LON90.02438,2018,90.02437951447082,23.67579556360516,14,32.599216778028854,33.512735098400036,2.426945793545698,27.353736500000025,34.96566704000003,0.4719039400574449,3.103508771929824,0.21396859772604238
Y2018_LAT23.67598_LON90.03417,2018,90.03417363771479,23.6759835458416,14,34.989895112158905,35.200077056774205,1.5649805893819333,32.214160940000056,38.66396468000005,0.6103441756846276,3.764724577975894,0.8928336667875967
Y2018_LAT23.67617_LON90.04397,2018,90.04396786208045,23.676170910287578,14,36.33650589834518,36.26842094857144,1.5987444239846007,31.616007440000033,39.35098670000002,0.6249340371918907,3.523098262468546,1.0
Y2018_LAT23.67636_LON90.05376,2018,90.05376218728698,23.676357656909072,14,36.27445550334299,36.33017660315792,0.9598683409207979,33.06695693000003,38.725489040000014,0.5955653947486306,4.119298208462158,1.0
Y2018_LAT23.67654_LON90.06356,2018,90.06355661291529,23.676543785630265,14,34.350289364991895,34.30086215000001,1.4565674783931608,31.66215071000005,38.93227925000002,0.6006046980951287,3.4209993188227275,1.0
Y2018_LAT23.67673_LON90.07335,2018,90.07335113867751,23.67672929647067,14,34.43774506687931,34.016311985000016,1.359524637225172,31.643351600000017,37.10876558000001,0.6859033640343926,2.6693007874126913,1.0
Y2018_LAT23.67691_LON90.08315,2018,90.0831457643995,23.67691418943131,14,35.349008130948086,35.798658620000026,1.5249658610875418,31.80741655999998,38.566551110000034,0.6573538586040596,2.360799344938095,1.0
Y2018_LAT23.6771_LON90.09294,2018,90.09294048937929,23.677098464394223,14,33.397482092661534,33.35952841612905,0.6178638512230962,31.896285079999984,36.20469929000001,0.6670262991104263,3.773100909530482,1.0
Y2018_LAT23.67728_LON90.10274,2018,90.102735313684,23.67728212138585,14,33.309144341526945,32.92269419456524,1.6390784671326506,30.894805220000023,37.710337100000004,0.6942134455048282,3.1155989595281857,1.0
Y2018_LAT23.67747_LON90.11253,2018,90.11253023667851,23.67746516043704,14,35.20734558665243,35.15280363500002,1.4273233712251936,31.988571620000016,41.66498624000002,0.6673758890982434,2.042395493625852,1.0
Y2018_LAT23.67765_LON90.12233,2018,90.12232525824136,23.677647581381592,14,34.97315113735445,34.92465080000002,1.2801403786510375,31.742474180000045,38.53749793999998,0.6677645785344747,2.123600145411935,1.0
Y2018_LAT23.67783_LON90.13212,2018,90.13212037793532,23.677829384331158,14,34.45461664054004,34.108313690000045,1.442237698705074,31.17850088,37.61463254000003,0.6599810816871184,2.351900414000486,1.0
Y2018_LAT23.67801_LON90.14192,2018,90.1419155954399,23.678010569231475,14,33.60172098040872,33.30006589400001,1.6808630328900598,30.744412340000054,37.38904322000002,0.660260422170329,2.919101972244577,1.0
Y2018_LAT23.67819_LON90.15171,2018,90.1517109104151,23.67819113600104,14,33.65254521676123,33.51813557000001,1.0953107828085622,31.810834580000005,36.13633888999999,0.6723765234131085,3.6036007101184824,1.0
Y2018_LAT23.67837_LON90.16151,2018,90.16150632255399,23.67837108468376,14,34.224870410202584,34.2053406982143,0.9788822853669598,31.202427020000016,37.744517299999984,0.6598193023943522,4.0225000264706186,1.0
Y2018_LAT23.67855_LON90.1713,2018,90.17130183151394,23.678550415217572,14,36.47614437893191,36.82677893000002,1.3887299491201248,33.253239020000024,39.36465878000001,0.6758954258671378,3.200598591052195,1.0
Y2018_LAT23.67873_LON90.1811,2018,90.1810974369278,23.678729127524555,14,35.22464278021791,34.73495069000003,1.7857180632164837,31.89970310000001,38.91348014000005,0.6607565384259411,3.52980062329485,1.0
Y2018_LAT23.67891_LON90.19089,2018,90.19089313852575,23.678907221657223,14,34.211558597976875,34.03241611769233,1.9145787223548045,27.921127820000038,39.621010280000036,0.6614559805854179,3.259800305647418,1.0
Y2018_LAT23.67908_LON90.20069,2018,90.20068893596161,23.679084697594206,14,36.16295200446341,36.28435401695655,2.162431745551305,31.137484640000025,41.111267,0.6157548945619766,2.1159981929326737,1.0
Y2018_LAT23.67926_LON90.21048,2018,90.21048482882942,23.679261555294072,14,35.123871315271074,35.02938339108698,2.1542274180516823,30.009538040000052,40.71477668,0.6251077185250531,1.8952998768233853,1.0
Y2018_LAT23.67944_LON90.22028,2018,90.2202808169129,23.67943779475141,14,33.044020657799,33.151837760000014,2.0993142565940492,28.587641720000022,42.56050748000001,0.5920608148835461,2.5028005915301086,1.0
Y2018_LAT23.67961_LON90.23008,2018,90.23007689982374,23.67961341583715,14,34.491422670160055,34.59320967312503,2.4719258316591195,28.94995184000004,42.56050748000001,0.6099227777390794,2.725301060240283,1.0
Y2018_LAT23.67979_LON90.23987,2018,90.23987307712183,23.679788418657314,14,32.543206581124096,32.6529614647143,1.5790038741115338,28.28343794,37.395879260000015,0.6129774976888158,2.270252737933883,0.9738999692940815
Y2018_LAT23.67996_LON90.24967,2018,90.24966934876005,23.67996280312878,14,33.793857452450055,33.53622993360827,1.3014438093475378,29.949722690000044,37.94276246000001,0.5953452623705695,1.807399773411497,1.0
Y2018_LAT23.68014_LON90.25947,2018,90.25946571403094,23.680136569215893,14,33.2128953107695,33.14973710187503,0.5372751527153036,31.875776960000053,35.28696092000001,0.6420258354127041,1.0124977058715574,1.0
Y2018_LAT23.68031_LON90.26926,2018,90.26926217288214,23.680309717012452,14,32.21505279093359,32.971893248750014,2.108458089809148,24.879090020000035,35.85093422,0.6208837896857154,1.2997003525886495,1.0
Y2018_LAT23.68048_LON90.27906,2018,90.27905872496201,23.68048224632503,14,30.872548828967624,30.590304220869587,2.010129898178131,26.59493606000001,35.87827837999998,0.555750703395261,1.8604998358821594,1.0
Y2018_LAT23.68065_LON90.28886,2018,90.2888553697017,23.68065415725346,14,30.569534018713046,30.735753356000018,0.972271455258157,27.634014139999977,32.80547840000003,0.6779328521687201,2.958702158598395,1.0
Y2018_LAT23.68083_LON90.29865,2018,90.29865210710203,23.680825449623452,14,30.374784178294952,30.574254387826098,0.8522842606856623,27.153782330000013,32.303029460000005,0.6613673862927799,3.055500065294195,1.0
Y2018_LAT23.681_LON90.30845,2018,90.30844893653449,23.680996123618623,14,29.754940088863595,29.950642926153858,0.9043527402398357,27.07858589,33.06866594000002,0.6636536664149276,3.2565991254107356,1.0
Y2018_LAT23.68117_LON90.31825,2018,90.31824585795898,23.681166179057755,14,29.49938965202133,29.35968698750002,1.1372611810730628,27.46824017,32.75762612,0.6751529183955322,3.136698290344897,1.0
Y2018_LAT23.68134_LON90.32804,2018,90.32804287068859,23.68133561598389,14,30.579292670274782,30.543863731739158,1.3377921853215526,27.88694762,34.89730664000001,0.6887902679170651,2.8289997988232916,1.0
Y2018_LAT23.6815_LON90.33784,2018,90.33783997470627,23.68150443436738,14,30.161188268284604,30.07820662213117,0.8996420978800979,27.322974320000014,33.13360832000001,0.6895894031011263,2.2298990939989336,1.0
Y2018_LAT23.68167_LON90.34764,2018,90.34763716947079,23.68167263416561,14,29.68079342843298,29.639939495000014,1.1957745009002922,27.309302239999994,33.01055959999999,0.6937922986466409,3.5948004461197476,1.0
Y2018_LAT23.68184_LON90.35743,2018,90.35743445478417,23.681840215417694,14,29.374190951715452,29.29553165157897,0.878004900666719,27.324683330000028,31.915084190000016,0.681485440712216,3.324099204822594,1.0
Y2018_LAT23.68201_LON90.36723,2018,90.36723183031991,23.682007177967904,14,31.011313693788225,31.00994976875002,1.4589732443038772,27.93479990000003,34.955412980000006,0.6238339100345273,2.61830072741262,1.0
Y2018_LAT23.68217_LON90.37703,2018,90.37702929556154,23.682173521934047,14,31.65843201541869,31.61333711187502,0.8606403640379564,29.65406396000003,34.39656671000003,0.6268031244903901,2.736401112475824,1.0
Y2018_LAT23.68234_LON90.38683,2018,90.38682685035715,23.68233924722738,14,31.769495481493323,31.704875960000024,0.8865749232050719,29.647227919999978,35.73130352000001,0.613748469388407,2.9249999117646013,1.0
Y2018_LAT23.6825_LON90.39662,2018,90.39662449431165,23.682504353804134,14,33.972872077447555,33.532576704500016,1.9501705052221958,30.570093320000012,40.41228191000002,0.5384990532565769,3.104798946822289,1.0
Y2018_LAT23.68267_LON90.40642,2018,90.4064222271138,23.68266884167841,14,35.81536812298297,35.46903337759483,1.6168908025713253,32.58672511999998,41.18304542000001,0.4479785529042069,2.5348954583315697,1.0
Y2018_LAT23.68283_LON90.41622,2018,90.41622004843472,23.682832710833175,14,35.482786643760214,35.35549222100002,1.4159860161419628,32.56963502000002,39.64493642000002,0.38158354917418047,2.46689937282279,1.0
Y2018_LAT23.683_LON90.42602,2018,90.42601795782869,23.682995961220236,14,35.07968878670844,35.66142400000001,2.5439317239323436,28.298819030000004,40.031172680000054,0.24437755266077638,2.786600925412854,1.0
Y2018_LAT23.68316_LON90.43582,2018,90.43581595517679,23.683158592791173,14,35.162607859334514,35.223727550000035,4.21751379414726,28.24583972000002,43.46628278000003,0.17131271324755945,2.854601668713736,1.0
Y2018_LAT23.68332_LON90.44561,2018,90.44561403991838,23.683320605739755,14,37.343768258790526,37.77741574250002,2.8641803427294135,31.14432068000002,42.902309479999985,0.31915823268470384,3.0,1.0
Y2018_LAT23.68348_LON90.45541,2018,90.45541221193358,23.683481999713646,14,33.66816373399534,33.857469000000016,1.8959930716904185,28.994386100000042,36.71911130000004,0.4434830760123455,2.773658757094577,0.990835797975202
Y2018_LAT23.68364_LON90.46521,2018,90.46521047076008,23.683642774852633,14,32.451317766254974,32.35771778000003,1.4116754871940296,29.565195440000025,36.80968883000003,0.47026830039990664,2.960496869136695,0.32373550537705265
Y2018_LAT23.6838_LON90.47501,2018,90.47500881598002,23.683802931209467,14,32.78939929028202,32.69268374000001,0.9004172003662482,30.96658364000001,34.85287238000001,0.41342596502761425,3.0,0.07097646605488875
Y2018_LAT23.685_LON90.03397,2018,90.03396981755542,23.68500405169941,14,33.53112686589,33.522968545468515,0.5032842248161297,32.00053469000002,34.71615158000003,0.5897731459264258,3.4694289119075976,0.19879147031703914
Y2018_LAT23.68519_LON90.04376,2018,90.04376471264946,23.685191496040034,14,33.51194234046871,33.32703717909092,1.257915687557006,30.93582146,38.575096160000044,0.6220815990263759,3.6730073106679115,0.9981933472669949
Y2018_LAT23.68538_LON90.05356,2018,90.05355970859381,23.685378322299123,14,34.382507772654805,34.23724900000001,1.6263207852081016,30.597437479999996,38.164933760000054,0.6097814217523284,4.153498369404093,1.0
Y2018_LAT23.68556_LON90.06335,2018,90.06335480496062,23.685564530452844,14,33.744153455926025,33.26725290200002,1.4584973594531776,31.354528910000056,37.55481719000005,0.6421661376210533,3.9973988204692086,1.0
Y2018_LAT23.68575_LON90.07315,2018,90.07315000156721,23.685750120436253,14,33.71167152930939,33.5448909114286,0.8746290362311095,32.17314470000002,38.67080071999999,0.673620415260039,2.946402289885042,1.0
Y2018_LAT23.68594_LON90.08295,2018,90.08294529795054,23.685935092191453,14,35.01745472611169,34.77650099562502,1.7256204842120952,31.417762280000034,40.766046980000056,0.6701318863214214,2.4657045444919774,1.0
Y2018_LAT23.68612_LON90.09274,2018,90.09274069395413,23.686119445769236,14,35.38103753748743,35.60977804804351,1.4573172380991635,31.65360566000004,38.72890705999998,0.6725004490948642,2.1692001990590573,1.0
Y2018_LAT23.6863_LON90.10254,2018,90.10253618903371,23.686303181147174,14,33.963637362687855,33.54445432400003,1.6301258787800004,31.137484640000025,37.40784233000002,0.6974873669973003,2.5505006476478225,1.0
Y2018_LAT23.68649_LON90.11233,2018,90.1123317830009,23.686486298260636,14,35.73052996816886,35.89262938178084,0.9066914820440677,32.53887284000001,37.60266947000002,0.6594821684223537,2.101100475766946,1.0
Y2018_LAT23.68667_LON90.12213,2018,90.12212747545509,23.686668797078124,14,36.02699564208415,36.067764863750014,1.0881850819614414,32.31328352000003,38.185441879999985,0.6598850574877972,2.646800760942075,1.0
Y2018_LAT23.68685_LON90.13192,2018,90.1319232660632,23.686850677571027,14,34.979324022387,34.737147988571444,1.5330330361082005,31.103304440000016,38.13588059,0.6178197185275753,3.339201575531269,1.0
Y2018_LAT23.68703_LON90.14172,2018,90.14171915461574,23.68703193971143,14,36.098137251920356,36.60662182035716,1.583947877992158,32.22441500000002,38.787013400000035,0.6148834991865398,2.35070165036071,1.0
Y2018_LAT23.68721_LON90.15152,2018,90.15151514060925,23.687212583529078,14,35.44969546240431,34.9072908563158,1.917609773919041,32.29277540000001,40.86004252999999,0.6335536265797514,3.1586013630604297,1.0
Y2018_LAT23.68739_LON90.16131,2018,90.16131122379636,23.68739260891942,14,36.16025464926014,35.98708535000001,1.0185928805373967,34.14021521000001,39.46719938000001,0.6800833119470332,3.450000529412396,1.0
Y2018_LAT23.68757_LON90.17111,2018,90.17110740382451,23.68757201592602,14,35.688376764709226,36.07906887404257,1.482343792296676,32.60210620999999,39.456945320000045,0.6868319996736881,3.3889994776446115,1.0
Y2018_LAT23.68775_LON90.1809,2018,90.18090368039647,23.68775080454604,14,33.11111641705959,32.97106248000002,1.3928581695873754,29.74805951000002,38.14100761999998,0.6530306311511972,3.99789999752941,1.0
Y2018_LAT23.68793_LON90.1907,2018,90.19070005308562,23.687928974645676,14,32.369063753911554,32.327688032857154,1.4096346702674907,29.01147620000006,35.936384720000035,0.6707896283395155,3.1626001912943487,1.0
Y2018_LAT23.68811_LON90.2005,2018,90.20049652177411,23.68810652627268,14,35.33452471574395,35.60856552909093,1.6718935028440407,31.39041812000005,38.72207101999999,0.6285525151005757,2.328494487032885,1.0
Y2018_LAT23.68828_LON90.21029,2018,90.21029308576458,23.688283459428458,14,33.084028645052015,33.139384773800025,2.097559324426578,29.093508680000014,36.97546280000003,0.6166810234224619,2.323298027409451,1.0
Y2018_LAT23.68846_LON90.22009,2018,90.22008974511502,23.688459774039266,14,31.44191441371648,30.530962017500006,2.090827191294462,29.002931150000023,42.97750592,0.6049417941193121,3.00600000705883,1.0
Y2018_LAT23.68864_LON90.22989,2018,90.22988649921624,23.688635470068228,14,36.62381516113193,37.15490885000001,2.0729462914338566,30.043718240000032,44.72411413999998,0.6367130712309602,2.838299239055249,1.0
Y2018_LAT23.68881_LON90.23968,2018,90.23968334787638,23.68881054755855,14,35.50984516753525,36.718334477272755,2.782747524097326,28.88842748000002,40.03629971000001,0.6095737267296523,2.90459988776458,1.0
Y2018_LAT23.68899_LON90.24948,2018,90.24948029079363,23.68898500645863,14,35.508503307601416,35.27414334500002,2.484205397239853,31.25711534000004,40.458425180000006,0.5748024480243531,2.2340002752944423,1.0
Y2018_LAT23.68916_LON90.25928,2018,90.25927732741697,23.689158846767523,14,35.929113748982594,36.283028915000024,2.083294457622428,31.780072399999995,40.79680916000001,0.5743478652791278,1.856496971750459,1.0
Y2018_LAT23.68933_LON90.26907,2018,90.26907445768036,23.689332068339798,14,33.38165353305226,33.471303594477625,2.315100669195724,28.44066686000002,39.60904721000003,0.5666018113590331,1.661998425880505,1.0
Y2018_LAT23.6895_LON90.27887,2018,90.27887168106732,23.689504671222522,14,30.439915944974217,30.279678143409104,1.0692315389342408,27.55539968000005,36.459341780000045,0.6715478372918962,2.507099420116968,1.0
Y2018_LAT23.68968_LON90.28867,2018,90.2886689973465,23.689676655411855,14,30.40808737890583,30.485940401666678,0.5890208981300762,27.55539968000005,31.70487595999998,0.6681540596615883,3.0279001312947424,1.0
Y2018_LAT23.68985_LON90.29847,2018,90.29846640613323,23.68984802094192,14,30.550136338277998,30.608942035121977,0.5526228808829224,27.57590779999998,32.70635582000003,0.678016783771587,3.070200082588331,1.0
Y2018_LAT23.69002_LON90.30826,2018,90.30826390710382,23.690018767769185,14,31.288390887102043,31.017711522500022,1.6139721649564673,27.82200524000001,35.297214980000035,0.6073841917117766,2.257700303176829,1.0
Y2018_LAT23.69019_LON90.31806,2018,90.31806149997833,23.690188895715618,14,29.43035825333635,29.361139646000016,1.1950407813158186,27.27854006000001,32.579889080000015,0.6926458308106229,2.444499738822304,1.0
Y2018_LAT23.69036_LON90.32786,2018,90.3278591842765,23.69035840490154,14,31.258420822105354,31.01710624812503,1.3163233655611202,27.88352960000003,35.43393578000001,0.6758788946414502,2.1446989937635235,1.0
Y2018_LAT23.69053_LON90.33766,2018,90.33765695983121,23.690527295348776,14,30.742571691842016,30.796893188750015,0.8362907485067591,28.65942014000001,34.14192422000002,0.6867149080244488,2.0213000250588538,1.0
Y2018_LAT23.6907_LON90.34745,2018,90.34745482628604,23.690695566908847,14,30.399732066099464,30.42374429464791,1.0173338251937722,27.363990560000047,33.38654180000003,0.694205246289021,3.209598633405343,1.0
Y2018_LAT23.69086_LON90.35725,2018,90.35725278310356,23.69086321961578,14,30.873132152968353,30.86035313204548,1.0447358712059538,28.36205240000004,33.55744280000005,0.6654188756027621,3.4021981202330887,1.0
Y2018_LAT23.69103_LON90.36705,2018,90.36705083031248,23.691030253398875,14,32.21559698660172,32.043408549565235,1.3077848539612587,29.70533426000003,35.10580586000003,0.560815715680151,2.52449944058758,1.0
Y2018_LAT23.6912_LON90.37685,2018,90.37684896726971,23.69119666831015,14,31.559439149888167,31.479481955428586,1.3286008042435786,28.47826508000003,35.56211153000004,0.5794871005754816,2.72959637457118,1.0
Y2018_LAT23.69136_LON90.38665,2018,90.38664719377365,23.691362464299498,14,33.38746186772733,33.42205123,1.124138477758426,30.508568960000048,37.04382320000002,0.4590290929474903,3.0603988945869456,1.0
Y2018_LAT23.69153_LON90.39645,2018,90.39644550944865,23.691527641360246,14,34.85265999404041,34.64180964500002,1.73228820749749,31.578409220000026,39.36294977000003,0.40659176656327894,3.264699134940168,1.0
Y2018_LAT23.69169_LON90.40624,2018,90.40624391405873,23.6916921993956,14,36.741901260678205,36.455878786052644,1.2449946522755075,33.680491520000004,39.52017869000002,0.36303230058964897,3.999399997176457,1.0
Y2018_LAT23.69186_LON90.41604,2018,90.41604240706675,23.691856138496544,14,35.2497372088709,35.718351023157915,2.3881631170235744,29.493417020000038,39.25699115000003,0.27802544646615324,3.184599040704762,1.0
Y2018_LAT23.69202_LON90.42584,2018,90.42584098837877,23.692019458559063,14,35.60982708099691,36.33945789333333,3.4370432827213317,29.585703560000013,41.8461413,0.2307460652358781,3.0045988289398062,1.0
Y2018_LAT23.69218_LON90.43564,2018,90.43563965751353,23.69218215954913,14,39.42409247812271,39.4028673607143,1.3678495870734577,35.512550239999996,44.61473750000002,0.2096225024313621,3.537200175059658,1.0
Y2018_LAT23.69234_LON90.44544,2018,90.44543841412684,23.69234424145357,14,37.14221261384747,37.26358178000002,1.235859799346659,33.759105980000015,40.198655659999986,0.2778815894967981,3.024600028941208,1.0
Y2018_LAT23.69251_LON90.45524,2018,90.45523725805928,23.692505704334405,14,36.070042996614866,36.170444785217406,0.9665379732109282,33.26007506000002,38.475973580000016,0.3119132308962,3.0067976550560704,1.0
Y2018_LAT23.69267_LON90.46504,2018,90.46503618870872,23.692666548114357,14,33.552113752003834,33.407315766000025,1.9890873155619697,29.609629700000028,40.475515280000025,0.4191616998346604,3.326789773128351,1.0
Y2018_LAT23.69283_LON90.47484,2018,90.47483520593858,23.692826772691703,14,34.052792483229005,33.78189278000002,1.8066321635426768,30.662379859999987,39.02969282000004,0.4124976522705733,4.11638557360528,0.7984819693448358
Y2018_LAT23.69299_LON90.48463,2018,90.4846343094755,23.692986378148444,14,32.85622879577891,32.580743585000015,1.8234990073303463,29.896743380000032,38.58876824000001,0.43215680973232706,6.854630278278755,0.2407663929719799
Y2018_LAT23.69315_LON90.49443,2018,90.49443349863819,23.693145364514095,14,35.94560925590363,36.411489500000016,0.7160751900000263,34.97933912000002,36.411489500000016,0.4247902147023074,7.674698795180722,0.000293090480209331
Y2018_LAT23.69402_LON90.03377,2018,90.03376589628226,23.694024545346963,14,35.78997404871454,36.169544983119756,1.1357282515942144,32.68072067000003,37.58557937000003,0.5074622730132099,4.085634561724236,0.07453572056097198
Y2018_LAT23.69421_LON90.04356,2018,90.04356146241442,23.694212069655585,14,33.92886965743271,33.39489153457145,1.9004190755687982,30.874297100000035,38.80581251000001,0.5850051150368819,3.892219638705062,0.9130150781122391
Y2018_LAT23.6944_LON90.05336,2018,90.05335712937642,23.69439897558522,14,33.14477615977755,32.640435942505164,1.5830845626927172,30.739285310000014,37.92396335000001,0.6167538673575058,4.018000084706275,1.0
Y2018_LAT23.69459_LON90.06315,2018,90.06315289686664,23.69458526312828,14,34.71364368448947,34.722779736391146,1.1142972920401086,31.88603102000002,37.862438990000015,0.6736892310285889,3.7212986884644104,1.0
Y2018_LAT23.69477_LON90.07295,2018,90.07294876450825,23.694770932261218,14,36.63708876045323,36.28180580000003,2.212645007952514,32.2073249,43.18600514000002,0.6585323612578947,2.1022051868479394,1.0
Y2018_LAT23.69496_LON90.08274,2018,90.08274473212296,23.694955982996586,14,35.669351129394094,34.84480205500002,2.938907676645554,30.16334893999999,42.488729060000026,0.6299795109038705,2.129000607061676,1.0
Y2018_LAT23.69514_LON90.09254,2018,90.09254079918136,23.69514041515422,14,33.714375641671865,33.580199617368436,0.990612235990224,31.619425460000002,36.60631663999999,0.6390370525392454,3.6321029746022213,1.0
Y2018_LAT23.69532_LON90.10234,2018,90.10233696561099,23.695324228837872,14,35.04222840434975,35.11227568357145,1.113509820742928,31.827924680000024,38.096573360000036,0.6773134154017079,2.5723003402368882,1.0
Y2018_LAT23.69551_LON90.11213,2018,90.1121332307547,23.695507423993153,14,35.56152796869916,35.734280666568004,0.9413431223401335,33.15411644000005,38.22645812000002,0.670700817058956,2.345298095520447,1.0
Y2018_LAT23.69569_LON90.12193,2018,90.12192959448173,23.695690000641797,14,34.96685812705564,35.07372905692311,1.6682429547484905,31.01785394000001,37.92909038000005,0.6598091933710017,3.1179005548261327,1.0
Y2018_LAT23.69587_LON90.13173,2018,90.1317260564157,23.69587195872346,14,34.96356517701725,34.713481251875024,1.9293540367773303,30.747830360000023,39.29117135000001,0.599974464236933,2.524402467776316,1.0
Y2018_LAT23.69605_LON90.14152,2018,90.14152261628611,23.69605329816605,14,35.85459562427528,36.17019865062501,1.339597783157936,32.90118296000003,38.16151574000003,0.6202999083076624,2.0492002315305013,1.0
Y2018_LAT23.69623_LON90.15132,2018,90.1513192735837,23.696234018970106,14,35.933583756043724,35.85761489545456,1.3807810162795942,32.367971839999996,38.872463900000014,0.6108968763987715,2.7260034164866593,1.0
Y2018_LAT23.69641_LON90.16112,2018,90.1611160282094,23.696414121172545,14,36.74006350130114,36.70045001338711,1.135380865088344,32.23466905999999,40.017500600000005,0.6759028776470538,2.9980976381065285,1.0
Y2018_LAT23.69659_LON90.17091,2018,90.17091287966808,23.69659360474074,14,36.41018077419524,36.67262622800003,1.1993875769671265,32.56108997000001,38.87588191999998,0.6893878065043012,3.2252975308118974,1.0
Y2018_LAT23.69677_LON90.18071,2018,90.18070982763672,23.6967724695766,14,33.51895869742873,33.42118809363639,1.3525351676474078,30.788846600000056,38.229876140000016,0.6531980727897393,4.1206005675320805,1.0
Y2018_LAT23.69695_LON90.19051,2018,90.19050687186817,23.696950715691802,14,31.95008107543592,32.01639550210528,0.693910310889807,29.01147620000006,34.225665710000015,0.6626280432201281,3.1993985854051,1.0
Y2018_LAT23.69713_LON90.2003,2018,90.20030401191951,23.69712834307055,14,31.821773361094554,31.86026440769234,0.7185646972543298,30.136004780000007,34.84090931000003,0.6576848455252957,3.167397258340029,1.0
Y2018_LAT23.69731_LON90.2101,2018,90.21010124757622,23.69730535159487,14,31.131290314158232,30.70198868000002,1.364757848931615,28.632075980000025,35.04086348000001,0.6393431920151711,4.02730012847119,1.0
Y2018_LAT23.69748_LON90.2199,2018,90.21989857844044,23.69748174142072,14,33.33115101929816,31.80673295600003,3.1120173720470943,28.40990468000001,45.88624093999999,0.6150877374125455,2.7422987872884095,1.0
Y2018_LAT23.69766_LON90.2297,2018,90.22969600417127,23.697657512448863,14,36.71404919660074,37.22462588680415,1.535767679476938,30.78542858000003,39.36636779,0.6283359379140062,2.9318996795278993,1.0
Y2018_LAT23.69783_LON90.23949,2018,90.23949352444232,23.69783266458546,14,37.85428314975824,37.34183181875002,1.853298999685853,33.900953810000004,42.692101250000036,0.6394225933350765,2.7110986404641833,1.0
Y2018_LAT23.69801_LON90.24929,2018,90.2492911389818,23.698007197814498,14,37.09050359225394,36.67438942299025,2.1933818339634037,32.55254492000006,41.22064364000002,0.6031361370074375,2.954999788234287,1.0
Y2018_LAT23.69818_LON90.25909,2018,90.25908884729992,23.698181112186607,14,34.73139687544751,34.29214619900002,1.7216917234692963,32.268849260000025,38.89980806,0.6378886555442402,2.6561983821100266,1.0
Y2018_LAT23.69835_LON90.26889,2018,90.26888664922271,23.698354407670063,14,33.77141401026532,33.5909990757143,1.355657559892374,31.03152602,39.58683008,0.6369826084822573,3.150600708709208,1.0
Y2018_LAT23.69853_LON90.27868,2018,90.27868454438945,23.69852708423566,14,31.662711664007904,31.474831006785738,1.4609873747622113,29.202885320000007,37.590706400000016,0.610944543910082,3.327103892253602,1.0
Y2018_LAT23.6987_LON90.28848,2018,90.28848253235476,23.698699141812764,14,30.962592041375213,30.854155196428604,0.8542331369366288,29.40796652000006,34.79476604000001,0.6749361846141331,3.4254020018917677,1.0
Y2018_LAT23.69887_LON90.29828,2018,90.29828061303134,23.698870580411132,14,30.76651669893657,30.64250572758067,0.8390322413217474,27.900619699999993,33.10626416000002,0.6761248786944177,3.325999181172619,1.0
Y2018_LAT23.69904_LON90.30808,2018,90.30807878574694,23.699041399940448,14,29.573043693184893,29.639398806621635,0.720303273533315,27.357154519999995,31.68436784000002,0.6770151847864553,3.1005004729433963,1.0
Y2018_LAT23.69921_LON90.31788,2018,90.3178770504813,23.699211600501837,14,29.727065357332368,29.83138848034485,1.1697455122585814,27.189671540000006,33.089174060000005,0.6764882681326073,2.879999435291453,1.0
Y2018_LAT23.69938_LON90.32768,2018,90.32767540665867,23.699381182078024,14,30.195879428904806,30.38948203590911,1.1615704415801227,27.5929979,34.92806882000002,0.6843737229693688,2.3768970677508996,1.0
Y2018_LAT23.69955_LON90.33747,2018,90.33747385414618,23.699550144458456,14,30.91846776306764,30.73283990085717,1.3018258646190182,27.606669979999992,34.97933912000002,0.6434599755845503,2.1912985472872752,1.0
Y2018_LAT23.69972_LON90.34727,2018,90.34727239253493,23.69971848774044,14,32.2184244172574,31.781945737884634,1.9623762638199944,27.630596120000007,37.65906680000003,0.5580744207519217,2.8252968249262316,1.0
Y2018_LAT23.69989_LON90.35707,2018,90.35707102131262,23.699886211934867,14,32.02563464793096,31.921151175500015,1.470301955595023,28.69018232000002,35.62192687999999,0.5967068438047984,3.868497028221303,1.0
Y2018_LAT23.70005_LON90.36687,2018,90.36686974043921,23.70005331705588,14,32.745087891036114,32.67687539750001,0.8476714502630252,30.874297100000035,34.96908506,0.49611758312417437,2.790299013171819,1.0
Y2018_LAT23.70022_LON90.37667,2018,90.37666854943967,23.70021980290226,14,34.577399501472975,34.718966420000015,1.5857942131138865,30.125750720000042,38.45375645000004,0.4464295668639733,3.5722015162424183,1.0
Y2018_LAT23.70039_LON90.38647,2018,90.3864674479825,23.700385669579653,14,35.87387038013444,35.67072861000002,0.9901567797249207,33.50617250000002,39.31167947,0.3586198920064144,3.7748012931825494,1.0
Y2018_LAT23.70055_LON90.39627,2018,90.3962664357762,23.70055091706898,14,36.97625245078117,37.1051034157143,1.1355025649761221,33.841138460000025,39.819255440000006,0.257721272260375,3.103698135050039,1.0
Y2018_LAT23.70072_LON90.40607,2018,90.40606551240806,23.700715545358978,14,37.76738610873867,37.845735451785735,1.393361286259719,32.77300721000003,41.84443229000004,0.22164535421093268,3.5609002865895762,1.0
Y2018_LAT23.70088_LON90.41586,2018,90.41586467757924,23.700879554301107,14,35.905068275289636,36.65853639000003,2.7269658803028265,29.903579420000028,41.05657868000003,0.19224641556366226,3.3940995016447073,1.0
Y2018_LAT23.70104_LON90.42566,2018,90.4256639310151,23.701042944001834,14,37.70251561606938,37.09594800500002,1.8131666968595928,34.94174090000001,43.51755308000003,0.2498202163083878,3.546793161379575,1.0
Y2018_LAT23.70121_LON90.43546,2018,90.43546327232818,23.701205714455323,14,38.72907692231913,38.72053463727274,1.6636761889176872,31.32034871000002,43.51755308000003,0.21397718815417066,4.2738977595188645,1.0
Y2018_LAT23.70137_LON90.44526,2018,90.44526270110596,23.70136786549647,14,37.354580845036395,37.29732635000001,1.0543993278739314,35.04428150000001,40.53020360000002,0.203052966349723,4.835401578360371,1.0
Y2018_LAT23.70153_LON90.45506,2018,90.45506221733368,23.701529397245388,14,37.29763604819652,37.420594173846176,1.2121734383938514,34.022293520000034,39.79191128000002,0.26302541056622464,5.551600242824658,1.0
Y2018_LAT23.70169_LON90.46486,2018,90.46486182016598,23.701690309568644,14,36.552540790870744,36.34052489428574,1.9130533294860166,32.42949620000002,41.22064364000002,0.3234346108030257,5.947400928945539,1.0
Y2018_LAT23.70185_LON90.47466,2018,90.47466150976898,23.70185060251837,14,33.004000521354946,32.71604021000002,1.424621562574824,29.681408120000015,39.42276512000001,0.44560988897715254,5.424160779571588,0.9981999915293719
Y2018_LAT23.70201_LON90.48446,2018,90.48446128547123,23.70201027610431,14,33.3236993467657,32.9687028632787,1.902020167553883,28.55687954000001,38.040176030000026,0.48115063507355416,6.686198523287151,1.0
Y2018_LAT23.70217_LON90.49426,2018,90.49426114708672,23.70216933015094,14,34.55697743868457,34.360891126250024,1.1865132493072643,32.61748729999999,38.552879030000014,0.4141073789549523,6.195757117787767,0.5774816524514468
Y2018_LAT23.70233_LON90.50406,2018,90.50406109430696,23.70232776480464,14,34.14787405921918,33.833498365479706,1.1028162657074578,33.00030554000003,39.22793798000001,0.38322546612536385,5.993408638560761,0.13851761411850588
Y2018_LAT23.70305_LON90.03356,2018,90.03356187373501,23.70304502682764,14,36.93997556433955,36.985716860000025,0.5225846710083504,35.96714689999999,37.91370929000004,0.5474373276784666,4.835305481767688,0.01466494790596868
Y2018_LAT23.70323_LON90.04336,2018,90.04335811127598,23.70323263107383,14,35.436216396608415,35.67140851275427,1.6375949602900493,31.270787420000033,39.17324966000001,0.5215475476121599,4.13253162408522,0.7229831418703107
Y2018_LAT23.70342_LON90.05315,2018,90.05315444962596,23.703419616738838,14,35.54101130159847,35.766907895000024,1.4491711780799132,32.03813291,39.17324966000001,0.5324875564463356,3.294199031524856,1.0
Y2018_LAT23.70361_LON90.06295,2018,90.06295088851031,23.703605983712084,14,34.49665101338704,34.07551697428574,1.525303742300814,32.06376806000003,39.84659959999999,0.6278101599565082,3.155100182470802,1.0
Y2018_LAT23.70379_LON90.07275,2018,90.0727474277177,23.703791731950638,14,36.53395192231846,36.40095060500002,2.022836643434348,32.77129820000005,43.196259199999986,0.644246926736996,2.7907021067083595,1.0
Y2018_LAT23.70398_LON90.08254,2018,90.08254406670223,23.703976861512988,14,35.17193477905706,35.15612671000002,1.3049145389695367,31.482704660000024,41.41888879999999,0.6100871569857911,3.3307039091948667,1.0
Y2018_LAT23.70416_LON90.09234,2018,90.09234080534179,23.704161372369022,14,34.44824750463195,34.3600793465,0.8974516732646455,32.10307528999999,38.33412575000003,0.6237829960900414,2.9706987890574,1.0
Y2018_LAT23.70435_LON90.10214,2018,90.10213764325344,23.70434526445813,14,34.189608110041355,34.181231450000034,0.5985595059226997,32.49443858000001,36.44054267000001,0.6219631097810715,3.417000490588813,1.0
Y2018_LAT23.70453_LON90.11193,2018,90.11193457991276,23.70452853774023,14,35.006873059416534,34.76611285106385,1.2349075166085743,32.62603235,39.16128659,0.6645068019492206,3.4159996047040218,1.0
Y2018_LAT23.70471_LON90.12173,2018,90.12173161533806,23.704711192214116,14,34.54863155867261,34.64351865500003,1.5791711949656828,30.908477300000015,38.13588059000003,0.6369957381053593,2.9601987767044426,1.0
Y2018_LAT23.70489_LON90.13153,2018,90.13152874889356,23.704893227843872,14,35.4585382604979,35.32846544857144,1.481809766233102,31.219517119999978,38.89809905000004,0.6321625440106001,2.003000003529416,1.0
Y2018_LAT23.70507_LON90.14133,2018,90.14132598032158,23.70507464463464,14,35.15726663910862,35.85639202612905,1.7316948877582785,31.797162500000013,38.848537760000056,0.5892320298990196,2.381901797184929,1.0
Y2018_LAT23.70526_LON90.15112,2018,90.15112330946769,23.70525544248744,14,35.808419492131314,36.22424609187501,1.8298862471175454,28.813231040000005,39.89445188000002,0.6084715409098632,2.322500379412211,1.0
Y2018_LAT23.70544_LON90.16092,2018,90.16092073565879,23.705435621509512,14,36.566348414419394,36.77919368281252,1.4780386609802105,29.57203148000002,39.92521406000003,0.6858651834440462,2.861498660586661,1.0
Y2018_LAT23.70562_LON90.17072,2018,90.17071825891546,23.705615181505287,14,35.69474025920988,35.48200168625003,1.7736946279008503,31.29471355999999,39.528723740000004,0.6499462786724234,3.6648984230514006,1.0
Y2018_LAT23.70579_LON90.18052,2018,90.1805158787244,23.705794122595467,14,33.278614319750275,33.48322293714286,1.1701056320293166,30.631617679999977,37.768443440000055,0.6486786272370425,3.838599810117424,1.0
Y2018_LAT23.70597_LON90.19031,2018,90.19031359471515,23.70597244471462,14,33.136153760690036,33.325909097391325,0.9329209867081119,30.38722925000002,35.676615200000015,0.6683138307176264,3.9351999237646162,1.0
Y2018_LAT23.70615_LON90.20011,2018,90.20011140659537,23.70615014776379,14,32.26497237468744,32.136604438571446,0.8150220614148437,30.549585200000024,35.474952020000046,0.6633897062144963,3.8976995185859686,1.0
Y2018_LAT23.70633_LON90.20991,2018,90.20990931418312,23.706327231841282,14,31.64061649516767,31.51919202350003,0.960051176263179,29.17041413000001,35.621926880000046,0.6562523195204956,4.446100524824146,1.0
Y2018_LAT23.7065_LON90.21971,2018,90.21970731686676,23.706503696837245,14,35.055561347738426,33.564065213750006,4.1936528397215955,27.910873760000015,45.88624093999999,0.5559466951256711,2.4957071434180564,0.8202381080181642
Y2018_LAT23.70668_LON90.22951,2018,90.2295054145378,23.706679542718494,14,36.19963065813771,36.34460506318184,1.6798750866257348,31.62284348000003,39.897869900000046,0.6307282557276123,2.928458834656342,0.7664186720809548
Y2018_LAT23.70685_LON90.2393,2018,90.2393036067637,23.70685476956079,14,36.92408629542051,37.14045994727275,1.3521115208579364,32.69951978000006,40.229417839999996,0.6018943379285386,2.6122663068625327,1.0
Y2018_LAT23.70703_LON90.2491,2018,90.24910189328038,23.70702937723754,14,34.977455446961905,35.0850180838182,0.6392911502993812,33.55744280000002,37.330936880000024,0.6908391782735456,3.998799998588234,1.0
Y2018_LAT23.7072_LON90.2589,2018,90.25890027363418,23.707203365788224,14,33.29528428992252,33.139456932000016,0.8568455942268509,30.481224800000007,35.74839362,0.6889524732456721,3.615200542120197,1.0
Y2018_LAT23.70738_LON90.2687,2018,90.26869874760163,23.70737673517037,14,34.08430830210783,34.36029055433965,0.99317599367306,31.074251270000047,35.797954910000044,0.6761808923996113,3.888001044707112,1.0
Y2018_LAT23.70755_LON90.2785,2018,90.27849731481605,23.707549485322676,14,33.86145783269234,33.85167735500002,1.5864640999970332,30.11549666000002,37.590706400000016,0.5964580940497642,3.4232016743549116,1.0
Y2018_LAT23.70772_LON90.2883,2018,90.28829597489661,23.707721616278636,14,31.00004098568638,30.71699278250001,2.1015412363817716,27.763898900000015,38.105118410000046,0.6427357408743344,3.1437006762384763,1.0
Y2018_LAT23.70789_LON90.29809,2018,90.29809472761363,23.707893127929356,14,31.212982507496022,31.106595759351126,1.4302973015922265,27.53660057000002,34.96908506,0.6673652073501654,3.6348995704700835,1.0
Y2018_LAT23.70806_LON90.30789,2018,90.3078935725446,23.708064020351678,14,30.24209053842998,29.984352629473705,1.5105923494302362,27.931381880000004,35.60141876,0.6809750818656499,3.038198868469257,1.0
Y2018_LAT23.70823_LON90.31769,2018,90.3176925094649,23.70823429348737,14,29.19976257609497,29.11097856000002,1.0209326383016222,27.09738500000003,33.159243470000035,0.7001668178867776,3.832401564242655,1.0
Y2018_LAT23.7084_LON90.32749,2018,90.327491537878,23.70840394726484,14,29.201118483065386,29.02026539428574,1.098582989859283,27.285376100000036,32.50811066000006,0.7060956032677924,4.0413012250602645,1.0
Y2018_LAT23.70857_LON90.33729,2018,90.33729065754324,23.70857298171479,14,30.514028831147403,30.352260276153864,1.269776676282034,27.076876879999986,34.09407194000005,0.6503591168490496,3.268800316235667,1.0
Y2018_LAT23.70874_LON90.34709,2018,90.34708986814353,23.708741396866237,14,31.893180123956878,31.611425838723424,1.3332155664686216,28.341544279999994,35.57920163,0.5685548088163903,3.6050004941199734,1.0
Y2018_LAT23.70891_LON90.35689,2018,90.35688916927478,23.708909192524068,14,33.464069786778616,33.594267468105286,1.50073574746627,28.977296000000024,37.17370796,0.4669677025923272,3.7365996901172815,1.0
Y2018_LAT23.70908_LON90.36669,2018,90.36668856077274,23.709076368808944,14,33.858933611899694,34.2237125557143,2.7772425202395983,27.716046620000043,37.905164239999976,0.26898305681144713,3.036900043411815,1.0
Y2018_LAT23.70924_LON90.37649,2018,90.37648804206883,23.709242925688336,14,35.42871189693161,36.533186316567175,2.7868964345865312,28.184315360000028,41.83417823000002,0.21978574500764889,2.963999830587439,1.0
Y2018_LAT23.70941_LON90.38629,2018,90.38628761296698,23.70940886311279,14,34.921981043765726,35.586339260000024,2.7811776493536287,28.990968080000016,41.23431572000001,0.19869058953323612,3.4815005664712535,1.0
Y2018_LAT23.70957_LON90.39609,2018,90.39608727315374,23.709574181013647,14,36.5461855369621,36.90157325000002,2.3344723333147455,29.11401680000006,41.68891238000003,0.1818976390851075,4.360801600943059,1.0
Y2018_LAT23.70974_LON90.40589,2018,90.40588702222212,23.709738879499763,14,36.32236762511243,36.281264997048225,1.3355171079429755,30.83669888000003,40.91473085000004,0.20058954259746944,5.312110880521796,1.0
Y2018_LAT23.7099_LON90.41569,2018,90.41568685985507,23.709902958407614,14,36.56589377902308,36.34949368896554,0.7659108299967435,35.25448973000002,38.93057024000001,0.22411627679077553,5.6469031140036625,1.0
Y2018_LAT23.71007_LON90.42549,2018,90.42548678580424,23.71006641772951,14,38.861468904879935,39.201961028000014,1.4791202762132154,35.25278072000003,41.66498624000002,0.20878706445418238,5.970599965411723,1.0
Y2018_LAT23.71023_LON90.43529,2018,90.43528679955372,23.710229257551543,14,38.83009650631441,38.90417053289475,1.2765802361257856,32.514946699999996,43.04928434000004,0.20755471637815126,6.0,1.0
Y2018_LAT23.71039_LON90.44509,2018,90.44508690096535,23.71039147781732,14,37.56000350663197,37.27996123689657,2.229380804185172,30.838407890000013,44.09690747000002,0.24444073124499507,5.994599993647049,1.0
Y2018_LAT23.71055_LON90.45489,2018,90.45488708964757,23.71055307837448,14,36.633958952224766,36.344393767400014,1.602986369178447,31.6262615,43.057829389999995,0.31690177091210797,6.0,1.0
Y2018_LAT23.71071_LON90.46469,2018,90.46468736510884,23.71071405932823,14,35.625025020077175,35.60956636581397,1.2450430925203426,32.80547840000003,39.697915730000034,0.36882111183272304,6.0,1.0
Y2018_LAT23.71087_LON90.47449,2018,90.47448772728887,23.710874420619206,14,35.81290631818969,35.919294620000024,1.1651788395535412,32.40044303000002,38.756251220000024,0.36613182654331616,6.0,1.0
Y2018_LAT23.71103_LON90.48429,2018,90.48428817568954,23.71103416224019,14,34.73115175535008,34.764790547142866,1.0135223267142548,32.00737073000002,37.25403143,0.4193072928205848,5.999099998941174,1.0
Y2018_LAT23.71119_LON90.49409,2018,90.49408870996135,23.711193284189665,14,35.79805625678051,35.794226160909105,0.9563564117596275,33.25836605000001,38.85708281000004,0.3504629135715616,6.004800022588345,1.0
Y2018_LAT23.71135_LON90.50389,2018,90.50388932978802,23.71135178639017,14,34.6287524226884,34.834855359322056,1.7889000191275513,29.86427219000001,40.32341339000004,0.3024315494225301,6.0016271492727595,0.9394654399096479
Y2018_LAT23.71151_LON90.51369,2018,90.51369003493744,23.711509668848223,14,33.712011558442654,33.45550157899609,1.9901508003920583,30.47438876000001,37.72742720000002,0.21418943716318667,5.982979575490587,0.21717686027085503
Y2018_LAT23.71225_LON90.04315,2018,90.04315465926568,23.712253180440282,14,35.477187833473735,35.66849740250001,1.406326992039549,32.39531599999998,37.95814354999999,0.5721286448226797,2.740881964510908,0.3644249036530431
Y2018_LAT23.71244_LON90.05295,2018,90.05295166927347,23.712440245698982,14,35.58521294964687,35.42966325500002,1.8767940997671257,32.01249776000003,39.82950950000003,0.6171039893006827,2.6849156762733757,0.8629000437617949
Y2018_LAT23.71263_LON90.06275,2018,90.06274877995331,23.71262669208791,14,36.224619562144085,36.4796057557143,1.4357477642120893,32.54399987000002,39.48428948000003,0.6618576622280289,2.711699660823136,1.0
Y2018_LAT23.71281_LON90.07255,2018,90.07254599089818,23.712812519580314,14,35.58974912043704,35.67029929347827,1.3138909395483966,32.11845638,38.48793665000002,0.6110509151842944,2.5406590830796985,0.9959923029578431
Y2018_LAT23.713_LON90.08234,2018,90.08234330177807,23.712997728017378,14,35.35194013035424,35.11059108800001,1.755966020920448,32.44316828000001,39.735513949999984,0.5799192569123308,3.317334909556842,0.9698382065999185
Y2018_LAT23.71318_LON90.09214,2018,90.09214071220715,23.71318231749268,14,34.5318823341871,34.40357612782611,1.3652576974130817,32.00907974000003,42.310992020000015,0.6164412979529408,3.5797983291745155,1.0
Y2018_LAT23.71337_LON90.10194,2018,90.10193822196237,23.713366287914933,14,34.30260093156775,34.233775739272744,0.8583503467456527,32.30644748000003,38.53407992000001,0.6702999648453009,3.9384040380963263,0.9920742288486741
Y2018_LAT23.71355_LON90.11174,2018,90.11173583063987,23.71354963930146,14,34.86089415013887,35.078625689404696,1.1123058774561083,32.234669060000044,37.884656120000045,0.6377486575114535,3.7311799499808127,0.8150306472776964
Y2018_LAT23.71373_LON90.12153,2018,90.12153353788551,23.713732371656334,14,33.72533089353064,33.551803067000016,1.3674288648639628,31.578409220000026,37.836803840000016,0.6386835909598317,3.244097824408711,0.9872455219304005
Y2018_LAT23.71391_LON90.13133,2018,90.1313313434145,23.713914484865672,14,33.578647690228664,33.26505725864408,1.400999199142104,31.17850088,38.730616070000025,0.6406760798068604,2.955201123766035,1.0
Y2018_LAT23.7141_LON90.14113,2018,90.14112924691034,23.714095978965492,14,34.24782287759415,33.791064467000034,1.5106555334613214,31.17850088,37.63514066000002,0.5606872836444787,2.744398797170817,1.0
Y2018_LAT23.71428_LON90.15093,2018,90.15092724798122,23.714276853950853,14,35.11910373875146,34.781609202929964,2.1318589749285164,30.25905350000005,41.029234520000045,0.5512334282196836,3.357099243646181,1.0
Y2018_LAT23.71446_LON90.16073,2018,90.16072534631115,23.714457109668174,14,36.41204223670697,36.14974804538464,1.923811191481872,32.31328352,43.57565942000002,0.5700629924263305,3.9135998983528224,1.0
Y2018_LAT23.71464_LON90.17052,2018,90.17052354161397,23.714636746246512,14,35.366988317703864,35.57840816107146,1.4843953619684112,30.87087908000001,38.04188504000001,0.624899742824777,4.3544993152909095,1.0
Y2018_LAT23.71482_LON90.18032,2018,90.18032183351161,23.714815763575718,14,33.2067428226365,33.29559805357145,1.3605289960673665,30.65212580000002,36.93102854000006,0.6041562947362221,3.131207453539093,0.999699658317168
Y2018_LAT23.71499_LON90.19012,2018,90.19012022165946,23.714994161677122,14,32.88444373378437,32.96951659563437,1.2726901128889292,28.29369200000002,36.74645545999999,0.6358595077401256,3.6047437608583808,0.9618972139242833
Y2018_LAT23.71517_LON90.19992,2018,90.19991870576271,23.715171940552505,14,32.96714829587141,32.39118589250002,1.7560609446787092,29.660900000000026,37.53772709000003,0.6249086197868589,2.985197577400371,1.0
Y2018_LAT23.71535_LON90.20972,2018,90.20971728542136,23.715349100086577,14,32.626434387801154,31.65622879162793,2.3433920479624226,28.915771640000003,39.35440472000002,0.5770614266885092,2.7556765557163554,0.9824760956883379
Y2018_LAT23.71553_LON90.21952,2018,90.21951596044296,23.71552564026661,14,32.36605397046363,32.438041250000026,0.7675889652671017,30.026628140000014,34.225665710000015,0.6079903016455642,3.267759993692344,0.045263127841659326
Y2018_LAT23.71588_LON90.23911,2018,90.2391135948237,23.715876862690298,14,35.33685882411209,35.48986195012848,2.1138198181601346,32.039841920000015,39.59708414000002,0.5166674447525891,3.5279237205682032,0.18461173698126251
Y2018_LAT23.71605_LON90.24891,2018,90.24891255363129,23.716051544785955,14,35.025847512014,35.09726081000002,0.3930532450282148,34.10603501,35.76719273000003,0.6897201194640911,4.0,0.21316057816410838
Y2018_LAT23.71623_LON90.25871,2018,90.25871160641132,23.716225607492657,14,34.61567348171708,34.70972030552633,0.647476790718546,33.13019029999998,35.96543789000003,0.6837921258501481,3.8333783550397,0.810373289121435
Y2018_LAT23.7164_LON90.26851,2018,90.2685107526447,23.71639905068736,14,33.563861451012606,33.4550336623077,1.105607080875739,30.946075520000022,36.756709520000015,0.6100771541057057,3.3396003995298895,1.0
Y2018_LAT23.71657_LON90.27831,2018,90.27830999232893,23.716571874457628,14,33.41619433257583,33.358135282432464,1.2230339411082738,30.855497990000032,37.12243766000003,0.616032628500321,3.448899351646308,1.0
Y2018_LAT23.71674_LON90.28811,2018,90.28810932485533,23.716744078749503,14,32.745524703984266,32.82842796285716,0.7554526456900483,30.04200923000002,35.00839229000002,0.6762627288257388,3.1741984668163234,1.0
Y2018_LAT23.71692_LON90.29791,2018,90.29790875007798,23.716915663572223,14,32.58036429592208,32.546197168571446,0.6703589717431343,30.21461923999999,34.83578227999999,0.6992450023748199,3.018600021882378,1.0
Y2018_LAT23.71709_LON90.30771,2018,90.30770826742497,23.717086628839887,14,31.733219101859564,31.50919431500003,1.209616676919425,28.009996340000043,35.67319717999999,0.6752126043387181,3.527499444117007,1.0
Y2018_LAT23.71726_LON90.31751,2018,90.31750787684767,23.71725697455599,14,30.45839219429531,30.293007981698143,1.5606487742362969,27.387916700000005,34.64437315999999,0.6849192936764574,3.8831018028320203,1.0
Y2018_LAT23.71743_LON90.32731,2018,90.32730757777604,23.717426700615942,14,30.633172010338928,30.857207000000017,1.6034123912521012,27.435768980000034,34.79134801999999,0.6592355552758418,3.4791005636477284,1.0
Y2018_LAT23.7176_LON90.33711,2018,90.33710737004323,23.717595807190335,14,30.911741291774046,30.771505175000016,1.5625089838936663,27.702374539999994,35.56211153000001,0.6029840761737162,2.8452986415278207,1.0
Y2018_LAT23.71776_LON90.34691,2018,90.34690725325221,23.717764294034538,14,32.05063050253615,31.86295938500002,1.048824167569023,29.924087540000016,35.93638471999998,0.5653079533922031,4.047590812192069,1.0
Y2018_LAT23.71793_LON90.35671,2018,90.35670722699012,23.717932161248285,14,31.69838878765891,31.65461096000002,2.016132984593453,27.39133472000003,38.37685099999999,0.3595212589755797,4.026495325288625,1.0
Y2018_LAT23.7181_LON90.36651,2018,90.36650729109517,23.71809940882346,14,37.173595496956786,37.23488472474578,0.794737231271918,34.347005420000016,39.848308610000004,0.25118047913885533,5.030098858939845,1.0
Y2018_LAT23.71827_LON90.37631,2018,90.37630744512458,23.718266036684437,14,37.38128684362515,37.29517913230771,1.0226192633730322,34.770839900000055,40.99676333000002,0.23827107618691332,5.7458988042296815,1.0
Y2018_LAT23.71843_LON90.38611,2018,90.38610768871601,23.71843204482442,14,37.08819781749146,36.953245670000015,1.310691492173964,34.17610442,41.417179790000006,0.24761477555356168,6.76560090070696,1.0
Y2018_LAT23.7186_LON90.39591,2018,90.39590802162641,23.71859743325179,14,36.48958790874398,36.61115069685716,1.0040053940436526,33.388250810000045,40.83953441,0.2612864277023318,6.64369840435108,1.0
Y2018_LAT23.71876_LON90.40571,2018,90.40570844351599,23.718762201795112,14,37.425534340122766,37.45502876194807,0.6775003927926799,35.625344900000016,41.632515049999995,0.2041517368794209,7.590798074343879,1.0
Y2018_LAT23.71893_LON90.41551,2018,90.41550895382954,23.718926350723773,14,37.38602910186685,37.274743003571444,1.2940111065687838,34.51790642,42.54341738000002,0.23240028357579515,6.736098513057099,1.0
Y2018_LAT23.71909_LON90.42531,2018,90.42530955264697,23.71908987976377,14,37.909410324573685,37.47544317000001,1.7160897153767254,35.16220319000004,43.57053239000004,0.2568013396812925,6.19140022517675,1.0
Y2018_LAT23.71925_LON90.43511,2018,90.43511023925143,23.71925278896357,14,37.56625965289215,37.844011403913065,2.0130871599648072,32.11162034000003,42.194779340000025,0.3329158314713411,6.0,1.0
Y2018_LAT23.71942_LON90.44491,2018,90.4449110135486,23.719415078266074,14,34.230503231354795,33.7788038550752,2.242570869107309,30.775174520000007,43.60129456999999,0.536987743947023,6.150300176823732,1.0
Y2018_LAT23.71958_LON90.45471,2018,90.45471187502976,23.71957674775833,14,33.31374619414676,32.21176832600001,2.94477926944173,28.42357676000006,42.51778223000002,0.37765220710120945,5.6162007249420505,1.0
Y2018_LAT23.71974_LON90.46451,2018,90.46451282347572,23.719737797334236,14,33.5555218918689,33.39420287931036,2.63760035886198,28.488519139999994,43.04415731000003,0.3890332230414306,5.682100856945228,1.0
Y2018_LAT23.7199_LON90.47431,2018,90.47431385864579,23.719898227019485,14,34.43101357015997,33.77204562714288,3.0649613095485555,29.370368299999996,44.92406831000005,0.42815592419624743,5.989799987999998,1.0
Y2018_LAT23.72006_LON90.48411,2018,90.48411497992795,23.720058036749826,14,34.91030026233786,34.97353643488375,2.0622917448414557,30.7375763,39.76114910000001,0.4346577820752831,6.25249794411525,1.0
Y2018_LAT23.72022_LON90.49392,2018,90.49391618722424,23.720217226468566,14,36.39440236765968,35.81170586738463,2.8223822149789504,30.057390320000025,47.615759060000045,0.37255934296229587,6.769598915759626,1.0
Y2018_LAT23.72038_LON90.50372,2018,90.50371748011912,23.72037579625026,14,32.48478714682283,31.909102655000012,2.3901301827624857,29.732678420000013,39.28262630000006,0.1709435452837337,6.002321199377373,0.26522726367366495
Y2018_LAT23.72146_LON90.05275,2018,90.05274878835802,23.721460862509293,14,35.5957016852206,35.79180247400002,0.9484363158605823,33.27374714000001,37.477911740000025,0.6401120004727687,3.6134103615355952,0.4851296813296487
Y2018_LAT23.72165_LON90.06255,2018,90.0625465711389,23.721647388393826,14,36.18429030667354,35.964610252227004,1.571651368972542,32.53545482000004,40.87200560000002,0.6192687342972305,2.8636541383901806,0.7256338695947312
Y2018_LAT23.72183_LON90.07234,2018,90.07234445423342,23.721833295021217,14,34.24327634922826,34.54156515487222,1.3433295890060657,31.089632360000024,36.821651900000006,0.653916521440372,3.1413620845232884,0.387937163252123
Y2018_LAT23.72202_LON90.08214,2018,90.08214243713324,23.722018582365706,14,34.95699832934648,34.86200119150966,0.7851276395155575,32.89776494,37.53601808000002,0.622278202158608,3.999156572309867,0.4463550704891931
Y2018_LAT23.7222_LON90.09194,2018,90.09194051985853,23.722203250488853,14,34.85480569320453,34.779543668054544,1.249481102648746,32.18852579000003,40.52678558000002,0.6651593669660013,4.00361004254823,0.9778958880295803
Y2018_LAT23.72239_LON90.10174,2018,90.10173870171215,23.72238729928123,14,35.09572076995287,35.224476705068525,1.2128552409740474,31.79545349,42.712609370000024,0.66857068836988,4.0,0.9227462883631457
Y2018_LAT23.72257_LON90.11154,2018,90.11153698272746,23.722570728826035,14,32.85694425993511,32.865293750000035,0.9912918658879619,31.93046528000002,37.43518649000001,0.6200055920737257,4.0,0.01920679361958292
Y2018_LAT23.72275_LON90.12134,2018,90.12133536220219,23.722753539004486,14,33.81918953544718,34.236249885732484,1.1260468569480444,31.663859720000005,37.67444789000001,0.6579178951722027,3.7069475178720976,0.6523810902144082
Y2018_LAT23.72294_LON90.13113,2018,90.13113384005356,23.722935729858083,14,34.66668056837537,34.51363389500003,1.2256208144853424,32.173144699999995,38.920316179999986,0.5838035453407701,3.903904253667077,1.0
Y2018_LAT23.72312_LON90.14093,2018,90.14093241582901,23.72311730120901,14,35.34834269360876,35.578675780769245,1.424730286365009,32.05351400000001,39.56973998000001,0.5882313081777509,3.702200951533877,1.0
Y2018_LAT23.7233_LON90.15073,2018,90.15073108927966,23.723298253293567,14,34.17237518178255,33.97088370897961,1.194984343592302,32.49614759000002,40.913021840000056,0.6337155102130925,3.996399983058744,1.0
Y2018_LAT23.72348_LON90.16053,2018,90.16052985997881,23.72347858588141,14,35.38351773119922,35.159137025000014,1.7619065698432321,32.06035004,40.13713130000002,0.6074282576550065,3.954112058448685,0.529207452986026
Y2018_LAT23.72366_LON90.17033,2018,90.17032872769948,23.723658298978677,14,34.775162046460935,35.104518553766255,2.089252119465533,31.093050380000022,39.019438760000014,0.5495334886120662,4.20140752668933,0.5449158448555399
Y2018_LAT23.72384_LON90.18013,2018,90.18012769201721,23.723837392595122,14,34.284836111722626,34.19889420256545,1.2844989358900354,31.315221680000036,37.99061474000001,0.6259902061319297,3.4216718960107593,0.1280105575717581
Y2018_LAT23.72402_LON90.18993,2018,90.18992675270556,23.72401586672108,14,32.50947441545457,32.40386105000002,1.0690898976248684,31.462196540000008,35.35873934000006,0.37440793424575386,3.859649122807017,0.006702250473896483
Y2018_LAT23.72419_LON90.19973,2018,90.19972590928332,23.72419372129912,14,33.15711923241242,32.911437019999994,1.2020279392219946,30.792264620000026,37.46765768000003,0.617554879010511,2.9797242963813892,0.06239897351717307
Y2018_LAT23.72437_LON90.20953,2018,90.20952516150587,23.724370956323977,14,36.01737420479578,37.50888754625002,3.1483816809694103,30.542749160000028,40.30119626000001,0.5302022540212334,2.232646726862303,0.10146986718585006
Y2018_LAT23.7249_LON90.23892,2018,90.2389234886288,23.724898943745163,14,31.967610782119234,31.927047260000023,0.42956527196093114,31.686076850000035,32.990051480000005,0.27269689329215235,4.0,0.002136192908122479
Y2018_LAT23.72507_LON90.24872,2018,90.24872312013223,23.725073700287105,14,34.44460229210298,34.602331514000014,0.8250635434587732,32.43633224000001,36.01158116000002,0.6763622968712406,4.0,0.420200259005505
Y2018_LAT23.72525_LON90.25852,2018,90.25852284549343,23.72524783715912,14,34.44080456009859,34.82894624000002,1.4183402382956907,30.658961840000018,37.93934444000001,0.5908520026072457,3.8834892283644105,0.9893484198205229
Y2018_LAT23.72542_LON90.26832,2018,90.26832266450006,23.725421354334042,14,33.83188758956962,34.14294962600001,1.4711374597748155,29.84889110000006,37.14465479000003,0.6265505733428066,3.068597969872794,1.0
Y2018_LAT23.72559_LON90.27812,2018,90.27812257691255,23.72559425172567,14,34.53926884594968,34.67565201744188,0.8093097580425533,32.43975025999998,36.72082031000002,0.6706231677163649,3.7950990357601637,1.0
Y2018_LAT23.72577_LON90.28792,2018,90.28792258221351,23.7257665294433,14,33.84483952957877,33.7656685784,1.1904292693757739,30.99734582000002,37.101929540000015,0.6788775599914322,3.489499950587995,1.0
Y2018_LAT23.72594_LON90.29772,2018,90.29772268015856,23.725938187378954,14,32.94934355690796,32.78897761379312,1.5700447413491405,30.53420411000002,38.73232508000001,0.6657187810285403,3.411901938362068,1.0
Y2018_LAT23.72611_LON90.30752,2018,90.30752287034858,23.726109225413403,14,31.58143806643254,31.326300779310365,1.0701160554913738,29.407966520000002,34.593102860000045,0.6684660915823192,4.383394745387026,1.0
Y2018_LAT23.72628_LON90.31732,2018,90.31732315262447,23.72627964369308,14,32.975718908759944,33.283052022634614,1.5174735065226022,27.897201680000023,36.41832554000001,0.5888075484590447,4.760997698812703,1.0
Y2018_LAT23.72645_LON90.32712,2018,90.32712352645275,23.726449442192326,14,33.92847066727842,33.90695618658538,1.5715349064123982,28.06468466000001,38.24354821999998,0.5906673646619088,5.794403738370523,1.0
Y2018_LAT23.72662_LON90.33692,2018,90.33692399163178,23.72661862070005,14,33.63828555010558,32.78326127000002,2.853877029586533,28.382560520000027,40.2738521,0.5164729655845541,6.394501856479309,1.0
Y2018_LAT23.72679_LON90.34672,2018,90.34672454770153,23.72678717936387,14,33.01629094079044,33.091080263461556,1.7618079770763582,29.124270860000024,38.626366459999986,0.5260425806381064,5.853493428204357,1.0
Y2018_LAT23.72696_LON90.35653,2018,90.35652519444098,23.726955118153832,14,33.20106803532179,33.72508114454548,2.6415657555541103,28.208241499999986,39.39029393000001,0.27018346663644927,6.166589019242422,1.0
Y2018_LAT23.72712_LON90.36633,2018,90.36632593158285,23.72712243702517,14,36.06479818435658,36.21635163090912,1.912776399920171,32.13896450000004,42.056349530000034,0.2974352283354911,5.750698826817992,1.0
Y2018_LAT23.72729_LON90.37613,2018,90.37612675854025,23.72728913584262,14,35.59532971972267,35.531015884634165,1.479135445966166,32.61577829000004,40.70623163000002,0.3151820851542093,6.021998927053763,1.0
Y2018_LAT23.72746_LON90.38593,2018,90.38592767518416,23.7274552146954,14,34.28991507514129,34.17234459800002,0.9719631417186456,32.036423900000045,36.82336091000002,0.45810646529183413,6.996502336481562,1.0
Y2018_LAT23.72762_LON90.39573,2018,90.39572868118505,23.72762067358994,14,34.5569262213137,34.45221634812502,1.1519821649955313,31.821088640000028,37.905164240000005,0.4449570667812062,6.283896630101776,1.0
Y2018_LAT23.72779_LON90.40553,2018,90.40552977608516,23.72778551248489,14,36.42450570310871,36.21515054346156,1.5066314013557536,32.66704859000001,42.457966880000015,0.4058627081900853,7.777801307300257,1.0
Y2018_LAT23.72795_LON90.41533,2018,90.41533095961898,23.727949731210405,14,37.67489399799544,37.780769146794746,1.4134952049447493,31.99540766000004,41.22918869,0.2902879604863901,7.998199991529372,1.0
Y2018_LAT23.72811_LON90.42513,2018,90.42513223150547,23.72811332992402,14,38.25882514635557,38.02628761962027,1.3454001961371853,35.13827705,43.70041715000002,0.2659493866907824,6.834699222113961,1.0
Y2018_LAT23.72828_LON90.43493,2018,90.43493359134165,23.72827630857057,14,35.921669073371085,35.94794567000001,1.1920288747670316,32.51323769000001,39.00747569000001,0.2765721336569119,6.352296951985636,1.0
Y2018_LAT23.72844_LON90.44474,2018,90.44473503880128,23.728438667083,14,34.153465273127075,33.88683590130437,1.5740397519879346,31.50150377,38.58535022000001,0.5298469318718205,6.81789914305479,1.0
Y2018_LAT23.7286_LON90.45454,2018,90.45453657354857,23.72860040542981,14,34.31769785763773,34.71922779800002,1.968399092390859,28.42357676000006,37.57019828,0.4563761436472509,6.77470599861644,1.0
Y2018_LAT23.72876_LON90.46434,2018,90.46433819528421,23.728761523702694,14,31.795087876754245,31.762127795000016,1.2844617686306186,28.488519139999994,35.81675402000002,0.46360824759497016,5.954502138833582,1.0
Y2018_LAT23.72892_LON90.47414,2018,90.47413990363053,23.728922021661404,14,32.60214732294221,32.76189864500001,1.3707361473973907,29.561777420000027,36.606316640000045,0.5117634067580695,5.960802168480776,1.0
Y2018_LAT23.72908_LON90.48394,2018,90.48394169826065,23.729081899487273,14,33.010869569628774,32.88984134818184,1.3797767831623864,30.44020856000003,38.12733554000005,0.5421433837494316,6.54049313173237,1.0
Y2018_LAT23.72924_LON90.49374,2018,90.49374357888938,23.729241157051728,14,34.485642741833054,34.15808213272729,2.643489606521854,29.636973860000012,44.18919401000002,0.5261922965869912,8.20718702628064,0.9479008095150018
Y2018_LAT23.7294_LON90.50355,2018,90.5035455452018,23.729399794413194,14,32.8184165953509,32.95202600750003,1.486697695879659,29.819837930000034,36.17906414000004,0.41308877798282134,6.274097135740975,0.11511884623104021
Y2018_LAT23.73104_LON90.08194,2018,90.0819414729446,23.73103942460765,14,34.8431365037901,34.765712870000016,0.18915768610811462,34.51619741000002,35.06478962000003,0.6289811926749982,4.0,0.0012108204279173544
Y2018_LAT23.73122_LON90.09174,2018,90.09174022814801,23.731224171414905,14,35.09256116809268,35.19125636000001,0.30491629837150624,34.347005420000016,35.33823122000001,0.6794396928097474,4.0,0.011172332610021412
Y2018_LAT23.73141_LON90.10154,2018,90.10153908262842,23.731408298682876,14,36.47479532854714,35.677469705000036,1.5876107179322532,34.94344991000003,40.695977570000025,0.623623553179837,4.0,0.08560518192037969
Y2018_LAT23.73177_LON90.12114,2018,90.1211370882111,23.731774694303866,14,33.86935555159201,33.677073500000034,0.7999576724577966,32.791806320000006,35.63047193,0.6575923028210177,4.0,0.16280777677071268
Y2018_LAT23.73196_LON90.13094,2018,90.13093623868204,23.731956962745272,14,35.6506450556734,35.609052338000005,1.2850356197174575,32.86358474000002,39.27749927000002,0.5885485000148793,4.0,0.7821170084439085
Y2018_LAT23.73214_LON90.14074,2018,90.14073548712526,23.732138611569457,14,34.727326935435734,34.827894541538484,1.2958321102898214,30.925567399999977,38.458883480000054,0.6667340076556167,3.7044986094052215,1.0
Y2018_LAT23.73232_LON90.15053,2018,90.15053483332763,23.73231964059836,14,32.377251117750625,32.42137840250001,1.1455999817847908,30.511986980000017,36.79430774000002,0.6110816057125673,3.5034994158816652,1.0
Y2018_LAT23.7325_LON90.16033,2018,90.16033427668371,23.732500049979638,14,32.50068450995647,32.48917011468967,1.4678600312079084,28.389396560000023,36.26793266000004,0.6641713507320228,3.659105239453535,0.2398692080823067
Y2018_LAT23.73375_LON90.22893,2018,90.22893307807338,23.733745562124344,14,32.590682212203696,32.631159379999986,0.7135162911187511,31.40409020000004,34.78109396000002,0.679510630497074,3.0,0.2511038697415743
Y2018_LAT23.73392_LON90.23873,2018,90.23873328811024,23.73392101295773,14,35.17782355756399,35.28079622158278,1.9894587605959748,31.34256584000002,40.2225818,0.6420938881190513,3.7992194094089893,0.6029248820699387
Y2018_LAT23.7341_LON90.24853,2018,90.24853359265339,23.7340958439822,14,34.11605355809196,33.99024958250001,1.408774482205022,31.75272824000001,39.658608500000014,0.6024113160744322,3.6456995831759795,1.0
Y2018_LAT23.73427_LON90.25833,2018,90.25833399097498,23.734270054975184,14,35.95168056820127,36.34656371233011,1.814868367590366,30.73415828000003,40.06193486000004,0.6259026025241357,4.092700436237347,1.0
Y2018_LAT23.73444_LON90.26813,2018,90.2681344831414,23.734443646021468,14,34.31554404498496,33.98262007357145,1.2448162901790953,30.641871740000056,37.99403275999998,0.6388170149469053,3.911199895529287,1.0
Y2018_LAT23.73462_LON90.27794,2018,90.27793506841533,23.734616617136147,14,34.13129610954655,33.953933120000016,0.9503867155763345,31.219517119999978,37.17370796,0.6554633105332738,4.9288010927071655,1.0
Y2018_LAT23.73479_LON90.28774,2018,90.28773574692843,23.734788968162896,14,33.82252974466304,33.70221248580647,0.7628431198615738,31.43827040000002,36.091904630000016,0.6656827819022911,5.655810144988923,1.0
Y2018_LAT23.73496_LON90.29754,2018,90.29753651795686,23.73496069918461,14,32.52494704409811,32.35971162500002,0.948824204304034,29.973648830000002,35.06991665000001,0.6596077525238248,6.357903950475237,1.0
Y2018_LAT23.73513_LON90.30734,2018,90.30733738135562,23.73513181014325,14,32.40958106695564,32.389619300000014,0.8666494492054034,30.580347380000035,34.65804523999998,0.645879691811912,7.0156000183529645,1.0
Y2018_LAT23.7353_LON90.31714,2018,90.31713833675774,23.73530230099782,14,33.1230889500285,33.297493384210554,0.9995559186353513,30.25734449000001,35.37924745999999,0.6245986661327547,7.157200739768191,1.0
Y2018_LAT23.73547_LON90.32694,2018,90.32693938385805,23.735472171769125,14,34.51813614740508,34.6996718407143,1.237356815093487,29.83863703999998,37.55652620000001,0.5300771423685524,8.124401322825078,1.0
Y2018_LAT23.73564_LON90.33674,2018,90.33674052213941,23.735641422429293,14,35.92213883419094,35.985701865714304,1.1709006199010032,31.853559830000023,39.248446100000024,0.4752198707115767,8.472800556235939,1.0
Y2018_LAT23.73581_LON90.34654,2018,90.34654175156675,23.735810052937783,14,34.82821165378018,34.84061841468088,1.6468723123346416,29.966812790000034,38.216204059999995,0.4434740243146516,7.4334949811528555,1.0
Y2018_LAT23.73598_LON90.35634,2018,90.35634307163333,23.735978063227318,14,34.90074498115811,35.093956724000016,2.6360750375238124,29.616465740000024,40.20890972000001,0.2954158061244058,7.667998432939331,1.0
Y2018_LAT23.73615_LON90.36614,2018,90.36614448197618,23.73614545326336,14,37.604767923625175,37.398780602558155,2.176641837931285,32.415824120000025,42.358844300000015,0.25852984987161665,6.1479001740002035,1.0
Y2018_LAT23.73631_LON90.37595,2018,90.37594598234861,23.736312223164685,14,33.914266483505685,33.73255935800002,1.124079350450746,31.55790110000001,37.659066800000005,0.44798803098304996,6.544700210353934,1.0
Y2018_LAT23.73648_LON90.38575,2018,90.38574757237537,23.736478372837592,14,35.10513043030492,35.03310720384617,1.3821848099815535,32.05351400000001,40.6669244,0.34226034423242385,6.2583991275283815,1.0
Y2018_LAT23.73664_LON90.39555,2018,90.39554925174671,23.73664390217882,14,33.93311270921937,33.61062317000002,1.3269434846893644,30.24196340000003,37.50525590000004,0.4846662041629303,6.009600011294129,1.0
Y2018_LAT23.73681_LON90.40535,2018,90.40535102012889,23.736808811179472,14,34.63498382291731,34.73048521225808,1.521012047358281,30.472679749999998,38.36830595000001,0.4146578034441709,6.146795984922284,1.0
Y2018_LAT23.73697_LON90.41515,2018,90.41515287705107,23.73697309997329,14,36.68631958580265,36.7040318,0.7756645869914133,34.613610980000004,38.89126301000002,0.2677828405973617,7.851799825646851,1.0
Y2018_LAT23.73714_LON90.42495,2018,90.42495482246659,23.737136768441125,14,36.26202381129149,36.26048244453126,0.8721220160239191,33.81550331,38.479391600000014,0.41065890949389333,7.994599993647052,1.0
Y2018_LAT23.7373_LON90.43476,2018,90.43475685579241,23.73729981642581,14,35.587389463059445,35.61210007250003,0.919824800331852,32.85845771000001,37.599251450000025,0.31106299822142514,7.230196377394717,1.0
Y2018_LAT23.73746_LON90.44456,2018,90.44455897672613,23.737462244092796,14,35.03477657234594,35.03744546000002,1.4477597038363954,30.964874630000025,39.10830728000002,0.4175983614842267,7.1029989447046376,1.0
Y2018_LAT23.73762_LON90.45436,2018,90.45436118513084,23.737624051377253,14,32.543920744754516,32.48268913625002,0.9987507301389661,30.26588953999999,35.690287280000035,0.5892306589752461,6.703800828000972,1.0
Y2018_LAT23.73779_LON90.46416,2018,90.46416348037994,23.737785238206047,14,31.97307613034286,31.86085160600003,1.0647104454105139,29.88648932000001,35.86631531000003,0.5581806625305675,6.477704600962828,1.0
Y2018_LAT23.73795_LON90.47397,2018,90.47396586232873,23.737945804640315,14,32.749787159370484,32.793942582500016,1.1020790603684691,29.483162960000016,36.609734660000015,0.47727793535617846,6.924802264473252,1.0
Y2018_LAT23.73811_LON90.48377,2018,90.48376833068637,23.73810575048113,14,33.13798119919058,33.32558711000002,1.3602853025812562,29.797620800000004,36.25255156999998,0.5656449851917759,7.127298973292908,1.0
Y2018_LAT23.73827_LON90.49357,2018,90.49357088494017,23.738265075944682,14,32.74117183998289,32.63774191272795,1.172565254316177,30.02491913000003,35.04428150000001,0.5766013356255538,6.4074424291827965,0.44150567200276447
Y2018_LAT23.74098_LON90.13074,2018,90.13073853935036,23.740978183589952,14,35.68573841722972,35.641702567142865,0.8298610930011567,33.094301090000044,37.33948192999998,0.6481017713002429,4.0,0.1092910106106036
Y2018_LAT23.74116_LON90.14054,2018,90.14053846080701,23.741159909708305,14,33.71363815999452,33.82374988146648,1.1929851387823074,30.67263392000001,36.900266360000046,0.6687703101727263,3.6980209955091357,0.8813303561781992
Y2018_LAT23.74134_LON90.15034,2018,90.15033847991525,23.74134101587991,14,33.00667925443467,32.76469871649211,1.5277365358156858,29.975357840000015,37.084839439999996,0.6605894173993964,3.5009229671454705,0.9227422044415208
Y2018_LAT23.74152_LON90.16014,2018,90.16013859642045,23.74152150213728,14,35.24586596206471,35.60369744000002,1.6218179358357154,30.925567399999977,37.88978315000003,0.6654159773496194,4.494081878190746,0.22081647453318967
Y2018_LAT23.74259_LON90.21894,2018,90.21894132132913,23.74259139878478,14,32.89392970818576,32.97808841,1.0476497489420018,30.92727641000002,35.24252666000001,0.6715567737395919,5.162099627982939,0.2380551235527906
Y2018_LAT23.74277_LON90.22874,2018,90.2287421100175,23.74276754451651,14,33.58350310391706,33.515755163214294,0.89593544499305,31.06570622000004,36.22691642000004,0.669668998737564,4.384357068451075,1.0
Y2018_LAT23.74294_LON90.23854,2018,90.23854299328866,23.74294307015497,14,33.91311596582509,33.8820623210811,0.7483836010848441,32.38847996000001,35.78257382000004,0.6801639940375273,5.390798106821302,1.0
Y2018_LAT23.74312_LON90.24834,2018,90.24834397112943,23.743117975566047,14,33.31923214079623,33.15677490000002,1.3347826893119548,29.284917800000017,38.899808060000055,0.6659999310202263,6.007097655409028,1.0
Y2018_LAT23.74329_LON90.25815,2018,90.25814504281456,23.743292260772836,14,34.658516651515754,34.159919090000024,1.8400274362686153,29.57203148000002,38.769923300000016,0.6554451839326224,6.956295088447496,1.0
Y2018_LAT23.74347_LON90.26795,2018,90.2679462082869,23.743465925773716,14,33.68964071579889,33.794718053243265,1.192486968943681,29.095217690000027,36.69689417000001,0.664719217021213,6.025697677291401,1.0
Y2018_LAT23.74364_LON90.27775,2018,90.27774746707775,23.743638970502243,14,34.69281611677359,34.826321688928594,1.1654177594423587,32.34575471000002,38.76137825000001,0.6543646627187947,6.879901035177706,1.0
Y2018_LAT23.74381_LON90.28755,2018,90.28754881895775,23.743811394960073,14,34.4952413724561,34.40465504181036,0.9723323198216359,30.508568960000048,38.73745211000002,0.6388070115265345,6.694203266838917,1.0
Y2018_LAT23.74398_LON90.29735,2018,90.29735026346388,23.743983199124013,14,33.83411384761478,33.76580529920002,0.8668060686034551,32.03642390000002,36.15001097000004,0.6124916592039332,6.128700151411939,1.0
Y2018_LAT23.74415_LON90.30715,2018,90.3071518003199,23.74415438300012,14,33.90131272664958,34.14391225204085,1.1529356595832896,31.11697651999998,36.264514640000016,0.6181157220458985,6.436500513530028,1.0
Y2018_LAT23.74432_LON90.31695,2018,90.31695342921796,23.74432494650829,14,33.57702074571305,33.92336625542859,1.013954491955654,31.236607219999996,35.871442340000044,0.6110393924802549,7.256303559075591,1.0
Y2018_LAT23.74449_LON90.32676,2018,90.32675514987204,23.74449488957721,14,34.70299185375846,34.47005414000002,1.1994501862879283,30.139422800000034,38.759669239999994,0.5116093808023443,6.998499998235297,1.0
Y2018_LAT23.74466_LON90.33656,2018,90.33655696174202,23.744664212253483,14,34.808694803551056,34.776646649886395,1.7401552163157468,29.790784760000008,39.309970460000045,0.4459453484174924,7.525000617647816,1.0
Y2018_LAT23.74483_LON90.34636,2018,90.3463588647759,23.7448329145388,14,34.73636955095926,35.28478905312501,2.2769113546870794,29.56348643000001,39.21084788000002,0.36774976085778177,7.8694040913134105,1.0
Y2018_LAT23.745_LON90.35616,2018,90.35616085841329,23.74500099638217,14,36.16602354194861,36.02282883046514,1.8289835274447288,31.045198099999993,40.86175154,0.36980922660532484,7.360600424235817,1.0
Y2018_LAT23.74517_LON90.36596,2018,90.36596294242004,23.745168457777467,14,35.75665796176145,35.453900124090936,0.910180184451904,34.30428017000003,39.879070790000014,0.2574904711834655,6.4839005692948,1.0
Y2018_LAT23.74534_LON90.37577,2018,90.37576511650848,23.745335298684513,14,34.042486121089084,34.35839882000001,1.0982533890841324,29.936050609999995,37.607796500000006,0.32998651828120834,5.948399757175343,1.0
Y2018_LAT23.7455_LON90.38557,2018,90.38556738024695,23.745501519059466,14,35.32587004469997,35.29496885257145,0.6499719410755593,33.54206171000001,38.20936802000003,0.2547014967331138,5.995799995058829,1.0
Y2018_LAT23.74567_LON90.39537,2018,90.39536973334006,23.74566711891753,14,35.21579325665931,35.3901118807143,1.1388948766522644,31.387000100000023,38.182023860000015,0.30890957115743856,6.213399074587151,1.0
Y2018_LAT23.74583_LON90.40517,2018,90.40517217543393,23.745832098256265,14,35.461386516375846,35.60835533000003,1.3618701567930924,32.19707084000004,38.44692041000002,0.35480805584336567,7.378901783067245,1.0
Y2018_LAT23.746_LON90.41497,2018,90.41497470619652,23.74599645691055,14,37.38525538990697,37.26720574009713,0.8041565746467709,34.4290379,40.06364387000002,0.235367091714677,7.695700818471567,1.0
Y2018_LAT23.74616_LON90.42478,2018,90.42477732538151,23.74616019500123,14,36.84342546296977,36.76875027227276,0.8142514762889912,35.15707616000003,39.69107969000004,0.27480052874064353,7.642201932002282,1.0
Y2018_LAT23.74632_LON90.43458,2018,90.43458003258418,23.74632331250182,14,35.81739110171418,35.896650237500026,0.7345270249997977,33.988113320000025,37.387334210000034,0.2544724314235449,6.0174000818827516,1.0
Y2018_LAT23.74649_LON90.44438,2018,90.4443828274079,23.74648580934497,14,36.46155184618366,36.42174356000002,1.1800393468004948,34.02571154000003,40.17131150000003,0.32948434003797955,6.0,1.0
Y2018_LAT23.74665_LON90.45419,2018,90.45418570962228,23.7466476854843,14,33.68995660153648,33.7169910907143,1.4735325880493233,29.551523360000033,37.55310818000001,0.47131588395668483,5.9861999837647,1.0
Y2018_LAT23.74681_LON90.46399,2018,90.46398867885233,23.746808940936813,14,32.22814195818631,32.2020786367442,0.9545385117848764,29.41480256,34.56746771000002,0.5231129849817429,5.836499230584631,1.0
Y2018_LAT23.74697_LON90.47379,2018,90.47379173479939,23.746969575766016,14,32.603330045564505,32.57647106000002,1.2553272184412863,29.585703560000013,35.982527989999994,0.45417768556373217,7.085101276589761,1.0
Y2018_LAT23.74713_LON90.48359,2018,90.48359487702845,23.74712958985989,14,32.044502189877704,32.017380645714304,0.9449133709791058,29.358405230000017,34.523033450000014,0.5919353047851175,6.942986782402837,0.9239520080629913
Y2018_LAT23.74729_LON90.4934,2018,90.493398105351,23.747288983134844,14,31.58046860615982,31.66329005000001,0.7507307185780366,29.384040379999988,32.99176048999999,0.5366423645592792,6.010124592038503,0.15028067763600728
Y2018_LAT23.75018_LON90.14034,2018,90.14034133672807,23.750181195813376,14,31.973655821754864,32.07744014000002,0.36673996764018385,31.192172959999994,32.27568530000002,0.6839877556216332,3.167741935483871,0.0027420621722793383
Y2018_LAT23.75036_LON90.15014,2018,90.15014202925222,23.75036237914662,14,32.52765469105593,32.85333068,0.8052842822966827,31.192172959999994,33.906080840000016,0.6411803488666925,3.3006941907197667,0.009702130073058394
Y2018_LAT23.75161_LON90.21875,2018,90.21874958492761,23.75161329427381,14,33.7824122555644,33.77175265400002,0.7874057289673102,32.16630866000003,35.10922388000006,0.6730296095781296,7.603242885506287,0.1188432428953964
Y2018_LAT23.75179_LON90.22855,2018,90.22855104721349,23.751789515059894,14,34.65262704398569,34.642468034098385,0.8377720225840033,32.16630866000003,36.50719406000002,0.6543837788484475,7.083166675538193,0.9377716451489818
Y2018_LAT23.75197_LON90.23835,2018,90.23835260414353,23.75196511539724,14,34.90181797111754,34.888240197118655,0.8374984278568582,31.469032580000004,37.18567103000004,0.6487687328236335,6.779601315770878,1.0
Y2018_LAT23.75214_LON90.24815,2018,90.24815425556822,23.752140095274402,14,35.39361756127614,35.98081898000002,1.7559108757666146,31.610880409999993,38.93569726999999,0.584606141575647,7.018900088941579,1.0
Y2018_LAT23.75231_LON90.25796,2018,90.25795600099448,23.752314454715368,14,36.31499920387532,36.5926723487805,1.3272192131681246,31.824506659999997,40.51653152000006,0.6009403961194124,7.677502011774157,1.0
Y2018_LAT23.75249_LON90.26776,2018,90.26775784009696,23.75248819362814,14,36.03173589930209,36.38963858642858,1.3593713442580582,33.22589486000004,39.610756219999985,0.635532590898534,7.252198833876844,1.0
Y2018_LAT23.75266_LON90.27756,2018,90.27755977269007,23.752661312035087,14,34.81852734822569,34.921660032500014,0.8206072800243925,32.800351370000016,38.14100762000001,0.6337215372519936,6.058200273883622,1.0
Y2018_LAT23.75283_LON90.28736,2018,90.28736179827857,23.752833809906356,14,34.64724696431571,34.66585364775863,0.5154500838021117,33.16949753000003,36.67809506000003,0.6441851388686447,6.000900004235305,1.0
Y2018_LAT23.75301_LON90.29716,2018,90.29716391659903,23.753005687175584,14,34.34835010153373,34.32690872833336,0.8625125604490862,31.94242835,36.954954680000014,0.6286346772430973,6.0,1.0
Y2018_LAT23.75318_LON90.30697,2018,90.3069661272607,23.753176943865817,14,34.226059069656216,34.39064410637933,0.8238823102097279,32.02446083000004,36.12779384000004,0.6172055055575728,6.006000028235412,1.0
Y2018_LAT23.75335_LON90.31677,2018,90.31676843004367,23.753347579903743,14,34.98650053491855,34.98175309662501,0.7083061464973922,32.10820232000003,36.89684834000002,0.5615065654485525,6.6263005943557385,1.0
Y2018_LAT23.75352_LON90.32657,2018,90.32657082451311,23.753517595394705,14,34.00838614440639,34.26787825700003,1.9298915568246984,29.19604928000001,37.17028994000003,0.39891596813726515,7.0108000508237565,1.0
Y2018_LAT23.75369_LON90.33637,2018,90.33637331037123,23.75368699020764,14,34.3167056821867,34.34380102625002,1.4231381832327696,29.271245720000024,37.26599450000003,0.44063218237066515,7.310201459771563,1.0
Y2018_LAT23.75386_LON90.34618,2018,90.34617588723401,23.75385576429891,14,35.57607664225474,35.384209101935504,1.1536009867913755,33.037903760000006,39.132233420000034,0.43002876774923443,7.659201925656106,1.0
Y2018_LAT23.75402_LON90.35598,2018,90.35597855490903,23.75402391774723,14,37.528936019815575,37.90892406200001,1.7006939145932813,32.34062768000001,41.377872560000014,0.29468559178245723,8.292003727076361,1.0
Y2018_LAT23.75419_LON90.36578,2018,90.36578131285476,23.7541914503989,14,35.82389981248303,35.73554657931036,0.9683195240308416,33.71808974000001,39.879070790000014,0.2692942878941741,7.518402439540889,1.0
Y2018_LAT23.75436_LON90.37558,2018,90.37558416098803,23.754358362329956,14,34.750722075487424,34.86338279150003,1.1282440814642845,31.716839030000017,38.462301500000024,0.323018128069735,6.408298391992418,1.0
Y2018_LAT23.75452_LON90.38539,2018,90.38538709874506,23.754524653475627,14,35.74919926115815,35.54843945000003,0.9077578858156159,33.65656538000002,40.11320516000001,0.25842495582243674,6.036797820225019,1.0
Y2018_LAT23.75469_LON90.39519,2018,90.39519012585518,23.754690323823056,14,37.14121848149627,37.02717892869567,1.6645751674799532,31.74760121,42.93648968000002,0.29307090357071514,6.737901119534661,1.0
Y2018_LAT23.75486_LON90.40499,2018,90.40499324206858,23.75485537337216,14,36.459167411905035,36.902712012241395,1.9434131811332762,30.911895319999985,41.499212270000015,0.2805125545027143,7.555704968023367,1.0
Y2018_LAT23.75502_LON90.4148,2018,90.4147964469972,23.755019802046764,14,37.05858250500268,36.89024016800002,0.8868442613845625,35.025482390000036,40.23112685000001,0.2647350709799363,7.193303262603569,1.0
Y2018_LAT23.75518_LON90.4246,2018,90.42459974029687,23.755183609872024,14,36.68983585712399,36.70265845796612,1.1091025147024631,32.37993491000003,40.21403674999999,0.30758302909862695,6.858604040489584,1.0
Y2018_LAT23.75535_LON90.4344,2018,90.43440312163821,23.755346796793834,14,37.52943156467656,37.5501398994737,1.5108880073222597,34.152178280000044,41.594916830000045,0.27470024219647476,5.996699984470506,1.0
Y2018_LAT23.75551_LON90.44421,2018,90.44420659070467,23.755509362861847,14,35.19280852436654,34.84858205281252,1.3366627666811493,32.24150510000004,41.30780315000004,0.3298549676445768,5.822399164231358,1.0
Y2018_LAT23.75567_LON90.45401,2018,90.4540101471481,23.75567130799374,14,33.85386035210629,33.7166137768182,1.2436378776227162,29.443855729999996,37.99574177000005,0.4636120508020451,5.97689989129359,1.0
Y2018_LAT23.75583_LON90.46381,2018,90.46381379066433,23.755832632118793,14,32.603490731760274,32.54280356300002,0.9831883179887605,30.30177875000004,35.03573645000003,0.5648965804359687,5.93519969505738,1.0
Y2018_LAT23.75599_LON90.47362,2018,90.47361752085249,23.755993335209055,14,31.558283771256303,31.617241725000024,0.6073915461662174,29.961685760000023,33.69929063000001,0.5234409485398258,6.539402538364869,1.0
Y2018_LAT23.75615_LON90.48342,2018,90.48342133741092,23.756153417361674,14,31.877978861018473,31.765395020000014,0.8553406321338999,29.64893692999999,34.56746771000002,0.5209950744120527,6.631830494293045,0.8492166024302162
Y2018_LAT23.75631_LON90.49323,2018,90.49322524001843,23.756312878533233,14,31.050151119885598,31.14090266000005,0.5554804160009161,29.83863703999998,31.928756270000008,0.38755313169753336,5.054870892018781,0.012107862294383038
Y2018_LAT23.76081_LON90.22836,2018,90.22835988964839,23.76081147358909,14,34.50635217323899,34.5142442557143,0.730755963713107,32.26201322000003,36.95324567000003,0.6324415074034818,7.093114188401905,0.642874120384042
Y2018_LAT23.76099_LON90.23816,2018,90.23816212061057,23.760987148651456,14,34.038348386979926,34.52649366777779,1.718931221089046,28.775632820000055,38.14442564000004,0.5430725175263901,5.385899277528557,1.0
Y2018_LAT23.76116_LON90.24796,2018,90.2479644459894,23.761162203025258,14,34.25500297208246,34.40643339440002,1.0252123815343608,29.004640160000008,37.893201170000026,0.5536592445537437,5.945399935764632,1.0
Y2018_LAT23.76134_LON90.25777,2018,90.2577668653888,23.761336636649737,14,34.835099193530894,35.15384803000002,2.0274018838468173,28.10228288000002,40.55412974000001,0.5690446576366034,7.524204819787387,1.0
Y2018_LAT23.76151_LON90.26757,2018,90.26756937861607,23.761510449554255,14,36.21162149436435,36.48174880000002,1.4243053749286962,32.86358474000002,40.608818060000004,0.6043436875886135,7.462300543882991,1.0
Y2018_LAT23.76168_LON90.27737,2018,90.27737198516861,23.76168364164506,14,35.43446461265536,35.54786978000002,0.9973737372916571,31.51517585000002,37.77698849000001,0.6458282228128064,7.525801795060935,1.0
Y2018_LAT23.76186_LON90.28717,2018,90.28717468493886,23.761856212904412,14,34.62234406621806,34.547357034186064,0.5518933620494721,33.41901299000003,37.77698849000001,0.6426511946865479,6.011700055059085,1.0
Y2018_LAT23.76203_LON90.29698,2018,90.29697747734382,23.762028163329866,14,34.51811998216207,34.49108810923079,0.43425534145331834,33.51642656000001,36.03892532000003,0.6307486508239619,6.0,1.0
Y2018_LAT23.7622_LON90.30678,2018,90.30678036212258,23.762199492944596,14,34.73107977176415,34.69826394200001,0.5813022401458282,33.15582545000004,36.484976930000016,0.5998373618429536,6.186600219529666,1.0
Y2018_LAT23.76237_LON90.31658,2018,90.31658333913239,23.762370201657625,14,35.06718632478609,35.154517509816415,1.2610915480244367,30.26247152000002,38.535788930000024,0.42783541221566024,6.846501630595919,1.0
Y2018_LAT23.76254_LON90.32639,2018,90.32638640779447,23.762540289448026,14,33.93087249003208,33.90409361906979,1.866503705524849,29.60621168,38.76308726000002,0.4026941221554502,6.996399995764696,1.0
Y2018_LAT23.76271_LON90.33619,2018,90.3361895678366,23.762709756351583,14,35.244849937171146,35.35190330000002,1.8052474848758373,29.97193981999999,39.316806499999984,0.3722179268919499,7.249300293294459,1.0
Y2018_LAT23.76288_LON90.34599,2018,90.34599281907632,23.762878602283685,14,38.118803977168305,38.02817808224491,1.7536212550542798,32.56963502000002,42.440876780000025,0.2727223045200668,8.722205751556478,1.0
Y2018_LAT23.76305_LON90.3558,2018,90.35579616093816,23.763046827230234,14,37.16724138024829,37.0483287718182,0.8499159148330787,34.96566704000003,40.56096578000003,0.21678594120921882,8.108600127764857,1.0
Y2018_LAT23.76321_LON90.3656,2018,90.36559959324714,23.763214431236197,14,36.36665542166662,36.45044487500003,0.9687127601419275,33.72492578000001,39.69278870000005,0.3198403038195555,8.021600025411795,1.0
Y2018_LAT23.76338_LON90.3754,2018,90.37540311576633,23.763381414237692,14,35.36083134094335,35.22084921736844,1.3109855180798948,31.73905616000002,40.294360220000044,0.5076147620272659,7.662900766591847,1.0
Y2018_LAT23.76355_LON90.38521,2018,90.3852067277836,23.763547776097877,14,35.56067797453472,35.51058326622645,1.2266819259167208,31.73905616000002,39.468908389999996,0.4230696948726671,6.643299580352443,1.0
Y2018_LAT23.76371_LON90.39501,2018,90.39501042943009,23.763713516960536,14,37.63812765309683,37.287452070000015,2.205026933910051,33.888990740000054,43.944805580000036,0.3128527055827163,6.054000063529485,1.0
Y2018_LAT23.76388_LON90.40481,2018,90.40481422001753,23.7638786367501,14,38.544730771766666,38.83215137000002,2.687020280063116,30.47438876000001,43.33298000000002,0.2894377654393226,6.2271010687109145,1.0
Y2018_LAT23.76404_LON90.41462,2018,90.41461809937496,23.764043135474466,14,36.43787109819181,36.84547122687502,2.016022103559549,30.55300322000005,40.371265670000014,0.23597577419041071,5.893799875058675,1.0
Y2018_LAT23.76421_LON90.42442,2018,90.42442206719913,23.76420701298965,14,36.073569341838414,35.98974855725003,0.8717117180244826,34.247882840000045,38.45204744,0.26058523198332667,6.241200283765037,1.0
Y2018_LAT23.76437_LON90.43423,2018,90.43422612297073,23.764370269374343,14,35.55021608282804,35.27005557783786,1.221127581365454,32.77129820000005,40.58489192000002,0.3140136627773461,6.093000437649121,1.0
Y2018_LAT23.76453_LON90.44403,2018,90.44403026665844,23.764532904578363,14,34.74184969000248,34.85966027887326,0.7853098629711279,30.717068180000012,36.57213644000004,0.41673621375643827,5.80619977199973,1.0
Y2018_LAT23.76469_LON90.45383,2018,90.45383449767927,23.76469491859851,14,33.472265124666755,33.577310041250016,1.1052665622554927,30.582056390000048,36.05601542000002,0.5113868112311198,5.9234999099998955,1.0
Y2018_LAT23.76486_LON90.46364,2018,90.46363881566843,23.764856311400155,14,32.43604289922423,32.202731935625025,0.9530145612614704,30.156512900000024,36.29869484000005,0.4807150312097392,5.706898620699391,1.0
Y2018_LAT23.76502_LON90.47344,2018,90.47344322047181,23.765017082957055,14,31.83726503582925,31.894978190000014,0.6271883333127527,30.156512900000052,33.75226994000002,0.49327967849280646,5.921999908235185,1.0
Y2018_LAT23.76518_LON90.48325,2018,90.48324771175145,23.76517723326621,14,32.15861490133491,32.263152560000016,0.9002109015570701,29.64039188000004,34.15559630000001,0.5053313488645951,7.2797900787919545,0.501999210365744
Y2018_LAT23.76983_LON90.22817,2018,90.2281686374244,23.769833420109688,14,34.13896557702888,34.08809040500002,0.6681605394691303,32.877256820000014,36.25426058000002,0.6663655155946974,6.380138083724185,0.12293053620733525
Y2018_LAT23.77001_LON90.23797,2018,90.23797154263815,23.770009169948537,14,35.113040298304945,35.03683509928574,1.8859561196070944,31.199009000000046,40.33195844000002,0.5186130587909747,7.269290494324712,0.9618147421126001
Y2018_LAT23.77018_LON90.24777,2018,90.24777454231223,23.77018429878142,14,35.657617185129254,35.452285150526336,1.1949705097428367,33.17804258000001,40.66863341000001,0.5443756444030147,6.959298775645641,1.0
Y2018_LAT23.77036_LON90.25758,2018,90.25757763606937,23.770358806663783,14,35.62313450029739,35.65468290500002,2.0418324507794146,30.872588089999994,40.475515280000025,0.557544410915695,7.333396863044084,1.0
Y2018_LAT23.77053_LON90.26738,2018,90.26738082362911,23.77053269346265,14,36.995168991246636,37.26531089600001,1.4280859318488879,33.360906650000004,40.475515280000025,0.5827477100095478,7.754899711646718,1.0
Y2018_LAT23.77071_LON90.27718,2018,90.27718410465431,23.77070595923242,14,36.28616673443852,36.29803492524755,0.9991099808278061,32.57647106000002,39.29117135000001,0.6108768211835903,7.987699985529393,1.0
Y2018_LAT23.77088_LON90.28699,2018,90.28698747876511,23.770878603944194,14,33.97373437606347,33.98456712425002,1.2664717524359554,31.304967620000014,37.71375512000003,0.6392080184085579,6.764294184913833,1.0
Y2018_LAT23.77105_LON90.29679,2018,90.29679094568877,23.77105062758184,14,34.477803654962074,34.26975816800001,1.1246045295442761,31.720257050000015,37.831676810000005,0.6006345204271345,6.104597770115019,1.0
Y2018_LAT23.77122_LON90.30659,2018,90.30659450499972,23.77122203003455,14,35.12673661665975,34.95626748500002,1.1482269459711818,32.911437019999994,39.07412708000001,0.565426253052329,6.522000614118385,1.0
Y2018_LAT23.77139_LON90.3164,2018,90.31639815643658,23.77139281141807,14,35.11839435218992,35.14157299785716,1.0013896695092075,31.469032580000032,37.477911740000025,0.44353450217803453,6.841503960018654,1.0
Y2018_LAT23.77156_LON90.3262,2018,90.32620189962677,23.771562971608304,14,33.92124712528575,33.92203160000002,1.6553462575113815,30.14625884000003,37.477911740000025,0.38961397265651027,6.68190080223625,1.0
Y2018_LAT23.77173_LON90.33601,2018,90.33600573426834,23.771732510588965,14,34.38126923291008,34.061831697297315,3.1430900115332747,28.50902726000004,45.843515690000004,0.33638847049648557,7.517197079055416,1.0
Y2018_LAT23.7719_LON90.34581,2018,90.34580966010452,23.77190142837294,14,37.73789399655543,38.53185455886702,3.1714467573973923,29.331061070000004,43.83713795,0.2809712056138496,8.981692855025244,1.0
Y2018_LAT23.77207_LON90.35561,2018,90.35561367664954,23.772069724907464,14,39.559776466116105,39.345333820769255,1.2413471991104172,35.99107304000006,44.08323539000003,0.22475973017095977,10.213699074940111,1.0
Y2018_LAT23.77224_LON90.36542,2018,90.36541778357672,23.77223740023536,14,38.057109912228086,38.22965322565219,1.3036369877708986,34.519615430000016,42.36397133,0.28600108864982676,9.244997935291723,1.0
Y2018_LAT23.7724_LON90.37522,2018,90.37522198066777,23.77240445418439,14,36.21773002981527,36.155748360714306,1.4574204128758999,32.50811066000006,41.24798780000003,0.4316644300427889,9.358194626798262,1.0
Y2018_LAT23.77257_LON90.38503,2018,90.3850262675189,23.77257088690493,14,37.42219830232052,37.28430532142859,1.7971563193738243,32.98663346000001,43.63718377999999,0.464557923748731,7.971097613056041,1.0
Y2018_LAT23.77274_LON90.39483,2018,90.39483064385604,23.772736698317658,14,36.98351564850926,37.018725167428585,1.2772454025133961,33.654856370000005,40.94036600000001,0.2963827004792476,6.066300078000103,1.0
Y2018_LAT23.7729_LON90.40464,2018,90.40463510921352,23.772901888335102,14,39.074897718458246,39.361420655789495,1.9106459687998096,34.10945303,43.809793790000015,0.28896614024186246,6.272701283300173,1.0
Y2018_LAT23.77307_LON90.41444,2018,90.41443966335169,23.773066456979556,14,34.582926278562255,34.784198080204106,2.644438778112356,29.70875228,42.786096799999996,0.27205275357244674,5.902199884941053,1.0
Y2018_LAT23.77323_LON90.42424,2018,90.42424430601035,23.773230404240934,14,37.04748097226857,37.59307430542171,2.0166431578367763,30.354758059999995,40.325122400000055,0.2425505080256669,6.554199475528802,1.0
Y2018_LAT23.77339_LON90.43405,2018,90.43404903666072,23.773393730153238,14,36.395786370682615,36.781219224390256,2.432012275391679,30.023210120000044,41.036070559999985,0.37850313787955525,6.575300354354621,1.0
Y2018_LAT23.77356_LON90.44385,2018,90.44385385512356,23.773556434545352,14,31.474110143150018,31.266329133043495,1.5067179370051353,28.372306460000004,35.46640697000004,0.2641630718362445,5.197199055528293,1.0
Y2018_LAT23.77372_LON90.45366,2018,90.4536587610521,23.773718517509927,14,33.37317483896204,33.51345161666669,1.155573828651975,29.223393439999995,36.52428415999998,0.42668542491487194,5.6516007665891586,1.0
Y2018_LAT23.77388_LON90.46346,2018,90.46346375401616,23.77387997896651,14,31.548371016233897,31.11096333666669,1.3314403889089814,29.590830590000053,36.51061207999999,0.3630148941534004,5.566402665424322,1.0
Y2018_LAT23.77404_LON90.47327,2018,90.47326883379803,23.77404081891772,14,31.564663214172366,31.569087347272763,0.6205691245724982,29.879653280000014,33.42414002000001,0.4137612977909113,5.796200936706998,1.0
Y2018_LAT23.7742_LON90.48307,2018,90.48307400000965,23.774201037396843,14,31.37585798963006,31.222080634999998,0.7360499332936548,29.41651157000001,32.96270731999999,0.4036308970985874,5.617258008289111,0.37298909941993674
Y2018_LAT23.77903_LON90.23778,2018,90.23778087024198,23.77903117932616,14,37.02376686183313,38.03960636000002,2.8701001182549217,31.89115805,40.71135866000003,0.3280106225887519,8.199560879111324,0.33420151186571123
Y2018_LAT23.77921_LON90.24758,2018,90.24758454448232,23.77920638265439,14,36.29382871673672,36.517020867500015,2.0837919761626544,31.181918900000028,40.981382240000016,0.5227913362045089,8.598802817895612,1.0
Y2018_LAT23.77938_LON90.25739,2018,90.25738831298713,23.779380964660106,14,37.111714215178694,37.11074803160002,1.0507750356875456,34.070145800000006,41.36932751000003,0.5121466453148725,7.719001030593071,1.0
Y2018_LAT23.77955_LON90.26719,2018,90.2671921752579,23.779554925466496,14,36.38157851955802,36.54756942125002,1.1945809584327045,32.747372060000004,38.894681030000044,0.5986915427037052,7.879004136490045,1.0
Y2018_LAT23.77973_LON90.277,2018,90.27699613101784,23.77972826495153,14,35.20007780647197,35.102957510000024,1.125533137884611,32.54741789000002,38.325580700000046,0.588577481167079,7.353101661654859,1.0
Y2018_LAT23.7799_LON90.2868,2018,90.28680017985353,23.779900983053583,14,34.36115724147056,34.266577316734704,0.9426047122713066,31.48099565000004,36.903684380000016,0.6106738428464953,7.208200979769305,1.0
Y2018_LAT23.78007_LON90.2966,2018,90.29660432153942,23.780073079838317,14,34.16902737226506,34.17371180600002,0.6687831668118958,32.35771778000003,36.99255290000002,0.6079854847044954,6.3591969844564025,1.0
Y2018_LAT23.78024_LON90.30641,2018,90.30640855569301,23.780244555222104,14,34.6539244878657,34.4561379157143,1.051821163557201,32.367971840000024,38.82802964000001,0.5785834392841647,5.9108925218471455,1.0
Y2018_LAT23.78042_LON90.31621,2018,90.31621288199962,23.780415409211372,14,33.96959006360746,34.20310677800001,1.768546601407401,29.77027664000002,37.46765768,0.4627734213650286,6.35049694351503,1.0
Y2018_LAT23.78059_LON90.32602,2018,90.32601730007362,23.780585641787265,14,34.31026655458999,33.96791500914599,2.2680661327514664,29.70533426000003,40.88909570000001,0.47657908520835296,7.364004065901469,1.0
Y2018_LAT23.78076_LON90.33582,2018,90.33582180971567,23.78075525291085,14,37.57842167671949,37.656259140714305,2.4948769302045046,31.28104148,45.843515690000004,0.3070882185727566,8.330696850338098,1.0
Y2018_LAT23.78092_LON90.34563,2018,90.34562641029187,23.780924242580376,14,37.838246128580685,37.90256003428573,2.8279373206670098,31.585245260000022,43.57907743999999,0.39914585921996987,9.309096748690584,1.0
Y2018_LAT23.78109_LON90.35543,2018,90.35543110185843,23.781092610693655,14,39.14388092886615,39.34589385020003,1.7706454085558527,34.808438120000005,44.344713920000004,0.36489957615801644,10.144395973628102,1.0
Y2018_LAT23.78126_LON90.36524,2018,90.36523588379275,23.781260357308057,14,39.42193441659474,39.329774870000016,0.8940318125409873,36.74645545999999,42.73995353000004,0.24528473391896427,10.395899510115319,1.0
Y2018_LAT23.78143_LON90.37504,2018,90.37504075589361,23.781427482373413,14,37.707580403632235,37.976780996891904,1.4618033121015597,31.97831756000005,40.325122400000055,0.3320976989742145,10.075201530360106,1.0
Y2018_LAT23.78159_LON90.38485,2018,90.38484571781854,23.781593985947048,14,37.1194376638025,37.218835061891916,1.8423540502063918,32.42949620000002,42.29731994000002,0.4963793055990301,8.88749947058574,1.0
Y2018_LAT23.78176_LON90.39465,2018,90.39465076911613,23.781759867802887,14,36.290566360131834,35.900685400000015,1.6481015018053105,33.76936003999998,43.944805580000036,0.3658070692411044,6.259801222593976,1.0
Y2018_LAT23.78193_LON90.40446,2018,90.4044559096802,23.781925128054173,14,36.96498279374046,36.96269701318183,1.5512642417968008,32.44316828000001,42.194779340000025,0.33640850267541395,6.053100249883527,1.0
Y2018_LAT23.78209_LON90.41426,2018,90.41426113889632,23.782089766771552,14,36.60352664793954,36.21651282162502,2.066706607551624,31.34256584000002,43.563696350000015,0.28642093822879156,6.194400914827821,1.0
Y2018_LAT23.78225_LON90.42407,2018,90.42406645664691,23.782253783813083,14,36.817784213225615,37.34479472195654,2.3012931911626593,30.682887980000032,40.20890972000001,0.21981748094849207,7.302101421653732,1.0
Y2018_LAT23.78242_LON90.43387,2018,90.43387186256976,23.78241717909984,14,37.48603270420984,38.28576076700001,2.6334062273882424,31.991989640000043,41.036070559999985,0.3231665445019253,6.869901740714072,1.0
Y2018_LAT23.78258_LON90.44368,2018,90.44367735622691,23.782579952763438,14,32.39616309791478,32.1523879967273,2.043739001310484,28.47826508000003,38.78017736000004,0.3703814292189543,5.445897392458319,1.0
Y2018_LAT23.78274_LON90.45348,2018,90.45348293729924,23.78274210462299,14,30.544890489235776,30.544626663943692,1.1615288059668427,28.36205240000004,35.76890174000005,0.22583134668140703,5.0264001242358605,1.0
Y2018_LAT23.7829_LON90.46329,2018,90.4632886056146,23.78290363476873,14,32.105413896214934,31.890320983877576,1.2256905611163607,28.84057519999999,36.72936536000003,0.3778964626536779,5.387700648003036,1.0
Y2018_LAT23.78306_LON90.47309,2018,90.47309436063489,23.78306454319206,14,32.35284185909907,32.26802026261194,0.8025979897998795,30.05568131000004,34.94515892000001,0.4758255818710905,5.944788589021042,0.5840251143704343
Y2018_LAT23.78322_LON90.4829,2018,90.48290020213764,23.78322482975275,14,31.429725350000012,31.429725350000012,0.0,31.429725350000012,31.429725350000012,0.5807675123214722,6.0,3.5315348403569585e-06
Y2018_LAT23.78805_LON90.23759,2018,90.23759010331662,23.78805317659742,14,39.16626460184605,39.344150660000025,1.0501548143799888,36.148301960000026,40.15251239,0.33736055189244685,8.010473946059177,0.013576880552602855
Y2018_LAT23.78823_LON90.24739,2018,90.24739445257077,23.788228454460032,14,38.56642461813163,38.1496691934091,1.8286700183574047,33.58820498000003,44.52415997000003,0.4634025980704344,8.008523575258415,0.9681579792357917
Y2018_LAT23.7884_LON90.2572,2018,90.25719889607419,23.78840311079776,14,40.33345817571419,40.47380627000001,2.3041391739732133,34.070145800000006,48.78130388000005,0.3873854389905748,7.490202306834382,1.0
Y2018_LAT23.78858_LON90.267,2018,90.26700343342867,23.788577145484922,14,37.88212016131075,37.47150295250002,2.900093039398543,32.78667929000002,43.60983962,0.463769917740144,6.471900555177125,1.0
Y2018_LAT23.78875_LON90.27681,2018,90.2768080641597,23.788750558677172,14,36.692637216110064,35.89944805225808,2.271132613677009,32.834531569999996,43.65769190000003,0.5159814411414433,6.21510025305912,1.0
Y2018_LAT23.78892_LON90.28661,2018,90.28661278815758,23.788923350292766,14,34.10396687096984,33.98597705750002,0.8997189143395427,31.163119789999996,37.54627214000001,0.6061868327460549,6.013500063529714,1.0
Y2018_LAT23.7891_LON90.29642,2018,90.2964176049781,23.78909552023466,14,34.38610918508306,34.29833747613638,0.9278003555818783,32.053514000000035,39.50821561999999,0.5890083378703532,6.0,1.0
Y2018_LAT23.78927_LON90.30622,2018,90.30622251427266,23.789267068588416,14,34.858090279173936,34.73047619109092,1.2682233459079735,32.17314470000002,39.56973998000001,0.5530877301791356,6.467997021172963,1.0
Y2018_LAT23.78944_LON90.31603,2018,90.31602751569397,23.78943799523181,14,35.07201474309002,35.22181748000002,2.384261604596508,29.41480256,41.27874998000004,0.3878686250051546,7.246696455042148,1.0
Y2018_LAT23.78961_LON90.32583,2018,90.32583260912646,23.789608300122723,14,36.482026043300564,36.597405373571455,2.3851412017268285,29.862563180000052,41.360782460000024,0.38788618107897344,8.88370221612025,1.0
Y2018_LAT23.78978_LON90.33564,2018,90.33563779382342,23.789777983385996,14,36.883566240456005,37.08958669000002,2.120054614143082,31.434852380000052,41.148865220000005,0.33693307624120905,8.579300681530215,1.0
Y2018_LAT23.78995_LON90.34544,2018,90.34544306975062,23.789947044838637,14,39.432709505930866,39.53283350214288,1.6236875869465086,35.53647638000001,43.89011726000001,0.2795330806960779,8.476995185859703,1.0
Y2018_LAT23.79012_LON90.35525,2018,90.35524843665517,23.790115484590547,14,38.40038943956711,38.484584361153864,1.0524442453625762,34.68197138000005,42.51607322000001,0.338607357950879,10.228999092940105,1.0
Y2018_LAT23.79028_LON90.36505,2018,90.36505389383696,23.790283302504637,14,39.01047286478709,39.01817078483872,0.8945957808906988,36.609734660000015,40.90105877000002,0.26110798035951127,9.54999947058761,1.0
Y2018_LAT23.79045_LON90.37486,2018,90.37485944136164,23.790450498703276,14,37.27234141300443,37.40904443025427,1.2654978241270054,31.59720833,39.93888614000002,0.27558053827060425,8.340896898338345,1.0
Y2018_LAT23.79062_LON90.38467,2018,90.38466507857925,23.790617072987214,14,38.00902334477672,38.164933760000025,1.8077981316730662,33.91120787,42.35371727000003,0.3324528287021844,7.998799998588233,1.0
Y2018_LAT23.79078_LON90.39447,2018,90.39447080530314,23.79078302544955,14,36.97816137620863,36.79539529181822,1.2857211848214656,33.42072200000001,40.130295260000025,0.4345355797103243,8.029202387296927,1.0
Y2018_LAT23.79095_LON90.40428,2018,90.40427662132565,23.790948356082836,14,36.88654360660976,36.79280381120003,0.8026136148700963,33.054993860000025,39.494543539999995,0.3302648339296494,7.396506571795636,1.0
Y2018_LAT23.79111_LON90.41408,2018,90.41408252599528,23.791113064692745,14,36.22742178289394,35.84023042052634,1.4056565819713174,32.47051243999999,41.55390059000001,0.3506456476488415,8.144702523179436,1.0
Y2018_LAT23.79128_LON90.42389,2018,90.42388851925058,23.79127715145555,14,37.077227239126465,37.28093840139536,1.855776435781008,31.352819900000014,40.40031884000001,0.2569038723984542,8.17060137717809,1.0
Y2018_LAT23.79144_LON90.43369,2018,90.43369460060386,23.791440616295244,14,37.95572963037576,38.34246046030771,1.698431165459015,33.01568663000003,41.31463919000001,0.26507372623225495,6.319099148701882,1.0
Y2018_LAT23.7916_LON90.4435,2018,90.44350076984269,23.791603459055196,14,35.23148422471713,34.71746004078126,2.3818246608023186,30.057390320000025,43.999493900000004,0.44833985396724013,6.018900022235317,1.0
Y2018_LAT23.79177_LON90.45331,2018,90.45330702655826,23.79176567997596,14,32.93510268847422,32.968654674800035,1.5911345124672698,29.021730260000027,37.37195312000006,0.3442883445585859,5.246300289765047,1.0
Y2018_LAT23.79193_LON90.46311,2018,90.46311337030475,23.791927278821454,14,32.78159156942556,32.72932885826925,1.0155479188775023,30.402610340000024,35.79966392000006,0.4159193518605283,5.49819999152937,1.0
Y2018_LAT23.79209_LON90.47292,2018,90.47291980105021,23.79208825562145,14,31.516728421936154,31.514212589818207,0.8618586746759624,28.454338940000014,34.15046927000003,0.4706311832541608,5.4633875831375605,0.9981961142178033
Y2018_LAT23.79225_LON90.48273,2018,90.48272631819844,23.792248610374624,14,31.620763413661027,31.361742775594916,1.4267683685633195,29.36011424000003,37.197634100000016,0.39429105633690026,5.277588809285912,0.3381473387583747
Y2018_LAT23.79725_LON90.2472,2018,90.24720426655135,23.797250514278943,14,37.32419995703446,37.459539882500025,2.8084664952720124,30.85378897999999,44.086653410000025,0.49858285469262886,6.9839020929086955,0.795063706855045
Y2018_LAT23.79743_LON90.25701,2018,90.25700938527707,23.79742524481358,14,40.39703137892546,40.43791706000001,3.3930143914228457,32.69439275000002,48.699271400000015,0.4005935797703315,7.971499865881724,1.0
Y2018_LAT23.7976_LON90.26681,2018,90.26681459801992,23.79759935357892,14,39.47448767886427,39.59917767725001,2.4857774426621826,34.28206304,44.82323672000001,0.38934071965311234,6.210197894350465,1.0
Y2018_LAT23.79777_LON90.27662,2018,90.27661990422925,23.797772840465942,14,37.11249264566847,36.40400680756759,2.4672710110097835,31.199009000000046,44.462635610000035,0.4590252733898714,6.094598934822278,1.0
Y2018_LAT23.79795_LON90.28643,2018,90.28642530362129,23.797945705505228,14,36.546996038659685,36.39284575454549,1.7511403947131055,33.526680620000036,40.95232907000002,0.5112627811047051,6.165798427286721,1.0
Y2018_LAT23.79812_LON90.29623,2018,90.29623079589055,23.798117948708644,14,36.205485294782726,35.66408246000002,2.033079374640034,32.52178274000002,40.747247870000024,0.5364311426829168,6.0558000656471345,1.0
Y2018_LAT23.79829_LON90.30604,2018,90.30603638069547,23.79828956991583,14,34.53815848375696,34.09524863540985,2.0577311540358716,30.153094880000026,40.53703963999999,0.44996839540143846,6.693099638940758,1.0
Y2018_LAT23.79846_LON90.31584,2018,90.31584205760416,23.798460569223078,14,33.826873831274966,33.97165101959186,1.9296198422796729,29.098635709999996,38.752833200000055,0.3143396503233978,7.6504983552863886,1.0
Y2018_LAT23.79863_LON90.32565,2018,90.32564782655705,23.79863094659514,14,33.94345071387878,33.920826019302346,1.5220476754680463,30.139422800000034,37.84022186000004,0.42757219651952627,9.218700257294424,1.0
Y2018_LAT23.7988_LON90.33545,2018,90.33545368682985,23.798800701915248,14,37.18522140100368,37.410619471250016,1.9610977485138477,31.742474180000045,41.52655643000003,0.42392509416160346,9.849099822470384,1.0
Y2018_LAT23.79897_LON90.34526,2018,90.3452596384617,23.798969835327316,14,38.34852991904301,38.850868228181824,2.6750478159192332,30.535913120000032,43.24069345999999,0.2949582537821526,8.981795208448048,1.0
Y2018_LAT23.79914_LON90.35507,2018,90.35506568082454,23.799138346676852,14,39.639488123890466,39.57970920500002,1.4766297104504365,35.89878650000003,43.473118820000025,0.26568247557078434,9.739899693999648,1.0
Y2018_LAT23.79931_LON90.36487,2018,90.36487181381128,23.799306235971265,14,38.4223037728509,38.26776733314287,1.1795495847928728,35.382665480000014,42.29731994000002,0.25059721551370023,9.210801424472269,1.0
Y2018_LAT23.79947_LON90.37468,2018,90.37467803696323,23.79947350314875,14,38.29520555226835,38.23539380085716,0.6801943853022893,36.614861690000026,41.34027434000001,0.23917390058016205,8.0706979797552,1.0
Y2018_LAT23.79964_LON90.38448,2018,90.38448434988418,23.79964014829496,14,38.24594659316948,38.26810215959186,1.1162983267872242,34.09407194000005,41.606879900000024,0.32759394039880174,8.637899573999501,1.0
Y2018_LAT23.79981_LON90.39429,2018,90.39429075234119,23.799806171282878,14,36.59049447410612,36.41051504412165,1.8254689641339077,33.73859786000003,43.934551520000014,0.4510092680738541,8.544899464587608,1.0
Y2018_LAT23.79997_LON90.4041,2018,90.40409724415045,23.7999715721438,14,36.27680266872249,36.296500840675705,0.9925204211089199,33.30450932000002,39.58683008000003,0.40457846646074247,8.252696483277573,1.0
Y2018_LAT23.80014_LON90.4139,2018,90.4139038245308,23.800136350824417,14,35.70995693659099,35.776958501428595,1.4621547630178737,31.157992760000013,39.58341206000003,0.3931500890182111,10.135201335530986,1.0
Y2018_LAT23.8003_LON90.42371,2018,90.4237104937259,23.800300507329418,14,38.4206030505538,38.465758361136366,1.392725686648206,32.58672511999998,42.68013818000003,0.28105356096666007,8.52740062047132,1.0
Y2018_LAT23.80046_LON90.43352,2018,90.43351725086663,23.80046404161673,14,36.90157240164116,37.33890307177421,2.3453642041832383,30.535913120000032,40.98821828000001,0.3094642409604377,7.047597871048812,1.0
Y2018_LAT23.80063_LON90.44332,2018,90.44332409596677,23.800626953769726,14,35.153381931489456,35.074616427500025,1.072142274693646,32.10649331000002,37.75135334000004,0.3431888652578852,5.724998499998234,1.0
Y2018_LAT23.80079_LON90.45313,2018,90.45313102860304,23.80078924353125,14,34.435749733028295,34.234996904600024,1.0355183141204611,32.3098655,38.01795890000005,0.4468916566861626,5.611400719294966,1.0
Y2018_LAT23.80095_LON90.46294,2018,90.46293804826024,23.800950911081745,14,33.66830908446533,33.61289068000001,1.3961794739535274,31.058870179999985,37.594124420000014,0.39900953851669924,5.185400872474703,1.0
Y2018_LAT23.80111_LON90.47275,2018,90.47274515495704,23.801111956381202,14,34.05133727434915,34.08317700125002,1.6819025558956078,30.11891467999999,37.86756602000003,0.36861742633898004,5.901201060236546,1.0
Y2018_LAT23.80127_LON90.48255,2018,90.48255234803564,23.80127237926544,14,33.79102190017632,33.85879823000001,1.4348484012876042,30.570093320000012,38.000868800000035,0.3953346664359168,5.927696565037048,0.593269234253988
Y2018_LAT23.80627_LON90.24701,2018,90.24701398626348,23.806272562241883,14,36.5220992193124,36.548210300000015,3.3426241659433757,29.462654840000027,43.00826810000001,0.4058082409310178,5.48066180286334,0.7055592847989236
Y2018_LAT23.80645_LON90.25682,2018,90.25681978070311,23.806447367020546,14,38.12288781451275,38.220001860000025,2.592261830161452,32.45684036,44.59935641000004,0.45728375935856785,7.442202080950959,1.0
Y2018_LAT23.80662_LON90.26663,2018,90.26662566907555,23.80662154980031,14,35.03051444283017,34.46810776750002,1.953860527253581,31.17850088,41.19159047000002,0.6157722622358085,7.116700549179037,1.0
Y2018_LAT23.8068_LON90.27643,2018,90.27643165109296,23.806795110431324,14,34.457504770249045,34.4559698907358,1.1864781367421855,31.03152602,38.01112286000003,0.5436448817858746,6.428994959976267,1.0
Y2018_LAT23.80697_LON90.28624,2018,90.28623772619403,23.80696804893316,14,36.07222734007354,36.04580883250002,1.2798576548633704,32.87554781,38.72036201,0.527281760937394,6.649499527056581,1.0
Y2018_LAT23.80714_LON90.29604,2018,90.29604389431331,23.80714036519484,14,35.66106727565874,35.580642560000015,1.2486797066894453,32.593561160000036,39.231356000000005,0.5155644637580643,6.0207000974122264,1.0
Y2018_LAT23.80731_LON90.30585,2018,90.3058501548795,23.807312059403436,14,34.362004574626596,34.51335923267859,1.0649755543745727,29.924087540000016,37.597542439999984,0.5014106266486844,6.938397357164019,1.0
Y2018_LAT23.80748_LON90.31566,2018,90.31565650773749,23.807483131377893,14,33.83123646575921,33.66867086750002,1.3651236960653137,30.159930920000022,38.10682742000006,0.46974663239222125,8.011798879053545,1.0
Y2018_LAT23.80765_LON90.32546,2018,90.32546295242372,23.807653581111232,14,32.55747156662916,32.39108549983608,0.8937592281864362,30.077898440000013,36.55675535,0.6214889530987322,9.50910239577595,1.0
Y2018_LAT23.80782_LON90.33527,2018,90.33526948874122,23.80782340866654,14,33.74868218434921,33.1552716041667,1.8044999583264056,30.429954500000008,38.592186260000005,0.5493587199212245,9.944902093656868,1.0
Y2018_LAT23.80799_LON90.34508,2018,90.34507611620025,23.80799261389139,14,37.144178625403576,37.9047474082927,3.1646565116516334,30.792264620000026,44.457508580000024,0.3883377603848938,10.153600722826924,1.0
Y2018_LAT23.80816_LON90.35488,2018,90.35488283462158,23.808161196892865,14,39.29695558992524,39.06793802235716,2.518262558327975,34.688807420000046,53.74255991000001,0.3375250006141979,9.986997585870952,1.0
Y2018_LAT23.80833_LON90.36469,2018,90.36468964352085,23.808329157484692,14,38.73092199227198,38.54361439684212,1.003925809040285,36.62511575000002,41.646187130000015,0.2701199461570011,9.22930343201611,1.0
Y2018_LAT23.8085_LON90.3745,2018,90.37449654264427,23.808496495836255,14,38.98992069285895,38.641711188085125,1.4072310626730404,36.76867259000002,43.74656042000004,0.2602907310903959,8.206697443282076,1.0
Y2018_LAT23.80866_LON90.3843,2018,90.3843035316802,23.808663211747557,14,38.985074010178636,38.843264243428585,1.7974684039330393,34.15901431999998,44.13279668000001,0.3218902114341389,8.798699052701403,1.0
Y2018_LAT23.80883_LON90.39411,2018,90.39411061027911,23.80882930532484,14,38.20639076379555,37.72240698312501,2.253405762290882,32.98663346000001,44.73778622000003,0.3462184102706784,8.782001327065059,1.0
Y2018_LAT23.80899_LON90.40392,2018,90.40391777799685,23.80899477641592,14,36.91212602033416,36.85027781750002,1.764352975532307,32.10991133000002,42.22212350000001,0.46536856890508294,8.666200782121331,1.0
Y2018_LAT23.80916_LON90.41373,2018,90.41372503467097,23.809159625194418,14,37.0771680279596,36.84711614900002,1.799492573180921,30.423118460000012,41.81196110000002,0.38763631449728836,9.109902870131133,1.0
Y2018_LAT23.80932_LON90.42353,2018,90.42353237991689,23.80932385149931,14,39.23385295980556,39.65789641250002,2.3149248464978363,33.65314736000005,44.19090302000001,0.2833887338880224,8.73980348142813,1.0
Y2018_LAT23.80949_LON90.43334,2018,90.43333981333951,23.80948745529724,14,35.4952867852522,35.453223178571456,1.1414124090490647,32.14238252000001,38.722071020000044,0.3497994296437215,7.000398825406228,1.0
Y2018_LAT23.80965_LON90.44315,2018,90.44314733453504,23.809650436574852,14,34.45986248529648,34.3917026046154,0.9119359374797207,32.44829530999999,37.40100629,0.31251171339494865,5.593695735038752,1.0
Y2018_LAT23.80981_LON90.45295,2018,90.45295494343091,23.80981279535805,14,34.386542661711715,34.42101504750001,1.0299746629136928,31.715130020000004,37.34119094000005,0.38688530174147273,5.755403554840242,1.0
Y2018_LAT23.80997_LON90.46276,2018,90.46276263939755,23.80997453160247,14,33.76594358827537,33.98164349642859,1.2424521117540555,30.506859950000035,36.93102854000006,0.4713059527724506,5.645401860714623,1.0
Y2018_LAT23.81014_LON90.47257,2018,90.47257042239056,23.81013564529753,14,33.83382892750349,33.97801462454547,1.3815565948503805,30.65212580000002,37.823131760000024,0.5090694592639867,5.853401663066634,1.0
Y2018_LAT23.8103_LON90.48238,2018,90.48237829174252,23.810296136432793,14,33.63018360733173,33.672621528950025,1.3468199903716376,30.08815249999998,36.98913488000005,0.44842022178762253,5.531486038384239,0.9240741871634475
Y2018_LAT23.81046_LON90.49219,2018,90.49218624744012,23.810456004957235,14,36.238879490000045,36.238879490000045,0.0,36.238879490000045,36.238879490000045,0.38282132148742676,6.0,3.5308240943436143e-06
Y2018_LAT23.81387_LON90.16838,2018,90.16837526889276,23.813873164051003,14,35.078940492835024,35.12289596000005,0.28644255482757724,34.53499652000005,35.4544439,0.6605775262113402,7.0,0.011647784585001228
Y2018_LAT23.81405_LON90.17818,2018,90.17818097601702,23.814053020972818,14,35.286643892346454,35.27328884000002,0.17749078500484686,34.80502009999998,35.4544439,0.6784268101764253,7.0,0.005759447545866853
Y2018_LAT23.81423_LON90.18799,2018,90.1879867797294,23.81423225578895,14,36.67769884176121,36.24400652000003,1.357925816987467,35.35873934000006,38.78530439000002,0.6487268752423091,8.278109452736318,0.007126951933850539
Y2018_LAT23.81529_LON90.24682,2018,90.24682361169884,23.81529459808003,14,36.412055459957024,35.97207154723686,2.4981053355936553,32.24321411,41.93500982000003,0.4508474993465504,6.018373896319124,0.6448510279358363
Y2018_LAT23.81547_LON90.25663,2018,90.25663008222348,23.81546947719915,14,37.07606461956132,36.850811883125026,2.3274743693960103,32.63286839,44.39598422000006,0.4715823679103744,6.203100955769207,1.0
Y2018_LAT23.81564_LON90.26644,2018,90.26643664668188,23.815643733920812,14,35.407434160910626,35.21806340257146,1.4889510051454815,31.781781410000008,40.39006478000002,0.5468129007090466,6.15660018423551,1.0
Y2018_LAT23.81582_LON90.27624,2018,90.27624330468434,23.81581736828319,14,34.748247151276715,34.67322356610172,0.878730028977397,31.87406795000004,38.01112286000003,0.5350647053118933,6.572298320350964,1.0
Y2018_LAT23.81599_LON90.28605,2018,90.28605005590951,23.815990380239477,14,36.07136045776173,36.08299006432434,1.3746299566516975,32.96612534000002,39.94743119000003,0.5660583032264115,7.92160433696159,1.0
Y2018_LAT23.81616_LON90.29586,2018,90.29585690010072,23.81616276984901,14,34.865329949609404,34.82920518090912,0.7891580870288255,32.51494670000005,37.248904400000015,0.5746278533648124,6.191100224823795,1.0
Y2018_LAT23.81633_LON90.30566,2018,90.3056638368472,23.81633453695183,14,34.60606018895447,34.65280427600002,1.319793187814962,31.00076383999999,39.39883898000005,0.5017693164309828,7.136898984587036,1.0
Y2018_LAT23.81651_LON90.31547,2018,90.3154708659422,23.816505681581,14,33.46939310673515,33.09540514070799,1.5012509374041882,30.60769154000002,40.01066456000001,0.534856720644774,8.463099826352135,1.0
Y2018_LAT23.81668_LON90.32528,2018,90.32527798681842,23.81667620381214,14,32.53509725447534,32.5695000981579,0.5207183533041403,30.053972300000055,33.80866727,0.5761660867715678,9.433200509647653,1.0
Y2018_LAT23.81685_LON90.33509,2018,90.33508519938587,23.81684610342066,14,32.53950050381463,32.46868690659093,0.8364730333318809,30.05909933000001,38.39735912000003,0.5710412298345343,9.569700670236076,1.0
Y2018_LAT23.81702_LON90.34489,2018,90.34489250309701,23.81701538055114,14,33.44290685368642,32.66117126292684,2.2492529719803906,30.05909933000001,43.08175553000001,0.557634495116367,8.756794149619534,1.0
Y2018_LAT23.81718_LON90.3547,2018,90.3546998977826,23.817184035140357,14,37.72383992749285,38.40892007000002,2.6189821994206155,31.007599880000043,43.79612171000002,0.3697001943125805,10.171399025175319,1.0
Y2018_LAT23.81735_LON90.36451,2018,90.36450738306544,23.817352067193895,14,39.86437570345284,39.82802835800002,1.269140782718736,36.90539339000003,43.85422805000002,0.22695615506141922,9.545100641294868,1.0
Y2018_LAT23.81752_LON90.37431,2018,90.37431495851645,23.817519476542795,14,40.20160182816096,40.17434974000004,1.3078998458728763,36.117539780000016,43.28854574000002,0.23783938584579262,9.417301963773946,1.0
Y2018_LAT23.81769_LON90.38412,2018,90.38412262389322,23.817686263292853,14,37.78670011561961,36.91163127650003,2.562480902526327,33.76936004000004,43.85593706000003,0.3935097627700452,8.780999742352638,1.0
Y2018_LAT23.81785_LON90.39393,2018,90.39393037889359,23.81785242739153,14,36.81767165526059,36.71290489526317,1.121876584023957,33.318181400000014,41.50433930000003,0.34071583284686996,8.248400292235637,1.0
Y2018_LAT23.81802_LON90.40374,2018,90.40373822309905,23.818017968948304,14,37.04905151646227,36.975602882786895,1.74520261050467,32.80547840000003,41.835887240000034,0.46068950375655165,8.72750342354553,1.0
Y2018_LAT23.81818_LON90.41355,2018,90.41354615625141,23.818182887687353,14,37.49464646402127,37.60039079000003,1.789562486952138,33.45832022000002,43.30221782000001,0.43438201164659923,8.595500700589056,1.0
Y2018_LAT23.81835_LON90.42335,2018,90.42335417790741,23.81834718371926,14,38.60556989295282,39.15457714333334,1.7738448425513618,34.217120660000006,42.485311040000056,0.2655889819130279,8.057000067058903,1.0
Y2018_LAT23.81851_LON90.43316,2018,90.43316228784003,23.81851085705533,14,34.86311456332987,34.80046274000002,1.0939166867062027,32.53887284000001,38.33412575000003,0.3474234228928292,7.16620078212133,1.0
Y2018_LAT23.81867_LON90.44297,2018,90.44297048569636,23.8186739076418,14,34.211931906518,34.23485514081969,0.7236182031842036,32.039841920000015,36.46446881000003,0.49773554155435207,6.864601017177668,1.0
Y2018_LAT23.81884_LON90.45278,2018,90.45277877102127,23.818836335449905,14,35.29316818030106,35.42253347890627,0.7972492670061914,32.35771778000003,36.842160019999994,0.44605900809846055,5.911701072589495,1.0
Y2018_LAT23.819_LON90.46259,2018,90.46258714368346,23.81899814041967,14,35.46277856585778,35.51838528842858,0.6237580027683172,32.96612534000002,36.954954680000014,0.4726427865942252,5.958402157186626,1.0
Y2018_LAT23.81916_LON90.4724,2018,90.47239560318073,23.81915932249695,14,34.78243969235401,35.42573253200001,1.689599896021499,30.012956060000022,37.96327058000003,0.4960359827218256,5.969999964705839,1.0
Y2018_LAT23.81932_LON90.4822,2018,90.48220414927536,23.81931988179996,14,34.55684784347422,34.79391153500002,1.4513850590093105,30.860625019999986,37.7616074,0.44631171755027965,6.1482619211553065,1.0
Y2018_LAT23.81948_LON90.49201,2018,90.49201278165333,23.81947981821177,14,33.34868273026652,32.75079008000003,1.6268746848656155,31.34256584000002,37.36853510000003,0.4144076221485006,5.481069613465761,0.15473467768118032
Y2018_LAT23.82289_LON90.16818,2018,90.16817939044108,23.822894584165926,14,35.484739891491444,35.42752699250001,0.7344151912788722,33.40534091000001,37.905164239999976,0.639741645470439,6.98365804012794,0.12341602937007264
Y2018_LAT23.82307_LON90.17799,2018,90.17798577362288,23.823074517538494,14,37.09602562874888,37.33240346302463,1.0723023464966592,33.824048360000006,39.74747702000002,0.6375964990346742,7.41577184558549,0.79340479696958
Y2018_LAT23.82325_LON90.18779,2018,90.18779225350889,23.823253828431376,14,35.76419615356966,35.859545520387684,1.3164099645771292,31.535683970000008,39.21768392000001,0.6580702294578523,8.110011163041744,0.8782103766267377
Y2018_LAT23.82343_LON90.1976,2018,90.19759882957575,23.823432516997453,14,34.24698715791961,34.80017297812433,1.138280910103345,31.55448308000001,35.936384720000035,0.6708923409553242,7.924263856472652,0.30477456439734196
Y2018_LAT23.82432_LON90.24663,2018,90.24663314295388,23.824316621992267,14,35.42925279047981,35.0293393826434,2.3006038953684387,31.469032580000004,42.64253996000002,0.4802682380373889,6.587412414271216,0.5789998064696499
Y2018_LAT23.82449_LON90.25644,2018,90.25644028981523,23.824491575335806,14,39.26496719350126,39.213838647500026,3.0691659077444378,32.45342234000003,47.45340311000004,0.39650698639928017,7.1542960202165915,1.0
Y2018_LAT23.82467_LON90.26625,2018,90.26624753061103,23.824665906121677,14,38.14235189265682,37.84663064750003,1.9599590373299005,33.92317093999998,45.57349211000002,0.5000966275282401,7.297999174116698,1.0
Y2018_LAT23.82484_LON90.27605,2018,90.27605486501137,23.824839614227137,14,35.104311268678764,35.2134879731356,1.332553712343691,30.710232140000016,38.90151707000001,0.5596504168461488,7.271599143057837,1.0
Y2018_LAT23.82501_LON90.28586,2018,90.2858622927241,23.82501269965501,14,36.229364123895124,36.438533152260774,1.2177924042845902,31.626261500000055,38.928861230000024,0.6055190802910625,8.052997896460699,1.0
Y2018_LAT23.82519_LON90.29567,2018,90.29566981343716,23.825185162441457,14,34.92066928254926,34.891121651428584,0.6357438624231928,33.470283290000026,37.50525590000004,0.6302205191326683,8.7569997141173,1.0
Y2018_LAT23.82536_LON90.30548,2018,90.30547742655001,23.82535700253232,14,34.33548180333788,34.32760313000003,1.0540121725619183,31.28104148,37.87782007999999,0.6141589387993037,9.3790980930566,1.0
Y2018_LAT23.82553_LON90.31529,2018,90.31528513220435,23.825528219882454,14,33.629710775255525,33.70028456281967,1.3219462364216084,30.39235628000003,37.101929540000015,0.5840366698213861,9.913899594821629,1.0
Y2018_LAT23.8257_LON90.32509,2018,90.32509292964225,23.825698814482774,14,32.697617878840944,32.70469178394739,1.0971912867733051,29.780530699999986,36.70202119999999,0.49873681831960065,8.376899266940333,1.0
Y2018_LAT23.82587_LON90.3349,2018,90.33490081871678,23.82586878634034,14,32.255744923843,32.2954072754,1.043280367379979,29.599375640000005,36.32262098000001,0.5545893921515022,7.891399872235149,1.0
Y2018_LAT23.82604_LON90.34471,2018,90.34470879908258,23.82603813541711,14,34.353397782831394,34.14968049615387,2.102854135650242,29.732678420000013,39.550940870000034,0.47700451656522097,8.225798709641,1.0
Y2018_LAT23.82621_LON90.35452,2018,90.3545168704309,23.826206861579013,14,37.88526106802921,37.782970025,3.552270646892976,30.42653647999998,45.22314505999998,0.35707248823891846,10.060201247295593,1.0
Y2018_LAT23.82637_LON90.36433,2018,90.36432503228613,23.826374964926323,14,38.65950725900132,38.8429743870213,1.5321782909086967,31.24686128000002,42.51949123999998,0.2827317673830427,9.691603166591985,1.0
Y2018_LAT23.82654_LON90.37413,2018,90.37413328450373,23.826542445427858,14,39.80652239504312,39.655716329230806,1.9524855248369848,33.85822856000004,44.033674099999985,0.2691270972427219,9.071005040023728,1.0
Y2018_LAT23.82671_LON90.38394,2018,90.38394162658005,23.82670930307954,14,35.693860305378834,35.653318695263174,2.180643573950063,30.445335590000013,43.43210257999999,0.4671283702418791,9.054900064588328,1.0
Y2018_LAT23.82688_LON90.39375,2018,90.39375005825224,23.826875537835253,14,37.036380836718976,36.97093895000002,1.7309315893447845,32.381643920000016,41.37103652000002,0.4289841084091144,8.460299365058088,1.0
Y2018_LAT23.82704_LON90.40356,2018,90.40355857929806,23.827041149533837,14,35.618372021941326,35.40464597784617,1.3790550087608544,32.03300588000002,40.41399092000003,0.5388058849197932,8.154998376462949,1.0
Y2018_LAT23.82721_LON90.41337,2018,90.4133671891908,23.82720613841696,14,35.91063442280266,34.6560565738182,2.709484985612359,31.732220120000022,43.31247188000003,0.4886507027037805,8.459300540353588,1.0
Y2018_LAT23.82737_LON90.42318,2018,90.4231758877953,23.827370504220717,14,38.40719138779345,38.520407840000026,1.924502028056273,34.55208662000004,42.10078379000004,0.33333081060863723,9.232101449531134,1.0
Y2018_LAT23.82753_LON90.43298,2018,90.43298467440856,23.827534247061728,14,35.99950227286328,36.22003155114288,1.7782765523574637,32.316701540000054,40.53020360000005,0.373711350153575,7.73929877317071,1.0
Y2018_LAT23.8277_LON90.44279,2018,90.442793549186,23.82769736684151,14,34.295384183431324,34.22348099618559,1.6713411354422893,30.252217459999997,40.017500600000005,0.46153266140351534,6.82909862246896,1.0
Y2018_LAT23.82786_LON90.4526,2018,90.45260251149202,23.827859863599773,14,34.67794040173118,34.7645476359091,0.6941463427265517,32.34575471000002,36.83361497000001,0.45037850084295367,7.130101329530992,1.0
Y2018_LAT23.82802_LON90.46241,2018,90.46241156103278,23.828021737310443,14,35.40394047459729,35.29820440684211,1.0149137548230664,33.09942812000003,37.888074140000015,0.4168471361367164,6.770301272006002,1.0
Y2018_LAT23.82818_LON90.47222,2018,90.47222069746103,23.828182987928958,14,34.63914478357727,34.64334775400001,1.276923124901691,31.361364950000052,37.84705790000001,0.50007369728798,7.263400309882738,1.0
Y2018_LAT23.82834_LON90.48203,2018,90.48202992058056,23.82834361542162,14,35.132732982030745,35.07627796500002,1.0592236376852757,32.29106639,38.103409400000004,0.5040698915603341,7.805256324121133,0.9473202441440128
Y2018_LAT23.8285_LON90.49184,2018,90.49183922986218,23.828503619784502,14,32.74045284272509,32.66149430750002,0.5335561403416562,31.352819899999986,35.34335825000002,0.4536746722725211,6.10320745887181,0.09945188510709929
Y2018_LAT23.83155_LON90.14837,2018,90.14836958692833,23.831554104874208,14,35.05577513202844,34.99245997255399,0.5703165124906162,33.608713100000045,37.01306102000001,0.6368121914287326,6.978268844184233,0.24586118697081055
Y2018_LAT23.83174_LON90.15818,2018,90.15817645223937,23.83173535987494,14,34.2313571251823,33.98925266000002,1.1195811303203995,31.821088640000028,36.58580852,0.6525564156327576,6.883587399518134,0.4819790977068237
Y2018_LAT23.83192_LON90.16798,2018,90.1679834149831,23.83191599233053,14,33.884035821309695,33.91940071970562,1.531865369254934,28.915771640000003,37.99403275999998,0.6102265960837181,6.127365048906826,0.883300535773277
Y2018_LAT23.8321_LON90.17779,2018,90.17779047460897,23.832096002084114,14,35.238744003910384,35.549682366363655,1.6471371940512713,30.58376540000006,38.02821296000002,0.632890637569722,7.698812700295047,1.0
Y2018_LAT23.83228_LON90.1876,2018,90.18759763098288,23.83227538919579,14,35.39701951851713,35.51849462260872,0.9858922267815908,31.503212780000013,37.54969016000001,0.6648375940744781,8.286903703076222,1.0
Y2018_LAT23.83245_LON90.1974,2018,90.197404883615,23.83245415351192,14,34.97396170975351,34.955071178000026,1.1254744432094728,31.39041812000002,36.89343032000002,0.6543501719264575,7.333889346484494,0.8606200285684741
Y2018_LAT23.83263_LON90.20721,2018,90.2072122322437,23.83263229513139,14,34.90660335616939,34.97510633941864,1.123906266190611,31.82621567000001,36.86608616000004,0.6461266779313646,7.069984696557874,0.1586917832300901
Y2018_LAT23.83299_LON90.22683,2018,90.22682721609769,23.83298671014301,14,34.666799705356866,34.71406246760616,0.545688878399819,33.003723560000026,35.70054134000003,0.6365742613936254,6.598842532607769,0.20781276925728023
Y2018_LAT23.83316_LON90.23663,2018,90.23663485065207,23.833162983466416,14,34.55286103568652,34.444229100000015,0.7482436515433357,32.94903524000006,36.626824760000034,0.6449802729449868,6.624869977581242,0.5571028535229896
Y2018_LAT23.83334_LON90.24644,2018,90.24644257992824,23.83333863396304,14,38.270128632229046,38.079880704186074,3.9384241003826457,32.22270599000001,48.26176484000001,0.4783906437493655,8.036182463297003,0.6832121874126763
Y2018_LAT23.83351_LON90.25625,2018,90.25625040340556,23.833513661644123,14,41.54678925132068,41.27608392440001,1.8540477363936692,37.63855868000002,47.80716818000002,0.4041692915317598,8.362800530826021,1.0
Y2018_LAT23.83369_LON90.26606,2018,90.26605832095383,23.833688066342177,14,37.73752650741089,37.90853728605265,2.1792347813229465,33.48908240000003,44.74974929000001,0.5588914048225745,8.4012995355272,1.0
Y2018_LAT23.83386_LON90.27587,2018,90.27586633211241,23.83386184824758,14,34.85300086397633,34.67228699,1.2105004266781894,31.665568730000018,38.14613465000002,0.6443817482402452,8.794199031524812,1.0
Y2018_LAT23.83404_LON90.28567,2018,90.28567443656736,23.83403500725343,14,34.68594183706623,34.6094487137097,1.0278023983844384,31.626261500000055,37.85560295000005,0.6281246461884603,9.39700069176793,1.0
Y2018_LAT23.83421_LON90.29548,2018,90.2954826340372,23.834207543222686,14,34.94748300157232,34.92132272789475,0.8323340766483459,32.446586300000035,37.60096046000001,0.6212266504918869,9.392299493174091,1.0
Y2018_LAT23.83438_LON90.30529,2018,90.30529092407066,23.834379456264415,14,35.01668559561045,35.04681172259743,0.9468062489896425,31.957809440000005,37.87782007999999,0.6186672319009443,9.36279700139763,1.0
Y2018_LAT23.83455_LON90.3151,2018,90.31509930648197,23.834550746337584,14,34.94047500017676,34.70039071000002,1.455844865369225,31.957809440000005,39.29117135000004,0.5639396246326016,9.858201685654976,1.0
Y2018_LAT23.83472_LON90.32491,2018,90.32490778084068,23.834721413344035,14,32.899343982193756,33.01055960000003,1.2070805296532465,29.578867520000017,36.07994156000001,0.5771548224886879,8.779198960936263,1.0
Y2018_LAT23.83489_LON90.33472,2018,90.33471634680083,23.834891457379513,14,33.184949940338754,32.96635838681819,1.3915022684799896,29.599375640000005,39.10830728000002,0.5054798349268982,7.67550082588622,1.0
Y2018_LAT23.83506_LON90.34453,2018,90.3445250041786,23.835060878266724,14,33.025283431819915,32.664540204354864,1.993755129307636,28.40648666000004,38.96987747000003,0.542889859088569,8.370300566120308,1.0
Y2018_LAT23.83523_LON90.35433,2018,90.3543337523925,23.835229676143097,14,35.651008538325335,35.76804723500002,1.3340793869912104,30.928985420000004,38.773341319999986,0.40080188880245876,8.883299450820932,1.0
Y2018_LAT23.8354_LON90.36414,2018,90.36414259131713,23.835397850949132,14,36.120538606022656,36.34672701578949,1.8203284616529856,30.778592539999977,39.978193370000014,0.3676948954549843,8.502100009882382,1.0
Y2018_LAT23.83557_LON90.37395,2018,90.37395152049466,23.8355654025433,14,37.18317355145712,36.837843206147156,1.7481112714065359,33.646311319999995,43.192841180000016,0.3625858079018776,8.681398500698807,1.0
Y2018_LAT23.83573_LON90.38376,2018,90.38376053961815,23.83573233096978,14,35.31537200790021,35.401755121700006,1.109546143993367,30.99734582000002,39.463781359999984,0.43752806183902193,9.091098075755623,1.0
Y2018_LAT23.8359_LON90.39357,2018,90.39356964845436,23.835898636245652,14,34.94795714550606,34.907590165689676,2.0576881187093936,30.023210119999987,40.89934976000001,0.5181626377267328,8.873699405644235,1.0
Y2018_LAT23.83606_LON90.40338,2018,90.40337884655563,23.83606431840792,14,35.73089578649659,35.35142127153848,2.2688949652485237,31.192172959999994,42.375934400000006,0.5655738305126224,9.233902277187171,1.0
Y2018_LAT23.83623_LON90.41319,2018,90.41318813352635,23.83622937723867,14,35.63694615680608,35.844765110731736,2.0945655586090317,30.354758059999995,43.31247188000003,0.5128320782420602,9.304303784958972,1.0
Y2018_LAT23.83639_LON90.423,2018,90.42299750926796,23.83639381286551,14,36.90396483589252,36.72129028775002,2.221340392711109,30.896514230000037,42.20845142000002,0.44435806007508727,8.514802422599624,1.0
Y2018_LAT23.83656_LON90.43281,2018,90.43280697316571,23.836557625216,14,35.402895864461996,35.345036187090926,1.4648076780175547,31.522011890000044,41.10443096000006,0.4638935397118822,8.168399615998183,1.0
Y2018_LAT23.83672_LON90.44262,2018,90.44261652508888,23.836720814273363,14,33.823708532820625,33.67297187600002,1.4029197198322918,30.27956161999998,37.590706400000045,0.505977014032383,6.920192565612071,1.0
Y2018_LAT23.83688_LON90.45243,2018,90.45242616467249,23.836883380054967,14,33.63372975234914,33.48190455800002,1.4177169555676292,29.736096439999983,36.93957359000004,0.4650650152404407,5.556297911990157,1.0
Y2018_LAT23.83705_LON90.46224,2018,90.46223589141553,23.837045322543688,14,34.77055148209391,34.607658910689686,1.0817845832103945,32.463676400000054,38.359760900000026,0.3702027957372675,6.0714003360015685,1.0
Y2018_LAT23.83721_LON90.47205,2018,90.47204570518304,23.837206641628736,14,33.63786054946389,33.673833501875016,1.0061165143950286,30.918731360000038,36.86608616000001,0.4274908179061777,5.993561781578001,0.9807033350596278
Y2018_LAT23.83737_LON90.48186,2018,90.48185560564076,23.837367337295152,14,34.69416937840597,34.55436530000002,0.8777125878059829,33.01397762000002,36.63878783000001,0.4030658834867378,7.063793005186272,0.189116946479318
Y2018_LAT23.84058_LON90.14817,2018,90.14817216103816,23.84057534732791,14,34.48509928681775,34.450058723000026,0.9491763956350916,31.95439141999998,37.30359271999998,0.6657781463750655,6.899502358947846,0.5007623431263256
Y2018_LAT23.84076_LON90.15798,2018,90.15797970307277,23.8407566793346,14,34.15020407556917,34.17300288333335,0.8100341420126568,32.135546480000016,36.84216002000005,0.6642575760745886,6.459099363646307,1.0
Y2018_LAT23.84094_LON90.16779,2018,90.16778734254447,23.840937388387445,14,34.40742594334193,34.39103277285716,0.792188401870263,31.991989640000043,36.640496840000026,0.6394004298833533,6.3912018409498454,1.0
Y2018_LAT23.84112_LON90.1776,2018,90.17759507896123,23.841117474552508,14,34.604588409927636,34.70359407173916,0.9585917005336047,31.47586862,36.739619420000054,0.6494693915293333,6.846802172708436,1.0
Y2018_LAT23.8413_LON90.1874,2018,90.18740291206971,23.841296937759036,14,34.588426484403634,34.663040807692326,0.6914236687254666,32.636286410000025,36.22691642000001,0.6406609912128893,6.518199433175807,1.0
Y2018_LAT23.84148_LON90.19721,2018,90.19721084159713,23.841475777990155,14,34.19095615070908,34.202158761132104,1.1139391722630894,31.949264390000025,36.58580852000003,0.6573035371110146,6.713096296923751,1.0
Y2018_LAT23.84165_LON90.20702,2018,90.20701886710472,23.84165399525762,14,35.76824844111922,35.981913536059686,0.9715230319904666,32.69268374000001,37.13952776000002,0.6293837393517849,7.54956175123326,0.9715088540069463
Y2018_LAT23.84183_LON90.21683,2018,90.21682698822377,23.84183158947361,14,35.08919965268726,35.016296461250036,1.0441199964446863,31.945846370000027,37.80945968000003,0.6219752586128078,7.5960345763237465,0.7406248429997633
Y2018_LAT23.84201_LON90.22664,2018,90.22663520484046,23.842008560680036,14,35.01499598259658,35.0198544432759,1.022370179654199,31.414344260000007,38.68789082000001,0.6285875398373666,7.381271082462607,0.9907642036695101
Y2018_LAT23.84218_LON90.23644,2018,90.23644351630509,23.842184908856428,14,35.8492079047454,35.60939414000002,1.327438308716754,32.05180499000002,39.197175800000025,0.6199495731852436,7.7281008565892435,1.0
Y2018_LAT23.84236_LON90.24625,2018,90.24625192253338,23.84236063387516,14,39.913643478061395,39.80865957800002,3.5558635076840606,33.114809210000004,50.65779686000002,0.4165875704429377,8.798235114979565,0.9990978337396029
Y2018_LAT23.84254_LON90.25606,2018,90.25606042303819,23.842535735804308,14,40.78182504272154,40.531205433448314,1.597905734666911,37.508673920000035,48.08744582000003,0.39313654357307704,9.404204255078849,1.0
Y2018_LAT23.84271_LON90.26587,2018,90.26586901766919,23.84271021459621,14,37.53643659090359,37.78467903500002,1.9518640978412458,33.09942812000003,42.314410039999984,0.561644711524819,10.227001443531108,1.0
Y2018_LAT23.84288_LON90.27568,2018,90.27567770591823,23.842884070255604,14,37.50538864801061,37.53469134855265,1.6853337988453807,33.75397895000003,42.69039224000005,0.594555241962371,9.750699706705529,1.0
Y2018_LAT23.84306_LON90.28549,2018,90.28548648737947,23.843057302676108,14,35.24693275983963,35.04720335580647,1.18954303801317,32.84991266000003,39.35782274000002,0.6561254256630968,9.918399615998206,1.0
Y2018_LAT23.84323_LON90.2953,2018,90.29529536205294,23.843229911966674,14,34.45437117615027,34.45850677513515,1.0769549786085924,32.23125104000002,37.66590284000006,0.6265838505986933,8.806298595645407,1.0
Y2018_LAT23.8434_LON90.3051,2018,90.3051043292476,23.843401897972704,14,33.491630687702965,33.51689265363639,1.081045699850994,30.887969180000027,36.22008038000001,0.6337723618733753,8.020498847645705,1.0
Y2018_LAT23.84357_LON90.31491,2018,90.31491338880836,23.84357326075308,14,33.52541680115762,33.57919170808221,0.7020700471216245,31.39383614000002,36.09019562000003,0.6370289237700429,8.387097115751136,1.0
Y2018_LAT23.84374_LON90.32472,2018,90.32472254042095,23.843744000271027,14,32.86027357949457,32.826841025000014,0.872009922086486,30.55642124000002,35.53647638000001,0.6471756723559982,8.388599280705034,1.0
Y2018_LAT23.84391_LON90.33453,2018,90.33453178363415,23.843914116423864,14,33.38736803693605,33.10809524214288,1.4463339300182438,30.69997808000005,38.05213909999998,0.5086055032408685,8.561201836708042,1.0
Y2018_LAT23.84408_LON90.34434,2018,90.34434111824926,23.844083609322155,14,32.998178035714865,32.582737430000016,1.3737984266089995,30.58718342000003,37.09509350000002,0.5962922718205682,8.71580336848644,1.0
Y2018_LAT23.84425_LON90.35415,2018,90.3541505437578,23.84425247880271,14,33.56338008867902,33.466585104426244,1.6301836444002153,29.595957620000036,37.87098404000005,0.605445611068539,9.123600145411935,1.0
Y2018_LAT23.84442_LON90.36396,2018,90.36396005998247,23.844420724846596,14,35.33281109846141,35.21496887375002,2.6798432762602085,29.664318020000024,40.82757134000002,0.3624510203944275,9.121898966939957,1.0
Y2018_LAT23.84459_LON90.37377,2018,90.37376966657563,23.844588347690777,14,37.21792951360382,37.402753704719125,1.4366022600145973,30.775174520000007,40.229417839999996,0.3164518027019847,9.787599000465882,1.0
Y2018_LAT23.84476_LON90.38358,2018,90.38357936302975,23.844755347063185,14,36.55333102676165,36.57544764687502,1.5029098464674933,32.00907974000006,39.48428948000003,0.44241698101602933,10.058500068823614,1.0
Y2018_LAT23.84492_LON90.39339,2018,90.39338914935368,23.844921722962663,14,36.15409057669772,36.08699122625003,2.4614280643948376,31.149447710000004,43.67820002000002,0.5589046193973826,9.024600028941208,1.0
Y2018_LAT23.84509_LON90.4032,2018,90.40319902480896,23.845087475305515,14,37.50810583637092,37.03613265500002,3.084540223261785,32.42607817999999,43.671363979999995,0.4399380977965086,8.659198396227753,1.0
Y2018_LAT23.84525_LON90.41301,2018,90.41300898926613,23.845252604256814,14,33.962168424641995,33.88827865250002,1.2800662921050088,31.262242370000024,37.197634100000016,0.5425861255069953,8.425799324469791,1.0
Y2018_LAT23.84542_LON90.42282,2018,90.42281904246684,23.845417109739255,14,34.56603963141552,34.59201262948279,1.474383605179732,30.891387200000054,39.487707500000056,0.4842332082364578,8.26340030988272,1.0
Y2018_LAT23.84558_LON90.43263,2018,90.43262918394738,23.84558099160856,14,34.02844151536802,34.01452529272729,0.9816090547054185,31.28958653000001,37.61805056000003,0.5478989136698272,8.636500642355966,1.0
Y2018_LAT23.84574_LON90.44244,2018,90.44243941341043,23.845744249986087,14,33.564271010714364,33.485007068461556,1.2991134190163347,29.992447940000034,37.61805056000003,0.5610262867979927,7.891498695880817,1.0
Y2018_LAT23.84591_LON90.45225,2018,90.45224973051488,23.845906884744103,14,32.430888618540926,32.391121157272735,1.0136643102036804,30.086443490000022,36.38756336000006,0.5763531848926315,6.393900463412312,1.0
Y2018_LAT23.84607_LON90.46206,2018,90.46206013489734,23.846068895891545,14,33.136640089387235,32.665200224106755,1.9433671500845087,28.53978944000005,38.190568910000025,0.4511281459047906,5.660289372028345,0.9769357378243188
Y2018_LAT23.84623_LON90.47187,2018,90.47187062631693,23.846230283490918,14,33.853801476157116,33.51984458000001,1.498396044577892,30.57351134000001,38.13417158000004,0.49391234775586373,5.923786103826576,0.400340752634657
Y2018_LAT23.84941_LON90.13817,2018,90.13816651599821,23.849414545645395,14,35.90602263597662,36.083359580000035,1.0666207833045562,32.925109099999986,37.585579370000005,0.6591713178756828,8.086561603984842,0.17128753333906968
Y2018_LAT23.8496_LON90.14797,2018,90.14797463735019,23.849596577685013,14,34.405713133374014,34.233826712809005,0.9024157544083103,32.52007373000001,37.12243766000006,0.6730579223237673,6.797562244518775,0.9588113731917622
Y2018_LAT23.84978_LON90.15778,2018,90.15778285658293,23.849777986577454,14,34.34436790377476,34.29915314000002,0.9046266691299917,32.09453024000004,36.519157129999996,0.6680660806287707,6.641001930590517,1.0
Y2018_LAT23.84996_LON90.16759,2018,90.16759117304086,23.849958772327916,14,34.48861334608976,34.481794295652186,0.843596091754366,31.957809440000005,37.20447014000001,0.6471845052219463,6.939904423079653,1.0
Y2018_LAT23.85014_LON90.1774,2018,90.1773995866221,23.850138934900187,14,32.75745482874217,32.42454355877553,1.160268828438986,29.93775962000001,36.15855601999999,0.6437673990241027,6.561999484705285,1.0
Y2018_LAT23.85032_LON90.18721,2018,90.18720809689493,23.85031847430285,14,34.07459987334596,34.015339617241395,0.8687038779633798,31.581827240000052,36.51232109000003,0.6504693782363066,6.142500167647266,1.0
Y2018_LAT23.8505_LON90.19702,2018,90.19701670358802,23.850497390412862,14,33.974120521653056,33.98453993545456,1.0339975088921314,31.675822790000012,36.74132843000004,0.642081696748859,6.323899171290234,1.0
Y2018_LAT23.85068_LON90.20683,2018,90.20682540628808,23.85067568334006,14,34.97533550200817,35.107696679574474,0.8592757313398,31.749310219999984,37.033569140000054,0.6463174786943521,7.87510102953063,1.0
Y2018_LAT23.85085_LON90.21663,2018,90.21663420466585,23.850853352912015,14,35.11504467638859,35.3892635565823,0.9761163035788448,32.16289064,37.40271530000001,0.6397854230069224,8.004298828586858,1.0
Y2018_LAT23.85103_LON90.22644,2018,90.22644309843818,23.851030399238997,14,35.3959871771211,35.297249857755105,1.1400804224933663,32.415824120000025,38.54775200000006,0.6690324889832974,8.613700535061358,1.0
Y2018_LAT23.85121_LON90.23625,2018,90.2362520873236,23.851206822179524,14,35.75785615008203,35.67117744090911,1.491084658410947,32.67388463000003,39.227937980000036,0.5787594831097913,8.357000420000492,1.0
Y2018_LAT23.85138_LON90.24606,2018,90.24606117078189,23.85138262187051,14,38.89095364464597,38.784354940000014,2.1870374587034234,33.78815915000004,45.21289100000001,0.4312851643912317,7.536400631059565,1.0
Y2018_LAT23.85156_LON90.25587,2018,90.25587034873803,23.85155779805201,14,40.51858421754971,40.84949880728816,1.76203101545196,34.32649730000003,43.662818930000014,0.36729629873217023,8.35450637414767,1.0
Y2018_LAT23.85173_LON90.26568,2018,90.26567962069254,23.851732350916897,14,38.89480798144403,39.220076534000015,1.7146225286744536,34.12825214000003,42.307574000000045,0.47639902384609606,8.10520130023684,1.0
Y2018_LAT23.85191_LON90.27549,2018,90.27548898628667,23.851906280300767,14,37.09103884688831,37.02331508000002,2.9593125884005187,31.26907841000002,44.11570658000005,0.57054958737869,8.699999647058418,1.0
Y2018_LAT23.85208_LON90.2853,2018,90.28529844528776,23.85207958628689,14,35.623969226932154,35.33937056000003,1.925389875520052,31.233189200000027,41.8461413,0.5829959788745734,9.506102381658282,1.0
Y2018_LAT23.85225_LON90.29511,2018,90.29510799736741,23.852252268768797,14,34.489835620262745,34.516624662500014,0.8096682710746042,32.29619342000001,37.071167360000004,0.6410036858432987,8.969999964705837,1.0
Y2018_LAT23.85242_LON90.30492,2018,90.30491764209752,23.85242432778987,14,35.185974523671035,35.20072164615386,0.860142091671108,33.37116071,38.04530306000004,0.5961242852790334,8.885099864823388,1.0
Y2018_LAT23.8526_LON90.31473,2018,90.31472737912624,23.852595763293294,14,34.38080081347651,34.42474024250003,0.8661061774919243,31.698039920000042,38.37001496000005,0.6286249398444063,8.790299013171849,1.0
Y2018_LAT23.85277_LON90.32454,2018,90.32453720834886,23.85276657516604,14,33.66486871136251,33.71857802857144,1.5105682750498761,30.445335590000013,39.00918469999999,0.6147437200144246,9.4284005040006,1.0
Y2018_LAT23.85294_LON90.33435,2018,90.33434712912769,23.852936763576526,14,33.651096171615315,33.58079927000003,1.6572083788423495,30.470970739999984,37.95643454000003,0.5069354424129993,9.883801039765933,1.0
Y2018_LAT23.85311_LON90.34416,2018,90.34415714126574,23.853106328323356,14,34.23690280723116,33.97187772500001,2.3746253200625915,29.401130480000006,41.68549436000001,0.46047573688045984,8.678098485169365,1.0
Y2018_LAT23.85328_LON90.35397,2018,90.35396724451219,23.853275269547233,14,34.38659630176059,35.528657659250015,2.666176683315006,29.052492440000037,38.057266130000016,0.3153994542311064,8.254199122587204,1.0
Y2018_LAT23.85344_LON90.36378,2018,90.36377743835727,23.85344358714176,14,35.1806257644421,35.420477326250015,1.5903001065131825,30.31032380000002,38.05897514000003,0.45640408881734357,8.400899295175657,1.0
Y2018_LAT23.85361_LON90.37359,2018,90.37358772264568,23.853611280975656,14,35.677613322833984,35.7801906133945,1.3304380173118417,30.55300322000005,38.63662052000001,0.39542540000879817,8.34209690398545,1.0
Y2018_LAT23.85378_LON90.3834,2018,90.38339809685728,23.853778351178395,14,36.68006809426031,36.78666216894739,1.3272053564178914,32.35771778000003,40.36613864000003,0.449204177380609,10.351201589648946,1.0
Y2018_LAT23.85394_LON90.39321,2018,90.3932085608357,23.853944797669996,14,36.642281983469275,36.84014942000002,2.393091663868787,30.817899770000025,42.22725052999999,0.5045555541596185,8.853201003765898,1.0
Y2018_LAT23.85411_LON90.40302,2018,90.40301911406132,23.8541106204841,14,38.13476893006055,37.967406384200025,2.0057638119216192,33.50617250000005,42.67159313000002,0.3258342884965918,8.101700478590491,1.0
Y2018_LAT23.85428_LON90.41283,2018,90.41282975646459,23.85427581947158,14,37.30512017863828,37.533156481860495,1.4633111958894616,31.90824815000002,40.30461428000001,0.362957090485027,8.027300032117683,1.0
Y2018_LAT23.85444_LON90.42264,2018,90.42264048734816,23.854440394729643,14,36.001360866056224,36.03425224578127,1.6785719109101793,30.758084420000046,41.84272328,0.4459416767979964,8.359700423176964,1.0
Y2018_LAT23.8546_LON90.43245,2018,90.4324513067417,23.85460434620307,14,34.615599130954074,34.09304008490569,2.1446609743802543,30.30177875000004,40.23454486999998,0.4935933347707982,8.515102424011419,1.0
Y2018_LAT23.85477_LON90.44226,2018,90.44226221400886,23.854767673863886,14,33.422479789224,33.39087684975612,1.0677541466008065,30.30177875000004,36.324329990000024,0.5772034114319999,8.128400151059001,1.0
Y2018_LAT23.85493_LON90.45207,2018,90.45207320908156,23.854930377638144,14,32.48339843680388,32.484091301272755,0.7130202024623272,30.67263392000001,34.99642921999998,0.5927441013656531,8.249099116587212,1.0
Y2018_LAT23.85509_LON90.46188,2018,90.46188429141417,23.855092457552743,14,32.325497103792664,32.203698464146356,0.9468725662448838,30.535913120000032,36.937864579999996,0.5702241197426566,6.237404526166922,0.9993992296003109
Y2018_LAT23.85525_LON90.4717,2018,90.47169546076705,23.8552539135842,14,32.325098346577114,32.33607032000001,0.6667412664642763,30.942657500000053,33.70441765999999,0.586198900725064,5.959120966257459,0.25417396968900835
Y2018_LAT23.85825_LON90.12816,2018,90.1281595165627,23.85825295405436,14,35.81030612184951,35.89024145000002,0.5176763690693721,34.49056226000002,36.39610841000001,0.654772780181441,8.0,0.013286857110436548
Y2018_LAT23.85844_LON90.13797,2018,90.13796821735538,23.858435686635293,14,35.90605543162438,36.10252349941912,0.7635514055573875,33.60187705999999,37.387334210000034,0.6735977451882542,8.663734654396213,0.7959303350494109
Y2018_LAT23.85862_LON90.14778,2018,90.14777701605465,23.858617795927742,14,35.42867401101748,35.416196647576356,1.0406214619319378,32.88067483999998,37.71033710000006,0.6688800473537938,8.26199652704246,1.0
Y2018_LAT23.8588_LON90.15759,2018,90.1575859125968,23.858799281880138,14,34.22342404733078,34.38930341750001,0.9186254629935546,31.95097340000001,36.33971108000003,0.6454555072298351,7.322903872488792,1.0
Y2018_LAT23.85898_LON90.16739,2018,90.16739490654852,23.858980144305885,14,33.62429389780599,33.452198856909106,0.9118831836485763,31.528847930000012,36.380727320000005,0.6410067162727983,7.0980016376547574,1.0
Y2018_LAT23.85916_LON90.1772,2018,90.17720399757113,23.859160383258743,14,33.03507690743632,32.95437589625001,1.0524721585568053,30.472679749999998,35.72104946000002,0.6217573045403726,6.283896630101778,1.0
Y2018_LAT23.85934_LON90.18701,2018,90.18701318531267,23.859339998803858,14,33.442234889908654,33.26686941682928,0.9151063413493009,31.858686860000006,36.51232109000003,0.6574986734620285,6.7265010658873585,1.0
Y2018_LAT23.85952_LON90.19682,2018,90.1968224695223,23.85951899083173,14,33.41229687481192,33.35897277026317,1.1312000886638964,30.995636810000036,36.71227526000001,0.6808925451777049,6.583400392472439,1.0
Y2018_LAT23.8597_LON90.20663,2018,90.20663184970567,23.859697359340366,14,32.903549939935615,32.83318507727276,1.3030849679129966,30.546167179999998,36.44225168000003,0.6174945255534164,6.391999491762294,1.0
Y2018_LAT23.85988_LON90.21644,2018,90.21644132573505,23.859875104366267,14,34.71314032841086,34.520667128461554,0.9252857453037376,32.02616984000002,38.39052308000001,0.6153786383266733,8.25129882964155,1.0
Y2018_LAT23.86005_LON90.22625,2018,90.22625089712375,23.86005222573555,14,34.1806583961442,34.23334177186441,0.8198401462084253,31.045198099999993,36.15001097000004,0.6453078245758328,8.596000451766827,1.0
Y2018_LAT23.86023_LON90.23606,2018,90.23606056358047,23.860228723536842,14,35.165957779991984,35.168223566136376,1.2290621162426822,32.05009598000004,38.91177112999998,0.5590281135872798,8.303499075289759,1.0
Y2018_LAT23.8604_LON90.24587,2018,90.24587032471145,23.86040459774019,14,35.03528394223457,34.76144034500002,1.4598110888002227,31.542520010000032,39.21084788000002,0.5722928585550952,7.979599903999526,1.0
Y2018_LAT23.86058_LON90.25568,2018,90.25568018032497,23.860579848308465,14,36.713941588782305,36.40978049000001,1.9652179660760172,31.81254359000002,41.85297734000005,0.5306651481076543,7.42899848940465,1.0
Y2018_LAT23.86075_LON90.26549,2018,90.26549013003545,23.86075447522358,14,35.339590263316964,34.97489569400001,2.1441321898832006,31.30325861000003,40.3763927,0.5979637977375288,8.217903378368824,1.0
Y2018_LAT23.86093_LON90.2753,2018,90.275300173294,23.860928478430182,14,33.166693013296786,33.08017662500001,0.9504065400158457,30.67263392000001,37.876111070000036,0.6907610657914522,8.509900046588434,1.0
Y2018_LAT23.8611_LON90.28511,2018,90.28511031017463,23.86110185790649,14,33.950699070765694,33.95348877740001,1.0632112194602918,30.840116900000027,37.53601808000002,0.666282961432382,8.953700958592737,1.0
Y2018_LAT23.86127_LON90.29492,2018,90.29492053998196,23.861274613670293,14,35.61009834993215,35.574863373846185,1.3322265081281122,32.08085816000005,39.162995600000045,0.615379710405192,8.994599974588121,1.0
Y2018_LAT23.86145_LON90.30473,2018,90.30473086251274,23.861446745670065,14,34.57884620535197,34.222527346181835,1.5840489081382891,30.96316562000004,41.48724920000001,0.6329647165283069,8.995499978823407,1.0
Y2018_LAT23.86162_LON90.31454,2018,90.31454127750341,23.86161825383387,14,36.107660200033436,35.905147707474526,1.6878719212871802,32.30644748000003,41.69574842000003,0.5634533113143639,9.011597701636232,1.0
Y2018_LAT23.86179_LON90.32435,2018,90.32435178453636,23.861789138311877,14,35.661403743109645,35.736406479436624,0.9780950548854865,32.19707084000004,39.81241940000001,0.6055425085899289,10.706803326133288,1.0
Y2018_LAT23.86196_LON90.33416,2018,90.3341623832019,23.86195939884345,14,34.684032226549654,34.032765751489386,2.758462459769665,30.62136362000001,41.54535554,0.522256199622698,9.770798921406675,1.0
Y2018_LAT23.86213_LON90.34397,2018,90.34397307332979,23.8621290356191,14,34.91202333013524,34.60042718857144,2.336871355079434,30.696560060000024,39.67911662000006,0.4631792805652031,8.863997007044725,1.0
Y2018_LAT23.8623_LON90.35378,2018,90.3537838545608,23.86229804845084,14,36.38264469951147,36.638352809272746,1.2380217593218659,30.93240344000003,38.76479627000003,0.39642121072624387,8.692498552934344,1.0
Y2018_LAT23.86247_LON90.36359,2018,90.3635947263993,23.862466437383123,14,37.10710507193191,37.23436250774502,1.171401302557992,33.76936004000004,39.658608500000014,0.41836164963669,8.950902121892314,1.0
Y2018_LAT23.86263_LON90.37341,2018,90.37340568866655,23.862634202412984,14,35.176943549029765,35.468743779591854,1.537804627713622,30.594019460000027,39.86368970000001,0.39644212127942474,8.645200683297329,1.0
Y2018_LAT23.8628_LON90.38322,2018,90.38321674099215,23.862801343461857,14,37.04461404508308,38.21638982195654,3.1171847898270144,30.086443490000022,42.632285900000056,0.37611417921518825,9.601605184024379,1.0
Y2018_LAT23.86297_LON90.39303,2018,90.39302788295696,23.8629678606028,14,36.10960748535009,36.21467112816517,2.170476175365128,29.84889110000006,40.83782540000004,0.38562159893592834,8.559802634365322,1.0
Y2018_LAT23.86313_LON90.40284,2018,90.40283911441058,23.863133753729567,14,37.06464196519367,36.83507983571432,1.1965536963590262,33.405340910000035,40.30803230000001,0.2961043983347042,8.045000211765704,1.0
Y2018_LAT23.8633_LON90.41265,2018,90.41265043480634,23.863299022862698,14,38.50718956460849,38.39223209000002,1.0517925640127026,35.79795490999999,40.989927290000026,0.32104822579122355,8.0,1.0
Y2018_LAT23.86346_LON90.42246,2018,90.4224618439574,23.863463667882602,14,37.293568967271256,37.29788212560979,0.929228479458004,34.946867929999996,39.477453440000005,0.38681336287972484,8.0,1.0
Y2018_LAT23.86363_LON90.43227,2018,90.43227334149971,23.86362768889646,14,35.17740577407076,35.26936588522729,1.4375340698736696,31.34256584000002,39.14419649000001,0.5310712388178728,8.105600496943518,1.0
Y2018_LAT23.86379_LON90.44208,2018,90.44208492704509,23.863791085843058,14,33.700323212669446,33.513864690388345,1.3603633484108975,30.46071668000002,38.06239316000003,0.5851736585278875,8.891004192960905,1.0
Y2018_LAT23.86395_LON90.4519,2018,90.4518966002369,23.863953858680702,14,33.33427304541555,33.14048708525002,1.3185910174380764,30.542749160000028,38.15467970000003,0.6099919393491801,9.202800954357416,1.0
Y2018_LAT23.86412_LON90.46171,2018,90.46170836094092,23.864116007374196,14,33.27177553435124,33.140626169574496,0.9113748557784546,30.97000165999998,37.953016520000006,0.6018864432859384,7.286695466802178,1.0
Y2018_LAT23.86428_LON90.47152,2018,90.47152020851755,23.86427753190479,14,32.031907117884955,32.01476119114265,0.797707744970495,29.585703560000013,34.52474246000003,0.5123360305655771,6.272926547166286,0.7105212161231029
Y2018_LAT23.86709_LON90.11815,2018,90.11815116227423,23.867090571677974,14,35.01422521543479,35.13144101,0.1801947232614583,34.73836871,35.19980141000002,0.681873289031395,6.0,0.0019514609442666995
Y2018_LAT23.86727_LON90.12796,2018,90.12796044213833,23.867274005435014,14,35.809870755020285,35.70092029439133,0.9843713677706237,33.86848262000001,38.117081479999996,0.6497505866121978,7.422834323840664,0.6547826998954818
Y2018_LAT23.86746_LON90.13777,2018,90.13776982052174,23.867456815575864,14,35.70294610330876,35.70091732220001,0.8990034803646713,33.63605726000003,38.33070773000003,0.6475683231680204,7.578395663038417,1.0
Y2018_LAT23.86764_LON90.14758,2018,90.14757929701629,23.867639002098965,14,35.11913988133952,35.10746868054056,0.9473789073039662,32.88238385,37.54798115,0.6459975786538974,7.475398206350831,1.0
Y2018_LAT23.86782_LON90.15739,2018,90.15738887128897,23.867820564877498,14,35.041760301142666,34.797614390000014,1.446568799050468,32.01591578,38.773341319999986,0.6295909250266369,7.984999982352921,1.0
Y2018_LAT23.868_LON90.1672,2018,90.16719854295404,23.868001504038673,14,33.697781351933315,33.70911743750001,0.7344538285389665,31.98173558000002,35.96543789000003,0.627761500958954,6.691796196687982,1.0
Y2018_LAT23.86818_LON90.17701,2018,90.17700831177075,23.868181819529703,14,33.25734106502018,33.11674608800001,0.6290790699898937,31.708293980000008,35.56723856000002,0.5931496382589974,6.968799963294076,1.0
Y2018_LAT23.86836_LON90.18682,2018,90.18681817732688,23.86836151118984,14,33.521267368689685,33.51637841887326,0.71043762039772,31.733929130000007,35.96031086000005,0.6354230086425522,6.469899376352208,1.0
Y2018_LAT23.86854_LON90.19663,2018,90.19662813934337,23.86854057920083,14,33.44563500141027,33.328829846923085,1.0142426625868242,31.445106440000018,36.13121186000001,0.6387107824130991,6.694400914827834,1.0
Y2018_LAT23.86872_LON90.20644,2018,90.20643819746425,23.868719023370055,14,33.5995140271884,33.617827820000024,0.9920560883651739,30.846952940000023,35.82529907000003,0.6026326680434234,6.043800051529472,1.0
Y2018_LAT23.8689_LON90.21625,2018,90.21624835134534,23.868896843680513,14,33.37721225920089,33.35607869675002,1.2513522359845266,31.30667663,36.12779383999998,0.6256824370121531,6.587598338350985,1.0
Y2018_LAT23.86907_LON90.22606,2018,90.22605860070595,23.869074040275994,14,33.623133223229026,33.51623308716983,1.2569439148288806,31.49295872000002,36.61998872000001,0.6270568359799894,6.956492736436407,1.0
Y2018_LAT23.86925_LON90.23587,2018,90.23586894511965,23.869250612942142,14,34.082261197256415,33.923512742000014,1.189983654797974,31.45877852000001,37.7616074,0.6070272051350186,7.163697839644518,1.0
Y2018_LAT23.86943_LON90.24568,2018,90.24567938423829,23.86942656165754,14,33.59461529505517,33.67429635875003,0.8920282869952841,31.011017900000013,36.30553087999999,0.618071249086671,6.983697627879564,1.0
Y2018_LAT23.8696_LON90.25549,2018,90.25548991784117,23.86960188655395,14,34.9511251944742,35.02811627600001,1.3948799761560253,30.833280860000002,40.29606923000003,0.6233690571849158,7.078893312439116,1.0
Y2018_LAT23.86978_LON90.2653,2018,90.26530054560041,23.869776587524374,14,33.982086736448714,33.96639235419357,1.288903319800321,29.50708910000003,39.15274154000002,0.6658307277864877,8.869401022824732,1.0
Y2018_LAT23.86995_LON90.27511,2018,90.27511126701698,23.869950664508774,14,33.440207698538174,33.4038948246154,1.4997041515638145,29.777112680000016,39.30997046000002,0.6948338560396214,9.71870202200238,1.0
Y2018_LAT23.87012_LON90.28492,2018,90.28492208192733,23.870124117585018,14,35.17250821291803,34.71879277727274,2.1425396664245815,30.843534920000025,42.65963006000004,0.6266478072945142,9.200203295074328,1.0
Y2018_LAT23.8703_LON90.29473,2018,90.29473298989551,23.870296946589846,14,35.69058375538241,35.5735863114286,1.3507535684320673,33.32501744000001,39.332187590000046,0.6119309023548523,9.270300318000375,1.0
Y2018_LAT23.87047_LON90.30454,2018,90.30454399062427,23.87046915158999,14,35.71267463362806,35.52919207508198,1.3492595309085333,31.60062635,39.67911662000006,0.6094739764018786,8.923499909999894,1.0
Y2018_LAT23.87064_LON90.31436,2018,90.31435508375876,23.870640732586768,14,36.392180308432636,36.21846810641511,1.5419177576862928,33.21905881999999,43.07321048000006,0.5828809344150288,9.018095379272372,1.0
Y2018_LAT23.87081_LON90.32417,2018,90.32416626902638,23.870811689443677,14,36.32088991771328,36.29682044193551,1.159094048659322,33.88557272000003,39.97648436000003,0.5735812317184293,9.30169800199765,1.0
Y2018_LAT23.87098_LON90.33398,2018,90.33397754591326,23.870982022268148,14,35.664746159840874,35.722473635000014,1.521299661593395,31.97831756000005,41.13006611000003,0.5445652030777607,9.469998199997885,1.0
Y2018_LAT23.87115_LON90.34379,2018,90.34378891438959,23.87115173088338,14,36.006505092918054,35.8283002582927,1.321620287071128,32.484184519999985,39.836345540000025,0.5495471081576287,9.812199116231131,1.0
Y2018_LAT23.87132_LON90.3536,2018,90.3536003738261,23.871320815399113,14,35.56496181822071,35.89516742000002,1.4235114400134747,30.775174520000007,38.49989972000003,0.44276153192888174,8.912699897293997,1.0
Y2018_LAT23.87149_LON90.36341,2018,90.3634119239931,23.871489275819783,14,37.124396441100096,37.207577430909105,1.0309803355346374,34.29231710000002,39.612465230000055,0.3927699293730325,8.94980111741308,1.0
Y2018_LAT23.87166_LON90.37322,2018,90.37322356466466,23.871657111953418,14,37.432894926014555,36.96501885000003,2.07096406716287,32.77300721,41.629097030000025,0.40806280764325303,9.131305323789757,1.0
Y2018_LAT23.87182_LON90.38304,2018,90.3830352954085,23.871824323942175,14,38.16982769684657,38.34349285544305,1.2453897311005855,32.942199200000005,41.17279136000002,0.26568578759385186,9.563001838825693,1.0
Y2018_LAT23.87199_LON90.39285,2018,90.3928471157417,23.87199091166142,14,37.402969311460446,37.408310551917815,1.4316760379081845,32.07231311000004,40.34904854000001,0.27186173370535965,8.411900484588806,1.0
Y2018_LAT23.87216_LON90.40266,2018,90.40265902563314,23.872156875146953,14,37.380156237712555,37.408696835000015,1.4667087793796882,33.936843020000026,42.022169330000025,0.31065269775871973,8.250201177417305,1.0
Y2018_LAT23.87232_LON90.41247,2018,90.41247102454169,23.87232221436768,14,38.39319587626509,38.51881806325584,1.217641419582383,34.44441899,41.083922840000014,0.3080914913751798,7.999099998941175,1.0
Y2018_LAT23.87249_LON90.42228,2018,90.42228311222333,23.872486929276324,14,37.1405098045452,37.11149999600001,1.3111140867712288,34.200030560000016,40.73699381,0.40874393083675586,8.0,1.0
Y2018_LAT23.87265_LON90.4321,2018,90.43209528818458,23.872651019865874,14,36.08367354873109,36.04971344562501,1.390692269779003,32.16972668000005,39.395420960000024,0.5131962059561568,8.0,1.0
Y2018_LAT23.87281_LON90.44191,2018,90.44190755228512,23.87281448604507,14,33.001430640914066,32.703792305000015,1.6450881071289798,30.125750720000042,37.23865034000002,0.6026800105121708,8.831600978354093,1.0
Y2018_LAT23.87298_LON90.45172,2018,90.45171990414154,23.87297732794404,14,33.4379916910245,33.29655174218751,1.1618118049629464,29.78736674000004,37.641976700000015,0.5927983781887107,8.124898970469378,1.0
Y2018_LAT23.87314_LON90.46153,2018,90.46153234339499,23.873139545423033,14,32.80914442507836,32.79735580191014,0.5313474493580195,31.171664840000005,35.33823122000001,0.6203716792079501,7.998053714530053,0.9663901168776116
Y2018_LAT23.8733_LON90.47134,2018,90.471344869614,23.87330113850247,14,32.58174940401264,32.59071281000002,0.5571381097085001,31.47586862000003,33.84284747000004,0.578605443915535,8.25419776119403,0.22345694098028374
Y2018_LAT23.87611_LON90.11795,2018,90.11795131142644,23.876111533173482,14,35.94904544209684,35.94436010000002,0.7460330445305022,34.247882840000045,37.76502542000003,0.6439248226466557,6.309312400806412,0.5074460096281186
Y2018_LAT23.8763_LON90.12776,2018,90.12776126928469,23.876295044659045,14,36.13941073252715,36.2631807785366,0.9939532797913226,33.46686527000003,38.903226080000024,0.642435187038002,6.053400062823613,1.0
Y2018_LAT23.87648_LON90.13757,2018,90.13757132564852,23.876477932361663,14,35.26471830552519,35.17397637000002,1.029155739741406,33.11651821999999,39.29288036000003,0.6369979762998457,6.0,1.0
Y2018_LAT23.87666_LON90.14738,2018,90.14738148013728,23.876660196054146,14,33.983397604957766,33.92301072031252,0.6479170193961206,32.23979609,38.13758960000001,0.6218638109259742,6.173100203647312,1.0
Y2018_LAT23.87684_LON90.15719,2018,90.15719173245301,23.876841835856744,14,34.30053404382127,34.04451065000002,1.2404467904304666,31.93046528000002,39.04678292,0.5174436488112194,6.476298207409679,1.0
Y2018_LAT23.87702_LON90.167,2018,90.1670020822725,23.877022851766043,14,33.9075920361882,33.796057547567585,1.1828813423106075,31.535683970000036,37.71375512,0.6040796571394681,6.554197902107784,1.0
Y2018_LAT23.8772_LON90.17681,2018,90.17681252922719,23.87720324365502,14,33.79787941316752,33.54790082750002,0.967129206235677,31.658732689999994,36.68493110000003,0.6169112337254802,6.397200467294681,1.0
Y2018_LAT23.87738_LON90.18662,2018,90.18662307289256,23.877383011578214,14,34.719294036892904,34.88883279875003,0.9274472949872533,31.790326460000017,36.830196950000015,0.6317485455497802,6.958201127295458,1.0
Y2018_LAT23.87756_LON90.19643,2018,90.19643371310634,23.877562155429512,14,32.91976188413675,32.889280926071464,0.6960559146945486,31.44681545000003,35.444189840000035,0.6187959146423306,7.008904747787066,1.0
Y2018_LAT23.87774_LON90.20624,2018,90.20624444949506,23.877740675279334,14,32.76391759036003,32.51385186546877,0.8563805145039258,31.417762280000034,35.857770260000024,0.6218488340342028,6.000600000705894,1.0
Y2018_LAT23.87792_LON90.21606,2018,90.21605528152162,23.877918571034517,14,32.88725315294637,32.898347557045476,0.621444139250449,31.46390555000002,35.07504368000002,0.6095251541000016,6.0,1.0
Y2018_LAT23.8781_LON90.22587,2018,90.22586620916908,23.87809584263195,14,33.61948291751801,33.57872774272728,0.9742546602138805,31.771527350000042,35.86802432000002,0.6392871434828806,6.009900046588469,1.0
Y2018_LAT23.87827_LON90.23568,2018,90.235677231866,23.87827249018192,14,33.69115051933769,33.61010167062501,0.8813099703974887,31.573282190000015,35.944929770000016,0.6423614000909802,6.7149008410598245,1.0
Y2018_LAT23.87845_LON90.24549,2018,90.24548834936337,23.87844851361341,14,32.61870593011499,32.890017428000014,1.1329013030619335,29.62330178000002,35.00668328000006,0.67030141724735,7.307899185763757,1.0
Y2018_LAT23.87862_LON90.2553,2018,90.25529956130038,23.87862391286281,14,33.98245669546788,33.90595424666668,1.7360529795807966,29.90016140000003,39.050200940000025,0.6729003927411379,9.730803439075032,1.0
Y2018_LAT23.8788_LON90.26511,2018,90.26511086739242,23.878798687852132,14,34.64012457825838,34.63872945255816,1.1460544614780583,31.093050380000022,37.34631797000003,0.6714039479629137,10.261900308118044,1.0
Y2018_LAT23.87897_LON90.27492,2018,90.27492226729622,23.878972838677736,14,34.269882438908986,33.97064761340661,1.410211910948378,31.28104148,40.419117950000015,0.7020135151506807,9.443301698002006,1.0
Y2018_LAT23.87915_LON90.28473,2018,90.28473376062148,23.87914636523858,14,35.3920483690583,35.15259475600001,1.9655113316629425,31.966354490000043,40.89934976000001,0.6431651975998317,7.869499385879469,1.0
Y2018_LAT23.87932_LON90.29455,2018,90.2945453470586,23.879319267580957,14,37.622362771274766,37.51057282000002,1.5638283258670798,34.66488128,42.21528746000001,0.5663808316743583,9.791902108120121,1.0
Y2018_LAT23.87949_LON90.30436,2018,90.30435702627162,23.87949154556289,14,36.83177574534852,36.71334657970151,1.5453381118954952,33.41046793999999,42.07514864000001,0.5835548446226606,9.721698496115893,1.0
Y2018_LAT23.87966_LON90.31417,2018,90.3141687979401,23.87966319926252,14,37.0061184579108,36.83817233000001,1.8017878804159506,33.58820498,42.95699780000001,0.5609107004584587,9.536995468213993,1.0
Y2018_LAT23.87983_LON90.32398,2018,90.32398066170884,23.879834228654786,14,36.17896115292567,35.71644827923079,1.5901842095529417,33.400213880000024,43.95164162000003,0.6140192013319649,9.907899891646945,1.0
Y2018_LAT23.88_LON90.33379,2018,90.33379261725966,23.880004633649552,14,36.78767257123999,36.844801217272746,1.8664833734793518,30.778592540000034,40.98821828000001,0.5410126817224271,10.464400546353609,1.0
Y2018_LAT23.88017_LON90.3436,2018,90.3436046642828,23.880174414292746,14,34.98352500984901,34.78194846500003,2.0670491399068873,29.777112680000016,41.41034375000004,0.39494369211245794,9.865804074372145,1.0
Y2018_LAT23.88034_LON90.35342,2018,90.35341680239053,23.880343570500127,14,34.34460897105764,33.650772934620676,2.3634497172833626,29.650645940000004,40.15422140000001,0.36976032183613267,7.951809728509592,0.866985876580164
Y2018_LAT23.88051_LON90.36323,2018,90.3632290312946,23.880512102303292,14,37.26133870492953,37.52857886000002,1.5540323185385168,31.927047259999995,41.295840080000005,0.4132460990584914,9.390198106115449,1.0
Y2018_LAT23.88068_LON90.37304,2018,90.37304135059024,23.880680009676105,14,39.819085312280535,39.529083531578955,2.6662916068253306,33.23273089999998,45.99219956000002,0.4120940800389709,10.727401070122697,1.0
Y2018_LAT23.88085_LON90.38285,2018,90.38285375999334,23.880847292551543,14,40.29504674218841,40.468679240000014,1.9856939202564468,35.962019870000006,44.56688522000002,0.30583102130127227,9.74199969647027,1.0
Y2018_LAT23.88101_LON90.39267,2018,90.39266625919572,23.881013950935998,14,37.32108418252678,37.288836877560996,1.3145605610629023,31.53739298000005,40.62590816000002,0.29287674116253803,8.633086694604494,0.7674206585644263
Y2018_LAT23.88118_LON90.40248,2018,90.40247884781476,23.881179984723175,14,37.553042965538225,37.450282745000024,1.6340939324910797,34.282063040000025,41.22406166000002,0.3507946290944594,7.9982734923525864,0.5284820770447356
Y2018_LAT23.88135_LON90.41229,2018,90.41229152550925,23.88134539401079,14,37.224211492711085,37.580452340000015,1.6159529810311009,33.42584903000002,40.49089637,0.37501759318882144,8.0,0.7485933137661981
Y2018_LAT23.88151_LON90.4221,2018,90.42210429197655,23.881510178808302,14,35.75607722540601,35.794177098421066,1.3482084019236515,32.71490087000001,38.7528332,0.5036792386474258,8.0,1.0
Y2018_LAT23.88167_LON90.43192,2018,90.43191714687842,23.88167433892366,14,34.94320436633026,34.79638815118647,1.1056620042819092,32.125292419999994,38.761378250000035,0.554396643527709,7.997299987294058,1.0
Y2018_LAT23.88184_LON90.44173,2018,90.44173008984653,23.881837874471696,14,34.39005658060101,34.4509443009091,0.9899752831715425,30.713650160000043,37.21643321000002,0.5739878639653758,8.095400112235426,1.0
Y2018_LAT23.882_LON90.45154,2018,90.45154312062475,23.88200078537362,14,34.22095632835525,33.966768875957456,1.3381891532497714,30.60427352000002,39.07754510000001,0.5894558547630705,7.9951999943529355,1.0
Y2018_LAT23.88216_LON90.46136,2018,90.46135623874355,23.882163071670725,14,33.02770086547462,32.95164372894739,1.4579635441829635,29.57544949999999,37.084839439999996,0.5783537623433023,8.102569894528331,0.6265554745081836
Y2018_LAT23.88495_LON90.10794,2018,90.1079408244057,23.884948269171346,14,36.09540320939396,36.18590018000003,0.43476420654940956,35.19467438000004,36.84216002000005,0.6775457653709333,7.0,0.016936587591240847
Y2018_LAT23.88513_LON90.11775,2018,90.11775136173655,23.885132482546023,14,35.62680358310812,35.641320846374626,0.8985421736926894,32.121874400000024,38.441793380000036,0.6318067201574148,6.630944703570934,0.9541847635538827
Y2018_LAT23.88532_LON90.12756,2018,90.12756199790492,23.88531607182513,14,35.290250498246316,35.36110864931821,1.0119699923165315,32.77129819999999,38.086319300000014,0.5885877050213764,6.150798356698138,1.0
Y2018_LAT23.8855_LON90.13737,2018,90.13737273264519,23.885499036955927,14,35.36512772182451,34.95655232000002,1.551532144586008,32.27568530000002,39.409093040000016,0.5751613107897546,6.132099445173854,1.0
Y2018_LAT23.88568_LON90.14718,2018,90.14718356552991,23.885681377975942,14,35.07680289290759,34.593372703684224,1.7247197034714825,32.41924214000002,40.738702820000015,0.5935929644991023,6.557102621659387,1.0
Y2018_LAT23.88586_LON90.15699,2018,90.15699449619838,23.88586309480321,14,35.71283893520214,35.575715249600016,1.2426675555898152,32.92852712000001,39.451818290000006,0.5526734146831496,7.735201106828698,1.0
Y2018_LAT23.88604_LON90.16681,2018,90.16680552444365,23.886044187363694,14,34.78898899001401,34.735976096000016,1.069318023567757,32.19707084000004,37.50354689000005,0.6139087645364348,7.658404274843628,1.0
Y2018_LAT23.88622_LON90.17662,2018,90.17661664984978,23.886224655768682,14,33.470786036863984,33.110187114772756,1.249289963052729,31.516884860000005,38.03163098000002,0.5805693710382152,6.399601880479425,1.0
Y2018_LAT23.8864_LON90.18643,2018,90.18642787196937,23.88640449980139,14,34.887337988023624,35.0164772219231,1.1468569276996239,31.903121120000037,39.47403542000001,0.6159264675055542,6.226201064475582,1.0
Y2018_LAT23.88658_LON90.19624,2018,90.19623919080364,23.886583719668685,14,34.27575556308953,34.44967748230771,1.0901464145832163,31.650187640000013,36.17393711,0.6150994038261195,6.195198565640293,1.0
Y2018_LAT23.88676_LON90.20605,2018,90.20605060561063,23.886762315116666,14,33.78109817105583,33.954616724000026,1.3627207183774381,30.380393210000022,36.68151308000003,0.6302775880459767,7.429902023068321,1.0
Y2018_LAT23.88694_LON90.21586,2018,90.21586211628791,23.886940286283938,14,33.682144385741395,33.61365024000002,1.0652998616005178,31.663859720000033,37.04382320000002,0.6291435479541598,7.081600384001813,1.0
Y2018_LAT23.88712_LON90.22567,2018,90.22567372246279,23.887117633117875,14,34.141651454688564,34.17299712909093,1.1093561112304062,30.52224104000001,36.69689417000001,0.6386575887794532,6.3618969971623205,1.0
Y2018_LAT23.88729_LON90.23549,2018,90.2354854238705,23.887294355538742,14,33.640025575767176,33.51696624736843,0.8226911681468861,31.79545349,35.98081898000001,0.6445644178274678,6.069395620685257,1.0
Y2018_LAT23.88747_LON90.2453,2018,90.24529721996404,23.887470453492192,14,33.615039939079466,33.60410746288138,0.7604700535464549,31.236607219999996,36.35680118000002,0.6886825942048627,6.276396594807488,1.0
Y2018_LAT23.88765_LON90.25511,2018,90.25510911064741,23.887645927057292,14,33.304587914723825,33.35985215446811,1.2780945382406594,30.334249940000007,36.47301386000004,0.6744780087592637,8.283098979289298,1.0
Y2018_LAT23.88782_LON90.26492,2018,90.26492109546471,23.887820776209647,14,34.8860747482367,34.71010431384617,1.4159072367734316,29.448982760000035,39.15615955999999,0.6233361515722199,8.252791777843617,1.0
Y2018_LAT23.888_LON90.27473,2018,90.27473317411365,23.88799500083301,14,35.23556998343218,35.27234343021278,1.3642437147143078,28.898681539999984,38.72719805000003,0.6975184641720074,9.500204706845643,1.0
Y2018_LAT23.88817_LON90.28455,2018,90.28454534613876,23.888168600941068,14,35.31991854680004,35.388362180000016,0.7232113585953016,32.98663346000001,37.594124420000014,0.6696758242191845,8.256300029647194,1.0
Y2018_LAT23.88834_LON90.29436,2018,90.2943576114211,23.888341576523093,14,35.567547890255085,35.40458681980771,2.058089617561591,31.308385639999983,46.125502340000025,0.6040501193148468,8.564002654130137,1.0
Y2018_LAT23.88851_LON90.30417,2018,90.30416996947874,23.888513927549504,14,35.07884237472118,34.76647243000001,1.4953663752028015,32.6516675,39.95939426000001,0.598715880956903,8.44359267573023,1.0
Y2018_LAT23.88869_LON90.31398,2018,90.31398242003155,23.888685654084437,14,37.553742046749434,36.934760478638594,2.6263703751329537,33.42072200000001,52.51036370000003,0.5161153700273644,9.587596882808855,1.0
Y2018_LAT23.88886_LON90.32379,2018,90.32379496267446,23.888856755916844,14,39.36982397940996,39.59353465769232,2.7399890006376864,32.93194514000004,45.715339940000035,0.4983968847086313,10.812601471065731,1.0
Y2018_LAT23.88903_LON90.33361,2018,90.3336075971591,23.88902723312417,14,35.987944813162876,35.417700185000015,2.607959989132547,30.658961840000018,44.05418222000003,0.4530010839029265,9.964702186833792,1.0
Y2018_LAT23.8892_LON90.34342,2018,90.34342032310458,23.8891970857695,14,33.723701614397356,33.796595114255354,1.171226727708182,30.778592540000034,37.60437848000004,0.30371329720396867,8.441697372693497,1.0
Y2018_LAT23.88937_LON90.35323,2018,90.35323314018162,23.889366313710504,14,33.52805810299056,33.66786657177384,1.0684567199359338,30.023210119999987,37.61121452000003,0.5135407156361612,8.864381146780484,0.3942786069651727
Y2018_LAT23.88953_LON90.36305,2018,90.36304604804593,23.889534916892327,14,38.13385770486519,37.77353319293624,2.4906706760278112,31.858686860000034,46.320329480000055,0.4547148675104719,10.515267968425428,0.8989632374857678
Y2018_LAT23.8897_LON90.37286,2018,90.37285904640676,23.889702895410892,14,40.77638993708669,41.336392859661025,2.1697329101028235,33.34210754000003,46.320329480000055,0.3894362610183527,10.44509974164581,1.0
Y2018_LAT23.88987_LON90.38267,2018,90.38267213493529,23.88987024918704,14,41.92088066374008,41.955295025652184,1.2640058098755702,38.38710506000001,45.94434727999999,0.3425002788757832,10.424673402887787,0.9527892105900274
Y2018_LAT23.89004_LON90.39249,2018,90.39248531317736,23.890036978215416,14,37.62023978349297,38.031630980000045,1.9370480242090646,33.27032912000004,42.35542628000002,0.36635882465841973,10.513005824725909,0.3523629857809639
Y2018_LAT23.89037_LON90.41211,2018,90.41211193769273,23.890368561872727,14,34.07360946968282,34.04792867000003,0.14989494308954696,33.99836737999999,34.44954602000004,0.363193203242673,8.0,0.0021191837427827404
Y2018_LAT23.89053_LON90.42193,2018,90.42192538342933,23.890533416443915,14,34.09095168746527,34.04249645964287,0.6400200791980312,32.71490087000001,38.40932219000001,0.612787206155349,8.0,0.27175157515751497
Y2018_LAT23.8907_LON90.43174,2018,90.4317389174173,23.89069764620837,14,34.21191319222584,34.14982839125002,0.6485083492571218,32.56108997000004,36.10386770000002,0.5824681053450688,8.0,0.91217977560188
Y2018_LAT23.89086_LON90.44155,2018,90.44155253969976,23.890861251127227,14,33.58716015875087,33.60850546327105,0.6167054643991603,30.978546710000018,35.66294312000002,0.5808537990570232,7.900099529880141,1.0
Y2018_LAT23.89102_LON90.45137,2018,90.45136624966206,23.891024231067785,14,33.22472188049302,33.26734559406782,0.9485808181473082,29.91725150000002,35.49033311000002,0.6123895928519884,8.14070066212076,1.0
Y2018_LAT23.89119_LON90.46118,2018,90.46118004702986,23.891186586033598,14,31.621221870317925,31.92687220656982,1.2055680433280658,28.874755400000026,34.441000970000005,0.6513314637284003,8.316418574184363,0.6008217822854631
Y2018_LAT23.89397_LON90.10774,2018,90.10774009725942,23.893969128205097,14,34.8993592583492,34.82622681107499,0.721039288031666,32.83965860000001,37.573616300000026,0.6535157846802616,7.0,0.46251092486953665
Y2018_LAT23.89415_LON90.11755,2018,90.11755131324067,23.894153419720762,14,34.90984457740711,34.88933126000002,1.2258031373696916,31.045198099999993,38.53749793999998,0.5704187715701979,6.503199415528719,1.0
Y2018_LAT23.89434_LON90.12736,2018,90.12736262809105,23.894337086837012,14,34.95173883740712,34.88752886147542,1.021399999596412,32.472221450000006,38.086319300000014,0.5723882826194591,6.677499620587786,1.0
Y2018_LAT23.89452_LON90.13717,2018,90.13717404147403,23.894520129493834,14,35.77678982737961,35.72874000500002,1.131427324570572,31.97831756000005,38.37001496000005,0.5526134431246817,6.825801533183689,1.0
Y2018_LAT23.8947_LON90.14699,2018,90.14698555298556,23.894702547736294,14,36.35408810935896,36.26382035468751,0.9497710012836357,34.316243240000006,39.70987880000001,0.5716660465489937,7.068901257530886,1.0
Y2018_LAT23.89488_LON90.1568,2018,90.15679716250132,23.894884341569774,14,35.95459191670603,35.952791216000016,1.0246731492092411,33.12335426000004,39.15957758000002,0.6257355661322965,7.365400429882854,1.0
Y2018_LAT23.89507_LON90.16661,2018,90.16660886945022,23.895065510912552,14,34.61884149807965,34.86563298800004,1.623501391970807,31.85185082000001,38.32558070000002,0.5934813692425279,6.726801067299148,1.0
Y2018_LAT23.89525_LON90.17642,2018,90.17642067357016,23.895246055750324,14,35.43350674359303,35.45301972500001,1.2445247715812797,32.32695560000002,38.69301784999999,0.6276097349835904,6.459300540353573,1.0
Y2018_LAT23.89543_LON90.18623,2018,90.1862325746454,23.8954259761038,14,34.82253118394447,34.92089097800003,1.3241012519183673,31.961227460000032,37.93934444000004,0.610813731021243,6.048300056823594,1.0
Y2018_LAT23.89561_LON90.19604,2018,90.19604457221276,23.895605271762815,14,33.01272899533332,32.80206038000003,0.9606769671536673,31.460487530000023,35.498878160000004,0.6187165478439309,6.815799133172401,1.0
Y2018_LAT23.89578_LON90.20586,2018,90.20585666596777,23.895783942944398,14,34.521793129506776,34.325388752973005,1.0625108635319802,32.17998074000002,37.70008303999998,0.6329801687354208,7.5925995207053125,1.0
Y2018_LAT23.89596_LON90.21567,2018,90.21566885557635,23.895961989555126,14,35.18557418660212,35.115316872173935,1.1486598336447449,32.135546480000016,39.07412708000004,0.6114041267042019,6.955698771410319,1.0
Y2018_LAT23.89614_LON90.22548,2018,90.22548114066961,23.896139411474614,14,35.00041981130951,34.825345111785744,1.1123318842139538,31.733929130000007,38.065811180000026,0.6427398413988147,7.351996950573896,1.0
Y2018_LAT23.89632_LON90.23529,2018,90.23529352093622,23.896316208777705,14,34.709655848524605,34.53017270145163,1.3015786854771014,31.332311780000026,39.59366612000002,0.6159539188635308,7.525099441293452,1.0
Y2018_LAT23.89649_LON90.24511,2018,90.24510599617967,23.8964923814273,14,34.92951230381985,34.703049170000014,1.2679672927913301,31.83476072000002,38.76308726000002,0.6824488047790531,8.771103260121475,1.0
Y2018_LAT23.89667_LON90.25492,2018,90.25491856583866,23.896667929349793,14,34.44097132959533,34.67367047428573,1.2272942992558877,30.40602836000005,37.14636380000002,0.6471240344723937,10.184010277695434,1.0
Y2018_LAT23.89684_LON90.26473,2018,90.26473122968088,23.896842852513508,14,36.12688309744654,36.11132519818184,1.3539940855219301,31.72709309000001,39.37491283999998,0.6068432991677245,9.77919974023499,1.0
Y2018_LAT23.89702_LON90.27454,2018,90.27454398737359,23.897017150956458,14,35.16202267610903,35.03060942000002,1.4402216912418269,30.81960878000001,39.17666768000004,0.6794144104382793,8.69429964035252,1.0
Y2018_LAT23.89719_LON90.28436,2018,90.28435683861467,23.897190824658555,14,35.56240014695639,35.64544050034484,1.0423963562238325,32.43120521000003,39.32876957000002,0.652806536328955,8.876501771773045,1.0
Y2018_LAT23.89736_LON90.29417,2018,90.29416978297067,23.89736387356079,14,35.23575114315244,35.344832125451276,1.85371709279728,31.863813890000017,41.849559320000026,0.6168790342332898,8.565800665647842,1.0
Y2018_LAT23.89754_LON90.30398,2018,90.30398282021284,23.897536297686035,14,34.63824758846245,34.40945858978264,1.5383172380216967,29.958267739999997,41.331729290000055,0.6352335720972349,9.039600046588294,1.0
Y2018_LAT23.89771_LON90.3138,2018,90.31379594996622,23.897708096862914,14,36.55178171542776,36.156462482750015,1.9813461468121605,32.45000432000003,45.040280990000014,0.6133637735972383,9.58779806022617,1.0
Y2018_LAT23.89788_LON90.32361,2018,90.32360917178374,23.897879271231613,14,39.41510578658576,39.03595919000002,2.3437629560270996,34.887052580000045,49.54010432000004,0.4525390642957567,8.805497418232253,1.0
Y2018_LAT23.89805_LON90.33342,2018,90.33342248558723,23.89804982073345,14,36.51777806587999,36.70667350500002,3.2264990530958424,29.55835940000003,45.71363093000002,0.34916292037715657,9.216600254823831,1.0
Y2018_LAT23.89822_LON90.34324,2018,90.34323589076368,23.89821974529185,14,33.8640272831967,33.549181782647906,1.2658694147936747,31.72709309000001,38.24013020000001,0.5584195755532255,9.127097497611325,0.904118684362707
Y2018_LAT23.89839_LON90.35305,2018,90.35304938721862,23.898389044927477,14,32.84448961500896,32.438041250000026,0.949113792258197,31.78690844000002,34.709315540000034,0.46410193349011597,9.775123645164681,0.033798899570711645
Y2018_LAT23.89856_LON90.36286,2018,90.36286297439925,23.898557719634137,14,37.18959928540291,38.02821296000002,2.3172818633350722,33.38654180000003,41.083922840000014,0.493631205852497,10.990684676292501,0.0076051957620604516
Y2018_LAT23.89873_LON90.37268,2018,90.37267665208984,23.898725769381308,14,37.66836235574565,37.696665020000005,2.2948586456856277,33.10284614,43.34152505000003,0.40151635900561744,10.106237176856796,0.17485201793721966
Y2018_LAT23.89889_LON90.38249,2018,90.38249041997798,23.898893194068872,14,40.481054866394004,41.529119945000026,3.0520972851019823,32.501274620000004,45.15136663999999,0.3511938692959401,10.808225142495248,0.3668413945316468
Y2018_LAT23.89972_LON90.43156,2018,90.43156059992621,23.899720941693886,14,34.66657864481217,34.58327605250001,0.689910493713824,33.68390954000003,37.32410084000003,0.6122445259524534,8.0,0.07742873846768102
Y2018_LAT23.89988_LON90.44137,2018,90.44137490170039,23.89988461582515,14,33.72768336211513,33.394574147000014,1.1939814116446925,31.831342699999993,38.255511290000015,0.6115471976295861,7.9983307913358255,0.5514317582128017
Y2018_LAT23.90005_LON90.45119,2018,90.45118929121746,23.900047664867294,14,32.75058330014765,32.713384221768784,0.4149930770586131,31.79203547000003,34.09065392000002,0.6194663828517452,8.0,0.1485763682532821
Y2018_LAT23.90021_LON90.461,2018,90.46100376822567,23.900210088743844,14,31.49516754098509,32.04519834731544,1.1449968603413903,29.223393439999995,32.381643920000016,0.6432665460198266,8.241240666283744,0.03725697899613738
Y2018_LAT23.90262_LON90.08792,2018,90.0879157791817,23.902619362338964,14,36.232992382460374,36.35851019000003,0.46308834550831823,34.87167149000001,37.03869617000004,0.6695827982500121,7.966551040634291,0.014345937568868348
Y2018_LAT23.9028_LON90.09773,2018,90.09772747523351,23.902804981100473,14,35.476645631726626,35.61027453909093,0.9640831024953224,32.972961380000015,37.66248482000003,0.6612883259861624,8.062516485023686,0.6815586619495524
Y2018_LAT23.90299_LON90.10754,2018,90.10753927088368,23.902989975253977,14,34.492460149007435,34.54540594454547,0.9995396595808979,30.91531334000001,36.459341780000045,0.6271930573310379,6.989597699306176,0.9939782721891811
Y2018_LAT23.90317_LON90.11735,2018,90.117351165922,23.90317434474127,14,34.85420403411635,34.855969960625025,0.8416710987085236,32.24834113999998,36.67809506000003,0.6124346768252026,6.736599690117292,1.0
Y2018_LAT23.90336_LON90.12716,2018,90.12716315965166,23.903358089657306,14,35.154082145879904,35.110932890000015,1.0086291310996358,32.64141344000001,38.472555560000046,0.6014696402950561,6.332199214352026,1.0
Y2018_LAT23.90354_LON90.13698,2018,90.1369752521041,23.903541209896854,14,34.969851548560285,34.95634516727276,0.8530573925206847,33.06524792000005,37.7616074,0.6134755901230058,6.988899947764473,1.0
Y2018_LAT23.90372_LON90.14679,2018,90.1467874426553,23.903723705491075,14,35.074479959372425,34.983326810000015,1.0765147856497204,32.23466905999999,38.19911395999998,0.5781699030447436,6.833499804117424,1.0
Y2018_LAT23.90391_LON90.1566,2018,90.15659973118292,23.903905576283538,14,35.33788399299272,35.48272525903228,1.1639653061777313,32.774716220000016,37.90858226,0.6329532532403375,7.417300490941777,1.0
Y2018_LAT23.90409_LON90.16641,2018,90.16641211728204,23.904086822344457,14,35.93208836324615,35.98234106703128,1.1281197780773478,32.45342234000003,38.56484210000002,0.6360487676098252,7.440702073892151,1.0
Y2018_LAT23.90427_LON90.17622,2018,90.17622460057586,23.904267443610873,14,35.28047538831044,35.331006768636385,1.1500319575050888,32.031296870000006,38.87929994000001,0.6405999843972097,6.425799324469795,1.0
Y2018_LAT23.90445_LON90.18604,2018,90.1860371806879,23.904447440139403,14,35.45809532680753,35.36006857000003,1.1295252291975717,32.37480788000005,38.55117002000003,0.647541206647418,6.529299446234645,1.0
Y2018_LAT23.90463_LON90.19585,2018,90.19584985746877,23.90462681183442,14,34.800690393267004,35.13735681384616,1.2281522307853976,32.08085816000005,37.92567236000002,0.6392485438188462,7.0,1.0
Y2018_LAT23.90481_LON90.20566,2018,90.20566263040952,23.904805558711846,14,35.70596056279943,35.80010974869568,1.2343929966752618,32.17998074000002,39.140778470000015,0.6112706748454652,6.666399607528961,1.0
Y2018_LAT23.90498_LON90.21548,2018,90.21547549931775,23.90498368072012,14,38.225846699841895,38.53454989775002,1.9007883682999345,32.16630866000003,42.604941740000015,0.4941362667875169,6.743799698587874,1.0
Y2018_LAT23.90516_LON90.22529,2018,90.22528846370547,23.905161177852765,14,37.332329798065444,37.15012362200002,1.7972314932396725,32.54399986999999,42.83053106,0.539719366000877,6.601598125167662,1.0
Y2018_LAT23.90534_LON90.2351,2018,90.23510152327206,23.905338050015168,14,36.4591855742917,36.27580205488375,1.6182513609994353,32.856748700000026,43.23727544000002,0.5902630787215644,6.881199860235133,1.0
Y2018_LAT23.90551_LON90.24491,2018,90.24491467776171,23.905514297304098,14,36.31031252269401,36.166575220769246,2.100776562027389,31.858686860000034,46.25196907999998,0.6028284811376932,7.850098647174886,1.0
Y2018_LAT23.90569_LON90.25473,2018,90.25472792682538,23.90568991954032,14,37.8943862493548,37.72077105578949,2.0114229466169706,32.77300721000003,43.98923983999998,0.5475533049490904,9.758703570369768,1.0
Y2018_LAT23.90586_LON90.26454,2018,90.26454127009222,23.90586491690071,14,37.61145203446814,37.28319031195879,1.4487491446849192,34.66488128,43.29709079000003,0.5994287181668667,9.57390067517728,1.0
Y2018_LAT23.90604_LON90.27435,2018,90.27435470717882,23.906039289197267,14,37.052806412531204,37.013061020000016,1.0921610937882416,33.24640298000003,40.80022717999998,0.6264587278611106,9.250599118351936,1.0
Y2018_LAT23.90621_LON90.28417,2018,90.28416823786657,23.906213036451277,14,38.232547841874016,37.777736181875014,1.523228494233242,34.45638206000001,43.469700800000055,0.5819816641074502,9.795801392006576,1.0
Y2018_LAT23.90639_LON90.29398,2018,90.29398186171044,23.9063861586221,14,37.9591383095945,38.279315357857165,2.9122681434398374,30.55983925999999,45.82129856000006,0.505190496818657,8.480099388352212,1.0
Y2018_LAT23.90656_LON90.3038,2018,90.30379557837136,23.906558655724737,14,39.31353300812991,39.333623158400016,2.7281775505419916,31.31693069000002,45.00951881000003,0.49404522737801143,8.506100595412477,1.0
Y2018_LAT23.90673_LON90.31361,2018,90.31360938772924,23.906730527740624,14,38.67919082439252,38.65172972204548,2.3483239889833047,34.27180898000006,45.61279934000001,0.5379075913025814,8.923704346844,1.0
Y2018_LAT23.9069_LON90.32342,2018,90.32342328917473,23.90690177465683,14,38.427991181857436,38.27127216000003,2.0725660610233514,32.873838800000044,44.97704762000001,0.43604666566176326,8.944101110707201,1.0
Y2018_LAT23.90707_LON90.33324,2018,90.333237282474,23.90707239642108,14,31.751798147409424,31.236607220000025,2.4575186051201046,27.772443949999996,37.43005946000005,0.26439147538833013,8.533301803884505,1.0
Y2018_LAT23.90724_LON90.34305,2018,90.34305136728841,23.907242392934382,14,32.64302444328339,32.96783435000001,1.843333657765743,28.015123369999998,36.00816314000002,0.4386755747415814,7.700162366194339,0.8552031664913102
Y2018_LAT23.90741_LON90.35287,2018,90.35286554337758,23.90741176433192,14,34.12484090852037,33.83088440000003,1.15819959032396,32.735408990000025,35.93296670000001,0.5542601218230676,7.679245283018868,0.003562117744440167
Y2018_LAT23.91127_LON90.06809,2018,90.06808904464485,23.911266771038225,14,37.63417013025168,36.861386382500015,3.108311003718908,33.87360965000002,49.42047362000005,0.5165579313346385,6.303412274000517,0.6831248278561378
Y2018_LAT23.91145_LON90.0779,2018,90.07790121976794,23.911453717955496,14,36.2663621943148,36.090847820384475,1.4274285464091367,33.84284747000004,42.194779340000025,0.5232701730678144,7.165490294301839,0.7179438304483686
Y2018_LAT23.91164_LON90.08771,2018,90.08771349513708,23.911640040153838,14,36.00441787283052,35.595095423000025,1.6817410925853908,32.860166719999995,43.792703690000025,0.583822312835287,6.225890243253325,0.6759348206993543
Y2018_LAT23.91183_LON90.09753,2018,90.09752587049503,23.911825737522538,14,35.40003077010635,35.33054067500002,1.2683264422812763,32.01249776000003,39.51846968000001,0.6153836700572466,6.502897660694859,1.0
Y2018_LAT23.91201_LON90.10734,2018,90.10733834536826,23.912010810066647,14,35.04804256214388,35.07675269000002,1.37390892992097,32.15947262000003,38.22645812000002,0.5966715292990561,6.332398034814274,1.0
Y2018_LAT23.9122_LON90.11715,2018,90.11715091963796,23.91219525767759,14,33.387050271069135,32.952719106000025,1.2979677578077937,31.369910000000004,37.56678026000003,0.5865021369031329,6.297499047054326,1.0
Y2018_LAT23.91238_LON90.12696,2018,90.12696359272061,23.912379080422376,14,34.84328420972632,34.5890633818182,1.6554533155340179,30.964874630000025,40.28923319000003,0.537090208932478,6.1501983538745915,1.0
Y2018_LAT23.91256_LON90.13678,2018,90.13677636446604,23.91256227816318,14,35.47074906007671,35.48626164500002,0.8858071680175038,31.85185082000004,37.81971374,0.5883422362222809,6.569497974108098,1.0
Y2018_LAT23.91274_LON90.14659,2018,90.14658923438279,23.912744850967222,14,34.89939586027036,34.326239777945226,2.7717550425961965,32.30986550000003,51.62167850000003,0.5963455463020515,6.582295681391427,1.0
Y2018_LAT23.91293_LON90.1564,2018,90.15640220232353,23.912926798802285,14,37.083547778237644,37.10124593600002,2.1289724588110093,33.08575603999998,43.55856932000006,0.5556194431219996,7.771698925641978,1.0
Y2018_LAT23.91311_LON90.16622,2018,90.16621526782451,23.91310812164641,14,36.917497544465895,36.27354797857144,2.2974481108198592,32.57305303999999,44.211411139999996,0.5670882753625289,7.475597532223673,1.0
Y2018_LAT23.91329_LON90.17603,2018,90.17602843061668,23.91328881945634,14,36.09729672869831,35.775676743928585,1.9857053284369348,32.87042078000002,45.67774172000003,0.61916456546579,7.200496237629331,1.0
Y2018_LAT23.91347_LON90.18584,2018,90.18584169027079,23.91346889219602,14,36.396149492783096,36.284278240792105,1.4418762238968996,32.84136761000002,42.56050748000001,0.6147456190558827,6.845799274349508,1.0
Y2018_LAT23.91365_LON90.19566,2018,90.19565504647575,23.913648339915518,14,35.332177085913536,35.36050175656251,1.1649432829090265,32.60039720000003,38.61611240000002,0.6203447152951795,6.9501997656459595,1.0
Y2018_LAT23.91383_LON90.20547,2018,90.20546849904862,23.91382716245591,14,35.00313968939657,34.59110295468087,1.4395716066214452,31.97660855000001,40.40373685999998,0.584281616241038,6.135995934098505,1.0
Y2018_LAT23.91401_LON90.21528,2018,90.21528204750622,23.914005359878427,14,37.64107642548622,38.209547915789486,2.2152984840110808,31.99882567999998,43.46628278000003,0.4875367843816395,6.883299450820954,1.0
Y2018_LAT23.91418_LON90.2251,2018,90.2250956914889,23.914182932130917,14,37.8299901418923,37.552303940000016,3.220570610830231,31.53739298000005,53.38195880000001,0.4815568686426841,6.835599226349301,1.0
Y2018_LAT23.91436_LON90.23491,2018,90.23490943068923,23.91435987920369,14,37.798834801286354,37.781338697272744,1.9475115379231773,33.560860820000016,42.67330214000003,0.5023986805517153,6.896799514350645,1.0
Y2018_LAT23.91454_LON90.24472,2018,90.24472326485738,23.914536201057746,14,37.79705090613683,37.32026965274727,2.7208263771747703,32.94732622999999,50.99618084000002,0.5393006063142788,8.279294255502345,1.0
Y2018_LAT23.91471_LON90.25454,2018,90.25453719364454,23.914711897814605,14,37.01752389744018,37.091612955243924,1.6505409563243114,31.872358940000026,41.57611772000004,0.524453240604589,9.444199737410505,1.0
Y2018_LAT23.91489_LON90.26435,2018,90.26435121660649,23.91488696920912,14,37.118267989737575,37.01673539150002,1.2889279636473405,33.35577962000002,41.17279136000002,0.5875746449464673,9.102498129402928,1.0
Y2018_LAT23.91506_LON90.27417,2018,90.27416533338909,23.915061415381363,14,36.584302408643126,36.600219631351365,1.5403108185176324,31.619425460000002,41.16595532000002,0.615653230049408,9.548300227295165,1.0
Y2018_LAT23.91524_LON90.28398,2018,90.2839795439219,23.915235236192398,14,36.78356209805026,36.79885544457629,1.1463378596295826,33.48566438,40.30461428000001,0.5702910566469462,7.278793076673295,1.0
Y2018_LAT23.91541_LON90.29379,2018,90.2937938475782,23.91540843172261,14,37.63368849128449,37.21734468200002,2.1461986627106975,33.96076916000004,45.079588220000005,0.5330213729647737,7.021395394801868,1.0
Y2018_LAT23.91558_LON90.30361,2018,90.3036082440733,23.915581001930963,14,39.97131165096359,40.46509031900003,2.29406197845842,35.42368171999999,45.161620700000014,0.4578945269654093,6.56079793316673,1.0
Y2018_LAT23.91575_LON90.31342,2018,90.31342273328266,23.91575294669763,14,42.873222411124374,43.47093710510641,2.914963476875019,32.757626120000026,48.27885494,0.37761392589093734,7.738303474369274,1.0
Y2018_LAT23.91592_LON90.32324,2018,90.32323731461811,23.915924266097917,14,38.938344922974096,39.28661399000001,2.9520219989104675,31.629679520000025,45.35302982000002,0.46728460291445956,8.108805217906902,1.0
Y2018_LAT23.91609_LON90.33305,2018,90.33305198782428,23.916094960058114,14,33.313894869094455,32.782369612608726,2.4978313825915355,29.27808176000002,40.755792920000005,0.2965366630271451,8.076602713424528,1.0
Y2018_LAT23.91627_LON90.34287,2018,90.34286675264342,23.91626502868802,14,33.42999678059795,33.76489032153847,1.4373216700381435,29.756604560000028,36.16197404000002,0.4085267981010332,7.03519898917172,1.0
Y2018_LAT23.91643_LON90.35268,2018,90.35268160867729,23.916434471708154,14,34.36631948075348,34.34016938000002,0.9608919909428917,32.55938096000003,36.00474512000005,0.55590964198984,7.1971456555198,0.05123591317064765
Y2018_LAT23.92029_LON90.06789,2018,90.06788530164413,23.92028727869885,14,34.44541355657685,34.48406802200001,0.8635766142803806,31.352819899999986,36.59606258000002,0.6486662006109511,7.261282950730258,0.38373788334812914
Y2018_LAT23.92047_LON90.0777,2018,90.077698156294,23.920474304845623,14,34.91443593246549,34.91917419977275,1.161432971632589,31.501503770000028,37.689828980000016,0.627991145639056,8.246387714520848,1.0
Y2018_LAT23.92066_LON90.08751,2018,90.08751111119,23.92066070591179,14,36.005871282512146,35.967330947230785,1.6952290840044748,32.65679453000001,41.95209992000002,0.5255445322664922,7.9933999922352825,1.0
Y2018_LAT23.92085_LON90.09732,2018,90.09732416609907,23.920846481884332,14,35.306196250289254,35.59398828173913,1.6707159646705552,30.315450830000003,39.39883898000002,0.5608793560253771,7.231801449178177,1.0
Y2018_LAT23.92103_LON90.10714,2018,90.10713732055757,23.921031632657122,14,36.21711677985513,35.81682238040001,2.8934892265654355,31.961227460000032,52.25743022000006,0.48918492534129104,6.390901839538071,1.0
Y2018_LAT23.92122_LON90.11695,2018,90.11695057441325,23.921216158393985,14,35.19669361187075,34.94519936994085,1.9820242357079318,32.21074292000003,51.02010698000004,0.5951224367808797,6.498900586941861,1.0
Y2018_LAT23.9214_LON90.12676,2018,90.12676392713566,23.92140005884229,14,36.575486481534114,36.220168777068984,1.6882623132288244,33.41730398000004,43.70554418000003,0.5667423373161771,6.2289002692944315,1.0
Y2018_LAT23.92158_LON90.13658,2018,90.13657737857478,23.9215833342621,14,35.42958057069658,35.57950114721653,0.8417675296216801,32.56450799000001,37.78211552000005,0.6059646602222131,6.539497832930983,1.0
Y2018_LAT23.92177_LON90.14639,2018,90.14639092827193,23.921765984405067,14,36.6786300390668,35.950497834838714,3.233758979528518,32.91485504000002,51.53964602000002,0.5351176247914644,6.858198656704296,1.0
Y2018_LAT23.92195_LON90.1562,2018,90.15620457582648,23.92194800928787,14,37.706505762482365,37.90911632562501,2.5937062554878665,32.873838800000044,48.27885494000003,0.4731739729319215,7.190397871056314,1.0
Y2018_LAT23.92213_LON90.16602,2018,90.16601832120915,23.92212940888181,14,37.20957160711133,37.033080851428586,2.4096333840241932,32.99346950000006,48.88213547000001,0.5029225995493787,7.945495037623712,1.0
Y2018_LAT23.92231_LON90.17583,2018,90.17583216369981,23.922310183155794,14,36.01467444560136,36.015599642973,1.2471581082847807,32.94903524000006,39.309970460000045,0.6367782291435418,8.569499493528813,1.0
Y2018_LAT23.92249_LON90.18565,2018,90.18564610319386,23.922490332086976,14,35.9284192422167,35.9829777294737,1.0360244242723136,33.054993860000025,38.58535022000004,0.631839839012795,7.902101061295365,1.0
Y2018_LAT23.92267_LON90.19546,2018,90.19546013933515,23.9226698557382,14,34.92905718333556,34.78117941050002,1.6357293537372684,32.10820232000003,41.097594920000006,0.6326167511839745,6.913599593409855,1.0
Y2018_LAT23.92285_LON90.20527,2018,90.20527427173054,23.9228487540319,14,37.199813747780496,36.64808057187502,2.606677028416703,32.93878117999998,45.780282320000026,0.5533465060564946,6.940599930117562,1.0
Y2018_LAT23.92303_LON90.21509,2018,90.21508850007542,23.923027026920437,14,36.98424817529016,36.96742040000001,2.454491800685223,31.369910000000004,43.322725940000055,0.5592787473083137,7.144600170117847,1.0
Y2018_LAT23.9232_LON90.2249,2018,90.22490282402647,23.92320467436388,14,35.58996867287681,35.09290767132078,1.8718540645489015,30.84524392999998,40.85833352000003,0.5530221586597555,7.50610238165827,1.0
Y2018_LAT23.92338_LON90.23472,2018,90.23471724324217,23.923381696428333,14,36.34613275294788,35.90448320000001,1.8032610230093984,31.462196540000036,43.39450436000004,0.55802385722768,7.08580010094129,1.0
Y2018_LAT23.92356_LON90.24453,2018,90.24453175737668,23.923558092970506,14,35.038862361645954,34.83955634375002,1.5806967861493444,31.81767062000003,41.179627400000015,0.5726120389238605,7.539697105526007,1.0
Y2018_LAT23.92373_LON90.25435,2018,90.25434636615259,23.92373386398265,14,37.236715998986995,37.34197971384617,2.1798634832866894,29.749768520000032,42.08369369000002,0.5098548206207205,9.060995581155678,1.0
Y2018_LAT23.92391_LON90.26416,2018,90.26416106922473,23.92390900955616,14,38.03134537393405,38.273455895000026,2.395215339809252,31.544229020000017,43.314180890000046,0.43897310578292686,7.523197086114216,1.0
Y2018_LAT23.92408_LON90.27398,2018,90.27397586614127,23.92408352950021,14,37.34576121610962,37.40210493928574,2.1886904541555476,32.653376510000044,41.79828902,0.496553636891938,6.310196835525685,1.0
Y2018_LAT23.92426_LON90.28379,2018,90.28379075666041,23.9242574239903,14,37.71636114129466,37.54338818562502,1.6490811122242022,33.26349307999999,42.51949123999998,0.5222567655835086,7.145595979275205,1.0
Y2018_LAT23.92443_LON90.29361,2018,90.29360574054748,23.924430692810738,14,36.344096505349356,35.85077400031252,2.1111382024987386,32.740536020000036,41.63080604000001,0.5882707765681172,6.5634994864699845,1.0
Y2018_LAT23.9246_LON90.30342,2018,90.30342081726704,23.924603336033616,14,40.66928837980533,40.98087959000002,2.1777204249688613,35.469824990000006,48.150679190000005,0.4078804411848862,6.033900039882399,1.0
Y2018_LAT23.92478_LON90.31324,2018,90.31323598660447,23.924775353675173,14,39.51861940204422,39.940936952000015,2.8870260726488723,32.15434559000002,48.150679190000005,0.4446998136858955,6.000900004235317,1.0
Y2018_LAT23.92495_LON90.32305,2018,90.32305124818397,23.924946745615596,14,37.499333087657945,36.59729407250002,2.30040408537704,34.19832155000003,44.12596064000002,0.5712232198816076,7.541101813060954,1.0
Y2018_LAT23.92512_LON90.33287,2018,90.33286660165298,23.925117511913353,14,34.122923810501746,34.09120080320002,2.034546003129638,29.814710900000023,41.46161404999998,0.3442898426452057,8.028800033882394,1.0
Y2018_LAT23.92529_LON90.34268,2018,90.34268204675328,23.925287652394083,14,33.89115383207263,34.01402191160002,1.049854334305927,29.766858619999994,35.874860360000014,0.4847670085307298,7.943402086598058,1.0
Y2018_LAT23.92546_LON90.3525,2018,90.35249758312685,23.925457167268462,14,33.68398323533816,33.88329404000003,1.1563821908569334,31.06570622000004,36.172228099999984,0.3352574796050078,7.003315161337851,0.14579134102113364
Y2018_LAT23.92931_LON90.06768,2018,90.06768145807496,23.92930777409205,14,34.42289879988058,34.39733902456746,0.7356488214559701,32.64141344000001,36.285022760000004,0.6680341725581429,6.361293472953176,0.5976135663564737
Y2018_LAT23.92949_LON90.07749,2018,90.0774949924864,23.92949487938198,14,34.17732135249341,34.35854995693879,0.9676231695035449,30.89309621000004,36.40123544000005,0.6457806953599518,7.029175900105692,1.0
Y2018_LAT23.92968_LON90.08731,2018,90.08730862722784,23.929681359316312,14,34.92799424876897,34.970930013977295,1.2043367688772328,31.13919364999998,42.02900537000002,0.6294682318034946,8.243600286588586,1.0
Y2018_LAT23.92987_LON90.09712,2018,90.09712236206408,23.929867213915298,14,35.18815362255707,35.3933054454839,1.0537697842536438,32.34062768000001,38.04188504000001,0.6111584738383966,7.805102123649576,1.0
Y2018_LAT23.93005_LON90.10694,2018,90.10693619646736,23.930052443185215,14,34.59116548497744,34.5785434094231,0.6532604641773072,31.486122679999994,36.25255157000001,0.6177531409867051,7.694605621673534,1.0
Y2018_LAT23.93024_LON90.11675,2018,90.11675013023752,23.930237046970703,14,34.65308254658444,34.76327142714287,0.8729003780497349,32.42949620000002,36.61998872000004,0.6292250688977391,6.780399741646756,1.0
Y2018_LAT23.93042_LON90.12656,2018,90.12656416296012,23.930421025382827,14,35.00861295763089,35.16928337428573,0.9654062668642022,32.34746372000001,37.149781820000044,0.63337655656645,6.918001080001277,1.0
Y2018_LAT23.9306_LON90.13638,2018,90.13637829441423,23.930604378231934,14,35.235875320617126,35.33399584739133,0.9330987702244183,32.52178274000002,37.71717314,0.6217025599203787,6.6351029887199635,1.0
Y2018_LAT23.93079_LON90.14619,2018,90.14619252409949,23.930787105600274,14,35.07790610421663,35.203374794545475,1.0771865504137044,31.412635249999994,37.443731540000044,0.5451122257555895,6.849600999530598,1.0
Y2018_LAT23.93097_LON90.15601,2018,90.15600685182127,23.93096920750875,14,36.505926656693035,36.280802551632675,1.6022283672691013,33.67023746000001,41.78461693999998,0.5577772987224412,6.7080008329421705,1.0
Y2018_LAT23.93115_LON90.16582,2018,90.16582127721317,23.93115068394927,14,35.5793309584325,35.64311860400002,0.9504363065486789,32.769589190000005,38.475973580000016,0.6083034773089154,6.860996992927045,1.0
Y2018_LAT23.93133_LON90.17564,2018,90.17563579985985,23.931331534791155,14,35.42508126210519,35.39086872800003,1.2032734667734555,32.50469264000003,38.01966791000001,0.6139820966390843,7.455298182703745,1.0
Y2018_LAT23.93151_LON90.18545,2018,90.18545041956013,23.93151176005887,14,34.70743449079806,34.73337314230771,1.680827168907629,31.545938030000002,39.08609015000002,0.6747145304904398,6.89880105741303,1.0
Y2018_LAT23.93169_LON90.19527,2018,90.19526513579697,23.931691359646724,14,33.8972020790947,34.01788116690911,1.2105442538861377,31.530556939999997,37.61463254,0.6794503268992624,6.65490308189687,1.0
Y2018_LAT23.93187_LON90.20508,2018,90.20507994855271,23.931870333590116,14,35.18648365644437,35.28885982000002,1.3236139093206774,30.81619076000004,40.76262896000003,0.6075550224865086,6.45600053647123,1.0
Y2018_LAT23.93205_LON90.21489,2018,90.21489485704817,23.932048681917674,14,34.088560937223875,33.647697875283036,2.1474612812381357,30.599146490000038,41.67524030000004,0.5939336324564385,6.712599661881948,1.0
Y2018_LAT23.93223_LON90.22471,2018,90.22470986128958,23.932226404551212,14,34.47384802132226,34.28371311862072,1.5916778570529542,30.23683637000002,41.01898046000002,0.5945722704659598,7.145398331286283,1.0
Y2018_LAT23.9324_LON90.23452,2018,90.23452496079805,23.93240350148894,14,33.29647084528721,33.08909975521742,1.8026042702133747,29.869399220000048,42.28706588,0.6189981051896202,7.56199948470529,1.0
Y2018_LAT23.93258_LON90.24434,2018,90.2443401553406,23.9325799727201,14,33.466585333832704,33.39017344625002,1.0170250634277447,31.31180366000001,37.65393977000002,0.5887805393114374,7.694200816706874,1.0
Y2018_LAT23.93276_LON90.25416,2018,90.25415544444176,23.9327558182226,14,35.096031849093904,34.5299891207,1.7108548710990568,31.455360499999983,41.60004386000003,0.5854684811829611,8.300806121440601,1.0
Y2018_LAT23.93293_LON90.26397,2018,90.26397082788185,23.93293103780714,14,39.203866322653845,38.96902296500002,1.9726615220035695,33.45148418000002,44.58055730000001,0.43868784945346473,6.845499818235085,1.0
Y2018_LAT23.93311_LON90.27379,2018,90.2737863052287,23.933105631695824,14,39.18871423021032,39.08745735800001,2.1613125194242664,32.52178274000002,45.60938132000001,0.43739709170142516,6.799800940942294,1.0
Y2018_LAT23.93328_LON90.2836,2018,90.28360187622492,23.933279599675004,14,41.348314308818416,41.65763231818183,1.8946119767546385,34.73665970000002,44.71215107000003,0.35562846956227556,6.2623988818771075,1.0
Y2018_LAT23.93345_LON90.29342,2018,90.29341754059122,23.933452941948936,14,40.96442293370506,40.65900898526318,1.900582201274478,36.49864901000001,47.463657169999976,0.4008060866179212,6.2358991010577585,1.0
Y2018_LAT23.93363_LON90.30323,2018,90.303233297789,23.933625658220567,14,40.33649955835418,40.28390510000002,2.100773703500243,34.75716782000001,46.53053771000003,0.4174395880429289,6.291099165999021,1.0
Y2018_LAT23.9338_LON90.31305,2018,90.31304914771525,23.933797748639137,14,38.698794164103056,39.02781290900002,2.5603322336557364,33.64972934000002,45.14794862000002,0.5024258790590135,6.395797156692516,1.0
Y2018_LAT23.93397_LON90.32287,2018,90.32286508980216,23.933969213126904,14,35.69279662635638,35.674478937500005,1.1415741514405942,32.735408989999996,38.76650528000002,0.6075701559237001,6.674199616705451,1.0
Y2018_LAT23.93414_LON90.33268,2018,90.33268112394374,23.93414005168791,14,34.15936585974951,34.23364109000002,0.743117988566565,31.77836339000001,36.40636247000003,0.4982540944046891,8.138098985998816,1.0
Y2018_LAT23.93431_LON90.3425,2018,90.34249724966791,23.934310264303605,14,34.09420195001993,34.233061598103475,0.7237397378498037,31.790326460000017,35.857770260000024,0.532464800016026,7.907504647251498,1.0
Y2018_LAT23.93448_LON90.35231,2018,90.35231346652779,23.93447985089774,14,33.313994179392395,33.47199230000001,0.7462755648560897,31.5749912,34.84603634000001,0.3871539643134704,7.0,0.08165347481017705
Y2018_LAT23.93833_LON90.06748,2018,90.06747751374465,23.938328257252962,14,34.69642441706089,34.538100298523005,0.7439370469363561,33.50959052000002,37.30701074000001,0.6697538408597822,6.757393995111786,0.6414688611363824
Y2018_LAT23.93852_LON90.07729,2018,90.07729172843332,23.938515441761226,14,33.5235464457802,33.58028138818184,0.6774471026370695,31.675822790000012,35.84409818000006,0.6506376897208651,7.0272013044767405,1.0
Y2018_LAT23.9387_LON90.08711,2018,90.08710604329207,23.938702000645563,14,35.173258168236686,35.17587527000001,1.297463544375561,31.650187640000013,38.501608730000044,0.5303732279585099,7.795603744017624,1.0
Y2018_LAT23.93889_LON90.09692,2018,90.09692045837127,23.938887933835517,14,34.16255452674764,34.076412170000005,1.1399443018170061,31.995407660000012,37.334354899999994,0.5937492146106889,6.710600991063495,1.0
Y2018_LAT23.93907_LON90.10673,2018,90.10673497303367,23.939073241416285,14,34.44714548500309,34.29560365769234,1.0773935777169141,32.01933380000003,38.00428682000006,0.6477990885489788,6.800001411771372,1.0
Y2018_LAT23.93926_LON90.11655,2018,90.11654958707904,23.939257923351963,14,34.187902634098435,34.20561488072087,0.9969371366504081,31.84672379,36.351674150000036,0.6461486678539013,6.740001129417084,1.0
Y2018_LAT23.93944_LON90.12636,2018,90.12636430010852,23.939441979547208,14,34.637558635531946,34.48714424000002,0.9693968983066519,32.60381522,36.91735646000001,0.6231334392422252,6.543902559541463,1.0
Y2018_LAT23.93963_LON90.13618,2018,90.1361791119022,23.939625410110324,14,34.46910553244548,34.48039156634148,0.9997532646060825,32.42607818000005,36.78063566,0.6091186505884418,6.014400067765035,1.0
Y2018_LAT23.93981_LON90.14599,2018,90.14599402201988,23.93980821480279,14,34.90768384580833,34.892912042857155,0.7081106400365704,32.10136628000001,36.96862676000001,0.632344667734701,6.013800064941487,1.0
Y2018_LAT23.93999_LON90.15581,2018,90.15580903010611,23.9399903938047,14,34.993682494244695,34.984466150000024,0.9262324767149115,33.024231680000014,38.03163098000002,0.6150844022531725,6.004397667753734,1.0
Y2018_LAT23.94017_LON90.16562,2018,90.1656241359553,23.94017194692044,14,35.31351741369045,35.54539657853659,1.1413318580810532,32.09453024000001,37.45569461000002,0.6262519226882824,6.196596219276337,1.0
Y2018_LAT23.94035_LON90.17544,2018,90.17543933906119,23.940352874256657,14,35.11654168816496,35.22076458171172,1.130825567465716,32.17656272000002,37.460821640000034,0.6322441494395205,7.419299620233515,1.0
Y2018_LAT23.94053_LON90.18525,2018,90.18525463917793,23.940533175734274,14,34.0224998085308,33.8605812231169,1.3222674556456808,31.868940920000057,38.33583476000001,0.6592439415507823,7.288403710135112,1.0
Y2018_LAT23.94071_LON90.19507,2018,90.19507003610771,23.940712851366772,14,33.282097536866274,33.29881262000003,0.7811608837706806,31.40750822000001,37.61463254,0.6548059589060305,6.777402481894049,1.0
Y2018_LAT23.94089_LON90.20489,2018,90.20488552924164,23.9408919011051,14,34.330611610141474,34.142778725000014,1.4787398540904015,31.609171400000037,38.583641210000025,0.5886747408412922,6.0141000663532544,1.0
Y2018_LAT23.94107_LON90.2147,2018,90.21470111838693,23.941070324893516,14,33.475368525461164,33.5141778626316,0.8412214428422965,31.581827240000052,39.30313441999999,0.5605474452108685,6.657200739768193,1.0
Y2018_LAT23.94125_LON90.22452,2018,90.22451680325467,23.94124812277844,14,33.33844527920509,33.16844403068494,0.9253486534193165,30.605982530000006,38.411031200000025,0.5891260676087116,6.436699702116249,1.0
Y2018_LAT23.94143_LON90.23433,2018,90.23433258346124,23.941425294618774,14,34.05065499611178,33.904662547810766,1.1779972496857578,29.74805951000002,37.73084521999999,0.5891769744780105,6.773301286123709,1.0
Y2018_LAT23.9416_LON90.24415,2018,90.24414845858257,23.94160184052209,14,34.127779920219425,34.10806197534885,0.9640894781449862,30.657252830000004,36.85583210000004,0.5610156875318448,7.0045000211765815,1.0
Y2018_LAT23.94178_LON90.25396,2018,90.25396442841975,23.941777760279727,14,34.68724659392801,34.827870196666694,0.9962073467247552,31.944137360000013,37.75477136000001,0.5366893799200914,7.181800855533453,1.0
Y2018_LAT23.94195_LON90.26378,2018,90.26378049259982,23.94195305417155,14,37.110812734299316,36.84350281357144,2.431518514372224,30.385520240000005,45.83497064000005,0.5041987162143925,6.593498087049827,1.0
Y2018_LAT23.94213_LON90.2736,2018,90.27359665073752,23.942127721924884,14,41.19641495555187,41.465715674000016,2.0200339963379554,35.60996381000001,45.529057850000015,0.35598067582062143,6.164400773650704,1.0
Y2018_LAT23.9423_LON90.28341,2018,90.2834129024596,23.942301763599044,14,44.96856773787395,43.683561160958924,3.800579389684932,38.67934577,55.169583260000024,0.3269724188733784,6.071199158584287,1.0
Y2018_LAT23.94248_LON90.29323,2018,90.29322924770673,23.942475179096554,14,41.63140576056906,41.78088629621955,1.7500417663529184,36.15171998000005,45.95801935999998,0.3819084365355324,6.81350147530107,1.0
Y2018_LAT23.94265_LON90.30305,2018,90.30304568573182,23.942647968534864,14,38.911476252005805,39.097625967500015,2.0921169305832503,33.957351140000014,44.62499156000001,0.5010924633009806,6.884001807067334,1.0
Y2018_LAT23.94282_LON90.31286,2018,90.31286221645671,23.942820131722108,14,36.82300750517498,36.34009802566039,1.8737953398543052,33.89924480000002,43.15524296000001,0.5740436642129603,6.824100348707544,1.0
Y2018_LAT23.94299_LON90.32268,2018,90.32267883952481,23.942991668730105,14,35.87780979138009,35.86202534612247,1.063255101707579,32.415824120000025,39.646645430000035,0.5739935116853097,7.259201219770449,1.0
Y2018_LAT23.94316_LON90.3325,2018,90.33249555454867,23.943162579535592,14,35.07119152518381,35.14173779525002,1.020732054634362,31.42459832000003,37.20105212000004,0.49515577826894636,8.013097708695101,1.0
Y2018_LAT23.94333_LON90.34231,2018,90.34231236127957,23.94333286412143,14,34.64601062534876,34.827573428688545,0.979467012006983,30.887969180000027,36.10215869000001,0.49154418366075486,7.814356624112136,0.9841285133683739
Y2018_LAT23.9435_LON90.35213,2018,90.35212925913545,23.943502522483644,14,33.75620815865792,33.76252400000004,0.5056088714523416,32.34062768000001,34.32307928,0.4432234644236272,6.715789473684209,0.004026262533508043
Y2018_LAT23.94716_LON90.05746,2018,90.05745867441148,23.94716083880053,14,,,,,,,,0.0
Y2018_LAT23.94735_LON90.06727,2018,90.067273468832,23.94734872830013,14,34.578794212613474,34.35999389600001,0.8123742769166439,33.39337784000003,37.77357047000001,0.6442916745499218,6.0,0.786107711138311
Y2018_LAT23.94754_LON90.07709,2018,90.07708836392115,23.94753599191719,14,34.28706074156764,34.23397412784618,0.645559964232341,31.985153600000046,36.03208928000001,0.6093174692454186,6.0,1.0
Y2018_LAT23.94772_LON90.0869,2018,90.08690335938364,23.947722629629236,14,34.38209522857375,34.365943098378395,0.715994085359107,32.60381522,36.346547120000025,0.6056150782288244,6.306300360353363,1.0
Y2018_LAT23.94791_LON90.09672,2018,90.09671845494364,23.947908641565324,14,34.64818571447036,34.581599908076946,0.8351859519857205,32.72857295000003,37.33264589000001,0.6318865082271964,6.830499800588,1.0
Y2018_LAT23.94809_LON90.10653,2018,90.10653365022651,23.948094027544432,14,34.231162666003044,34.202629109517666,0.8452928470374226,32.333791640000015,36.490103960000056,0.6043952801460142,6.294199031524856,1.0
Y2018_LAT23.94828_LON90.11635,2018,90.11634894491192,23.948278787560028,14,34.99275046307467,35.10962600000002,0.9984455694155977,32.048386969999996,37.597542439999984,0.6446235389633285,6.0,1.0
Y2018_LAT23.94846_LON90.12616,2018,90.12616433862213,23.948462921613686,14,34.69826665671531,34.67074734135137,0.8729539285735513,32.624323340000046,37.40613332000001,0.6668619981575563,6.140700165529603,1.0
Y2018_LAT23.94865_LON90.13598,2018,90.13597983105984,23.948646429658158,14,34.31468955561273,34.33395479818184,1.062648394686104,32.15947262000003,36.64220585000001,0.6564932465782589,6.344401620713513,1.0
Y2018_LAT23.94883_LON90.1458,2018,90.14579542184372,23.948829311813448,14,34.096539383392496,33.986049609811346,0.7300863454369205,32.039841920000015,36.88317626000003,0.563325396094386,6.251700296117993,1.0
Y2018_LAT23.94901_LON90.15561,2018,90.15561111075377,23.949011567798742,14,35.392531791312635,35.47527754571431,1.332287448920774,32.16801767000004,40.42253597000001,0.4870733591880354,6.012698838469221,1.0
Y2018_LAT23.94919_LON90.16543,2018,90.1654268972933,23.949193197765204,14,34.800581910833486,34.86103765000003,1.0740312652822162,32.09282123000003,37.395879260000015,0.652426470825939,6.425599649880709,1.0
Y2018_LAT23.94937_LON90.17524,2018,90.17524278123004,23.949374201629876,14,34.68279579533032,34.54605482000003,1.1260960659644914,32.036423900000045,38.552879030000014,0.6596636834498786,7.0659012540014725,1.0
Y2018_LAT23.94955_LON90.18506,2018,90.18505876224124,23.94955457943429,14,34.832857221498635,34.92325974534886,1.2329896302689913,31.792035470000002,38.00257780999999,0.6692152900271534,8.383901628119562,1.0
Y2018_LAT23.94973_LON90.19487,2018,90.19487484000675,23.94973433102749,14,33.85850037831439,33.89169667250002,0.975258348805574,31.708293980000008,37.42322342,0.6412098795072895,6.800301413183125,1.0
Y2018_LAT23.94991_LON90.20469,2018,90.2046910139725,23.94991345649013,14,33.3770028167631,33.29955319100003,1.1420634928144375,31.13064860000003,36.575554460000035,0.6032465313584741,5.820899789293867,1.0
Y2018_LAT23.95009_LON90.21451,2018,90.21450728412792,23.950091955740824,14,32.50150747188118,32.39179334673471,0.7321024061570972,31.14090266000005,35.63730797000002,0.606772077124694,6.650400765177371,1.0
Y2018_LAT23.95027_LON90.22432,2018,90.22432364986126,23.950269828777618,14,34.09834730599117,33.777846158620704,1.3557046208495582,29.717297330000008,39.00234866000005,0.5878530111007501,6.136302994367038,1.0
Y2018_LAT23.95045_LON90.23414,2018,90.23414011106804,23.95044707559433,14,34.74456246508499,34.65701983400002,1.299653340563349,31.98173558000002,40.40031884000001,0.5449457520434321,7.429402858121004,1.0
Y2018_LAT23.95062_LON90.24396,2018,90.24395666719467,23.95062369614407,14,34.44002923381318,34.63924613000001,1.2106426977309286,30.346213010000042,37.132691720000025,0.5818528653976462,6.721299672117261,1.0
Y2018_LAT23.9508_LON90.25377,2018,90.25377331809902,23.950799690482313,14,33.63118716176194,34.10937534772729,1.8178930955123926,30.18898409000002,37.698374030000025,0.5706430971706616,6.989499950588005,1.0
Y2018_LAT23.95098_LON90.26359,2018,90.26359006331022,23.95097505840862,14,38.16687270851825,36.67836490368423,4.17182419008058,32.17998074000002,53.628056240000035,0.5086059665903385,5.991098813057425,1.0
Y2018_LAT23.95115_LON90.27341,2018,90.27340690258569,23.951149800035324,14,39.21689315008975,39.661294087142885,3.408422673932056,32.523491750000034,47.347444490000015,0.4427408871116528,6.07560008894128,1.0
Y2018_LAT23.95132_LON90.28322,2018,90.28322383542117,23.951323915316387,14,40.828820688486196,42.207373429076945,4.952086069175753,31.937301320000017,54.75600284000001,0.44940721459352073,6.482702271540104,1.0
Y2018_LAT23.9515_LON90.29304,2018,90.29304086174535,23.951497404204595,14,39.11160982708494,39.10751850615385,2.258851457386767,34.22737472000006,44.626700570000025,0.48716390262218245,6.669300787412692,1.0
Y2018_LAT23.95167_LON90.30286,2018,90.30285798102922,23.951670266684594,14,36.02581676708478,35.79966392000002,1.6934451306670526,33.43439408000006,40.71135866,0.5795004939687984,6.31060426940485,0.43050905376273707
Y2018_LAT23.95184_LON90.31268,2018,90.31267519299199,23.951842502758858,14,37.41113935198238,37.22843287550324,1.658506189193448,34.46834513000002,42.328082119999976,0.5455044195659324,6.4997840332712205,0.29026099166803987
Y2018_LAT23.95201_LON90.32249,2018,90.32249249722054,23.952014112410495,14,35.892533815060105,35.89019118500003,1.311874172298119,32.64483145999998,40.34221250000002,0.5610448387828925,6.416963513610003,0.9109285115485791
Y2018_LAT23.95219_LON90.33231,2018,90.33230989353223,23.952185095488655,14,34.78734549681484,34.76694119227055,0.9220625154530733,32.33550065000003,36.67296803000002,0.5066634399111776,7.186731370611014,0.4506798498634456
Y2018_LAT23.95236_LON90.34213,2018,90.34212738156036,23.95235545215825,14,35.104942861336355,35.17453284009933,1.072151535694339,30.831571850000017,36.985716860000025,0.5617027055211836,8.0,0.4750171393187033
Y2018_LAT23.95599_LON90.04744,2018,90.04743847386032,23.955992623041222,14,34.97946686003961,34.85116337000002,0.5773224878517208,34.10090797999999,35.979109970000025,0.6237498380212492,6.0,0.029681357187624692
Y2018_LAT23.95618_LON90.05725,2018,90.0572538479042,23.95618121808232,14,34.47935372914866,34.45980008000001,0.49076100546040197,33.09601010000006,35.879987390000025,0.6929557713911791,6.0,0.1946811229540365
Y2018_LAT23.95637_LON90.06707,2018,90.06706932315382,23.95636918701169,14,34.98136904430151,34.981048130000026,1.0023557392704043,32.59868819000002,37.94618048000004,0.6545970942630521,6.0,0.3809686534313665
Y2018_LAT23.95656_LON90.07688,2018,90.07688489900916,23.956556529803077,14,35.03423554878155,34.959325713421066,0.5889492231086093,33.59504102,36.77721764000003,0.6385716140033537,6.0,0.9368736008112188
Y2018_LAT23.95674_LON90.0867,2018,90.08670057538667,23.956743246538494,14,35.34360250802844,35.11029201125001,1.1656776118771632,33.054993860000025,37.806041660000034,0.54532361022064,6.0027000031764866,1.0
Y2018_LAT23.95693_LON90.09652,2018,90.09651635184042,23.956929337096245,14,34.7533397396583,34.85875897000002,1.402947801986427,31.39041812000002,38.12391752000002,0.5365756383825507,6.537000631765464,1.0
Y2018_LAT23.95711_LON90.10633,2018,90.10633222802885,23.9571148014168,14,34.040279804934286,34.01389088750001,0.9313968400675088,31.97319053000001,36.860959130000026,0.6546634400778516,6.78270368331147,1.0
Y2018_LAT23.9573_LON90.11615,2018,90.11614820364301,23.957299639595977,14,35.28063549659804,35.29417674000001,1.0191891284367514,32.68242968000001,39.858562670000026,0.6546766414250652,6.0,1.0
Y2018_LAT23.95748_LON90.12596,2018,90.125964278366,23.957483851585305,14,34.46302999206398,34.53713278250003,0.6449818276944692,32.631159379999986,35.94151175000002,0.6454959028261343,6.134100157764902,1.0
Y2018_LAT23.95767_LON90.13578,2018,90.13578045187357,23.957667437253278,14,33.40275146416984,33.13945313420002,0.8816347507260578,31.95610043000002,36.22349839999998,0.6476907615147796,6.010800050823783,1.0
Y2018_LAT23.95785_LON90.1456,2018,90.1455967236531,23.957850396592836,14,34.339527487152594,34.23642242000002,0.923000768925291,32.56963502000002,37.236941330000036,0.6132907434170767,6.0,1.0
Y2018_LAT23.95803_LON90.15541,2018,90.15541309367222,23.958032729743756,14,34.44432529794046,34.39161058100002,1.1290290414909174,31.961227460000032,37.48987481000003,0.6164545806646818,6.085598924234036,1.0
Y2018_LAT23.95821_LON90.16523,2018,90.16522956127949,23.958214436509994,14,34.61213833322719,34.644112463559345,0.8106992875687438,32.398734020000006,36.39952643000001,0.6579449766221276,6.683798511993011,1.0
Y2018_LAT23.9584_LON90.17505,2018,90.17504612638228,23.95839551692667,14,34.576624644607406,34.52226439550002,0.9753641875205696,32.13725549,38.76650528000005,0.6492041017743392,6.416499313528613,1.0
Y2018_LAT23.95858_LON90.18486,2018,90.18486278857263,23.958575970906242,14,34.24875853172251,33.9543190254839,1.2629381625453966,31.18704593000001,37.961561570000015,0.6651139386600419,6.952698767880922,1.0
Y2018_LAT23.95876_LON90.19468,2018,90.19467954745946,23.958755798577045,14,35.418781185155936,35.54541581692309,1.016498424226096,32.21416094000003,39.04678292000003,0.5824423672600973,7.508100038117825,1.0
Y2018_LAT23.95893_LON90.2045,2018,90.20449640275629,23.958934999812023,14,34.79598564726765,34.796091394693896,1.064781226652442,32.39189798000001,38.229876140000016,0.637475910752964,7.164100193059076,1.0
Y2018_LAT23.95911_LON90.21431,2018,90.21431335408627,23.959113574561474,14,35.150661863952195,34.95017569129034,1.2656487858440815,31.31180366000001,39.00918470000002,0.6090858373671,7.782499744117347,1.0
Y2018_LAT23.95929_LON90.22413,2018,90.22413040115858,23.959291522849245,14,34.512092847293324,34.46969223200001,1.2773813347609722,30.37526618000004,39.15957758000002,0.5808006884201787,8.412201939773848,1.0
Y2018_LAT23.95947_LON90.23395,2018,90.23394754360976,23.959468844646736,14,33.98471826912151,33.79551738750002,1.3588406867558638,31.414344260000036,38.78359538000001,0.4619285060474511,8.036000042352992,1.0
Y2018_LAT23.95965_LON90.24376,2018,90.24376478116957,23.959645539859693,14,34.37333037349143,34.42104576500001,1.2014896271204756,31.72709309000001,38.402486150000016,0.5168066265283203,7.908199891999875,1.0
Y2018_LAT23.95982_LON90.25358,2018,90.25358211343243,23.959821608556528,14,35.249827379995246,35.07691701788466,1.0254858450552728,32.28935738000001,39.46378136000001,0.5936636310745272,6.594698092696928,1.0
Y2018_LAT23.96_LON90.2634,2018,90.26339954000085,23.95999705072584,14,37.98795347655023,37.59159508520002,2.5598101980451564,31.267369400000007,45.54443894000002,0.48276925773327006,6.076200089647176,1.0
Y2018_LAT23.96017_LON90.27322,2018,90.27321706067328,23.960171866235015,14,38.29744456398453,38.287514182337006,2.3900692429302364,32.234669060000016,43.89695330000001,0.4614050697287843,6.116515347189429,0.9175365867628982
Y2018_LAT23.96035_LON90.28303,2018,90.28303467507726,23.960346055135613,14,35.9102277008374,34.67806172698633,3.3238701788227334,31.793744479999987,50.37751922000001,0.602341848592128,6.8403258081162575,0.9621513303828811
Y2018_LAT23.96052_LON90.29285,2018,90.29285238283336,23.96051961737,14,36.102054465303844,35.77946652909092,1.4558705301724384,33.96760519999998,43.18942315999999,0.5868249115089855,6.59189792950419,0.7195921890171535
Y2018_LAT23.96069_LON90.30267,2018,90.30267018363574,23.960692552967732,14,35.37618420570609,35.51596826000002,0.6077628342336147,34.00691243000003,36.31578494000004,0.572637450923122,6.0,0.0526854785761184
Y2018_LAT23.96086_LON90.31249,2018,90.31248807715275,23.960864861899754,14,38.065011686051506,38.332416739999985,0.52704235468472,37.57019828000003,38.85366479000004,0.4954962119012431,8.0,0.0008231615763720855
Y2018_LAT23.96104_LON90.32231,2018,90.32230606291132,23.96103654404865,14,38.0203314985676,38.25380228,0.9273891422652957,36.009872150000035,39.29117135000001,0.5817780594644707,8.0,0.027685926854992784
Y2018_LAT23.96482_LON90.03742,2018,90.0374169114705,23.96482360939133,14,36.15221542775078,36.16197404000002,0.7547483100477933,34.66829930000003,37.10876558000001,0.661342172235777,6.0,0.010644033169942724
Y2018_LAT23.96501_LON90.04723,2018,90.04723286513152,23.965012910462278,14,34.993408729687694,34.9547111191546,1.2002073321457662,32.37138986000002,37.45398560000001,0.6233201034996693,6.0,0.7883954742853825
Y2018_LAT23.9652_LON90.05705,2018,90.0570489202927,23.965201585135084,14,34.468959218384185,34.58113979000002,1.0843269221687073,31.952682409999994,36.96008171,0.575384879336013,6.0,1.0
Y2018_LAT23.96539_LON90.06687,2018,90.06686507664904,23.965389633526623,14,33.7539883596523,33.799596370769244,0.8806261669037901,31.82621567000001,35.91929462000002,0.6037560903199531,6.0,1.0
Y2018_LAT23.96558_LON90.07668,2018,90.0766813337264,23.965577055523735,14,34.72174780783452,34.584778327419386,1.4604839722127692,32.062059050000016,39.448400270000036,0.5756219674198462,6.0,1.0
Y2018_LAT23.96576_LON90.0865,2018,90.08649769131077,23.96576385119665,14,34.56481154008404,34.67812610750003,1.3451517361424792,32.07744014000002,38.30849060000003,0.5963223211060393,6.0,1.0
Y2018_LAT23.96595_LON90.09631,2018,90.0963141489496,23.965950020400243,14,33.45709362357053,33.23734522700001,1.2582519340770346,31.224644150000017,36.15513800000002,0.6439279318358606,6.034200160941919,1.0
Y2018_LAT23.96614_LON90.10613,2018,90.10613070638702,23.966135563209384,14,34.750237418076715,34.733480146511646,0.9481755262221199,32.299611440000035,37.02160607000002,0.6700035428626131,7.207004503550603,1.0
Y2018_LAT23.96632_LON90.11595,2018,90.11594736339083,23.96632047948856,14,35.04542063491775,35.048312534456535,0.5843030812760778,32.83965860000001,37.21301518999999,0.6732049539771274,6.563300297883742,1.0
Y2018_LAT23.9665_LON90.12576,2018,90.12576411937276,23.9665047693033,14,33.90911979577694,34.07618985975612,0.9399020577285623,31.639933580000047,35.871442340000016,0.6676643834866697,6.5358025214236095,1.0
Y2018_LAT23.96669_LON90.13558,2018,90.13558097420697,23.966688432586764,14,34.22240624867271,34.34287531250001,0.7449373513041624,32.4124061,35.92442165000003,0.6385062755496567,6.0183989101125075,1.0
Y2018_LAT23.96687_LON90.1454,2018,90.14539792740979,23.96687146938734,14,34.113620275467326,33.95258772914895,1.0603911966877175,32.14238252000001,37.98206969,0.629057708405935,6.039497832930964,1.0
Y2018_LAT23.96705_LON90.15521,2018,90.15521497878699,23.967053879535577,14,34.245891455985905,34.16905475375002,0.9452912033498383,32.05009598000004,36.428579600000035,0.6293408778412802,6.758601216946889,1.0
Y2018_LAT23.96724_LON90.16503,2018,90.16503212789496,23.967235663102,14,34.328318658835435,34.45284751659092,1.0349524569290254,31.756146260000037,37.09167548000005,0.6439568530055249,6.710600991063479,1.0
Y2018_LAT23.96742_LON90.17485,2018,90.17484937448165,23.96741682006917,14,33.250906240531194,33.17001023300001,0.9400837739314365,31.573282190000015,36.49181297000001,0.6326567435871743,6.004097666341944,1.0
Y2018_LAT23.9676_LON90.18467,2018,90.18466671814993,23.967597350440354,14,33.82108430746783,33.797312491694946,0.8659782491510811,31.45877852000001,36.23204345000005,0.6798957311168228,7.238794064913231,1.0
Y2018_LAT23.96778_LON90.19448,2018,90.19448415855958,23.967777254098067,14,35.4100829327467,35.515293650789495,1.02644402096742,33.19171466,38.17176979999999,0.6697858320287606,8.511601231064601,1.0
Y2018_LAT23.96796_LON90.2043,2018,90.20430169541568,23.967956531058125,14,35.51787254441211,35.326773631831,1.163602993320754,33.42072200000001,40.67717845999999,0.6674028919639227,8.428102014597693,1.0
Y2018_LAT23.96814_LON90.21412,2018,90.21411932832416,23.968135181275997,14,34.67397968390428,34.53538591468355,1.3734385569718772,30.55642124000002,39.77311217000002,0.5888249801660561,8.789603715782198,1.0
Y2018_LAT23.96831_LON90.22394,2018,90.2239370570402,23.96831320478585,14,35.16340137651775,35.30012329526317,1.0044103415107346,31.83134270000005,37.737681260000016,0.6095746670184616,8.38190179718493,1.0
Y2018_LAT23.96849_LON90.23375,2018,90.23375488121232,23.96849060152162,14,34.39446761562647,34.58199429500002,1.474272182476008,31.22122612999999,37.619759570000014,0.491210886173426,8.0,1.0
Y2018_LAT23.96867_LON90.24357,2018,90.24357280032979,23.968667371477327,14,34.86658617612502,34.92286461795569,1.1625618479936184,32.04325994000004,37.53943610000002,0.5284348361419953,8.0,1.0
Y2018_LAT23.96884_LON90.25339,2018,90.25339081432813,23.968843514621888,14,34.96607899578317,35.01657372085109,0.8496056634640257,32.28935738000001,36.85241408000002,0.573228282192582,7.926902008950631,1.0
Y2018_LAT23.96902_LON90.26321,2018,90.2632089227475,23.969019030884144,14,36.70237780720065,35.80478245380314,2.9355168152128086,28.960205900000005,48.289109000000025,0.4707192690955249,6.533169372385844,0.6612898572675264
Y2018_LAT23.96919_LON90.27303,2018,90.27302712508032,23.969193920349003,14,38.0978516637233,37.950136955205494,1.666874069738245,34.3264973,41.646187130000044,0.5024954480374417,6.1029265551376835,0.08300352710271632
Y2018_LAT23.96937_LON90.28285,2018,90.28284542130831,23.969368182886846,14,36.93177222015547,36.001327100000026,2.157394987606592,34.83236426000002,42.80660492000004,0.5770551961925218,7.0,0.08741430058187967
Y2018_LAT23.97384_LON90.03721,2018,90.03721051980621,23.973843804404627,14,36.01658070252105,36.04063432999999,1.2126989488451494,33.10626416000002,38.71523498000002,0.6317290711677773,6.0,0.1910340174831609
Y2018_LAT23.97403_LON90.04703,2018,90.04702715495428,23.97403318543268,14,34.15352007068664,34.04841695857145,1.3720928111164679,31.598917340000014,37.29846569000003,0.6107970086173667,6.0,0.9687943312969153
Y2018_LAT23.97422_LON90.05684,2018,90.05684389162556,23.974221939936697,14,33.55404639196481,33.324675638000016,1.0240163647711538,31.65702368000001,36.41832554000001,0.5686005712736533,6.0,1.0
Y2018_LAT23.97441_LON90.06666,2018,90.06666072936207,23.97441006783677,14,33.95331966712292,33.92525973000002,0.822474465620084,32.29790243000002,36.68664011000004,0.5686835318344443,6.0,1.0
Y2018_LAT23.9746_LON90.07648,2018,90.07647766794187,23.97459756908933,14,34.23726945191948,34.26291435977275,0.772910930206658,32.50981967000004,37.033569140000054,0.5820645660763318,6.442802083774516,1.0
Y2018_LAT23.97478_LON90.08629,2018,90.0862947070933,23.974784443647522,14,34.09915049236636,33.893548100000025,1.1984470830991911,32.08598519,37.517218970000044,0.5950775647207105,6.648000762353836,1.0
Y2018_LAT23.97497_LON90.09611,2018,90.0961118463249,23.974970691544694,14,34.745994753870846,34.7966813098276,1.1040895863976938,31.434852380000052,37.23694133000001,0.6514291738876496,6.491400578118326,1.0
Y2018_LAT23.97516_LON90.10593,2018,90.10592908534069,23.975156312692146,14,33.901653122087474,34.10950815935485,1.0291228501169014,31.470741590000017,36.56188238000004,0.6660177888897739,6.084198043284912,1.0
Y2018_LAT23.97534_LON90.11575,2018,90.11574642392185,23.975341307190906,14,34.48946571366072,34.54994311593222,1.0653086079400753,31.882612999999992,39.248446100000024,0.6597354509955408,6.3348992175284895,1.0
Y2018_LAT23.97553_LON90.12556,2018,90.12556386161538,23.975525674822016,14,34.806082429936794,34.064053227627134,2.950472375498092,31.387000099999995,48.198531470000006,0.6614658221838737,6.744730132444286,0.9675999618823083
Y2018_LAT23.97571_LON90.13538,2018,90.13538139813804,23.975709415773085,14,33.76722312606256,33.72882878932434,1.2107854055487492,29.804456840000057,41.470159100000046,0.6450165377850473,7.01240241130547,1.0
Y2018_LAT23.97589_LON90.1452,2018,90.14519903300263,23.975892529839115,14,33.31814602345141,33.30906668000002,0.908851347472458,31.602335359999984,35.57065657999999,0.6364934397784345,6.683799627999557,1.0
Y2018_LAT23.97608_LON90.15502,2018,90.1550167662372,23.976075017126078,14,33.49714726990072,33.423539557027034,0.9963296250570486,31.715130020000032,35.72788550000001,0.6252393187526468,6.252300296823878,1.0
Y2018_LAT23.97626_LON90.16483,2018,90.16483459705708,23.976256877577896,14,33.566341713244064,33.456013056500005,0.9574423269072259,32.04325994000001,37.68641096000002,0.6196367145955219,6.250501178829082,1.0
Y2018_LAT23.97644_LON90.17465,2018,90.17465252544086,23.976438111140663,14,34.379915502379724,34.26303606200002,0.9703331602888462,32.190234799999985,37.86072998,0.6465493769408359,6.352500414706366,1.0
Y2018_LAT23.97662_LON90.18447,2018,90.18447055098922,23.97661871773375,14,34.07442701984997,33.92377140297299,1.2243378353170014,31.62284348000003,37.412969360000034,0.6582924516819262,7.826698619645434,1.0
Y2018_LAT23.9768_LON90.19429,2018,90.19428867323285,23.97679869744215,14,35.40050231432231,35.604348491428595,1.3981589738377342,31.68778586000002,38.151261680000005,0.6552647412600172,8.884799457879806,1.0
Y2018_LAT23.97698_LON90.20411,2018,90.20410689194429,23.976978050127602,14,34.740809287723714,34.582576912045496,1.1516591179719846,32.14921856000001,38.42641229000003,0.6337500681993739,8.861399836940981,1.0
Y2018_LAT23.97716_LON90.21393,2018,90.21392520686369,23.977156775852194,14,35.00733103576408,34.97888673500001,1.1707794417730408,31.542520010000004,38.286273470000026,0.5342747886406698,8.270900318706257,1.0
Y2018_LAT23.97733_LON90.22374,2018,90.22374361751692,23.977334874635005,14,36.137730722336244,35.98588707862071,0.9668067105523769,33.53693468,40.05338981000003,0.5811447418617993,8.0,1.0
Y2018_LAT23.97751_LON90.23356,2018,90.23356212365879,23.97751234636371,14,36.520519835859155,36.349505021923086,1.3998286927317674,32.950744250000014,43.03048523000004,0.5475314755024685,8.0,1.0
Y2018_LAT23.97769_LON90.24338,2018,90.2433807248103,23.97768919106518,14,36.32302693871308,36.20416522437502,0.6643382920677807,34.174395410000045,40.06706189000002,0.5985411128104807,8.028800033882394,1.0
Y2018_LAT23.97787_LON90.2532,2018,90.2531994208089,23.977865408622943,14,36.68332256505249,36.52969308855672,1.4956492292726962,32.385061940000014,44.51219690000002,0.57807836672798,8.091950489074122,0.9408103359616041
Y2018_LAT23.97804_LON90.26302,2018,90.26301821134744,23.978040999082296,14,36.04418744433157,35.838238717142886,0.8955494088345285,34.28035403000004,39.93034109000001,0.6134473496736795,8.0,0.1054970316315642
Y2018_LAT23.98286_LON90.037,2018,90.03700402643314,23.982863987226168,14,33.95916806649286,33.75526070750001,1.1899545765843693,32.09453024000001,37.18908905000001,0.6262346040386728,6.0,0.21498828704267586
Y2018_LAT23.98305_LON90.04682,2018,90.04682134329869,23.983053448325194,14,33.489588411130306,33.30061277720004,1.0494477186430244,31.71854804,36.06797849000003,0.6168797907114058,6.0,0.9487932333915564
Y2018_LAT23.98324_LON90.05664,2018,90.05663876174621,23.98324228254006,14,33.80496284773556,33.76709811500002,1.0424717441806612,31.706584969999994,37.361699060000035,0.588634639933338,6.0,1.0
Y2018_LAT23.98343_LON90.06646,2018,90.06645628123246,23.98343048982159,14,34.46229029346425,34.386267676052654,1.2013166208452322,31.991989640000014,37.47620273000001,0.6057452231974073,6.058200068470665,1.0
Y2018_LAT23.98362_LON90.07627,2018,90.07627390172335,23.98361807027664,14,34.47559298705124,34.295521493750016,1.0184776618789884,32.55938096000003,37.98206969,0.5317935227205272,6.135000635297122,1.0
Y2018_LAT23.98381_LON90.08609,2018,90.08609162271958,23.9838050238103,14,33.53696821081574,33.45221923806453,0.7979751707977761,31.892867060000015,36.26622365000003,0.5823415034996209,6.688500810000967,1.0
Y2018_LAT23.98399_LON90.09591,2018,90.09590944385178,23.983991350348965,14,34.91100229230224,34.79521842500001,0.8672962046655063,33.30109130000005,37.51892798000003,0.660227597893374,7.3341015695312795,1.0
Y2018_LAT23.98418_LON90.10573,2018,90.10572736482118,23.984177050016708,14,34.266659951922016,34.42115746500003,0.976576479661907,31.762982300000033,36.428579600000035,0.6566853980814071,6.730598732229345,1.0
Y2018_LAT23.98436_LON90.11555,2018,90.11554538531021,23.984362122614808,14,33.93809078222636,33.832882256760584,1.1594336021890086,31.75272824000001,43.83542894000004,0.6391738363346303,6.473595158655631,0.9657999597646589
Y2018_LAT23.98455_LON90.12536,2018,90.12536350504517,23.984546568254345,14,34.23405299205373,33.563076203333345,3.2343051777729603,31.904830130000022,59.725803920000004,0.6358230655270416,6.815100958942317,1.0
Y2018_LAT23.98473_LON90.13518,2018,90.13518172355465,23.984730386793192,14,34.1652353487462,34.01484223640002,1.0378177717611305,31.73905616000002,38.026503950000006,0.6496338049950454,6.853204015077735,1.0
Y2018_LAT23.98491_LON90.145,2018,90.14500004052871,23.98491357826769,14,33.78814175426843,33.79371343250001,0.8361234970334603,31.52030288000003,35.76548372000002,0.6534306379284908,6.6729007916480025,1.0
Y2018_LAT23.9851_LON90.15482,2018,90.1548184558327,23.9850961426335,14,32.648833714803594,32.5165716603279,0.8222628602614923,31.135775630000012,35.28696092000001,0.6041554853090886,6.186699043175351,1.0
Y2018_LAT23.98528_LON90.16464,2018,90.16463696878233,23.985278079884445,14,33.72848455874731,33.80540004500002,0.7591917134714459,31.72196606,35.31943211000001,0.6337446796111175,6.4885928874959555,1.0
Y2018_LAT23.98546_LON90.17446,2018,90.17445557925724,23.98545938995834,14,33.70701222372712,33.609316280000016,0.89239615022372,31.24686128000002,36.56871842000004,0.6222877910354347,6.7238973222321565,1.0
Y2018_LAT23.98564_LON90.18427,2018,90.18427428700817,23.9856400729411,14,34.63953461926981,34.34057150000001,1.4720892853937257,30.717068180000012,39.62784632,0.5971706007856603,7.474399381646352,1.0
Y2018_LAT23.98582_LON90.19409,2018,90.19409309144393,23.985820128648346,14,35.251807032103,34.98831142250002,1.4230377043645472,32.41924214000005,39.313388480000015,0.6418886237909782,8.328501545889626,1.0
Y2018_LAT23.986_LON90.20391,2018,90.20391199242617,23.98599955722351,14,35.233273126002196,35.35935458360003,1.1719636671329317,32.24834113999998,38.04872108000001,0.6498644312499168,8.11490013517663,1.0
Y2018_LAT23.98618_LON90.21373,2018,90.21373098958487,23.986178358547683,14,35.76175043553847,35.76636769068968,1.1899103527706216,32.83794959000002,40.381519730000036,0.5377279779510677,8.0,1.0
Y2018_LAT23.98636_LON90.22355,2018,90.22355008253786,23.986356532477554,14,36.75253646588201,36.609877077500016,1.1483386567193317,34.485435230000036,42.12300092000001,0.5585990499790761,8.0,1.0
Y2018_LAT23.98653_LON90.23337,2018,90.23336927093084,23.986534079154005,14,37.74743667653928,37.40425340900002,1.7753738131055012,34.200030560000016,45.40088210000002,0.587328260553434,8.070200082588332,1.0
Y2018_LAT23.98671_LON90.24319,2018,90.24318855456185,23.986710998531812,14,38.08790267952188,37.468512185000016,2.133224175261001,35.274997850000034,44.78392949000002,0.587541255138959,7.89820105670713,1.0
Y2018_LAT23.98689_LON90.25301,2018,90.25300793288221,23.986887290569346,14,37.93344716228743,37.22809469000001,2.4761761739047445,33.62580320000001,46.51173860000006,0.523853077712363,8.277865076247275,0.40564992213248474
Y2018_LAT23.99207_LON90.04662,2018,90.04661543010013,23.992073698764727,14,33.83177462695689,33.567500744098375,1.2373469726130368,32.12700143000001,36.334584050000046,0.6468963909583654,6.0,0.08963122328751294
Y2018_LAT23.99226_LON90.05643,2018,90.05643353060012,23.99226261272556,14,34.041154448171845,33.97830438237644,0.9584508850466396,32.06889509000004,36.544792280000024,0.6205277427577673,6.000328657785085,0.9140734806570526
Y2018_LAT23.99245_LON90.06625,2018,90.0662517323497,23.99245089958671,14,33.774788003950036,33.57714668000002,0.9624232575313847,32.01933380000003,36.89343031999999,0.5847240981826002,6.0675003176485545,1.0
Y2018_LAT23.99264_LON90.07607,2018,90.07607003497604,23.992638559336502,14,34.27419121442967,34.2327646746154,0.9711525953318141,31.08450533000004,36.89343031999999,0.552520421290971,6.331399206584491,1.0
Y2018_LAT23.99283_LON90.08589,2018,90.08588843813719,23.992825591785948,14,34.11599128466443,34.32816012054055,1.0507130236230964,30.90164126000002,36.17222810000001,0.6318837932483604,6.768998912936044,1.0
Y2018_LAT23.99301_LON90.09571,2018,90.09570694155349,23.993011997118185,14,34.76344078882022,34.86026384825003,1.1509544496520703,31.598917340000014,37.40784233000002,0.6380650194872542,7.372301752008222,1.0
Y2018_LAT23.9932_LON90.10553,2018,90.1055255447771,23.993197775140846,14,34.39615857839596,34.61006149769233,1.0913886417682421,31.896285080000013,36.42687059000002,0.6234645971142784,7.189699716233942,1.0
Y2018_LAT23.99338_LON90.11534,2018,90.11534424756522,23.99338292596083,14,34.85203582239096,34.10017133775866,2.713655861201573,31.933883300000048,47.47391123,0.6290166434089124,7.044089876767853,0.9774998941171489
Y2018_LAT23.99357_LON90.12516,2018,90.1251630496369,23.993567449479496,14,33.61960731229326,33.28148826756492,1.5376694854374555,31.633097539999994,42.28706588,0.6417913535140991,6.6035683789492445,0.9423997289399011
Y2018_LAT23.99375_LON90.13498,2018,90.13498195048736,23.993751345642877,14,33.70785552748989,33.6359393972414,0.7533949734615297,32.15605460000003,37.94618048000001,0.6495063919153006,6.000607659367595,0.9873999407056031
Y2018_LAT23.99393_LON90.1448,2018,90.14480094986662,23.993934614536396,14,32.89676714891664,32.575429632031266,1.0397231741594486,30.838407890000013,36.52086614000001,0.6157361797494767,6.371701749184688,1.0
Y2018_LAT23.99412_LON90.15462,2018,90.15462004752416,23.994117256035924,14,33.51116339163327,33.42926705000003,0.9175310467170577,30.908477300000015,35.95689284000002,0.6314223670430205,7.853599311055568,1.0
Y2018_LAT23.9943_LON90.16444,2018,90.16443924301608,23.99429927011732,14,33.675542229886986,33.73240847243246,0.9043972779250004,31.68436784000005,36.47301386000004,0.6340344552608463,7.064196772690683,1.0
Y2018_LAT23.99448_LON90.17426,2018,90.17425853595219,23.99448065679874,14,33.88142662212286,33.82732781162163,0.7514391802742736,31.957809440000005,36.76183655000003,0.6056441691939737,7.000797650812458,1.0
Y2018_LAT23.99466_LON90.18408,2018,90.18407792612972,23.994661416030453,14,34.60556301900892,34.548353090461546,0.9699607981110572,31.477577630000013,38.376851000000016,0.6249632452210193,6.142991261135333,1.0
Y2018_LAT23.99484_LON90.1939,2018,90.193897413242,23.994841547842743,14,34.87750339946503,34.736827799344276,0.9303839248649554,32.501274620000004,37.53089105000001,0.6556840506121873,7.8985995228212875,1.0
Y2018_LAT23.99502_LON90.20372,2018,90.20371699672887,23.995021052140032,14,36.043716353031584,35.762428850122234,1.2020382649840822,33.71979875000005,39.88419782,0.6467119383631731,8.0,1.0
Y2018_LAT23.9952_LON90.21354,2018,90.21353667649774,23.995199928919764,14,35.52305343863967,35.545769121875026,1.20963380838339,32.17998074000002,38.865627860000046,0.5813340268933268,8.0,1.0
Y2018_LAT23.99538_LON90.22336,2018,90.22335645208524,23.995378178219756,14,35.27619788225719,35.45501357000001,1.0553177031674306,31.937301320000017,38.289691490000024,0.5071437673595184,8.0,1.0
Y2018_LAT23.99556_LON90.23318,2018,90.23317632312855,23.99555579991514,14,35.94634620616408,35.8914107726316,0.715049958664286,34.02058451000002,40.47893330000002,0.6161062620083074,8.0,1.0
Y2018_LAT23.99573_LON90.243,2018,90.24299628940503,23.995732794001327,14,37.572842163081354,37.0304158961972,1.9903265816151061,34.047928670000005,42.98605097000001,0.6012519602310837,7.7220010447107965,1.0
Y2018_LAT23.99591_LON90.25282,2018,90.25281635055009,23.995909160573362,14,40.00627880752544,40.154734103,2.8266592092436174,33.50275448000002,49.48199798000002,0.45290728219930054,6.985665892102247,0.6483377258899448
Y2018_LAT24.00071_LON90.02677,2018,90.02677215455752,24.000714067507797,14,34.299118121683925,34.34358740000005,0.8953108477882343,32.95245326000003,35.71421342000002,0.644342602682681,6.0,0.07383361177035756
Y2018_LAT24.0009_LON90.03659,2018,90.03659073394734,24.000904315890693,14,34.384276444923096,34.449546020000014,0.4606579905634264,33.52668061999998,35.071625660000024,0.6588130883426747,6.0,0.008302347364536913
Y2018_LAT24.00109_LON90.04641,2018,90.04640941533675,24.00109393706591,14,33.94041419374805,33.731761820000024,1.062453995249133,31.862104880000004,36.48155891000002,0.642972997125469,6.010521154184897,0.761420234168268
Y2018_LAT24.00128_LON90.05623,2018,90.05622819828714,24.001282930860743,14,34.16145345026881,34.235539990000014,1.0431080361284077,31.284459500000025,37.163453900000036,0.6596238622053693,6.754546876916115,0.8452572433464154
Y2018_LAT24.00147_LON90.06605,2018,90.06604708253283,24.001471297199046,14,33.764597970520164,33.420336094516145,1.2900370262775827,31.884322010000034,37.171998950000045,0.6336608250440592,6.021600025411795,1.0
Y2018_LAT24.00166_LON90.07587,2018,90.07586606760358,24.00165903601108,14,34.76289707980968,34.60642135172416,1.0629020549064654,32.63970443000005,37.60950551000002,0.5782499771597335,6.3162967825730965,1.0
Y2018_LAT24.00185_LON90.08569,2018,90.08568515340238,24.00184614755451,14,34.52871982756748,34.35431618500002,0.8907711946261458,31.310094649999996,37.33777292000002,0.6239681714556875,7.9594999523528855,1.0
Y2018_LAT24.00203_LON90.0955,2018,90.09550433935439,24.002032631581265,14,35.62196236512115,35.8633098096552,1.3599345513047665,30.82815383000002,37.89832820000001,0.6682617156496569,7.948399939294045,1.0
Y2018_LAT24.00222_LON90.10532,2018,90.1053236252335,24.002218488110845,14,35.357367925402926,34.93509475000001,2.3402473084752136,32.03300588000002,49.47003491000001,0.6572809118663444,7.961102169892564,1.0
Y2018_LAT24.0024_LON90.11514,2018,90.11514301061867,24.00240371702454,14,35.254596486953815,34.83620953250002,1.9862342261587942,31.513466839999978,46.357927700000005,0.6581473544901136,7.979201152001355,1.0
Y2018_LAT24.00259_LON90.12496,2018,90.12496249532208,24.00258831841588,14,35.570128634020286,35.344212755000015,1.6757974770884434,32.71660988000002,47.667029360000015,0.6886375437548101,8.053802416238137,1.0
Y2018_LAT24.00277_LON90.13478,2018,90.13478207889872,24.002772292308027,14,34.64433972557528,34.67171732000002,0.809983286365182,31.23489821000004,36.45592376000002,0.6640444071646165,7.47150692473847,1.0
Y2018_LAT24.00296_LON90.1446,2018,90.14460176103334,24.002955638543433,14,34.324795817695254,34.3290969208451,0.6635910561876864,30.18043904000001,35.87656937000003,0.633700481716034,6.4329005092947185,1.0
Y2018_LAT24.00314_LON90.15442,2018,90.15442154138915,24.00313835715581,14,34.6223195583222,34.66964851842107,0.772656900038134,30.549585200000024,36.575554460000035,0.6630632391601228,8.009698834939806,1.0
Y2018_LAT24.00332_LON90.16424,2018,90.16424141964353,24.00332044815204,14,34.38155328994053,34.35992980812501,0.8505425875267931,31.267369400000007,37.05749528000001,0.6372898619616039,7.268937374843331,0.9855181520026124
Y2018_LAT24.0035_LON90.17406,2018,90.17406139547691,24.00350191142814,14,34.528497342762435,34.54952310500002,0.6332707455439222,32.7542081,35.827008079999985,0.6132153614778958,6.14053649372113,0.2561965525851991
Y2018_LAT24.00368_LON90.18388,2018,90.18388146853671,24.003682747040553,14,35.34903895884713,35.33314708236312,1.2173234293076944,32.18339876000002,39.96452129000002,0.6429150163078405,7.230614848382946,0.681727872145321
Y2018_LAT24.00386_LON90.1937,2018,90.19370163840667,24.003862954888493,14,35.81060559860464,35.88354213080003,0.8218188300767596,34.104326000000015,38.057266130000016,0.6643164955026387,8.0,0.9800924759495108
Y2018_LAT24.00404_LON90.20352,2018,90.20352190487804,24.004042534973074,14,36.2552580349218,36.14171006428573,1.228055266061533,34.10603501,41.11639403000001,0.6393133736370484,8.0,0.8634260840183896
Y2018_LAT24.00422_LON90.21334,2018,90.21334226757082,24.00422148730903,14,35.64257036779868,35.61232726847553,0.7986370593906137,33.00885059000001,37.73597225000003,0.6279291616632257,8.0,0.8170019444554268
Y2018_LAT24.0044_LON90.22316,2018,90.22316272609173,24.004399811826477,14,35.81097451381234,35.76744591666669,0.6385576718118153,33.651438350000035,38.44350238999999,0.6422085217122812,8.0,0.9681914571342017
Y2018_LAT24.00458_LON90.23298,2018,90.23298328017596,24.00457750857473,14,35.49630869830016,35.48419722307265,0.709710678134461,33.65314736000002,38.185441879999985,0.6485631044976591,7.864081984881538,0.9694794632694316
Y2018_LAT24.00475_LON90.2428,2018,90.24280392946517,24.004754577451283,14,37.42625891954764,36.97457411480001,1.7253047580606178,33.97444124000003,43.93626053000003,0.6006556694881043,7.246019932694797,0.9864342941045038
Y2018_LAT24.00493_LON90.25262,2018,90.2526246736737,24.004931018398594,14,37.04696501426072,36.78610449200003,2.0037352018310486,33.020813660000016,42.353717270000004,0.5700535461305175,7.272927892048918,0.7679658601879709
Y2018_LAT24.00511_LON90.26245,2018,90.26244551224927,24.005106831446067,14,38.368704460473865,38.44350239000005,0.4385238640975499,36.977171810000016,39.21597491000003,0.5972475960604087,6.0,0.026641063935708694
Y2018_LAT24.00935_LON90.00693,2018,90.00692645556579,24.009351592831333,14,34.37363968398158,34.482586880000035,1.006332369811937,32.13896450000004,36.71227526000001,0.5928594183586177,8.0,0.2132684897630557
Y2018_LAT24.00954_LON90.01675,2018,90.0167455127659,24.009543176768688,14,33.72273396851185,33.747142910000015,0.8940383894351479,31.897994089999997,36.02354423,0.6120948877842799,7.227037979143962,0.3311756511337866
Y2018_LAT24.00973_LON90.02656,2018,90.02656467272134,24.00973413308127,14,33.50174945411879,33.41754416001682,0.7552971618215537,32.08940321,35.650980050000015,0.6490133014801794,6.0,0.8262059404367805
Y2018_LAT24.00992_LON90.03638,2018,90.0363839348386,24.00992446192118,14,33.435339755782074,33.33356638591947,0.8058813446661246,31.552774069999998,35.38437449000003,0.6421274949159204,6.0,0.9791111649309759
Y2018_LAT24.01011_LON90.0462,2018,90.04620329900287,24.010114163037514,14,33.216583019848514,33.04738280383723,0.8193631970684924,31.42801634,36.52257515000002,0.6342952106730068,6.0,1.0
Y2018_LAT24.0103_LON90.05602,2018,90.05602276473513,24.01030323653413,14,34.224350697639586,34.1450980957143,1.3220005658973453,31.651896650000026,36.65075089999999,0.6586901780263403,6.237600279529753,1.0
Y2018_LAT24.01049_LON90.06584,2018,90.06584233176525,24.01049168243344,14,35.28042933546318,35.389825642586224,0.9198095025280831,32.648249480000004,37.08825746000002,0.6669358580742122,6.2088002456473435,1.0
Y2018_LAT24.01068_LON90.07566,2018,90.07566199971286,24.010679500663898,14,35.000019527114304,34.92395992361704,1.1511676735558651,31.12723058000003,38.44008437000002,0.6301351462701389,6.224298702582144,1.0
Y2018_LAT24.01087_LON90.08548,2018,90.08548176839925,24.010866691120324,14,35.50483294695153,35.45413871964288,1.1392379534875516,31.12723058000003,37.94276246000001,0.6773093053885793,7.929101093060108,1.0
Y2018_LAT24.01105_LON90.0953,2018,90.09530163723639,24.011053253815835,14,36.844291346973925,36.86087367950001,0.9456897710335702,33.63093023000002,39.03823787000002,0.6882305627769465,8.0,1.0
Y2018_LAT24.01124_LON90.10512,2018,90.10512160607054,24.01123918877232,14,36.02501408403647,36.01454344400002,0.8844267815655389,33.86848262000001,39.19888481000001,0.685081595902981,8.0,1.0
Y2018_LAT24.01142_LON90.11494,2018,90.11494167441529,24.011424495946347,14,35.86017948439045,35.675665750000014,1.2031047861432094,33.81550331,41.68891238000003,0.6739618139986393,8.281400331059222,1.0
Y2018_LAT24.01161_LON90.12476,2018,90.12476184214272,24.01160917528913,14,35.756263053319,35.76785004153848,0.9748971682480364,32.68242968000004,38.134171580000015,0.6720181227152994,8.551400648706652,1.0
Y2018_LAT24.01179_LON90.13458,2018,90.13458210874504,24.011793226804958,14,35.75179665693835,35.764848944857164,0.8687793126629,32.68242968000004,38.29994555000002,0.6844024263713552,8.154500727062246,1.0
Y2018_LAT24.01198_LON90.1444,2018,90.14440247393608,24.01197665041393,14,34.929327983858656,34.92003969754719,1.023195447188001,31.450233470000057,39.10147124000002,0.667621335064198,7.049898882233992,1.0
Y2018_LAT24.01216_LON90.15422,2018,90.15422293740608,24.012159446180302,14,34.57812562361242,34.60885016642859,0.9777311257872802,31.09646840000005,37.327518860000055,0.6602820324605911,6.750300882706935,1.0
Y2018_LAT24.01234_LON90.16404,2018,90.1640434987687,24.012341613997805,14,34.93169176350096,34.991273299063735,0.6443627858375872,33.51300853999999,36.601189610000034,0.6061088132049252,6.061475154311365,0.5808474962970491
Y2018_LAT24.0127_LON90.18368,2018,90.18368491398347,24.012704065831226,14,36.11457121206597,35.89246316300003,1.0079129729093153,34.57259474,40.48576934000005,0.6629068771089883,8.0,0.15024989699586225
Y2018_LAT24.01288_LON90.19351,2018,90.19350576707565,24.012884349796376,14,36.10137940470229,36.03678905750002,0.621148067781438,34.57259474,37.59925145,0.5832781380648366,8.0,0.2817550714399005
Y2018_LAT24.01306_LON90.20333,2018,90.20332671680983,24.01306400570573,14,34.76991704430202,34.535851025000014,0.5840186972386401,34.05476471000003,36.035507300000006,0.6494216339039323,8.0,0.06286401530291795
Y2018_LAT24.01324_LON90.21315,2018,90.21314776275689,24.01324303362963,14,35.321135455468955,35.41513667000001,0.4418412937023487,34.54354157,36.329457020000035,0.6205965512409977,8.0,0.02893433830372174
Y2018_LAT24.01342_LON90.22297,2018,90.22296890459543,24.01342143342227,14,36.28585528326932,36.187609190000046,0.5899891623167174,35.15707616,37.43176847000004,0.6594017073002593,8.0,0.021992738314343684
Y2018_LAT24.01378_LON90.24261,2018,90.24261147465621,24.013776348732712,14,36.5614753215636,36.34542969038463,1.384075724592333,34.30598918000001,43.28000069000004,0.6131848224805085,7.981409336340646,0.7879119695555424
Y2018_LAT24.01395_LON90.25243,2018,90.2524329021685,24.013952864169255,14,36.953787521464925,37.108575690000016,1.149812137109779,33.14898941000001,40.74895688000004,0.5877960012969071,6.396699190278176,0.833972278505982
Y2018_LAT24.01413_LON90.26225,2018,90.26225442429529,24.01412875148566,14,38.392227538019625,38.51015378000001,0.6623725643577405,35.84068016000003,39.06729104000004,0.5984792753000043,6.0,0.1182870768173228
Y2018_LAT24.01837_LON90.00672,2018,90.00671750543356,24.018371484734054,14,34.2126781377681,34.203942890067275,0.9201391800664712,32.34746372000001,36.70373021000003,0.6209980426855647,8.0,0.15860425104842432
Y2018_LAT24.01856_LON90.01654,2018,90.01653724561554,24.018563149446305,14,34.05607267240306,33.9605250157143,0.8173058352299621,32.54229086000001,36.502067030000006,0.6329840855057555,7.052068534236769,0.5950533252406122
Y2018_LAT24.01875_LON90.02636,2018,90.02635708857962,24.018754186457038,14,33.92235290666486,33.74087654000002,0.8478625804879938,32.42778719000003,36.15684701000001,0.6419488331942946,6.0,0.8269060068639588
Y2018_LAT24.01894_LON90.03618,2018,90.03617703379972,24.018944595524587,14,33.542291697229274,33.50871100930375,0.7818925926605639,31.875776959999996,35.32797716000002,0.6610151827081051,6.0,0.9924705465497385
Y2018_LAT24.01913_LON90.046,2018,90.0459970810189,24.01913437675637,14,34.45754379617878,34.54765387531251,1.3910738630324364,31.56815516000006,37.45227659,0.6468273767116448,6.006300029647189,1.0
Y2018_LAT24.01932_LON90.05582,2018,90.05581722992184,24.019323530082506,14,34.871049620557045,34.98493224363637,1.0878078141409322,32.47051244000005,37.14294578000005,0.6598742780677472,6.0,1.0
Y2018_LAT24.01951_LON90.06564,2018,90.06563748003342,24.0195120554735,14,35.05783312438718,35.264194465357164,1.0834954200636018,32.20903391000002,36.93615557000001,0.6647358090740448,6.0,1.0
Y2018_LAT24.0197_LON90.07546,2018,90.07545783126656,24.019699952918344,14,35.106763587679055,35.11157376875002,1.359508337730358,31.525429910000014,39.321933530000024,0.6495276488544759,6.035798991995248,1.0
Y2018_LAT24.01989_LON90.08528,2018,90.08527828307327,24.019887222368435,14,35.247335016442655,35.36118078285717,1.3509257806291932,31.315221680000008,37.73597225,0.6703922878171655,7.745005858851089,1.0
Y2018_LAT24.02007_LON90.0951,2018,90.09509883521426,24.02007386384001,14,34.99988035372982,34.983718458125026,0.9865003138613906,32.808896420000025,37.04040518000002,0.6851829517791596,7.702602495811503,0.946604461955323
Y2018_LAT24.02026_LON90.10492,2018,90.1049194872924,24.02025987727862,14,35.06851908809649,34.91396948750001,0.7611189339114676,33.85651955,37.40271530000004,0.656362142918086,8.0,0.3245606040168136
Y2018_LAT24.02045_LON90.11474,2018,90.11474023897387,24.02044526268811,14,35.41448274980731,35.29774904562502,0.9596587596354788,33.663401420000014,38.25380228000003,0.659258616818582,8.372774054359937,0.998901277485727
Y2018_LAT24.02063_LON90.12456,2018,90.12456109000473,24.020630019989614,14,35.22459024622285,35.13329243750001,0.7061101635073541,33.73517984,37.067749340000034,0.6679172342279948,8.08700040941369,1.0
Y2018_LAT24.02081_LON90.13438,2018,90.134382039963,24.020814149124085,14,36.37989587467985,36.39065060387099,0.9418784176568139,33.97785926000003,41.442814940000005,0.6814088757081977,8.0,1.0
Y2018_LAT24.021_LON90.1442,2018,90.1442030886186,24.02099765017474,14,34.84988465595066,34.70087102000002,1.0244804481172005,32.990051480000034,40.52165855000001,0.6845590025173366,7.535907894969182,1.0
Y2018_LAT24.02118_LON90.15402,2018,90.15402423550923,24.021180523111386,14,34.518703635053164,34.58541579331074,0.7981827321033274,32.829404539999985,36.59093555000004,0.6534366245314776,6.094793710783251,0.7421358092169589
Y2018_LAT24.02136_LON90.16385,2018,90.16384548029855,24.021362767818765,14,34.4251730446918,34.31453423000002,0.5726034938499254,33.35919764000002,35.82871709,0.6853707052788021,6.0,0.09503680020599523
Y2018_LAT24.0228_LON90.24242,2018,90.2424189249264,24.022798108014854,14,38.944198508406515,38.46929290454548,2.8606319240332914,34.095780950000005,46.66725851000001,0.5409033811902739,8.0,0.840870299502324
Y2018_LAT24.02297_LON90.25224,2018,90.25224103617214,24.022974697941994,14,36.738861198003974,35.779728478820445,2.618989051256922,32.32353757999999,42.98263295000004,0.5710588594698923,7.182690029307226,0.28892788423426957
Y2018_LAT24.02739_LON90.00651,2018,90.00650845226181,24.02739136426117,14,34.68588863807274,34.76742188,0.23690041166998052,34.25471888000001,35.085297740000044,0.663554004773949,8.0,0.011686255900673907
Y2018_LAT24.02758_LON90.01633,2018,90.01632887578877,24.027583109939343,14,34.36345226122588,34.61057847380109,1.0431915007864874,31.222935140000004,36.69860318000002,0.6198659267672322,8.147399876571274,0.45085376211815065
Y2018_LAT24.02777_LON90.02615,2018,90.02614940218974,24.027774227450884,14,35.365312505639835,35.325684021370584,1.0414592068514033,32.99346950000003,37.32922787000001,0.614772467032836,6.175063377731277,0.18048711402913098
Y2018_LAT24.02796_LON90.03597,2018,90.03597003069595,24.027964716901543,14,33.84592130638219,33.79280146078949,0.5175639864029721,32.848203650000016,35.326268150000004,0.6439119623563377,6.0,0.13863313176000802
Y2018_LAT24.02815_LON90.04579,2018,90.04579076145403,24.028154578179574,14,35.51529970768245,35.452935950000025,0.8240153277062146,33.19855070000003,37.61463254000003,0.671609293207851,6.0,0.6834161803904619
Y2018_LAT24.02834_LON90.05561,2018,90.05561159372064,24.02834381130787,14,34.47902428880236,34.61102875321169,1.2202219394204845,32.27397629000001,36.93444656,0.6615276755824167,6.2240528812644715,0.7961229348273577
Y2018_LAT24.02853_LON90.06543,2018,90.06543252742239,24.028532416215814,14,34.07857528522113,34.17097739000002,0.89381652714359,32.14409153,36.604607630000004,0.6445125516164045,6.301006389965271,0.9086607517041039
Y2018_LAT24.02872_LON90.07525,2018,90.07525356212062,24.02872039298285,14,34.547476860999396,34.545011318600025,0.8281751571072853,31.793744480000015,36.355092170000034,0.6413317706399126,6.332608101419191,0.9636904719526692
Y2018_LAT24.02891_LON90.08507,2018,90.08507469747711,24.02890774142831,14,33.98119726477653,33.987108020000015,0.8721035192398845,31.83476072000002,36.20982632000005,0.6384592771580676,6.356361263136984,1.0
Y2018_LAT24.02909_LON90.0949,2018,90.0948959331981,24.029094461614562,14,33.69062336864763,33.55601862500002,0.6802348229874932,32.24321411000005,35.58091064000001,0.6425466073783678,6.033525684446997,0.42173645765531187
Y2018_LAT24.02928_LON90.10472,2018,90.10471726886135,24.029280553518188,14,33.99343275509935,33.996658370000034,0.03829812860162951,33.957351140000014,34.06330976000001,0.6729608466293637,8.0,0.0005339405876175292
Y2018_LAT24.02947_LON90.11454,2018,90.11453870427195,24.029466017085266,14,34.51625025944587,34.5097886225,0.5364036388897937,33.55060676000002,35.71079540000002,0.6743184211047579,8.0,0.22417195564486975
Y2018_LAT24.02965_LON90.12436,2018,90.12436023893018,24.02965085236639,14,34.85003081244627,34.80582434000003,0.7119445690155862,33.33014446999999,36.833614969999985,0.6637615584989395,8.0,0.631538002279594
Y2018_LAT24.02984_LON90.13418,2018,90.13418187256471,24.0298350592277,14,34.97917125392914,34.945586172500015,0.7125521252781859,33.360906650000004,36.79259873000001,0.6817809572010525,8.0,0.776238983632826
Y2018_LAT24.03002_LON90.144,2018,90.14400360500903,24.030018637753553,14,34.84635021171492,34.88010194166183,0.7130006057988433,32.82769553,36.61998872000001,0.6766458281399134,8.139215167256724,0.6575625605117252
Y2018_LAT24.0302_LON90.15383,2018,90.15382543554587,24.030201587748444,14,34.56437666895409,34.610192960000006,0.2535409118279796,34.19148551000001,35.02377338000002,0.5396806648647298,6.994897959183674,0.0027768726180525055
Y2018_LAT24.03164_LON90.2324,2018,90.23240357986296,24.031642561978984,14,41.82671544828128,41.71796555000003,0.47107816897845584,40.97796422000002,42.31782806000001,0.3310973732458319,7.407169117647058,0.0038564329413099106
Y2018_LAT24.03182_LON90.24223,2018,90.24222628036154,24.03181985510634,14,39.19057161416993,38.90630229800002,2.487403204233387,33.89069975000001,45.187255849999985,0.519710425965917,6.816089374329816,0.43800220634013315
Y2018_LAT24.032_LON90.25205,2018,90.25204907562119,24.03199651969358,14,42.430142792534255,42.47762049500004,0.21266549446264993,42.06147656000002,42.81514997000002,0.38751096882454933,8.0,0.005688338551775926
Y2018_LAT24.03641_LON90.0063,2018,90.00629929605367,24.036411231532128,14,35.58873776094677,35.69872656065148,0.6334296427440894,34.09407194000005,36.830196950000015,0.6180255770169069,8.084077493567431,0.0944680364317478
Y2018_LAT24.0366_LON90.01612,2018,90.01612040333335,24.036603057988735,14,35.74763446641002,35.82602594072874,0.7653210614292937,33.16095247999999,37.88123810000002,0.6130248069027264,9.42730320946697,0.8138962679092486
Y2018_LAT24.03679_LON90.02594,2018,90.0259416133831,24.03679425616398,14,35.422778538845925,35.35532132000003,0.801446210602118,33.750560930000006,36.825069920000004,0.6007540358067744,6.323088304526195,0.05303689647300549
Y2018_LAT24.03755_LON90.06523,2018,90.06522747375895,24.037552764788703,14,35.74854951690486,35.82329139805827,0.43746200628466914,34.75374980000004,36.561882380000014,0.6638395645561547,6.478124608248714,0.08570845301453361
Y2018_LAT24.03774_LON90.07505,2018,90.07504919229622,24.037740820748656,14,35.38326963183928,35.42504892800003,1.0320388384148445,32.138964500000014,38.376851000000045,0.6430165537324428,7.1218986142457705,0.46927267272260786
Y2018_LAT24.03793_LON90.08487,2018,90.08487101152558,24.037928248245947,14,34.209895349262766,34.233698057000026,1.0220453226936868,31.711712000000034,36.683222090000015,0.6672971853953168,7.004144256355095,0.32015240001015083
Y2018_LAT24.04562_LON90.01591,2018,90.01591182811815,24.045622993824633,14,35.695069197668815,35.63332028,0.6907414372621797,34.66829930000006,37.78553354000002,0.6259476590881853,10.892903070245945,0.08982712501940268
