grid_id,year,longitude,latitude,scene_count,lst_c,lst_c_median,lst_c_stddev,lst_c_min,lst_c_max,ndvi,mean_pixel_obs_count,valid_lst_ratio
Y2022_LAT23.52482_LON90.15502,2022,90.15502415698468,23.524824690620612,21,26.59427761365353,26.658853034000025,0.21627761947916455,25.996782560000042,27.042696680000006,-0.08631363433596995,7.029566305254382,0.08547861608766023
Y2022_LAT23.525_LON90.16481,2022,90.16480821194499,23.52500333582075,21,26.609011855228605,26.45098980091373,0.9015941284941283,26.065142960000003,32.90118296000003,-0.06631925769374913,5.721428682932927,0.46330932129838603
Y2022_LAT23.52518_LON90.17459,2022,90.17459236327528,23.5251813673849,21,34.95891591367801,34.79750045600004,1.7129340204034889,28.389396560000023,38.92202519000003,0.4202358049253107,6.052161423667071,0.3098907540827002
Y2022_LAT23.53385_LON90.15483,2022,90.15483003468516,23.533846342091746,21,26.46403894291208,26.45048756260872,0.23105870136698595,25.95234830000001,27.305884220000053,-0.0710688557102083,5.337408174263277,0.6337949680379062
Y2022_LAT23.53403_LON90.16461,2022,90.16461475513425,23.53402506394596,21,29.04072096499672,26.901564786621638,3.3512619858503023,25.90107800000004,35.73130351999998,0.12646411654431397,4.954699786822509,1.0
Y2022_LAT23.5342_LON90.1744,2022,90.17439957193227,23.534203171844304,21,33.77814676453678,33.73359512163637,0.840881475577823,32.04155093000003,36.91735646000001,0.5304407002737233,6.081987213326313,0.9161597489413807
Y2022_LAT23.53438_LON90.18418,2022,90.18418448473497,23.53438066576062,21,34.82110077113004,34.91439674000003,0.31563990046363716,34.01545748000001,35.192965370000024,0.5294006553831245,6.233492171545269,0.015633036895669743
Y2022_LAT23.54269_LON90.14485,2022,90.14485052638558,23.542688569006817,21,26.86389134740902,26.86848853775423,0.2135394258484832,26.348838620000038,27.551981660000024,-0.06627551903985544,6.638084688585667,0.21454342503240686
Y2022_LAT23.54287_LON90.15464,2022,90.15463581577698,23.542867981597322,21,27.834383920175885,27.027827505437813,2.1773712136760333,25.566112040000036,36.57897248000003,-0.007714716348670674,5.508154444081216,0.9769764157304168
Y2022_LAT23.54305_LON90.16442,2022,90.16442120199689,23.543046780077745,21,33.19307105055719,33.46674319785718,1.9760409137848047,25.572948080000003,36.64733288000002,0.4932655159261214,5.10689894929288,1.0
Y2022_LAT23.54322_LON90.17421,2022,90.17420668451803,23.54322496427895,21,33.482800311055264,33.45874747250002,1.2082884277892263,30.52565906000001,38.31532664000002,0.5409303273624201,6.522602459305693,1.0
Y2022_LAT23.5434_LON90.18399,2022,90.18399226315104,23.543402534303326,21,33.54467568599507,33.49506393500003,0.6892367531202716,31.867231910000044,35.122895959999994,0.599643351256061,5.418928394301639,0.20954459447836943
Y2022_LAT23.55153_LON90.13487,2022,90.13486968623559,23.551530015836853,21,26.607939989402034,26.618862200000024,0.0963215455398733,26.39327288000004,26.916229939999994,-0.08679540037583637,7.0,0.0787980038124613
Y2022_LAT23.55171_LON90.14466,2022,90.14465554458269,23.551710119708087,21,26.795230515474646,26.651159074618633,0.8233236776546837,26.13350336000002,36.64220585000004,-0.07132710491511357,6.351186760115425,0.9098167398992635
Y2022_LAT23.55189_LON90.15444,2022,90.15444150021044,23.551889609170125,21,32.45425978403373,33.71776198465756,3.0476599337100154,26.22920792000002,37.776988490000036,0.3464706603554729,5.271401495766471,1.0
Y2022_LAT23.55207_LON90.16423,2022,90.16422755244805,23.552068484213372,21,33.18194263789599,33.25862897461542,0.6555576388158094,31.14432068000002,34.50081632000001,0.605470656114396,5.896199877882228,1.0
Y2022_LAT23.55225_LON90.17401,2022,90.1740137011059,23.552246744855402,21,33.29959212318406,33.32754026428573,0.941492565207208,30.54787619000001,35.82017203999999,0.5954903629024303,6.507581204741632,0.9116997001730217
Y2022_LAT23.55242_LON90.1838,2022,90.18379994580019,23.552424390933815,21,33.86818101471879,33.919752920000036,0.7165918531508498,31.83134270000005,35.19809240000001,0.6202274972507238,5.321645723550875,0.0704200727179309
Y2022_LAT23.55946_LON90.07596,2022,90.07595685000386,23.55945748442499,21,40.16632969412582,40.108719008750036,1.0176548292453529,37.395879260000044,42.56050748000001,0.11392092705715162,3.0879263708855857,0.10180857113224358
Y2022_LAT23.55964_LON90.08574,2022,90.08574278524303,23.559641352957325,21,36.45941652573442,36.07623690224687,1.567112307252622,33.60187706000002,40.742120839999984,0.21225927496394942,4.765236484481632,0.060107009095773045
Y2022_LAT23.56055_LON90.13467,2022,90.1346739410854,23.560551477377906,21,26.47225774819618,26.47227506136567,0.13938742094206533,26.119831280000028,27.13156520000001,-0.0895357219614747,6.232658755219568,0.3829640539155165
Y2022_LAT23.56073_LON90.14446,2022,90.14446046595044,23.560731658431777,21,29.38114316615817,27.278426126000017,3.5821254470197657,26.123249299999998,37.48474778000002,0.09198807301744992,5.375199412703102,1.0
Y2022_LAT23.56091_LON90.15425,2022,90.15424708780246,23.56091122487003,21,33.78125373794167,33.79520881625002,0.7975161003327466,31.927047260000023,37.58728838000002,0.5840424155934782,6.041904903081882,1.0
Y2022_LAT23.56109_LON90.16403,2022,90.16403380648616,23.56109017648935,21,33.270800845170605,33.42041127090911,0.8067864038630638,31.036653050000012,35.55356648000003,0.606357039433302,4.830396848926333,1.0
Y2022_LAT23.56127_LON90.17382,2022,90.1738206215853,23.561268513405874,21,33.16197620191348,33.23288626454548,0.936875805307039,30.928985420000032,36.42174355999998,0.6141481219620062,5.967501023534215,1.0
Y2022_LAT23.56145_LON90.18361,2022,90.18360753279721,23.561446235584405,21,33.84930784403871,33.86797923887274,0.6987777800988311,31.756146260000037,35.65781608999998,0.6364355294265758,6.548857889890651,0.7319472075656632
Y2022_LAT23.56162_LON90.19339,2022,90.193394539743,23.561623342994867,21,32.95466879229388,32.97923555369863,0.653877560940019,31.27420544000006,35.12118694999998,0.6271516771774918,7.3408445069395105,0.6137061977577558
Y2022_LAT23.5618_LON90.20318,2022,90.20318164221113,23.561799835632396,21,32.528563512354644,32.76084308000001,0.7108089328320891,29.830091990000028,33.755687960000046,0.6206029498380127,6.6512372881356,0.21161440269144766
Y2022_LAT23.56811_LON90.05618,2022,90.0561841032653,23.56810872663883,21,27.237908691791436,27.129856190000027,0.2775516093190426,26.946992120000004,28.160389220000013,-0.11226517695387864,4.8779498342650776,0.07210173360918887
Y2022_LAT23.56829_LON90.06597,2022,90.0659705057738,23.56829390346477,21,31.672294001094375,29.729260399999987,4.720116334284359,26.523157640000022,41.68549436000001,0.05957825866334321,5.683350104752636,0.43596520563412666
Y2022_LAT23.56848_LON90.07576,2022,90.07575700812465,23.56847846549364,21,37.19611079584436,37.90739338347828,3.5072768032096957,26.65646042000003,42.58956065000001,0.1114805635507048,5.238196309974989,0.8864971204758622
Y2022_LAT23.56866_LON90.08554,2022,90.08554360972573,23.56866241285735,21,35.26343938486473,35.467379337758636,2.538943658713936,29.00122214000001,40.30803229999998,0.20543769961696795,5.666881580969594,0.9518802250775172
Y2022_LAT23.56885_LON90.09533,2022,90.09533031066343,23.568845745324147,21,33.527172251381785,34.65856443291141,3.462334856979953,26.19844574000001,39.94059515000001,0.24821221162780033,4.49490836213657,0.6182858456377526
Y2022_LAT23.56903_LON90.10512,2022,90.10511711033375,23.569028462994325,21,26.354440434104024,26.163225273043494,0.9861474956155686,25.637890459999994,35.54502143000002,-0.09321168960759471,4.379511078957551,0.6407173579495433
Y2022_LAT23.56921_LON90.1149,2022,90.11490400835534,23.56921056583318,21,26.626202533615363,26.581730073636383,0.2108370355183265,26.205281780000007,27.608378990000034,-0.08441849305831244,6.105523818764735,0.886297428326746
Y2022_LAT23.56939_LON90.12469,2022,90.12469100463397,23.56939205383484,21,26.961723214518894,26.63915669375001,0.9574054919795777,25.948930280000013,33.13531733000002,-0.09123680441655059,6.5264386442116615,0.9306195872290923
Y2022_LAT23.56957_LON90.13448,2022,90.1344780985673,23.56957292699432,21,26.68449599763904,26.612715063255834,0.5839826861495558,24.205740080000055,29.01147620000006,-0.06334144020113436,5.167243740894276,0.9785440531296886
Y2022_LAT23.56975_LON90.14427,2022,90.1442652900807,23.56975318514655,21,30.996164438156217,29.958267740000025,3.4307374040898146,26.171101580000027,36.958372699999984,0.2060537656433233,4.737396411277231,1.0
Y2022_LAT23.56993_LON90.15405,2022,90.15405257867346,23.569932828379407,21,34.157335529353595,34.17212606885248,0.7586250577657514,31.643351600000017,37.41126035000002,0.5732387504910254,5.6945996407054595,1.0
Y2022_LAT23.57011_LON90.16384,2022,90.16383996414751,23.570111856688687,21,33.39362253231845,33.422601911000015,0.6812678158369585,31.499794759999986,35.59287371000002,0.6294936150983397,6.243201462589955,1.0
Y2022_LAT23.57029_LON90.17363,2022,90.1736274458886,23.570290270004396,21,33.97631590813477,34.01773616000001,0.8595993408840406,31.944137360000013,37.07800340000006,0.6126029607253413,5.611900526590721,1.0
Y2022_LAT23.57047_LON90.18342,2022,90.18341502396615,23.570468068336094,21,33.1881974228051,33.21195985538463,0.6479112173347935,31.564737140000034,34.91097872,0.6248830906590003,5.477099384822803,1.0
Y2022_LAT23.57065_LON90.1932,2022,90.19320269775938,23.57064525159108,21,33.11328789174142,33.10657234213117,0.816329854840876,30.535913120000032,35.98423700000001,0.6057102258089213,6.445200523765324,1.0
Y2022_LAT23.57082_LON90.20299,2022,90.2029904670772,23.570821819783017,21,32.19665165354044,32.1059769081551,0.9112445170868849,30.08131646000001,34.75033178000001,0.6257027666555259,5.574840606110793,0.869721771130019
Y2022_LAT23.57694_LON90.0462,2022,90.04619585909796,23.576943666385603,21,27.67983588126752,27.882504194000017,0.43520892900897395,26.629116260000046,28.662838160000007,-0.08951269233854803,3.025455349492827,0.13053062225813936
Y2022_LAT23.57713_LON90.05598,2022,90.05598282827117,23.577129537391478,21,31.83966449722914,31.60347470000001,3.7339197286917414,26.71114874,40.67546945000004,0.09811478228159731,3.71827703537553,0.9416774664728672
Y2022_LAT23.57731_LON90.06577,2022,90.065769897539,23.577314793497933,21,27.60997808841116,26.904705669864878,2.0331854750796174,24.253592360000027,39.720132860000035,-0.09285774679999843,4.951901119883679,1.0
Y2022_LAT23.5775_LON90.07556,2022,90.07555706663567,23.577499434562377,21,37.52881698900271,37.46228650571431,2.643132342322957,26.97091826000002,42.64253996000002,0.1486278085674445,6.138398986351743,1.0
Y2022_LAT23.57768_LON90.08534,2022,90.08534433523448,23.5776834605988,21,31.38437754546386,29.459664072500004,4.604329778605799,26.533411699999988,40.61052707000002,0.049381673758549134,5.918897265398906,1.0
Y2022_LAT23.57787_LON90.09513,2022,90.0951317028898,23.57786687159305,21,27.35202558394903,26.535521259218754,2.3889389788113595,25.654980560000013,37.24377737000003,-0.06495491192067836,4.686898455174661,1.0
Y2022_LAT23.57805_LON90.10492,2022,90.10491916941976,23.578049667496614,21,26.037519424790812,26.10274118000001,0.4118077716062454,24.83807378000006,26.68551359,-0.08704787760283038,4.586599513646498,1.0
Y2022_LAT23.57823_LON90.11471,2022,90.11470673447899,23.57823184828701,21,26.50127330406761,26.50424459600002,0.3069521904613064,25.552439960000015,27.408424820000022,-0.0750456321891048,5.707600976945789,1.0
Y2022_LAT23.57841_LON90.12449,2022,90.12449439763861,23.578413414009635,21,28.940781201127056,28.58935073000001,2.538340987295518,25.925004140000055,36.70543922000002,-0.033358647937112,5.430599330116872,1.0
Y2022_LAT23.57859_LON90.13428,2022,90.13428215864754,23.57859436451453,21,27.469076281004384,27.213910597323984,1.8233504089791612,24.345878900000002,35.27670685999999,-0.011998996642188406,4.166496666466672,1.0
Y2022_LAT23.57877_LON90.14407,2022,90.14407001710569,23.578774699885162,21,33.65224642801699,34.342606576869585,2.926519700951811,26.321494460000054,38.920316180000015,0.39017132117501363,5.111893467733979,1.0
Y2022_LAT23.57895_LON90.15386,2022,90.15385797276721,23.57895442004642,21,34.50280502489518,34.547393219403,0.6179282486845534,33.18146060000004,37.257449450000024,0.5916897218954764,5.131798978587049,1.0
Y2022_LAT23.57913_LON90.16365,2022,90.16364602520018,23.579133524951896,21,33.71589324538235,33.66644429146343,0.7731911711335746,31.55448308000001,35.49716915000002,0.6440285187577213,5.167400196941427,1.0
Y2022_LAT23.57931_LON90.17343,2022,90.17343417417264,23.57931201463274,21,33.704948376452414,33.804920594230786,0.6948805256128638,31.95439141999998,35.41684568000005,0.6451395847373098,4.984099925176136,1.0
Y2022_LAT23.57949_LON90.18322,2022,90.18322241933929,23.579489889063357,21,33.902700174981476,34.013142047096785,0.8074066915202864,31.482704660000024,36.20982632000005,0.6153141396881023,5.280500330000408,1.0
Y2022_LAT23.57967_LON90.19301,2022,90.19301076029917,23.579667148169737,21,32.9832970382865,32.97740480600001,1.0669220008780023,30.08473448000001,35.72788550000001,0.6064761501152651,5.807300949765835,1.0
Y2022_LAT23.57984_LON90.2028,2022,90.20279919675204,23.579843791963405,21,33.124951871168385,33.20025971000001,0.9089654103463344,30.086443490000022,36.30894890000002,0.6245596762032967,6.330270953997731,0.9147433164849919
Y2022_LAT23.58002_LON90.21259,2022,90.21258772841915,23.580019820434256,21,32.274823241921055,32.29619342000001,0.22012039250201043,32.00224370000001,32.624323340000046,0.7012217742383796,7.0,0.006008100491410941
Y2022_LAT23.58596_LON90.04599,2022,90.04599381691534,23.58596438550922,21,27.60972220364074,27.668194340000014,0.1484206542805779,27.268286000000018,27.719464640000012,-0.1461961733232427,5.044046799724706,0.005143016929834805
Y2022_LAT23.58615_LON90.05578,2022,90.05578145311696,23.586150336100093,21,33.45756441478341,34.798743329385914,4.539893166897519,27.042696680000006,43.611548630000016,0.06617969553309194,5.178841653223053,0.6371780069275793
Y2022_LAT23.58634_LON90.06557,2022,90.06556918952256,23.586335671448463,21,28.809174291596822,26.80236093145521,4.236009358113755,26.188191680000045,43.399631390000025,-0.0712162420856034,5.840903957195088,1.0
Y2022_LAT23.58652_LON90.07536,2022,90.07535702573853,23.58652039155245,21,28.05636512799971,26.786115510671955,3.0288944158670215,26.054888900000037,38.74941518000003,-0.0865308981221471,5.830996851749893,1.0
Y2022_LAT23.5867_LON90.08514,2022,90.08514496146475,23.586704496283456,21,26.601313174369185,26.541051980000013,0.1763379781472865,26.27706020000005,27.220433720000017,-0.11673276800090437,6.235299930823202,1.0
Y2022_LAT23.58689_LON90.09493,2022,90.0949329963622,23.586887985781267,21,26.415447063381876,26.406944960000033,0.13029852532713065,26.061724939999976,26.964082220000023,-0.11205407088229075,4.946095040447245,1.0
Y2022_LAT23.58707_LON90.10472,2022,90.10472113013071,23.58707085993436,21,26.400040452715977,26.413460560625023,0.4316378366133341,25.029482900000005,27.283667090000023,-0.09023314142592621,5.77060127341775,1.0
Y2022_LAT23.58725_LON90.11451,2022,90.11450936239324,23.587253118705235,21,27.468500787209035,26.655305255833348,2.207772699730046,25.63618145000001,35.55356648000003,-0.026392905607749144,5.448798582581564,1.0
Y2022_LAT23.58743_LON90.1243,2022,90.12429769287054,23.587434762095437,21,30.60520655337378,31.675822789999998,3.354896915901665,26.218953860000056,35.78257382000001,0.21652786225666448,5.486097581635673,1.0
Y2022_LAT23.58762_LON90.13409,2022,90.13408612110976,23.58761579005396,21,33.42383458630604,33.718958728135604,1.5863057253936967,26.810271320000027,36.394399400000026,0.46289065985478445,5.693596205158605,1.0
Y2022_LAT23.5878_LON90.14387,2022,90.14387464704231,23.58779620262227,21,33.96315812595018,33.85044711021279,0.6380177635405122,32.63799542000001,36.03379828999999,0.5565192615893263,5.766898903053659,1.0
Y2022_LAT23.58798_LON90.15366,2022,90.15366326991588,23.58797599966816,21,34.41675732058564,34.39962703023257,0.47378101375689896,33.089174060000005,35.65610708000003,0.6221103461785953,4.743396439512654,1.0
Y2022_LAT23.58816_LON90.16345,2022,90.16345198990635,23.58815518125924,21,34.157362938088404,34.0798579787805,0.859072554959095,31.732220120000022,36.34312910000003,0.6361163011194912,4.79010136518289,1.0
Y2022_LAT23.58833_LON90.17324,2022,90.17324080625525,23.588333747325716,21,34.10876062435599,34.01488011175677,0.8202724521611722,32.02958785999999,37.58728838000002,0.6149203837117833,4.654200725650474,1.0
Y2022_LAT23.58851_LON90.18303,2022,90.183029718879,23.58851169786459,21,33.165434556749915,33.292945019000015,1.1573817895590843,30.214619240000047,36.018417200000044,0.5674708985131608,3.7637965355131064,1.0
Y2022_LAT23.58869_LON90.19282,2022,90.19281872730237,23.588689032843238,21,32.308697183096456,32.10575273900002,1.0447529741390749,29.626719800000046,35.12289596000005,0.6102262761304426,4.967395140683012,1.0
Y2022_LAT23.58887_LON90.20261,2022,90.20260783126669,23.588865752282388,21,33.65183908658241,33.732264470000025,0.8876191615121745,31.27762346000003,35.461279940000054,0.6269747440735963,6.552902601894595,1.0
Y2022_LAT23.58904_LON90.2124,2022,90.21239703050647,23.589041856029944,21,33.185948854636095,33.01780431630437,1.0613094720144216,31.106722460000015,35.69028728000001,0.6544432989733914,6.500393016713558,0.3522228860361078
Y2022_LAT23.5948_LON90.036,2022,90.03600347111704,23.59479844691392,21,35.114350909999985,35.114350909999985,0.0,35.114350909999985,35.114350909999985,0.10547200590372086,8.0,6.711480517278528e-05
Y2022_LAT23.59499_LON90.04579,2022,90.04579167419091,23.59498509252726,21,33.79087665231576,34.60100703125002,3.346677239443348,27.38449867999998,40.60710905000002,-0.009717690658531924,6.446650371365026,0.688240050828857
Y2022_LAT23.59517_LON90.05558,2022,90.05557997778936,23.59517112263364,21,29.431921112134543,28.218760049642874,2.3790900009645797,26.839324490000024,37.52918204000002,-0.14809819927278672,5.862401705419796,1.0
Y2022_LAT23.59536_LON90.06537,2022,90.06536838164709,23.595356537252762,21,26.906711193475964,26.72213819218184,1.1407262199493455,26.376182780000022,37.60608748999999,-0.1626719239167083,6.599400705177297,1.0
Y2022_LAT23.59554_LON90.07516,2022,90.07515688533432,23.59554133638684,21,26.444671174946585,26.43968709060977,0.09707238711243274,26.227498910000037,26.817107360000023,-0.15210494576601624,6.141900166941371,1.0
Y2022_LAT23.59573_LON90.08495,2022,90.08494548853858,23.595725519964397,21,26.51365983254747,26.49824752454548,0.10088593497492868,26.290732280000043,26.935029050000026,-0.10521765767758245,6.0,1.0
Y2022_LAT23.59591_LON90.09473,2022,90.09473419102342,23.595909087928014,21,27.65375397063477,27.02956578650002,1.9228786549958738,26.372764759999995,34.88876159,-0.032770347983593566,6.057600067764783,1.0
Y2022_LAT23.59609_LON90.10452,2022,90.10452299225352,23.596092040304715,21,31.138664033209775,31.771527350000014,3.0661473753962256,26.786345180000012,37.04040517999999,0.29901380225168067,6.489900576353615,1.0
Y2022_LAT23.59627_LON90.11431,2022,90.11431189212549,23.596274377093007,21,34.17862414392595,34.407390440000015,1.2559733843912766,27.211888670000008,36.54137426,0.5339911664520613,6.378001778831905,1.0
Y2022_LAT23.59646_LON90.1241,2022,90.12410089023778,23.596456098183445,21,33.976461551564256,34.14029289227275,0.9099926546821087,31.222935140000004,37.81287770000006,0.5761557054449158,6.389700458471127,1.0
Y2022_LAT23.59664_LON90.13389,2022,90.13388998618139,23.596637203605646,21,34.08644789265737,34.01239550375002,0.7435052373498137,32.59014314000001,37.166871920000006,0.5691537765857294,7.01280119153081,1.0
Y2022_LAT23.59682_LON90.14368,2022,90.1436791796325,23.596817693356176,21,33.42783057007011,33.39059459514288,0.6081314466792365,31.43827040000002,35.61850886000002,0.6076915315543097,5.776601301653187,1.0
Y2022_LAT23.597_LON90.15347,2022,90.1534684703842,23.59699756729302,21,34.57481366087648,34.76479427712502,0.9525959903403661,31.83134270000002,37.271121530000016,0.6161898178007088,4.863499839411573,1.0
Y2022_LAT23.59718_LON90.16326,2022,90.16325785798442,23.597176825579254,21,34.560022710819176,34.64090001064519,0.8595743109032826,31.55106506000004,36.753291500000046,0.6286087107169359,4.618300727412621,1.0
Y2022_LAT23.59736_LON90.17305,2022,90.1730473421215,23.597355468053422,21,34.08901360046166,34.08032865125003,0.9625370325722074,31.592081300000018,36.315784940000015,0.6243925430062067,3.4776975421060845,1.0
Y2022_LAT23.59753_LON90.18284,2022,90.18283692257297,23.597533494740503,21,32.975835041473196,32.913146030000014,0.6022527673189848,31.759564280000006,34.774257920000025,0.6028147618273402,4.94830111564837,1.0
Y2022_LAT23.59771_LON90.19263,2022,90.19262659872543,23.597710905631754,21,32.811667329639306,32.8622419464286,1.2145851826961414,29.48999900000001,35.92442165,0.5844954413925739,4.554997123526029,1.0
Y2022_LAT23.59789_LON90.20242,2022,90.20241637070119,23.597887700577804,21,33.82998104322194,33.85940350437502,0.7872312287755665,31.50663080000004,35.650980050000044,0.6545526767626981,5.596498101167538,1.0
Y2022_LAT23.59806_LON90.21221,2022,90.2122062376602,23.598063879734603,21,33.49009840929843,33.61005589357144,0.829457499834529,31.04861612000002,35.11264190000003,0.6736127537678178,6.533037686178198,0.9996997315246572
Y2022_LAT23.59824_LON90.222,2022,90.22199619966455,23.598239442940674,21,33.200444310536014,33.077780660000016,1.0057216217145661,30.645289760000026,35.50229618000003,0.6553920941568571,5.711580817709009,0.5859766458190233
Y2022_LAT23.60382_LON90.0358,2022,90.03580056023165,23.603819061985668,21,35.97693560913181,35.948347790000014,0.719900439692757,34.54183256000002,37.659066800000005,0.06801569642012578,8.0,0.08395269664934614
Y2022_LAT23.60401_LON90.04559,2022,90.04558943091567,23.604005787425084,21,37.56592178305511,37.82825879000002,1.8468187182496707,34.52474246000003,42.41011460000004,0.10553848006967376,7.641100754236198,1.0
Y2022_LAT23.60419_LON90.05538,2022,90.05537840228902,23.60419189714959,21,32.78880397138958,31.671550265000022,4.996050034197516,26.65646042000003,42.01020626000002,-0.04457931599127481,6.458797453164505,1.0
Y2022_LAT23.60438_LON90.06517,2022,90.06516747388737,23.604377391111335,21,26.683391805345114,26.65968312457145,0.23819015788859127,26.248007030000025,27.545145620000028,-0.16804157747113324,6.489999399999303,1.0
Y2022_LAT23.60456_LON90.07496,2022,90.07495664535803,23.604562269246284,21,26.824353973045426,26.673626815089314,0.6441864527064658,26.23262594000002,30.26247152000002,-0.13945092235643977,6.691500813530365,1.0
Y2022_LAT23.60475_LON90.08475,2022,90.08474591641308,23.60474653158036,21,29.032129168326943,27.723175633142873,2.702940818003174,26.383018820000018,35.89024145000002,0.03745500149853244,6.516997727048153,1.0
Y2022_LAT23.60493_LON90.09454,2022,90.09453528668544,23.604930178071733,21,33.15896688148564,33.71775012903848,1.761112726686608,26.905975880000028,34.99984724000001,0.4957392436151704,6.782898568115977,1.0
Y2022_LAT23.60511_LON90.10432,2022,90.1043247559147,23.605113208680958,21,33.788405573447186,33.953933120000016,0.683760028723397,31.339147819999994,35.382665480000014,0.5746951335005134,7.414399311058021,1.0
Y2022_LAT23.6053_LON90.11411,2022,90.11411432372446,23.60529562340362,21,33.809621378582285,33.8296673777273,0.7473880211052396,31.991989640000043,36.312366920000045,0.5751942005850217,7.315499131760642,1.0
Y2022_LAT23.60548_LON90.1239,2022,90.12390398965758,23.605477422241357,21,34.74466321435903,34.66493731311478,0.579731412456228,33.28741922000006,36.787471700000026,0.5734819923921385,6.42819932729333,1.0
Y2022_LAT23.60566_LON90.13369,2022,90.13369375359669,23.605658605116787,21,33.97849822742128,33.856190894230785,0.7994143862839411,32.11503836000003,36.295276820000026,0.5874715528103641,5.478599386587527,1.0
Y2022_LAT23.60584_LON90.14348,2022,90.14348361519569,23.605839172024595,21,34.1821593382242,34.170977390000026,1.1400696198859857,31.453651490000027,37.71717314,0.6101593419795055,5.43369968799855,1.0
Y2022_LAT23.60602_LON90.15327,2022,90.15327357382665,23.606019123018413,21,34.38015471781746,34.456202164210545,1.0812935694385832,31.73905616000002,38.43324833,0.5975204029425192,5.406800478588814,1.0
Y2022_LAT23.6062_LON90.16306,2022,90.16306362953624,23.606198457881845,21,34.23037655737404,34.29750516607145,1.1412412262019023,30.282979640000008,37.75135334000004,0.5845951662614864,5.042098873057507,1.0
Y2022_LAT23.60638_LON90.17285,2022,90.17285378180443,23.60637717677695,21,33.92998462604409,33.652048710714304,1.4486132831428742,30.023210120000044,38.54091596000001,0.4902523953556553,5.144695975039903,1.0
Y2022_LAT23.60656_LON90.18264,2022,90.18264403032298,23.606555279582388,21,32.50591271774865,32.577696387924554,0.9554242486074035,30.26247152000002,34.63070108000002,0.5468159324078893,6.443100521294743,1.0
Y2022_LAT23.60673_LON90.19243,2022,90.19243437472318,23.606732766304486,21,34.042431395616916,34.14070349857145,0.8406760090686982,31.045198099999993,36.15513800000002,0.6251414373118347,5.762099720117336,1.0
Y2022_LAT23.60691_LON90.20222,2022,90.2022248147192,23.606909636959887,21,33.72838500341975,33.70584183500004,1.0459462574140248,31.53739298000005,37.03015112000003,0.6464211402924211,6.477602247540001,1.0
Y2022_LAT23.60709_LON90.21202,2022,90.21201535005709,23.607085891444353,21,33.77031741445425,33.76898026000001,1.097876170254406,30.83669888000003,37.03015112000003,0.6375046238592296,5.823899792823294,1.0
Y2022_LAT23.60726_LON90.22181,2022,90.22180598019388,23.607261529761217,21,34.528771941624434,34.794451222368444,1.3016149376445914,29.889907340000036,37.378789160000025,0.6096300859658831,5.706841664114504,0.8931326008011549
Y2022_LAT23.61081_LON90.42743,2022,90.4274305541086,23.610807560186927,21,37.04377993707744,36.94128260000002,2.7231010120615537,33.57453290000001,41.8461413,0.1999068972816417,3.7449103542101954,0.07319224299497504
Y2022_LAT23.61097_LON90.43722,2022,90.43722318872717,23.610969637114824,21,34.14198712400743,33.78645014,1.3188793911450378,32.942199200000005,38.30507258,0.13054003573821601,2.4831472291149708,0.03434134702442464
Y2022_LAT23.61284_LON90.0356,2022,90.03559754830985,23.612839664946023,21,35.10037864186647,34.960540010000045,0.34946868490197847,34.75033178000001,35.98594601000002,0.05182723581768945,8.0,0.01320532887607739
Y2022_LAT23.61303_LON90.04539,2022,90.04538708714924,23.613026470206158,21,34.22319343144385,34.78749733220997,2.516478726200989,29.65406396000003,39.55264987999999,0.011746103716405361,6.416482180664797,0.4491916149259223
Y2022_LAT23.61321_LON90.05518,2022,90.05517672655843,23.61321265948055,21,28.799586290214382,28.217369167045483,2.034643629392981,26.318076440000027,39.053618959999994,-0.1412471989094376,5.046094334561561,1.0
Y2022_LAT23.6134_LON90.06497,2022,90.06496646621665,23.61339823274285,21,26.718863020244672,26.672954042000022,0.36562713312671025,26.200154749999996,32.67559363999999,-0.12834687302767803,5.953799782587192,1.0
Y2022_LAT23.61358_LON90.07476,2022,90.0747563058962,23.61358318994972,21,30.84603306807582,29.642955395000016,3.1626115852924945,26.408653970000046,37.48474778000002,0.17825066641254006,5.938697358575808,1.0
Y2022_LAT23.61377_LON90.08455,2022,90.08454624501395,23.61376753104904,21,34.088341902084544,34.09011014409093,0.941347013772119,29.042238380000015,37.27624856,0.5256929431987224,7.306301441418541,1.0
Y2022_LAT23.61395_LON90.09434,2022,90.09433628353942,23.61395125610378,21,34.23112759092089,34.19561561750003,0.619365026197131,32.217578960000026,36.168810080000014,0.5856005589414869,7.766401253652931,1.0
Y2022_LAT23.61413_LON90.10413,2022,90.10412642097,23.614134364971328,21,34.069937852716315,34.270034238846165,0.8781432999943841,31.76981834000003,36.07310552000001,0.5695890095137749,7.57410034870749,1.0
Y2022_LAT23.61432_LON90.11392,2022,90.11391665697448,23.614316857740192,21,34.991128159687456,34.58865943400003,1.4852675863433384,32.21416094,40.461843200000004,0.5437105606419941,6.895899510115331,1.0
Y2022_LAT23.6145_LON90.12371,2022,90.12370699129812,23.61449873431452,21,35.41227175056735,35.20260127744683,1.2198358262019686,33.38825081000002,40.76262896000003,0.5306090751821848,6.276498948230333,1.0
Y2022_LAT23.61468_LON90.1335,2022,90.13349742343316,23.61467999466885,21,34.79016656577416,34.76595701428573,0.9736215529302215,32.11503836000003,37.797496609999996,0.608278700785117,5.147000691767954,1.0
Y2022_LAT23.61486_LON90.14329,2022,90.14328795335798,23.61486063877238,21,34.948628807692195,34.85786589359377,0.6374259991092571,33.11651821999999,37.41638738000006,0.5957868777200428,4.917400787768403,1.0
Y2022_LAT23.61504_LON90.15308,2022,90.15307858043687,23.615040666645115,21,34.36058735432469,34.42295583500002,0.9299930027980107,31.469032580000032,36.90197537000003,0.62100624479277,3.983397568929733,1.0
Y2022_LAT23.61522_LON90.16287,2022,90.16286930451557,23.615220078290914,21,33.37341599856946,33.421565407532476,1.2229867364770248,31.069124240000008,36.90197537000003,0.6143096516948133,4.484092866319363,1.0
Y2022_LAT23.6154_LON90.17266,2022,90.17266012520611,23.61539887357998,21,32.413900581991605,32.64084377000001,1.023134304086541,29.71900634000002,34.62899207000004,0.5831882565608364,5.537997825872112,1.0
Y2022_LAT23.61558_LON90.18245,2022,90.18245104215279,23.615577052584186,21,33.780965935282126,33.76638784869566,1.2090906120769838,30.749539370000036,36.527702180000006,0.6228538164701556,5.591698078579178,1.0
Y2022_LAT23.61575_LON90.19224,2022,90.1922420550847,23.615754615174378,21,34.43400453161953,34.43709743579548,1.0530914935989315,31.486122679999994,36.756709520000015,0.6314805436262942,5.657398387757108,1.0
Y2022_LAT23.61593_LON90.20203,2022,90.2020331635949,23.615931561389,21,33.73871969690145,33.73524557115387,1.132968383901865,31.339147819999994,35.97740096000001,0.6256658822267956,6.396601866361712,1.0
Y2022_LAT23.61611_LON90.21182,2022,90.21182436738655,23.616107891202397,21,33.104920033394436,33.06994769750001,0.8092005392328939,31.48954070000002,35.10751487000002,0.6581268877719975,5.945399743057602,1.0
Y2022_LAT23.61628_LON90.22162,2022,90.22161566619138,23.616283604691276,21,33.34901588016439,33.156372333200004,1.6178617991049493,30.100115570000014,38.55458804,0.6258143736296439,6.009099830493358,0.9937726300708203
Y2022_LAT23.61646_LON90.23141,2022,90.23140705959227,23.616458701651823,21,34.23250593193037,34.170027940000026,0.7503168386056781,32.091112220000014,36.414907520000014,0.6372256618088806,6.75101145503289,0.3711120517802162
Y2022_LAT23.61967_LON90.41746,2022,90.41746107053739,23.61966838825803,21,37.339375475256034,37.20788816000004,0.7954044787449023,36.2918588,39.40567501999999,0.4890058715007846,3.388475565280817,0.024342866883047647
Y2022_LAT23.61983_LON90.42725,2022,90.4272542864896,23.619831151377753,21,37.76621954802293,37.517744819230785,1.3268516927309997,35.00839229000002,41.90766566000002,0.5101677958099117,2.9129612529744002,0.8086705845608136
Y2022_LAT23.61999_LON90.43705,2022,90.4370475903296,23.619993297595872,21,37.82059297613222,37.77962128918921,1.8321869243920141,33.27716516000001,41.51117534000002,0.36920566752503065,3.2625720391371553,0.9039882306310648
Y2022_LAT23.62015_LON90.44684,2022,90.44684098128893,23.620154826879592,21,36.583867563497314,37.28992064000005,2.221075802617621,32.08085816000005,40.215745760000004,0.2687228519815232,2.2065241651643914,0.2093028269986094
Y2022_LAT23.62205_LON90.04518,2022,90.04518464271203,23.622047140918905,21,29.521587071020285,28.948242830000016,1.4422652766794124,27.5929979,35.141695070000026,-0.13733327198631054,5.415300436657828,0.534644318804358
Y2022_LAT23.62223_LON90.05497,2022,90.05497495053406,23.622233409833044,21,28.015813103544048,28.110423982181835,0.6990846893407329,26.270224159999998,32.774716220000016,-0.14088885130977463,4.998397639518307,1.0
Y2022_LAT23.62242_LON90.06477,2022,90.06476535865332,23.622419062320585,21,31.87613354234009,33.532234902500015,3.8478394562700076,26.242880000000014,37.74793532000001,0.2165777915953406,5.740100870706905,1.0
Y2022_LAT23.6226_LON90.07456,2022,90.07455586674224,23.622604098558412,21,35.055795296880234,35.016842395000026,0.890701304807607,32.83965860000001,37.52234600000003,0.557702711182892,6.806799772705612,1.0
Y2022_LAT23.62279_LON90.08435,2022,90.08434647443278,23.622788518511836,21,34.49419913282935,34.512998493846176,1.0482968875044643,32.15947262000003,37.27624856,0.577173910113008,6.738998771758933,1.0
Y2022_LAT23.62297_LON90.09414,2022,90.09413718140415,23.622972322092547,21,35.35752738709553,35.425430474418626,1.0509597036636742,32.63799542000004,38.209368020000056,0.5802385033313806,6.126698972587025,1.0
Y2022_LAT23.62316_LON90.10393,2022,90.10392798739593,23.62315550928535,21,34.04484409432814,34.05662908454547,0.762370284025439,32.388479959999984,35.84751620000003,0.6055109142401567,6.897399879293971,1.0
Y2022_LAT23.62334_LON90.11372,2022,90.11371889198318,23.623338079937007,21,35.18724897608041,35.0786071476596,1.242223430514366,33.14044436000006,39.672280580000006,0.5740819196586555,6.372499399997179,1.0
Y2022_LAT23.62352_LON90.12351,2022,90.12350989493636,23.623520034224157,21,34.662381620725824,34.51209578600002,1.134279556302297,32.25859520000006,39.92350505000002,0.5607141950886505,5.929199916705785,1.0
Y2022_LAT23.6237_LON90.1333,2022,90.13330099572634,23.623701372131254,21,34.58818734737947,34.73252959250001,1.050665640307124,31.345983860000047,36.97204478000003,0.6367243186085312,4.18300021529437,1.0
Y2022_LAT23.62388_LON90.14309,2022,90.14309219432819,23.623882093479704,21,33.889318925750615,34.29710232800002,1.1953187818935873,30.566675300000043,36.15171998000005,0.6234826359686378,4.452402128951198,1.0
Y2022_LAT23.62406_LON90.15288,2022,90.15288349003131,23.624062198306426,21,33.453913677294054,33.51563778615386,1.1731400998751174,31.216099100000037,36.66442298000004,0.626623069520178,5.460401718119666,1.0
Y2022_LAT23.62424_LON90.16267,2022,90.16267488295445,23.62424168658617,21,32.17667997832994,31.89870617750002,0.883358873542062,30.911895319999985,34.799893070000024,0.6415312288346711,5.552999474117032,1.0
Y2022_LAT23.62442_LON90.17247,2022,90.1724663722966,23.62442055832163,21,32.46586810706658,32.647883263571444,0.7056352148518471,30.354758059999995,34.28889908000002,0.6068260748164812,6.2769013030649585,1.0
Y2022_LAT23.6246_LON90.18226,2022,90.18225795806664,23.62459881340563,21,32.98309412829566,32.94457960678572,0.6977499362568366,31.414344260000036,34.49398028000002,0.6190612593017931,6.8556010065894135,1.0
Y2022_LAT23.62478_LON90.19205,2022,90.19204963976729,23.624776451971467,21,34.271920978594146,34.2322319063158,0.9163476746123949,32.22783302000005,36.626824760000005,0.6220193028501342,6.552600650118414,1.0
Y2022_LAT23.62495_LON90.20184,2022,90.2018414171403,23.624953473877497,21,35.32546613397061,35.235026005000016,0.7080415174215584,32.92340009,37.77186146,0.6001632992349811,5.37119704092725,1.0
Y2022_LAT23.62513_LON90.21163,2022,90.21163328989275,23.62512987910263,21,33.79289403412524,33.85908306500002,0.8380851449628974,31.499794760000015,36.349965139999995,0.6533921242505171,5.4173993145874295,1.0
Y2022_LAT23.62531_LON90.22143,2022,90.22142525748927,23.62530566764233,21,33.84356972461354,33.89179351640002,1.1402812568817746,31.01785394000001,37.744517299999984,0.6287194147363078,5.453699357293362,1.0
Y2022_LAT23.62548_LON90.23122,2022,90.23121731985778,23.625480839488127,21,34.86123373720125,34.761358406164405,1.1013336278486938,31.229771180000057,38.07948326000002,0.6136089571632862,5.752415690111094,0.9973979140887396
Y2022_LAT23.62566_LON90.24101,2022,90.24100947647247,23.62565539458282,21,34.697985905059284,34.6950220018182,0.442304449860351,33.68732756000003,35.99449106000003,0.6287583578550591,5.028414397586038,0.10034387548391278
Y2022_LAT23.62853_LON90.40749,2022,90.40749024821635,23.62852844827597,21,37.607694727968884,37.69153799,1.1390438413350916,36.12437582000001,39.61417424000004,0.43516995499155864,3.98566839634297,0.014345518930626114
Y2022_LAT23.62869_LON90.41728,2022,90.41728404575049,23.62869189815991,21,38.038131191775,37.77906371642859,1.317279118024543,34.596520880000014,43.23727544000002,0.4013790121564911,3.577359281682074,0.7046581344402169
Y2022_LAT23.62885_LON90.42708,2022,90.42707793130677,23.628854730892737,21,39.72659431271574,39.828532922857164,1.4849751069491954,35.96714689999999,43.886699239999984,0.4379182137908349,3.1494001757649124,1.0
Y2022_LAT23.62902_LON90.43687,2022,90.43687190455779,23.629016946425544,21,38.348971756504014,38.34244593026318,2.0964171330985573,33.04303079000002,42.66133907,0.34886831875528135,2.9297996696455058,1.0
Y2022_LAT23.62918_LON90.44667,2022,90.44666596515947,23.629178544765832,21,35.824532389026054,36.16218766625002,2.8648966194190666,30.752957390000034,42.15034508000002,0.26149786869934805,3.0121766755249584,0.9400241613895292
Y2022_LAT23.62934_LON90.45646,2022,90.45646011268121,23.629339525812657,21,32.66493826062213,31.71303278374108,2.2428676712723323,28.94995184000004,40.39519181000003,0.18993514723673668,3.6988889828041214,0.38261610107369215
Y2022_LAT23.6295_LON90.46625,2022,90.4662543470598,23.629499889615214,21,34.00513095460475,34.34529641000001,1.8731283014268378,28.94995184000004,37.983778700000016,0.09699672598739208,2.187980467050234,0.07396824261497749
Y2022_LAT23.63032_LON90.00582,2022,90.00581920137908,23.630316240577596,21,33.900601804955265,34.18123145000004,0.6688296428411322,32.24150510000004,34.972503080000024,0.5165962744559817,6.571973466003322,0.021391854067112984
Y2022_LAT23.63051_LON90.01561,2022,90.01560977336864,23.63050505498827,21,33.6118449692082,34.276081505000036,2.4920097023600825,27.487039279999976,36.7874717,0.08556813482622674,5.6607230009647695,0.3159640660582045
Y2022_LAT23.63069_LON90.0254,2022,90.02540044685855,23.630693252966037,21,29.339859158862502,28.795154972692323,1.6439399483711683,27.271704020000016,34.10774402000004,-0.10204100957887577,6.022570375448848,0.5285350898908279
Y2022_LAT23.63088_LON90.03519,2022,90.03519122181311,23.630880834439807,21,28.82765994930826,28.859441142793315,0.7992581978699754,27.258031940000023,32.904600980000055,-0.15352882221404837,5.552586799002518,0.5785511251763146
Y2022_LAT23.63107_LON90.04498,2022,90.04498209769812,23.631067799470767,21,28.33161221558069,28.338820545312515,0.6842589207385841,27.189671540000006,35.201510420000005,-0.14562017750370967,5.325499671477916,0.842457681594175
Y2022_LAT23.63125_LON90.05477,2022,90.05477307424252,23.631254147911996,21,32.86192725387818,34.16297202736844,3.5107125248965914,27.374244620000013,38.66396468000002,0.22648795502346217,3.9794975505767205,1.0
Y2022_LAT23.63144_LON90.06456,2022,90.06456415107301,23.63143987984279,21,34.90415787412214,34.827672860000035,1.0273220218705381,32.81573246000005,38.65371062,0.5511095556761287,6.484401746355008,1.0
Y2022_LAT23.63162_LON90.07436,2022,90.07435532800123,23.631624995172196,21,35.161309541587826,34.892804055961555,1.0256017578750625,32.75079008,38.52040784000002,0.580337995562827,6.593001874119852,1.0
Y2022_LAT23.63181_LON90.08415,2022,90.08414660453354,23.631809493901137,21,33.77007116843943,33.7384518245035,0.9129400391921745,31.85697785000002,36.63024278000003,0.6183208558092218,6.163405474849309,1.0
Y2022_LAT23.63199_LON90.09394,2022,90.09393798034814,23.631993375974673,21,34.08821402387064,33.99153134000002,0.7537666291520656,32.30644748000003,36.18590018000003,0.6156538184747004,5.931801096236607,1.0
Y2022_LAT23.63218_LON90.10373,2022,90.10372945516869,23.632176641414723,21,34.48153485241843,34.47915346351352,0.8870983250040816,31.80058052000004,36.79430774000002,0.6274283312978925,5.74820088023635,1.0
Y2022_LAT23.63236_LON90.11352,2022,90.11352102872527,23.632359290226457,21,33.65736024831285,33.609771058571454,0.835175597076087,31.797162500000013,36.09361364000006,0.6315268610854194,4.7436011463583485,1.0
Y2022_LAT23.63254_LON90.12331,2022,90.1233127005404,23.632541322280527,21,33.935405580050976,33.89019710000002,0.7451199054346241,31.650187640000013,35.82529907000003,0.6052966295889419,4.8958010538835985,1.0
Y2022_LAT23.63272_LON90.1331,2022,90.1331044703737,23.632722737589727,21,33.903969960852315,33.98675388022729,0.7735040396929527,31.66044169999998,35.89878650000003,0.6311232652565217,5.110798953881133,1.0
Y2022_LAT23.6329_LON90.1429,2022,90.14289633789178,23.632903536121397,21,34.040116619849066,34.12636795647501,1.147244790722857,31.581827240000052,37.132691720000025,0.5949342603696017,5.415999604704042,1.0
Y2022_LAT23.63308_LON90.15269,2022,90.15268830281009,23.633083717928397,21,34.83897753933219,34.82894624000002,0.9993860798008436,31.862104880000032,37.40613331999998,0.518957009620376,5.610200717883218,1.0
Y2022_LAT23.63326_LON90.16248,2022,90.16248036461046,23.63326328294432,21,34.2875040738139,34.32721269953491,0.6401190400495909,32.08598519000003,36.21324434000002,0.5888062134839889,5.490899401058135,1.0
Y2022_LAT23.63344_LON90.17227,2022,90.17227252310705,23.633442231082565,21,33.445896686252986,33.45300843216217,0.9630532606470183,30.91873135999998,35.676615200000015,0.6343346105468364,5.334596868691164,1.0
Y2022_LAT23.63362_LON90.18206,2022,90.18206477796052,23.63362056242173,21,33.637036198164616,33.76370716076926,1.225719481584302,30.905059280000046,37.02160607000002,0.6340523291284127,5.924399911058733,1.0
Y2022_LAT23.6338_LON90.19186,2022,90.19185712892651,23.633798276907896,21,33.50669964374944,33.66613583600001,0.7497377800485695,31.275914450000016,35.08187972000002,0.6790522950805674,5.317700373765157,1.0
Y2022_LAT23.63398_LON90.20165,2022,90.20164957542866,23.633975374415314,21,34.509493816887755,34.454250391612916,0.7551159717128125,32.330373620000046,38.164933760000054,0.654578911824345,4.979599903999564,1.0
Y2022_LAT23.63415_LON90.21144,2022,90.21144211727994,23.634151855080056,21,34.38814304408608,34.609365158281264,1.1267411748408516,31.75785527000002,37.39929728000004,0.6185042455249213,5.199500234706164,1.0
Y2022_LAT23.63433_LON90.22123,2022,90.2212347542373,23.63432771869168,21,33.28290090187672,33.07746417666668,0.9102196380518018,30.826444820000006,36.0013271,0.5867239808836022,5.20199906117536,1.0
Y2022_LAT23.6345_LON90.23103,2022,90.2310274857601,23.63450296536963,21,34.02099340161451,34.016311985000016,0.7882229901493623,31.57157318,36.44908772000002,0.5927374024475497,4.932397328928621,1.0
Y2022_LAT23.63468_LON90.24082,2022,90.24082031171682,23.6346775950961,21,34.28043924062288,34.48685955658862,1.1684011462837944,31.780072399999995,36.65075090000005,0.6322702431118737,4.079744767693925,0.8241988695018186
Y2022_LAT23.63485_LON90.25061,2022,90.25061323168539,23.63485160776511,21,33.821851334229656,33.824048360000006,1.0054765118054545,31.703166950000025,36.021835220000014,0.6299542208841495,4.3344853571706965,0.13802787601414634
Y2022_LAT23.63639_LON90.33875,2022,90.33875368702479,23.636389951974817,21,35.4455931795007,35.512550239999996,0.538921657624411,34.329915320000055,36.784053680000056,0.5925409888016745,5.0,0.024368548952355226
Y2022_LAT23.63656_LON90.34855,2022,90.34854752886153,23.63655779316477,21,35.670464762427954,35.61338183000001,2.5680865897053797,31.301549600000044,40.26018002000001,0.4280016257687685,4.997606058513439,0.15595954809318224
Y2022_LAT23.63673_LON90.35834,2022,90.35834146102766,23.636725017055053,21,33.7364377944626,33.82063033999998,0.39475692553735836,32.873838800000044,34.24788283999999,0.7112256483073711,5.0,0.006289553041779347
Y2022_LAT23.63739_LON90.39752,2022,90.39751808667401,23.637387739401863,21,38.418333913429464,38.298236540000005,1.2226243995497281,36.52428415999998,41.261659880000025,0.42171100780066817,1.0,0.02755859437337982
Y2022_LAT23.63755_LON90.40731,2022,90.40731246568988,23.637551876547917,21,35.35028192955819,35.41072632161293,1.9814745586025433,30.78542858000003,41.261659880000025,0.5233391669766058,2.6117454483374996,0.7160788571962791
Y2022_LAT23.63772_LON90.41711,2022,90.41710693302514,23.637715396337033,21,37.76347070362561,37.6686994018182,1.1138571955884853,34.75545880999999,41.49237623000005,0.5306799549869751,4.099998941175236,1.0
Y2022_LAT23.63788_LON90.4269,2022,90.42690148839867,23.637878298641105,21,36.678483442027236,36.28376948600002,1.862074349486937,32.53545482000004,41.33856533000002,0.516332402841187,3.4965005841183427,1.0
Y2022_LAT23.63804_LON90.4367,2022,90.4366961315126,23.638040583553735,21,37.03525627255851,36.96663291500002,2.1943500280151627,32.195361830000024,42.28364786000003,0.48345091946503843,2.6150981886973677,1.0
Y2022_LAT23.6382_LON90.44649,2022,90.44649086197253,23.638202250888767,21,36.3534210638758,36.39136116000002,1.9396535220956135,32.49785659999998,40.72503074000002,0.47976958382968915,2.9624999558822975,1.0
Y2022_LAT23.63836_LON90.45629,2022,90.456285679369,23.638363300742633,21,36.43280725137116,36.288003106707336,1.6760922330829173,32.08427618000002,41.22747967999999,0.475329759246676,2.9721987908221132,1.0
Y2022_LAT23.63852_LON90.46608,2022,90.46608058368504,23.638523733097685,21,38.51928352443561,38.84255622500003,2.737352196583256,32.24492312000001,44.91039623,0.35363683927897216,2.434787160308433,0.9849913062648227
Y2022_LAT23.63868_LON90.47588,2022,90.47587557416632,23.638683547945472,21,34.648522351175494,34.502525330000026,0.6886947970245013,33.61384013,36.60289862000002,-0.06566021425984525,2.240046582720722,0.04901061974051744
Y2022_LAT23.63934_LON90.00561,2022,90.00561387970349,23.639336565967717,21,31.6204193164077,32.79009730999999,3.3195451536179634,27.466531160000045,37.28992063999999,0.20110010713387308,6.211301702375559,0.27688662506228046
Y2022_LAT23.63953_LON90.01541,2022,90.01540512064885,23.63952546108223,21,28.89409267576017,28.281983463404284,2.080368263482775,26.98117232000004,35.905622540000024,-0.08447689997316102,5.9751951773890575,1.0
Y2022_LAT23.63971_LON90.0252,2022,90.02519646314518,23.63971373938418,21,27.776312583771244,27.463044779600025,0.6529209949015136,26.952119149999987,30.64699877000001,-0.13768158131908498,6.494197619753503,1.0
Y2022_LAT23.6399_LON90.03499,2022,90.034987907132,23.639901401038887,21,28.06145497780944,27.79944630800002,0.8991492535468041,26.451379220000035,32.29277539999998,-0.12263730722654229,5.879794728445769,1.0
Y2022_LAT23.64009_LON90.04478,2022,90.04477945199663,23.640088445885237,21,31.907682611802432,33.34443179360002,3.0585982518134895,26.892303800000036,37.60096046000001,0.2234460884960188,5.400304236725804,1.0
Y2022_LAT23.64027_LON90.05457,2022,90.05457109763331,23.640274873941813,21,34.73650424771887,34.57784836333335,1.071622286954743,32.398734020000006,39.27237224000004,0.5384786605893647,5.399104231078725,1.0
Y2022_LAT23.64046_LON90.06436,2022,90.06436284356948,23.640460685216226,21,36.21003321774534,35.89119090000002,1.3620895605258379,33.348943580000025,39.86027168000004,0.5172037389534612,5.673905524261275,1.0
Y2022_LAT23.64065_LON90.07415,2022,90.07415468952574,23.64064587967984,21,36.768241066965544,36.951713454137945,1.3983131903922295,32.40557006,40.026045650000015,0.4719777596859398,5.308599099289882,1.0
Y2022_LAT23.64083_LON90.08395,2022,90.08394663525623,23.640830457145512,21,35.0228039988284,34.919748639736866,1.0640964856760118,32.92852712000001,37.72742720000002,0.5839986939321841,5.707202151539523,1.0
Y2022_LAT23.64101_LON90.09374,2022,90.09373868027556,23.641014417801408,21,35.211742415571734,35.1037681942308,1.3349573494714966,31.71854804000003,38.83486568000001,0.5560403198434803,5.206100969886901,1.0
Y2022_LAT23.6412_LON90.10353,2022,90.1035308243253,23.641197761553297,21,34.72983807606975,34.520667128461554,0.9179087860012114,33.063538910000005,37.460821640000034,0.6159874264274908,5.469502209422148,1.0
Y2022_LAT23.64138_LON90.11332,2022,90.1133230671203,23.64138048836323,21,35.009470358687224,35.11085150857146,0.8823665792549941,32.77813424000004,37.12585568000003,0.624647381553346,4.9738010531814085,1.0
Y2022_LAT23.64156_LON90.12312,2022,90.12311540817527,23.641562598137853,21,34.433012778396396,34.3922710902703,1.0898923814334178,31.776654380000025,36.751582490000004,0.6287865502791586,4.743301144946543,1.0
Y2022_LAT23.64174_LON90.13291,2022,90.13290784739192,23.641744090980474,21,34.1229064743164,34.45455381674421,1.4712135778258923,30.337667960000005,36.87634022000003,0.6307746311334241,4.903501898832453,1.0
Y2022_LAT23.64192_LON90.1427,2022,90.14270038415933,23.641924966825982,21,34.13888814743692,34.109686076818186,0.8383940589823324,31.72196606,36.44908772000002,0.6427219272458825,3.5830968616322827,1.0
Y2022_LAT23.64211_LON90.15249,2022,90.15249301844727,23.642105225591944,21,33.50281364017282,33.42952997461541,0.7069665058827678,31.48954070000002,35.474952020000046,0.6247094038089691,5.01760478872841,1.0
Y2022_LAT23.64228_LON90.16229,2022,90.16228574963881,23.642284867320626,21,33.35326684474035,33.30522890315791,0.7636548939204495,31.732220120000022,35.44248083000002,0.627085456071115,5.849399291290767,1.0
Y2022_LAT23.64246_LON90.17208,2022,90.17207857758389,23.642463891953792,21,34.035769167476744,33.981637071578966,0.9570364219149564,31.797162500000013,36.66271397000003,0.5916779498925145,5.903699546821387,1.0
Y2022_LAT23.64264_LON90.18187,2022,90.18187150194369,23.642642299414003,21,34.079164710437894,34.2344105144156,0.8138629204354425,31.431434360000026,36.39098138000003,0.6431037052380731,5.16569607386386,1.0
Y2022_LAT23.64282_LON90.19166,2022,90.19166452228174,23.64282008978363,21,33.226162238888556,33.45466915318184,1.071388530765605,30.361594100000048,35.57236559000003,0.6252758772628648,3.5490978781076516,1.0
Y2022_LAT23.643_LON90.20146,2022,90.20145763829525,23.64299726296808,21,34.150835456269405,34.172825911020425,0.9750140941433666,31.06570622000004,36.60289862000002,0.6522924619832182,4.383599452232711,1.0
Y2022_LAT23.64317_LON90.21125,2022,90.21125084981313,23.643173818962985,21,34.031239517696335,34.46697049152176,1.968860711468462,29.51563415000001,37.73597225000003,0.6227912980963554,4.283896630101775,1.0
Y2022_LAT23.64335_LON90.22104,2022,90.22104415620227,23.64334975780315,21,32.07882340713994,31.93714373596106,0.9852529863322959,29.91212447000001,34.635828110000006,0.6202226851077172,5.879801787302533,1.0
Y2022_LAT23.64353_LON90.23084,2022,90.23083755736806,23.643525079329393,21,33.00853042054929,32.99176049000002,0.4284903169524183,31.57157318,34.06672778000001,0.6537624267478391,5.443800912004275,1.0
Y2022_LAT23.6437_LON90.24063,2022,90.24063105301244,23.64369978365415,21,32.99769832440323,32.96016198595747,0.45152224395247303,31.708293980000036,35.227145570000005,0.6381132094213935,5.157500741179941,1.0
Y2022_LAT23.64387_LON90.25042,2022,90.25042464250843,23.64387387067206,21,33.358875830511614,33.298527785000005,1.1244661831487859,31.199009000000018,36.77550863000002,0.6266152662571282,6.192167248505273,0.26874314779201586
Y2022_LAT23.64524_LON90.32878,2022,90.32877670502518,23.645244341727786,21,35.47538919065768,35.57786392276787,0.8107113999903851,32.42949620000002,38.18885990000001,0.5802941714011337,4.372794043110036,0.39197009102730745
Y2022_LAT23.64541_LON90.33857,2022,90.33857112606012,23.64541287210143,21,34.88889398637696,35.14233594875001,1.2765843768381322,30.853788980000047,38.199113960000005,0.5594392532091369,3.9503579068308388,0.9424742826204648
Y2022_LAT23.64558_LON90.34837,2022,90.34836563780057,23.645580784953946,21,36.87749510402177,36.90334257800002,2.6080848150761318,31.03152602,41.96406299000003,0.43364492825679934,5.157804272020094,1.0
Y2022_LAT23.64575_LON90.35816,2022,90.35816023993993,23.64574808031333,21,34.98190468167224,34.891914281828356,0.876490492042664,33.248111989999984,37.512091940000005,0.6346025042860595,4.955666937277186,0.7154370357543525
Y2022_LAT23.64591_LON90.36795,2022,90.3679549321608,23.64591475808523,21,35.47080827170799,35.421972710000006,0.19964845845641968,35.13144101000003,35.90733155000001,0.6892631650370235,4.0,0.005287576143929722
Y2022_LAT23.64625_LON90.38754,2022,90.38754458532914,23.646246260840886,21,35.00626757486489,35.003265260000035,0.22217130000037494,35.003265260000035,35.447607860000005,0.31296595347088735,3.0,0.0005228665806998626
Y2022_LAT23.64641_LON90.39734,2022,90.39733954566749,23.646411085800302,21,35.504892153830966,35.77459844000003,2.39200134680972,29.02685729000001,42.00166121000001,0.5304837840955865,1.9667607416442558,0.7085956683530817
Y2022_LAT23.64658_LON90.40713,2022,90.4071345948111,23.646575293117806,21,37.13338014463724,37.032153103142875,1.2742481768348841,33.53180765000002,42.18794330000003,0.5159903402477544,5.00760591814548,1.0
Y2022_LAT23.64674_LON90.41693,2022,90.41692973228972,23.64673888274929,21,36.44169011677732,36.85279386000002,2.370813411946437,30.12916874000001,41.29925810000003,0.545825277600976,3.272994225855173,1.0
Y2022_LAT23.6469_LON90.42672,2022,90.42672495781879,23.646901854634045,21,34.97645691937904,35.092009938695675,2.0002637926861553,30.27614360000001,39.70816979,0.5954165016297739,3.0342954555080213,1.0
Y2022_LAT23.64706_LON90.43652,2022,90.4365202710943,23.647064208803844,21,36.40455604597149,36.65818509350003,1.8280594871832248,32.014206770000044,40.71477668,0.45849883993273516,3.1544971976338623,1.0
Y2022_LAT23.64723_LON90.44632,2022,90.44631567171159,23.647225945272186,21,38.39490536014934,38.45103884393445,0.809475151810419,34.86996248,40.86516956000003,0.5228185655629293,4.025002470599863,1.0
Y2022_LAT23.64739_LON90.45611,2022,90.456111159433,23.647387064043077,21,37.68584127793629,37.46603861789475,2.0137209381230994,32.27568530000002,43.421848520000026,0.3901633186954982,4.3606087558058935,1.0
Y2022_LAT23.64755_LON90.46591,2022,90.46590673389129,23.647547564951147,21,35.73183747178229,35.72129360428572,2.8278312718505814,29.906997440000055,41.24798780000003,0.23306967220838992,3.173492006407955,0.5531183091256281
Y2022_LAT23.64836_LON90.00541,2022,90.00540845614941,23.64835687910562,21,27.655201396356105,27.657940280000048,0.08424587461696743,27.53147353999998,27.832259300000032,-0.12408690673605016,7.0,0.04466396127011248
Y2022_LAT23.64855_LON90.0152,2022,90.01520036621756,23.64854585489665,21,27.614879039389283,27.58217417000003,0.32839447100168623,26.952119150000044,28.355216359999986,-0.1269359426747157,5.906573096543631,0.5294710272881887
Y2022_LAT23.64873_LON90.02499,2022,90.02499237812492,23.648734213692826,21,27.425213455249157,27.370802529436627,0.22728081105399525,26.952119149999987,28.129627040000003,-0.12558436925556607,5.691693843265148,1.0
Y2022_LAT23.64892_LON90.03478,2022,90.03478449128586,23.648921955469756,21,29.657224548504946,28.540928780000016,2.7857949023930733,26.770964090000007,36.722529320000035,-0.01973640105909148,5.210797895056343,1.0
Y2022_LAT23.64911_LON90.04458,2022,90.04457670567825,23.649109080184143,21,35.623091428932426,35.40118894322582,1.1993104750790837,29.595957620000036,39.781657220000056,0.4987656115663599,5.362100426000502,1.0
Y2022_LAT23.6493_LON90.05437,2022,90.0543690206215,23.649295587869982,21,37.47851522443,37.2851795154839,1.775066919760965,33.742015880000054,43.66452794000003,0.4323511609189832,4.2875990004658835,1.0
Y2022_LAT23.64948_LON90.06416,2022,90.06416143605601,23.649481478469284,21,35.555765363213276,36.033642925454565,2.4474173072219743,31.595499320000044,39.81583742000001,0.47512496388140113,5.060201247295586,1.0
Y2022_LAT23.64967_LON90.07395,2022,90.07395395145528,23.649666751984714,21,33.95014263591184,33.73222791363638,1.2300020522199389,32.01249776000003,37.00451597,0.5956594377423416,5.461799366822785,1.0
Y2022_LAT23.64985_LON90.08375,2022,90.08374656656957,23.64985140835832,21,33.49830184460447,33.23244606500001,1.5937012001833444,30.67605193999998,37.73597225000003,0.6313911783589493,4.583495687038523,1.0
Y2022_LAT23.65004_LON90.09354,2022,90.09353928121038,23.650035447580883,21,34.71174078487004,34.8499040994737,2.121013780354889,30.14625884000003,40.15422140000004,0.5675163414341029,4.492399402822829,1.0
Y2022_LAT23.65022_LON90.10333,2022,90.10333209478911,23.650218869606544,21,34.686472332550636,34.6630979652174,0.731325561179432,33.28571020999999,36.93102854000003,0.6110797442720469,5.108000127058976,1.0
Y2022_LAT23.6504_LON90.11313,2022,90.11312500715422,23.65040167444693,21,34.0462689641653,34.170887442105276,1.209617676575962,31.17850088000003,37.175416970000015,0.6301626021033081,5.012000056470854,1.0
Y2022_LAT23.65058_LON90.12292,2022,90.12291801780252,23.6505838620648,21,34.627403895191534,34.58071253750002,1.4914490777958405,32.00224370000004,39.12881540000001,0.57932037098725,4.90249988529398,1.0
Y2022_LAT23.65077_LON90.13271,2022,90.13271112660111,23.650765432392348,21,34.42566292900722,34.422849212272745,0.7424250893304661,31.137484640000025,36.39610841000001,0.6232529664491654,4.951802296237997,1.0
Y2022_LAT23.65095_LON90.1425,2022,90.14250433313053,23.65094638545509,21,33.59553306036867,33.48684754076924,0.9975354744412087,30.887969180000027,36.81139784000004,0.6213180737318618,3.614702892719498,1.0
Y2022_LAT23.65113_LON90.1523,2022,90.15229763709117,23.651126721282534,21,33.83466114363162,34.011460601774225,0.9623812613495617,31.53739298000005,36.65245991000003,0.6328669046638121,4.605301888590458,1.0
Y2022_LAT23.65131_LON90.16209,2022,90.16209103798133,23.651306439662648,21,34.54442012683079,34.361776149285724,1.1886590792894516,32.08085816000002,38.886135980000006,0.5474721000785462,6.4299005057653,1.0
Y2022_LAT23.65149_LON90.17188,2022,90.17188453565397,23.65148554072681,21,33.92061171966184,34.04723996447762,0.7465496338281835,32.02958785999999,36.07994156000001,0.6302610149639488,4.973695170330215,1.0
Y2022_LAT23.65166_LON90.18168,2022,90.18167812979748,23.65166402444983,21,34.10264901286385,34.10756722586209,0.8208407483510026,31.202427020000016,36.26109661999999,0.6146269478722047,4.890298694469051,1.0
Y2022_LAT23.65184_LON90.19147,2022,90.19147182000454,23.651841890691543,21,35.083518742942275,35.21419307315791,1.384731550425028,31.95951845000002,40.40373685999998,0.6236376941785953,3.6969008198833166,1.0
Y2022_LAT23.65202_LON90.20127,2022,90.20126560585283,23.65201913957036,21,35.70202270276501,35.454537118727295,1.0710295153502727,32.778134239999986,39.37491283999998,0.6053768918553527,4.85530402496012,1.0
Y2022_LAT23.6522_LON90.21106,2022,90.21105948714879,23.652195770994364,21,34.077411238315406,34.233104930000025,0.9577295617617567,31.263951380000037,36.19273622000003,0.6450869398775471,5.325200382588682,1.0
Y2022_LAT23.65237_LON90.22085,2022,90.2208534635432,23.652371784935802,21,34.66629981023391,34.60628665142859,1.3576236371869561,31.06057919,37.50525590000004,0.6058672454444552,5.96120113082486,1.0
Y2022_LAT23.65255_LON90.23065,2022,90.23064753466687,23.65254718137857,21,32.77780937778684,32.73394412428574,0.6096006541305532,30.023210120000044,35.295505969999994,0.6458531447380681,5.358501687066768,1.0
Y2022_LAT23.65272_LON90.24044,2022,90.24044170015313,23.652721960284474,21,32.55184366210698,32.54827239500002,0.9974114812125231,30.667506890000027,36.99255290000002,0.6467839881055616,5.688200809648007,1.0
Y2022_LAT23.6529_LON90.25024,2022,90.25023595969363,23.652896121651573,21,33.65926479694855,33.41904871589165,1.3564543416220511,31.29129554000002,37.054077259999985,0.6066672592755532,5.429804470859911,0.5726813510818191
Y2022_LAT23.65307_LON90.26003,2022,90.26003031308993,23.65306966545825,21,35.15140343513267,34.70896024581581,1.7987720351117398,32.19194381,41.849559320000026,0.5883431434791537,4.42676120768527,0.31487556581453907
Y2022_LAT23.65324_LON90.26982,2022,90.26982475978058,23.653242591653335,21,35.726271400485196,35.65098004999999,2.1403708533548036,31.991989640000043,41.38812661999998,0.5164935200879786,3.3173988423142537,0.2578112609040444
Y2022_LAT23.65393_LON90.309,2022,90.30900347412292,23.65392811999907,21,31.451579480976772,31.516884860000033,0.1602687516428585,31.111849490000026,31.626261500000027,0.2723456439352775,4.0,0.0045664040099398905
Y2022_LAT23.6541_LON90.3188,2022,90.31879838284914,23.654097957912555,21,32.36578076256014,32.20843073000002,0.854065573307968,30.821317790000023,34.79476604000001,0.5295513822319905,5.131473120851518,0.4839513675612523
Y2022_LAT23.65427_LON90.32859,2022,90.32859338312579,23.654267178018465,21,33.635418056070606,33.73517984000001,1.5322129733575485,30.76492046000004,38.27772842000002,0.5104304430683638,3.8235725160427423,0.9953864184373306
Y2022_LAT23.65444_LON90.33839,2022,90.33838847432703,23.65443578045313,21,35.66167141601447,35.78176428894739,2.3544543944513427,31.181918900000028,43.620093680000025,0.5103519649780954,3.2865003370592216,1.0
Y2022_LAT23.6546_LON90.34818,2022,90.34818365641897,23.65460376508775,21,37.499808260225876,37.337471330000014,1.8760677447455458,32.72002789999999,42.47676599000002,0.5322746640055523,3.3556993209379815,1.0
Y2022_LAT23.65477_LON90.35798,2022,90.35797892875856,23.654771131862596,21,35.33752525126562,35.28214151180002,1.3085928481749185,32.30132044999999,41.71625654000002,0.6065283781680015,3.04659887835162,1.0
Y2022_LAT23.65494_LON90.36777,2022,90.36777429133626,23.654937880784992,21,36.6969872266005,36.66841067000001,1.0945344699731987,34.91097872000003,40.786555100000015,0.5877874147172928,2.5646034011178505,0.7255027428875451
Y2022_LAT23.6551_LON90.37757,2022,90.37756974355645,23.655104011925015,21,37.71317289366063,37.54142486690438,1.4847853837635678,34.68538940000002,42.950161760000015,0.5271730966906206,2.6258670183139032,0.7528429759767185
Y2022_LAT23.65527_LON90.38737,2022,90.38736528525558,23.655269525170006,21,36.79063474160124,36.45934178000002,1.4557333591809654,32.97637940000004,40.97454620000002,0.6061898219268524,3.607756722836038,0.8704973349381019
Y2022_LAT23.65543_LON90.39716,2022,90.39716091605396,23.655434420477103,21,35.521166718659636,35.39151571035715,1.229249464494212,32.10136627999998,38.88442697000002,0.6074942268423377,4.6924996382348665,1.0
Y2022_LAT23.6556_LON90.40696,2022,90.4069566355684,23.65559869789448,21,37.130705372562666,37.300744370000025,1.2529201663850302,33.926588960000004,40.68059648000002,0.5838654966192359,5.315103835782764,1.0
Y2022_LAT23.65576_LON90.41675,2022,90.41675244347262,23.65576235737984,21,37.422185038376576,37.715008394000016,1.7393011404963628,32.04667796000001,41.53510147999998,0.5540672092804658,4.41130048388292,1.0
Y2022_LAT23.65593_LON90.42655,2022,90.42654833944502,23.6559253989286,21,37.2712397232601,37.21922977181819,2.564101407638974,31.335729800000024,41.965772000000015,0.6245563892644079,3.8344986288219136,1.0
Y2022_LAT23.65609_LON90.43634,2022,90.43634432324464,23.656087822467907,21,38.20189688878932,38.406026242142865,1.5833934205068745,33.321599419999984,41.33685632000004,0.5185647960215019,4.469699857411095,1.0
Y2022_LAT23.65625_LON90.44614,2022,90.44614039448588,23.656249628012446,21,39.26951926762519,38.96937616040002,1.4570536046720546,34.68197138000005,45.54102092000002,0.5048502103043935,5.086001277648561,1.0
Y2022_LAT23.65641_LON90.45594,2022,90.45593655269141,23.65641081546605,21,36.58989111617128,37.07287637000002,4.164986445891407,28.65600212000004,44.74291325000004,0.21127907161034185,3.58014014933946,0.7821766164683893
Y2022_LAT23.65657_LON90.46573,2022,90.46573279774167,23.656571384915978,21,33.01392804694693,32.972961380000015,0.759269750425886,32.27568530000002,34.82894624000005,0.0691118171647367,1.0,0.014417402953653796
Y2022_LAT23.65757_LON90.015,2022,90.01499551017915,23.657566236566307,21,27.123814815714322,27.13156520000001,0.056178965324512165,26.989717370000022,27.15207332,-0.13816236439539273,4.935574229691878,0.001262197708952056
Y2022_LAT23.65775_LON90.02479,2022,90.02478819164048,23.65775467575426,21,27.69689039782626,27.578667302385345,0.5472931273477293,26.989717370000022,32.89434692000003,-0.12896110132277505,4.4962962106050535,0.9299946207638516
Y2022_LAT23.65794_LON90.03458,2022,90.03458097454474,23.657942497728577,21,33.29672644914463,34.02780033000002,2.7115444539084828,27.65452226000002,38.882717960000036,0.3318993233487161,4.819502140590746,1.0
Y2022_LAT23.65813_LON90.04437,2022,90.04437385854851,23.658129702363212,21,38.963487506262034,39.21452882461541,2.481407699361254,33.13360832000001,43.852519040000004,0.36172495684322026,3.8385998101174215,1.0
Y2022_LAT23.65832_LON90.05417,2022,90.05416684324668,23.658316289721874,21,38.39882732734718,38.42128526000001,1.3692443768955216,35.509132220000026,40.837825399999986,0.3434386444675592,4.3040037835472145,1.0
Y2022_LAT23.6585_LON90.06396,2022,90.06395992843409,23.658502259648635,21,37.09592036424398,37.32580985000002,1.248249199416285,33.57453290000001,39.64835444000002,0.4088683826078152,4.834802158590768,1.0
Y2022_LAT23.65869_LON90.07375,2022,90.07375311363549,23.65868761223123,21,34.69079775348298,34.396566710000016,1.7933638312325884,31.55790109999998,38.69301784999999,0.5700879707931791,4.612699544352404,1.0
Y2022_LAT23.65887_LON90.08355,2022,90.08354639862759,23.65887234750067,21,33.545583555861974,33.35759544312503,1.6060768105200014,30.351340040000025,38.117081480000024,0.63220268807772,5.260701226829295,1.0
Y2022_LAT23.65906_LON90.09334,2022,90.09333978300259,23.659056465300775,21,33.147459894515535,33.14898941000004,1.8464941771607377,29.889907340000036,36.80114378000002,0.6347474291820888,4.688299633293683,1.0
Y2022_LAT23.65924_LON90.10313,2022,90.10313326652143,23.659239965665787,21,34.6802279706041,34.61356071500003,0.9564072496153835,32.59868819000002,38.416158230000036,0.5845547775296083,4.29079916564607,1.0
Y2022_LAT23.65942_LON90.11293,2022,90.11292684873005,23.65942284849785,21,34.28279117819531,34.29933116187502,0.7913662137976166,31.648478630000028,36.934446560000026,0.6044084049851011,5.079500374119402,1.0
Y2022_LAT23.65961_LON90.12272,2022,90.12272052944736,23.659605113927626,21,33.63612081111953,33.763321538000014,0.7836167636706209,31.47586862000003,35.469824990000006,0.6510762769348005,5.378600445412278,1.0
Y2022_LAT23.65979_LON90.13251,2022,90.13251430809983,23.65978676176679,21,33.7653009716054,33.73914163590911,0.8152593315016231,31.848432800000012,35.96714689999999,0.5908951134650107,4.687900809295068,1.0
Y2022_LAT23.65997_LON90.14231,2022,90.14230818473796,23.659967792088718,21,34.1780267576745,34.077426182600014,1.003641043806006,32.27910331999999,37.63514066000005,0.5730812596254877,4.764403597193393,1.0
Y2022_LAT23.66015_LON90.1521,2022,90.15210215855805,23.660148204837075,21,34.29777748988276,34.29801380000002,1.0039044606590124,31.496376740000017,36.97033577000002,0.5930620082078015,4.057900068117727,1.0
Y2022_LAT23.66033_LON90.1619,2022,90.16189622963945,23.66032799999945,21,34.89317056352422,34.70445143461541,1.2118981863999208,32.34062768000004,39.330478579999976,0.5465009989889962,4.188400221647319,1.0
Y2022_LAT23.66051_LON90.17169,2022,90.171690397392,23.660507177542893,21,33.888136331509216,34.00901582692309,0.7490312889867152,32.10820232000003,36.052597400000025,0.6538148916223914,4.847503988254051,1.0
Y2022_LAT23.66069_LON90.18148,2022,90.18148466160724,23.660685737444066,21,34.10554166849758,34.17087057687502,1.0620417965529807,31.055452160000016,37.80262363999998,0.6607281054678475,4.84090098929528,1.0
Y2022_LAT23.66086_LON90.19128,2022,90.19127902196914,23.66086367968809,21,35.032722500757394,35.09019347541356,1.3142967163435524,31.547647040000015,41.083922840000014,0.5888091787261308,4.334200393176934,1.0
Y2022_LAT23.66104_LON90.20107,2022,90.20107347794811,23.66104100422481,21,35.16140967281678,35.3438761318182,1.3229400647479397,31.54422901999999,39.85685366000001,0.5945093689680891,4.274501291770782,1.0
Y2022_LAT23.66122_LON90.21087,2022,90.21086802953347,23.66121771105298,21,34.44416567219735,34.46108989886794,1.2640349777097817,31.499794759999986,40.466970230000015,0.6028047988737721,4.802200943765814,1.0
Y2022_LAT23.66139_LON90.22066,2022,90.22066267606631,23.66139380014104,21,33.40524830969747,33.29624910500004,1.3318508688707302,30.877715120000005,37.953016520000006,0.5324897870887851,5.201300236823807,1.0
Y2022_LAT23.66157_LON90.23046,2022,90.23045741748071,23.661569271449984,21,33.76752710608579,33.56923496900003,1.2994524950886666,30.922149380000008,37.944471470000025,0.5807992098848384,5.864801716713954,1.0
Y2022_LAT23.66174_LON90.24025,2022,90.2402522533002,23.66174412497075,21,33.549649506182014,32.89662560000002,2.111671636958992,30.645289760000026,40.79339114000004,0.5635404961957734,6.9186010807071385,1.0
Y2022_LAT23.66192_LON90.25005,2022,90.25004718316151,23.661918360714164,21,35.32863802891263,35.65773840772729,1.5864785909047348,31.63651556000002,39.78849326000005,0.4851099067363094,6.017700020823547,1.0
Y2022_LAT23.66209_LON90.25984,2022,90.25984220682595,23.662091978628148,21,35.82392989321119,35.78149382062501,1.1846581425793907,32.22441500000002,42.28364786000003,0.4600127904236341,5.8075014470656265,1.0
Y2022_LAT23.66226_LON90.26964,2022,90.26963732391111,23.66226497864561,21,35.19396122233955,35.27678454227275,1.8648756496310839,31.927047259999995,42.58785164000005,0.5532744300354671,4.9033392624501255,0.8868892394535486
Y2022_LAT23.66244_LON90.27943,2022,90.2794325341656,23.662437360798467,21,36.489189832582696,36.25853310500001,1.8322088768003986,33.024231680000014,41.29925810000003,0.5218935130995643,4.840058266569562,0.09806337336575907
Y2022_LAT23.66278_LON90.29902,2022,90.29902323249809,23.662780271433803,21,38.788008640124694,38.958633983157924,1.9243650532280208,31.479286640000055,41.87861249000002,0.3922867703426876,5.211669982591398,0.11493250823549582
Y2022_LAT23.66295_LON90.30882,2022,90.30881872007676,23.662950799805053,21,35.223397073694805,35.40970145786887,2.920335501522802,29.254155620000006,42.88863739999999,0.44017768204158586,4.989786499418715,0.7224174659645104
Y2022_LAT23.66312_LON90.31861,2022,90.31861429929954,23.66312071017582,21,34.27282473386821,34.58045618600003,1.2657267087691266,30.99392780000005,36.80114378000002,0.565273693827684,5.356899326585059,1.0
Y2022_LAT23.66329_LON90.32841,2022,90.32840997011043,23.66329000255966,21,35.68388296056111,35.544600030274,0.9615175033376593,33.13531732999999,38.92373420000001,0.6162319182794227,3.8779986799984445,1.0
Y2022_LAT23.66346_LON90.33821,2022,90.33820573193998,23.66345867691498,21,35.66093239297721,35.67604553000002,0.9632806462558955,32.08427618000002,38.12049950000002,0.6185553070402484,4.310800365647487,1.0
Y2022_LAT23.66363_LON90.348,2022,90.34800158450707,23.663626733183868,21,34.62157173281613,34.5158740837838,1.3493245248187788,31.106722460000015,37.559944220000034,0.6057247332814676,3.206400971298684,1.0
Y2022_LAT23.66379_LON90.3578,2022,90.3577975276047,23.663794171446803,21,36.375907863907436,35.72055238603944,2.292180154711194,31.698039920000042,42.895473440000046,0.5521692222247968,3.573201850825702,1.0
Y2022_LAT23.66396_LON90.36759,2022,90.36759356076453,23.663960991623302,21,37.95584597435891,38.03901993500003,2.067105984749275,32.93878117999998,42.62886788000003,0.5481086563769374,3.1374001616472467,1.0
Y2022_LAT23.66413_LON90.37739,2022,90.37738968368167,23.664127193689648,21,37.9874271961626,37.83161107884617,1.4702666498131267,34.12141610000003,41.96919002000004,0.5272090526466326,3.161700760944753,1.0
Y2022_LAT23.66429_LON90.38719,2022,90.38718589607517,23.664292777606878,21,37.3101770768171,37.275271982857156,1.5667251552236208,33.1472804,41.34711038000003,0.5223032658518728,4.426201677884323,1.0
Y2022_LAT23.66446_LON90.39698,2022,90.39698219758391,23.664457743416822,21,36.7998248288695,36.96298702700002,1.4115652082067556,32.61748729999999,41.00530838000003,0.5147212272199427,4.457500538235927,1.0
Y2022_LAT23.66462_LON90.40678,2022,90.40677858784863,23.66462209094527,21,36.59776231304794,36.34558767578949,1.9458913111079679,32.35771778000003,42.35542628000002,0.5250684389520535,4.098700464472769,1.0
Y2022_LAT23.66479_LON90.41658,2022,90.41657506658078,23.664785820286717,21,37.416608614620635,37.423689513636376,1.1317926267472187,34.661463260000005,40.40886389000002,0.5483442243610048,5.157401361648656,1.0
Y2022_LAT23.66495_LON90.42637,2022,90.42637163342931,23.66494893146759,21,38.415265015877935,38.23103223500001,1.1372239629560035,36.05943344000002,41.307803149999984,0.6047056026539731,4.751102060120067,1.0
Y2022_LAT23.66511_LON90.43617,2022,90.43616828794282,23.66511142432253,21,38.95868724007546,38.65380217410717,1.5132024232498587,35.84068016000003,47.27737508000001,0.5261794407826679,3.3910994875269957,1.0
Y2022_LAT23.66527_LON90.44597,2022,90.4459650301101,23.66527329895515,21,38.88490995214014,39.67602725576924,3.924023532288776,28.464593000000036,47.61234104000005,0.2734324263605196,3.9234497909432364,0.9990972652447119
Y2022_LAT23.66543_LON90.45576,2022,90.455761859255,23.66543455528528,21,33.03813385643624,32.10552963193086,3.671483916450601,28.80639500000001,43.83884696000001,0.09518776034341768,2.5433153702471176,0.16745582340146306
Y2022_LAT23.66659_LON90.01479,2022,90.01479055228913,23.666586606128025,21,27.49506249374443,27.444314030000044,0.21850185132804278,27.232396790000053,28.221913580000006,-0.13416118745526787,5.721770314003321,0.04084395843083168
Y2022_LAT23.66678_LON90.02458,2022,90.0245839038036,23.666775125771643,21,29.751647663418094,27.844637003227877,2.847623557569927,27.08713094000001,36.25426057999999,0.06153567412015741,4.539462161501882,0.9466719800180032
Y2022_LAT23.66696_LON90.03438,2022,90.0343773566803,23.666963027846926,21,32.93553261215476,33.01212619250003,1.192199024313517,30.990509780000025,36.1893182,0.5447148975872268,5.327206245676437,1.0
Y2022_LAT23.66715_LON90.04417,2022,90.04417091068814,23.667150312410396,21,36.48789394633425,36.7834322218182,2.9787049690403924,29.99073893000002,44.01658400000002,0.42618910807054705,4.839301596713381,1.0
Y2022_LAT23.66734_LON90.05396,2022,90.05396456549875,23.66733697933665,21,36.66965066312024,36.40358170796612,1.591660657968321,33.020813660000044,44.01658400000002,0.43166532445520484,3.907599565174413,1.0
Y2022_LAT23.66752_LON90.06376,2022,90.06375832072634,23.667523028751464,21,35.41246785134003,35.16562121000001,1.5924135928035266,32.16289064000006,40.85833352,0.5256575090212164,4.856006381206485,1.0
Y2022_LAT23.66771_LON90.07355,2022,90.07355217606052,23.66770846043795,21,35.208946126282555,34.83048434900002,1.8605782677159897,31.793744479999987,39.556067900000016,0.5463302100345153,5.403501898832464,1.0
Y2022_LAT23.66789_LON90.08335,2022,90.08334613121336,23.66789327448936,21,33.80551237041776,34.1572685570968,1.4185500417960917,30.27956162000001,38.328998720000016,0.6151695258019972,5.174300820239143,1.0
Y2022_LAT23.66808_LON90.09314,2022,90.09314018580726,23.668077470870962,21,34.02455745217957,34.173982890344845,1.3333817053224613,29.893325360000006,37.58387035999999,0.6278483351742531,4.180696144452437,1.0
Y2022_LAT23.66826_LON90.10293,2022,90.10293433949884,23.668261049537524,21,33.35492659279793,33.53157460318183,1.7985884709793263,29.783948720000012,38.85366479000004,0.6375399532807572,3.7833989807010777,1.0
Y2022_LAT23.66844_LON90.11273,2022,90.11272859192228,23.668444010476485,21,33.549743074557185,33.82711680977275,1.0391606678651293,30.077898440000013,35.45786192000003,0.6599442612904072,4.334999223525744,1.0
Y2022_LAT23.66863_LON90.12252,2022,90.12252294293911,23.668626353654744,21,33.863176004373436,33.94589072000002,0.6889992827934034,31.716839030000017,35.498878160000004,0.6521625861991176,5.3201015063600146,1.0
Y2022_LAT23.66881_LON90.13232,2022,90.13231739188161,23.66880807905234,21,31.995502522564916,31.67107554000003,1.261484672252434,29.54468731999998,34.87679852000002,0.6644852390710053,4.384601809890859,1.0
Y2022_LAT23.66899_LON90.14211,2022,90.14211193878464,23.668989186677955,21,32.47861715446413,32.54624005878381,1.057235021986373,29.790784760000008,35.04769952000001,0.6692226707428642,3.95460096282806,1.0
Y2022_LAT23.66917_LON90.15191,2022,90.15190658308181,23.66916967639828,21,34.37892696567016,34.42209722673472,1.170511278715062,30.864043040000013,38.12391752000002,0.6146725599138321,4.029502491776424,1.0
Y2022_LAT23.66935_LON90.1617,2022,90.16170132444506,23.669349548306652,21,34.03897767191781,34.1748451494737,1.4609399240868413,30.44362658,37.607796500000006,0.6306818660642155,4.364304067313249,1.0
Y2022_LAT23.66953_LON90.1715,2022,90.17149616267439,23.669528802331403,21,33.33494549173937,33.51251137345457,1.146903419164901,30.27956161999998,36.151719980000024,0.659301322127247,4.26670125506472,1.0
Y2022_LAT23.66971_LON90.18129,2022,90.181291097336,23.669707438463153,21,34.605145489816344,34.70333400500002,1.0010386081882836,31.151156720000017,37.27283054000003,0.6206439295870796,4.342199257408256,1.0
Y2022_LAT23.66989_LON90.19109,2022,90.19108612817423,23.669885456656257,21,35.98364870371387,35.921694506383005,1.0187650564342008,31.909957159999976,38.61269438000002,0.5719498745237604,4.047202575070939,1.0
Y2022_LAT23.67006_LON90.20088,2022,90.20088125469215,23.670062856937736,21,35.31917668619518,35.51035294142859,1.4787845357329215,31.790326460000017,39.68253464000003,0.6199305126921536,3.951699772704802,1.0
Y2022_LAT23.67024_LON90.21068,2022,90.21067647670718,23.670239639173236,21,34.655683423309334,34.595536904545455,1.2262469319455627,31.892867060000015,40.00382852000001,0.6143943942732897,4.157698389168878,1.0
Y2022_LAT23.67042_LON90.22047,2022,90.22047179392902,23.67041580338254,21,36.00141681138361,36.29933571875003,1.5003859905903472,31.89457607,38.70498092,0.5536457826778319,4.642595965157486,1.0
Y2022_LAT23.67059_LON90.23027,2022,90.23026720583478,23.670591349684884,21,34.81626807261761,35.11563266750003,1.5692193587575982,31.205845039999986,38.74941518000003,0.5708796104313084,5.867198198579751,1.0
Y2022_LAT23.67077_LON90.24006,2022,90.24006271224383,23.670766277818203,21,33.94150452554882,34.07413349000001,1.6627935333809247,31.03152602000003,38.21791307000004,0.5029547478132559,7.099600468708073,1.0
Y2022_LAT23.67094_LON90.24986,2022,90.24985831290394,23.67094058795108,21,36.69162394439414,37.110365504255334,1.2129158767730097,31.817670620000058,38.28285545,0.5169225607114194,6.029100136941804,1.0
Y2022_LAT23.67111_LON90.25965,2022,90.2596540071639,23.671114279915606,21,36.55607821091364,36.04124469071431,1.290216687396051,33.936843020000026,40.05851684000004,0.4744223229087542,5.624101760478862,1.0
Y2022_LAT23.67129_LON90.26945,2022,90.26944979498077,23.67128735378411,21,35.96895846917796,35.968354600400026,1.4979199216035077,32.311574510000014,40.29094220000002,0.49211556245785165,5.0286024875411,1.0
Y2022_LAT23.67146_LON90.27925,2022,90.2792456759283,23.671459809556552,21,35.34571957536544,35.53315889000002,1.7764084916289133,30.144549830000017,39.57486701000005,0.5157160196230027,4.536660742582497,0.8193255912374174
Y2022_LAT23.67163_LON90.28904,2022,90.28904164971378,23.67163164707944,21,33.699319023762385,33.587780706945644,1.508518850371498,30.144549830000017,37.23523232000002,0.5882608341112933,4.755539503228836,0.41434794524499824
Y2022_LAT23.6718_LON90.29884,2022,90.29883771584848,23.67180286643217,21,35.79859950118416,35.33968709752571,1.6597231232310552,32.40386105000002,40.72503074000002,0.5933447289689423,5.326619295609707,0.9459089791949392
Y2022_LAT23.67197_LON90.30863,2022,90.3086338742287,23.6719734675823,21,35.15505533463162,34.99081390142858,1.1105368824063193,31.84843280000004,39.77823920000003,0.6081350393804823,5.532700153883066,1.0
Y2022_LAT23.67214_LON90.31843,2022,90.3184301243405,23.67214345053694,21,35.06306560281095,34.95471383954548,0.806399399548113,33.400213880000024,38.06239316,0.5979582238746465,5.337699236231683,1.0
Y2022_LAT23.67231_LON90.32823,2022,90.32822646598497,23.67231281518136,21,35.07889884469848,34.94968548702705,0.9579943831908955,31.95439141999998,38.10170039000002,0.6075991938551488,5.089298067285014,1.0
Y2022_LAT23.67248_LON90.33802,2022,90.33802289865336,23.672481561486364,21,35.90661578308457,35.95299279153849,1.190435739392958,32.887510880000036,39.525305720000006,0.6462729249477248,3.9587021585983875,1.0
Y2022_LAT23.67265_LON90.34782,2022,90.347819422269,23.67264968961687,21,36.89247482409733,37.051952544864896,1.1646670351407369,33.67023746000001,39.67569860000003,0.5633515025180474,3.5578014484773983,1.0
Y2022_LAT23.67282_LON90.35762,2022,90.35761603619699,23.672817199345946,21,35.62531401703856,35.345545782800016,1.4458512012586022,32.532036800000014,40.61907212,0.589851338766445,3.865504072960335,1.0
Y2022_LAT23.67298_LON90.36741,2022,90.36741274047239,23.672984090720792,21,34.843033780275434,34.981101536562534,1.2135480630270998,31.258824349999998,37.87782007999999,0.6477767335102617,3.276396594807496,1.0
Y2022_LAT23.67315_LON90.37721,2022,90.37720953437174,23.67315036372105,21,34.42587956227558,34.02739253344264,1.859737714161291,31.209263060000012,39.80387435000003,0.5998489166156756,3.131598266344775,1.0
Y2022_LAT23.67332_LON90.38701,2022,90.38700641776765,23.673316018313184,21,35.46412374200133,35.288669930000026,1.4653161263500099,32.60381522,39.754313060000015,0.6089328751355045,3.8724041054310763,1.0
Y2022_LAT23.67348_LON90.3968,2022,90.39680339036659,23.67348105445784,21,37.5400332268827,37.390977099736865,1.264572060427186,34.25813690000001,41.00530838000003,0.5916034586284987,3.5630002964719756,1.0
Y2022_LAT23.67365_LON90.4066,2022,90.40660045175213,23.673645472221292,21,39.44566320120184,39.27563489545456,2.2083577272008883,34.709315540000034,44.37889412000004,0.48777078457032824,3.9270008329450916,1.0
Y2022_LAT23.67381_LON90.4164,2022,90.4163976015287,23.673809271455447,21,37.540374350905225,37.53444053230771,1.7087624609721574,33.607004090000004,42.47163896000001,0.5635196734843783,4.0708003331780285,1.0
Y2022_LAT23.67397_LON90.42619,2022,90.42619483956582,23.673972452224067,21,39.06671620072302,38.67265456135595,1.280199037074931,36.91393844000004,43.26461960000006,0.5063979096985124,4.444806799090801,1.0
Y2022_LAT23.67414_LON90.43599,2022,90.43599216531646,23.67413501452833,21,38.532647782986515,39.52274220500001,3.1758049709676928,29.51221613000004,43.158660980000036,0.32987090944448777,3.8829006254147025,1.0
Y2022_LAT23.6743_LON90.44579,2022,90.44578957854675,23.674296958143618,21,38.71810809065558,39.553962155535736,4.054322127104095,30.365012120000046,46.59377108000001,0.22557070070708451,3.6713961006875326,1.0
Y2022_LAT23.67446_LON90.45559,2022,90.45558707901341,23.674458283331234,21,36.799168626230006,35.334599573750026,4.174052311359802,31.533974960000023,45.20947297999999,0.36944319920884455,2.6968804101744523,0.4368221465163371
Y2022_LAT23.6758_LON90.02438,2022,90.02437951447082,23.67579556360516,21,31.850536023946354,32.973207566384765,2.872458201199873,27.28708511000002,36.264514640000016,0.28275348855591526,4.7282388663967625,0.21396859772604238
Y2022_LAT23.67598_LON90.03417,2022,90.03417363771479,23.6759835458416,21,32.54211259805432,32.612460674781005,0.9210156552196365,30.720486199999982,35.69370530000003,0.5693185906261656,4.911737017428108,0.8928336667875967
Y2022_LAT23.67617_LON90.04397,2022,90.04396786208045,23.676170910287578,21,33.734112933960844,33.527510710571455,1.5640541646507868,29.96852180000002,38.14100761999998,0.5283224871313913,4.810999777646798,1.0
Y2022_LAT23.67636_LON90.05376,2022,90.05376218728698,23.676357656909072,21,34.97838805145933,34.98598220725808,0.7122439941469833,33.27716516000001,37.58728838000002,0.5696643424267548,5.260203577428599,1.0
Y2022_LAT23.67654_LON90.06356,2022,90.06355661291529,23.676543785630265,21,34.25677606400097,34.36015736652176,1.0219412359821518,31.14090266000005,36.830196950000015,0.5613152726346653,4.835800983295274,1.0
Y2022_LAT23.67673_LON90.07335,2022,90.07335113867751,23.67672929647067,21,33.739625167225604,33.63920183840002,1.1198578037295241,31.759564280000006,39.08096311999998,0.6196267465568474,5.627600738353809,1.0
Y2022_LAT23.67691_LON90.08315,2022,90.0831457643995,23.67691418943131,21,34.00288804838801,33.983366070000024,0.9647608138808067,31.759564280000006,36.61998872000004,0.61040191995175,4.819399150113648,1.0
Y2022_LAT23.6771_LON90.09294,2022,90.09294048937929,23.677098464394223,21,34.31707496588054,34.297113353870984,1.1564761802934045,31.821088640000028,37.13952776000002,0.6044202092393287,4.553299474469967,1.0
Y2022_LAT23.67728_LON90.10274,2022,90.102735313684,23.67728212138585,21,32.22111189798885,32.32873436551022,1.418693703049598,29.71900634000002,35.55014846000006,0.6868962135784166,3.470700553765359,1.0
Y2022_LAT23.67747_LON90.11253,2022,90.11253023667851,23.67746516043704,21,33.28365014155621,33.38944711700003,1.1812923808821194,30.125750720000042,36.93615557000004,0.6514920785397501,4.237901119534684,1.0
Y2022_LAT23.67765_LON90.12233,2022,90.12232525824136,23.677647581381592,21,32.7177097619286,32.76291336968751,1.4062403486418218,30.187275080000006,37.02673310000003,0.6604568601079126,4.723699674940791,1.0
Y2022_LAT23.67783_LON90.13212,2022,90.13212037793532,23.677829384331158,21,33.19515822470306,33.070802202500026,1.8419603247802898,29.804456840000057,37.201052119999986,0.6469669299537945,3.6873996322348632,1.0
Y2022_LAT23.67801_LON90.14192,2022,90.1419155954399,23.678010569231475,21,33.882332451950695,34.51489316552634,1.7883023946041414,29.71558832000005,37.66248482000003,0.6141067587362288,3.231798737876413,1.0
Y2022_LAT23.67819_LON90.15171,2022,90.1517109104151,23.67819113600104,21,34.01424378390337,34.20797243000002,1.250573682102492,30.036882200000008,37.30871975000002,0.6216189382471192,4.530301800355058,1.0
Y2022_LAT23.67837_LON90.16151,2022,90.16150632255399,23.67837108468376,21,32.920359522392665,33.17015484153848,1.3812891562941894,30.52907707999998,37.187380039999994,0.655794166259617,4.1124013087074225,1.0
Y2022_LAT23.67855_LON90.1713,2022,90.17130183151394,23.678550415217572,21,34.54471631080088,34.77962421140002,1.767226653868582,30.269307560000016,39.287753330000015,0.6196816366978379,4.259801222593991,1.0
Y2022_LAT23.67873_LON90.1811,2022,90.1810974369278,23.678729127524555,21,34.91381655857073,34.86096769052633,0.8960596493721735,31.72196606,38.50844477000004,0.6508364029359404,5.177000208235537,1.0
Y2022_LAT23.67891_LON90.19089,2022,90.19089313852575,23.678907221657223,21,36.613424630054794,36.54609112760003,1.4252505949589638,33.789868160000026,40.57463786000005,0.5751600388638558,3.9315010958836423,1.0
Y2022_LAT23.67908_LON90.20069,2022,90.20068893596161,23.679084697594206,21,37.16263142400872,37.33826120857145,1.5257627464153174,33.456611210000034,41.95551794000005,0.5803038580596231,4.14820069741505,1.0
Y2022_LAT23.67926_LON90.21048,2022,90.21048482882942,23.679261555294072,21,35.21933339059398,35.17172142625002,0.9098568710909865,32.908018999999996,37.88465611999999,0.6163092926714436,5.631500742942047,1.0
Y2022_LAT23.67944_LON90.22028,2022,90.2202808169129,23.67943779475141,21,34.666595543703984,34.794627471621645,1.068877288788673,31.37332802000003,36.94811864000002,0.5692844187880376,5.967899962235251,1.0
Y2022_LAT23.67961_LON90.23008,2022,90.23007689982374,23.67961341583715,21,34.782978104137136,34.8926068625,0.8889706423806959,32.00224370000001,37.50354689000005,0.5395240741601568,6.548497875284124,1.0
Y2022_LAT23.67979_LON90.23987,2022,90.23987307712183,23.679788418657314,21,34.1200973901418,34.0786131677273,0.6974498697281329,32.55083591000002,37.82654978000002,0.5152696581394427,6.009197657879596,1.0
Y2022_LAT23.67996_LON90.24967,2022,90.24966934876005,23.67996280312878,21,35.571457079215165,35.485057470434796,1.1421395877490146,32.54399987000002,38.57338715,0.5015829988821507,6.552000649412528,1.0
Y2022_LAT23.68014_LON90.25947,2022,90.25946571403094,23.680136569215893,21,35.55643069370869,35.23776584642859,1.2923308888384453,33.278874169999995,39.99357445999999,0.5403433575057738,6.597807519094211,1.0
Y2022_LAT23.68031_LON90.26926,2022,90.26926217288214,23.680309717012452,21,36.161349229230204,36.153331332285724,1.285700523112337,30.87087908000001,40.35759359000002,0.48080262394854056,5.308901539884163,1.0
Y2022_LAT23.68048_LON90.27906,2022,90.27905872496201,23.68048224632503,21,33.510148721524054,33.52761280727275,1.8248163260551606,30.457298659999992,38.80752152000002,0.45326407239337163,5.117201314354484,1.0
Y2022_LAT23.68065_LON90.28886,2022,90.2888553697017,23.68065415725346,21,34.181364246733764,34.30017854600001,0.9220263430694416,30.571802329999997,36.69860318000002,0.6456602878216225,5.899104231078737,1.0
Y2022_LAT23.68083_LON90.29865,2022,90.29865210710203,23.680825449623452,21,34.74326186874348,34.712733560000025,0.710650525051792,33.00885059000001,36.86608616000001,0.6449835588873825,5.093998934116395,1.0
Y2022_LAT23.681_LON90.30845,2022,90.30844893653449,23.680996123618623,21,35.1948903307577,35.07612305473687,1.0604384986179212,32.81231444000002,40.10636912000001,0.6149838545400228,5.624300734471451,1.0
Y2022_LAT23.68117_LON90.31825,2022,90.31824585795898,23.681166179057755,21,35.555493842187644,35.32933902734377,1.0060941196941602,32.88067483999998,39.162995600000045,0.6410986360348099,5.44119972329282,1.0
Y2022_LAT23.68134_LON90.32804,2022,90.32804287068859,23.68133561598389,21,36.13792070728378,36.09373956705266,1.2741066943775516,31.322057720000032,39.32364254000001,0.5951249050929671,6.0261000307059165,1.0
Y2022_LAT23.6815_LON90.33784,2022,90.33783997470627,23.68150443436738,21,34.73749593767224,34.63888843023258,1.3383594070464093,30.864043040000013,38.359760900000026,0.5938591450490776,4.794002110590718,1.0
Y2022_LAT23.68167_LON90.34764,2022,90.34763716947079,23.68167263416561,21,34.11351979123832,34.157552992608714,1.4633759220902247,29.944595660000033,38.17518782000002,0.6334653638464532,4.143803029661317,1.0
Y2022_LAT23.68184_LON90.35743,2022,90.35743445478417,23.681840215417694,21,34.92119026782358,34.85928116750002,1.5858318380017389,31.448524460000044,38.756251220000024,0.6346571602673221,4.9876011618837195,1.0
Y2022_LAT23.68201_LON90.36723,2022,90.36723183031991,23.682007177967904,21,33.87300707850294,33.84582350465519,1.5438272251544172,30.153094880000026,39.08096311999998,0.6407197022797317,3.8545986524690026,1.0
Y2022_LAT23.68217_LON90.37703,2022,90.37702929556154,23.682173521934047,21,35.6979303967334,35.73643055000001,1.1232296708298855,31.858686860000034,39.61759226000004,0.5959098782959567,4.1887008880041785,1.0
Y2022_LAT23.68234_LON90.38683,2022,90.38682685035715,23.68233924722738,21,35.798006132105876,35.85817238000001,1.084374501740018,33.07892000000004,39.13565144000006,0.6047415914600247,3.888301045060054,1.0
Y2022_LAT23.6825_LON90.39662,2022,90.39662449431165,23.682504353804134,21,37.41180785713014,37.4210609991837,1.1437297252647725,33.30450932000002,41.244569780000006,0.5371969937443032,4.099501293530932,1.0
Y2022_LAT23.68267_LON90.40642,2022,90.4064222271138,23.68266884167841,21,39.19084268781895,39.08864010142858,1.6858567694908748,35.24252666000001,43.978985780000016,0.4451903739564567,3.6104005195318587,1.0
Y2022_LAT23.68283_LON90.41622,2022,90.41622004843472,23.682832710833175,21,40.52399616477659,40.643486548571445,1.3450418848234809,36.250842560000024,43.732888340000045,0.38562243216882475,5.310701542001812,1.0
Y2022_LAT23.683_LON90.42602,2022,90.42601795782869,23.682995961220236,21,38.283250117170105,39.40020618800001,3.4198284640792767,30.14113181000002,43.592749519999984,0.20151549556874257,4.9641023107086,1.0
Y2022_LAT23.68316_LON90.43582,2022,90.43581595517679,23.683158592791173,21,37.93391529984355,38.67550049749999,4.548897473496423,29.51221613000004,46.63307831,0.17864102534180365,3.1293959030395455,1.0
Y2022_LAT23.68332_LON90.44561,2022,90.44561403991838,23.683320605739755,21,41.49073381718216,41.80794864173915,2.7299567169472834,32.091112220000014,48.42924782,0.309244591611549,3.683898451645235,1.0
Y2022_LAT23.68348_LON90.45541,2022,90.45541221193358,23.683481999713646,21,38.52606079705145,39.04257943447684,2.981454659397948,31.716839030000017,43.11593572999999,0.5006957336462833,3.593813456557148,0.990835797975202
Y2022_LAT23.68364_LON90.46521,2022,90.46521047076008,23.683642774852633,21,37.378464681057274,37.28599208947037,1.5223802995849431,34.415365820000034,40.9574561,0.43964331127742096,3.732260325067252,0.32373550537705265
Y2022_LAT23.6838_LON90.47501,2022,90.47500881598002,23.683802931209467,21,38.44495195144022,38.306781590000014,1.1959284279550344,36.52428415999998,41.210389580000026,0.3483060415683813,3.2779872316895386,0.07097646605488875
Y2022_LAT23.685_LON90.03397,2022,90.03396981755542,23.68500405169941,21,33.34189817883364,33.172345880000016,1.1279269698711558,30.732449270000018,37.00964299999998,0.5779586357117046,3.2498120817673475,0.19879147031703914
Y2022_LAT23.68519_LON90.04376,2022,90.04376471264946,23.685191496040034,21,33.657845366505306,33.76919795115417,1.0609054978004564,29.96852180000002,36.08335957999998,0.5332631555390859,4.180488324224577,0.9981933472669949
Y2022_LAT23.68538_LON90.05356,2022,90.05355970859381,23.685378322299123,21,34.09876728410628,34.17371180600002,1.1010662860604874,30.85891601000003,36.61998872000001,0.5616522007224962,5.550700238589374,1.0
Y2022_LAT23.68556_LON90.06335,2022,90.06335480496062,23.685564530452844,21,34.056979794647276,33.98905051903228,1.091462377717832,31.56815516000006,37.42493243000001,0.5839189593215216,4.849498646469002,1.0
Y2022_LAT23.68575_LON90.07315,2022,90.07315000156721,23.685750120436253,21,34.14375378169655,33.95507246000002,1.3390806526401131,31.54081100000002,39.200593819999995,0.6059538100157379,5.342801579766562,1.0
Y2022_LAT23.68594_LON90.08295,2022,90.08294529795054,23.685935092191453,21,33.948667062387564,33.84522434432721,1.4370654316093248,30.337667960000033,40.06193486000001,0.6083313688742498,3.6483983454039883,1.0
Y2022_LAT23.68612_LON90.09274,2022,90.09274069395413,23.686119445769236,21,33.85723119466496,33.889454200338996,0.7720749105077837,31.465614560000006,35.97740096000001,0.66289095249451,4.079200093176587,1.0
Y2022_LAT23.6863_LON90.10254,2022,90.10253618903371,23.686303181147174,21,33.09562859423304,33.075797770192324,0.9935457315798333,30.47438876000001,35.823590060000015,0.6753106245078576,4.579600681883172,1.0
Y2022_LAT23.68649_LON90.11233,2022,90.1123317830009,23.686486298260636,21,34.30258085314839,34.29657758971833,0.6986655173128485,32.67730265,36.688349120000055,0.6460517413616864,4.735201106828746,1.0
Y2022_LAT23.68667_LON90.12213,2022,90.12212747545509,23.686668797078124,21,34.30709044924429,34.268390960000026,0.91395653604157,31.431434360000026,37.42322342,0.6245272327257814,4.203799063293035,1.0
Y2022_LAT23.68685_LON90.13192,2022,90.1319232660632,23.686850677571027,21,35.44426158834554,35.35793510000002,1.0331101168867212,32.480766500000016,38.82802964000001,0.584813524709508,4.262500308823905,1.0
Y2022_LAT23.68703_LON90.14172,2022,90.14171915461574,23.68703193971143,21,35.448534771068054,35.577813059375025,1.1266911202178411,32.68926572000001,38.937406280000005,0.6041120539466553,4.090900427766722,1.0
Y2022_LAT23.68721_LON90.15152,2022,90.15151514060925,23.687212583529078,21,35.40961788619281,35.63747887100001,1.2593290993970576,32.54570888000001,38.41444922000005,0.5362073320419469,4.782700920824622,1.0
Y2022_LAT23.68739_LON90.16131,2022,90.16131122379636,23.68739260891942,21,35.007061329541685,34.86029589218752,1.0021244864311518,32.825986520000015,38.821193600000015,0.5913551662986334,4.5535994748229225,1.0
Y2022_LAT23.68757_LON90.17111,2022,90.17110740382451,23.68757201592602,21,35.13547024120218,35.235975455000016,0.9507282790301578,32.514946699999996,38.069229199999995,0.6338441163761566,5.585002752954145,1.0
Y2022_LAT23.68775_LON90.1809,2022,90.18090368039647,23.68775080454604,21,35.68245206512276,35.60581335714288,1.0772921557831312,33.111391190000006,37.913709290000014,0.638778945852123,4.829599799529182,1.0
Y2022_LAT23.68793_LON90.1907,2022,90.19070005308562,23.687928974645676,21,35.03256108356783,34.700308595405424,1.4420156378492932,32.13041945000003,39.83292752000003,0.6446706472019041,4.3768992669403275,1.0
Y2022_LAT23.68811_LON90.2005,2022,90.20049652177411,23.68810652627268,21,35.15682302829013,34.98536562894739,1.099145924495672,32.23296005,38.08802831,0.609234223895367,4.493597616929977,1.0
Y2022_LAT23.68828_LON90.21029,2022,90.21029308576458,23.688283459428458,21,33.205562132886826,33.296249105000015,1.369773186809834,30.86746106000001,35.767192730000005,0.5871679552614778,4.815799783293874,1.0
Y2022_LAT23.68846_LON90.22009,2022,90.22008974511502,23.688459774039266,21,33.97694850538295,34.08106141225809,1.1135495692290778,31.304967620000014,36.13804790000006,0.576359897210632,6.095700112588367,1.0
Y2022_LAT23.68864_LON90.22989,2022,90.22988649921624,23.688635470068228,21,34.762283582544654,34.8319108491837,0.7015790947453474,32.0193338,36.68834912,0.5929952032218586,7.068005025906022,1.0
Y2022_LAT23.68881_LON90.23968,2022,90.23968334787638,23.68881054755855,21,34.891438011381226,34.86610625230771,0.6439967833594604,33.28912823000002,36.3943994,0.5618370951697981,7.2720014964723525,1.0
Y2022_LAT23.68899_LON90.24948,2022,90.24948029079363,23.68898500645863,21,35.01579981959525,35.01396905947371,0.9602231141322219,31.698039920000042,37.22497826000006,0.5468916168100202,7.388200456706427,1.0
Y2022_LAT23.68916_LON90.25928,2022,90.25927732741697,23.689158846767523,21,34.89520270206839,34.8942637685366,0.872683762567961,31.90824815000002,37.46765768000003,0.5373824533950933,7.272598929877333,1.0
Y2022_LAT23.68933_LON90.26907,2022,90.26907445768036,23.689332068339798,21,34.69222100059009,34.96582667646453,2.0894930817164354,29.442146719999982,38.8041035,0.4789735249779266,6.121397789879771,1.0
Y2022_LAT23.6895_LON90.27887,2022,90.27887168106732,23.689504671222522,21,34.838992431863964,34.89159494868423,0.9335634566374925,30.73415828000003,37.84363988000001,0.6649362177346434,5.3087003631769125,1.0
Y2022_LAT23.68968_LON90.28867,2022,90.2886689973465,23.689676655411855,21,34.18414832157057,34.22652021500003,0.6438637068699666,32.07402212000005,35.92442165,0.6690751789153122,5.092202786836651,1.0
Y2022_LAT23.68985_LON90.29847,2022,90.29846640613323,23.68984802094192,21,34.32830058111313,34.34999618750002,0.6999644981055929,32.78667929000002,36.36705524000001,0.6438312610663126,4.835200982589387,1.0
Y2022_LAT23.69002_LON90.30826,2022,90.30826390710382,23.690018767769185,21,36.32486340079701,36.03426974103451,1.4956443992612733,33.14386238,42.25801271,0.5935574344343509,5.27240032047098,1.0
Y2022_LAT23.69019_LON90.31806,2022,90.31806149997833,23.690188895715618,21,34.80442560299452,34.85936661800002,0.9890959053642484,32.53032779000006,37.25574044000001,0.6434515933290119,4.858004037666073,1.0
Y2022_LAT23.69036_LON90.32786,2022,90.3278591842765,23.69035840490154,21,35.6513184042192,35.486548873571444,0.9767349412701463,33.46686527000003,39.32706056000001,0.589970182548302,5.530502977062335,1.0
Y2022_LAT23.69053_LON90.33766,2022,90.33765695983121,23.690527295348776,21,35.95614776102851,35.82944952285717,1.269557643395865,31.846723790000027,38.96133242000002,0.5226286134720304,5.383703980828221,1.0
Y2022_LAT23.6907_LON90.34745,2022,90.34745482628604,23.690695566908847,21,34.98831715273708,34.76711115090911,1.421066041785602,31.641642590000004,39.50479760000002,0.5940776655902958,3.6967056315559206,1.0
Y2022_LAT23.69086_LON90.35725,2022,90.35725278310356,23.69086321961578,21,34.9258722650643,34.95354860545457,1.8213639989253674,31.04861612000002,39.12539737999998,0.6040715207089324,4.607701891413994,1.0
Y2022_LAT23.69103_LON90.36705,2022,90.36705083031248,23.691030253398875,21,36.96149927514484,36.98590675000001,1.3130953137782322,33.78815915000001,40.588309940000045,0.5099515509933996,4.486099395411061,1.0
Y2022_LAT23.6912_LON90.37685,2022,90.37684896726971,23.69119666831015,21,36.09629545121836,36.01471434500001,1.50511619224361,33.054993860000025,40.84124342000001,0.507577909162335,3.1036910761933054,1.0
Y2022_LAT23.69136_LON90.38665,2022,90.38664719377365,23.691362464299498,21,38.18834494050113,38.36094406076924,1.2921875583592712,33.85481054000002,41.762399810000005,0.45547853326064686,4.865599841882185,1.0
Y2022_LAT23.69153_LON90.39645,2022,90.39644550944865,23.691527641360246,21,39.33426396721123,39.41116826642859,2.2370182644296044,33.44806616000005,44.457508579999995,0.39864211273544664,4.338400398118121,1.0
Y2022_LAT23.69169_LON90.40624,2022,90.40624391405873,23.6916921993956,21,39.67773238776772,39.779285532653056,0.9674708166936877,35.620217870000005,43.90720736000003,0.35637926523463903,3.9734022277751917,1.0
Y2022_LAT23.69186_LON90.41604,2022,90.41604240706675,23.691856138496544,21,38.43504803425161,39.273949787692324,2.5623001312022873,29.48999900000001,41.80512506000002,0.2906008558527364,3.9195010817659903,1.0
Y2022_LAT23.69202_LON90.42584,2022,90.42584098837877,23.692019458559063,21,36.92214456879122,38.058063668000024,4.39223821161338,28.644039050000003,46.95266318000003,0.24658140219334615,3.7233008509421865,1.0
Y2022_LAT23.69218_LON90.43564,2022,90.43563965751353,23.69218215954913,21,43.115895877710024,43.1542535331579,1.4103279236761195,37.183962020000024,46.880884760000015,0.20751216442340453,4.252403540722554,1.0
Y2022_LAT23.69234_LON90.44544,2022,90.44543841412684,23.69234424145357,21,41.117387076561265,41.28045899000002,1.8371077029599157,36.1893182,44.36351303000001,0.26104801428701374,3.77019972964674,1.0
Y2022_LAT23.69251_LON90.45524,2022,90.45523725805928,23.692505704334405,21,41.39284910876175,41.51603252631581,1.1266854781442968,35.97740096000001,43.784158640000015,0.28164084300288483,4.505497065290673,1.0
Y2022_LAT23.69267_LON90.46504,2022,90.46503618870872,23.692666548114357,21,38.74895554261351,38.84451209200003,2.3713586860040086,33.91975292000001,44.621573539999986,0.362977920743906,4.956185676167905,1.0
Y2022_LAT23.69283_LON90.47484,2022,90.47483520593858,23.692826772691703,21,39.55144100185433,39.59075470453781,1.5150241838299099,33.54035270000003,43.196259199999986,0.2993746260988887,5.248777481364172,0.7984819693448358
Y2022_LAT23.69299_LON90.48463,2022,90.4846343094755,23.692986378148444,21,38.987343959258844,39.04080138500004,1.9555834018904006,35.26987082000005,43.408176440000034,0.4150398156775062,5.5886184436064505,0.2407663929719799
Y2022_LAT23.69315_LON90.49443,2022,90.49443349863819,23.693145364514095,21,41.23205076698799,41.27874998000004,0.07177841999920567,41.13519314000001,41.27874998000004,0.4343349244221147,5.0,0.000293090480209331
Y2022_LAT23.69402_LON90.03377,2022,90.03376589628226,23.694024545346963,21,36.868811811424536,37.34289995000003,1.866462858144755,30.732449270000018,39.66202652000004,0.5703913418259434,4.126623689021455,0.07453572056097198
Y2022_LAT23.69421_LON90.04356,2022,90.04356146241442,23.694212069655585,21,35.65611365533609,35.450033000899076,1.7243240107555613,31.76981834000003,39.51846968000001,0.5493749501616024,4.619340606927802,0.9130150781122391
Y2022_LAT23.6944_LON90.05336,2022,90.05335712937642,23.69439897558522,21,35.083572793909326,34.923606405000015,1.208745065610615,31.872358940000026,38.869045880000044,0.5910712745562731,5.56189911481935,1.0
Y2022_LAT23.69459_LON90.06315,2022,90.06315289686664,23.69458526312828,21,34.54088211273767,34.3281274326154,1.2031411326979038,31.723675070000013,38.91348014000005,0.619682216783172,5.60189812657941,1.0
Y2022_LAT23.69477_LON90.07295,2022,90.07294876450825,23.694770932261218,21,33.86923339564728,33.76236277264153,1.0227252241330491,31.127230580000003,37.42322342000003,0.6189089680230101,4.561404994847035,1.0
Y2022_LAT23.69496_LON90.08274,2022,90.08274473212296,23.694955982996586,21,33.083677918293766,33.48262614000003,1.3375551237912988,29.67457208000002,35.707377380000025,0.6385167882068568,3.427198480934021,1.0
Y2022_LAT23.69514_LON90.09254,2022,90.09254079918136,23.69514041515422,21,33.368668774707345,33.574614281428595,1.5235423523398852,29.777112680000016,36.72252932000001,0.6618099342226176,3.854799316702656,1.0
Y2022_LAT23.69532_LON90.10234,2022,90.10233696561099,23.695324228837872,21,33.04912275571403,33.18731395925002,1.0693304172117133,30.35817608000002,35.13998606000001,0.6575560165921569,4.470402213657467,1.0
Y2022_LAT23.69551_LON90.11213,2022,90.1121332307547,23.695507423993153,21,34.0950773492825,34.049637680000025,0.6390487007642417,32.25346817000002,36.89001230000002,0.6523953656627746,4.92750201177416,1.0
Y2022_LAT23.69569_LON90.12193,2022,90.12192959448173,23.695690000641797,21,34.05209435322378,34.04399794700002,1.2947457648656648,30.347922020000055,37.51038293000005,0.647550507680348,4.883299450820926,1.0
Y2022_LAT23.69587_LON90.13173,2022,90.1317260564157,23.69587195872346,21,33.04473801457876,32.27944512200001,2.210014533181142,30.173603000000014,38.23671218000004,0.6126211720109962,5.255703556252013,1.0
Y2022_LAT23.69605_LON90.14152,2022,90.14152261628611,23.69605329816605,21,34.42603198657891,34.282324138750006,1.8151644779088352,30.51369599000003,38.92715222000004,0.5690139321834604,4.268900088941593,1.0
Y2022_LAT23.69623_LON90.15132,2022,90.1513192735837,23.696234018970106,21,34.26752086875542,34.1419522365574,0.9354345996503951,31.78349042000002,37.83338581999999,0.5600253229676078,4.298201403300711,1.0
Y2022_LAT23.69641_LON90.16112,2022,90.1611160282094,23.696414121172545,21,34.30252688637957,34.297444130000024,0.7375591107743845,31.646769620000015,37.61121452000003,0.6206367819214479,4.856299323761508,1.0
Y2022_LAT23.69659_LON90.17091,2022,90.17091287966808,23.69659360474074,21,34.398435840916264,34.33561202000002,0.5166304965875443,32.990051480000005,36.338002070000016,0.6457509811811766,5.573602699306799,1.0
Y2022_LAT23.69677_LON90.18071,2022,90.18070982763672,23.6967724695766,21,35.18604540917164,35.018035989285735,1.0493641955556716,32.62090532000002,39.49796156000002,0.5895967084473234,4.600998122344085,1.0
Y2022_LAT23.69695_LON90.19051,2022,90.19050687186817,23.696950715691802,21,34.9275304250301,34.8894642145432,0.9557042429183596,32.492729569999995,37.893201170000026,0.6375347500261705,4.968697499752917,1.0
Y2022_LAT23.69713_LON90.2003,2022,90.20030401191951,23.69712834307055,21,34.773029918154556,34.70098411625002,0.7575696407842823,32.63457740000001,36.92077447999998,0.6344160830429458,6.061302641424187,1.0
Y2022_LAT23.69731_LON90.2101,2022,90.21010124757622,23.69730535159487,21,33.0916711585376,33.2040721169231,1.306835562909725,30.86746106000001,36.07652354000004,0.6196416860453602,6.240403484251669,1.0
Y2022_LAT23.69748_LON90.2199,2022,90.21989857844044,23.69748174142072,21,34.010359505317375,33.92058843600002,0.9540472004982955,31.875776960000024,36.903684380000016,0.6160672500771323,5.850196942103261,1.0
Y2022_LAT23.69766_LON90.2297,2022,90.22969600417127,23.697657512448863,21,34.37912917668501,34.45046888540002,0.9936906390037699,31.216099100000008,37.166871920000006,0.5905945210822279,7.009003571781515,1.0
Y2022_LAT23.69783_LON90.23949,2022,90.23949352444232,23.69783266458546,21,34.68728886498121,34.59987316884616,0.532171792978586,33.45832022000002,36.411489500000016,0.6106228834280562,6.398101873420565,1.0
Y2022_LAT23.69801_LON90.24929,2022,90.2492911389818,23.698007197814498,21,35.10401271202582,34.98315926000001,1.0827926175420473,31.99882567999998,37.19079806000002,0.5767745337163853,6.507002385893566,1.0
Y2022_LAT23.69818_LON90.25909,2022,90.25908884729992,23.698181112186607,21,34.43026097384161,34.35987447120484,0.6599025861778489,32.49785659999998,36.609734660000015,0.6067052582906032,6.799800234354036,1.0
Y2022_LAT23.69835_LON90.26889,2022,90.26888664922271,23.698354407670063,21,35.08840151380467,35.03081048000002,1.4979535679300573,29.503671080000004,38.96133242000002,0.5852311331272124,5.5955910380754545,1.0
Y2022_LAT23.69853_LON90.27868,2022,90.27868454438945,23.69852708423566,21,34.070647539548645,34.279416830967776,1.683847849341345,30.165057950000033,40.619072120000055,0.5649538134244512,4.086898055990848,1.0
Y2022_LAT23.6987_LON90.28848,2022,90.28848253235476,23.698699141812764,21,34.52202336605045,34.67595269260871,0.7247760337936585,32.61748729999999,36.895139330000006,0.6748476272456171,3.964197478576358,1.0
Y2022_LAT23.69887_LON90.29828,2022,90.29828061303134,23.698870580411132,21,34.14931137609592,34.045388249729754,0.6317439999653593,32.61748729999999,36.973753790000046,0.6594765649640991,4.7118009967105765,1.0
Y2022_LAT23.69904_LON90.30808,2022,90.30807878574694,23.699041399940448,21,34.7588931460957,34.70344081812502,0.9248994833942387,32.537163830000026,37.43689549999999,0.6487781358899202,5.328201544477843,1.0
Y2022_LAT23.69921_LON90.31788,2022,90.3178770504813,23.699211600501837,21,34.99661428252662,35.04633231200001,1.10332322731642,32.42607817999999,38.08290127999999,0.6582325073466966,4.313300297883747,1.0
Y2022_LAT23.69938_LON90.32768,2022,90.32767540665867,23.699381182078024,21,35.24812975808705,35.10544606842107,0.9049891733056358,33.13019029999998,38.773341319999986,0.6384624178936233,4.307903801900236,1.0
Y2022_LAT23.69955_LON90.33747,2022,90.33747385414618,23.699550144458456,21,34.72412005958825,34.592623137894755,1.2350327687905809,31.846723790000027,40.02433664,0.6169541257795167,4.365811133228855,1.0
Y2022_LAT23.69972_LON90.34727,2022,90.34727239253493,23.69971848774044,21,36.91828544601687,36.71759760542859,2.08984648652642,31.641642590000004,41.849559320000026,0.5242291043643854,2.6383994748210555,1.0
Y2022_LAT23.69989_LON90.35707,2022,90.35707102131262,23.699886211934867,21,36.146423871818484,36.71830426750002,1.9859565423129857,31.004181860000017,41.86323140000002,0.49638409654067267,4.697005632967672,1.0
Y2022_LAT23.70005_LON90.36687,2022,90.36686974043921,23.70005331705588,21,37.46846742280149,37.32786066200002,1.445365530996403,33.85822856000004,41.39496266000003,0.4440227057044543,3.7151010122400505,1.0
Y2022_LAT23.70022_LON90.37667,2022,90.37666854943967,23.70021980290226,21,39.45503962413997,39.659233747561,1.622803629490044,33.30792733999999,43.07833751000001,0.4110133751174233,3.1765984781104857,1.0
Y2022_LAT23.70039_LON90.38647,2022,90.3864674479825,23.700385669579653,21,40.341325501540375,40.42373227700002,1.2250825889115016,36.93444656,43.23385742000005,0.3353087914795435,3.472999872940571,1.0
Y2022_LAT23.70055_LON90.39627,2022,90.3962664357762,23.70055091706898,21,41.82000710667849,41.86169329100004,1.0635361077413545,38.79726746000003,44.315660750000006,0.2599353336225146,4.034902517188308,1.0
Y2022_LAT23.70072_LON90.40607,2022,90.40606551240806,23.700715545358978,21,39.89564123592092,40.22114467795457,1.9540462305292625,31.492958720000047,43.98923984000004,0.19907180211057787,3.655799556703791,1.0
Y2022_LAT23.70088_LON90.41586,2022,90.41586467757924,23.700879554301107,21,37.77952610432884,39.66129408714288,3.8703117361802595,29.472908899999993,43.16891504,0.12323670462913691,2.9793951971538646,1.0
Y2022_LAT23.70104_LON90.42566,2022,90.4256639310151,23.701042944001834,21,41.20623722108494,40.71093140750001,2.463884151987895,35.72104946000002,47.93021690000003,0.23975513494359116,4.6693031496618715,1.0
Y2022_LAT23.70121_LON90.43546,2022,90.43546327232818,23.701205714455323,21,40.648634358220214,41.209819910000014,3.4917379641947623,33.150698420000026,47.47049321000003,0.20491632696372014,6.201908008978853,1.0
Y2022_LAT23.70137_LON90.44526,2022,90.44526270110596,23.70136786549647,21,39.65459819064358,39.65892893937502,1.9957928597297847,34.08039986000006,44.58568433000002,0.1972547658338182,7.085609814634422,1.0
Y2022_LAT23.70153_LON90.45506,2022,90.45506221733368,23.701529397245388,21,41.13157695634197,41.22703208214288,1.6306548753306043,35.119477940000024,45.028317920000006,0.24972826995685657,8.322603871077026,1.0
Y2022_LAT23.70169_LON90.46486,2022,90.46486182016598,23.701690309568644,21,41.16199686024031,41.15668394075002,2.0389795974703744,34.018875500000036,45.43164428,0.29767634346592026,9.358304039077826,1.0
Y2022_LAT23.70185_LON90.47466,2022,90.47466150976898,23.70185060251837,21,37.93381445973654,37.72455106121953,1.7794188906397383,32.501274620000004,42.87667433000004,0.36550089009065606,8.610795815509686,1.0
Y2022_LAT23.70201_LON90.48446,2022,90.48446128547123,23.70201027610431,21,37.012254516290184,36.966498558867954,1.9950225583549384,32.972961380000015,42.35884429999999,0.4207108233036913,6.9924046701396065,1.0
Y2022_LAT23.70217_LON90.49426,2022,90.49426114708672,23.70216933015094,21,40.09818078836256,40.012882625395505,1.0307613101499227,37.95643454000003,43.52780714000005,0.34617483014932116,7.502825881956211,0.5774816524514468
Y2022_LAT23.70233_LON90.50406,2022,90.50406109430696,23.70232776480464,21,40.20039395822686,39.97646013434282,1.1312679916874269,38.56142408000005,46.29811235,0.37244842667780215,8.992684881226253,0.13851761411850588
Y2022_LAT23.70305_LON90.03356,2022,90.03356187373501,23.70304502682764,21,36.886397007172214,36.94128260000002,0.6506409516041277,35.58432865999998,37.970106620000024,0.5491931579792968,4.780004829751267,0.01466494790596868
Y2022_LAT23.70323_LON90.04336,2022,90.04335811127598,23.70323263107383,21,35.70760474806499,35.73715936769005,1.2738063844285512,31.547647040000015,38.89297202,0.4924777073231501,4.561795509230135,0.7229831418703107
Y2022_LAT23.70342_LON90.05315,2022,90.05315444962596,23.703419616738838,21,36.59983950585259,36.640351392340456,0.989895846371987,33.677073500000006,40.328540419999996,0.5254244940163749,5.481597560459109,1.0
Y2022_LAT23.70361_LON90.06295,2022,90.06295088851031,23.703605983712084,21,34.38121871652557,34.51412218357144,1.278196040437689,30.761502440000015,37.19079806000002,0.5800145430257581,4.397998115291897,1.0
Y2022_LAT23.70379_LON90.07275,2022,90.0727474277177,23.703791731950638,21,34.34380731365493,34.232650359565234,1.0510138758046947,31.388709110000036,37.80262363999998,0.6042340703063158,3.770700906706949,1.0
Y2022_LAT23.70398_LON90.08254,2022,90.08254406670223,23.703976861512988,21,33.9905310034852,33.79819029565219,1.5398765571546462,30.351340040000025,37.89832819999998,0.5848397631089041,4.5182047915519625,1.0
Y2022_LAT23.70416_LON90.09234,2022,90.09234080534179,23.704161372369022,21,32.750667706697634,32.88555772571431,1.4423990708864611,30.24196340000003,36.208117310000006,0.6021186586460324,4.176100207176711,1.0
Y2022_LAT23.70435_LON90.10214,2022,90.10213764325344,23.70434526445813,21,33.0020026552764,32.91635042375002,1.5247258059317756,30.447044600000027,36.56871841999998,0.6176316663822967,5.312801544472405,1.0
Y2022_LAT23.70453_LON90.11193,2022,90.11193457991276,23.70452853774023,21,34.123188643248426,34.0139815168182,0.8179293437627253,32.52178274000005,37.89491018000001,0.6325525812141091,4.087198057402627,1.0
Y2022_LAT23.70471_LON90.12173,2022,90.12173161533806,23.704711192214116,21,33.172776046365456,33.638780427738865,1.4494873196680382,30.079607450000026,36.30553087999999,0.6197454002522329,4.538599457175829,1.0
Y2022_LAT23.70489_LON90.13153,2022,90.13152874889356,23.704893227843872,21,32.8656764380012,33.047816018000006,1.4537474971957975,30.057390320000025,36.23033443999998,0.6216539108440763,5.418800492706464,1.0
Y2022_LAT23.70507_LON90.14133,2022,90.14132598032158,23.70507464463464,21,34.131076640150624,34.202676769032266,0.8225864323092966,31.289586530000037,36.58922654000003,0.5468336673719544,4.51950009176514,1.0
Y2022_LAT23.70526_LON90.15112,2022,90.15112330946769,23.70525544248744,21,33.744165121440915,33.85928025846155,1.0913938448798395,30.852079970000034,36.63707882,0.5643684053631663,4.572100673059614,1.0
Y2022_LAT23.70544_LON90.16092,2022,90.16092073565879,23.705435621509512,21,34.16239222245099,34.234188565064954,0.782979983449203,31.732220120000022,37.66932086000003,0.6382238670982103,6.023001203530828,1.0
Y2022_LAT23.70562_LON90.17072,2022,90.17071825891546,23.705615181505287,21,34.822682276699574,34.693744560000006,0.7999829180991905,33.32330843,37.30359271999998,0.6347128520703996,5.342901613654653,1.0
Y2022_LAT23.70579_LON90.18052,2022,90.1805158787244,23.705794122595467,21,34.848333348651146,34.801135986363654,0.8874343733503469,32.070604100000025,37.788951560000015,0.6447478298761288,5.631200742589109,1.0
Y2022_LAT23.70597_LON90.19031,2022,90.19031359471515,23.70597244471462,21,35.36902112821722,35.20543814473685,0.8257974586127157,32.99346950000006,37.88465612000002,0.601889855287889,4.334698040821224,1.0
Y2022_LAT23.70615_LON90.20011,2022,90.20011140659537,23.70615014776379,21,33.83087036393542,34.07666140062502,1.5322823119543132,30.11549666000002,37.25915845999998,0.6424916520546047,4.643993618793504,1.0
Y2022_LAT23.70633_LON90.20991,2022,90.20990931418312,23.706327231841282,21,34.15352275773812,34.23478043000002,1.3188474011362863,30.894805220000023,37.387334210000006,0.6047844338181143,5.791799755058532,1.0
Y2022_LAT23.7065_LON90.21971,2022,90.21970731686676,23.706503696837245,21,34.37859460045026,34.26464216387098,1.5037469186632504,30.908477300000015,38.64003853999998,0.5475381178067872,6.388106518685267,0.8202381080181642
Y2022_LAT23.70668_LON90.22951,2022,90.2295054145378,23.706679542718494,21,34.646214028202124,34.67384724970605,1.0151320880824248,31.216099100000008,37.047241220000046,0.6273900289469133,6.7020012139976775,0.7664186720809548
Y2022_LAT23.70685_LON90.2393,2022,90.2393036067637,23.70685476956079,21,34.34619769415135,34.42583739036367,1.0444567793564972,31.304967620000014,38.65029260000006,0.5970286503012329,5.336055411720238,1.0
Y2022_LAT23.70703_LON90.2491,2022,90.24910189328038,23.70702937723754,21,34.02826110041432,34.14078488000002,0.7667354690594653,31.533974960000023,36.16368305000003,0.6516613925920123,5.31320036847102,1.0
Y2022_LAT23.7072_LON90.2589,2022,90.25890027363418,23.707203365788224,21,34.0267029011543,33.99190286391306,0.5135717325413978,32.52861877999999,35.49375113000002,0.6426542884899413,5.6273982465799826,1.0
Y2022_LAT23.70738_LON90.2687,2022,90.26869874760163,23.70737673517037,21,34.95512397802662,34.670008310000014,1.240500259491311,32.803769390000014,39.672280580000006,0.5871176259674552,4.918297550938297,1.0
Y2022_LAT23.70755_LON90.2785,2022,90.27849731481605,23.707549485322676,21,34.42190892528836,34.59944801414896,2.1274994858802168,30.361594100000048,40.87542361999999,0.5202598747555328,4.538800633883098,1.0
Y2022_LAT23.70772_LON90.2883,2022,90.28829597489661,23.707721616278636,21,34.949655183610325,35.04824884464287,1.2785609453738884,31.909957159999976,39.460363340000015,0.6174284600433223,4.278598958112744,1.0
Y2022_LAT23.70789_LON90.29809,2022,90.29809472761363,23.707893127929356,21,34.36740066076201,34.26620501697677,0.9723635993191667,31.961227460000032,36.87634022000003,0.6455885989879772,4.239799105646008,1.0
Y2022_LAT23.70806_LON90.30789,2022,90.3078935725446,23.708064020351678,21,34.84472201526554,34.88904642500001,0.9628777123812503,32.32866461000003,37.24206836000002,0.5679988988436471,5.486900572824202,1.0
Y2022_LAT23.70823_LON90.31769,2022,90.3176925094649,23.70823429348737,21,34.282695609906455,34.31280330961542,1.0519393640297823,32.27568530000002,37.418096390000045,0.6630416200318692,5.088002767071851,1.0
Y2022_LAT23.7084_LON90.32749,2022,90.327491537878,23.70840394726484,21,34.169946916075695,34.07765749511629,1.0624952391133535,30.918731360000038,37.418096390000045,0.6295011000995023,3.8877998679998447,1.0
Y2022_LAT23.70857_LON90.33729,2022,90.33729065754324,23.70857298171479,21,35.089135296310815,35.01432356000002,1.1759194447861372,32.29277539999998,38.87588191999998,0.6007398537500489,3.575601853649238,1.0
Y2022_LAT23.70874_LON90.34709,2022,90.34708986814353,23.708741396866237,21,36.76071725376573,36.70437108875002,1.3329635046920687,33.357488630000034,39.672280580000006,0.5191958407120891,4.7508082390976,1.0
Y2022_LAT23.70891_LON90.35689,2022,90.35688916927478,23.708909192524068,21,38.140090556112675,38.34038194732144,1.6944692795055256,31.698039920000042,42.167435179999984,0.4047036739335218,4.071700084353036,1.0
Y2022_LAT23.70908_LON90.36669,2022,90.36668856077274,23.709076368808944,21,38.88927204317733,38.91497552375001,3.8610067582764276,31.451942480000014,45.45386141000003,0.2257129830542813,1.8064997723526732,1.0
Y2022_LAT23.70924_LON90.37649,2022,90.37648804206883,23.709242925688336,21,40.215671164378385,42.231042395937514,3.6241703165179784,31.96464548000006,44.963375540000015,0.18110893130108377,2.4005018847147523,1.0
Y2022_LAT23.70941_LON90.38629,2022,90.38628761296698,23.70940886311279,21,39.42012529359255,40.600842680000014,3.2477089079119748,32.10136627999998,44.48656175000002,0.17134582648250382,3.030201212001425,1.0
Y2022_LAT23.70957_LON90.39609,2022,90.39608727315374,23.709574181013647,21,40.632035402348116,41.41059233327274,2.7495292154789737,33.50275448000002,45.559820030000026,0.16550379072147267,3.9942011696484334,1.0
Y2022_LAT23.70974_LON90.40589,2022,90.40588702222212,23.709738879499763,21,37.58232346141969,37.22061079000003,1.9470377136594057,33.48566438,43.13986187000003,0.18079893481693324,7.035114282890744,1.0
Y2022_LAT23.7099_LON90.41569,2022,90.41568685985507,23.709902958407614,21,39.07564877826246,39.58980502333335,1.8572878569569473,34.808438120000005,43.028776220000054,0.21648520872314056,8.239703811416247,1.0
Y2022_LAT23.71007_LON90.42549,2022,90.42548678580424,23.71006641772951,21,40.52506025396177,40.47233298551726,1.4134481139731914,34.746913759999984,43.97556776000002,0.20137302093095946,8.387603985416453,1.0
Y2022_LAT23.71023_LON90.43529,2022,90.43528679955372,23.710229257551543,21,42.330591101239634,42.39737713484378,1.9330337919217333,36.38414534000003,48.357469400000014,0.20526748262895916,7.372908813688538,1.0
Y2022_LAT23.71039_LON90.44509,2022,90.44508690096535,23.71039147781732,21,43.60312915016013,43.65990356000002,2.7638130640885876,34.740077720000045,50.673177950000024,0.24244321922503012,6.055500065294193,1.0
Y2022_LAT23.71055_LON90.45489,2022,90.45488708964757,23.71055307837448,21,42.29413667793219,42.030686363442655,1.7998551443598731,38.07777425000003,48.82232012000003,0.2850320443009225,6.481098213056722,1.0
Y2022_LAT23.71071_LON90.46469,2022,90.46468736510884,23.71071405932823,21,41.17531434111328,41.22268130576926,1.325282657134624,35.84238917000005,45.438480320000025,0.3441459300561104,7.318192085609817,1.0
Y2022_LAT23.71087_LON90.47449,2022,90.47448772728887,23.710874420619206,21,41.106334453556244,41.29646153818183,1.400574569631786,36.33971108000003,43.87644518000002,0.34154058314754754,7.808197421408729,1.0
Y2022_LAT23.71103_LON90.48429,2022,90.48428817568954,23.71103416224019,21,38.56422847823225,38.475362786252234,1.4891307203997575,34.367513540000004,42.48531104000003,0.3783952116024107,8.588201868472785,1.0
Y2022_LAT23.71119_LON90.49409,2022,90.49408870996135,23.711193284189665,21,40.55596925463896,40.70917694510639,1.2664273702595183,34.35384146000001,42.96041582000004,0.3119081192576049,7.140495955275092,1.0
Y2022_LAT23.71135_LON90.50389,2022,90.50388932978802,23.71135178639017,21,40.04648110895613,40.344235409795935,2.2274669633633306,34.13850620000005,48.06010166000004,0.3170865424614084,8.162224868200902,0.9394654399096479
Y2022_LAT23.71151_LON90.51369,2022,90.51369003493744,23.711509668848223,21,38.1492851167391,37.205039809999995,2.4047984937111275,34.79818406000004,42.30928301000003,0.20405296564036035,8.201558536910957,0.21717686027085503
Y2022_LAT23.71225_LON90.04315,2022,90.04315465926568,23.712253180440282,21,34.67067868069947,34.73517218515691,0.7931865666965418,32.596979180000005,36.94128260000002,0.5910450232699898,4.885082466958603,0.3644249036530431
Y2022_LAT23.71244_LON90.05295,2022,90.05295166927347,23.712440245698982,21,34.97046357231247,34.734231106842124,1.3586742036383006,31.80741655999998,38.311908620000054,0.5804253890380421,5.027747639891755,0.8629000437617949
Y2022_LAT23.71263_LON90.06275,2022,90.06274877995331,23.71262669208791,21,34.06591839593307,34.046390561000024,0.9345737026201157,31.180209890000015,37.64368571,0.6065999380626895,3.5411018130609664,1.0
Y2022_LAT23.71281_LON90.07255,2022,90.07254599089818,23.712812519580314,21,34.69112474052064,34.57867881560002,0.6809152737234643,31.55790109999998,36.83190596000003,0.6204805495752966,5.105336804310072,0.9959923029578431
Y2022_LAT23.713_LON90.08234,2022,90.08234330177807,23.712997728017378,21,34.99007698779898,35.01853241600002,1.0212688077115069,32.12016539000004,37.836803840000016,0.5175271954849888,4.540709520854987,0.9698382065999185
Y2022_LAT23.71318_LON90.09214,2022,90.09214071220715,23.71318231749268,21,34.724997948923644,34.34519328008623,1.6712160522241692,31.668986750000016,44.38914818000001,0.5615313573890496,4.98209880246919,1.0
Y2022_LAT23.71337_LON90.10194,2022,90.10193822196237,23.713366287914933,21,33.773916084275776,33.67539395568968,0.9619462824821045,31.5749912,37.85731196000006,0.675440627355419,4.324868276384,0.9920742288486741
Y2022_LAT23.71355_LON90.11174,2022,90.11173583063987,23.71354963930146,21,33.26605053804907,33.64084248800001,1.2751881218744328,30.493187870000042,36.21495335000003,0.6363489302501408,3.4393440164437012,0.8150306472776964
Y2022_LAT23.71373_LON90.12153,2022,90.12153353788551,23.713732371656334,21,33.977640616391646,34.26653953250002,1.3067166317176908,31.09988642000002,36.54821030000005,0.6213568837563815,3.788387031910347,0.9872455219304005
Y2022_LAT23.71391_LON90.13133,2022,90.1313313434145,23.713914484865672,21,34.40259033796593,34.48344138500003,1.0703221552165927,30.787137590000015,37.10534756000004,0.6754176983414422,3.6865984548217186,1.0
Y2022_LAT23.7141_LON90.14113,2022,90.14112924691034,23.714095978965492,21,34.58451210080465,34.34421865594597,1.7125039478516282,30.911895320000013,40.53020360000005,0.5137786398395815,5.10959580986265,1.0
Y2022_LAT23.71428_LON90.15093,2022,90.15092724798122,23.714276853950853,21,35.68866548389892,35.8453189014286,2.0795084729758617,31.034944040000028,39.89103386000002,0.5363176664362305,6.059198893175175,1.0
Y2022_LAT23.71446_LON90.16073,2022,90.16072534631115,23.714457109668174,21,34.86892237931166,34.840459570526335,1.630780734952506,30.756375410000004,39.24161006,0.5466404860237084,5.865501018236507,1.0
Y2022_LAT23.71464_LON90.17052,2022,90.17052354161397,23.714636746246512,21,34.63758886705585,34.472778403465355,1.4208851788369117,31.993698650000027,40.73186678000002,0.5904583632596814,5.390404190137385,1.0
Y2022_LAT23.71482_LON90.18032,2022,90.18032183351161,23.714815763575718,21,34.97209095589244,34.84816105513516,1.6332968156368386,30.864043040000013,42.393024500000024,0.5588087165644755,4.147512070294004,0.999699658317168
Y2022_LAT23.71499_LON90.19012,2022,90.19012022165946,23.714994161677122,21,35.61657972638224,35.509986725000026,1.1435561050146734,32.632868390000056,38.756251220000024,0.5858441728609094,4.2061060449024295,0.9618972139242833
Y2022_LAT23.71517_LON90.19992,2022,90.19991870576271,23.715171940552505,21,34.72526917115046,34.79274630090911,0.7600300337609656,32.37138986000002,36.739619420000054,0.6188790871481343,5.077802719071638,1.0
Y2022_LAT23.71535_LON90.20972,2022,90.20971728542136,23.715349100086577,21,33.93225294313473,33.976577502500014,1.5110661312144984,30.423118460000012,39.58683008000003,0.563258652489434,5.174475397973961,0.9824760956883379
Y2022_LAT23.71553_LON90.21952,2022,90.21951596044296,23.71552564026661,21,34.66375384274781,34.76742188000003,0.9910517136982225,31.865522900000002,36.346547120000025,0.5576387835392053,6.983600094614839,0.045263127841659326
Y2022_LAT23.71588_LON90.23911,2022,90.2391135948237,23.715876862690298,21,35.55061134597376,35.54416692500003,1.7114529813988266,31.74760121,40.41228191000002,0.4761616897736109,4.097295193617436,0.18461173698126251
Y2022_LAT23.71605_LON90.24891,2022,90.24891255363129,23.716051544785955,21,34.62669943076957,34.52360312000004,0.6550354839292178,33.71808974000001,36.56871841999998,0.647229137577736,5.21528451476934,0.21316057816410838
Y2022_LAT23.71623_LON90.25871,2022,90.25871160641132,23.716225607492657,21,34.498849865285116,34.46207876000002,0.5274292122580079,33.35065258999998,36.549919310000035,0.6549803534826616,5.421358887949094,0.810373289121435
Y2022_LAT23.7164_LON90.26851,2022,90.2685107526447,23.71639905068736,21,33.62599848578665,33.8271154779871,1.2361497852361034,30.571802330000025,36.82506992000003,0.5463742467124332,5.214200252000303,1.0
Y2022_LAT23.71657_LON90.27831,2022,90.27830999232893,23.716571874457628,21,33.746714784396026,34.1422540289474,1.210315828145101,30.060808339999994,35.76890174000005,0.6053888350516922,5.267501491178241,1.0
Y2022_LAT23.71674_LON90.28811,2022,90.28810932485533,23.716744078749503,21,35.017481229965625,34.89038921857144,0.9719663881629169,32.856748700000026,37.771861460000025,0.6583357214767386,4.9305020258919035,1.0
Y2022_LAT23.71692_LON90.29791,2022,90.29790875007798,23.716915663572223,21,34.647243793506036,34.479510662000024,0.9249893467157393,32.856748700000026,38.74599716,0.6093306229365903,5.396000465882901,1.0
Y2022_LAT23.71709_LON90.30771,2022,90.30770826742497,23.717086628839887,21,34.300274440875725,34.078690850000015,1.0955118711233671,32.05693201999998,38.869045880000044,0.6150824826809373,5.310398012232956,1.0
Y2022_LAT23.71726_LON90.31751,2022,90.31750787684767,23.71725697455599,21,34.58328842981193,34.422201860000015,1.2023381240286348,31.971481519999998,39.95597624000004,0.6420627672957812,5.746996456453927,1.0
Y2022_LAT23.71743_LON90.32731,2022,90.32730757777604,23.717426700615942,21,34.875308717933564,34.70093858934428,1.1687061636335976,32.56621700000005,39.57828503000002,0.6439594322785567,4.418398139291936,1.0
Y2022_LAT23.7176_LON90.33711,2022,90.33710737004323,23.717595807190335,21,36.12904660411137,35.82973325810812,1.4579103053376103,33.47541032000004,40.33024943000004,0.5464228931704985,5.992496461760557,1.0
Y2022_LAT23.71776_LON90.34691,2022,90.34690725325221,23.717764294034538,21,37.22444806228508,37.10789023341465,0.9489310888289214,34.90243367000002,40.328540420000024,0.5336045110986223,7.092188669123165,1.0
Y2022_LAT23.71793_LON90.35671,2022,90.35670722699012,23.717932161248285,21,35.98358849629196,36.408979391562525,3.227351256398502,29.71558832000005,42.37935242000003,0.3450045846853631,6.171095495406484,1.0
Y2022_LAT23.7181_LON90.36651,2022,90.36650729109517,23.71809940882346,21,41.086193501717894,41.66059164285716,1.902684999238721,34.86654446,44.375476100000014,0.2162132168256429,5.519995905877557,1.0
Y2022_LAT23.71827_LON90.37631,2022,90.37630744512458,23.718266036684437,21,42.48395571228939,42.71928846010206,1.1888559136730896,38.12049950000005,46.21095284000003,0.2399974476618686,6.659293690793854,1.0
Y2022_LAT23.71843_LON90.38611,2022,90.38610768871601,23.71843204482442,21,41.65707916820481,41.48489931125001,1.1622867569675284,38.13417158000004,45.29150546000005,0.2300461321303795,8.42170167259022,1.0
Y2022_LAT23.7186_LON90.39591,2022,90.39590802162641,23.71859743325179,21,40.41380850608989,40.71343018727275,1.6811031573464463,35.19809240000001,43.51755308000003,0.24607085592185116,6.617199549646538,1.0
Y2022_LAT23.71876_LON90.40571,2022,90.40570844351599,23.718762201795112,21,39.66377353051892,39.982398277071404,1.3724787652001578,35.69028728000001,42.79293284000005,0.18854466518606675,7.991599960470431,1.0
Y2022_LAT23.71893_LON90.41551,2022,90.41550895382954,23.718926350723773,21,41.126875350396055,41.214429058181835,1.3658409617363636,36.59606258000002,45.10009634000005,0.23577372676649494,8.031298860351622,1.0
Y2022_LAT23.71909_LON90.42531,2022,90.42530955264697,23.71908987976377,21,41.39669191274473,41.40472843142859,1.7904509861903843,37.35486302000004,46.11524828000006,0.25899008824763303,7.699103175415505,1.0
Y2022_LAT23.71925_LON90.43511,2022,90.43511023925143,23.71925278896357,21,41.23027477498734,42.1035803518182,3.2068437978754853,32.81231444000002,47.37478865000003,0.3164483494591718,7.3671134922988095,1.0
Y2022_LAT23.71942_LON90.44491,2022,90.4449110135486,23.719415078266074,21,38.86712879075057,38.17756822678574,3.212057858341688,33.306218330000036,49.76398463000001,0.4814041994145324,5.635601924237549,1.0
Y2022_LAT23.71958_LON90.45471,2022,90.45471187502976,23.71957674775833,21,41.04670972072425,40.78074446600002,3.147541654515858,35.00668328000006,49.24615460000004,0.33200125524181434,5.979501152354307,1.0
Y2022_LAT23.71974_LON90.46451,2022,90.46451282347572,23.719737797334236,21,39.23677853530456,38.89529139071429,2.8502573182018276,34.09748996000002,48.91289764999999,0.36662162599318887,4.605695791509619,1.0
Y2022_LAT23.7199_LON90.47431,2022,90.47431385864579,23.719898227019485,21,40.738532686849176,40.46611572500001,2.57637791134583,34.553795630000025,48.93169676000002,0.37152419545833215,6.319800376235746,1.0
Y2022_LAT23.72006_LON90.48411,2022,90.48411497992795,23.720058036749826,21,38.6952447811164,38.40552439000002,1.778757227843853,34.15388729000006,44.61473750000002,0.35409916152804255,6.156593125403689,1.0
Y2022_LAT23.72022_LON90.49392,2022,90.49391618722424,23.720217226468566,21,40.05187674997701,39.305435010384635,3.0509590504061124,35.015228330000014,51.44906849,0.3534657649619936,7.733284627221792,1.0
Y2022_LAT23.72038_LON90.50372,2022,90.50371748011912,23.72037579625026,21,36.695146143851034,35.47477544332106,2.567672786627245,33.74885191999999,43.79783071999998,0.19757425547136054,8.463379666293461,0.26522726367366495
Y2022_LAT23.72146_LON90.05275,2022,90.05274878835802,23.721460862509293,21,34.21201839567606,34.292738248892874,1.1408653157516349,31.513466839999978,37.13610974000005,0.5593826331636415,4.260760342899739,0.4851296813296487
Y2022_LAT23.72165_LON90.06255,2022,90.0625465711389,23.721647388393826,21,33.448770420364006,33.58820498000003,1.2257127189283825,30.973419680000006,36.62853377000005,0.6108432421674329,3.917657890438217,0.7256338695947312
Y2022_LAT23.72183_LON90.07234,2022,90.07234445423342,23.721833295021217,21,33.79133028667964,33.92175757057665,0.7734308935788234,31.19559098000002,35.52622232000002,0.6393076165764394,4.3211345432895785,0.387937163252123
Y2022_LAT23.72202_LON90.08214,2022,90.08214243713324,23.722018582365706,21,34.85218767502483,34.36694387000002,1.2571407945479633,32.62090532000002,38.8041035,0.5719848463865798,3.939425826559134,0.4463550704891931
Y2022_LAT23.7222_LON90.09194,2022,90.09194051985853,23.722203250488853,21,33.85141096654009,33.65776426792849,1.1635846269592844,31.344274850000033,40.902767780000005,0.6486694371066001,4.860916826951096,0.9778958880295803
Y2022_LAT23.72239_LON90.10174,2022,90.10173870171215,23.72238729928123,21,34.108586623742134,33.90856787047158,1.2787611303146371,31.236607219999996,44.00291192000003,0.6613785402402133,4.350613952547958,0.9227462883631457
Y2022_LAT23.72257_LON90.11154,2022,90.11153698272746,23.722570728826035,21,34.59226008225706,35.01351932,0.9679773820557673,32.26201322000003,36.30553087999999,0.6003470526074088,3.934532640949555,0.01920679361958292
Y2022_LAT23.72275_LON90.12134,2022,90.12133536220219,23.722753539004486,21,34.32317202447124,34.420162073871,0.8761000919426657,32.27910332000005,36.96520873999998,0.6784888292164681,3.90844051045705,0.6523810902144082
Y2022_LAT23.72294_LON90.13113,2022,90.13113384005356,23.722935729858083,21,34.06218031823035,34.264972940000014,1.3713381924694592,30.558130250000005,36.87121319000005,0.5683595595107873,3.3475922239633986,1.0
Y2022_LAT23.72312_LON90.14093,2022,90.14093241582901,23.72311730120901,21,34.51941280278899,35.095877486483616,2.0818409845807113,30.040300220000006,40.35930259999998,0.5698254202057415,5.450499767057711,1.0
Y2022_LAT23.7233_LON90.15073,2022,90.15073108927966,23.723298253293567,21,33.441259205476435,33.8136679501154,1.79668382714388,29.332770080000046,38.54775200000006,0.6228439757074776,5.703298603758119,1.0
Y2022_LAT23.72348_LON90.16053,2022,90.16052985997881,23.72347858588141,21,35.20823535402507,35.049164385714285,1.5032670494976763,32.070604100000025,38.22816713000003,0.5848064730286692,6.181684352573151,0.529207452986026
Y2022_LAT23.72366_LON90.17033,2022,90.17032872769948,23.723658298978677,21,35.97001596383135,35.655689048776985,1.8910088724821483,31.600626350000027,40.15934843000002,0.472841212560093,4.923599928430846,0.5449158448555399
Y2022_LAT23.72384_LON90.18013,2022,90.18012769201721,23.723837392595122,21,35.9714857343582,35.76890174000002,1.532322698260697,31.944137360000042,39.508215620000016,0.4964232657218278,4.77650156880323,0.1280105575717581
Y2022_LAT23.72402_LON90.18993,2022,90.18992675270556,23.72401586672108,21,33.67998817521533,33.74543390000002,0.670173077198578,32.12529242000005,34.85970842000006,0.3938023518970961,4.250930356193513,0.006702250473896483
Y2022_LAT23.72419_LON90.19973,2022,90.19972590928332,23.72419372129912,21,35.0446152526709,35.12042739000004,0.49305546822772617,33.35919764000005,35.840680160000005,0.5979945402714384,4.672314761631247,0.06239897351717307
Y2022_LAT23.72437_LON90.20953,2022,90.20952516150587,23.724370956323977,21,34.66617605761005,35.059662590000016,1.3023080604897324,31.209263060000012,36.057724430000036,0.5161474321844816,5.028781038374719,0.10146986718585006
Y2022_LAT23.7249_LON90.23892,2022,90.2389234886288,23.724898943745163,21,30.813335807864274,30.50515094000002,0.7857775828630772,30.43679054000006,32.56792601000001,0.24429963324342344,4.014900662251655,0.002136192908122479
Y2022_LAT23.72507_LON90.24872,2022,90.24872312013223,23.725073700287105,21,34.349662072006396,34.29250699000002,0.6977082650006314,31.322057720000032,36.052597400000025,0.5954647504215337,5.8456280507226985,0.420200259005505
Y2022_LAT23.72525_LON90.25852,2022,90.25852284549343,23.72524783715912,21,33.690261742319606,34.104326000000015,1.5992921998929466,30.06422636000002,37.30871975000002,0.5186484594688459,6.014326329111193,0.9893484198205229
Y2022_LAT23.72542_LON90.26832,2022,90.26832266450006,23.725421354334042,21,34.341410326149074,34.386179133593764,1.239413876998982,30.626490649999994,38.182023860000015,0.6098799652955378,5.553100249883517,1.0
Y2022_LAT23.72559_LON90.27812,2022,90.27812257691255,23.72559425172567,21,34.465680587906235,34.42249419065791,0.7087001619560966,32.50469264000003,37.63514066000005,0.6083856505466811,5.268698911524285,1.0
Y2022_LAT23.72577_LON90.28792,2022,90.28792258221351,23.7257665294433,21,35.307609340328185,35.26869004945457,0.9807268666431492,33.058411879999994,39.42276512000001,0.6071859352111699,5.5470013976536325,1.0
Y2022_LAT23.72594_LON90.29772,2022,90.29772268015856,23.725938187378954,21,35.262403917101096,35.16891715785717,1.0320420066154659,33.249821,39.59195711000001,0.611226454486094,7.343011025934249,1.0
Y2022_LAT23.72611_LON90.30752,2022,90.30752287034858,23.726109225413403,21,34.93911297110457,34.79734942720932,1.0085659542530676,33.10284614,39.02285678000001,0.622645988554565,7.069205031553069,1.0
Y2022_LAT23.72628_LON90.31732,2022,90.31732315262447,23.72627964369308,21,36.72756815863706,36.290544176923085,1.7022317531489026,33.48224635999998,41.76069080000002,0.5879377463055351,6.231795208448031,1.0
Y2022_LAT23.72645_LON90.32712,2022,90.32712352645275,23.726449442192326,21,36.85289055825135,36.70099579400002,1.1289655569048365,34.347005420000016,40.432790030000035,0.5607299846711061,9.725205765674177,1.0
Y2022_LAT23.72662_LON90.33692,2022,90.33692399163178,23.72661862070005,21,37.17051504180343,36.95430420315149,1.1789927669293156,35.07846170000005,41.603461880000054,0.5037801320270824,11.12710530402494,1.0
Y2022_LAT23.72679_LON90.34672,2022,90.34672454770153,23.72678717936387,21,36.56439629527522,36.594217454159306,1.1883167587152996,31.909957159999976,40.02091862000003,0.5244040979858732,11.088309827340353,1.0
Y2022_LAT23.72696_LON90.35653,2022,90.35652519444098,23.726955118153832,21,35.96062420142093,35.53187519923078,3.542386756976023,30.337667960000005,43.69870814000001,0.30475094160256605,7.906399559527315,1.0
Y2022_LAT23.72712_LON90.36633,2022,90.36632593158285,23.72712243702517,21,42.42161455828022,42.65349593482144,1.5348347374893752,38.21791307000004,46.70314772000006,0.28707413450661234,6.71480101082827,1.0
Y2022_LAT23.72729_LON90.37613,2022,90.37612675854025,23.72728913584262,21,41.28955887773397,41.47040324428573,1.8863592005829684,36.95666369000003,47.38504271000002,0.31423538649271915,5.4212972766930685,1.0
Y2022_LAT23.72746_LON90.38593,2022,90.38592767518416,23.7274552146954,21,39.212324103647084,39.08267213000002,1.563909527475261,35.41000964,42.79635086000002,0.40454127589411254,5.426799655527778,1.0
Y2022_LAT23.72762_LON90.39573,2022,90.39572868118505,23.72762067358994,21,38.815503661679486,38.769574522448984,1.1739718159181272,35.82700808000004,41.81196110000002,0.4194345084911847,6.860806403794828,1.0
Y2022_LAT23.72779_LON90.40553,2022,90.40552977608516,23.72778551248489,21,38.82642925719735,38.84020633625002,1.3677150164917506,34.54183255999999,43.20309524000004,0.372131363200092,6.587596882808849,1.0
Y2022_LAT23.72795_LON90.41533,2022,90.41533095961898,23.727949731210405,21,40.33211210685988,40.52830038431819,1.736575172596941,35.26132577000004,44.79589256000003,0.28625763992443676,8.54069783857804,1.0
Y2022_LAT23.72811_LON90.42513,2022,90.42513223150547,23.72811332992402,21,42.33899642996677,42.151957353584926,1.9077691361418572,37.71717314,48.651419120000014,0.27548077140291743,7.921509042395474,1.0
Y2022_LAT23.72828_LON90.43493,2022,90.43493359134165,23.72827630857057,21,39.52869578850726,39.96195777500002,2.6495792137396483,32.908019000000024,43.98582182000001,0.2657432186828303,6.049602586365107,1.0
Y2022_LAT23.72844_LON90.44474,2022,90.44473503880128,23.728438667083,21,38.13985757350465,37.7920628346154,2.1745377791424834,32.39189798000001,43.98411281000003,0.49812444726658495,5.061800290824898,1.0
Y2022_LAT23.7286_LON90.45454,2022,90.45453657354857,23.72860040542981,21,40.0320570606459,39.65725307827587,1.7660379810161386,35.396337560000006,46.289567300000044,0.5074247495918232,6.1306029675433615,1.0
Y2022_LAT23.72876_LON90.46434,2022,90.46433819528421,23.728761523702694,21,36.06595200074478,35.594045602571455,1.980245083588049,33.43439408000006,44.80272860000002,0.4360212500481139,6.16039840187482,1.0
Y2022_LAT23.72892_LON90.47414,2022,90.47413990363053,23.728922021661404,21,37.11421149467113,37.230105290000026,1.3276652499183401,34.29402611000003,40.06364387000002,0.5066808336096921,6.444295031976607,1.0
Y2022_LAT23.72908_LON90.48394,2022,90.48394169826065,23.729081899487273,21,37.70834659060101,37.27807750052634,1.760846671466205,33.81379430000004,43.09884563000003,0.48525680469705046,8.506088263944758,1.0
Y2022_LAT23.72924_LON90.49374,2022,90.49374357888938,23.729241157051728,21,38.04695322154229,37.85091041406782,2.619599313969338,33.32501744000001,48.31645316000001,0.45264952649564066,10.721332943101139,0.9479008095150018
Y2022_LAT23.7294_LON90.50355,2022,90.5035455452018,23.729399794413194,21,36.206715144977316,36.162828544999996,1.7256140896450696,33.61042211,40.72673975000001,0.40960486589201445,9.978860523038602,0.11511884623104021
Y2022_LAT23.73104_LON90.08194,2022,90.0819414729446,23.73103942460765,21,33.82785501784259,33.84284747000001,0.20866333243876,33.37286972000004,33.93855203000001,0.5921937821557849,4.341107871720116,0.0012108204279173544
Y2022_LAT23.73122_LON90.09174,2022,90.09174022814801,23.731224171414905,21,33.60041645576961,33.87702767000002,0.7968571540446243,31.486122680000022,34.333333340000024,0.6666615774842604,3.823865439543002,0.011172332610021412
Y2022_LAT23.73141_LON90.10154,2022,90.10153908262842,23.731408298682876,21,35.69252451779591,35.29379696000001,1.7273786660996018,33.11651821999999,39.99357445999999,0.6254425128519825,4.487680827114687,0.08560518192037969
Y2022_LAT23.73177_LON90.12114,2022,90.1211370882111,23.731774694303866,21,33.44108842326806,33.368559281808885,0.5241334495103553,32.35771778000003,34.93490486000002,0.6496937618991446,4.485499273863486,0.16280777677071268
Y2022_LAT23.73196_LON90.13094,2022,90.13093623868204,23.731956962745272,21,34.238121461631,34.32783007107228,1.3708366548555098,30.44020856000003,36.963499730000024,0.5972558136767468,3.922021170141468,0.7821170084439085
Y2022_LAT23.73214_LON90.14074,2022,90.14073548712526,23.732138611569457,21,32.898385367835935,33.10996701500002,1.5390438843263778,29.223393439999995,37.12585568000003,0.6528533315967775,5.624902940719722,1.0
Y2022_LAT23.73232_LON90.15053,2022,90.15053483332763,23.73231964059836,21,32.35616784081673,32.29756062800002,1.2816598617241504,29.148196999999982,35.61850886000002,0.5765977023975775,4.872799850352764,1.0
Y2022_LAT23.7325_LON90.16033,2022,90.16033427668371,23.732500049979638,21,33.76686656849649,33.85858690080647,0.808448772670617,31.233189200000027,35.29550597000002,0.6248709143138722,6.210974328178951,0.2398692080823067
Y2022_LAT23.73375_LON90.22893,2022,90.22893307807338,23.733745562124344,21,34.99819038644611,34.57515825500003,1.1672913225480073,33.53693468000006,38.89297202,0.6125240364734886,5.434227093229554,0.2511038697415743
Y2022_LAT23.73392_LON90.23873,2022,90.23873328811024,23.73392101295773,21,34.891012266132755,34.659948568921294,1.210965359898943,30.50515094000002,38.65371062000003,0.6019668882171734,6.876470341747828,0.6029248820699387
Y2022_LAT23.7341_LON90.24853,2022,90.24853359265339,23.7340958439822,21,34.27172692329626,34.264374786500014,1.4023654866070423,31.22635316000003,38.28114644000004,0.5539294015101626,6.742303226239082,1.0
Y2022_LAT23.73427_LON90.25833,2022,90.25833399097498,23.734270054975184,21,34.7277646953808,34.82659635125002,1.261510789789722,30.81960878000001,37.57190729000001,0.5758330559084863,7.690112659353699,1.0
Y2022_LAT23.73444_LON90.26813,2022,90.2681344831414,23.734443646021468,21,35.56060159979323,35.57784692695124,0.9838996730486644,33.38995982000006,38.37001496000005,0.618624492174543,8.332802744473813,1.0
Y2022_LAT23.73462_LON90.27794,2022,90.27793506841533,23.734616617136147,21,35.150472682354334,35.049408530000015,1.114691161271116,32.98321543999998,38.18885990000001,0.6094111831189114,9.002202355532177,1.0
Y2022_LAT23.73479_LON90.28774,2022,90.28773574692843,23.734788968162896,21,34.656225226262265,34.485577647500016,0.9115080626103821,32.484184520000014,38.25380228000006,0.647923983348046,8.261410641932436,1.0
Y2022_LAT23.73496_LON90.29754,2022,90.29753651795686,23.73496069918461,21,34.841558326411764,34.785432216153865,1.4379516938579713,31.27762346,40.63616222000002,0.6434745610278636,8.264903841063344,1.0
Y2022_LAT23.73513_LON90.30734,2022,90.30733738135562,23.73513181014325,21,33.90943040502125,33.95272127654546,0.8563537464593192,31.36307396000001,36.22691642000001,0.6254684011607287,7.568603021885907,1.0
Y2022_LAT23.7353_LON90.31714,2022,90.31713833675774,23.73530230099782,21,36.24602352722107,36.45877211000001,1.3246998096292506,33.52668061999998,40.877132630000034,0.5680904019395062,7.041795490802312,1.0
Y2022_LAT23.73547_LON90.32694,2022,90.32693938385805,23.735472171769125,21,36.746526556910275,36.89101541456524,1.1507085225026525,33.15582545000001,39.04678292000003,0.5143995478815592,9.944298757998537,1.0
Y2022_LAT23.73564_LON90.33674,2022,90.33674052213941,23.735641422429293,21,37.5825403043126,37.64345999169813,1.1847005626516565,33.65656538000002,40.72503074000002,0.44004698638571293,10.492999403528701,1.0
Y2022_LAT23.73581_LON90.34654,2022,90.34654175156675,23.735810052937783,21,36.517798092714806,37.168363419636385,2.1011879290469304,29.332770080000046,39.74747702000002,0.41672667028794,8.389899481879919,1.0
Y2022_LAT23.73598_LON90.35634,2022,90.35634307163333,23.735978063227318,21,37.95742256206593,39.480627315714294,4.416112914042649,29.27808176000002,43.82517488000002,0.22036181088622905,8.902803415062836,1.0
Y2022_LAT23.73615_LON90.36614,2022,90.36614448197618,23.73614545326336,21,42.35364275908693,43.15744813419356,2.470376511114885,35.85777026000005,47.13040022000001,0.2538642804030629,7.994504699417293,1.0
Y2022_LAT23.73631_LON90.37595,2022,90.37594598234861,23.736312223164685,21,38.079799611303336,37.887475986500014,1.3253064451763668,35.040863479999985,41.16595532000002,0.41356111846943866,5.864508774158942,1.0
Y2022_LAT23.73648_LON90.38575,2022,90.38574757237537,23.736478372837592,21,40.23415628892325,40.15518983900003,1.5077883355428394,36.40807147999999,44.56346719999999,0.31584065087050683,5.700402000472938,1.0
Y2022_LAT23.73664_LON90.39555,2022,90.39554925174671,23.73664390217882,21,37.926574694214345,38.01966791000002,1.6340574680093238,33.62580320000001,41.60346188,0.44031946567684643,6.777103267180316,1.0
Y2022_LAT23.73681_LON90.40535,2022,90.40535102012889,23.736808811179472,21,38.05177244927981,38.08739671934784,1.7101489358503599,34.23250175000001,42.39986054000002,0.40717748139714327,8.328808606158148,1.0
Y2022_LAT23.73697_LON90.41515,2022,90.41515287705107,23.73697309997329,21,40.11017333248112,40.07680324700002,1.4321658908653572,36.61315268000001,43.19113217000003,0.2572383489912637,7.089897752820882,1.0
Y2022_LAT23.73714_LON90.42495,2022,90.42495482246659,23.737136768441125,21,39.109646974515094,39.217811458059714,1.7246362702447127,35.31772310000002,43.753396459999976,0.45606998858870534,7.140400165176665,1.0
Y2022_LAT23.7373_LON90.43476,2022,90.43475685579241,23.73729981642581,21,40.36474762799256,40.46881932278691,1.4665366840161813,33.137026340000034,45.105223370000004,0.2975363210142889,6.648500698826821,1.0
Y2022_LAT23.73746_LON90.44456,2022,90.44455897672613,23.737462244092796,21,39.339058433526986,39.42447413000003,1.3917195299515603,35.52793133,43.44577466000001,0.4075965771167639,6.747600879530445,1.0
Y2022_LAT23.73762_LON90.45436,2022,90.45436118513084,23.737624051377253,21,37.304835471311485,37.14351545000003,1.1678286924180918,34.511070380000035,41.31634819999999,0.5619206720827952,8.04930241094401,1.0
Y2022_LAT23.73779_LON90.46416,2022,90.46416348037994,23.737785238206047,21,35.8570497580995,35.97540105468087,1.2813673076945726,33.04815782000003,41.572699700000044,0.5868884413916293,8.429104372255876,1.0
Y2022_LAT23.73795_LON90.47397,2022,90.47396586232873,23.737945804640315,21,36.60939464100221,36.60783988804349,1.375650092489349,33.6428933,40.142258330000004,0.5300982813305969,7.464898193997871,1.0
Y2022_LAT23.73811_LON90.48377,2022,90.48376833068637,23.73810575048113,21,37.5321307612807,37.426225734864886,1.324790553568417,35.020355360000025,41.37103652000002,0.5470892761798434,7.116696607878363,1.0
Y2022_LAT23.73827_LON90.49357,2022,90.49357088494017,23.738265075944682,21,37.771150105048974,37.65393977000002,1.986105846393265,33.742015880000054,42.41695063999998,0.4583725002849562,8.750234359078867,0.44150567200276447
Y2022_LAT23.74098_LON90.13074,2022,90.13073853935036,23.740978183589952,21,35.19611196527551,35.17758428000002,0.9682309421333931,31.858686860000034,37.12585568000003,0.6248051784126041,4.597233630121235,0.1092910106106036
Y2022_LAT23.74116_LON90.14054,2022,90.14053846080701,23.741159909708305,21,33.292182895334925,33.3606646973967,0.9559662258318655,30.58376540000006,37.12585568000003,0.6583057872243204,6.064257372741795,0.8813303561781992
Y2022_LAT23.74134_LON90.15034,2022,90.15033847991525,23.74134101587991,21,33.96085118272419,34.110478436000015,0.9937962144846194,31.041780080000024,36.79430774000002,0.6328527853393304,6.479043216579275,0.9227422044415208
Y2022_LAT23.74152_LON90.16014,2022,90.16013859642045,23.74152150213728,21,34.284195593059756,34.2690111023909,0.7190388104014916,31.414344260000007,36.43541564000003,0.6359957491650301,5.579943420154132,0.22081647453318967
Y2022_LAT23.74259_LON90.21894,2022,90.21894132132913,23.74259139878478,21,34.52544249092373,34.571148654615406,0.7738738984605394,32.68926571999998,36.00816314000002,0.6213068256650245,6.146190605813142,0.2380551235527906
Y2022_LAT23.74277_LON90.22874,2022,90.2287421100175,23.74276754451651,21,34.70890933518687,34.703227191875,0.7897503299277033,32.50811066000006,37.597542439999984,0.6301654993763757,7.175313829693335,1.0
Y2022_LAT23.74294_LON90.23854,2022,90.23854299328866,23.74294307015497,21,34.164991551305675,34.23275810150002,0.7235485612239976,31.88603102000002,36.99938894000002,0.6082172377075514,5.898599880705754,1.0
Y2022_LAT23.74312_LON90.24834,2022,90.24834397112943,23.743117975566047,21,34.7273278610825,34.79818406000002,0.7726876190097479,31.848432800000012,36.937864579999996,0.6164399618547565,9.291695637289008,1.0
Y2022_LAT23.74329_LON90.25815,2022,90.25814504281456,23.743292260772836,21,34.57164868390885,34.63851369714287,1.0144098095345004,31.764691310000018,36.96691775000002,0.6325125435197554,8.718796323747423,1.0
Y2022_LAT23.74347_LON90.26795,2022,90.2679462082869,23.743465925773716,21,34.450293909793764,34.44948775829546,0.7456087165809124,31.35965594000004,36.64049684,0.6222942533045738,8.929803446827608,1.0
Y2022_LAT23.74364_LON90.27775,2022,90.27774746707775,23.743638970502243,21,34.98298689756418,34.989704637173915,0.920825807000826,32.24492312000001,37.81629572000003,0.6314108154130441,8.692697285526233,1.0
Y2022_LAT23.74381_LON90.28755,2022,90.28754881895775,23.743811394960073,21,35.19794386622611,35.17023231245287,0.8346679611902567,33.492500420000056,38.5990223,0.6210047013065443,9.086100405178405,1.0
Y2022_LAT23.74398_LON90.29735,2022,90.29735026346388,23.743983199124013,21,35.40427206445392,35.363319486800016,0.9927452320530834,32.09453024000004,38.85537380000005,0.5779841438833629,7.3183003744710255,1.0
Y2022_LAT23.74415_LON90.30715,2022,90.3071518003199,23.74415438300012,21,35.219486791512146,35.2802601253957,1.112663157431076,31.551065059999985,40.280688140000024,0.5865353705892229,8.270399141646074,1.0
Y2022_LAT23.74432_LON90.31695,2022,90.31695342921796,23.74432494650829,21,35.20659277827912,35.20174499000001,0.7737377035680183,33.13019029999998,37.32068282,0.6214625702064968,8.292099021642468,1.0
Y2022_LAT23.74449_LON90.32676,2022,90.32675514987204,23.74449488957721,21,35.96681360043532,36.017096601363654,0.8089150797870978,30.78542858000003,37.88636513000003,0.5363808083650079,10.204402593414823,1.0
Y2022_LAT23.74466_LON90.33656,2022,90.33655696174202,23.744664212253483,21,35.96878202639494,36.53510789000003,2.0561965134645077,30.62990867000002,39.90641495,0.41991008166044064,8.452100531882984,1.0
Y2022_LAT23.74483_LON90.34636,2022,90.3463588647759,23.7448329145388,21,36.704192374722844,37.53427682452833,2.913786366291349,30.508568960000048,42.485311040000056,0.2756043056437444,7.606091087487485,1.0
Y2022_LAT23.745_LON90.35616,2022,90.35616085841329,23.74500099638217,21,39.601235127103,39.970367903157914,2.282106269008555,32.81231444000002,44.53612304000001,0.3806014182491226,8.571797143290764,1.0
Y2022_LAT23.74517_LON90.36596,2022,90.36596294242004,23.745168457777467,21,40.47064030112325,40.26209618272729,1.2113280404730156,37.44202253000003,44.55663116000005,0.24116188448394282,8.413199309646265,1.0
Y2022_LAT23.74534_LON90.37577,2022,90.37576511650848,23.745335298684513,21,38.152542731776194,38.51400898860467,1.5125721936205347,33.374578730000025,41.13519314000001,0.32474912498702013,7.521000098824016,1.0
Y2022_LAT23.7455_LON90.38557,2022,90.38556738024695,23.745501519059466,21,40.3371502576401,40.29880364600001,0.6172050945579906,38.057266130000016,43.473118820000025,0.24386711463605756,7.065601253648548,1.0
Y2022_LAT23.74567_LON90.39537,2022,90.39536973334006,23.74566711891753,21,39.38822644970436,39.65960889609757,1.4366055522443018,35.23739963000003,43.26461960000006,0.29558968641570543,7.833799804470375,1.0
Y2022_LAT23.74583_LON90.40517,2022,90.40517217543393,23.745832098256265,21,39.309690498717416,39.27662035057145,1.6978735992751661,35.73984856999999,44.12596064000002,0.34111734987725956,7.501704713904548,1.0
Y2022_LAT23.746_LON90.41497,2022,90.41497470619652,23.74599645691055,21,40.65761444447856,40.73579288405407,1.1397709666263152,36.36363721999999,43.589331500000014,0.23863107567302302,8.186603748945608,1.0
Y2022_LAT23.74616_LON90.42478,2022,90.42477732538151,23.74616019500123,21,40.73054963841173,40.52828096375002,1.5991291680970732,35.24594467999998,43.65085585999998,0.29585180121175203,7.826200972001171,1.0
Y2022_LAT23.74632_LON90.43458,2022,90.43458003258418,23.74632331250182,21,42.23736848782443,42.47215400410961,1.597560122563891,35.43393578000001,46.139174420000046,0.24925909485841188,6.089898070108578,1.0
Y2022_LAT23.74649_LON90.44438,2022,90.4443828274079,23.74648580934497,21,42.38152123465493,42.35827463000002,1.1623309948084508,39.24502808,46.03663382000002,0.3065553526175627,7.281601507766474,1.0
Y2022_LAT23.74665_LON90.45419,2022,90.45418570962228,23.7466476854843,21,39.15736475728066,39.16268487090911,1.69667349560293,34.78793000000002,43.252656530000024,0.434675287233447,8.38540162988428,1.0
Y2022_LAT23.74681_LON90.46399,2022,90.46398867885233,23.746808940936813,21,37.003739022249455,37.142376110000015,1.4333687653486444,33.49933646000005,40.328540420000024,0.4678835240433002,9.15630779438965,1.0
Y2022_LAT23.74697_LON90.47379,2022,90.47379173479939,23.746969575766016,21,35.76633877087864,35.67091850000001,1.4485640167024685,33.12335426000004,39.78507524,0.44393923058341517,8.80820095082466,1.0
Y2022_LAT23.74713_LON90.48359,2022,90.48359487702845,23.74712958985989,21,35.57793724725984,35.70092159831236,1.0431587860231069,31.875776960000053,38.82461162000004,0.5484551683847166,8.509513807495773,0.9239520080629913
Y2022_LAT23.74729_LON90.4934,2022,90.493398105351,23.747288983134844,21,35.95238273423306,35.981673485000016,1.4804467973819513,32.90630999000004,39.723550880000005,0.4642232601988849,7.46656502370346,0.15028067763600728
Y2022_LAT23.75018_LON90.14034,2022,90.14034133672807,23.750181195813376,21,33.81074454409034,33.79670420000002,0.04799702176819082,33.71296271000003,33.866773610000024,0.7121591535691293,6.0,0.0027420621722793383
Y2022_LAT23.75036_LON90.15014,2022,90.15014202925222,23.75036237914662,21,34.58160684863357,34.623865040000055,0.5133291384051987,33.79670420000002,35.43051776000004,0.6073045523488091,6.622944830105958,0.009702130073058394
Y2022_LAT23.75161_LON90.21875,2022,90.21874958492761,23.75161329427381,21,34.91397306057609,34.83516082181819,0.5975945901648065,33.68390954000006,36.53453822000006,0.5974414806664405,10.095361289934427,0.1188432428953964
Y2022_LAT23.75179_LON90.22855,2022,90.22855104721349,23.751789515059894,21,35.73949836505671,35.84305999635516,1.3758575876136314,32.09965727000002,40.43108102000002,0.613135801842914,8.059285817485007,0.9377716451489818
Y2022_LAT23.75197_LON90.23835,2022,90.23835260414353,23.75196511539724,21,35.511840179194294,35.61167282000002,0.9300553325670529,32.186816780000015,40.12345922000003,0.5896558839849164,7.184903223073977,1.0
Y2022_LAT23.75214_LON90.24815,2022,90.24815425556822,23.752140095274402,21,35.03292187220704,35.3619344456522,1.6067131736344191,31.428016340000028,39.13906946000003,0.5469443656158292,9.693200909180716,1.0
Y2022_LAT23.75231_LON90.25796,2022,90.25795600099448,23.752314454715368,21,34.99675969181354,35.38900780600002,1.6173556534925342,30.44875361000004,38.28798248000001,0.5504593123001115,9.330107435799672,1.0
Y2022_LAT23.75249_LON90.26776,2022,90.26775784009696,23.75248819362814,21,35.50149044233245,35.42047732625002,0.9631940891894737,30.44875361000004,37.45056757999998,0.6215401440013134,10.357520505978824,1.0
Y2022_LAT23.75266_LON90.27756,2022,90.27755977269007,23.752661312035087,21,34.634495474027545,34.67265727550002,0.8067846650136598,32.31328352000003,36.881467250000014,0.6161106739369844,9.288096649866565,1.0
Y2022_LAT23.75283_LON90.28736,2022,90.28736179827857,23.752833809906356,21,35.5157932163402,35.5165195535484,0.8829286310500383,32.385061940000014,38.25038426000003,0.6363568507266284,8.104298137873563,1.0
Y2022_LAT23.75301_LON90.29716,2022,90.29716391659903,23.753005687175584,21,35.29630115799969,35.32944202571431,0.9736661082579123,31.742474180000045,37.93250840000002,0.5698513731933909,7.281401324241529,1.0
Y2022_LAT23.75318_LON90.30697,2022,90.3069661272607,23.753176943865817,21,35.29792067979366,35.63998434415096,1.2628106269341415,30.939239480000026,37.840221860000014,0.6241559419856845,9.681903208956262,1.0
Y2022_LAT23.75335_LON90.31677,2022,90.31676843004367,23.753347579903743,21,36.558037348773084,36.42119667680001,0.7464620744125078,34.15388729000003,39.41592908000001,0.5648937134910947,8.714303361427566,1.0
Y2022_LAT23.75352_LON90.32657,2022,90.32657082451311,23.753517595394705,21,34.4708562404749,34.96471759000001,2.4718727706766743,29.378913350000033,41.33685632000004,0.3579580511447811,8.007104739316398,1.0
Y2022_LAT23.75369_LON90.33637,2022,90.33637331037123,23.75368699020764,21,35.78349862595974,36.47031005313434,2.234537752982052,29.604502670000016,38.94766034000003,0.3727295201736101,7.430004376491165,1.0
Y2022_LAT23.75386_LON90.34618,2022,90.34617588723401,23.75385576429891,21,37.96080611968568,37.70136479750003,1.3064420727960495,34.10774402000004,42.02900537000005,0.3529773438137807,6.809996752925898,1.0
Y2022_LAT23.75402_LON90.35598,2022,90.35597855490903,23.75402391774723,21,40.43415433307134,40.783116974000016,1.9831037505668034,35.003265260000006,44.19773906,0.29705688009064024,7.793196673866663,1.0
Y2022_LAT23.75419_LON90.36578,2022,90.36578131285476,23.7541914503989,21,40.07168795252515,40.012668226896565,0.8376904841235476,37.78724255,44.14988678000003,0.2846702753053012,8.085895698332665,1.0
Y2022_LAT23.75436_LON90.37558,2022,90.37558416098803,23.754358362329956,21,39.5300917647095,39.60617461872342,1.333024657776421,35.62705391000003,41.98628012000006,0.34514923604238595,8.35540284895458,1.0
Y2022_LAT23.75452_LON90.38539,2022,90.38538709874506,23.754524653475627,21,40.42593698024388,40.32798827830773,0.8962154700454192,37.73426324000002,43.874736170000006,0.25627918104471165,6.166698431522013,1.0
Y2022_LAT23.75469_LON90.39519,2022,90.39519012585518,23.754690323823056,21,41.16116534857003,41.347873330892874,1.4248551672912193,35.82700808000004,44.14817777000002,0.26820025197667063,5.523993054084948,1.0
Y2022_LAT23.75486_LON90.40499,2022,90.40499324206858,23.75485537337216,21,39.79955690597389,40.09524156600003,1.8907487548251964,34.64095514000002,44.12596064000002,0.2570257314950739,5.0758932983214,1.0
Y2022_LAT23.75502_LON90.4148,2022,90.4147964469972,23.755019802046764,21,41.33781027778629,41.36031636636366,1.0590643015094003,38.43153932000001,44.15330480000003,0.2750805461727136,6.93030437790294,1.0
Y2022_LAT23.75518_LON90.4246,2022,90.42459974029687,23.755183609872024,21,41.83191144476553,41.89123287153848,1.2546914575899764,37.79578760000004,45.51367676000001,0.25752830367136686,6.138198297403745,1.0
Y2022_LAT23.75535_LON90.4344,2022,90.43440312163821,23.755346796793834,21,43.3510567683918,43.360050718400025,1.4283337683526378,39.715005830000024,47.024441600000046,0.26288173687322847,6.214899834822742,1.0
Y2022_LAT23.75551_LON90.44421,2022,90.44420659070467,23.755509362861847,21,41.41598267714778,41.52979134178573,1.4933299378883487,37.879529090000034,46.64675039000002,0.3181504150977864,6.134400632473565,1.0
Y2022_LAT23.75567_LON90.45401,2022,90.4540101471481,23.75567130799374,21,39.10263853149272,39.15757391310346,1.720558830626751,34.78793000000002,44.833490780000034,0.41678925531823396,7.6027981308147075,1.0
Y2022_LAT23.75583_LON90.46381,2022,90.46381379066433,23.755832632118793,21,36.76183392615465,36.85754111000002,1.1120160254162559,34.05134669,40.02091862000003,0.5018137812690378,8.691602078127408,1.0
Y2022_LAT23.75599_LON90.47362,2022,90.47361752085249,23.755993335209055,21,34.800253930164935,34.79579144600002,1.0678288973470853,32.942199200000005,38.000868800000035,0.5180934634259873,8.649100701650346,1.0
Y2022_LAT23.75615_LON90.48342,2022,90.48342133741092,23.756153417361674,21,34.286430313402484,34.34236932713171,1.4427876353534783,28.98755005999999,38.09144633,0.4909523154879575,6.049771594947625,0.8492166024302162
Y2022_LAT23.75631_LON90.49323,2022,90.49322524001843,23.756312878533233,21,33.7968621630722,33.759105980000015,0.47169392292720097,33.17804258000001,34.79134801999999,0.35444271727137167,8.138497652582162,0.012107862294383038
Y2022_LAT23.76081_LON90.22836,2022,90.22835988964839,23.76081147358909,21,36.55914011552825,36.45113242839288,0.710597833996525,35.13998606000001,39.35098670000002,0.6100854308269215,8.89446087657973,0.642874120384042
Y2022_LAT23.76099_LON90.23816,2022,90.23816212061057,23.760987148651456,21,35.118273309709444,35.78212799130437,1.8198656998525362,30.047136260000002,38.14442564000001,0.4835942900292136,6.95919995199994,1.0
Y2022_LAT23.76116_LON90.24796,2022,90.2479644459894,23.761162203025258,21,35.622353226221,35.66871102875002,0.7632076631713548,32.19707084000004,38.151261680000005,0.5682375315939193,9.114003663533722,1.0
Y2022_LAT23.76134_LON90.25777,2022,90.2577668653888,23.761336636649737,21,34.99765619040278,35.15529594125001,1.3059750618310406,30.030046159999984,38.97500450000001,0.5341886903222289,11.346925162000765,1.0
Y2022_LAT23.76151_LON90.26757,2022,90.26756937861607,23.761510449554255,21,34.53485623223053,34.894743125000026,1.6413562760375204,30.23170934000001,37.49841986000001,0.5122390062041896,8.22930262270897,1.0
Y2022_LAT23.76168_LON90.27737,2022,90.27737198516861,23.76168364164506,21,36.05143320694412,36.04533410750002,0.7906805535640303,33.37286972000004,38.97500450000001,0.604397014310483,9.108000127058974,1.0
Y2022_LAT23.76186_LON90.28717,2022,90.28717468493886,23.761856212904412,21,36.56476817559068,36.45386116172416,0.7626459082736818,34.97933912000002,40.25334398000001,0.6104641402427919,9.689607951096239,1.0
Y2022_LAT23.76203_LON90.29698,2022,90.29697747734382,23.762028163329866,21,36.17328490879413,36.227686678028185,0.5980794133295119,34.68538940000002,38.11366346,0.6407810735539815,10.82590450106412,1.0
Y2022_LAT23.7622_LON90.30678,2022,90.30678036212258,23.762199492944596,21,36.054252479612785,35.98484736071431,0.747266100433181,33.61896716000001,38.038467019999985,0.6319078539641855,10.518301786237393,1.0
Y2022_LAT23.76237_LON90.31658,2022,90.31658333913239,23.762370201657625,21,36.8097754651511,37.030125987500014,2.015694946649425,32.39531599999998,43.322725940000055,0.46371728291841663,8.889006536501352,1.0
Y2022_LAT23.76254_LON90.32639,2022,90.32638640779447,23.762540289448026,21,34.871691654331165,34.53636372800004,2.2886116751278593,30.14967686,41.757272779999994,0.35047463792150163,9.001203530827679,1.0
Y2022_LAT23.76271_LON90.33619,2022,90.3361895678366,23.762709756351583,21,35.474782767492904,35.53240104846156,2.258307338919662,29.008058180000035,42.514364210000025,0.4025246736164754,9.542005343535696,1.0
Y2022_LAT23.76288_LON90.34599,2022,90.34599281907632,23.762878602283685,21,40.30079972760195,40.59875389000002,1.5797232975647828,29.57544949999999,43.01852216,0.24591936686977559,6.460904521903637,1.0
Y2022_LAT23.76305_LON90.3558,2022,90.35579616093816,23.763046827230234,21,40.05179501226736,40.20646518670889,0.9399967266950906,36.606316640000045,43.22702138,0.2288721811991944,7.091101283648566,1.0
Y2022_LAT23.76321_LON90.3656,2022,90.36559959324714,23.763214431236197,21,39.275407571998805,39.49044191600002,1.2991070776868359,34.80160208000001,42.112746860000016,0.33119587999433747,7.030497682938451,1.0
Y2022_LAT23.76338_LON90.3754,2022,90.37540311576633,23.763381414237692,21,37.653953287327404,37.65409717881581,1.863488754486963,32.58330710000001,43.888408250000026,0.5279173498843531,8.18570087388647,1.0
Y2022_LAT23.76355_LON90.38521,2022,90.3852067277836,23.763547776097877,21,38.38564598999067,38.40156591384618,1.5925791318992397,32.79009731000002,42.27339380000001,0.39402862775898306,7.775800912706955,1.0
Y2022_LAT23.76371_LON90.39501,2022,90.39501042943009,23.763713516960536,21,40.47249318781778,40.23596904500001,1.3038141090821012,37.81287770000006,43.87644518000002,0.31466879290216504,8.464502899415177,1.0
Y2022_LAT23.76388_LON90.40481,2022,90.40481422001753,23.7638786367501,21,41.031640791265886,41.03777957000001,2.3860928015330303,34.00862144000001,46.236587990000004,0.28600497892884547,7.404804257902396,1.0
Y2022_LAT23.76404_LON90.41462,2022,90.41461809937496,23.764043135474466,21,40.87662793060482,41.46718805184617,2.176198393747729,33.198550700000055,45.006100790000005,0.2482269070137816,6.108998951763471,1.0
Y2022_LAT23.76421_LON90.42442,2022,90.42442206719913,23.76420701298965,21,41.158701420531614,41.296543790000015,0.982310954965178,36.907102399999985,43.36032416000003,0.2541833396636418,4.969198787292689,1.0
Y2022_LAT23.76437_LON90.43423,2022,90.43422612297073,23.764370269374343,21,41.01460215482561,41.23303396250004,1.2911941980860506,37.92396335000004,44.73607721000002,0.2875741436824974,6.196800926122006,1.0
Y2022_LAT23.76453_LON90.44403,2022,90.44403026665844,23.764532904578363,21,39.5764246276737,39.39079239125002,1.054387212330914,37.00622498000001,43.042448300000046,0.3675622532692772,5.72729967917609,1.0
Y2022_LAT23.76469_LON90.45383,2022,90.45383449767927,23.76469491859851,21,37.64893484187105,37.716609000776714,1.2880287278321723,33.44123012,41.547064550000016,0.4629231322932336,9.959101128354266,1.0
Y2022_LAT23.76486_LON90.46364,2022,90.46363881566843,23.764856311400155,21,36.38109281864102,36.21200142363637,1.4816753125467794,33.10968218000005,41.547064550000016,0.4569670196550877,7.844094560444989,1.0
Y2022_LAT23.76502_LON90.47344,2022,90.47344322047181,23.765017082957055,21,34.08408197061006,33.826953677000034,0.9303854344322129,32.30473847000002,38.000868800000035,0.5330948368887848,7.830898624586616,1.0
Y2022_LAT23.76518_LON90.48325,2022,90.48324771175145,23.76517723326621,21,33.67305253288473,33.60529508000003,0.7785632921729808,31.643351600000017,35.83042610000001,0.5057611387780807,8.366082281105664,0.501999210365744
Y2022_LAT23.76983_LON90.22817,2022,90.2281686374244,23.769833420109688,21,35.82973676063278,35.80706963000001,0.4951894666284,34.765712870000016,36.91735646000001,0.6202182740456651,10.073702916071898,0.12293053620733525
Y2022_LAT23.77001_LON90.23797,2022,90.23797154263815,23.770009169948537,21,35.301942284775,35.407812341428574,2.337995988422104,31.226353160000002,42.406696580000016,0.4583810793596561,7.932140348282629,0.9618147421126001
Y2022_LAT23.77018_LON90.24777,2022,90.24777454231223,23.77018429878142,21,36.79396368572331,36.702982518125026,1.0477398242666265,34.39143968000002,41.42230682000002,0.5872080105200691,9.132102508355915,1.0
Y2022_LAT23.77036_LON90.25758,2022,90.25757763606937,23.770358806663783,21,35.841401928584624,35.54497116500001,1.1682373472895684,33.65485637000003,38.76308726000002,0.5394402334734996,10.59270749509413,1.0
Y2022_LAT23.77053_LON90.26738,2022,90.26738082362911,23.77053269346265,21,35.93815184646142,36.30024363031252,1.3095992393481282,31.677531799999997,38.65371062000003,0.5588771187739798,9.976698796116242,1.0
Y2022_LAT23.77071_LON90.27718,2022,90.27718410465431,23.77070595923242,21,36.78069731110044,36.70094696514288,1.367968132383536,32.64483145999998,40.25676199999998,0.5518898030659344,8.662499602940729,1.0
Y2022_LAT23.77088_LON90.28699,2022,90.28698747876511,23.770878603944194,21,35.892921300874185,35.86371464260871,0.6537504096164748,34.20686660000001,38.38368704000004,0.5909743359143841,8.95269507150623,1.0
Y2022_LAT23.77105_LON90.29679,2022,90.29679094568877,23.77105062758184,21,36.26623318628706,36.232641603500014,1.1141310417324877,33.089174060000005,39.115143320000016,0.5577779714860462,10.450699353763941,1.0
Y2022_LAT23.77122_LON90.30659,2022,90.30659450499972,23.77122203003455,21,37.03245747192043,36.857327483750026,1.0534523708552896,34.79305703000006,40.68914153,0.5852568644416928,8.541401813413927,1.0
Y2022_LAT23.77139_LON90.3164,2022,90.31639815643658,23.77139281141807,21,35.98630684603779,36.21276135891307,2.021427745548614,32.47734848000002,40.98480026000004,0.41769546497254983,7.970504567080332,1.0
Y2022_LAT23.77156_LON90.3262,2022,90.32620189962677,23.771562971608304,21,35.500883392046624,35.33883764290324,2.090066943833142,30.696560060000024,41.74018268000003,0.28980118102026464,7.599400705177321,1.0
Y2022_LAT23.77173_LON90.33601,2022,90.33600573426834,23.771732510588965,21,36.34847086233269,36.27448386500002,3.3856313740131134,29.27808176000002,43.445774659999984,0.2797728808565602,8.992404696946718,1.0
Y2022_LAT23.7719_LON90.34581,2022,90.34580966010452,23.77190142837294,21,39.50538170416544,40.777199048227445,3.212807734199502,30.747830360000023,44.44383650000003,0.21325805707860654,5.322296810808538,1.0
Y2022_LAT23.77207_LON90.35561,2022,90.35561367664954,23.772069724907464,21,40.21986107499586,40.4048338596622,1.2978227155965814,34.497398299999986,44.54295908000006,0.21195544664964544,6.852999827058638,1.0
Y2022_LAT23.77224_LON90.36542,2022,90.36541778357672,23.77223740023536,21,39.025936542289934,38.95673123923079,1.1257031871083933,36.34996514000002,42.734826500000025,0.2633423124375144,8.825000970589398,1.0
Y2022_LAT23.7724_LON90.37522,2022,90.37522198066777,23.77240445418439,21,37.31132751449316,37.469408373170744,1.7428875648151605,32.17998074000002,44.24559134000003,0.4145548685351933,7.945399743057636,1.0
Y2022_LAT23.77257_LON90.38503,2022,90.3850262675189,23.77257088690493,21,40.37787981791244,40.15695581600003,1.9848363232684954,35.13998606000001,47.78153303000002,0.42770185961232415,8.252300296823893,1.0
Y2022_LAT23.77274_LON90.39483,2022,90.39483064385604,23.772736698317658,21,40.92642877985562,40.84238276000003,1.4736681833862206,37.25915845999998,45.482914580000056,0.3250149284095303,8.440100517765323,1.0
Y2022_LAT23.7729_LON90.40464,2022,90.40463510921352,23.772901888335102,21,42.6278121773325,42.84866142695654,1.608996780001243,37.82484077000004,46.28614928000002,0.2993479771166827,7.796401394830113,1.0
Y2022_LAT23.77307_LON90.41444,2022,90.41443966335169,23.773066456979556,21,38.93362981986345,39.28214331891306,2.649379597253552,33.974441240000004,45.39746408000002,0.2946976159950786,7.577500679412581,1.0
Y2022_LAT23.77323_LON90.42424,2022,90.42424430601035,23.773230404240934,21,41.50324645115862,42.27886263200002,2.5420856731746784,33.646311319999995,45.455570420000015,0.24385908856561844,7.625800736236177,1.0
Y2022_LAT23.77339_LON90.43405,2022,90.43404903666072,23.773393730153238,21,41.1232056229997,41.52115226324326,2.6064863415562245,34.06330976000004,45.629889440000056,0.34563217075967445,8.184105572261544,1.0
Y2022_LAT23.77356_LON90.44385,2022,90.44385385512356,23.773556434545352,21,34.681767474761074,34.40058791000002,2.540076931291044,30.320577860000014,40.967710160000024,0.3921001329224684,8.70310200364941,1.0
Y2022_LAT23.77372_LON90.45366,2022,90.4536587610521,23.773718517509927,21,37.12381373234379,37.22210401590911,1.391113221665479,31.762982300000033,41.39325365000002,0.4771698958026609,10.588699516117094,1.0
Y2022_LAT23.77388_LON90.46346,2022,90.46346375401616,23.77387997896651,21,34.7929248666084,33.77231196636365,2.2229151123496727,31.91679320000003,41.39325365000002,0.35535294092032477,7.391992432905594,1.0
Y2022_LAT23.77404_LON90.47327,2022,90.47326883379803,23.77404081891772,21,33.51373627149447,33.36062571684933,0.8301633624127818,31.094759390000036,35.77915580000001,0.4404191663929116,8.377901621060746,1.0
Y2022_LAT23.7742_LON90.48307,2022,90.48307400000965,23.774201037396843,21,34.10420664666579,34.01887550000002,0.6998060473597716,31.51517585000002,36.36363721999999,0.48128837880016834,7.990306774605879,0.37298909941993674
Y2022_LAT23.77903_LON90.23778,2022,90.23778087024198,23.77903117932616,21,37.46244533138814,39.37149482000001,4.465028377564293,29.816419910000036,43.35007010000004,0.3090984395123242,7.986130736288342,0.33420151186571123
Y2022_LAT23.77921_LON90.24758,2022,90.24758454448232,23.77920638265439,21,38.671376403732836,38.08311490625002,1.6843333369552647,36.2918588,43.603003580000006,0.5243982220254713,8.258205920969012,1.0
Y2022_LAT23.77938_LON90.25739,2022,90.25738831298713,23.779380964660106,21,37.70296378091837,37.70363598184211,1.1487434359415025,34.55550463999998,40.492605379999986,0.47173890750393616,8.70649979529314,1.0
Y2022_LAT23.77955_LON90.26719,2022,90.2671921752579,23.779554925466496,21,36.2708619209459,36.26785993617022,0.8433648193933819,33.906080840000016,38.98696756999999,0.5404088647051762,10.493399968941004,1.0
Y2022_LAT23.77973_LON90.277,2022,90.27699613101784,23.77972826495153,21,35.78160840173961,36.0148337919355,1.3247573174383642,32.52861877999999,38.704980920000025,0.5206170120764648,8.868299380232358,1.0
Y2022_LAT23.7799_LON90.2868,2022,90.28680017985353,23.779900983053583,21,35.576666066492706,35.64054919586208,1.0819028819407814,32.52861877999999,38.069229199999995,0.45744829849345825,9.63569946211511,1.0
Y2022_LAT23.78007_LON90.2966,2022,90.29660432153942,23.780073079838317,21,35.52696734128302,35.54760238387756,1.063377160529973,32.56963502000002,38.25380228000006,0.5298155522802542,11.241303488487015,1.0
Y2022_LAT23.78024_LON90.30641,2022,90.30640855569301,23.780244555222104,21,36.11769937614717,35.90904056000003,1.7664068812532447,31.855268840000008,40.820735300000024,0.5453514491425344,9.979409314867333,1.0
Y2022_LAT23.78042_LON90.31621,2022,90.31621288199962,23.780415409211372,21,35.1343086920099,35.015667789714314,2.027168562147069,31.745892200000014,39.90812396000001,0.32022595625494443,7.430396143040663,1.0
Y2022_LAT23.78059_LON90.32602,2022,90.32601730007362,23.780585641787265,21,35.25774183852833,34.780860913181826,2.7353349634239343,31.539101990000034,43.22018534000006,0.3285073260343394,8.205398613640506,1.0
Y2022_LAT23.78076_LON90.33582,2022,90.33582180971567,23.78075525291085,21,38.747863582625286,39.40610227250002,2.914953547224946,30.156512900000052,43.944805580000036,0.2393157987265118,6.614907599565166,1.0
Y2022_LAT23.78092_LON90.34563,2022,90.34562641029187,23.780924242580376,21,39.44574590360084,40.35383376800003,2.9852091618993155,32.14921856000001,44.97362960000001,0.3207850863466877,6.533003684723214,1.0
Y2022_LAT23.78109_LON90.35543,2022,90.35543110185843,23.781092610693655,21,40.626460856434875,40.654296715000015,1.6690125761863976,35.90391353000001,45.775155290000015,0.36088027875261525,7.858406392500652,1.0
Y2022_LAT23.78126_LON90.36524,2022,90.36523588379275,23.781260357308057,21,40.248324322576984,40.2938225539326,1.0190787338344192,36.233752460000005,43.767068540000025,0.24512081089900883,8.930999675292563,1.0
Y2022_LAT23.78143_LON90.37504,2022,90.37504075589361,23.781427482373413,21,38.90375786408583,38.97086489800003,1.0520199726903263,33.14386238000003,41.40179870000003,0.3114859230035001,8.08009684751455,1.0
Y2022_LAT23.78159_LON90.38485,2022,90.38484571781854,23.781593985947048,21,39.43667555976219,39.397109666079444,1.9311128841042045,34.12483412000006,46.439960180000014,0.42540544389276075,7.459595103976947,1.0
Y2022_LAT23.78176_LON90.39465,2022,90.39465076911613,23.781759867802887,21,40.73965364726741,40.59042585714288,1.5362802594886846,36.82336091000002,46.292985320000014,0.35858765705321083,6.703693899735976,1.0
Y2022_LAT23.78193_LON90.40446,2022,90.4044559096802,23.781925128054173,21,41.42162812470189,41.34570458145162,1.5623357842295578,37.32068282,45.727303010000014,0.36026998530170934,7.9056019087148375,1.0
Y2022_LAT23.78209_LON90.41426,2022,90.41426113889632,23.782089766771552,21,41.135923431558,40.84351656922333,2.311219924321343,36.078232550000024,47.72513570000001,0.29570729211230956,8.125605296966082,1.0
Y2022_LAT23.78225_LON90.42407,2022,90.42406645664691,23.782253783813083,21,41.40959933189974,42.15534775096038,2.5949031850127224,34.55892266000001,44.871088999999984,0.23726844692483906,8.530300142588876,1.0
Y2022_LAT23.78242_LON90.43387,2022,90.43387186256976,23.78241717909984,21,42.265918440477606,42.908551081739155,2.687408708023907,34.28377205000004,45.72217598,0.3005411340333667,9.216904550139034,1.0
Y2022_LAT23.78258_LON90.44368,2022,90.44367735622691,23.782579952763438,21,34.975311625964515,34.58455781000003,2.578424462886286,30.570093320000012,42.41353262000001,0.40248499511833047,7.421897279516614,1.0
Y2022_LAT23.78274_LON90.45348,2022,90.45348293729924,23.78274210462299,21,33.425478856691974,32.90154275157897,2.076295296108535,31.069124240000008,40.74895688000004,0.30891354093862244,8.68879618257025,1.0
Y2022_LAT23.7829_LON90.46329,2022,90.4632886056146,23.78290363476873,21,35.58608683543315,34.97216127800002,2.296137477071185,31.971481520000054,41.318057210000006,0.39316973109189257,8.650801886126501,1.0
Y2022_LAT23.78306_LON90.47309,2022,90.47309436063489,23.78306454319206,21,35.232697783968746,35.03739761728856,1.6738481434650345,31.68778586000002,41.69916644,0.4457919521074018,8.454614296000218,0.5840251143704343
Y2022_LAT23.78322_LON90.4829,2022,90.48290020213764,23.78322482975275,21,34.29231709999999,34.29231709999999,0.0,34.29231709999999,34.29231709999999,0.4760931134223938,9.0,3.5315348403569585e-06
Y2022_LAT23.78805_LON90.23759,2022,90.23759010331662,23.78805317659742,21,40.25233128305579,40.56438380000003,1.0344666210157984,37.61463254000003,41.64789614000006,0.3606339764941515,7.511390416339356,0.013576880552602855
Y2022_LAT23.78823_LON90.24739,2022,90.24739445257077,23.788228454460032,21,39.54375792046172,39.344530440000014,2.320297014248704,32.63286839000003,46.66725851000004,0.44711040908339045,9.978339137324266,0.9681579792357917
Y2022_LAT23.7884_LON90.2572,2022,90.25719889607419,23.78840311079776,21,40.28342526911646,40.347076605384636,1.693283097654426,35.99620007000004,45.455570420000015,0.36988402577142737,9.517004785904877,1.0
Y2022_LAT23.78858_LON90.267,2022,90.26700343342867,23.788577145484922,21,38.36608853104349,38.09505424000001,2.753772444138034,33.37286972000004,44.90868722000005,0.41505998462044236,9.588699516117076,1.0
Y2022_LAT23.78875_LON90.27681,2022,90.2768080641597,23.788750558677172,21,37.98993093815666,37.47866571500003,2.3877448721943857,33.73176182000003,43.999493900000004,0.4932814910497995,9.29970035258865,1.0
Y2022_LAT23.78892_LON90.28661,2022,90.28661278815758,23.788923350292766,21,34.3419457413958,34.20266903157896,0.9903473803688737,32.761044140000024,37.81116868999999,0.5999784600885044,9.73370109976989,1.0
Y2022_LAT23.7891_LON90.29642,2022,90.2964176049781,23.78909552023466,21,35.66962286381455,35.590006983548406,1.5859844045124225,32.49785659999998,40.99163630000001,0.5964175354136311,11.61910190482577,1.0
Y2022_LAT23.78927_LON90.30622,2022,90.30622251427266,23.789267068588416,21,36.869894287123934,37.04360957375002,1.5238961570489833,32.726863940000044,40.39690082000001,0.5019682745590219,9.861901014001193,1.0
Y2022_LAT23.78944_LON90.31603,2022,90.31602751569397,23.78943799523181,21,36.733583827754124,36.848104402608705,2.6079114968820325,31.14432068000002,42.246049640000024,0.3636109806444084,8.676496124687649,1.0
Y2022_LAT23.78961_LON90.32583,2022,90.32583260912646,23.789608300122723,21,37.709817194419195,38.02766166645164,2.394756065109503,32.09453023999998,43.53122516000002,0.3499332765716124,8.946098760116186,1.0
Y2022_LAT23.78978_LON90.33564,2022,90.33563779382342,23.789777983385996,21,38.522811135123966,39.223665455000024,2.668399507661612,31.592081300000018,43.78074062000002,0.2656765439058792,6.766102077767153,1.0
Y2022_LAT23.78995_LON90.34544,2022,90.34544306975062,23.789947044838637,21,41.17296280869006,41.28348761531649,1.476380296151577,36.57213644000001,45.028317920000006,0.28285123631864106,6.223303403780727,1.0
Y2022_LAT23.79012_LON90.35525,2022,90.35524843665517,23.790115484590547,21,40.32903296530384,40.29606923000002,1.1052959565029739,36.99597092000002,44.51561492000002,0.32501057380251835,7.923002262355597,1.0
Y2022_LAT23.79028_LON90.36505,2022,90.36505389383696,23.790283302504637,21,40.53602337098138,40.51151130312502,1.2640434335179778,36.83190596000003,44.129378660000015,0.2469442097702339,9.18399903999887,1.0
Y2022_LAT23.79045_LON90.37486,2022,90.37485944136164,23.790450498703276,21,38.96918742883272,38.96338323200003,1.6143117201935462,32.887510880000036,42.62544986,0.2530325000438065,9.619700563296773,1.0
Y2022_LAT23.79062_LON90.38467,2022,90.38466507857925,23.790617072987214,21,39.54635430801121,39.726114395000025,2.6580584388203214,34.12483412000003,44.58055730000001,0.30478014850506074,8.730299682705505,1.0
Y2022_LAT23.79078_LON90.39447,2022,90.39447080530314,23.79078302544955,21,40.29459109948021,40.201860053750025,1.1932805155254875,36.85754111000003,43.719216260000024,0.44229199298392674,8.20070023611792,1.0
Y2022_LAT23.79095_LON90.40428,2022,90.40427662132565,23.790948356082836,21,40.706314899390925,40.764265246170226,0.890202831780533,38.2572203,43.4184305,0.34171983731349365,7.747801166123138,1.0
Y2022_LAT23.79111_LON90.41408,2022,90.41408252599528,23.791113064692745,21,39.4474324002015,39.41088474403226,1.262841190127957,36.40465346000002,45.20947297999999,0.36331746843591456,9.004902358708655,1.0
Y2022_LAT23.79128_LON90.42389,2022,90.42388851925058,23.79127715145555,21,40.76973749291739,41.4115764785246,1.9093781154670113,35.611672820000024,44.160140840000054,0.271680470046361,7.615897195173172,1.0
Y2022_LAT23.79144_LON90.43369,2022,90.43369460060386,23.791440616295244,21,41.76737817352585,41.96506151269664,1.4961089064711157,36.55162832000002,45.752938159999985,0.2595096030843898,8.46259511809467,1.0
Y2022_LAT23.7916_LON90.4435,2022,90.44350076984269,23.791603459055196,21,39.061400015281386,38.594134531400016,2.2873589208767418,35.08529773999999,46.45021424000004,0.3899575631153594,7.084497746467935,1.0
Y2022_LAT23.79177_LON90.45331,2022,90.45330702655826,23.79176567997596,21,36.646284702721864,36.600417043835634,1.830377194204641,32.67559363999999,41.369327510000005,0.41938406311457743,6.012197661409015,1.0
Y2022_LAT23.79193_LON90.46311,2022,90.46311337030475,23.791927278821454,21,36.28854557698638,36.09703166000001,1.7036332481710441,32.20732490000003,40.49602340000001,0.46414273347478263,6.834596868691149,1.0
Y2022_LAT23.79209_LON90.47292,2022,90.47291980105021,23.79208825562145,21,34.779727565892145,34.46540183500003,1.3376648305006953,31.270787420000005,40.62932618000002,0.5379654114336596,7.260820727606451,0.9981961142178033
Y2022_LAT23.79225_LON90.48273,2022,90.48272631819844,23.792248610374624,21,35.096028109468776,34.09167932600001,2.483382500805772,32.65850354000003,41.87177645000003,0.3052734868163527,6.745838559493187,0.3381473387583747
Y2022_LAT23.79725_LON90.2472,2022,90.24720426655135,23.797250514278943,21,37.982008464976104,37.95674526909092,2.9409713308029133,29.99928398000003,44.5976474,0.496680818094225,11.462518811773796,0.795063706855045
Y2022_LAT23.79743_LON90.25701,2022,90.25700938527707,23.79742524481358,21,39.342579652201664,39.3433816055,3.0310414726081087,32.311574510000014,45.84522470000002,0.40195405074969687,11.749798822582703,1.0
Y2022_LAT23.7976_LON90.26681,2022,90.26681459801992,23.79759935357892,21,40.41988034628981,40.09359223571431,2.308900113547488,35.53647638000001,48.48735416000005,0.3754581210450914,11.39990047047114,1.0
Y2022_LAT23.79777_LON90.27662,2022,90.27661990422925,23.797772840465942,21,38.89025903380426,38.72683183357145,2.492920289309138,32.260304210000015,44.74633127000001,0.447108127225962,8.684999629411333,1.0
Y2022_LAT23.79795_LON90.28643,2022,90.28642530362129,23.797945705505228,21,38.07529778634728,38.340760730000014,1.8894615666452335,33.413885960000016,42.70064630000002,0.46760249635667245,9.765998898818355,1.0
Y2022_LAT23.79812_LON90.29623,2022,90.29623079589055,23.798117948708644,21,36.23261720152281,36.04447960250003,3.38328433990636,30.139422800000034,44.242173320000006,0.4517205923276139,10.192699050234177,1.0
Y2022_LAT23.79829_LON90.30604,2022,90.30603638069547,23.79828956991583,21,33.90858988476606,33.02874453453128,2.876391035289527,30.098406560000058,43.469700800000055,0.31092656794708146,9.013598839528052,1.0
Y2022_LAT23.79846_LON90.31584,2022,90.31584205760416,23.798460569223078,21,33.48748804299401,33.14965815304349,1.443774629983623,29.626719800000046,39.672280580000006,0.23714274713254574,7.446995044682566,1.0
Y2022_LAT23.79863_LON90.32565,2022,90.32564782655705,23.79863094659514,21,33.91890542697577,33.83993210000002,2.10751491917159,29.305425920000005,39.90641495000003,0.31497686813805764,7.576600678353744,1.0
Y2022_LAT23.7988_LON90.33545,2022,90.33545368682985,23.798800701915248,21,38.95591855947718,39.210809038863644,1.6335954139869442,32.624323340000046,43.05270236000001,0.3694790506096866,8.904596358348655,1.0
Y2022_LAT23.79897_LON90.34526,2022,90.3452596384617,23.798969835327316,21,40.133698152174496,41.08980079863638,2.8817886010589326,30.922149380000008,43.92429746000005,0.26412335813406035,9.256391794784928,1.0
Y2022_LAT23.79914_LON90.35507,2022,90.35506568082454,23.799138346676852,21,42.1109201996026,42.16868845400002,1.2652293112832464,38.63320250000001,44.898433160000025,0.26428746119351587,9.3969992905874,1.0
Y2022_LAT23.79931_LON90.36487,2022,90.36487181381128,23.799306235971265,21,41.463460482661084,41.391900683750016,0.909091588798386,39.28433531000002,44.259263420000025,0.25834645652668825,8.435900512824132,1.0
Y2022_LAT23.79947_LON90.37468,2022,90.37467803696323,23.79947350314875,21,41.343628838815306,41.264089556867496,0.8746482148398635,38.69472686000003,44.216538170000035,0.25258348920151796,9.54440020894217,1.0
Y2022_LAT23.79964_LON90.38448,2022,90.38448434988418,23.79964014829496,21,40.66315495485497,40.534368274854394,1.4370974412002022,36.63366080000003,44.92919534000001,0.34154319487732904,9.469098198939056,1.0
Y2022_LAT23.79981_LON90.39429,2022,90.39429075234119,23.799806171282878,21,39.97528347546162,40.28438180677422,2.396016159755417,36.09019562000003,46.915064959999995,0.4526422934363452,7.268899139881345,1.0
Y2022_LAT23.79997_LON90.4041,2022,90.40409724415045,23.7999715721438,21,39.443898197739,39.57863178565219,1.2750214408539546,35.79966392000003,43.23385742000005,0.3980286079925195,6.817394434797343,1.0
Y2022_LAT23.80014_LON90.4139,2022,90.4139038245308,23.800136350824417,21,38.54595833961922,38.86271249000002,1.2654865300790754,35.14682210000001,42.70748234000001,0.39277525902948746,6.835398629880741,1.0
Y2022_LAT23.8003_LON90.42371,2022,90.4237104937259,23.800300507329418,21,41.93626083488725,42.09217544333336,1.3067830262957565,36.23717048000003,45.91358509999998,0.28677607028477864,6.1387978103503675,1.0
Y2022_LAT23.80046_LON90.43352,2022,90.43351725086663,23.80046404161673,21,40.12352999747433,39.90715398135138,1.906549494194348,34.740077720000045,44.14988678,0.2681306841663488,6.702800954357439,1.0
Y2022_LAT23.80063_LON90.44332,2022,90.44332409596677,23.800626953769726,21,39.47855438352668,39.61235841687501,1.4807524194021227,35.24594467999998,43.04244830000002,0.387993892997554,5.801300942706991,1.0
Y2022_LAT23.80079_LON90.45313,2022,90.45313102860304,23.80078924353125,21,38.750981429189686,38.76797582348839,1.4614357162520109,35.29037893999998,43.04244829999999,0.48245057678811953,7.663399603999538,1.0
Y2022_LAT23.80095_LON90.46294,2022,90.46293804826024,23.800950911081745,21,39.221013091167926,39.1095280014286,1.3636146205737107,36.01158116000002,43.96018667000004,0.4036199918983368,8.299101407536043,1.0
Y2022_LAT23.80111_LON90.47275,2022,90.47274515495704,23.801111956381202,21,38.493096860970866,38.83716507527274,1.8564183054916696,34.21370264000001,43.00143206000001,0.4154494700067532,5.980397623997208,1.0
Y2022_LAT23.80127_LON90.48255,2022,90.48255234803564,23.80127237926544,21,38.53745791321706,38.96375351750002,1.8580543177070366,34.200030560000016,42.26313974000004,0.35143441259234715,6.676265585006625,0.593269234253988
Y2022_LAT23.80627_LON90.24701,2022,90.24701398626348,23.806272562241883,21,36.836737773334285,37.92852071000002,4.063361518302447,29.742932480000036,44.18064896000001,0.3642526719424379,10.907399493269029,0.7055592847989236
Y2022_LAT23.80645_LON90.25682,2022,90.25681978070311,23.806447367020546,21,38.39056880125904,38.41060394750002,2.121877911874709,33.60187705999999,43.939678550000025,0.44484685882625097,11.246099981646967,1.0
Y2022_LAT23.80662_LON90.26663,2022,90.26662566907555,23.80662154980031,21,36.00685806345139,35.73318932413796,1.6290066078370042,33.21564080000002,40.35759359000002,0.6254747172690641,10.90360425225527,1.0
Y2022_LAT23.8068_LON90.27643,2022,90.27643165109296,23.806795110431324,21,35.199067722522436,35.26645280000002,1.5212495005820978,32.04325994000004,39.797038310000005,0.5116286317418962,9.398694817387346,1.0
Y2022_LAT23.80697_LON90.28624,2022,90.28623772619403,23.80696804893316,21,35.745281299094394,35.92715606600001,1.7218088914657652,31.581827239999996,39.47232641000002,0.49510372636062294,10.882600624002931,1.0
Y2022_LAT23.80714_LON90.29604,2022,90.29604389431331,23.80714036519484,21,35.622660923355376,35.77584923717393,1.9330588216360292,30.946075520000022,39.897869900000046,0.47588969215192395,11.192000903533671,1.0
Y2022_LAT23.80731_LON90.30585,2022,90.3058501548795,23.807312059403436,21,35.47710470113679,35.02390484230771,3.096579970459661,29.930923580000012,43.97214974000002,0.3696511403744777,10.462799824940317,1.0
Y2022_LAT23.80748_LON90.31566,2022,90.31565650773749,23.807483131377893,21,33.22048730172543,32.83762915062502,1.5593308875972922,30.795682639999995,39.576576020000005,0.3497755435494026,10.50760238871711,1.0
Y2022_LAT23.80765_LON90.32546,2022,90.32546295242372,23.807653581111232,21,31.124566647120975,31.076967375178587,1.0755663633992603,28.86450134000006,35.871442340000044,0.2437307766715222,9.430399672469024,1.0
Y2022_LAT23.80782_LON90.33527,2022,90.33526948874122,23.80782340866654,21,33.84894084113,32.596303524883744,3.0129850459872154,29.387458400000014,40.37297468000003,0.37537058290533853,11.503797664930158,1.0
Y2022_LAT23.80799_LON90.34508,2022,90.34507611620025,23.80799261389139,21,37.735207715752146,38.21928027800001,3.362359050365722,30.300069740000026,44.54979512,0.37904027837854154,11.2574965058659,1.0
Y2022_LAT23.80816_LON90.35488,2022,90.35488283462158,23.808161196892865,21,40.814193770052675,40.90112900328769,1.9909204431659484,35.27841587,48.97271300000003,0.3423188012018089,10.337992178786703,1.0
Y2022_LAT23.80833_LON90.36469,2022,90.36468964352085,23.808329157484692,21,41.41368192065576,41.61020026228573,1.0756730398262666,38.43153932000001,43.92771548000002,0.28161492161764573,9.127902954837408,1.0
Y2022_LAT23.8085_LON90.3745,2022,90.37449654264427,23.808496495836255,21,41.95464032103351,41.9181527668182,1.053447825759724,38.77846835,45.02489989999998,0.27335228677009327,9.814200302119039,1.0
Y2022_LAT23.80866_LON90.3843,2022,90.3843035316802,23.808663211747557,21,40.93515928954688,41.09514016018183,1.5147526676576377,36.81823387999998,44.86596197,0.3242122447844062,10.465097482811672,1.0
Y2022_LAT23.80883_LON90.39411,2022,90.39411061027911,23.80882930532484,21,40.40558098295574,40.217698914285734,1.757913498318348,35.29037893999998,45.37695596000003,0.39432075007747286,7.294199031524834,1.0
Y2022_LAT23.80899_LON90.40392,2022,90.40391777799685,23.80899477641592,21,39.49269898275251,39.46422239483872,1.3156561179523254,35.312596069999984,43.71579824000003,0.45783410340268427,8.282604859316978,1.0
Y2022_LAT23.80916_LON90.41373,2022,90.41372503467097,23.809159625194418,21,40.07514641593457,39.91144703500001,1.6441660889048562,35.59800074000003,45.22998110000003,0.392214222372605,5.838994536444858,1.0
Y2022_LAT23.80932_LON90.42353,2022,90.42353237991689,23.80932385149931,21,40.57121212529141,40.718710627547196,2.043947457620501,34.98788417000003,45.47436953000002,0.271772052068661,6.820196800926104,1.0
Y2022_LAT23.80949_LON90.43334,2022,90.43333981333951,23.80948745529724,21,39.98130304896469,39.71933939107146,1.5662019658748425,34.98788417000003,44.173812920000046,0.327784488533185,6.402598365168772,1.0
Y2022_LAT23.80965_LON90.44315,2022,90.44314733453504,23.809650436574852,21,38.134036756571994,38.13978689857144,1.5589816090158746,34.76400386,42.66475709000002,0.4087491517709625,6.812103821665043,1.0
Y2022_LAT23.80981_LON90.45295,2022,90.45295494343091,23.80981279535805,21,39.53869157164754,39.77445496357145,1.4812023100953349,35.16903923000001,43.34494307000003,0.4149109623453076,8.808899100701622,1.0
Y2022_LAT23.80997_LON90.46276,2022,90.46276263939755,23.80997453160247,21,40.22024648113134,40.2643410878261,1.0976835449614148,37.46423966000003,42.52974530000006,0.35228981532549486,8.199500938827926,1.0
Y2022_LAT23.81014_LON90.47257,2022,90.47257042239056,23.81013564529753,21,39.36318680276002,39.61051207571429,1.5017169759711855,34.47347216000003,42.42036866000001,0.32540472634529455,7.666003134132374,1.0
Y2022_LAT23.8103_LON90.48238,2022,90.48237829174252,23.810296136432793,21,38.05667758549171,38.464303483142885,2.2875902625041644,32.64141344000001,43.654273880000005,0.34027489872507705,7.566150030516135,0.9240741871634475
Y2022_LAT23.81046_LON90.49219,2022,90.49218624744012,23.810456004957235,21,37.983778700000016,37.983778700000016,0.0,37.983778700000016,37.983778700000016,0.316876083612442,9.0,3.5308240943436143e-06
Y2022_LAT23.81387_LON90.16838,2022,90.16837526889276,23.813873164051003,21,34.376910238860546,34.358968490000024,0.4668383949606357,33.20709575000001,35.19125636000001,0.6403612564922068,8.753874202370103,0.011647784585001228
Y2022_LAT23.81405_LON90.17818,2022,90.17818097601702,23.814053020972818,21,34.7204188561978,34.62899207000001,0.3126883531536928,34.268390960000005,35.48007905000003,0.6662991944636408,10.809582309582307,0.005759447545866853
Y2022_LAT23.81423_LON90.18799,2022,90.1879867797294,23.81423225578895,21,35.89330151317912,35.98252799000002,0.31698792888514027,35.28354290000004,36.341420090000014,0.6743644443020892,11.731343283582088,0.007126951933850539
Y2022_LAT23.81529_LON90.24682,2022,90.24682361169884,23.81529459808003,21,36.03621182295911,35.96429855,3.174348829552296,30.122332700000015,42.864711260000036,0.3621800008624841,11.526945609941304,0.6448510279358363
Y2022_LAT23.81547_LON90.25663,2022,90.25663008222348,23.81546947719915,21,38.21945084845583,38.47106017625002,2.524932067340355,32.92852712000001,45.72217598000003,0.40934142875289853,10.573500345883993,1.0
Y2022_LAT23.81564_LON90.26644,2022,90.26643664668188,23.815643733920812,21,36.131578865302714,36.15809214585716,1.5722342880487767,32.96612534000002,41.39838068000006,0.5358884808860706,9.928201092001283,1.0
Y2022_LAT23.81582_LON90.27624,2022,90.27624330468434,23.81581736828319,21,35.56345293151654,35.72988916689657,1.1921362919057423,32.670466610000005,39.641518399999995,0.5254132920945508,11.53649945470524,1.0
Y2022_LAT23.81599_LON90.28605,2022,90.28605005590951,23.815990380239477,21,35.58408561350712,35.54470099062501,1.1324841774322891,32.83965860000001,38.07606524000005,0.5552249796898509,10.803396721866935,1.0
Y2022_LAT23.81616_LON90.29586,2022,90.29585690010072,23.81616276984901,21,34.61412523980945,34.769847571612935,1.2214079011524877,31.388709110000008,37.313846780000006,0.53065434583377,9.149597823056263,1.0
Y2022_LAT23.81633_LON90.30566,2022,90.3056638368472,23.81633453695183,21,35.372142377276305,35.14745173526317,1.6275886657688736,32.005661720000035,40.02091862,0.5299129771863172,10.407199302587419,1.0
Y2022_LAT23.81651_LON90.31547,2022,90.3154708659422,23.816505681581,21,33.019830128159036,32.40302738658537,1.7389451310092274,30.81619076000004,39.909832970000025,0.4517324510462884,10.084293337851001,1.0
Y2022_LAT23.81668_LON90.32528,2022,90.32527798681842,23.81667620381214,21,30.814725332465958,30.88904341485716,0.6078889815410955,28.990968080000016,33.63605726000003,0.14289674343755127,9.113396603996001,1.0
Y2022_LAT23.81685_LON90.33509,2022,90.33508519938587,23.81684610342066,21,31.473675249858378,31.089144071428585,1.3704332955522902,29.284917800000017,38.178605840000046,0.3374854987998444,13.159501364119253,1.0
Y2022_LAT23.81702_LON90.34489,2022,90.34489250309701,23.81701538055114,21,34.552971175569034,34.09065392000002,1.9385671506055349,30.464134700000045,41.114685020000024,0.567283341341425,13.72660341931021,1.0
Y2022_LAT23.81718_LON90.3547,2022,90.3546998977826,23.817184035140357,21,39.76065976361754,40.96888510437502,2.8921880517696987,32.77129820000005,44.39598422000003,0.39859489013954597,10.969696434936981,1.0
Y2022_LAT23.81735_LON90.36451,2022,90.36450738306544,23.817352067193895,21,42.50858265654835,42.544903475652184,0.9799446357452702,38.99209460000003,45.07275218000004,0.24768067023868792,10.331401566354785,1.0
Y2022_LAT23.81752_LON90.37431,2022,90.37431495851645,23.817519476542795,21,42.67310819259,42.64185635600002,0.9192277101276997,40.28410616000002,45.373537940000006,0.23140694190915848,8.692893848912238,1.0
Y2022_LAT23.81769_LON90.38412,2022,90.38412262389322,23.817686263292853,21,40.53832594095867,40.40886389000002,1.8003960216705979,36.41319851000003,44.72753216000001,0.349459265397477,7.858696304348589,1.0
Y2022_LAT23.81785_LON90.39393,2022,90.39393037889359,23.81785242739153,21,40.30763571471515,40.33147015142859,1.05928306622371,37.296756680000044,43.42526654000005,0.33237125042267646,5.9511987661162,1.0
Y2022_LAT23.81802_LON90.40374,2022,90.40373822309905,23.818017968948304,21,39.54373413795484,39.40997510967743,1.5365661987212051,35.43735379999998,44.00632994,0.4625655098832457,6.286098993407022,1.0
Y2022_LAT23.81818_LON90.41355,2022,90.41354615625141,23.818182887687353,21,39.50722901540874,39.59189714473687,1.7935067090726133,34.47347216000003,44.8881791,0.43067356240497834,6.175200206117891,1.0
Y2022_LAT23.81835_LON90.42335,2022,90.42335417790741,23.81834718371926,21,41.632714751069344,42.094303793750015,1.8618885325928203,37.14807281000003,45.47436953000002,0.24943021876045232,6.565299488587633,1.0
Y2022_LAT23.81851_LON90.43316,2022,90.43316228784003,23.81851085705533,21,37.62332019448676,37.82598011000002,1.29370835021407,34.20686660000001,40.95574708999999,0.3189620264720221,6.634598280462499,1.0
Y2022_LAT23.81867_LON90.44297,2022,90.44297048569636,23.8186739076418,21,36.81227724731559,36.73469864982761,0.9685105718284713,34.24104680000005,40.000410500000044,0.4785077835179561,8.1433013450604,1.0
Y2022_LAT23.81884_LON90.45278,2022,90.45277877102127,23.818836335449905,21,37.893085757403036,38.13917653785715,1.1361841425164685,34.60335692000004,40.71477668000003,0.4917275382627194,8.34519805317418,1.0
Y2022_LAT23.819_LON90.46259,2022,90.46258714368346,23.81899814041967,21,37.37458149525059,37.91122345727274,1.9561462288559905,31.188754940000024,41.357364440000026,0.474839820786098,5.543588440416192,1.0
Y2022_LAT23.81916_LON90.4724,2022,90.47239560318073,23.81915932249695,21,39.075268502984045,39.21859355435486,1.4058482556988339,34.87338050000005,42.84420313999999,0.3634125955810519,7.965902312826249,1.0
Y2022_LAT23.81932_LON90.4822,2022,90.48220414927536,23.81931988179996,21,39.902386293000106,40.02091862,2.8208585890008906,33.63263924,45.39404606000005,0.26833464495767045,8.621626679377858,1.0
Y2022_LAT23.81948_LON90.49201,2022,90.49201278165333,23.81947981821177,21,38.32767148213181,37.53439157393106,2.2636857843820115,35.331395180000015,44.13279668000001,0.3576278222240443,7.989532335524787,0.15473467768118032
Y2022_LAT23.82289_LON90.16818,2022,90.16817939044108,23.822894584165926,21,34.04649144178804,33.96014770181819,0.6075632275519566,32.49785659999998,35.59800074000003,0.6576464029376189,8.962838034312291,0.12341602937007264
Y2022_LAT23.82307_LON90.17799,2022,90.17798577362288,23.823074517538494,21,34.41529811639242,34.492070210000016,0.5345292867334382,32.764462159999994,35.702250350000014,0.6516758962563397,11.248872207749754,0.79340479696958
Y2022_LAT23.82325_LON90.18779,2022,90.18779225350889,23.823253828431376,21,34.20002797437086,34.07587925290325,0.7936835506292002,32.070604100000025,36.531120200000004,0.6741304085059354,10.259334224741048,0.8782103766267377
Y2022_LAT23.82343_LON90.1976,2022,90.19759882957575,23.823432516997453,21,34.00154955847343,34.00998864800002,1.2912943578953282,31.287877520000052,37.19079806000002,0.6654885978516284,6.317066270599061,0.30477456439734196
Y2022_LAT23.82432_LON90.24663,2022,90.24663314295388,23.824316621992267,21,35.01246652219468,34.985035820000014,2.8528881118355773,30.571802330000025,43.74656042000004,0.317696812620722,10.824450964371477,0.5789998064696499
Y2022_LAT23.82449_LON90.25644,2022,90.25644028981523,23.824491575335806,21,39.30487482566691,39.79219611500002,2.611610117859255,32.29619342000001,43.70896220000003,0.36769095747951885,11.197496223511651,1.0
Y2022_LAT23.82467_LON90.26625,2022,90.26624753061103,23.824665906121677,21,37.738226849015575,37.65576271400001,1.2603673313157293,34.242755810000006,43.196259199999986,0.47920397044424007,12.116198960234119,1.0
Y2022_LAT23.82484_LON90.27605,2022,90.27605486501137,23.824839614227137,21,35.26953767123052,35.235975455000016,1.4311365160363865,32.39531600000004,39.075836090000024,0.564294133952091,11.65160076658915,1.0
Y2022_LAT23.82501_LON90.28586,2022,90.2858622927241,23.82501269965501,21,35.21999050056501,35.14118600319151,1.0348185881394354,32.407279070000016,40.37981072000002,0.575708887826448,9.684098513404793,1.0
Y2022_LAT23.82519_LON90.29567,2022,90.29566981343716,23.825185162441457,21,34.057336570005106,34.07560008723406,0.8182786642982627,31.405799209999998,37.37878916,0.6191921833134048,8.111098954234057,1.0
Y2022_LAT23.82536_LON90.30548,2022,90.30547742655001,23.82535700253232,21,34.59886318149072,34.705043015000015,1.0188574118864484,32.28935738000001,37.888074140000015,0.5958185666409175,10.879399858117502,1.0
Y2022_LAT23.82553_LON90.31529,2022,90.31528513220435,23.825528219882454,21,34.33313300488398,34.26283667750002,1.5229471855011663,31.45877852000001,38.65029260000006,0.5972128020524262,10.800901416006685,1.0
Y2022_LAT23.8257_LON90.32509,2022,90.32509292964225,23.825698814482774,21,31.167539258868665,30.925377510000015,1.2259377598449988,29.431892660000017,36.08677760000003,0.1667359234237216,9.100898942234078,1.0
Y2022_LAT23.82587_LON90.3349,2022,90.33490081871678,23.82586878634034,21,30.666905175019597,30.45337891229361,1.1860943481755486,29.302007900000035,36.73278338,0.1270233699317411,11.48520292376817,1.0
Y2022_LAT23.82604_LON90.34471,2022,90.34470879908258,23.82603813541711,21,35.89820918164173,35.97812400269231,2.56105880060423,30.29323370000003,42.186234290000016,0.4242843495155346,10.692110315813284,1.0
Y2022_LAT23.82621_LON90.35452,2022,90.3545168704309,23.826206861579013,21,38.40701913747822,38.84672822000002,2.292958830238521,31.735638139999992,43.874736170000034,0.39675208753582203,9.932602273649751,1.0
Y2022_LAT23.82637_LON90.36433,2022,90.36432503228613,23.826374964926323,21,40.061127424206845,40.091375227578155,1.2076717338881764,34.27180898000006,43.015104140000005,0.2997825532024419,11.053703592592475,1.0
Y2022_LAT23.82654_LON90.37413,2022,90.37413328450373,23.826542445427858,21,41.480161735297585,41.451449937894765,1.1873781375133539,36.295276820000026,43.99436687000002,0.2561029501008282,7.561500289413147,1.0
Y2022_LAT23.82671_LON90.38394,2022,90.38394162658005,23.82670930307954,21,38.22942655925816,38.03220065000002,1.9779608885880415,34.596520880000014,44.02000201999999,0.44910446673168203,7.474900558706559,1.0
Y2022_LAT23.82688_LON90.39375,2022,90.39375005825224,23.826875537835253,21,39.541761509134,39.702732030909104,1.186729113355502,35.93296670000001,41.965772000000015,0.40828388447907454,6.33530157094304,1.0
Y2022_LAT23.82704_LON90.40356,2022,90.40355857929806,23.827041149533837,21,38.80084888826291,38.66013649760001,1.5322974416291502,35.05453555999998,43.15524296000001,0.5438870235210171,4.904197196222112,1.0
Y2022_LAT23.82721_LON90.41337,2022,90.4133671891908,23.82720613841696,21,38.54396201052003,38.15944051357144,2.2724740237458683,33.93342500000006,43.519262089999984,0.39021431380477634,6.666000783530342,1.0
Y2022_LAT23.82737_LON90.42318,2022,90.4231758877953,23.827370504220717,21,41.11192294092641,41.23267646551022,1.007097771245676,38.212786040000026,43.252656530000024,0.28049236009975875,6.582600685412581,1.0
Y2022_LAT23.82753_LON90.43298,2022,90.43298467440856,23.827534247061728,21,38.31916370921346,38.594421119230795,1.9554180847277536,33.789868160000026,43.24752950000004,0.34322769213401394,5.3095943980913,1.0
Y2022_LAT23.8277_LON90.44279,2022,90.442793549186,23.82769736684151,21,37.82629260787267,37.72230017000002,1.9799280299614817,33.54547973000001,43.093718600000045,0.438247735956814,8.637101926002252,1.0
Y2022_LAT23.82786_LON90.4526,2022,90.45260251149202,23.827859863599773,21,37.60538028474528,37.29884547000002,1.5644569623818945,34.17781343000004,41.70771149000001,0.4214144082417429,6.9000010588247855,1.0
Y2022_LAT23.82802_LON90.46241,2022,90.46241156103278,23.828021737310443,21,36.6078724294954,36.38461143363638,1.2519888002740605,34.46834513000002,39.95426723000003,0.436783280047529,5.592093374557069,1.0
Y2022_LAT23.82818_LON90.47222,2022,90.47222069746103,23.828182987928958,21,37.17548321130559,37.15032724872342,1.5730530151436943,32.91998207000003,42.64595798000005,0.4723519928532262,7.241899108116613,1.0
Y2022_LAT23.82834_LON90.48203,2022,90.48202992058056,23.82834361542162,21,37.09129182390405,36.846859797500024,1.541245139210682,33.473701309999996,42.18452528,0.45089196480590155,6.578561776717577,0.9473202441440128
Y2022_LAT23.8285_LON90.49184,2022,90.49183922986218,23.828503619784502,21,36.824783782791684,36.666131990000025,0.9502105771821882,35.26987082000002,39.050200940000025,0.41135334007037255,6.309730371863638,0.09945188510709929
Y2022_LAT23.83155_LON90.14837,2022,90.14836958692833,23.831554104874208,21,34.91516481775806,35.075613350000026,0.930696583447295,31.39725415999999,36.45250573999999,0.6245867223121698,7.5545773356223584,0.24586118697081055
Y2022_LAT23.83174_LON90.15818,2022,90.15817645223937,23.83173535987494,21,34.510128412549406,34.50986863798588,0.704842424001163,32.614069280000024,35.86973333,0.6402976138962302,6.846772196077556,0.4819790977068237
Y2022_LAT23.83192_LON90.16798,2022,90.1679834149831,23.83191599233053,21,34.48285804864508,34.45083026407739,0.7667942959867488,32.05351400000001,36.27476869999998,0.6533293459754043,9.061899844701582,0.883300535773277
Y2022_LAT23.8321_LON90.17779,2022,90.17779047460897,23.832096002084114,21,34.08965286569753,34.203500368181835,0.9503739953670618,31.56815516000006,36.27476869999998,0.6481999057265091,8.916497254104717,1.0
Y2022_LAT23.83228_LON90.1876,2022,90.18759763098288,23.83227538919579,21,34.484388997302915,34.422440326511655,1.077024519447093,32.08427618000002,37.93934444000001,0.6593702084455852,8.746015275365982,1.0
Y2022_LAT23.83245_LON90.1974,2022,90.197404883615,23.83245415351192,21,35.55017041672645,35.700313472000026,1.0656072412153703,30.23512735999998,37.68641095999999,0.6664259163642956,6.9508031837616775,0.8606200285684741
Y2022_LAT23.83263_LON90.20721,2022,90.2072122322437,23.83263229513139,21,35.64239690142394,35.77360151750001,0.5827692980479842,33.77448707000002,36.93786458000005,0.6784481430526949,9.132477558758374,0.1586917832300901
Y2022_LAT23.83299_LON90.22683,2022,90.22682721609769,23.83298671014301,21,36.19449846218508,36.14930726000003,0.3666670591522204,34.99642921999998,37.15661785999998,0.6546916848257894,9.088762200915621,0.20781276925728023
Y2022_LAT23.83316_LON90.23663,2022,90.23663485065207,23.833162983466416,21,35.73042072122931,35.72681736875002,0.6023607018955449,34.20173957000003,37.46765768,0.6513987165048672,8.901305715817859,0.5571028535229896
Y2022_LAT23.83334_LON90.24644,2022,90.24644257992824,23.83333863396304,21,36.4079174432509,36.97161752750002,3.804381687040626,29.804456840000057,44.63011859000002,0.3263340567773904,9.23377313191833,0.6832121874126763
Y2022_LAT23.83351_LON90.25625,2022,90.25625040340556,23.833513661644123,21,39.75242752854224,39.84513473428573,1.4953348586862099,35.95689284000002,44.22337421000003,0.376091590434822,11.042999025877757,1.0
Y2022_LAT23.83369_LON90.26606,2022,90.26605832095383,23.833688066342177,21,36.69359628592584,36.59160248073173,1.708087757959675,33.564278839999986,43.196259199999986,0.5489161587584076,10.77659424279641,1.0
Y2022_LAT23.83386_LON90.27587,2022,90.27586633211241,23.83386184824758,21,34.03252911657326,34.048697724500016,1.4661714229967013,30.573511339999982,37.42322342,0.6078133072474808,7.361099346349838,1.0
Y2022_LAT23.83404_LON90.28567,2022,90.28567443656736,23.83403500725343,21,34.74944691077594,34.86160053821431,1.191380284186115,30.515404999999987,37.597542439999984,0.6183247267148585,7.681800855533418,1.0
Y2022_LAT23.83421_LON90.29548,2022,90.2954826340372,23.834207543222686,21,35.17576071351533,35.296189574000024,1.3306129458015,31.756146260000037,39.12881540000001,0.5999996310453307,5.54129078254486,1.0
Y2022_LAT23.83438_LON90.30529,2022,90.30529092407066,23.834379456264415,21,36.08657965348783,36.07671701283021,0.963346390913934,33.10968217999999,39.06045500000005,0.5802353096335752,10.728191662078377,1.0
Y2022_LAT23.83455_LON90.3151,2022,90.31509930648197,23.834550746337584,21,36.34971773852694,36.230597364615406,0.9100529719918106,34.013748470000024,39.44156422999998,0.5737517078154798,11.865401719537502,1.0
Y2022_LAT23.83472_LON90.32491,2022,90.32490778084068,23.834721413344035,21,33.920526906122824,34.4737052068182,2.108083665790521,29.39771245999998,38.01966791000001,0.5252428590887908,9.40199483291684,1.0
Y2022_LAT23.83489_LON90.33472,2022,90.33471634680083,23.834891457379513,21,31.467468961191283,30.858427721428594,1.794680922362846,29.491708010000025,37.41638738,0.25940435097001174,9.874101760478846,1.0
Y2022_LAT23.83506_LON90.34453,2022,90.3445250041786,23.835060878266724,21,32.895718835238874,32.789802653103465,1.9809215165542429,29.073000560000025,38.96475043999999,0.4386062565163557,10.052104951082095,1.0
Y2022_LAT23.83523_LON90.35433,2022,90.3543337523925,23.835229676143097,21,37.57580945470527,37.65804139400002,1.8018522045506669,32.40215204000003,42.15718112000002,0.37320281781194875,9.816106193440884,1.0
Y2022_LAT23.8354_LON90.36414,2022,90.36414259131713,23.835397850949132,21,38.11839758273073,38.218992444736855,1.8151401467584491,33.11651821999999,42.143509040000026,0.3831070147878442,10.10570285036634,1.0
Y2022_LAT23.83557_LON90.37395,2022,90.37395152049466,23.8355654025433,21,39.51017890172547,39.52740063548389,1.7323722048893864,35.78599184000001,45.305177540000045,0.36501354761370725,7.581296853161655,1.0
Y2022_LAT23.83573_LON90.38376,2022,90.38376053961815,23.83573233096978,21,37.451793742137596,37.38881227270272,1.0653480708836625,34.93490486000002,40.36613864,0.4287006098092237,6.224496350571038,1.0
Y2022_LAT23.8359_LON90.39357,2022,90.39356964845436,23.835898636245652,21,37.66456500459142,37.52825825081083,2.118953788284793,33.03619475000002,44.90526920000002,0.5109418859321417,6.552507305916716,1.0
Y2022_LAT23.83606_LON90.40338,2022,90.40337884655563,23.83606431840792,21,38.71756469529989,38.83877198857145,2.1534262361158367,33.71125370000004,44.491688780000004,0.44295275693321495,6.714303361427572,1.0
Y2022_LAT23.83623_LON90.41319,2022,90.41318813352635,23.83622937723867,21,40.62350572497689,40.72844876000002,1.1056612612309231,35.153658140000005,42.85787522000001,0.19562929262823647,6.760598873406449,1.0
Y2022_LAT23.83639_LON90.423,2022,90.42299750926796,23.83639381286551,21,38.438962317220096,38.515524954285745,1.6691671533254677,34.27180898000006,42.030714380000006,0.3658834209379097,7.035407225445745,1.0
Y2022_LAT23.83656_LON90.43281,2022,90.43280697316571,23.836557625216,21,37.71579564531982,37.861851517812525,1.5806077398021452,33.68390954000006,41.637642080000006,0.4457790568865812,6.117297022574214,1.0
Y2022_LAT23.83672_LON90.44262,2022,90.44261652508888,23.836720814273363,21,37.717799509186854,37.735972250000025,1.5499213215654455,33.79157716999998,41.63764207999998,0.5457474915473385,6.917894907740744,1.0
Y2022_LAT23.83688_LON90.45243,2022,90.45242616467249,23.836883380054967,21,36.48271618865751,36.48012334160001,1.3616945092985642,33.74030687000004,40.051680799999986,0.4875283338993185,8.697605635791202,1.0
Y2022_LAT23.83705_LON90.46224,2022,90.46223589141553,23.837045322543688,21,38.91236353999302,38.9699015405634,1.4195706978587779,35.32114111999999,43.65769190000003,0.43946679913530606,8.11970056329675,1.0
Y2022_LAT23.83721_LON90.47205,2022,90.47204570518304,23.837206641628736,21,37.90750088344953,37.63855868000003,1.6964255541298587,34.71102455000002,41.94526388000003,0.4091264610566378,7.764108017390414,0.9807033350596278
Y2022_LAT23.83737_LON90.48186,2022,90.48185560564076,23.837367337295152,21,36.18243735607518,35.79896392823289,1.4054884471681146,33.98469530000003,39.417638090000025,0.4409280595081408,5.841543342388724,0.189116946479318
Y2022_LAT23.84058_LON90.14817,2022,90.14817216103816,23.84057534732791,21,35.2870988734344,35.26552023425093,0.8260758900561477,33.06182990000002,37.71546413000004,0.6255876020097733,8.393359041197211,0.5007623431263256
Y2022_LAT23.84076_LON90.15798,2022,90.15797970307277,23.8407566793346,21,35.26406004244303,35.325273353134364,0.7510573692326916,31.81254359000002,37.77869750000002,0.6462695430775754,6.75129970741142,1.0
Y2022_LAT23.84094_LON90.16779,2022,90.16778734254447,23.840937388387445,21,34.80656418774833,34.889704492068994,0.8193500421945865,32.43633224000001,37.39758827000003,0.6583803604533095,8.914206655090144,1.0
Y2022_LAT23.84112_LON90.1776,2022,90.17759507896123,23.841117474552508,21,34.525290974441916,34.54904244593752,1.0687140668266426,31.858686860000034,38.294818520000035,0.6657790167197317,8.815400959295244,1.0
Y2022_LAT23.8413_LON90.1874,2022,90.18740291206971,23.841296937759036,21,35.82211857653169,36.20334386827587,1.2536407583940075,31.821088640000028,38.233294160000014,0.6489733248766922,6.929701093765992,1.0
Y2022_LAT23.84148_LON90.19721,2022,90.19721084159713,23.841475777990155,21,34.52143146876289,34.84866237975613,1.835508473251318,29.920669520000047,39.17666768000004,0.659549468566852,10.487911707819805,1.0
Y2022_LAT23.84165_LON90.20702,2022,90.20701886710472,23.84165399525762,21,35.21016056437962,35.421726048762906,0.8911634492610027,31.797162500000013,37.12072865000002,0.6494840226845632,11.909634132017855,0.9715088540069463
Y2022_LAT23.84183_LON90.21683,2022,90.21682698822377,23.84183158947361,21,35.802002306817236,35.823130922985094,0.6759439049368172,33.400213880000024,38.28798247999998,0.6234277282425696,10.433323319637179,0.7406248429997633
Y2022_LAT23.84201_LON90.22664,2022,90.22663520484046,23.842008560680036,21,35.8457887951428,35.73402239954548,0.8144705576574149,33.86164658000001,39.36124075999999,0.6264132399710993,10.878278848320743,0.9907642036695101
Y2022_LAT23.84218_LON90.23644,2022,90.23644351630509,23.842184908856428,21,35.28382565302121,35.291777220909104,1.005482869635166,32.71660988000002,38.81435756000002,0.6079094443820542,11.676401972237608,1.0
Y2022_LAT23.84236_LON90.24625,2022,90.24625192253338,23.84236063387516,21,37.76747730390327,38.220964873571454,3.090254423896384,29.681408120000015,43.64743784000001,0.3779204563496816,9.773351794276163,0.9990978337396029
Y2022_LAT23.84254_LON90.25606,2022,90.25606042303819,23.842535735804308,21,39.70034931941663,39.71842385000002,1.4771505251119506,35.215182500000026,44.734368200000006,0.38001576710644436,9.476095181624393,1.0
Y2022_LAT23.84271_LON90.26587,2022,90.26586901766919,23.84271021459621,21,37.492765300215005,37.77946823000002,1.7410341012208574,33.28741922000006,42.112746860000016,0.4980897497995506,6.16309430952272,1.0
Y2022_LAT23.84288_LON90.27568,2022,90.27567770591823,23.842884070255604,21,36.31160624880713,36.34355635250002,1.5072703472805697,31.69120387999999,41.22406166000002,0.5391813044879863,5.720502024120028,1.0
Y2022_LAT23.84306_LON90.28549,2022,90.28548648737947,23.843057302676108,21,35.223664559616246,35.216863945322594,1.188668493485015,31.075960280000004,39.50137958000002,0.6065044549164164,4.878199426820834,1.0
Y2022_LAT23.84323_LON90.2953,2022,90.29529536205294,23.843229911966674,21,35.27720555171533,35.08992047196723,1.4766121881253063,31.157992760000013,39.22793797999998,0.6117054574410592,7.3896016348254525,1.0
Y2022_LAT23.8434_LON90.3051,2022,90.3051043292476,23.843401897972704,21,35.13506444922245,35.20492844000002,1.135770235508738,31.569864170000017,37.884656120000045,0.6221225336418346,9.38899457528773,1.0
Y2022_LAT23.84357_LON90.31491,2022,90.31491338880836,23.84357326075308,21,35.56226735022277,35.63841125493672,0.672224816161292,32.48760254000001,36.98913488000005,0.6315778952190862,10.570090918074916,1.0
Y2022_LAT23.84374_LON90.32472,2022,90.32472254042095,23.843744000271027,21,33.70947610835335,33.859266173214294,1.2634295667272804,30.611109560000045,36.46617782000004,0.6251881221492264,9.291797990350574,1.0
Y2022_LAT23.84391_LON90.33453,2022,90.33453178363415,23.843914116423864,21,31.771080748970906,31.448873237551034,1.4812685229893543,29.384040379999988,36.428579600000035,0.31689688824814327,7.934797570350083,1.0
Y2022_LAT23.84408_LON90.34434,2022,90.34434111824926,23.844083609322155,21,32.62661536843626,32.51691206150002,1.470419241602528,29.37720434000005,36.431997620000004,0.38781667682761206,6.1678843194556245,1.0
Y2022_LAT23.84425_LON90.35415,2022,90.3541505437578,23.84425247880271,21,34.695227621187044,34.65942347387099,2.4916064637610917,30.11549666000002,40.15080338000001,0.4188638470912145,7.723498498233525,1.0
Y2022_LAT23.84442_LON90.36396,2022,90.36396005998247,23.844420724846596,21,36.29705032811334,36.221789390000026,2.3740889862521537,31.482704660000024,41.179627400000015,0.4331039026198299,8.776397383996922,1.0
Y2022_LAT23.84459_LON90.37377,2022,90.37376966657563,23.844588347690777,21,39.20193993710894,39.33977953826925,1.6049285884628324,33.82917538999999,41.85639536000002,0.4583447017092742,7.947295046094336,1.0
Y2022_LAT23.84476_LON90.38358,2022,90.38357936302975,23.844755347063185,21,38.0382209886204,38.04640170928571,1.3444032420678462,34.30086215,40.79680916000001,0.4530767342174743,5.915498724116145,1.0
Y2022_LAT23.84492_LON90.39339,2022,90.39338914935368,23.844921722962663,21,38.46003140527216,38.597099663750015,2.0032543607998012,34.46663612000003,44.061018260000026,0.47137369448956595,6.659301952119946,1.0
Y2022_LAT23.84509_LON90.4032,2022,90.40319902480896,23.845087475305515,21,40.89626090290681,40.787554213538485,1.5234518270863808,36.428579600000035,44.621573539999986,0.24299982381456078,8.35310872051163,1.0
Y2022_LAT23.84525_LON90.41301,2022,90.41300898926613,23.845252604256814,21,38.03477045718006,38.786752703559344,1.9850421971388692,33.53180765000002,41.606879900000024,0.29432120924456595,6.206297889762221,1.0
Y2022_LAT23.84542_LON90.42282,2022,90.42281904246684,23.845417109739255,21,36.885481683022114,36.72031222594597,1.8574192890188095,33.18829664000003,41.64106010000003,0.44324619152387074,6.3422015790606805,1.0
Y2022_LAT23.84558_LON90.43263,2022,90.43262918394738,23.84558099160856,21,36.161674354638485,36.172781722957765,1.036695780791849,33.73859786000003,39.11856134000004,0.5463175707813088,8.06140499484704,1.0
Y2022_LAT23.84574_LON90.44244,2022,90.44243941341043,23.845744249986087,21,35.70614112494478,35.552177909375025,1.1891729524104642,32.55596294000003,39.11856134000004,0.550417717866683,8.304299181528442,1.0
Y2022_LAT23.84591_LON90.45225,2022,90.45224973051488,23.845906884744103,21,35.04176579008713,35.11321157000002,1.0864543388912244,32.53887284000001,38.98184054000001,0.5832846958112773,9.64500075882442,1.0
Y2022_LAT23.84607_LON90.46206,2022,90.46206013489734,23.846068895891545,21,38.363842301461425,39.34577062707871,3.082331135928993,33.1472804,43.29879979999998,0.3901737160985631,9.233332236950304,0.9769357378243188
Y2022_LAT23.84623_LON90.47187,2022,90.47187062631693,23.846230283490918,21,36.77446962052669,36.27782050357147,1.7395968332171177,33.47882834000001,42.49556510000002,0.46335562657555657,7.950055806103283,0.400340752634657
Y2022_LAT23.84941_LON90.13817,2022,90.13816651599821,23.849414545645395,21,35.057116511687674,35.31977391200003,0.8631736613082195,33.150698420000026,36.937864579999996,0.6519954358944344,7.835101818714544,0.17128753333906968
Y2022_LAT23.8496_LON90.14797,2022,90.14797463735019,23.849596577685013,21,34.70361109198004,34.73278414976379,0.5759278113887248,31.913375180000003,36.11412175999999,0.6557259197878124,9.943355629877377,0.9588113731917622
Y2022_LAT23.84978_LON90.15778,2022,90.15778285658293,23.849777986577454,21,33.91991079651907,33.95249755160001,0.9874791086690305,30.447044600000027,36.3943994,0.651194037514437,9.556895949289371,1.0
Y2022_LAT23.84996_LON90.16759,2022,90.16759117304086,23.849958772327916,21,34.472280174202005,34.391439680000026,0.9104048723650617,31.909957159999976,36.80285279000003,0.6592448325355849,10.585793344909886,1.0
Y2022_LAT23.85014_LON90.1774,2022,90.1773995866221,23.850138934900187,21,33.72038867882952,33.759447782000024,1.3142524416528951,30.821317790000023,37.06091330000004,0.6117675648416556,9.627798385645187,1.0
Y2022_LAT23.85032_LON90.18721,2022,90.18720809689493,23.85031847430285,21,35.03534021456017,35.13980926586208,1.167477010054162,31.27249642999999,37.97352464000002,0.6436397050363087,8.698001997649426,1.0
Y2022_LAT23.8505_LON90.19702,2022,90.19701670358802,23.850497390412862,21,34.034054439303596,34.01623430272729,1.4847766606379105,31.157992760000013,37.73426324000002,0.6219795413821568,10.049711998644728,1.0
Y2022_LAT23.85068_LON90.20683,2022,90.20682540628808,23.85067568334006,21,33.89537628845532,33.92372898408165,0.9517962554510306,31.197299990000005,36.06626948000002,0.6306086231127624,10.536802984474111,1.0
Y2022_LAT23.85085_LON90.21663,2022,90.21663420466585,23.850853352912015,21,34.07543673832605,33.99020211000001,0.8878534728852978,31.822797650000012,36.63366080000003,0.623207711708082,8.94070228317915,1.0
Y2022_LAT23.85103_LON90.22644,2022,90.22644309843818,23.851030399238997,21,33.45829643046898,33.45148418000002,1.4445220313305014,30.67263392000001,35.97398294000004,0.6450812217373707,8.929711433936186,1.0
Y2022_LAT23.85121_LON90.23625,2022,90.2362520873236,23.851206822179524,21,34.31295056698332,34.27992677750002,1.684710833844915,30.464134700000017,39.25186411999999,0.5621896905645959,7.235101453060551,1.0
Y2022_LAT23.85138_LON90.24606,2022,90.24606117078189,23.85138262187051,21,38.657747274199465,38.90968234,2.4176540879585446,31.54422901999999,44.26951747999999,0.4276474723992211,6.591399519293561,1.0
Y2022_LAT23.85156_LON90.25587,2022,90.25587034873803,23.85155779805201,21,39.31251993893541,39.21949864195877,1.4557993392230628,34.83236426000002,43.965313700000024,0.3600948880277929,7.0015953016249695,1.0
Y2022_LAT23.85173_LON90.26568,2022,90.26567962069254,23.851732350916897,21,39.03125607741338,39.139222505671654,1.3891868012080741,34.67513534,42.43745876000003,0.43290117785634913,5.953796416231085,1.0
Y2022_LAT23.85191_LON90.27549,2022,90.27548898628667,23.851906280300767,21,37.21261291672123,37.171947161818196,1.391546359235347,33.94026104000005,41.46332305999999,0.5512681850447678,5.790998577645397,1.0
Y2022_LAT23.85208_LON90.2853,2022,90.28529844528776,23.85207958628689,21,37.01769223973867,36.84119405782611,1.781625276030211,33.35919764000002,42.755334619999985,0.5674227140118632,5.646891279488389,1.0
Y2022_LAT23.85225_LON90.29511,2022,90.29510799736741,23.852252268768797,21,35.78626590118722,35.737929681578954,0.9170736233047501,33.624094189999994,38.848537760000056,0.6361576374110115,6.133697804350355,1.0
Y2022_LAT23.85242_LON90.30492,2022,90.30491764209752,23.85242432778987,21,35.93077841467186,35.765926796666676,1.0373628824489896,32.98321544000001,39.304843430000034,0.6030956132365951,7.628998387056946,1.0
Y2022_LAT23.8526_LON90.31473,2022,90.31472737912624,23.852595763293294,21,35.78281941192452,35.73363777756099,0.8144205863497405,33.92317093999998,39.53214176000006,0.5951299718799219,9.245701156240761,1.0
Y2022_LAT23.85277_LON90.32454,2022,90.32453720834886,23.85276657516604,21,34.93479823574607,34.97442571625002,1.81785660236668,31.304967620000014,41.374454540000016,0.6240117018680974,7.319998023527099,1.0
Y2022_LAT23.85294_LON90.33435,2022,90.33434712912769,23.852936763576526,21,33.37725986825434,32.90460098000002,1.846060112343563,30.048845270000015,38.35805189000001,0.4463472514893517,7.4020992965874255,1.0
Y2022_LAT23.85311_LON90.34416,2022,90.34415714126574,23.853106328323356,21,35.17996707538983,34.790173075625034,3.121980979712768,29.483162960000016,43.06466543000002,0.30992007656380743,7.766401253652983,1.0
Y2022_LAT23.85328_LON90.35397,2022,90.35396724451219,23.853275269547233,21,35.99749904378553,36.7803249309091,2.8120271365393763,30.511986980000017,40.2738521,0.3168982135959259,9.184902570473627,1.0
Y2022_LAT23.85344_LON90.36378,2022,90.36377743835727,23.85344358714176,21,37.10579591025333,37.34157072000002,1.89017124357096,32.39360699000002,40.59856400000001,0.47065890354023954,9.691698460821737,1.0
Y2022_LAT23.85361_LON90.37359,2022,90.37358772264568,23.853611280975656,21,38.09882252023202,37.95745994600003,1.324234753418771,34.364095520000006,41.145447200000035,0.45049471455125595,8.326796831985117,1.0
Y2022_LAT23.85378_LON90.3834,2022,90.38339809685728,23.853778351178395,21,38.11876624816738,38.17374865368423,1.372407957198587,34.01203945999998,41.697457429999986,0.46760439912275503,6.4323993322345245,1.0
Y2022_LAT23.85394_LON90.39321,2022,90.3932085608357,23.853944797669996,21,40.937628017995735,40.59250478272729,1.9391798170988197,36.960081710000026,46.01099867000002,0.26978502874527843,6.4135981336448795,1.0
Y2022_LAT23.85411_LON90.40302,2022,90.40301911406132,23.8541106204841,21,40.678338145357294,40.762486542500014,1.5548109521844529,36.87121319000002,44.31224273000001,0.28290741025244864,8.557504976494036,1.0
Y2022_LAT23.85428_LON90.41283,2022,90.41282975646459,23.85427581947158,21,40.77785140140989,41.40805294936172,1.8960130376014677,34.722987620000026,45.195800899999995,0.317996327532378,4.247196761407966,1.0
Y2022_LAT23.85444_LON90.42264,2022,90.42264048734816,23.854440394729643,21,37.75889718240381,37.53075958769234,1.771052746096004,34.04280163999999,42.69381026000002,0.3990064369785042,6.196496701760837,1.0
Y2022_LAT23.8546_LON90.43245,2022,90.4324513067417,23.85460434620307,21,37.11703777421128,36.911652896506034,1.608079803380069,32.55938096000003,41.753854759999996,0.48954419831737317,8.668300792003745,1.0
Y2022_LAT23.85477_LON90.44226,2022,90.44226221400886,23.854767673863886,21,35.65748342980683,35.60808389900002,1.0244680750691888,32.59527017000002,38.39052308000004,0.6067458891545207,7.183699039645926,1.0
Y2022_LAT23.85493_LON90.45207,2022,90.45207320908156,23.854930377638144,21,35.03057863968847,34.888517445714285,0.9726067444460079,32.92852712000001,38.739161120000034,0.6345478014839078,8.374202793179771,1.0
Y2022_LAT23.85509_LON90.46188,2022,90.46188429141417,23.855092457552743,21,35.393206862774,35.02787032178085,1.5550869844502466,32.825986520000015,42.194779340000025,0.5510847087062731,9.104059405940628,0.9993992296003109
Y2022_LAT23.85525_LON90.4717,2022,90.47169546076705,23.8552539135842,21,34.230116231163585,33.954958526000006,1.558268866798607,32.12700143000001,39.66886255999998,0.53177678890237,9.15122552143071,0.25417396968900835
Y2022_LAT23.85825_LON90.12816,2022,90.1281595165627,23.85825295405436,21,33.6745850135949,33.57965993000002,1.0347790135970365,31.728802100000053,35.19809240000001,0.5467678130404741,6.239124633039766,0.013286857110436548
Y2022_LAT23.85844_LON90.13797,2022,90.13796821735538,23.858435686635293,21,33.68776612937275,33.76405163749343,0.8298424285723751,30.40944638000002,35.772319760000045,0.6347070890948007,8.307969769838559,0.7959303350494109
Y2022_LAT23.85862_LON90.14778,2022,90.14777701605465,23.858617795927742,21,34.13641201553472,34.33033507684212,0.9268200625711409,29.325934039999993,35.79453689000002,0.6599551334907924,9.085412166645465,1.0
Y2022_LAT23.8588_LON90.15759,2022,90.1575859125968,23.858799281880138,21,33.69076824157926,33.76572839375002,0.9093996290950674,30.55642124000002,35.89878650000003,0.6304850758196804,9.168191379724119,1.0
Y2022_LAT23.85898_LON90.16739,2022,90.16739490654852,23.858980144305885,21,33.00798241687686,32.982450882894746,1.3825449998892896,30.32741390000001,36.765254570000025,0.6077727838675824,10.676097299281386,1.0
Y2022_LAT23.85916_LON90.1772,2022,90.17720399757113,23.859160383258743,21,34.126309686177805,34.3913653752174,1.162620951361221,31.09646840000005,36.87634022000003,0.5570788734969427,8.233584628633523,1.0
Y2022_LAT23.85934_LON90.18701,2022,90.18701318531267,23.859339998803858,21,33.50848112199607,33.67920976250003,1.6982674484232791,30.717068180000012,38.18715089,0.5595193592500116,7.389599480468127,1.0
Y2022_LAT23.85952_LON90.19682,2022,90.1968224695223,23.85951899083173,21,33.37986044623889,33.48369901850003,1.2667430868274392,30.464134700000045,36.691767140000024,0.6237477560550898,9.195604449903271,1.0
Y2022_LAT23.8597_LON90.20663,2022,90.20663184970567,23.859697359340366,21,32.842367970642215,32.69799066578949,1.471549096644067,30.457298659999992,36.90026636000002,0.5961376466214116,9.482102268716535,1.0
Y2022_LAT23.85988_LON90.21644,2022,90.21644132573505,23.859875104366267,21,34.128489021964405,34.110204994400036,1.1165433072656001,31.332311780000055,37.53943609999999,0.5797724448248153,6.950002117657031,1.0
Y2022_LAT23.86005_LON90.22625,2022,90.22625089712375,23.86005222573555,21,32.06376188943951,31.798574290869595,1.047932789512109,30.558130250000033,35.91245858000002,0.6845696366835433,5.6620995863509975,1.0
Y2022_LAT23.86023_LON90.23606,2022,90.23606056358047,23.860228723536842,21,32.97259182193846,33.0142405446154,1.306366178613965,29.57544949999999,35.914167590000005,0.5543975224836114,4.987699942117367,1.0
Y2022_LAT23.8604_LON90.24587,2022,90.24587032471145,23.86040459774019,21,34.2105970747421,33.60785859500002,1.7037178766511623,31.803998540000038,38.65029260000006,0.5696797299715005,6.990099953411531,1.0
Y2022_LAT23.86058_LON90.25568,2022,90.25568018032497,23.860579848308465,21,35.977485242737984,35.86065116257146,1.4428243902750357,32.887510880000036,40.22770883000001,0.5139849876215963,6.66100193412674,1.0
Y2022_LAT23.86075_LON90.26549,2022,90.26549013003545,23.86075447522358,21,35.73559309094693,35.63832269468752,1.5912489383988864,32.29277539999998,39.57999404000003,0.5630879015793969,6.414104301667286,1.0
Y2022_LAT23.86093_LON90.2753,2022,90.275300173294,23.860928478430182,21,34.545448918580924,34.511802812857155,1.083115849647663,31.756146260000037,38.01624989000001,0.6568677710136518,6.621998221168086,1.0
Y2022_LAT23.8611_LON90.28511,2022,90.28511031017463,23.86110185790649,21,35.727028383218276,35.70459145958906,0.8437202062272967,33.56769686000001,39.149323519999996,0.6442795353022355,7.302401423065506,1.0
Y2022_LAT23.86127_LON90.29492,2022,90.29492053998196,23.861274613670293,21,36.696243727786154,36.548552102000016,1.2731250458448875,33.91633490000001,39.83292752,0.6306431321904901,7.036600172236103,1.0
Y2022_LAT23.86145_LON90.30473,2022,90.30473086251274,23.861446745670065,21,35.65842665579639,35.60809943545457,0.9831836110581655,33.01910465,39.896160890000004,0.6201604495729242,10.057095562802619,1.0
Y2022_LAT23.86162_LON90.31454,2022,90.31454127750341,23.86161825383387,21,37.766013156025245,37.65661474217392,1.6071295909697434,33.9846953,44.43016441999998,0.5574303552526333,12.539406067793252,1.0
Y2022_LAT23.86179_LON90.32435,2022,90.32435178453636,23.861789138311877,21,36.551846400755196,36.45229211375002,1.076565990592552,34.220538680000004,40.53362162000002,0.5975736868643945,9.657691330312117,1.0
Y2022_LAT23.86196_LON90.33416,2022,90.3341623832019,23.86195939884345,21,35.29352531660865,34.90732497448277,2.2454143451570174,31.012726910000026,39.64493642000002,0.494185039022113,9.71141275958943,1.0
Y2022_LAT23.86213_LON90.34397,2022,90.34397307332979,23.8621290356191,21,35.66599036954095,36.17180084750002,2.685086835240228,29.664318019999996,41.10784898000003,0.41093480995996773,7.055097906343069,1.0
Y2022_LAT23.8623_LON90.35378,2022,90.3537838545608,23.86229804845084,21,37.32803207208628,37.652972017349406,1.6032441814037592,30.101824580000027,40.39006477999999,0.455815409516508,8.099600468708077,1.0
Y2022_LAT23.86247_LON90.36359,2022,90.3635947263993,23.862466437383123,21,38.79051788022802,38.73760747454548,1.1347370152776954,35.18612933,41.79487100000006,0.4374844213456979,8.800294354326358,1.0
Y2022_LAT23.86263_LON90.37341,2022,90.37340568866655,23.862634202412984,21,37.53240831420742,37.518383721966664,1.3593250818840223,33.57111488000001,40.742120839999984,0.43027479034962907,8.108395804215531,1.0
Y2022_LAT23.8628_LON90.38322,2022,90.38321674099215,23.862801343461857,21,39.1272428902763,39.9591501157143,2.7939466196912637,32.39189798000001,44.37205807999999,0.37097836120651917,8.10830050964944,1.0
Y2022_LAT23.86297_LON90.39303,2022,90.39302788295696,23.8629678606028,21,40.357102864569825,40.15513443273975,1.6367641688859333,35.48520608000001,46.880884760000015,0.2908475175114668,8.996304688492634,1.0
Y2022_LAT23.86313_LON90.40284,2022,90.40283911441058,23.863133753729567,21,39.18254864029345,39.10923946727275,1.7415683726480498,35.37924745999999,43.054411370000025,0.2876505499576474,7.130892380670021,1.0
Y2022_LAT23.8633_LON90.41265,2022,90.41265043480634,23.863299022862698,21,39.18890417881245,39.03321020104653,1.3967816182796495,34.887052580000045,44.621573539999986,0.3187397105944246,8.404994847034551,1.0
Y2022_LAT23.86346_LON90.42246,2022,90.4224618439574,23.863463667882602,21,37.299615905386545,37.42675796340911,1.3752430696738827,33.86164658000004,41.53681049000005,0.3775872049867843,8.921706690384399,1.0
Y2022_LAT23.86363_LON90.43227,2022,90.43227334149971,23.86362768889646,21,37.78378981682759,37.67185490931037,1.1753713538242885,34.16243234000001,40.596854990000026,0.5277158778655227,7.259000042353128,1.0
Y2022_LAT23.86379_LON90.44208,2022,90.44208492704509,23.863791085843058,21,37.10730377845457,36.4717370134483,1.7206163940991248,33.48908240000003,42.75020759000003,0.5843639735307015,7.48990230542262,1.0
Y2022_LAT23.86395_LON90.4519,2022,90.4518966002369,23.863953858680702,21,35.93862911508738,35.79410963750001,0.9540337668558757,33.44464814000003,39.58683008000003,0.5901708145144166,7.3549016701254875,1.0
Y2022_LAT23.86412_LON90.46171,2022,90.46170836094092,23.864116007374196,21,34.25292548472083,34.15328760647045,1.625933891531752,29.59253960000001,41.91108368000005,0.609224072688462,7.049599056936727,1.0
Y2022_LAT23.86428_LON90.47152,2022,90.47152020851755,23.86427753190479,21,33.184340421382366,32.8276197697629,1.079785118776509,31.909957159999976,37.08142142000003,0.5620617199004062,7.098363056906627,0.7105212161231029
Y2022_LAT23.86709_LON90.11815,2022,90.11815116227423,23.867090571677974,21,34.36569926489133,34.37093156000003,0.3966088556419543,33.50788151000003,34.553795630000025,0.43982190028696827,4.920289855072464,0.0019514609442666995
Y2022_LAT23.86727_LON90.12796,2022,90.12796044213833,23.867274005435014,21,34.948311949623026,34.91938926893783,0.9733848741353702,30.71535917,37.78211552000005,0.6066084548689755,6.467793783001567,0.6547826998954818
Y2022_LAT23.86746_LON90.13777,2022,90.13776982052174,23.867456815575864,21,32.60817980879664,33.098241307500025,2.0664211047917407,26.090778110000002,35.741557580000006,0.6172401298310776,5.834603927547897,1.0
Y2022_LAT23.86764_LON90.14758,2022,90.14757929701629,23.867639002098965,21,33.01441898542069,33.088909283802835,1.4407616243626091,27.387916700000005,36.93444656,0.6310090967922992,7.303003885886927,1.0
Y2022_LAT23.86782_LON90.15739,2022,90.15738887128897,23.867820564877498,21,33.382877591793395,33.36489434000003,0.8765400950330693,30.60769154000002,35.464697960000024,0.5751633046418776,9.036300042705934,1.0
Y2022_LAT23.868_LON90.1672,2022,90.16719854295404,23.868001504038673,21,32.51473486821899,32.526543553571436,0.8401627707318755,30.617945599999985,34.55892266000001,0.5763090499484997,10.40849956940974,1.0
Y2022_LAT23.86818_LON90.17701,2022,90.17700831177075,23.868181819529703,21,32.30809681733241,32.08124406548389,1.1619292857274048,30.518823020000013,36.92761052000003,0.5308691534082297,8.978996445878172,1.0
Y2022_LAT23.86836_LON90.18682,2022,90.18681817732688,23.86836151118984,21,32.58216495319915,32.63854671354841,1.1605114159269752,29.93434160000004,36.196154240000055,0.5996936578898593,9.727702032590624,1.0
Y2022_LAT23.86854_LON90.19663,2022,90.19662813934337,23.86854057920083,21,33.250095387873245,33.391294984062526,1.4193222319185725,30.312032810000034,35.86460630000002,0.5913744564727806,7.5836933350274585,1.0
Y2022_LAT23.86872_LON90.20644,2022,90.20643819746425,23.868719023370055,21,32.74107124033906,32.76147139250002,1.249529776369602,29.910415460000024,36.502067030000035,0.6131280688443287,7.4160969601140705,1.0
Y2022_LAT23.8689_LON90.21625,2022,90.21624835134534,23.868896843680513,21,33.83760176419541,33.471714089069785,2.0967552011050032,30.855497990000032,41.603461880000054,0.620727366026787,6.8412009896482235,1.0
Y2022_LAT23.86907_LON90.22606,2022,90.22605860070595,23.869074040275994,21,33.29376481806585,33.21599136615386,1.8757603832865886,30.522241039999983,41.66156822000002,0.6251888852329024,5.753903547781399,1.0
Y2022_LAT23.86925_LON90.23587,2022,90.23586894511965,23.869250612942142,21,32.880663379566556,32.859772333076954,1.2586969662663443,29.578867520000017,35.71079540000005,0.5657176277583549,4.863701016118844,1.0
Y2022_LAT23.86943_LON90.24568,2022,90.24567938423829,23.86942656165754,21,32.92656988907441,32.831479766428586,1.1672291019422631,30.27956161999998,38.20253198,0.6313030063190459,6.781599743058522,1.0
Y2022_LAT23.8696_LON90.25549,2022,90.25548991784117,23.86960188655395,21,35.01271227945755,34.84487421320002,1.511188556152008,31.18704593000004,40.22770883000001,0.6132215453920848,5.381704149195995,1.0
Y2022_LAT23.86978_LON90.2653,2022,90.26530054560041,23.869776587524374,21,34.03301203517825,33.78736426162792,1.7683278224261412,29.387458400000014,39.162995600000045,0.6721110901969978,3.6224019087081274,1.0
Y2022_LAT23.86995_LON90.27511,2022,90.27511126701698,23.869950664508774,21,34.65873127964374,34.5124686609091,1.1161160408994848,32.22783302000005,39.573158000000035,0.68397318746794,5.829698623174852,1.0
Y2022_LAT23.87012_LON90.28492,2022,90.28492208192733,23.870124117585018,21,37.13756017154898,36.531974705000025,2.1281271767701395,33.62238518000004,44.32591481,0.6185123967770316,8.523509522397754,1.0
Y2022_LAT23.8703_LON90.29473,2022,90.29473298989551,23.870296946589846,21,37.100578125683725,37.086121197500034,1.6451485770843308,34.09748996000002,41.586371780000036,0.6064839442476373,7.438501692354931,1.0
Y2022_LAT23.87047_LON90.30454,2022,90.30454399062427,23.87046915158999,21,36.94654711297914,36.78371187800002,1.4295312142944014,33.43781210000003,41.85981338000005,0.6050862891453151,10.307796832702154,1.0
Y2022_LAT23.87064_LON90.31436,2022,90.31435508375876,23.870640732586768,21,37.145146884655155,36.845879630000006,1.3493723759692717,34.394857700000045,42.82711304000003,0.6039741547799048,14.278803664958417,1.0
Y2022_LAT23.87081_LON90.32417,2022,90.32416626902638,23.870811689443677,21,36.43564900458478,36.512452552307714,1.0678765182730463,33.69929063000001,39.70475177000003,0.6300697124487626,11.469197022584732,1.0
Y2022_LAT23.87098_LON90.33398,2022,90.33397754591326,23.870982022268148,21,35.879722382555244,35.82743533250002,1.3018199300997533,32.14238252000001,39.634682360000056,0.5643324031690377,7.181701390236931,1.0
Y2022_LAT23.87115_LON90.34379,2022,90.34378891438959,23.87115173088338,21,36.52469615197424,36.59294615000003,1.6770376084984122,32.15947262000003,40.58147389999999,0.5801839954836998,8.199903293662558,1.0
Y2022_LAT23.87132_LON90.3536,2022,90.3536003738261,23.871320815399113,21,36.979881991405485,37.71858056000003,2.0946158817502285,31.631388530000038,41.31293018000002,0.4386645487473113,8.78309974482323,1.0
Y2022_LAT23.87149_LON90.36341,2022,90.3634119239931,23.871489275819783,21,38.29409056532882,38.299838736875024,1.4366779433299794,34.96908506,41.85981337999999,0.44311706477280643,9.91920108141304,1.0
Y2022_LAT23.87166_LON90.37322,2022,90.37322356466466,23.871657111953418,21,38.87988034665456,39.22874751105264,1.7158988982510035,34.23079274000003,42.868129280000005,0.4015209226085325,10.123205285671933,1.0
Y2022_LAT23.87182_LON90.38304,2022,90.3830352954085,23.871824323942175,21,40.617370034514536,40.91094130608697,1.358939369475228,35.40317360000006,43.69699913000002,0.297622404684205,8.338799222116734,1.0
Y2022_LAT23.87199_LON90.39285,2022,90.3928471157417,23.87199091166142,21,39.64608782562484,39.76730153600002,1.7955129199651982,35.57920163000003,43.52780714000005,0.2927250519616762,8.12450014647076,1.0
Y2022_LAT23.87216_LON90.40266,2022,90.40265902563314,23.872156875146953,21,38.19686256799164,37.9837787,1.449269893740196,35.266452800000025,42.379352420000004,0.29947409475489895,9.720398684229105,1.0
Y2022_LAT23.87232_LON90.41247,2022,90.41247102454169,23.87232221436768,21,40.95112025966711,40.79441654600002,1.524924143453041,36.907102399999985,44.10887054,0.2882587827386129,9.963597604232474,1.0
Y2022_LAT23.87249_LON90.42228,2022,90.42228311222333,23.872486929276324,21,39.07462174246815,39.047839398909105,1.2893991245534866,36.12779383999998,43.35007010000004,0.39244590123049683,8.045402406355771,1.0
Y2022_LAT23.87265_LON90.4321,2022,90.43209528818458,23.872651019865874,21,39.34560656241732,39.34522489485717,1.6883393111406044,34.56575870000006,43.57565942000002,0.5106088828266595,6.649803057896743,1.0
Y2022_LAT23.87281_LON90.44191,2022,90.44190755228512,23.87281448604507,21,36.9263507288335,36.84151914125002,1.6707887346250014,33.12677228000001,42.423786680000035,0.588874314618747,7.4043016521195915,1.0
Y2022_LAT23.87298_LON90.45172,2022,90.45171990414154,23.87297732794404,21,35.33147568049755,35.26738160978264,1.3686443411965794,32.65166750000003,39.64835444000005,0.6196010634448511,6.7297985056453005,1.0
Y2022_LAT23.87314_LON90.46153,2022,90.46153234339499,23.873139545423033,21,33.735344973029825,33.70592390610171,0.6996384717414107,30.46071668000002,35.79966392000006,0.6423950387522679,6.919726782804863,0.9663901168776116
Y2022_LAT23.8733_LON90.47134,2022,90.471344869614,23.87330113850247,21,33.65124250761305,33.60497464062501,0.9756328992448811,32.25517718000003,36.539665249999985,0.6054613296008691,9.47963844570252,0.22345694098028374
Y2022_LAT23.87611_LON90.11795,2022,90.11795131142644,23.876111533173482,21,33.183487335482475,33.59279155384617,1.7343279520569292,26.67696854000002,35.820172040000045,0.5793799795728616,6.4380174151760725,0.5074460096281186
Y2022_LAT23.8763_LON90.12776,2022,90.12776126928469,23.876295044659045,21,34.415347284256875,34.48447391187503,0.899415903770596,31.703166950000025,37.12243766000006,0.6033438026637062,8.612403073415413,1.0
Y2022_LAT23.87648_LON90.13757,2022,90.13757132564852,23.876477932361663,21,32.00975754258754,32.28099222578949,2.411743615945886,21.98744510000003,37.664193830000016,0.5982734256597463,4.565897957166869,1.0
Y2022_LAT23.87666_LON90.14738,2022,90.14738148013728,23.876660196054146,21,32.59400833405092,32.83730871125002,2.1424223496829224,22.255759670000003,37.7616074,0.5868878643305852,6.325902736356171,1.0
Y2022_LAT23.87684_LON90.15719,2022,90.15719173245301,23.876841835856744,21,34.74089372699131,34.82937349250002,1.3694645567562818,30.75466640000002,37.970106620000024,0.4940813028055258,9.257993244697952,1.0
Y2022_LAT23.87702_LON90.167,2022,90.1670020822725,23.877022851766043,21,32.823218773322814,32.76470142140003,1.0471375181395823,30.255635480000024,36.91735646000001,0.5860790470212052,10.949204466844586,1.0
Y2022_LAT23.8772_LON90.17681,2022,90.17681252922719,23.87720324365502,21,33.11599619725489,32.90755888192309,1.86124246998721,28.160389220000013,37.81287770000006,0.5567879721393019,6.142101343648653,1.0
Y2022_LAT23.87738_LON90.18662,2022,90.18662307289256,23.877383011578214,21,33.480477237010604,33.341314071071444,1.8318641293714788,28.66283815999998,38.04872108000001,0.5847381420072829,6.555501830002171,1.0
Y2022_LAT23.87756_LON90.19643,2022,90.19643371310634,23.877562155429512,21,31.884354039008805,31.64216843923078,1.2756715523634785,29.62330178000002,37.35486302000004,0.5801232626169326,6.266708313921494,1.0
Y2022_LAT23.87774_LON90.20624,2022,90.20624444949506,23.877740675279334,21,32.33474228295748,32.19835259750001,1.785918570780891,29.565195440000025,36.91222943,0.607041253781161,5.874702205532009,1.0
Y2022_LAT23.87792_LON90.21606,2022,90.21605528152162,23.877918571034517,21,32.22380119124625,32.10659384000001,0.9156463754201247,29.698498220000033,35.36386637000004,0.6419470514866071,6.970296435642867,1.0
Y2022_LAT23.8781_LON90.22587,2022,90.22586620916908,23.87809584263195,21,33.30939013679729,33.453193190000015,1.0679092365833922,30.506859950000035,35.19980141000002,0.6120714621919415,7.542593141614801,1.0
Y2022_LAT23.87827_LON90.23568,2022,90.235677231866,23.87827249018192,21,32.620087823152524,32.61039807333336,0.963429589987778,29.442146719999982,35.05453555999998,0.6100500215571243,6.196097877762221,1.0
Y2022_LAT23.87845_LON90.24549,2022,90.24548834936337,23.87844851361341,21,33.037480387459965,32.85905586350003,1.1646209957334344,30.272725579999985,36.43883366,0.6486512290456923,5.72109849541,1.0
Y2022_LAT23.87862_LON90.2553,2022,90.25529956130038,23.87862391286281,21,34.36528562989963,34.07748449000002,1.2681093819708196,31.496376740000017,38.30336356999999,0.6409581394688968,5.840501602360504,1.0
Y2022_LAT23.8788_LON90.26511,2022,90.26511086739242,23.878798687852132,21,34.82551979356557,34.8590869618182,1.1850212838319916,30.795682639999995,37.624886600000025,0.6870204487036243,3.5253994416464076,1.0
Y2022_LAT23.87897_LON90.27492,2022,90.27492226729622,23.878972838677736,21,35.39835774489637,35.136191270520506,1.3114498630924567,32.42266016000002,40.26701606,0.7135087840649671,4.972798791527993,1.0
Y2022_LAT23.87915_LON90.28473,2022,90.28473376062148,23.87914636523858,21,36.71970552557351,36.21995830785717,1.742895500085834,33.677073500000006,42.734826500000054,0.6468762484138824,7.296803749664716,1.0
Y2022_LAT23.87932_LON90.29455,2022,90.2945453470586,23.879319267580957,21,38.60326766678851,38.44991117750003,1.6299223490514694,35.10580586000003,42.81173195000002,0.5430131971826936,7.865201017883542,1.0
Y2022_LAT23.87949_LON90.30436,2022,90.30435702627162,23.87949154556289,21,38.17390798513856,37.97076393153848,1.6602157142127418,34.476890180000055,43.042448300000046,0.5853534163962899,10.87939985811751,1.0
Y2022_LAT23.87966_LON90.31417,2022,90.3141687979401,23.87966319926252,21,38.24919721426943,37.96802809432434,2.047370530663172,34.68197138000005,44.54295908000006,0.6055970239876363,9.989104654610161,1.0
Y2022_LAT23.87983_LON90.32398,2022,90.32398066170884,23.879834228654786,21,37.39452127101408,36.96649049750002,2.1990429123372452,32.54229085999998,47.12014615999999,0.6152356381727813,6.887199867293982,1.0
Y2022_LAT23.88_LON90.33379,2022,90.33379261725966,23.880004633649552,21,36.74512349222992,37.03094669362069,2.1656045286011483,30.527368070000023,41.23431572000004,0.5521888737743739,8.188502574708924,1.0
Y2022_LAT23.88017_LON90.3436,2022,90.3436046642828,23.880174414292746,21,34.34480072037528,34.590927756363655,1.933702851921998,29.64039188000004,38.496481700000004,0.42745968891723823,10.046916691372704,1.0
Y2022_LAT23.88034_LON90.35342,2022,90.35341680239053,23.880343570500127,21,34.61672041052942,33.06370776625629,3.8223688351670466,29.322516020000023,48.35405137999999,0.3144577931221124,8.462969340630599,0.866985876580164
Y2022_LAT23.88051_LON90.36323,2022,90.3632290312946,23.880512102303292,21,38.83308083812137,38.57127979932333,2.7110694991064186,30.860625020000043,50.138257820000035,0.41970010225626714,8.776602090120141,1.0
Y2022_LAT23.88068_LON90.37304,2022,90.37304135059024,23.880680009676105,21,39.71402852300605,40.14920118312503,2.6280894707918723,33.21222278000005,44.68993394000006,0.3683178404372228,8.972816342665169,1.0
Y2022_LAT23.88085_LON90.38285,2022,90.38285375999334,23.880847292551543,21,41.09374236258503,41.33710046428572,2.181631010811127,34.40169374000004,45.995617580000044,0.280416718190732,4.798900939883468,1.0
Y2022_LAT23.88101_LON90.39267,2022,90.39266625919572,23.881013950935998,21,38.921507270638,39.10849717000002,1.6967088962739183,33.88899074,41.723092580000014,0.2743500582441976,9.122044076928825,0.7674206585644263
Y2022_LAT23.88118_LON90.40248,2022,90.40247884781476,23.881179984723175,21,38.75391822932834,38.357482220000016,2.274051268094087,34.40169374000004,43.849101020000035,0.33363746970740504,8.718633418417438,0.5284820770447356
Y2022_LAT23.88135_LON90.41229,2022,90.41229152550925,23.88134539401079,21,39.60756257385405,39.787296953000016,1.9323391628388895,34.75716782000001,43.66452794000003,0.37124719663756495,8.503547828747932,0.7485933137661981
Y2022_LAT23.88151_LON90.4221,2022,90.42210429197655,23.881510178808302,21,37.53722185377405,37.42386429875003,1.6028222087861212,34.24959185000003,41.586371780000036,0.506966562322521,9.287396808702148,1.0
Y2022_LAT23.88167_LON90.43192,2022,90.43191714687842,23.88167433892366,21,37.755416789764666,37.64877713562502,1.6564288986055256,34.073563820000004,42.58614263000001,0.5398370327041627,8.846992221139889,1.0
Y2022_LAT23.88184_LON90.44173,2022,90.44173008984653,23.881837874471696,21,36.708669747308235,36.77173081842107,1.3062852294413758,34.022293520000005,40.57463786000005,0.5669867396874808,7.603798357409827,1.0
Y2022_LAT23.882_LON90.45154,2022,90.45154312062475,23.88200078537362,21,36.069325856973805,35.53559135696431,2.0150876440498107,32.74224502999999,44.08152638000004,0.5864689776781892,7.540897106937784,1.0
Y2022_LAT23.88216_LON90.46136,2022,90.46135623874355,23.882163071670725,21,34.348670203391265,34.298874769879866,0.9968702206291062,32.200488860000036,37.74451730000004,0.5699054231238889,8.249257180587644,0.6265554745081836
Y2022_LAT23.88495_LON90.10794,2022,90.1079408244057,23.884948269171346,21,35.62083177573866,35.758647680000024,0.9744085870097469,33.60871309999999,37.054077259999985,0.6901029452606283,3.706228956228957,0.016936587591240847
Y2022_LAT23.88513_LON90.11775,2022,90.11775136173655,23.885132482546023,21,34.36733467283006,34.405624463000024,1.745282511468871,28.100573870000034,38.94766034000003,0.5961371376143458,2.78696926976318,0.9541847635538827
Y2022_LAT23.88532_LON90.12756,2022,90.12756199790492,23.88531607182513,21,35.01377882132072,35.141054191250035,1.197624074761276,31.445106440000018,38.54775200000006,0.5332216190398857,4.8222015162424166,1.0
Y2022_LAT23.8855_LON90.13737,2022,90.13737273264519,23.885499036955927,21,34.89084894040358,34.967491915084764,1.7670395197495006,29.496835040000008,40.311450320000006,0.5478031953031435,4.95419860799344,1.0
Y2022_LAT23.88568_LON90.14718,2022,90.14718356552991,23.885681377975942,21,35.422982257116765,35.405953548500406,1.728615798056748,31.561319120000007,40.38664676000002,0.5482840133608976,7.736708172744323,1.0
Y2022_LAT23.88586_LON90.15699,2022,90.15699449619838,23.88586309480321,21,36.19846556425517,36.32983680000002,1.125964166513177,32.480766500000016,39.132233420000034,0.5446297754212691,11.669500797650784,1.0
Y2022_LAT23.88604_LON90.16681,2022,90.16680552444365,23.886044187363694,21,35.19483888605552,35.23476369932205,1.199914159210815,31.66215070999999,37.61463254,0.5753551699895256,9.33250391766548,1.0
Y2022_LAT23.88622_LON90.17662,2022,90.17661664984978,23.886224655768682,21,34.009010547217265,33.903787737974696,1.6618672370477787,30.805936700000018,39.50479760000002,0.5249895909503307,5.72200104471078,1.0
Y2022_LAT23.8864_LON90.18643,2022,90.18642787196937,23.88640449980139,21,35.42817041366551,35.529896691500014,1.6815635521942127,30.891387200000054,41.476995139999985,0.5989896901499441,6.727708130391186,1.0
Y2022_LAT23.88658_LON90.19624,2022,90.19623919080364,23.886583719668685,21,33.414349813634615,33.51870524,1.3711917472329727,28.640621030000034,35.98252799000002,0.6039757938042382,7.044506091793362,1.0
Y2022_LAT23.88676_LON90.20605,2022,90.20605060561063,23.886762315116666,21,33.75618396931164,34.21508299423078,1.7266149633738237,28.584223700000052,36.60289862000002,0.5344157481413195,6.596600454590356,1.0
Y2022_LAT23.88694_LON90.21586,2022,90.21586211628791,23.886940286283938,21,32.65486380205228,32.54795757736844,1.157219154226884,30.26247152000002,36.445669700000025,0.6038865929019621,9.510895345389867,1.0
Y2022_LAT23.88712_LON90.22567,2022,90.22567372246279,23.887117633117875,21,33.11675931218046,33.168908216206916,1.0033090697744749,29.681408120000015,35.266452800000025,0.6134296459265787,9.481604619315847,1.0
Y2022_LAT23.88729_LON90.23549,2022,90.2354854238705,23.887294355538742,21,33.585496876041724,33.73525932883723,1.2406027442180958,29.74464149000002,36.19273622000003,0.6126757053400883,4.687691471489267,1.0
Y2022_LAT23.88747_LON90.2453,2022,90.24529721996404,23.887470453492192,21,33.015950245027696,33.014357400000016,1.1698884610438103,29.466072860000054,36.71569327999998,0.659368453925839,5.8917947849166215,1.0
Y2022_LAT23.88765_LON90.25511,2022,90.25510911064741,23.887645927057292,21,34.54167003238412,34.461850892000015,1.2019877122716005,31.561319120000007,38.182023860000015,0.6504941048376983,5.837296881397079,1.0
Y2022_LAT23.88782_LON90.26492,2022,90.26492109546471,23.887820776209647,21,35.47962792352313,35.28183389000002,1.5271365362299019,30.795682639999995,39.853435640000015,0.6308637418909656,6.190800897886559,1.0
Y2022_LAT23.888_LON90.27473,2022,90.27473317411365,23.88799500083301,21,35.64413791785322,35.60971966571431,1.1332173734688715,33.09088307000002,38.769923300000016,0.7086986821505217,7.3802994367032095,1.0
Y2022_LAT23.88817_LON90.28455,2022,90.28454534613876,23.888168600941068,21,36.300510402248335,36.359385536585386,0.8842048020332063,34.200030560000016,38.67763676000004,0.6952178465480947,7.421498454110357,1.0
Y2022_LAT23.88834_LON90.29436,2022,90.2943576114211,23.888341576523093,21,37.35635628356236,37.09764820567012,1.7786670166298648,34.160723329999996,44.48827075999998,0.6145422086100198,9.260305930851448,1.0
Y2022_LAT23.88851_LON90.30417,2022,90.30416996947874,23.888513927549504,21,37.209042796716766,37.02084151289476,1.1569896055223878,34.72640564000005,41.42914286000001,0.5887209233192385,10.004104725198678,1.0
Y2022_LAT23.88869_LON90.31398,2022,90.31398242003155,23.888685654084437,21,39.671767585059435,39.18004685886365,2.620027759962841,35.44077182000001,52.151471600000036,0.49719894498974915,8.363898183050257,1.0
Y2022_LAT23.88886_LON90.32379,2022,90.32379496267446,23.888856755916844,21,40.247432932946495,40.27681000192311,2.4903826239949463,34.8221102,47.53885361000005,0.5241611920701673,5.80238730535201,1.0
Y2022_LAT23.88903_LON90.33361,2022,90.3336075971591,23.88902723312417,21,34.63841735677987,33.8433987635484,2.918742861180521,29.076418579999995,41.48041316000001,0.46496068746426894,7.101291064899112,1.0
Y2022_LAT23.8892_LON90.34342,2022,90.34342032310458,23.8891970857695,21,32.35152521545207,32.21830739049182,1.4962019875939498,29.339606119999985,37.95472553000002,0.26743575054654145,7.9451985656402995,1.0
Y2022_LAT23.88937_LON90.35323,2022,90.35323314018162,23.889366313710504,21,32.43858899579183,32.75899332800001,1.3201461159682006,29.339606119999985,37.20447014000001,0.258400295893966,6.344702171089265,0.3942786069651727
Y2022_LAT23.88953_LON90.36305,2022,90.36304604804593,23.889534916892327,21,37.99255911368184,38.030983903499845,2.0292461304705967,32.31328352000003,42.44771281999999,0.4678000726565556,6.602805119682974,0.8989632374857678
Y2022_LAT23.8897_LON90.37286,2022,90.37285904640676,23.889702895410892,21,39.0085456036552,38.78347951491528,2.0686019906887405,33.953933120000045,44.418201350000004,0.3740036464370758,6.948304462609216,1.0
Y2022_LAT23.88987_LON90.38267,2022,90.38267213493529,23.88987024918704,21,40.79660658833842,40.65604742981309,1.1201866060151926,35.68003322000004,44.21995619000003,0.3184097220593369,7.2319512122208485,0.9527892105900274
Y2022_LAT23.89004_LON90.39249,2022,90.39248531317736,23.890036978215416,21,37.799273482149445,37.54029060500002,1.640306666113233,34.36409551999998,41.00359937000002,0.28069181942395466,8.645756344242322,0.3523629857809639
Y2022_LAT23.89037_LON90.41211,2022,90.41211193769273,23.890368561872727,21,36.336087636427365,36.466177819999984,0.3948635049067371,35.58432865999998,36.76354556000001,0.33485847671760344,11.0,0.0021191837427827404
Y2022_LAT23.89053_LON90.42193,2022,90.42192538342933,23.890533416443915,21,35.04282981851058,34.98553428125002,0.7123555558460333,33.45832022000002,38.35292486000003,0.6193041990838878,8.675817114694155,0.27175157515751497
Y2022_LAT23.8907_LON90.43174,2022,90.4317389174173,23.89069764620837,21,35.78125266819545,35.674051685000016,0.8097535392857997,33.95393311999999,38.72036201000003,0.5910984883686148,9.045896376910905,0.91217977560188
Y2022_LAT23.89086_LON90.44155,2022,90.44155253969976,23.890861251127227,21,34.772857540563,34.73816362880001,0.9286735714909998,32.14580054000001,38.657128640000025,0.5649153603289997,6.924992588200417,1.0
Y2022_LAT23.89102_LON90.45137,2022,90.45136624966206,23.891024231067785,21,34.71837205888784,34.70312037875002,0.7351479408817441,32.74224502999999,36.77209061000002,0.5928402671205532,8.37669941976195,1.0
Y2022_LAT23.89119_LON90.46118,2022,90.46118004702986,23.891186586033598,21,33.65343335725659,33.582223445000025,0.7303828493417349,31.660441700000035,35.66977916000002,0.568227825184539,8.500513812851935,0.6008217822854631
Y2022_LAT23.89397_LON90.10774,2022,90.10774009725942,23.893969128205097,21,33.588830381500074,33.69977891857145,1.2618007201545938,30.641871740000056,37.650521749999996,0.6365157591101661,6.640266277756865,0.46251092486953665
Y2022_LAT23.89415_LON90.11755,2022,90.11755131324067,23.894153419720762,21,33.423279793830964,33.40606506677968,1.4091637815668827,30.012956060000022,38.000868800000035,0.5950893560636857,5.019598846586877,1.0
Y2022_LAT23.89434_LON90.12736,2022,90.12736262809105,23.894337086837012,21,34.07248898817658,34.40299023034484,2.0014502505095124,26.00361859999998,38.54775200000006,0.5183136993464879,3.535758088541128,0.9927999915294018
Y2022_LAT23.89452_LON90.13717,2022,90.13717404147403,23.894520129493834,21,36.11228112947287,36.257980190000026,1.5599969957375073,31.766400320000002,39.658608500000014,0.5845881891395787,4.920997275281296,1.0
Y2022_LAT23.8947_LON90.14699,2022,90.14698555298556,23.894702547736294,21,37.42040497368904,37.676095863928595,1.0618856425480843,33.77277806000001,40.91302184000003,0.5593624631656873,8.46680054917711,1.0
Y2022_LAT23.89488_LON90.1568,2022,90.15679716250132,23.894884341569774,21,37.14980659263176,37.26362817846156,0.8603664293804429,34.40169374000001,40.738702820000015,0.5931446433063327,9.881602213649664,1.0
Y2022_LAT23.89507_LON90.16661,2022,90.16660886945022,23.895065510912552,21,35.93249402180045,35.92426628545456,1.4213468817457866,32.16289064,39.17666768000004,0.6191544347049386,9.127010009458873,1.0
Y2022_LAT23.89525_LON90.17642,2022,90.17642067357016,23.895246055750324,21,36.042328519849974,36.16033623875003,1.4785982975265803,30.88455116,40.56780182,0.629255137295783,7.89840223341439,1.0
Y2022_LAT23.89543_LON90.18623,2022,90.1862325746454,23.8954259761038,21,35.15445503219456,35.26484432000002,1.3445657015643417,31.80058052000004,38.37001496000005,0.6202631718725113,7.774403264003836,1.0
Y2022_LAT23.89561_LON90.19604,2022,90.19604457221276,23.895605271762815,21,33.16748038404696,33.202945297142875,1.6026910448684115,30.395774300000028,36.52086614000001,0.626557888710404,9.08500981181088,1.0
Y2022_LAT23.89578_LON90.20586,2022,90.20585666596777,23.895783942944398,21,34.104159582442215,34.512701707727295,2.0114732727987024,30.048845270000015,37.12756469000004,0.5916627662314755,9.464400546353584,1.0
Y2022_LAT23.89596_LON90.21567,2022,90.21566885557635,23.895961989555126,21,35.262790889911905,35.42539073000002,1.4382255964266881,31.607462389999995,38.954496379999995,0.5853522663033646,8.91349754529123,1.0
Y2022_LAT23.89614_LON90.22548,2022,90.22548114066961,23.896139411474614,21,34.78343005697445,34.90676723107144,1.5004523173144149,30.24196340000003,39.24161006000003,0.6009672930452364,7.959199807999098,1.0
Y2022_LAT23.89632_LON90.23529,2022,90.23529352093622,23.896316208777705,21,33.53680205262559,33.83329096510206,1.4394190263941191,29.551523360000033,37.18567103000004,0.567618073599603,5.28320033317686,1.0
Y2022_LAT23.89649_LON90.24511,2022,90.24510599617967,23.8964923814273,21,33.22266177520553,33.23065567357144,0.9714600581190361,30.70681411999999,35.53305836000004,0.6465082611540653,6.556299477999383,1.0
Y2022_LAT23.89667_LON90.25492,2022,90.25491856583866,23.896667929349793,21,33.68901570590569,33.57752366750002,1.3406490333170256,29.332770080000017,37.166871920000006,0.6396999521705051,6.313194415032545,1.0
Y2022_LAT23.89684_LON90.26473,2022,90.26473122968088,23.896842852513508,21,36.68367852287474,36.639215082500016,1.585181628280369,33.16437050000002,40.83953441000003,0.6241066064722988,6.277697973762321,1.0
Y2022_LAT23.89702_LON90.27454,2022,90.27454398737359,23.897017150956458,21,35.87108998595659,35.73792593375002,1.4185456247204042,32.93536316000001,39.771403160000006,0.6957889620722886,6.865797489173517,1.0
Y2022_LAT23.89719_LON90.28436,2022,90.28435683861467,23.897190824658555,21,36.372096382795704,36.17198395571431,1.1831837190212464,33.55060676000005,39.37662185000002,0.6980209582118042,6.527688365592313,1.0
Y2022_LAT23.89736_LON90.29417,2022,90.29416978297067,23.89736387356079,21,37.97630597863379,37.71528102178574,1.7885213810756095,34.316243240000006,44.95653950000002,0.6169555692949085,7.8692986697631415,1.0
Y2022_LAT23.89754_LON90.30398,2022,90.30398282021284,23.897536297686035,21,36.89861705282657,36.70301812250002,1.428851589108327,33.77448707000002,41.72992862000001,0.6629789143195185,8.959602305414476,1.0
Y2022_LAT23.89771_LON90.3138,2022,90.31379594996622,23.897708096862914,21,36.99939366292165,36.53900063500001,2.1985343827823742,33.27374714000001,44.06785430000002,0.6060358513792321,7.902997190575019,1.0
Y2022_LAT23.89788_LON90.32361,2022,90.32360917178374,23.897879271231613,21,39.58899490159866,39.71457857750002,2.149806476938285,34.93832287999999,46.35621869000002,0.45863978903697195,8.31699801999767,1.0
Y2022_LAT23.89805_LON90.33342,2022,90.33342248558723,23.89804982073345,21,36.73541918922397,36.53966525000002,3.5037502729025536,29.307134930000018,43.71921626000005,0.3141393332255912,6.764993841169223,1.0
Y2022_LAT23.89822_LON90.34324,2022,90.34323589076368,23.89821974529185,21,32.488213322919194,32.15142128400002,1.8143813147096717,29.216557400000028,39.12027035000003,0.4261651489691013,6.7414856402845915,0.904118684362707
Y2022_LAT23.89839_LON90.35305,2022,90.35304938721862,23.898389044927477,21,31.995351730071576,32.11503836,0.7810679827135705,30.182148050000023,33.26007506000002,0.3168356445364439,7.695043670419867,0.033798899570711645
Y2022_LAT23.89856_LON90.36286,2022,90.36286297439925,23.898557719634137,21,34.64908945448068,34.71273356000003,0.9971938613886957,32.333791640000015,36.324329990000024,0.4894960739749166,4.454122030740568,0.0076051957620604516
Y2022_LAT23.89873_LON90.37268,2022,90.37267665208984,23.898725769381308,21,36.425029108933565,35.95159490900003,2.1405324550552383,32.68072067000003,40.39690082000001,0.3323752954258825,7.800861715223643,0.17485201793721966
Y2022_LAT23.89889_LON90.38249,2022,90.38249041997798,23.898893194068872,21,38.66085815318393,39.20640445400003,2.270808816795478,33.18146059999998,41.982862100000034,0.3407781007316286,7.577066181127298,0.3668413945316468
Y2022_LAT23.89972_LON90.43156,2022,90.43156059992621,23.899720941693886,21,35.42051509442681,35.322850130000035,1.1310733019327441,33.44293913000001,38.72036201000003,0.5848589895948302,8.419152854511967,0.07742873846768102
Y2022_LAT23.89988_LON90.44137,2022,90.44137490170039,23.89988461582515,21,34.990262813628895,34.46904268510206,1.707610550231145,31.995407660000012,40.121750210000016,0.5144037447812083,7.109048420143096,0.5514317582128017
Y2022_LAT23.90005_LON90.45119,2022,90.45118929121746,23.900047664867294,21,33.59969789617019,33.56769686000001,0.4659891961602515,32.70806483000004,34.81869218000003,0.5245712675109054,6.839903030303031,0.1485763682532821
Y2022_LAT23.90021_LON90.461,2022,90.46100376822567,23.900210088743844,21,33.306580222601966,33.42755804000001,0.34200277903050214,32.24492312000004,33.60187705999999,0.5678347468421806,9.100995596400535,0.03725697899613738
Y2022_LAT23.90262_LON90.08792,2022,90.0879157791817,23.902619362338964,21,34.02566792552282,33.957351140000014,0.3855633516075986,33.400213879999995,34.81527416000006,0.6243197894604402,5.770317145688802,0.014345937568868348
Y2022_LAT23.9028_LON90.09773,2022,90.09772747523351,23.902804981100473,21,33.98628206141318,33.98913872600001,1.7733101837803482,30.635035700000003,38.27089238000002,0.6357303536010226,7.384683962313909,0.6815586619495524
Y2022_LAT23.90299_LON90.10754,2022,90.10753927088368,23.902989975253977,21,35.12509062407432,35.464185257000025,1.896108477423956,29.42505662000002,38.289691489999996,0.5995799897009035,5.472016421309227,0.9939782721891811
Y2022_LAT23.90317_LON90.11735,2022,90.117351165922,23.90317434474127,21,33.75289815270916,33.65666833240966,1.4931968855088187,28.00316029999999,37.88123810000002,0.6211178796831015,6.502002943532883,1.0
Y2022_LAT23.90336_LON90.12716,2022,90.12716315965166,23.903358089657306,21,35.859207356136245,35.82551269625001,1.3387269930869192,31.896285079999984,38.95791440000005,0.5745894326903918,6.303293297992128,1.0
Y2022_LAT23.90354_LON90.13698,2022,90.1369752521041,23.903541209896854,21,36.06836995566234,36.23385795444447,0.9425030067836958,32.67217562000002,38.08973732000004,0.6236932965046612,8.737198763288315,1.0
Y2022_LAT23.90372_LON90.14679,2022,90.1467874426553,23.903723705491075,21,34.476328250819144,34.475791530714304,1.6293182664485713,26.844451520000007,38.428121300000015,0.5468062916917157,5.634299569764209,1.0
Y2022_LAT23.90391_LON90.1566,2022,90.15659973118292,23.903905576283538,21,34.9646368797298,35.094273116259004,1.3102286569931867,29.927505559999986,38.38710506000004,0.635991353285581,7.142602520708872,1.0
Y2022_LAT23.90409_LON90.16641,2022,90.16641211728204,23.904086822344457,21,35.86133656043739,36.01402260285716,1.1091928323694824,33.003723560000026,39.93888614000002,0.6322631839098333,8.04920729038727,1.0
Y2022_LAT23.90427_LON90.17622,2022,90.17622460057586,23.904267443610873,21,35.447864573710135,35.34538115979595,1.88652928871491,31.209263060000012,41.036070559999985,0.6515029611117296,8.04020004729418,1.0
Y2022_LAT23.90445_LON90.18604,2022,90.1860371806879,23.904447440139403,21,35.20288049672749,35.51653793000002,1.2696240239654346,31.949264389999996,37.60096046000001,0.6283575424811583,9.66600078353036,1.0
Y2022_LAT23.90463_LON90.19585,2022,90.19584985746877,23.90462681183442,21,35.93426045480679,35.720213944000015,2.481272953672125,31.192172959999994,44.924068310000024,0.6010535023607411,9.742503494134116,1.0
Y2022_LAT23.90481_LON90.20566,2022,90.20566263040952,23.904805558711846,21,36.72404140356197,36.47782293465118,1.6802411134570672,32.627741360000016,41.93671883000002,0.6335611975538088,8.61719954964654,1.0
Y2022_LAT23.90498_LON90.21548,2022,90.21547549931775,23.90498368072012,21,39.55644717399838,39.65823898432435,2.004697070795067,34.45296404000004,46.31007542000003,0.48608480573337054,7.54540064164781,1.0
Y2022_LAT23.90516_LON90.22529,2022,90.22528846370547,23.905161177852765,21,36.67785019189503,36.84277526360002,2.1633319298334843,30.597437480000053,42.172562210000024,0.5152871854121922,7.319808563805017,1.0
Y2022_LAT23.90534_LON90.2351,2022,90.23510152327206,23.905338050015168,21,35.41075723423519,35.21819361285715,2.002546383338827,30.341085980000003,41.25995087000001,0.5580191210419911,4.504600593647754,1.0
Y2022_LAT23.90551_LON90.24491,2022,90.24491467776171,23.905514297304098,21,35.77578596207517,35.719767702500015,2.0726845656947783,31.516884860000005,43.054411370000025,0.5979579322725823,5.5441018165903815,1.0
Y2022_LAT23.90569_LON90.25473,2022,90.25472792682538,23.90568991954032,21,37.71928964826215,37.72183407636366,2.3395500419376156,30.429954500000036,43.36374218000003,0.5509126308454023,6.148610111106425,1.0
Y2022_LAT23.90586_LON90.26454,2022,90.26454127009222,23.90586491690071,21,37.92306275294613,37.86243899000004,1.4701642170117966,34.20173957000003,41.58295376000004,0.6177585108821525,5.466701725531445,1.0
Y2022_LAT23.90604_LON90.27435,2022,90.27435470717882,23.906039289197267,21,36.98531754833854,36.91806854750003,1.2012738562779588,33.413885960000016,40.186692590000035,0.6259818882228932,6.493797051525964,1.0
Y2022_LAT23.90621_LON90.28417,2022,90.28416823786657,23.906213036451277,21,39.288789266366145,38.90379575000002,2.4672723382314308,33.42755804000001,46.76296307000001,0.6040278215732785,5.251591772196593,1.0
Y2022_LAT23.90639_LON90.29398,2022,90.29398186171044,23.9063861586221,21,41.60606485809796,41.65433779307694,2.403957914315348,36.24058850000006,47.76102491,0.5144584437865848,5.030300035647099,1.0
Y2022_LAT23.90656_LON90.3038,2022,90.30379557837136,23.906558655724737,21,40.63937006168179,40.89422273000001,2.9693736799799275,34.169268380000005,46.52882870000002,0.5189074517638662,7.210501424119339,1.0
Y2022_LAT23.90673_LON90.31361,2022,90.31360938772924,23.906730527740624,21,38.46453231141,38.098453271000025,2.3120185775430397,34.61361098000003,45.718757960000005,0.5374344274960844,8.180198495051762,1.0
Y2022_LAT23.9069_LON90.32342,2022,90.32342328917473,23.90690177465683,21,39.03196175662103,39.53174299100001,2.222778687371177,32.68926572000004,46.306657400000034,0.4249525186703631,8.69689729046743,1.0
Y2022_LAT23.90707_LON90.33324,2022,90.333237282474,23.90707239642108,21,31.82803233569313,30.529827377073193,3.2109725732244443,28.122791000000007,40.67546945000001,0.16569301335529274,7.719799670352564,1.0
Y2022_LAT23.90724_LON90.34305,2022,90.34305136728841,23.907242392934382,21,30.832225936127685,30.7322051257143,0.9868299800464589,28.474847060000002,34.251300860000015,0.265188692178529,5.856929437660586,0.8552031664913102
Y2022_LAT23.90741_LON90.35287,2022,90.35286554337758,23.90741176433192,21,32.84070233500499,33.00030554000003,0.6891494972358635,31.95951845000002,34.251300860000015,0.5539911775863632,7.187686196623636,0.003562117744440167
Y2022_LAT23.91127_LON90.06809,2022,90.06808904464485,23.911266771038225,21,40.88675132371762,40.72702458500003,2.673375977395911,35.577492620000044,49.79303779999998,0.48129970734611277,4.051306128512017,0.6831248278561378
Y2022_LAT23.91145_LON90.0779,2022,90.07790121976794,23.911453717955496,21,38.0422215598001,37.59729829571431,2.1830975845189395,34.049637680000046,46.56984494000005,0.5312257233873791,5.614792736380718,0.7179438304483686
Y2022_LAT23.91164_LON90.08771,2022,90.08771349513708,23.911640040153838,21,37.373419355427885,36.06380260655482,3.3709278070294353,32.743954040000006,50.94149252,0.5213467813609083,5.566146803640819,0.6759348206993543
Y2022_LAT23.91183_LON90.09753,2022,90.09752587049503,23.911825737522538,21,35.863321924686375,36.08726588857145,1.737972616911632,31.65702368000001,41.05316066,0.6015630269905466,7.046595513390636,1.0
Y2022_LAT23.91201_LON90.10734,2022,90.10733834536826,23.912010810066647,21,35.742948465339104,36.09624288615386,2.332769994439258,28.42357676000003,39.98673842000005,0.6483849722465982,7.2506988268179935,1.0
Y2022_LAT23.9122_LON90.11715,2022,90.11715091963796,23.91219525767759,21,32.592522931539115,32.52787974864867,1.4422789222698118,28.587641720000022,37.06604033000002,0.659234399980196,7.612602882837087,1.0
Y2022_LAT23.91238_LON90.12696,2022,90.12696359272061,23.912379080422376,21,34.83126276972311,34.63497360500001,1.891073576741974,31.240025240000023,38.97842251999998,0.550845848678552,11.036490759956488,1.0
Y2022_LAT23.91256_LON90.13678,2022,90.13677636446604,23.91256227816318,21,35.9149350315891,35.64551121800002,1.35790501782285,32.299611440000035,40.48064231000001,0.6064553602360471,10.019401267770649,1.0
Y2022_LAT23.91274_LON90.14659,2022,90.14658923438279,23.912744850967222,21,36.48615413178674,36.785825214756116,2.083645262722887,30.177021019999984,44.89672415000004,0.5288473940884421,6.150798356698135,1.0
Y2022_LAT23.91293_LON90.1564,2022,90.15640220232353,23.912926798802285,21,35.54206532138585,35.4799304404348,1.6455960021390839,30.245381420000058,40.718194700000026,0.5481736312843705,7.711596289864866,1.0
Y2022_LAT23.91311_LON90.16622,2022,90.16621526782451,23.91310812164641,21,35.66612135069436,35.531723195937516,2.1058503225139535,31.54422901999999,44.92748633000002,0.5668249628672586,8.686099699292686,1.0
Y2022_LAT23.91329_LON90.17603,2022,90.17602843061668,23.91328881945634,21,36.63411663733467,36.09039668000002,2.15686590656792,33.04815782,45.34448477000004,0.5834856570411139,9.77070362684057,1.0
Y2022_LAT23.91347_LON90.18584,2022,90.18584169027079,23.91346889219602,21,36.18124995397008,36.030639866455715,1.3008728487692454,32.908019000000024,41.90766566000002,0.5858662574281038,7.978502251775284,1.0
Y2022_LAT23.91365_LON90.19566,2022,90.19565504647575,23.913648339915518,21,36.10625761897903,36.202354878846165,0.8855449154376671,32.89605593000002,38.57851418000001,0.6211878330853616,6.99469879858257,1.0
Y2022_LAT23.91383_LON90.20547,2022,90.20546849904862,23.91382716245591,21,36.79494973765409,36.53254036323945,1.3031887901323076,33.03448574000001,42.652794020000016,0.6004503738541255,6.189396185393795,1.0
Y2022_LAT23.91401_LON90.21528,2022,90.21528204750622,23.914005359878427,21,38.3717129981042,38.65191166210527,2.3335755025941256,32.49443858000001,44.047346180000005,0.4865719169549631,4.968097496929403,1.0
Y2022_LAT23.91418_LON90.2251,2022,90.2250956914889,23.914182932130917,21,37.314908387827565,37.44635609107144,2.986815859257582,29.52417920000005,48.88384447999999,0.4217867490817662,4.056696737396416,1.0
Y2022_LAT23.91436_LON90.23491,2022,90.23490943068923,23.91435987920369,21,38.51636347494041,38.40499940000002,1.7029493134920015,34.19490353000003,43.24069346000002,0.4497131993856839,5.606507560035565,1.0
Y2022_LAT23.91454_LON90.24472,2022,90.24472326485738,23.914536201057746,21,39.350183001090485,38.9708133564286,2.2783009901190288,33.51642656000001,49.355531240000005,0.55819961544497,5.034104866375832,1.0
Y2022_LAT23.91471_LON90.25454,2022,90.25453719364454,23.914711897814605,21,38.38502404301614,38.480176820810826,1.8931449508768843,34.24446482000002,44.33958689000002,0.5358300015819731,4.856002851778116,1.0
Y2022_LAT23.91489_LON90.26435,2022,90.26435121660649,23.91488696920912,21,39.04522532698783,38.86273300632654,1.2666815276812609,35.92954867999998,42.27168479000002,0.5923216806761546,4.360499343526308,1.0
Y2022_LAT23.91506_LON90.27417,2022,90.27416533338909,23.915061415381363,21,37.47056832672349,37.62234186532969,1.545654716965201,33.31305437000003,41.16424631000004,0.6211130949467206,6.791096663984282,1.0
Y2022_LAT23.91524_LON90.28398,2022,90.2839795439219,23.915235236192398,21,37.65942901129444,38.03461079230771,1.46403722108402,32.35771778000003,40.95403808000003,0.5808602857031473,7.633002978837535,1.0
Y2022_LAT23.91541_LON90.29379,2022,90.2937938475782,23.91540843172261,21,39.69365439404171,39.475011997142865,1.9749597604383933,34.55721365000002,45.57178310000003,0.5361509872596102,6.888801829655676,1.0
Y2022_LAT23.91558_LON90.30361,2022,90.3036082440733,23.915581001930963,21,40.91480489672512,41.28076058000003,2.168445956653002,36.03892532000003,46.180190659999994,0.4950656285905348,5.7934013807123685,1.0
Y2022_LAT23.91575_LON90.31342,2022,90.31342273328266,23.91575294669763,21,42.253297219586955,42.32001458750002,2.37837865441998,34.770839900000055,51.46444958000001,0.36609733080024054,8.293902559541444,1.0
Y2022_LAT23.91592_LON90.32324,2022,90.32323731461811,23.915924266097917,21,37.77696827734303,38.280047790714306,2.550992210253907,31.879194980000022,42.28193885000002,0.5246199435731893,8.971895161859576,1.0
Y2022_LAT23.91609_LON90.33305,2022,90.33305198782428,23.916094960058114,21,31.52914349562264,30.906567230000014,2.638095705770774,28.40135963,41.80170704,0.20569832583383482,7.287599000465871,1.0
Y2022_LAT23.91627_LON90.34287,2022,90.34286675264342,23.91626502868802,21,31.364024413294057,31.204538150000015,1.5288838871570036,28.739743610000005,35.24252666000001,0.2663889870699117,6.730397554812012,1.0
Y2022_LAT23.91643_LON90.35268,2022,90.35268160867729,23.916434471708154,21,33.595019140272164,33.547188740000024,1.0245303880151708,31.168246820000036,36.295276820000026,0.41770743880730016,6.358961802154748,0.05123591317064765
Y2022_LAT23.92029_LON90.06789,2022,90.06788530164413,23.92028727869885,21,36.52309129406761,36.449657390000034,1.0549705798802183,34.488853250000005,40.42766300000005,0.6215452471582619,6.104511299408468,0.38373788334812914
Y2022_LAT23.92047_LON90.0777,2022,90.077698156294,23.920474304845623,21,36.65766461870603,37.026344688636385,2.0034091161402663,32.532036800000014,41.883739520000006,0.6130856298816163,6.2982223776273285,1.0
Y2022_LAT23.92066_LON90.08751,2022,90.08751111119,23.92066070591179,21,38.46290198449188,38.27049799307696,2.3278316513747974,33.54377072,45.20947297999999,0.5029635340583218,6.358899245763815,1.0
Y2022_LAT23.92085_LON90.09732,2022,90.09732416609907,23.920846481884332,21,36.77093113984908,36.90075464857146,1.579961525402346,33.14215337000002,42.11616488000004,0.5559128445860827,5.913995192935521,1.0
Y2022_LAT23.92103_LON90.10714,2022,90.10713732055757,23.921031632657122,21,35.603636995047786,35.5336765125532,2.3174771130784206,28.061266640000014,42.488729060000026,0.503311411849626,6.6318841500430645,1.0
Y2022_LAT23.92122_LON90.11695,2022,90.11695057441325,23.921216158393985,21,33.645600429311024,33.408194956700015,1.6627780715738592,29.500253059999977,42.22725052999999,0.6169838033961048,7.686397278114442,1.0
Y2022_LAT23.9214_LON90.12676,2022,90.12676392713566,23.92140005884229,21,34.84168145972185,34.405233832142876,1.7214731210898557,29.643809900000008,41.27191394000005,0.5714900235406312,7.9339928635210155,1.0
Y2022_LAT23.92158_LON90.13658,2022,90.13657737857478,23.9215833342621,21,33.374554940468855,33.41264517191784,1.3855394005958426,27.620342059999984,38.65541963000001,0.6017268569561882,5.390375954710378,1.0
Y2022_LAT23.92177_LON90.14639,2022,90.14639092827193,23.921765984405067,21,36.21808527535759,36.33517848826089,2.099007546492936,31.961227460000032,44.61473750000005,0.5733972765267304,5.377898091644811,1.0
Y2022_LAT23.92195_LON90.1562,2022,90.15620457582648,23.92194800928787,21,37.333692842821314,37.27624856000001,1.6592464759943526,31.879194980000022,43.48337288000005,0.5310791432703942,8.131195448465233,1.0
Y2022_LAT23.92213_LON90.16602,2022,90.16601832120915,23.92212940888181,21,36.57126526905824,36.597229307980776,1.3735379429054726,33.249821,42.791223830000035,0.5306635638851589,9.860594638092412,1.0
Y2022_LAT23.92231_LON90.17583,2022,90.17583216369981,23.922310183155794,21,34.91883325052873,34.90736722716982,1.7048275370713881,30.255635480000024,39.29288036000003,0.6264767545240402,5.283915988232875,0.9801999767058549
Y2022_LAT23.92249_LON90.18565,2022,90.18564610319386,23.922490332086976,21,34.829855664610825,34.85934220357145,1.2912735492408225,31.31180366000001,38.95620539000004,0.5996326717244088,3.960558650800199,0.9837999809411541
Y2022_LAT23.92267_LON90.19546,2022,90.19546013933515,23.9226698557382,21,36.32187473425595,36.09316390052634,1.5056216814844423,32.97979742000004,43.18942316000005,0.6021692644592092,6.342403964253952,1.0
Y2022_LAT23.92285_LON90.20527,2022,90.20527427173054,23.9228487540319,21,37.37584600004546,36.84618672849318,2.286429259179627,33.46173824000002,47.05691279000001,0.5468950173015685,6.746302054473007,1.0
Y2022_LAT23.92303_LON90.21509,2022,90.21508850007542,23.923027026920437,21,36.796607827776086,36.65199381636366,2.8210168827069957,29.30884394000003,43.96702271000004,0.5311646432462888,3.4982583348375287,0.9189999047057701
Y2022_LAT23.9232_LON90.2249,2022,90.22490282402647,23.92320467436388,21,34.53028601790914,34.46786214891306,1.953478852876812,29.230229480000048,39.706460780000015,0.43788671300511167,4.509102395775982,1.0
Y2022_LAT23.92338_LON90.23472,2022,90.23471724324217,23.923381696428333,21,37.016778525254104,36.903769830500025,2.044668453950383,32.43975025999998,43.12448078000003,0.5384450789275919,5.728302033296507,1.0
Y2022_LAT23.92356_LON90.24453,2022,90.24453175737668,23.923558092970506,21,36.789035952661486,36.52802261937502,1.4332776541363386,34.24788283999999,42.333209150000044,0.5836758568418499,5.794302110943659,1.0
Y2022_LAT23.92373_LON90.25435,2022,90.25434636615259,23.92373386398265,21,39.1420943435213,39.27567632600002,1.6771266419182997,34.55037761,43.61838467000001,0.4832873266214118,5.608805217906911,1.0
Y2022_LAT23.92391_LON90.26416,2022,90.26416106922473,23.92390900955616,21,39.41288123200152,39.60107183000001,1.790322087981432,34.497398299999986,43.978985780000016,0.4348811564965175,6.430401682825507,1.0
Y2022_LAT23.92408_LON90.27398,2022,90.27397586614127,23.92408352950021,21,38.033487244506624,37.83998881318184,1.7933922016111783,33.728343800000005,41.923046750000026,0.5476467883726924,5.812199779058563,1.0
Y2022_LAT23.92426_LON90.28379,2022,90.28379075666041,23.9242574239903,21,37.901251760868156,37.5249502057143,1.9542807975493546,31.36307396000001,43.24752950000004,0.5413715960697091,5.176291417841969,1.0
Y2022_LAT23.92443_LON90.29361,2022,90.29360574054748,23.924430692810738,21,36.65277087378306,36.59512262450002,1.753327580493757,33.42926705000002,41.72480159,0.5933229458032789,7.708399656940773,1.0
Y2022_LAT23.9246_LON90.30342,2022,90.30342081726704,23.924603336033616,21,40.80669506865387,40.91861496363638,2.135518437725248,35.78599184000004,48.449755940000045,0.39386050487665664,5.505500594706579,1.0
Y2022_LAT23.92478_LON90.31324,2022,90.31323598660447,23.924775353675173,21,39.70673002272368,39.97306634000001,2.7214592884211934,33.57453290000001,48.33012524000003,0.43239050005500934,5.830894498327057,1.0
Y2022_LAT23.92495_LON90.32305,2022,90.32305124818397,23.924946745615596,21,37.51665702875547,37.02967639500001,1.8735024104046862,34.02571154000003,43.03732127000001,0.5485814072483259,8.303999181175502,1.0
Y2022_LAT23.92512_LON90.33287,2022,90.33286660165298,23.925117511913353,21,33.59815459660048,33.78443040090911,2.3320071619766547,28.782468859999994,39.95426723000003,0.3597595789173234,8.530601800707998,1.0
Y2022_LAT23.92529_LON90.34268,2022,90.34268204675328,23.925287652394083,21,33.6760839483943,33.657341007615415,1.3619547108522954,28.98413204000002,37.08996647000001,0.37632103739067885,7.055200259765931,1.0
Y2022_LAT23.92546_LON90.3525,2022,90.35249758312685,23.925457167268462,21,32.868737538187716,33.14300787500002,1.7221019473106052,29.585703560000013,36.43883366,0.1909077591909414,5.445582240557931,0.14579134102113364
Y2022_LAT23.92931_LON90.06768,2022,90.06768145807496,23.92930777409205,21,35.28035048963697,35.078949988571445,1.071294420231872,33.413885960000016,38.71865300000002,0.6384656256192629,7.791197197957543,0.5976135663564737
Y2022_LAT23.92949_LON90.07749,2022,90.0774949924864,23.92949487938198,21,34.270123188554074,34.23430070789475,1.2846955492587657,31.197299990000005,37.32068282,0.6285571384613602,5.745924033095493,1.0
Y2022_LAT23.92968_LON90.08731,2022,90.08730862722784,23.929681359316312,21,34.60938220671291,34.406674283428586,1.9905142401653204,29.99928398000003,42.83907611000001,0.6110746533841226,8.168000197647313,1.0
Y2022_LAT23.92987_LON90.09712,2022,90.09712236206408,23.929867213915298,21,35.38128921463852,35.487814568947385,1.6197012194633786,31.66727774000003,39.494543539999995,0.5722206224754278,8.707298479174714,1.0
Y2022_LAT23.93005_LON90.10694,2022,90.10693619646736,23.930052443185215,21,34.37098064701949,34.20759903285717,1.258173655865138,31.14432068000002,37.59583343,0.5695469618266912,7.930802027303691,1.0
Y2022_LAT23.93024_LON90.11675,2022,90.11675013023752,23.930237046970703,21,31.208303586477104,31.10131059500002,1.743775652944103,26.092487119999987,35.98594601000002,0.6297688899432006,4.909399893411654,1.0
Y2022_LAT23.93042_LON90.12656,2022,90.12656416296012,23.930421025382827,21,32.34972199841795,32.84680226180001,1.7312385894481428,28.09373783000001,36.12266681,0.6228602905162047,5.1962002308238135,1.0
Y2022_LAT23.9306_LON90.13638,2022,90.13637829441423,23.930604378231934,21,33.159352169579385,33.10626416000003,1.1329298740462959,30.537622130000045,36.185900180000004,0.6431405916956261,5.8661040757838965,1.0
Y2022_LAT23.93079_LON90.14619,2022,90.14619252409949,23.930787105600274,21,34.39055773932553,34.60042718857146,2.1367872225720657,27.20505263000004,39.25528214000002,0.6100762463158035,4.995199994352945,1.0
Y2022_LAT23.93097_LON90.15601,2022,90.15600685182127,23.93096920750875,21,37.52092825993286,37.029439032500015,2.312446872177974,32.55596294000003,44.081526380000014,0.5786529324803984,6.871299848588073,1.0
Y2022_LAT23.93115_LON90.16582,2022,90.16582127721317,23.93115068394927,21,36.16215039859842,36.33055566928574,0.9824390147938037,32.11162034000006,38.558006060000025,0.582418231496795,7.816010898874844,1.0
Y2022_LAT23.93133_LON90.17564,2022,90.17563579985985,23.931331534791155,21,34.99090261293907,35.656731525961554,1.8793559434014704,28.68676430000005,38.173478810000006,0.5809198475827382,5.6041018871787,1.0
Y2022_LAT23.93151_LON90.18545,2022,90.18545041956013,23.93151176005887,21,34.26987017021335,34.59182110250003,1.884643563245489,29.233647500000018,37.82825879000001,0.5861016937340168,5.230499094704832,1.0
Y2022_LAT23.93169_LON90.19527,2022,90.19526513579697,23.931691359646724,21,35.55148838845302,35.70234029789475,1.0318678621335802,29.93775962000001,37.55652620000001,0.6441042688924994,6.079800375531194,1.0
Y2022_LAT23.93187_LON90.20508,2022,90.20507994855271,23.931870333590116,21,35.26183326212195,35.53573333217393,1.5485910247480692,30.761502440000015,41.36761850000005,0.5710459931125171,5.622899556352434,1.0
Y2022_LAT23.93205_LON90.21489,2022,90.21489485704817,23.932048681917674,21,32.69505114069339,32.279366244615396,2.318070924927385,26.98800835999998,41.83246922000001,0.4665961838676719,4.712167037909462,0.991899990470577
Y2022_LAT23.93223_LON90.22471,2022,90.22470986128958,23.932226404551212,21,34.03887360478282,33.718700100714294,2.1682768659720666,29.683117130000028,41.230897700000014,0.4569737632218276,5.93249968235146,1.0
Y2022_LAT23.9324_LON90.23452,2022,90.23452496079805,23.93240350148894,21,35.1362151129351,35.02962764829789,1.980752133775257,30.91531334000001,42.30415598000002,0.5591914016538917,6.0372000437647655,1.0
Y2022_LAT23.93258_LON90.24434,2022,90.2443401553406,23.9325799727201,21,34.59822318866241,34.48343156310347,0.9562161757926612,31.807416560000007,38.43495734000001,0.5979448014075516,6.805500947648184,1.0
Y2022_LAT23.93276_LON90.25416,2022,90.25415544444176,23.9327558182226,21,36.23097079789476,35.78019858576274,1.9208741226390462,32.217578960000026,42.64253996000002,0.5852525471061547,7.3591969844564105,1.0
Y2022_LAT23.93293_LON90.26397,2022,90.26397082788185,23.93293103780714,21,39.905626248999596,39.90746664846156,2.5573574778601706,33.95906015000003,45.64014350000002,0.4500387071960891,6.414695781995049,1.0
Y2022_LAT23.93311_LON90.27379,2022,90.2737863052287,23.933105631695824,21,40.58277558206696,40.2166409557143,2.159000645356339,34.06843679000002,47.256866960000025,0.4517464708252782,5.565899489293531,1.0
Y2022_LAT23.93328_LON90.2836,2022,90.28360187622492,23.933279599675004,21,40.692974575984,40.96967552150004,1.9994195094526233,34.99301120000001,45.75635618000001,0.36670162410788243,4.3474969293973205,1.0
Y2022_LAT23.93345_LON90.29342,2022,90.29341754059122,23.933452941948936,21,40.438437134471464,40.57835309913045,1.5075850585241992,36.437124650000015,43.99094885000005,0.39019102831597957,5.557601832472734,1.0
Y2022_LAT23.93363_LON90.30323,2022,90.303233297789,23.933625658220567,21,39.89475539450132,39.59740457937501,2.2679927062223304,31.25711534000004,45.21289100000001,0.4110234022248433,4.936802278590917,1.0
Y2022_LAT23.9338_LON90.31305,2022,90.31304914771525,23.933797748639137,21,38.59496427888108,38.40863858600002,2.5866615168203664,31.25711534000004,45.882822920000024,0.4940461631865743,4.806799090819265,1.0
Y2022_LAT23.93397_LON90.32287,2022,90.32286508980216,23.933969213126904,21,35.92560824518748,35.893374635000015,0.9348391582207516,33.47882834000001,38.34437980999999,0.5806792166988399,8.820102141296648,1.0
Y2022_LAT23.93414_LON90.33268,2022,90.33268112394374,23.93414005168791,21,34.15957158659408,33.97914101750003,0.9425976434125066,31.646769619999986,37.25915845999998,0.4532856322940642,8.155199006116492,1.0
Y2022_LAT23.93431_LON90.3425,2022,90.34249724966791,23.934310264303605,21,33.07506451458828,33.39147894000001,1.2117968526593879,28.65942014000001,35.54331242000001,0.3049784232768221,7.536638045498825,1.0
Y2022_LAT23.93448_LON90.35231,2022,90.35231346652779,23.93447985089774,21,32.469956856276504,32.55938096000002,1.0136798192651644,29.677990099999988,34.45980008000001,0.27516875192125073,6.465912578368188,0.08165347481017705
Y2022_LAT23.93833_LON90.06748,2022,90.06747751374465,23.938328257252962,21,35.79091491505973,35.72558205173915,1.134591761112717,33.422431010000025,39.91496000000001,0.6331973763760268,9.06383276902034,0.6414688611363824
Y2022_LAT23.93852_LON90.07729,2022,90.07729172843332,23.938515441761226,21,36.036708176713226,36.101981895862096,1.7193667250888323,30.481224800000007,40.60198202000004,0.6692298827603074,7.282202504482393,1.0
Y2022_LAT23.9387_LON90.08711,2022,90.08710604329207,23.938702000645563,21,36.11906830563109,35.96385272130436,2.1500147400846985,30.306905780000022,41.52142939999999,0.520258690716386,6.062802648483055,1.0
Y2022_LAT23.93889_LON90.09692,2022,90.09692045837127,23.938887933835517,21,35.19113545803191,34.91063691800002,1.8248047306889859,31.14432068000002,40.30461428000001,0.4748780941762253,8.02869778210722,1.0
Y2022_LAT23.93907_LON90.10673,2022,90.10673497303367,23.939073241416285,21,34.942270283418324,35.01505742900001,1.2319533289198668,32.4124061,39.231356000000005,0.5836570840891944,8.623406463089246,1.0
Y2022_LAT23.93926_LON90.11655,2022,90.11654958707904,23.939257923351963,21,35.79150474415734,36.28309623963638,2.0850215937632712,28.970459960000028,38.56484209999999,0.5434483751272177,6.239701128005314,1.0
Y2022_LAT23.93944_LON90.12636,2022,90.12636430010852,23.939441979547208,21,33.16664623043597,33.149416662500016,1.6332367511678623,30.125750720000042,38.32216268000002,0.6298911009690858,7.989711716290433,1.0
Y2022_LAT23.93963_LON90.13618,2022,90.1361791119022,23.939625410110324,21,32.76343619047929,32.39235036500003,1.482554100561781,29.73951446000001,37.46423966000003,0.6246952870963239,4.951917328550693,0.9504997670577274
Y2022_LAT23.93981_LON90.14599,2022,90.14599402201988,23.93980821480279,21,34.99555048514542,35.28318931172416,1.6537589838582043,30.12404171,38.414449219999995,0.6219755170815245,6.480704615080548,1.0
Y2022_LAT23.93999_LON90.15581,2022,90.15580903010611,23.9399903938047,21,35.52735542912135,35.7277676372414,1.4718604219337574,31.47586862000003,38.48280962000001,0.6082751920566066,7.152400717179851,1.0
Y2022_LAT23.94017_LON90.16562,2022,90.1656241359553,23.94017194692044,21,34.58425463824178,34.78109396000002,1.7377303486661457,29.028566299999994,38.29140050000001,0.6069914416814662,5.739499950588011,1.0
Y2022_LAT23.94035_LON90.17544,2022,90.17543933906119,23.940352874256657,21,35.24074397724807,35.66167718666667,1.739291163165757,28.355216360000014,38.00428682000006,0.6511353461422039,3.673196109158163,1.0
Y2022_LAT23.94053_LON90.18525,2022,90.18525463917793,23.940533175734274,21,34.007001845824036,34.47230857872343,2.144908972893122,28.088610800000026,38.75112419000004,0.5391546333984397,4.470988098767526,1.0
Y2022_LAT23.94071_LON90.19507,2022,90.19507003610771,23.940712851366772,21,33.13847158417668,32.95225220000002,1.2738822343178173,30.51369599000003,36.93102854000003,0.579255567929509,7.246202335069822,1.0
Y2022_LAT23.94089_LON90.20489,2022,90.20488552924164,23.9408919011051,21,33.9832377207344,33.69701195000004,1.6918370579606685,30.829862840000033,38.14613465000002,0.5889605726005559,6.00649767763614,1.0
Y2022_LAT23.94107_LON90.2147,2022,90.21470111838693,23.941070324893516,21,32.865840957471164,32.90533341285716,0.9511763167122536,30.385520240000005,38.90664410000005,0.5590832286600336,6.103105191083253,1.0
Y2022_LAT23.94125_LON90.22452,2022,90.22451680325467,23.94124812277844,21,33.9408381894673,33.90546480151165,1.5539528079196696,30.968292650000024,38.968168460000015,0.4560630004132828,5.9924011407112605,1.0
Y2022_LAT23.94143_LON90.23433,2022,90.23433258346124,23.941425294618774,21,33.34795549412866,32.66642414403847,2.087372172235643,30.040300220000006,40.33366745000001,0.39219421591166703,5.834596868691151,1.0
Y2022_LAT23.9416_LON90.24415,2022,90.24414845858257,23.94160184052209,21,33.26637257232998,33.26298037700002,1.461327123407153,29.729260400000044,36.69005813000004,0.33835855611097077,4.482497564694423,1.0
Y2022_LAT23.94178_LON90.25396,2022,90.25396442841975,23.941777760279727,21,34.155538702070814,34.175702300000026,1.521616436126706,30.935821460000057,38.759669239999994,0.5618852932772298,7.836707466858683,1.0
Y2022_LAT23.94195_LON90.26378,2022,90.26378049259982,23.94195305417155,21,36.97932949152272,36.341647958000024,2.418455399425699,33.08233802000001,44.74974929000004,0.5207349082305075,9.291308429686737,1.0
Y2022_LAT23.94213_LON90.2736,2022,90.27359665073752,23.942127721924884,21,41.033636331209664,41.208415378793106,1.8026762445053066,34.69393445000003,45.48804161000004,0.3677222020287726,7.663507828272138,1.0
Y2022_LAT23.9423_LON90.28341,2022,90.2834129024596,23.942301763599044,21,43.9390699867707,43.17118047186049,3.5108479868127165,37.274539550000014,55.138821080000014,0.32952513617927054,5.879801787302539,1.0
Y2022_LAT23.94248_LON90.29323,2022,90.29322924770673,23.942475179096554,21,41.77899774899479,42.03780360666669,2.0823742740254163,36.33629306,46.306657400000006,0.3913584673238441,4.933999689410303,1.0
Y2022_LAT23.94265_LON90.30305,2022,90.30304568573182,23.942647968534864,21,38.87450921459164,38.96423451245285,1.7204191310030659,34.587975830000005,44.40282026,0.4761025143858716,3.9985070517978922,1.0
Y2022_LAT23.94282_LON90.31286,2022,90.31286221645671,23.942820131722108,21,37.32881391768173,37.22305107851066,1.7292790052729767,31.95097340000001,44.40282026,0.558750666748427,4.59699927999662,1.0
Y2022_LAT23.94299_LON90.32268,2022,90.32267883952481,23.942991668730105,21,36.222503570544546,35.95279121600003,1.3304913943349277,33.57453290000001,41.36761850000005,0.5659684054876956,9.272510694167975,1.0
Y2022_LAT23.94316_LON90.3325,2022,90.33249555454867,23.943162579535592,21,34.83203207514724,34.95178133375002,0.7830352182847815,32.06376806000003,36.502067030000006,0.3942030114522428,9.95500684709106,1.0
Y2022_LAT23.94333_LON90.34231,2022,90.34231236127957,23.94333286412143,21,33.083695298747564,33.40457730978725,1.6402607419215758,27.753644839999993,35.99449106000003,0.3921709027206758,7.450850788425081,0.9841285133683739
Y2022_LAT23.9435_LON90.35213,2022,90.35212925913545,23.943502522483644,21,30.798610443973704,30.43679054000006,0.8694991473665928,29.57203148000002,32.22270599000004,0.12095813156644762,5.272807017543858,0.004026262533508043
Y2022_LAT23.94716_LON90.05746,2022,90.05745867441148,23.94716083880053,21,,,,,,,,0.0
Y2022_LAT23.94735_LON90.06727,2022,90.067273468832,23.94734872830013,21,36.78269247484237,37.01613723800001,1.2672747649489895,33.321599419999984,39.32706056000001,0.6288163834200602,6.9988001740205625,0.786107711138311
Y2022_LAT23.94754_LON90.07709,2022,90.07708836392115,23.94753599191719,21,38.19673899995539,38.53657222625004,2.47121989256383,30.857207000000017,42.07173062000004,0.5874995357965689,4.4814952070362715,1.0
Y2022_LAT23.94772_LON90.0869,2022,90.08690335938364,23.947722629629236,21,37.78396723652407,38.782516005263176,2.721764229404996,30.860625020000043,42.14692706000005,0.5499453207052933,3.873601027765914,1.0
Y2022_LAT23.94791_LON90.09672,2022,90.09671845494364,23.947908641565324,21,34.45077471116914,34.343850324615396,1.7748390841775743,29.129397890000007,39.38174888000003,0.5535123726826651,6.031898861057485,1.0
Y2022_LAT23.94809_LON90.10653,2022,90.10653365022651,23.948094027544432,21,34.74634036233012,34.90845404613638,1.4684341381595691,29.129397890000007,37.76844344,0.5700164743193498,8.45170683156156,1.0
Y2022_LAT23.94828_LON90.11635,2022,90.11634894491192,23.948278787560028,21,35.77769391313667,35.88961999181819,1.2587653293510261,32.579889080000044,38.50844477000001,0.5891313730236394,7.083100097764817,1.0
Y2022_LAT23.94846_LON90.12616,2022,90.12616433862213,23.948462921613686,21,34.082366633244476,33.918701221538484,1.325616592168249,31.058870179999985,38.11537247000004,0.626429568742376,7.587901868119846,1.0
Y2022_LAT23.94865_LON90.13598,2022,90.13597983105984,23.948646429658158,21,33.49302947004065,33.45319319000002,1.5037832354139837,29.12768888000005,36.94128260000002,0.6464060276207436,3.5650705847113797,0.9072995637626529
Y2022_LAT23.94883_LON90.1458,2022,90.14579542184372,23.948829311813448,21,34.34672881942195,34.42305636500002,1.221850848983333,31.39383614000002,37.88123810000002,0.5784523761105855,6.506400595765406,1.0
Y2022_LAT23.94901_LON90.15561,2022,90.15561111075377,23.949011567798742,21,34.673361922363846,34.79345141692309,1.2803622809896058,31.181918900000028,37.75477136000001,0.4561967856068238,6.1908990481165285,1.0
Y2022_LAT23.94919_LON90.16543,2022,90.1654268972933,23.949193197765204,21,33.254705689230995,33.55164078285718,1.76288259830819,21.474742100000043,37.676156900000024,0.612625569505273,6.546302570835631,1.0
Y2022_LAT23.94937_LON90.17524,2022,90.17524278123004,23.949374201629876,21,32.079674164521485,32.44569110428573,2.811497811035638,21.474742100000043,37.95985256000006,0.6085469693094104,5.120000141176634,1.0
Y2022_LAT23.94955_LON90.18506,2022,90.18505876224124,23.94955457943429,21,33.17556183647289,33.61213112000001,2.0036343027061365,28.994386100000042,36.93615556999998,0.6312055655971422,7.972699967882314,1.0
Y2022_LAT23.94973_LON90.19487,2022,90.19487484000675,23.94973433102749,21,34.77453962448112,34.857783079620276,1.0159838347834802,30.51369599000003,36.86608616000001,0.6148510143820757,8.380804144960685,1.0
Y2022_LAT23.94991_LON90.20469,2022,90.2046910139725,23.94991345649013,21,33.66475883596432,33.67066471250001,1.1217966027035366,30.23683637000005,36.06797849,0.645714371587966,6.920799906823419,1.0
Y2022_LAT23.95009_LON90.21451,2022,90.21450728412792,23.950091955740824,21,33.424784548747304,33.42277281200003,1.0733166234385032,29.889907340000036,36.148301960000026,0.562384338528235,4.353400415765196,1.0
Y2022_LAT23.95027_LON90.22432,2022,90.22432364986126,23.950269828777618,21,33.01377914268701,32.985114340000024,1.1344742185844523,30.14967686,36.459341780000045,0.5922496391569511,6.3517040080188645,1.0
Y2022_LAT23.95045_LON90.23414,2022,90.23414011106804,23.95044707559433,21,32.068719196473296,31.830565877272747,1.1847447885279374,29.257573640000032,35.62705391000003,0.3985066170384622,5.659298422704026,1.0
Y2022_LAT23.95062_LON90.24396,2022,90.24395666719467,23.95062369614407,21,33.7201353308678,33.831541711538485,1.4146945836951748,29.883071299999983,37.32068282,0.515009920857599,4.318900375176912,1.0
Y2022_LAT23.9508_LON90.25377,2022,90.25377331809902,23.950799690482313,21,34.201592906092884,34.15992986107144,1.3825642546343346,30.08473448000001,38.178605840000046,0.46349820199365516,3.94169737269352,1.0
Y2022_LAT23.95098_LON90.26359,2022,90.26359006331022,23.95097505840862,21,37.353328558433816,37.07180823875001,4.634840912427038,29.67457208000002,50.36897417000003,0.4735396055521855,4.933699921999906,1.0
Y2022_LAT23.95115_LON90.27341,2022,90.27340690258569,23.951149800035324,21,40.772944333319124,41.40991649750002,3.0508056429067176,34.46492711000002,48.71465249000002,0.4436287240492369,2.382595744230287,1.0
Y2022_LAT23.95132_LON90.28322,2022,90.28322383542117,23.951323915316387,21,41.8295820612162,42.81115015936172,4.800361183098673,33.02594069,55.06020662000003,0.46819668834696887,4.474192819730918,1.0
Y2022_LAT23.9515_LON90.29304,2022,90.29304086174535,23.951497404204595,21,40.25665318016819,40.52954628846157,2.0628983906842966,34.94003189,44.40452927000001,0.5023713975502954,5.417999315293312,1.0
Y2022_LAT23.95167_LON90.30286,2022,90.30285798102922,23.951670266684594,21,37.26591160672296,36.90790708627111,1.9569331766667586,33.400213880000024,42.73824452000002,0.5841125886549963,3.7365145578598913,0.43050905376273707
Y2022_LAT23.95184_LON90.31268,2022,90.31267519299199,23.951842502758858,21,38.03511611098003,37.94788949000002,1.7995366014005616,34.79305703000003,41.76410882000005,0.5294196620546573,6.310584837901546,0.29026099166803987
Y2022_LAT23.95201_LON90.32249,2022,90.32249249722054,23.952014112410495,21,35.29126625660366,34.53192098393707,2.0001011746099184,31.80058052000004,41.87690348000001,0.5609977653345075,9.71852166255445,0.9109285115485791
Y2022_LAT23.95219_LON90.33231,2022,90.33230989353223,23.952185095488655,21,34.33778247866852,34.39419133578679,0.7428911214173304,32.09282123,36.53453822000006,0.4787489439170194,10.232091644117503,0.4506798498634456
Y2022_LAT23.95236_LON90.34213,2022,90.34212738156036,23.95235545215825,21,32.561508950957915,32.57629360490957,0.9034472090853891,29.339606119999985,34.77254891000001,0.4899284955327923,8.116888457807946,0.4750171393187033
Y2022_LAT23.95599_LON90.04744,2022,90.04743847386032,23.955992623041222,21,34.74989709479307,34.69564346000004,0.42235846750724104,33.77277806000001,35.52793133000003,0.5999016579533314,6.972885422915422,0.029681357187624692
Y2022_LAT23.95618_LON90.05725,2022,90.0572538479042,23.95618121808232,21,36.085891858633914,36.098171000000015,0.42909869263055567,34.692225440000016,37.03015112000003,0.6392211977405441,5.110589279440855,0.1946811229540365
Y2022_LAT23.95637_LON90.06707,2022,90.06706932315382,23.95636918701169,21,36.93148458478808,37.172691791891914,1.096465174707774,32.631159379999986,38.81435756000002,0.603687478941561,4.933546165642694,0.3809686534313665
Y2022_LAT23.95656_LON90.07688,2022,90.07688489900916,23.956556529803077,21,37.24956846970305,37.589745685339,2.2356749752201512,31.01785394000001,40.98480026000004,0.5946853285449724,3.805215840361597,0.9368736008112188
Y2022_LAT23.95674_LON90.0867,2022,90.08670057538667,23.956743246538494,21,36.524177059233295,36.03307524730772,2.234608546924898,31.91679320000003,42.081984680000005,0.5287485280122849,5.502200590824237,1.0
Y2022_LAT23.95693_LON90.09652,2022,90.09651635184042,23.956929337096245,21,35.66549097341299,35.67096803652176,1.279484150547512,31.616007440000033,39.573158000000035,0.5370569508917006,7.741897343408663,1.0
Y2022_LAT23.95711_LON90.10633,2022,90.10633222802885,23.9571148014168,21,35.53764963697109,35.579503220000014,1.14111810269238,31.75272824000001,38.43837536000001,0.6310654269191402,9.182796154334872,1.0
Y2022_LAT23.9573_LON90.11615,2022,90.11614820364301,23.957299639595977,21,35.353232963620016,35.21714786150002,1.2943809252684741,31.83817873999999,40.74041183000003,0.612630150971731,6.888096338936879,1.0
Y2022_LAT23.95748_LON90.12596,2022,90.125964278366,23.957483851585305,21,32.420071290298964,32.7058675314286,1.5161448412621934,28.55687954000001,36.160265030000005,0.6338666279318999,5.271002671767864,1.0
Y2022_LAT23.95767_LON90.13578,2022,90.13578045187357,23.957667437253278,21,31.179385351123496,30.721107658181833,1.676142133419642,25.085880230000043,35.97398294000004,0.6785388120741972,4.863308768511863,1.0
Y2022_LAT23.95785_LON90.1456,2022,90.1455967236531,23.957850396592836,21,34.73934644783496,34.70155926384618,1.646926101972262,30.730740260000005,38.44862942000003,0.5913271470240135,7.196404936946998,1.0
Y2022_LAT23.95803_LON90.15541,2022,90.15541309367222,23.958032729743756,21,35.38534374108241,35.659919486923094,1.9456291815282236,30.26588953999999,38.98867658000003,0.48225407968216877,5.862896309289791,1.0
Y2022_LAT23.95821_LON90.16523,2022,90.16522956127949,23.958214436509994,21,34.808213271533425,35.21633422413046,2.0188639531170463,28.39623260000002,38.10170039000002,0.5836759610444043,6.400897180692629,1.0
Y2022_LAT23.9584_LON90.17505,2022,90.17504612638228,23.95839551692667,21,35.09112378406084,35.65854852285715,2.1409042472653663,27.83567732000006,39.494543539999995,0.5699609601674119,4.190899048116542,1.0
Y2022_LAT23.95858_LON90.18486,2022,90.18486278857263,23.958575970906242,21,35.1425569006298,35.13368713742858,1.2166290776975075,31.431434360000026,37.82996780000002,0.6385160787212285,8.724899676352576,1.0
Y2022_LAT23.95876_LON90.19468,2022,90.19467954745946,23.958755798577045,21,34.17870325738712,34.10783896500002,1.1316422928955876,30.908477300000015,37.92909038000005,0.6004654174118395,8.208910394872467,1.0
Y2022_LAT23.95893_LON90.2045,2022,90.20449640275629,23.958934999812023,21,34.166997965586404,34.13816439800001,1.02579627205604,30.908477300000015,36.606316640000045,0.6222271230893355,8.339706282007405,1.0
Y2022_LAT23.95911_LON90.21431,2022,90.21431335408627,23.959113574561474,21,33.87663967400854,33.861158291428595,1.4001899919768104,30.317159840000045,38.10170039000002,0.5601298663756603,6.466500548824172,1.0
Y2022_LAT23.95929_LON90.22413,2022,90.22413040115858,23.959291522849245,21,32.82540545587625,32.66658249636367,1.4058923826772194,29.04907442000001,36.29356781000001,0.5200500487038877,6.032297799048484,1.0
Y2022_LAT23.95947_LON90.23395,2022,90.23394754360976,23.959468844646736,21,32.44588550655622,32.42016237615387,1.2393073724316246,28.761960740000006,35.66123411000001,0.396918795441363,5.908298715645558,1.0
Y2022_LAT23.95965_LON90.24376,2022,90.24376478116957,23.959645539859693,21,33.4075306248666,33.66958014846156,1.102622486271961,28.44408487999999,34.991302190000056,0.47749585010902174,4.9182022567085495,1.0
Y2022_LAT23.95982_LON90.25358,2022,90.25358211343243,23.959821608556528,21,34.75811690406926,34.52733353967745,1.14641075642121,28.44408487999999,39.13565144000006,0.5773774940512284,3.8953065661485557,1.0
Y2022_LAT23.96_LON90.2634,2022,90.26339954000085,23.95999705072584,21,39.06156744015103,38.65695773900002,2.6352999340551677,33.78815915000001,46.453632260000006,0.49794040457516814,3.516201783766806,1.0
Y2022_LAT23.96017_LON90.27322,2022,90.27321706067328,23.960171866235015,21,39.70761338038994,39.52829648750002,2.487262820421747,34.08552689000001,45.105223369999976,0.42382258527267236,2.744203104943011,0.9175365867628982
Y2022_LAT23.96035_LON90.28303,2022,90.28303467507726,23.960346055135613,21,36.887220030647974,36.07347328164559,2.9915071157295157,30.73415828000003,50.08356950000001,0.6061820510927091,4.208727321327149,0.9621513303828811
Y2022_LAT23.96052_LON90.29285,2022,90.29285238283336,23.96051961737,21,37.09853030145594,36.78181882076924,1.745199933914073,32.72515493000003,44.12596064000002,0.5873601824279613,5.949449516984263,0.7195921890171535
Y2022_LAT23.96069_LON90.30267,2022,90.30267018363574,23.960692552967732,21,36.74559730895768,36.838742000000025,0.8092674841571941,35.04086348000004,38.00257780999999,0.5383367621793692,6.0,0.0526854785761184
Y2022_LAT23.96086_LON90.31249,2022,90.31248807715275,23.960864861899754,21,37.536634203776835,37.79236958000001,0.41921829125345256,37.09509350000002,38.09657335999998,0.4809900757580867,7.0,0.0008231615763720855
Y2022_LAT23.96104_LON90.32231,2022,90.32230606291132,23.96103654404865,21,36.85786443621624,37.38562520000005,1.3674615401050212,34.07014579999998,38.21962208000002,0.5732964373770217,7.375289575289576,0.027685926854992784
Y2022_LAT23.96482_LON90.03742,2022,90.0374169114705,23.96482360939133,21,38.494022684611814,38.626366459999986,0.45019025526072054,37.42322342,39.03994688,0.5811239191390245,5.0,0.010644033169942724
Y2022_LAT23.96501_LON90.04723,2022,90.04723286513152,23.965012910462278,21,35.55179757553752,35.17373900750003,1.61395699027973,32.35771778000003,39.162995600000045,0.5588893050588316,6.283156495644905,0.7883954742853825
Y2022_LAT23.9652_LON90.05705,2022,90.0570489202927,23.965201585135084,21,35.3706072398117,35.329795255744706,1.3833237940541319,31.98173558000002,39.68595266,0.5505038879799865,5.808994395267724,1.0
Y2022_LAT23.96539_LON90.06687,2022,90.06686507664904,23.965389633526623,21,36.77131609910807,36.78330338292685,2.868214650578187,31.62284348000003,41.07708680000002,0.5276171052196271,4.166098428698491,1.0
Y2022_LAT23.96558_LON90.07668,2022,90.0766813337264,23.965577055523735,21,36.22434061816553,36.22411985818182,2.165442758979086,31.236607219999996,41.58295376000001,0.5668837957270032,4.889295949627988,1.0
Y2022_LAT23.96576_LON90.0865,2022,90.08649769131077,23.96576385119665,21,35.609342459294346,35.39157829164558,1.074236714761716,32.795224340000004,39.59024810000005,0.6343808320095579,8.646407747801144,1.0
Y2022_LAT23.96595_LON90.09631,2022,90.0963141489496,23.965950020400243,21,35.11979430939876,35.105900805000026,0.8090745730823989,32.81573246000005,37.344608960000016,0.6749306256058664,9.402294834328613,1.0
Y2022_LAT23.96614_LON90.10613,2022,90.10613070638702,23.966135563209384,21,34.70621492084141,34.42397783085777,1.310991658874653,31.742474180000045,38.34608881999998,0.6413558367316587,8.340293366086424,1.0
Y2022_LAT23.96632_LON90.11595,2022,90.11594736339083,23.96632047948856,21,34.50165732576797,34.35660216846155,1.1576136777365111,31.583536250000037,38.16664277000004,0.621064819175651,9.738303474369273,1.0
Y2022_LAT23.9665_LON90.12576,2022,90.12576411937276,23.9665047693033,21,31.89448617162969,33.43320782600003,4.305006437451347,14.676300319999996,35.63901698000001,0.6990489949935612,4.477009303573185,1.0
Y2022_LAT23.96669_LON90.13558,2022,90.13558097420697,23.966688432586764,21,27.421957347618466,28.823616562307706,4.104362066286214,12.228998000000047,34.035965600000054,0.63640946769356,2.674699645645388,1.0
Y2022_LAT23.96687_LON90.1454,2022,90.14539792740979,23.96687146938734,21,33.2675280535026,33.343282484375024,2.1633899017659037,27.06149578999998,37.67273888,0.5751868564461263,5.240710544520195,1.0
Y2022_LAT23.96705_LON90.15521,2022,90.15521497878699,23.967053879535577,21,36.29872943253573,36.32799215428574,1.1600375159538834,32.484184519999985,38.78701339999998,0.5535048125908772,6.154193666793709,1.0
Y2022_LAT23.96724_LON90.16503,2022,90.16503212789496,23.967235663102,21,35.58725778221384,35.574598997394986,0.9093502831273644,32.19365282000001,38.393941100000006,0.6236085800165202,7.366407606624012,1.0
Y2022_LAT23.96742_LON90.17485,2022,90.17484937448165,23.96741682006917,21,34.76823694287408,34.92287802946704,1.4881426689717818,30.96316562000004,37.83509483000003,0.5886587322534732,5.864808775570692,1.0
Y2022_LAT23.9676_LON90.18467,2022,90.18466671814993,23.967597350440354,21,34.83758599573742,34.951688214615416,1.3286995332871199,32.121874400000024,38.46401051000001,0.703096662201444,6.205896263041223,1.0
Y2022_LAT23.96778_LON90.19448,2022,90.19448415855958,23.967777254098067,21,34.13096052745412,34.017508292000024,1.0097556995719126,31.137484640000025,36.62340674000001,0.6259537403476532,6.184599692233833,1.0
Y2022_LAT23.96796_LON90.2043,2022,90.20430169541568,23.967956531058125,21,34.84297350421444,34.922551159142884,1.3158708509254928,31.68265882999998,38.97500450000001,0.6071440044884054,5.764601245182314,1.0
Y2022_LAT23.96814_LON90.21412,2022,90.21411932832416,23.968135181275997,21,34.167422465591194,34.2158953320755,1.5889628204177424,30.26588953999999,38.89639004000003,0.5361412017379765,6.915999604704025,1.0
Y2022_LAT23.96831_LON90.22394,2022,90.2239370570402,23.96831320478585,21,33.77053621034407,33.73495932258066,0.9131655300104485,30.416282420000016,36.25255157000004,0.6053461838223971,7.666903138367685,1.0
Y2022_LAT23.96849_LON90.23375,2022,90.23375488121232,23.96849060152162,21,32.64926232049501,32.5540871973171,0.5502911553808805,31.26053336000001,34.73665970000002,0.485018769132677,6.327696836220392,1.0
Y2022_LAT23.96867_LON90.24357,2022,90.24357280032979,23.968667371477327,21,31.87581622720277,32.0196593257143,1.3315068309350282,28.878173420000053,35.60141876,0.43375294868950476,4.833601569889721,1.0
Y2022_LAT23.96884_LON90.25339,2022,90.25339081432813,23.968843514621888,21,33.62787741308138,33.96703553000002,1.8223305145351896,27.538309580000032,36.93102854000006,0.4963119859295418,3.561500289413126,1.0
Y2022_LAT23.96902_LON90.26321,2022,90.2632089227475,23.969019030884144,21,37.66624299112627,36.72867575947369,2.894338036055756,33.10968218000002,48.15751523,0.4846966703261266,2.1283102972422387,0.6585311321230991
Y2022_LAT23.96919_LON90.27303,2022,90.27302712508032,23.969193920349003,21,39.05146646290239,38.95278737000001,1.839205286257901,35.48862409999998,42.59297867000001,0.4875586281200796,2.083171227251113,0.08300352710271632
Y2022_LAT23.96937_LON90.28285,2022,90.28284542130831,23.969368182886846,21,38.61757605707923,38.10881524129912,1.8180633367531354,36.53966525000001,43.900371320000005,0.5459176413083895,2.0591195483184683,0.08741430058187967
Y2022_LAT23.97384_LON90.03721,2022,90.03721051980621,23.973843804404627,21,37.04019948944214,37.187380039999994,2.080901348324265,32.596979180000005,40.15422139999998,0.5853945535327152,5.905233140072894,0.1910340174831609
Y2022_LAT23.97403_LON90.04703,2022,90.04702715495428,23.97403318543268,21,34.803282814307785,34.705072480689665,1.4165190121270939,32.27568530000002,40.23625388000005,0.5784282832396468,7.65110024539833,0.9687943312969153
Y2022_LAT23.97422_LON90.05684,2022,90.05684389162556,23.974221939936697,21,34.98839417135358,35.142594548947386,1.3785490425089586,32.376516890000005,38.04530306000004,0.5410817185839389,7.60879953976416,1.0
Y2022_LAT23.97441_LON90.06666,2022,90.06666072936207,23.97441006783677,21,34.68862231590384,34.777608479078964,1.6903332042866195,29.60108465000002,40.31486834000003,0.5680058843019364,6.5036017689432555,1.0
Y2022_LAT23.9746_LON90.07648,2022,90.07647766794187,23.97459756908933,21,35.41875967565587,35.452465046315815,1.0585813505193036,32.28935738000001,39.4364372,0.6105651923392071,8.142405376025296,1.0
Y2022_LAT23.97478_LON90.08629,2022,90.0862947070933,23.974784443647522,21,34.793120689692124,34.89392148557694,0.9373452969404493,31.270787420000033,37.08654845000001,0.6434011718380753,8.10779895035171,1.0
Y2022_LAT23.97497_LON90.09611,2022,90.0961118463249,23.974970691544694,21,34.802954387023775,34.88871411750002,1.1078896463864978,31.284459500000025,37.47107570000003,0.65217931110506,10.379299269763848,1.0
Y2022_LAT23.97516_LON90.10593,2022,90.10592908534069,23.975156312692146,21,33.058500378986054,33.28252313729732,1.343925314142354,25.713086900000008,36.67296803000002,0.6798100600385222,9.72440105600497,1.0
Y2022_LAT23.97534_LON90.11575,2022,90.11574642392185,23.975341307190906,21,31.501695418606875,31.56873123078654,1.9964965559463113,25.760939180000037,47.217559730000005,0.6388002819543418,5.167396667525492,1.0
Y2022_LAT23.97553_LON90.12556,2022,90.12556386161538,23.975525674822016,21,32.03496073788926,31.31712058000002,3.676260413808913,21.95668292000005,49.56573947000001,0.6738112189984928,3.384664767483848,0.9675999618823083
Y2022_LAT23.97571_LON90.13538,2022,90.13538139813804,23.975709415773085,21,31.89088461515566,31.653576194310357,2.247828385505158,26.813689340000025,41.05145165000005,0.6586681051112474,4.529509550633182,1.0
Y2022_LAT23.97589_LON90.1452,2022,90.14519903300263,23.975892529839115,21,33.30711655655372,33.63793717100002,1.9484084095292677,27.50242037000004,36.39098138000003,0.678080022015501,5.066702431414625,1.0
Y2022_LAT23.97608_LON90.15502,2022,90.1550167662372,23.976075017126078,21,34.66775186525159,35.02965237440002,1.3677641696883565,29.00634917000002,37.19934311000003,0.6332802737754193,4.316398019291786,1.0
Y2022_LAT23.97626_LON90.16483,2022,90.16483459705708,23.976256877577896,21,34.91179138823841,34.86165775953128,0.9925982266809187,32.21074292000003,37.68299294000002,0.5948671367321666,5.115602896954814,1.0
Y2022_LAT23.97644_LON90.17465,2022,90.17465252544086,23.976438111140663,21,33.978901538170845,34.028787758000014,2.012026795282369,29.32935206000002,38.53237091,0.5953820068749104,5.0307023890616325,1.0
Y2022_LAT23.97662_LON90.18447,2022,90.18447055098922,23.97661871773375,21,34.971165562967286,35.14084056500001,1.1051627979947087,30.775174520000007,37.180544000000054,0.664376165447581,6.392301638001926,1.0
Y2022_LAT23.9768_LON90.19429,2022,90.19428867323285,23.97679869744215,21,33.95254661980013,33.73133456750003,1.6107870043914054,30.611109560000045,38.18544188000001,0.6202091677177087,7.433904394844214,1.0
Y2022_LAT23.97698_LON90.20411,2022,90.20410689194429,23.976978050127602,21,34.0861872100182,34.01417572250001,0.9551140218673914,31.39725415999999,36.821651900000006,0.5923703211982692,7.333699216116726,1.0
Y2022_LAT23.97716_LON90.21393,2022,90.21392520686369,23.977156775852194,21,33.34544670618586,33.67430372517243,1.490586510273479,28.657711130000052,36.250842560000024,0.4629299356949445,7.273999145881347,1.0
Y2022_LAT23.97733_LON90.22374,2022,90.22374361751692,23.977334874635005,21,33.88163266334876,33.701987068000015,1.2193975215537796,31.5749912,38.02479493999999,0.6024785031736554,8.19030324848588,1.0
Y2022_LAT23.97751_LON90.23356,2022,90.23356212365879,23.97751234636371,21,33.67700026783002,33.589107490898904,1.2459412442306599,30.88455116,40.068770900000004,0.5667764430244744,8.400701647884286,1.0
Y2022_LAT23.97769_LON90.24338,2022,90.2433807248103,23.97768919106518,21,32.96949348901895,32.824562345000025,1.2701997187092424,29.760022580000054,36.20982632000005,0.5848610972668814,6.732300861530424,1.0
Y2022_LAT23.97787_LON90.2532,2022,90.2531994208089,23.977865408622943,21,34.59889694081787,34.59789758250002,1.4584434625027136,30.752957390000006,40.048262780000016,0.5503718284395618,4.812834732043561,0.9408103359616041
Y2022_LAT23.97804_LON90.26302,2022,90.26301821134744,23.978040999082296,21,36.10162103892276,36.04640360940424,0.9113804234799101,34.463218100000006,38.908353110000036,0.5579539556051838,2.5178359298102717,0.1054970316315642
Y2022_LAT23.98286_LON90.037,2022,90.03700402643314,23.982863987226168,21,32.684898689765234,32.57348029250002,0.7993179566533524,31.202427020000016,34.65462722000001,0.6464273174095649,8.120059980006662,0.21498828704267586
Y2022_LAT23.98305_LON90.04682,2022,90.04682134329869,23.983053448325194,21,32.71811842986395,32.67029570900002,0.9184158527836221,30.922149380000008,35.98423700000001,0.6146628121150457,8.963486392573056,0.9487932333915564
Y2022_LAT23.98324_LON90.05664,2022,90.05663876174621,23.98324228254006,21,33.877103749183,34.05134669000001,1.0845414028071436,31.192172959999994,37.43176847000004,0.5598184376046139,10.227199090822472,1.0
Y2022_LAT23.98343_LON90.06646,2022,90.06645628123246,23.98343048982159,21,35.059384457343,35.32123106789477,1.7884777283070494,31.123812560000033,38.29140050000001,0.6108664936605345,9.982504685299622,1.0
Y2022_LAT23.98362_LON90.07627,2022,90.07627390172335,23.98361807027664,21,35.57798890677599,35.76996987125003,1.3854082382064175,32.217578960000026,39.41934709999998,0.5866291259341032,8.399206584501606,1.0
Y2022_LAT23.98381_LON90.08609,2022,90.08609162271958,23.9838050238103,21,34.26883322416004,34.1773251414286,1.3435720720519295,30.679469960000006,38.12391752000002,0.6170300703046628,7.63609957188186,1.0
Y2022_LAT23.98399_LON90.09591,2022,90.09590944385178,23.983991350348965,21,35.08124578310608,35.11444085789476,1.1778817845744327,30.826444820000006,37.53089105000001,0.6287452154098228,7.128103680121998,1.0
Y2022_LAT23.98418_LON90.10573,2022,90.10572736482118,23.984177050016708,21,32.07872037747934,32.47416972140002,2.3249132473907013,25.00213874000002,37.87440206000002,0.6609394492872422,4.339703951548019,1.0
Y2022_LAT23.98436_LON90.11555,2022,90.11554538531021,23.984362122614808,21,32.60687663390383,32.191590221724155,3.1180630958651885,25.289252420000025,44.21312015000004,0.5981455297674341,3.223959684698683,0.9657999597646589
Y2022_LAT23.98455_LON90.12536,2022,90.12536350504517,23.984546568254345,21,34.01976822554578,32.811072737421895,3.9666930428551352,29.435310680000043,56.79997880000002,0.5841643773283998,4.714202016708263,1.0
Y2022_LAT23.98473_LON90.13518,2022,90.13518172355465,23.984730386793192,21,33.327526885690425,33.338005916000014,1.7254263202917484,29.28320879000003,38.80068548000003,0.6574873001501722,5.30390848898114,1.0
Y2022_LAT23.98491_LON90.145,2022,90.14500004052871,23.98491357826769,21,34.36003902115536,34.88784135384618,1.5635960811608354,29.112307790000017,37.050659240000016,0.6691697449499627,4.8685010217659155,1.0
Y2022_LAT23.9851_LON90.15482,2022,90.1548184558327,23.9850961426335,21,32.893120339963446,32.71228394843752,1.3019870965379867,26.034380779999992,36.208117310000006,0.49515115206468574,5.076101266001494,1.0
Y2022_LAT23.98528_LON90.16464,2022,90.16463696878233,23.985278079884445,21,33.385291800076565,33.3283744239286,1.1144386385635143,28.27660190000006,35.61338183000001,0.5571722431293522,4.570207389211255,1.0
Y2022_LAT23.98546_LON90.17446,2022,90.17445557925724,23.98545938995834,21,34.13247028524318,34.65752207367348,1.9650221896726896,28.27660190000006,38.004286820000004,0.616777509846724,5.139803693886713,1.0
Y2022_LAT23.98564_LON90.18427,2022,90.18427428700817,23.9856400729411,21,34.916161598501986,35.28295622492539,1.593837753894864,30.477806780000037,38.75966924000005,0.6118907711400111,5.373998087056586,1.0
Y2022_LAT23.98582_LON90.19409,2022,90.19409309144393,23.985820128648346,21,34.797346920634034,35.03109770857146,1.2334325387180283,29.291753840000013,37.37878916,0.5781707916412316,3.3277850719297604,1.0
Y2022_LAT23.986_LON90.20391,2022,90.20391199242617,23.98599955722351,21,34.25158072378568,34.23197590076926,0.9850841025792902,31.607462390000023,36.52428415999998,0.5733073830156686,5.497499408822842,1.0
Y2022_LAT23.98618_LON90.21373,2022,90.21373098958487,23.986178358547683,21,33.51371803734151,33.65656538000001,1.4186298626019689,28.973877979999997,37.54627214000004,0.47474779862570304,7.552999474117025,1.0
Y2022_LAT23.98636_LON90.22355,2022,90.22355008253786,23.986356532477554,21,34.617359085776656,34.426120078048804,1.4547028882044994,31.749310219999984,39.248446100000024,0.5004786948257812,5.512102409893709,1.0
Y2022_LAT23.98653_LON90.23337,2022,90.23336927093084,23.986534079154005,21,35.80348505773191,35.78896882516131,1.6420959510505149,32.441459269999996,42.89034641000001,0.5445715333352024,3.0827012737662094,1.0
Y2022_LAT23.98671_LON90.24319,2022,90.24318855456185,23.986710998531812,21,35.254830424560325,34.9064620507143,1.844613803520896,32.15605460000006,42.39644252000005,0.5655456668058094,5.982801156236672,1.0
Y2022_LAT23.98689_LON90.25301,2022,90.25300793288221,23.986887290569346,21,38.28980295314462,37.70968885482761,2.6683202346148627,33.58136894000006,48.68901734000002,0.5175330272699877,6.263794150208922,0.40564992213248474
Y2022_LAT23.99207_LON90.04662,2022,90.04661543010013,23.992073698764727,21,33.62634694462341,33.56655155486913,0.6296773978860147,32.532036800000014,35.211764480000056,0.6219266984163151,9.158236004832851,0.08963122328751294
Y2022_LAT23.99226_LON90.05643,2022,90.05643353060012,23.99226261272556,21,34.30444706903408,34.08130777156252,1.6981248359658145,30.922149380000008,37.88978315,0.6357411314807649,7.200610364458018,0.9140734806570526
Y2022_LAT23.99245_LON90.06625,2022,90.0662517323497,23.99245089958671,21,36.64489555084986,36.60858107825002,0.7949964782459137,33.28741922000006,38.735743100000036,0.6240959267433724,6.283903688958534,1.0
Y2022_LAT23.99264_LON90.07607,2022,90.07607003497604,23.992638559336502,21,35.75008201321055,35.92185813500001,1.590167110924997,31.99882567999998,39.15274154000002,0.5683199595632874,6.780603673429042,1.0
Y2022_LAT23.99283_LON90.08589,2022,90.08588843813719,23.992825591785948,21,34.81281492928092,34.34273973104002,1.769669733182457,31.674113780000027,41.261659880000025,0.5662436791348046,7.031902503070585,1.0
Y2022_LAT23.99301_LON90.09571,2022,90.09570694155349,23.993011997118185,21,35.42739899106977,35.39225798774196,1.228176888636988,30.94949354000005,38.298236540000005,0.5957449151403738,5.989697598576922,1.0
Y2022_LAT23.9932_LON90.10553,2022,90.1055255447771,23.993197775140846,21,35.13613676427047,35.598132202307696,2.2214484397096865,29.930923580000012,38.851955780000026,0.5698191201327707,5.674099642821845,1.0
Y2022_LAT23.99338_LON90.11534,2022,90.11534424756522,23.99338292596083,21,34.569359476706474,33.31099948892858,3.3989571270390324,30.479515789999994,48.22245761000002,0.6157067289049388,5.582202291330407,0.9774998941171489
Y2022_LAT23.99357_LON90.12516,2022,90.1251630496369,23.993567449479496,21,34.21252275283969,34.05788334138688,2.4588491897814797,29.064455510000016,46.28614928000002,0.5578275431537775,3.841475289500086,0.9423997289399011
Y2022_LAT23.99375_LON90.13498,2022,90.13498195048736,23.993751345642877,21,33.71102290344146,33.662003139090935,2.1422495395624304,28.753415690000054,39.952558220000014,0.5960201314141068,4.663667688964178,0.9873999407056031
Y2022_LAT23.99393_LON90.1448,2022,90.14480094986662,23.993934614536396,21,35.19539199868652,35.76336219034486,1.7746697342161362,30.744412340000054,38.61269437999999,0.5430669707669205,5.637905354848713,1.0
Y2022_LAT23.99412_LON90.15462,2022,90.15462004752416,23.994117256035924,21,31.175604184895484,31.150196602022483,1.9884384479906292,22.438623740000025,36.459341780000045,0.5999042606924855,4.764805952027997,1.0
Y2022_LAT23.9943_LON90.16444,2022,90.16443924301608,23.99429927011732,21,33.76703433586587,33.09339145564519,2.264916840955866,28.170643280000036,38.752833200000055,0.5379406537923157,4.029604845199267,1.0
Y2022_LAT23.99448_LON90.17426,2022,90.17425853595219,23.99448065679874,21,33.51738998775691,33.532257389473706,2.3350319539995517,29.216557400000056,38.937406280000005,0.6012252416013235,5.458013920065493,1.0
Y2022_LAT23.99466_LON90.18408,2022,90.18407792612972,23.994661416030453,21,33.51623036271809,33.45172832428573,1.11623931307946,30.773465510000023,36.81823388000001,0.6644811253899648,6.4001065887368735,1.0
Y2022_LAT23.99484_LON90.1939,2022,90.193897413242,23.994841547842743,21,33.535172879437965,33.860675551590916,1.429216957386814,29.855727140000027,36.43541564000003,0.608056849811212,6.004803552016699,1.0
Y2022_LAT23.99502_LON90.20372,2022,90.20371699672887,23.995021052140032,21,34.001883592134206,34.400319101521774,1.8050150637972946,29.144778980000012,37.88294711,0.570587496832343,4.919497268222428,1.0
Y2022_LAT23.9952_LON90.21354,2022,90.21353667649774,23.995199928919764,21,31.93084470613278,31.980453822500024,1.5188527981383813,28.442375870000035,35.75181164000003,0.47487650384431807,4.73189403244251,1.0
Y2022_LAT23.99538_LON90.22336,2022,90.22335645208524,23.995378178219756,21,32.51417176688001,32.9113177867442,1.7501888837923296,28.24583972000005,36.85241408000002,0.38025481055380134,4.419200796239035,1.0
Y2022_LAT23.99556_LON90.23318,2022,90.23317632312855,23.99555579991514,21,34.53487460468465,34.67433780200002,0.8721282299415695,32.59014314000001,37.90174622000001,0.5711858061721441,3.1891032428387796,1.0
Y2022_LAT23.99573_LON90.243,2022,90.24299628940503,23.995732794001327,21,35.7961911430618,35.46805383418183,1.6552931316913544,33.340398530000016,42.39644252000005,0.5809927865036706,3.624595880451189,1.0
Y2022_LAT23.99591_LON90.25282,2022,90.25281635055009,23.995909160573362,21,37.87496657539486,37.910677175483904,2.5455326883159133,33.318181400000014,46.59718910000004,0.4447177258591869,5.029687281278876,0.6483377258899448
Y2022_LAT24.00071_LON90.02677,2022,90.02677215455752,24.000714067507797,21,34.292738979429025,34.24407043307695,0.7256122048783236,32.99688752000003,36.18590018000003,0.579266684341558,7.384947802864773,0.07383361177035756
Y2022_LAT24.0009_LON90.03659,2022,90.03659073394734,24.000904315890693,21,34.29599220184616,34.14876026000002,0.450374467319712,33.93000698000003,35.314305080000054,0.6584104809496137,10.984615384615383,0.008302347364536913
Y2022_LAT24.00109_LON90.04641,2022,90.04640941533675,24.00109393706591,21,33.6854471388672,33.54232958798043,1.133890050466,31.66727774000003,37.17028994000003,0.6636750070965755,8.330854593840604,0.761420234168268
Y2022_LAT24.00128_LON90.05623,2022,90.05622819828714,24.001282930860743,21,34.499141001521174,34.41028904730129,1.782588395148401,30.82302679999998,41.70600248000005,0.6599611617716852,8.722028408201925,0.8452572433464154
Y2022_LAT24.00147_LON90.06605,2022,90.06604708253283,24.001471297199046,21,35.3873522785591,35.728216276129054,3.0654141708188023,27.81858722000004,41.96235397999999,0.616071775742787,4.940899930470505,1.0
Y2022_LAT24.00166_LON90.07587,2022,90.07586606760358,24.00165903601108,21,34.66318339872339,34.222365552758646,2.2280966311748887,31.55106506000004,39.86368970000001,0.5339019739555937,5.645303036720176,1.0
Y2022_LAT24.00185_LON90.08569,2022,90.08568515340238,24.00184614755451,21,37.50164519392235,38.030727646142886,2.1697484587696336,30.81619076000004,41.25482384000003,0.475102838408189,4.044198875528089,1.0
Y2022_LAT24.00203_LON90.0955,2022,90.09550433935439,24.002032631581265,21,36.68641147435204,36.59311065363638,1.467454064801046,30.85378897999999,40.51653152000006,0.5738414121440801,5.020795318582727,1.0
Y2022_LAT24.00222_LON90.10532,2022,90.1053236252335,24.002218488110845,21,37.33588466818773,37.31625692230771,2.6613776450275175,31.275914450000016,51.70883801000002,0.5585489578235537,5.632688859712283,1.0
Y2022_LAT24.0024_LON90.11514,2022,90.11514301061867,24.00240371702454,21,35.89758900533719,35.81987296325002,2.525169438335518,29.94801368000003,47.73538976000003,0.5755303018359007,6.177999032940038,1.0
Y2022_LAT24.00259_LON90.12496,2022,90.12496249532208,24.00258831841588,21,33.40352505860092,33.186284992812524,2.366762825306924,28.057848620000016,47.09622002000003,0.6498705963266852,5.438604045416522,1.0
Y2022_LAT24.00277_LON90.13478,2022,90.13478207889872,24.002772292308027,21,33.8412913306586,34.09304350920357,1.6644464506528442,28.191151400000024,38.14100761999998,0.6663245965344575,4.986506995327038,1.0
Y2022_LAT24.00296_LON90.1446,2022,90.14460176103334,24.002955638543433,21,33.131364073010104,33.21645033105265,2.2288521440368143,23.863938080000025,38.311908620000054,0.619911953709741,4.773162348152206,0.991899990470577
Y2022_LAT24.00314_LON90.15442,2022,90.15442154138915,24.00313835715581,21,29.512035816360417,31.812312642702732,4.768643370584879,19.03427582000006,36.462759800000015,0.638537187453514,2.5184181681004816,0.7437996985878805
Y2022_LAT24.00332_LON90.16424,2022,90.16424141964353,24.00332044815204,21,31.68002148663287,32.31322248392859,4.434185695647403,19.899034880000045,39.43985522000003,0.5728167703805298,3.575837242720862,0.9707345988386128
Y2022_LAT24.0035_LON90.17406,2022,90.17406139547691,24.00350191142814,21,33.0751322614099,33.09200085491894,2.650850990825953,27.85276742000002,38.769923300000016,0.588002135780473,4.9652508016329335,0.2561965525851991
Y2022_LAT24.00368_LON90.18388,2022,90.18388146853671,24.003682747040553,21,33.45596069026328,33.51587723535716,0.9797692841367907,29.565195439999997,36.45592376000002,0.6483414521523096,4.174739921108958,0.681727872145321
Y2022_LAT24.00386_LON90.1937,2022,90.19370163840667,24.003862954888493,21,33.41721949880921,33.452659642047685,1.4723009376783878,29.51905217000001,37.19934311,0.63482919431238,4.601568468426065,0.9800924759495108
Y2022_LAT24.00404_LON90.20352,2022,90.20352190487804,24.004042534973074,21,34.25314739135373,34.28308844600003,1.6627744210216133,30.371848160000013,39.14077847000004,0.5714527055541492,6.033138223025235,0.8634260840183896
Y2022_LAT24.00422_LON90.21334,2022,90.21334226757082,24.00422148730903,21,32.351709321807185,32.277349788721146,1.3901261570724759,27.059786780000024,36.10386770000002,0.5467662315579915,4.447261913141409,0.8170019444554268
Y2022_LAT24.0044_LON90.22316,2022,90.22316272609173,24.004399811826477,21,33.63560457932362,33.58975862545457,1.4122249337218713,27.962144060000014,37.01306102000001,0.5855782343342362,6.159857910623578,0.9681914571342017
Y2022_LAT24.00458_LON90.23298,2022,90.23298328017596,24.00457750857473,21,34.52496806747339,34.639699540816345,0.9737712527029607,30.744412340000054,38.13588059,0.6052039372983506,4.2738212080696,0.9694794632694316
Y2022_LAT24.00475_LON90.2428,2022,90.24280392946517,24.004754577451283,21,36.19168824274947,35.09994639714288,2.6215332906296998,32.44316828000001,44.30882471000001,0.5821794931936393,5.850857134639169,0.9864342941045038
Y2022_LAT24.00493_LON90.25262,2022,90.2526246736737,24.004931018398594,21,37.599518887684454,37.35434288652176,1.9418781012340849,34.090653919999994,42.60152372000002,0.599594180906818,5.4684767839572705,0.7679658601879709
Y2022_LAT24.00511_LON90.26245,2022,90.26244551224927,24.005106831446067,21,38.74152617815272,39.00576668000002,0.8622522552158186,36.900266360000046,40.49773241,0.6597451380848313,3.4284570208222105,0.026641063935708694
Y2022_LAT24.00935_LON90.00693,2022,90.00692645556579,24.009351592831333,21,34.35624944941565,34.31538873500003,1.385797604551893,31.680949820000023,38.22645812000002,0.6191117480358793,5.696812903443271,0.2132684897630557
Y2022_LAT24.00954_LON90.01675,2022,90.0167455127659,24.009543176768688,21,34.30745828536659,34.141354550000024,1.3396434394494878,31.83476072000002,38.558006060000025,0.6438998540023959,5.001651745895423,0.3311756511337866
Y2022_LAT24.00973_LON90.02656,2022,90.02656467272134,24.00973413308127,21,34.07969832537879,33.73090731500002,1.300795677285009,31.961227460000032,37.45056757999998,0.6350545585359939,7.778325941139186,0.8262059404367805
Y2022_LAT24.00992_LON90.03638,2022,90.0363839348386,24.00992446192118,21,35.25685387282984,35.32764831823432,0.9893038161530086,32.427787190000004,37.76673443000004,0.6468292713538659,9.309737474855154,0.9791111649309759
Y2022_LAT24.01011_LON90.0462,2022,90.04620329900287,24.010114163037514,21,33.101992509615194,32.86315748750002,1.2446001726287854,30.27614360000001,37.48987481000003,0.6797674445368969,7.363506416500799,1.0
Y2022_LAT24.0103_LON90.05602,2022,90.05602276473513,24.01030323653413,21,37.11325200795926,37.658995591250026,2.0563253600804736,31.38187307000001,40.72503074000002,0.626102575299164,4.147698997292946,1.0
Y2022_LAT24.01049_LON90.06584,2022,90.06584233176525,24.01049168243344,21,36.41335429951367,36.59134245714287,1.8825309925992983,31.63651556000002,40.23625388000005,0.6279875069668044,4.629901917531664,1.0
Y2022_LAT24.01068_LON90.07566,2022,90.07566199971286,24.010679500663898,21,37.263238901425275,37.59583343000002,2.4038013561690947,30.395774300000028,40.97796421999999,0.5444205348605902,4.296203746841176,1.0
Y2022_LAT24.01087_LON90.08548,2022,90.08548176839925,24.010866691120324,21,34.559411007166176,34.96698763863639,2.596673796835915,28.239003679999996,39.550940870000005,0.600443194610244,6.195102582473638,1.0
Y2022_LAT24.01105_LON90.0953,2022,90.09530163723639,24.011053253815835,21,34.73171913125291,34.530413265909104,2.0483761569355883,29.059328479999976,40.130295260000025,0.6097197423038648,6.866598666586684,1.0
Y2022_LAT24.01124_LON90.10512,2022,90.10512160607054,24.01123918877232,21,34.506375765745176,34.84543316000002,2.6698152832887807,27.780988999999977,39.50479760000002,0.5862094488549723,5.062488529357793,1.0
Y2022_LAT24.01142_LON90.11494,2022,90.11494167441529,24.011424495946347,21,35.69402527530291,35.598997662500025,2.4918352474970193,29.435310680000043,44.55663116000005,0.6210179494565584,6.79779976211738,1.0
Y2022_LAT24.01161_LON90.12476,2022,90.12476184214272,24.01160917528913,21,34.16248745262155,34.093730138000026,1.4267852518906985,30.312032810000034,39.132233420000034,0.625665234978361,6.458901716354977,1.0
Y2022_LAT24.01179_LON90.13458,2022,90.13458210874504,24.011793226804958,21,33.84547144804783,34.28388411622951,1.917386290517052,28.127918030000046,37.29333866000002,0.6624739689606085,4.637305352025202,1.0
Y2022_LAT24.01198_LON90.1444,2022,90.14440247393608,24.01197665041393,21,28.99927385720902,28.810613442405085,3.3609642342553387,15.82817306000004,36.790889719999996,0.6147374957408981,3.297640910734675,0.9954999947058761
Y2022_LAT24.01216_LON90.15422,2022,90.15422293740608,24.012159446180302,21,31.789587113089887,32.81762839296877,3.9120377194925697,20.049427760000015,37.30359271999998,0.6556851033168538,4.831737651620282,0.963999957647009
Y2022_LAT24.01234_LON90.16404,2022,90.1640434987687,24.012341613997805,21,32.60072880483955,32.78027050250003,1.9457295391051181,22.852204160000042,36.025253239999984,0.6471846299024954,6.81790635326392,0.5808474962970491
Y2022_LAT24.0127_LON90.18368,2022,90.18368491398347,24.012704065831226,21,33.326573549088664,33.36702569155175,1.3928870762506114,29.660900000000026,35.77061075,0.6676113116525714,2.556572954670101,0.15024989699586225
Y2022_LAT24.01288_LON90.19351,2022,90.19350576707565,24.012884349796376,21,34.42065647297925,34.52217894500001,1.1407361742582087,29.660900000000026,37.05749528000001,0.6209397749328706,2.3928626802418727,0.2787206995026712
Y2022_LAT24.01306_LON90.20333,2022,90.20332671680983,24.01306400570573,21,32.956124017499306,33.04243067961834,0.41510413746939967,31.720257050000015,33.81379430000001,0.596776509472771,6.079420948055634,0.06286401530291795
Y2022_LAT24.01324_LON90.21315,2022,90.21314776275689,24.01324303362963,21,31.78614624587652,31.780072399999995,0.8361030053814291,29.920669520000047,33.16437050000002,0.5432891285990377,4.3251902774367785,0.02893433830372174
Y2022_LAT24.01342_LON90.22297,2022,90.22296890459543,24.01342143342227,21,35.55756409424131,35.64072599000002,0.6942129768552558,32.65166750000003,36.84899605999999,0.6149139572959967,5.550146532074241,0.021992738314343684
Y2022_LAT24.01378_LON90.24261,2022,90.24261147465621,24.013776348732712,21,35.97347417341147,35.64711004438139,1.9154369136680258,30.87087908000001,43.06808345000002,0.6135922501917728,4.573421730116413,0.7879119695555424
Y2022_LAT24.01395_LON90.25243,2022,90.2524329021685,24.013952864169255,21,36.782467641349456,37.16008085394737,1.8238515778541975,31.535683970000036,41.507757320000024,0.6230300939607151,5.299652976361973,0.833972278505982
Y2022_LAT24.01413_LON90.26225,2022,90.26225442429529,24.01412875148566,21,37.98179382964315,38.27124983382427,0.7392165574062152,36.22691642000004,39.28604432,0.5949676622832499,5.254820061139865,0.1182870768173228
Y2022_LAT24.01837_LON90.00672,2022,90.00671750543356,24.018371484734054,21,34.46049443652289,34.45215504118347,0.9889450936699788,31.98515359999999,37.02673310000006,0.6493444612804581,6.037062984474223,0.15860425104842432
Y2022_LAT24.01856_LON90.01654,2022,90.01653724561554,24.018563149446305,21,34.45239084211767,34.3915932814435,0.9735427074223645,32.450004320000005,37.27283054000003,0.6335612920225677,5.095011717848776,0.5950533252406122
Y2022_LAT24.01875_LON90.02636,2022,90.02635708857962,24.018754186457038,21,35.234363565368184,35.23163172125002,1.2801176411664437,32.48760254000001,38.07948326000002,0.6195660143082599,9.347189687916945,0.8269060068639588
Y2022_LAT24.01894_LON90.03618,2022,90.03617703379972,24.018944595524587,21,35.221282780992894,35.39035602500001,1.2130926192236844,31.71513002000006,38.14100761999998,0.6651584344093632,9.302359871474449,0.9924705465497385
Y2022_LAT24.01913_LON90.046,2022,90.0459970810189,24.01913437675637,21,34.17006192734235,34.02776235200002,1.8517179536889592,30.34450400000003,40.13713130000002,0.6473951785769869,6.519500091765132,1.0
Y2022_LAT24.01932_LON90.05582,2022,90.05581722992184,24.019323530082506,21,34.34981472597482,34.28508229100001,1.8058475010819606,28.898681539999984,39.243319069999984,0.6420124901245524,6.509702398599508,1.0
Y2022_LAT24.01951_LON90.06564,2022,90.06563748003342,24.0195120554735,21,34.6757529208129,34.14915089085717,1.9813553275264288,31.14432068000002,39.15957758000002,0.6399823846450493,6.02050950828004,1.0
Y2022_LAT24.0197_LON90.07546,2022,90.07545783126656,24.019699952918344,21,35.852899160478394,36.155015927857164,2.441576787922849,29.896743380000032,41.76581783,0.5920463126153429,4.502502364716997,1.0
Y2022_LAT24.01989_LON90.08528,2022,90.08527828307327,24.019887222368435,21,36.18604769439489,37.58759910909094,2.9825634777056025,29.520761180000022,39.99699248000002,0.5494344332349745,3.5031976621066385,1.0
Y2022_LAT24.02007_LON90.0951,2022,90.09509883521426,24.02007386384001,21,34.2390225354788,34.53902978360001,2.7752711050051753,27.504129379999995,39.983320400000025,0.5539181503973184,6.079472288378161,0.946604461955323
Y2022_LAT24.02026_LON90.10492,2022,90.1049194872924,24.02025987727862,21,32.31156124504469,32.535454820000005,2.673779303431168,27.31613828000002,38.98867658000006,0.5761445117743812,6.95072226091254,0.3245606040168136
Y2022_LAT24.02045_LON90.11474,2022,90.11474023897387,24.02044526268811,21,33.66641501248018,34.084428240714296,2.3940786253556823,27.405006800000024,39.00234866000005,0.590345841243341,5.243487948504821,0.998901277485727
Y2022_LAT24.02063_LON90.12456,2022,90.12456109000473,24.020630019989614,21,34.2271271496357,33.53211837909093,2.8671666042789163,25.12176943999998,39.991865450000034,0.5544052240419218,4.89820422684341,1.0
Y2022_LAT24.02081_LON90.13438,2022,90.134382039963,24.020814149124085,21,31.679254986883482,31.845824311052645,2.283798661650986,23.93913452000004,36.79430774000002,0.6078498171654545,3.4308606454398354,0.9972999872940579
Y2022_LAT24.021_LON90.1442,2022,90.1442030886186,24.02099765017474,21,29.899161850505557,29.65453868500001,2.0634652323689298,24.41082128000005,34.986175160000016,0.6171632913706516,4.071346082534287,1.0
Y2022_LAT24.02118_LON90.15402,2022,90.15402423550923,24.021180523111386,21,33.079212001936355,33.594015614000014,2.047114109454544,27.215306690000034,37.13098271000001,0.6759065315607151,6.941773869224988,0.7421358092169589
Y2022_LAT24.02136_LON90.16385,2022,90.16384548029855,24.021362767818765,21,34.41797705402686,34.38380739670456,1.2457359636237915,32.238087080000014,37.13098271000001,0.6904104104508226,8.909121697900204,0.09503680020599523
Y2022_LAT24.0228_LON90.24242,2022,90.2424189249264,24.022798108014854,21,39.44648090008366,39.81711917750001,3.375982370941354,30.347922020000055,47.03811368000004,0.5212857003425498,3.066753557540277,0.840870299502324
Y2022_LAT24.02297_LON90.25224,2022,90.25224103617214,24.022974697941994,21,37.503619525855555,36.65048797538464,2.266354331120319,33.64802033000001,43.74656042000004,0.571379459075234,2.942021575107563,0.28892788423426957
Y2022_LAT24.02739_LON90.00651,2022,90.00650845226181,24.02739136426117,21,35.279049239463646,35.16220319000004,0.5920856450725511,34.599938899999984,36.41832554000001,0.6602460434039432,8.103030303030303,0.011686255900673907
Y2022_LAT24.02758_LON90.01633,2022,90.01632887578877,24.027583109939343,21,36.33663987739784,36.63913781761746,1.2203833028325382,32.96954335999999,38.35634288000006,0.6475952498947058,7.273954916035985,0.45085376211815065
Y2022_LAT24.02777_LON90.02615,2022,90.02614940218974,24.027774227450884,21,37.05493915780415,37.05419396322918,0.6150778762093441,34.98275713999999,38.70839894000005,0.6115537703964872,7.220373425616673,0.18048711402913098
Y2022_LAT24.02796_LON90.03597,2022,90.03597003069595,24.027964716901543,21,35.4734350002702,35.197531427251924,0.8799877400780411,34.12825214000003,38.15809772,0.5982530600050846,8.30720613376159,0.13863313176000802
Y2022_LAT24.02815_LON90.04579,2022,90.04579076145403,24.028154578179574,21,35.572910954520445,35.82928676000003,2.161999324198767,29.325934039999993,40.00724653999998,0.6679008618707951,6.912986876087074,0.6834161803904619
Y2022_LAT24.02834_LON90.05561,2022,90.05561159372064,24.02834381130787,21,33.95302918177911,33.71316377000001,1.784524232396711,30.371848160000013,38.69472686000003,0.6614240049538584,5.6596847808979875,0.7961229348273577
Y2022_LAT24.02853_LON90.06543,2022,90.06543252742239,24.028532416215814,21,32.85009317522973,32.67892102105578,1.1443730987072747,30.826444820000006,37.50525590000001,0.6129842614275971,6.364460597842154,0.9086607517041039
Y2022_LAT24.02872_LON90.07525,2022,90.07525356212062,24.02872039298285,21,34.21485028985317,33.97273223000001,2.1276934076481697,30.074480419999986,41.68720337000002,0.5952494615279581,4.808631121683825,0.9636904719526692
Y2022_LAT24.02891_LON90.08507,2022,90.08507469747711,24.02890774142831,21,36.09360437156999,36.46961897274923,2.1889500388402663,29.872817240000018,40.26530704999999,0.5063554398540784,5.570727797029786,1.0
Y2022_LAT24.02909_LON90.0949,2022,90.0948959331981,24.029094461614562,21,37.30686908326812,37.608154332914594,1.5102888003021908,33.56598785,39.83976356000005,0.5587238157685889,6.296586553713977,0.42173645765531187
Y2022_LAT24.02928_LON90.10472,2022,90.10471726886135,24.029280553518188,21,34.10862681986759,34.049637680000046,0.19692957157681587,33.92317093999998,34.41878384000006,0.7415030326274845,3.0,0.0005339405876175292
Y2022_LAT24.02947_LON90.11454,2022,90.11453870427195,24.029466017085266,21,32.876356671044306,33.21026978201666,1.7752872542928728,28.037340500000028,36.75500051000003,0.637440392364469,4.647388871870114,0.22417195564486975
Y2022_LAT24.02965_LON90.12436,2022,90.12436023893018,24.02965085236639,21,33.911086304931956,34.59914107220506,1.98671468443403,26.97433627999999,36.01329017000003,0.6832888127729063,4.836433953075317,0.631538002279594
Y2022_LAT24.02984_LON90.13418,2022,90.13418187256471,24.0298350592277,21,32.95419758825911,32.84126079687501,1.7031705801006087,27.772443950000024,37.03015112000003,0.6489181170589942,3.577636574756709,0.776238983632826
Y2022_LAT24.03002_LON90.144,2022,90.14400360500903,24.030018637753553,21,33.144919472868835,33.22547360977014,2.2702771391414904,28.331290220000028,37.14636380000002,0.6376195760900749,5.881370700018745,0.6575625605117252
Y2022_LAT24.0302_LON90.15383,2022,90.15382543554587,24.030201587748444,21,32.054418641772976,32.130419450000005,0.434773547272838,31.205845040000014,32.53203680000004,0.6802906108906073,8.0,0.0027768726180525055
Y2022_LAT24.03164_LON90.2324,2022,90.23240357986296,24.031642561978984,21,45.11423180046875,45.22143605000002,0.6060539187851991,43.71579824000003,45.532475869999985,0.2899871799437439,4.0,0.0038564329413099106
Y2022_LAT24.03182_LON90.24223,2022,90.24222628036154,24.03181985510634,21,40.047231148983315,39.72696890000002,2.878296382930348,34.316243240000006,45.77686430000006,0.5366627022693502,3.939037264241123,0.43800220634013315
Y2022_LAT24.032_LON90.25205,2022,90.25204907562119,24.03199651969358,21,43.24994722772107,43.379123270000036,0.5162001892561768,42.143509040000026,43.797830720000036,0.4426094707041273,2.6195516811955164,0.005688338551775926
Y2022_LAT24.03641_LON90.0063,2022,90.00629929605367,24.036411231532128,21,36.18593361265365,36.25596959000001,0.6975197332163097,34.599938899999984,37.339481930000034,0.6268188777312454,9.736832147722113,0.0944680364317478
Y2022_LAT24.0366_LON90.01612,2022,90.01612040333335,24.036603057988735,21,36.56082020964188,36.64167704714231,0.7673358660764475,34.19661254000005,39.48087146,0.6349954284095773,9.733861258995685,0.8138962679092486
Y2022_LAT24.03679_LON90.02594,2022,90.0259416133831,24.03679425616398,21,36.77751371974714,36.85241408000002,0.6215177859431339,35.35532132000003,38.20595000000003,0.5851741965221999,7.841751294639853,0.05303689647300549
Y2022_LAT24.03755_LON90.06523,2022,90.06522747375895,24.037552764788703,21,34.032602568830406,33.58649596999999,1.561064669385446,31.845014780000042,38.069229199999995,0.5973569483946011,5.602649283356315,0.08570845301453361
Y2022_LAT24.03774_LON90.07505,2022,90.07504919229622,24.037740820748656,21,35.46116446225977,35.52818249686294,2.046177301292481,31.23831623000001,40.79680916000001,0.572338812161386,4.314255782962694,0.46927267272260786
Y2022_LAT24.03793_LON90.08487,2022,90.08487101152558,24.037928248245947,21,34.72837167395769,34.353475511665465,1.9075391724467652,30.525659060000038,40.00553753,0.554624784935954,5.648338334371286,0.32015240001015083
Y2022_LAT24.04562_LON90.01591,2022,90.01591182811815,24.045622993824633,21,35.45552648819446,35.43393578000001,0.8437954579145992,33.83088440000006,37.0267331,0.6890515280802754,9.130646198360392,0.08982712501940268
