grid_id,year,longitude,latitude,scene_count,lst_c,lst_c_median,lst_c_stddev,lst_c_min,lst_c_max,ndvi,mean_pixel_obs_count,valid_lst_ratio
Y2024_LAT23.52482_LON90.15502,2024,90.15502415698468,23.524824690620612,20,26.0821237346731,26.06856098000003,0.1153617394200875,25.962602360000005,26.78463617,-0.08844651696338221,6.0,0.08547861608766023
Y2024_LAT23.525_LON90.16481,2024,90.16480821194499,23.52500333582075,20,26.632324892326427,26.26284601095752,0.9313189194861625,25.1832938,30.682887980000032,-0.09176536851705008,5.582330351707028,0.46330932129838603
Y2024_LAT23.52518_LON90.17459,2024,90.17459236327528,23.5251813673849,20,34.80839790823488,35.14477128800002,1.9719513907768917,28.847411240000042,39.70646078000004,0.39116678345428785,5.29251033419744,0.3098907540827002
Y2024_LAT23.53385_LON90.15483,2024,90.15483003468516,23.533846342091746,20,26.550925356439325,26.64651708909093,0.41507578247163646,25.190129840000054,27.76218989000003,-0.09224525590541847,5.860328445415106,0.6337949680379062
Y2024_LAT23.53403_LON90.16461,2024,90.16461475513425,23.53402506394596,20,29.03906484206808,27.222118993750023,3.178471048538352,25.337104700000054,37.214724200000006,0.01590968244999801,4.837801589654527,1.0
Y2024_LAT23.5342_LON90.1744,2024,90.17439957193227,23.534203171844304,20,33.29040079706462,32.9652558156526,1.4027629827515795,30.662379859999987,39.70646078000004,0.4951056476552203,6.195022190939858,0.9161597489413807
Y2024_LAT23.53438_LON90.18418,2024,90.18418448473497,23.53438066576062,20,34.06915886320629,34.11116204000001,0.1887710709247224,33.755687960000046,34.52132444000006,0.4825597844995933,6.839573405945089,0.015633036895669743
Y2024_LAT23.54269_LON90.14485,2024,90.14485052638558,23.542688569006817,20,25.30869620564174,25.291591824026106,0.1583483363355377,25.08417122000003,26.22920792000002,-0.07445480354601562,5.142272124599298,0.21454342503240686
Y2024_LAT23.54287_LON90.15464,2024,90.15463581577698,23.542867981597322,20,27.034330352556065,26.33825378387098,2.0682850009425646,25.190129840000054,33.88557272000003,-0.045931190255538004,4.798699647669898,0.9769764157304168
Y2024_LAT23.54305_LON90.16442,2024,90.16442120199689,23.543046780077745,20,32.845895084406436,32.97196445750003,1.8957577701615387,26.049761869999998,36.3943994,0.4594744602709499,5.3870992789403305,1.0
Y2024_LAT23.54322_LON90.17421,2024,90.17420668451803,23.54322496427895,20,33.33198403289359,33.28144878246754,1.3406210363590112,30.55300322000005,38.53749793999998,0.5334972718268364,5.534895458331568,1.0
Y2024_LAT23.5434_LON90.18399,2024,90.18399226315104,23.543402534303326,20,32.86510453222873,32.88580187000002,0.6734245711554192,31.376746040000057,34.69906148000001,0.5908885218060734,5.298787474560904,0.20954459447836943
Y2024_LAT23.55153_LON90.13487,2024,90.13486968623559,23.551530015836853,20,26.809153503275382,26.96434514461541,0.40353609484042535,25.98994651999999,27.194798570000017,-0.14590041138973642,5.009739965570357,0.0787980038124613
Y2024_LAT23.55171_LON90.14466,2024,90.14465554458269,23.551710119708087,20,26.391557032215346,26.21935598000002,1.037403432453485,25.026064880000035,34.52816048,-0.12027532991651482,4.095655417476486,0.9098167398992635
Y2024_LAT23.55189_LON90.15444,2024,90.15444150021044,23.551889609170125,20,31.870274238895107,33.029898397368434,3.0314738643365375,25.504587679999986,36.25426058000005,0.3175779869442307,4.464199369646333,1.0
Y2024_LAT23.55207_LON90.16423,2024,90.16422755244805,23.552068484213372,20,32.31444943212093,32.48670859630771,0.8924073054874052,29.818128919999992,34.16243234000001,0.5856203266990702,4.454800535059464,1.0
Y2024_LAT23.55225_LON90.17401,2024,90.1740137011059,23.552246744855402,20,33.212054350746094,33.172183117142865,1.0228812078359475,30.44875361000004,35.996200069999986,0.5736095362397021,4.788225263348138,0.9116997001730217
Y2024_LAT23.55242_LON90.1838,2024,90.18379994580019,23.552424390933815,20,32.03153171166602,31.899703100000018,0.5924385246234459,31.151156720000017,34.42220186000003,0.6071880092133892,5.5235103364410225,0.0704200727179309
Y2024_LAT23.55946_LON90.07596,2024,90.07595685000386,23.55945748442499,20,38.03241155217197,38.28456446000001,1.6499865777038512,34.59139385000003,40.130295260000025,0.22493731146927942,6.0,0.10180857113224358
Y2024_LAT23.55964_LON90.08574,2024,90.08574278524303,23.559641352957325,20,39.650547015348096,39.80502573058127,0.6991430569272908,36.74303744000002,40.371265670000014,0.17227370345934193,5.961248590588096,0.060107009095773045
Y2024_LAT23.56055_LON90.13467,2024,90.1346739410854,23.560551477377906,20,28.02521769408309,27.466802463916178,1.9963694483873422,26.022417710000013,35.69712332000006,-0.08453595216730332,5.937798682263332,0.3829640539155165
Y2024_LAT23.56073_LON90.14446,2024,90.14446046595044,23.560731658431777,20,30.51886716695193,29.525674583750014,3.1748215323352147,26.406944960000033,37.73084521999999,0.09605421698976789,4.289896658337204,1.0
Y2024_LAT23.56091_LON90.15425,2024,90.15424708780246,23.56091122487003,20,32.36336921112788,32.48581584772729,0.9830404225118279,29.522470190000035,35.50229618000003,0.5815442839344628,3.933297333163918,1.0
Y2024_LAT23.56109_LON90.16403,2024,90.16403380648616,23.56109017648935,20,32.68287389400134,32.766828870960275,0.8918043501351736,30.64699877000001,35.01351932000003,0.5883394056754703,4.952197422105507,1.0
Y2024_LAT23.56127_LON90.17382,2024,90.1738206215853,23.561268513405874,20,32.76096280079422,32.673050966585386,0.7775577986298691,30.677760949999993,35.40659162000003,0.5975190822188158,5.745898804229669,1.0
Y2024_LAT23.56145_LON90.18361,2024,90.18360753279721,23.561446235584405,20,32.250941988498525,32.105904593282695,0.7883551787061914,30.467552720000015,35.44077182000001,0.6284590005582322,6.235217072318058,0.7319472075656632
Y2024_LAT23.56162_LON90.19339,2024,90.193394539743,23.561623342994867,20,30.82461810811881,30.82710213153849,0.8934441235741719,28.385978539999996,34.251300860000015,0.6415738435457912,4.611105554542307,0.6137061977577558
Y2024_LAT23.5618_LON90.20318,2024,90.20318164221113,23.561799835632396,20,30.59128556539294,30.55525191736845,0.8908922997955563,29.124270860000024,32.60723324000003,0.6308962236450897,4.895762711864408,0.21161440269144766
Y2024_LAT23.56811_LON90.05618,2024,90.0561841032653,23.56810872663883,20,26.579561903103475,26.553867653802286,0.6352865898524924,25.64472650000002,30.359885090000006,-0.18783687863914342,7.217830109335575,0.07210173360918887
Y2024_LAT23.56829_LON90.06597,2024,90.0659705057738,23.56829390346477,20,25.638734209505632,25.558033083636385,0.2538880993558193,25.237982120000026,26.54708377999998,-0.1222727112463454,6.045612761675383,0.43596520563412666
Y2024_LAT23.56848_LON90.07576,2024,90.07575700812465,23.56847846549364,20,36.02053797726193,38.15150582428573,4.655933768611719,25.863479780000006,41.48724920000001,0.1626800080903413,6.092431864223833,0.8864971204758622
Y2024_LAT23.56866_LON90.08554,2024,90.08554360972573,23.56866241285735,20,36.24844671853984,36.08914732009403,2.089419090254112,32.687556710000024,42.034132399999976,0.3422688791803938,5.678438222758679,0.9518802250775172
Y2024_LAT23.56885_LON90.09533,2024,90.09533031066343,23.568845745324147,20,32.217642646422256,33.53132466891306,3.350117720587324,25.620800360000032,36.88317626000003,0.2805869418651239,5.739173371285834,0.6182858456377526
Y2024_LAT23.56903_LON90.10512,2024,90.10511711033375,23.569028462994325,20,27.93513961067657,26.904412396318598,2.5840980785748062,25.02264686000001,35.33823122000001,-0.11715824409134037,5.138998715727016,0.6407173579495433
Y2024_LAT23.56921_LON90.1149,2024,90.11490400835534,23.56921056583318,20,26.705257299627842,26.530947972453603,1.0063422741653563,25.579784120000028,34.282063040000025,-0.18851187476638573,5.7681152389153745,0.886297428326746
Y2024_LAT23.56939_LON90.12469,2024,90.12469100463397,23.56939205383484,20,26.87116428558458,26.83540826037104,0.24232538167480563,26.403526940000006,28.46630201000002,-0.18357129443313178,6.977340509674553,0.9306195872290923
Y2024_LAT23.56957_LON90.13448,2024,90.1344780985673,23.56957292699432,20,32.238393335655005,33.59340631478264,3.6631548649411005,27.172581440000044,38.113663460000026,0.09876544327970456,6.012868815829153,0.9785440531296886
Y2024_LAT23.56975_LON90.14427,2024,90.1442652900807,23.56975318514655,20,32.253144453834295,32.77902818369233,2.4797056529889976,26.94015608000001,39.25528214000002,0.2958551563772785,4.410899580703909,1.0
Y2024_LAT23.56993_LON90.15405,2024,90.15405257867346,23.569932828379407,20,33.475132482901515,33.295640943783816,1.1653527156892682,29.522470190000035,36.531120200000004,0.5675250048698111,4.404700476118205,1.0
Y2024_LAT23.57011_LON90.16384,2024,90.16383996414751,23.570111856688687,20,32.48901420000557,32.39087257400002,0.7187193377673256,30.549585200000024,35.396337560000006,0.6151372707386831,6.140798989175281,1.0
Y2024_LAT23.57029_LON90.17363,2024,90.1736274458886,23.570290270004396,20,32.59768162863828,32.48556800428572,0.7757626639583646,31.175082860000032,35.529640340000014,0.6172085986279324,6.591398077167423,1.0
Y2024_LAT23.57047_LON90.18342,2024,90.18341502396615,23.570468068336094,20,32.499047284752535,32.42258585521741,0.7958929222585673,30.852079970000034,35.87827837999998,0.6206346114188035,6.1233989687046675,1.0
Y2024_LAT23.57065_LON90.1932,2024,90.19320269775938,23.57064525159108,20,31.75784829723104,31.763926752894758,0.619949158334526,29.54981435000002,34.46492711000002,0.6016709627391102,5.755002064708311,1.0
Y2024_LAT23.57082_LON90.20299,2024,90.2029904670772,23.570821819783017,20,31.518785190818143,31.54845243194435,0.7790823174374161,29.172123139999997,33.65656538000002,0.5818146485846114,5.720096050343634,0.869721771130019
Y2024_LAT23.57694_LON90.0462,2024,90.04619585909796,23.576943666385603,20,34.46485238420968,34.90508017888114,2.040889003017939,27.237523820000035,37.70350106000001,0.4068076372333378,7.2245377408031795,0.13053062225813936
Y2024_LAT23.57713_LON90.05598,2024,90.05598282827117,23.577129537391478,20,32.59756134858611,33.851072419714306,3.6981201407590536,25.807082450000024,38.42470328000002,0.2405049798838847,7.412408995000681,0.9416774664728672
Y2024_LAT23.57731_LON90.06577,2024,90.065769897539,23.577314793497933,20,25.865332178118365,25.85979521715598,0.4020705888253841,25.13544152000003,29.64039188000004,-0.1794761355927691,6.155100182470812,1.0
Y2024_LAT23.5775_LON90.07556,2024,90.07555706663567,23.577499434562377,20,30.114003926475203,26.290802035510232,5.2490963503448915,25.306342520000044,41.53168346000001,-0.012131035899768937,6.168699021998844,1.0
Y2024_LAT23.57768_LON90.08534,2024,90.08534433523448,23.5776834605988,20,35.30163629211091,35.53210891000002,2.1484752088171133,26.613735169999984,40.28068814000005,0.24365099862359227,6.209196278570737,1.0
Y2024_LAT23.57787_LON90.09513,2024,90.0951317028898,23.57786687159305,20,28.350909951323715,26.596668481095907,3.2684482576330516,25.241400140000025,36.42516158000001,-0.039505738845967336,6.634899570470086,1.0
Y2024_LAT23.57805_LON90.10492,2024,90.10491916941976,23.578049667496614,20,26.00721640404238,26.034911162413824,0.2538669029195712,25.357612820000014,26.72482081999999,-0.17244862825647106,6.322200379059284,1.0
Y2024_LAT23.57823_LON90.11471,2024,90.11470673447899,23.57823184828701,20,26.835930886841407,26.72633994000002,0.41426609829450994,25.98311048000005,28.76025173000005,-0.20659017213719913,4.857594623974711,1.0
Y2024_LAT23.57841_LON90.12449,2024,90.12449439763861,23.578413414009635,20,27.789397212424312,27.53049406786564,1.4138382612920535,26.342002579999985,36.51232109,-0.1727809781326638,5.992499991176477,1.0
Y2024_LAT23.57859_LON90.13428,2024,90.13428215864754,23.57859436451453,20,30.587514530018826,29.339537759600013,2.9526580264914046,27.333228380000037,38.52040784000002,-0.013237495523998234,5.481500566471273,1.0
Y2024_LAT23.57877_LON90.14407,2024,90.14407001710569,23.578774699885162,20,33.034363559284394,33.40668912900002,2.2883429156729136,27.664776319999987,37.22156024000003,0.3772978046412584,5.057797919049049,1.0
Y2024_LAT23.57895_LON90.15386,2024,90.15385797276721,23.57895442004642,20,33.34703229334913,33.26545218902441,0.7241364505469101,31.55790109999998,36.53453822000006,0.5640423140650811,5.471999378822811,1.0
Y2024_LAT23.57913_LON90.16365,2024,90.16364602520018,23.579133524951896,20,32.51995965043252,32.513935245102054,0.6986254424436972,30.787137590000015,35.16733022000005,0.6220626640287354,6.345999230587345,1.0
Y2024_LAT23.57931_LON90.17343,2024,90.17343417417264,23.57931201463274,20,32.23426378748276,32.25735616775001,0.5630335398407802,30.542749160000028,34.347005420000016,0.6566098704666964,6.3413945477390605,1.0
Y2024_LAT23.57949_LON90.18322,2024,90.18322241933929,23.579489889063357,20,32.59220536056004,32.66363057000002,0.544584879138718,30.84695294000005,34.38802166000005,0.6119919305742717,6.644298405056953,1.0
Y2024_LAT23.57967_LON90.19301,2024,90.19301076029917,23.579667148169737,20,32.41094727126301,32.39138527700002,0.8271004213555088,30.221455279999986,35.235690620000014,0.5939520399408088,6.655899595175998,1.0
Y2024_LAT23.57984_LON90.2028,2024,90.20279919675204,23.579843791963405,20,32.70114310425406,32.66884754789476,0.9571910140366511,29.978775860000013,35.58091064000001,0.5657776430038378,6.582157528479728,0.9147433164849919
Y2024_LAT23.58002_LON90.21259,2024,90.21258772841915,23.580019820434256,20,31.37911166433119,31.323766730000045,0.43105869029906896,30.981964730000016,32.49102056000004,0.5994791804023117,6.133176193282263,0.006008100491410941
Y2024_LAT23.58596_LON90.04599,2024,90.04599381691534,23.58596438550922,20,32.23087465789402,32.220996979999995,0.18772633416701198,31.903121120000037,32.480766500000016,0.5315848621760904,7.0,0.005143016929834805
Y2024_LAT23.58615_LON90.05578,2024,90.05578145311696,23.586150336100093,20,33.192428954419526,32.724178352857166,3.300897015818502,27.469949180000015,39.96623030000001,0.22361440624485804,7.579877757833267,0.6371780069275793
Y2024_LAT23.58634_LON90.06557,2024,90.06556918952256,23.586335671448463,20,27.972272024627607,26.53208988757814,2.9452132042647516,24.85174586000005,38.838283700000034,-0.028350679738429165,6.606800502590595,1.0
Y2024_LAT23.58652_LON90.07536,2024,90.07535702573853,23.58652039155245,20,25.644823889901144,25.63156178234377,0.32346609480159794,24.684262880000006,27.425514920000012,-0.14019632356157283,6.123095873392349,1.0
Y2024_LAT23.5867_LON90.08514,2024,90.08514496146475,23.586704496283456,20,26.929037236764422,26.02773732234131,2.9850793206435164,25.051700030000006,39.55264987999999,-0.1193233669003348,5.93179732610506,1.0
Y2024_LAT23.58689_LON90.09493,2024,90.0949329963622,23.586887985781267,20,26.134623380053696,26.142555219862093,0.5622076283941234,25.070499140000038,31.848432800000012,-0.13127753303747952,5.886299464938655,1.0
Y2024_LAT23.58707_LON90.10472,2024,90.10472113013071,23.58707085993436,20,28.834472907795703,26.471254373333355,3.885411628801023,25.25678123,37.80945968000003,0.02107093882652093,5.80330142730083,1.0
Y2024_LAT23.58725_LON90.11451,2024,90.11450936239324,23.587253118705235,20,31.787263883583076,31.97945690000004,3.3744478172492998,26.177937620000023,39.20742986000002,0.12130988165834765,5.577499188231471,1.0
Y2024_LAT23.58743_LON90.1243,2024,90.12429769287054,23.587434762095437,20,33.01950060334252,33.08575604000002,2.1642764234884564,28.76025173000005,39.062164010000004,0.28623688262534197,5.85239930540849,1.0
Y2024_LAT23.58762_LON90.13409,2024,90.13408612110976,23.58761579005396,20,33.215486692816604,33.42159468595747,1.2877594657560623,28.714108460000006,35.63559896000004,0.47566123314716524,5.234798751994121,1.0
Y2024_LAT23.5878_LON90.14387,2024,90.14387464704231,23.58779620262227,20,33.321796564278955,33.30447047886366,0.6909439356677728,31.80399854000001,35.58774668000001,0.5530040741631355,5.320397978343427,1.0
Y2024_LAT23.58798_LON90.15366,2024,90.15366326991588,23.58797599966816,20,32.86073175755579,32.76615549100919,0.6636029352936744,31.59379031000003,36.53453822000006,0.5961639100325635,5.708398627758244,1.0
Y2024_LAT23.58816_LON90.16345,2024,90.16345198990635,23.58815518125924,20,33.17999343615913,33.024704384893624,0.7156195336813409,31.83476072000002,35.73472154000004,0.5993558167540318,6.3258968277497685,1.0
Y2024_LAT23.58833_LON90.17324,2024,90.17324080625525,23.588333747325716,20,32.60918502506069,32.484010131224515,0.8139842828254358,30.88455116,36.50719406000002,0.6151826826055946,7.432602035774283,1.0
Y2024_LAT23.58851_LON90.18303,2024,90.183029718879,23.58851169786459,20,32.29609516754741,32.24195748500002,0.7190464610012327,30.52565906000001,34.02571154000003,0.5892864709257644,6.332496858808742,1.0
Y2024_LAT23.58869_LON90.19282,2024,90.19281872730237,23.588689032843238,20,32.84269829166001,32.70037428500002,0.9120845404708824,30.221455279999986,34.84945435999998,0.5709857184936314,7.058800276707177,1.0
Y2024_LAT23.58887_LON90.20261,2024,90.20260783126669,23.588865752282388,20,33.021464946669866,32.91594259181821,1.0099975804511752,30.710232140000016,35.58091064000001,0.5877940113207777,6.781598972230453,1.0
Y2024_LAT23.58904_LON90.2124,2024,90.21239703050647,23.589041856029944,20,32.286514185357994,32.266503388153865,0.8922123700756182,30.06422636000002,34.49739830000004,0.5893309092669745,6.910774863478414,0.3522228860361078
Y2024_LAT23.5948_LON90.036,2024,90.03600347111704,23.59479844691392,20,34.027420550000016,34.027420550000016,0.0,34.027420550000016,34.027420550000016,0.5162720084190369,8.0,6.711480517278528e-05
Y2024_LAT23.59499_LON90.04579,2024,90.04579167419091,23.59498509252726,20,34.205369504084565,34.47973853000004,1.422430557061952,29.594248610000022,36.76696358000004,0.4339823204406378,8.837045235197849,0.688240050828857
Y2024_LAT23.59517_LON90.05558,2024,90.05557997778936,23.59517112263364,20,33.38070809305014,33.42414002000002,1.1909191455162125,30.26247152000002,35.95176581000001,0.44605310571766676,8.60350754591787,1.0
Y2024_LAT23.59536_LON90.06537,2024,90.06536838164709,23.595356537252762,20,31.295846454008792,32.035876670198924,3.81673763035544,25.313178559999983,39.73380494000003,0.11368246822616071,7.6669007845891555,1.0
Y2024_LAT23.59554_LON90.07516,2024,90.07515688533432,23.59554133638684,20,25.674111455581134,25.74441875000002,0.3252176387531506,24.834655760000004,26.818816370000036,-0.13166919509403152,6.764799723293788,1.0
Y2024_LAT23.59573_LON90.08495,2024,90.08494548853858,23.595725519964397,20,25.67899560915043,25.79583359313435,0.6112333510786021,24.762877340000017,30.68630600000006,-0.11648853691343049,5.627998249403529,1.0
Y2024_LAT23.59591_LON90.09473,2024,90.09473419102342,23.595909087928014,20,30.66351396037025,32.16260580500001,3.593504747518322,25.227728060000004,38.48451863,0.11085946291784211,5.175200206117889,1.0
Y2024_LAT23.59609_LON90.10452,2024,90.10452299225352,23.596092040304715,20,32.60752364135259,32.76346523750002,1.3775296909178723,28.951660850000025,36.71227526000001,0.43228012502508606,6.514701782002095,1.0
Y2024_LAT23.59627_LON90.11431,2024,90.11431189212549,23.596274377093007,20,33.471372408996935,33.66810119750001,0.9654349510275996,28.95678787999998,35.128022990000034,0.5486984987006821,5.952702130362971,1.0
Y2024_LAT23.59646_LON90.1241,2024,90.12410089023778,23.596456098183445,20,33.26222205157688,33.29867288962267,0.6765322451814432,31.530556939999997,35.616799850000035,0.5724804591338822,6.248700292588577,1.0
Y2024_LAT23.59664_LON90.13389,2024,90.13388998618139,23.596637203605646,20,32.67495590306754,32.61087539245903,0.789823758754998,30.94949354000005,35.63559896000004,0.5766543417204792,6.66210077894209,1.0
Y2024_LAT23.59682_LON90.14368,2024,90.1436791796325,23.596817693356176,20,32.677467976384186,32.75468998211357,0.7226203189897163,30.85378897999999,34.47005414,0.6037740827281198,6.212701000945891,1.0
Y2024_LAT23.597_LON90.15347,2024,90.1534684703842,23.59699756729302,20,32.756928046901145,32.64479658224492,0.724185966286113,30.717068180000012,35.382665480000014,0.603831117261794,6.0549000645883115,1.0
Y2024_LAT23.59718_LON90.16326,2024,90.16325785798442,23.597176825579254,20,32.395043350255676,32.26694555265826,0.6936386929782008,30.956329579999988,35.17416625999999,0.620723073074472,6.031898861057483,1.0
Y2024_LAT23.59736_LON90.17305,2024,90.1730473421215,23.597355468053422,20,32.01275458318895,32.10034087400001,0.4797007868136665,30.25734448999998,33.119936240000015,0.6345406721921303,6.383299450820951,1.0
Y2024_LAT23.59753_LON90.18284,2024,90.18283692257297,23.597533494740503,20,32.046237481255005,32.140762289740294,0.8507966750758517,29.448982760000035,34.11116204000001,0.5994219648851211,6.503700592588928,1.0
Y2024_LAT23.59771_LON90.19263,2024,90.19262659872543,23.597710905631754,20,30.839967443883733,30.831212058421073,0.9901960411384546,29.120852839999998,35.22201854000002,0.652067496395408,5.399798117409549,1.0
Y2024_LAT23.59789_LON90.20242,2024,90.20241637070119,23.597887700577804,20,31.89716655330472,31.791180965000024,1.0755785831955709,29.578867520000017,34.64095514000002,0.6397861563144823,5.731096381630032,1.0
Y2024_LAT23.59806_LON90.21221,2024,90.2122062376602,23.598063879734603,20,32.844930584387996,32.79693335000001,0.7665833367530355,30.65212580000002,35.14340407999998,0.6176021880483361,6.460156539868196,0.9996997315246572
Y2024_LAT23.59824_LON90.222,2024,90.22199619966455,23.598239442940674,20,32.45788647187916,32.44316828,0.6480940947407795,30.710232140000016,34.05134669,0.5543177182052925,6.154781074361301,0.5859766458190233
Y2024_LAT23.60382_LON90.0358,2024,90.03580056023165,23.603819061985668,20,34.02092015498273,34.12141610000003,0.4280923146256981,33.22418585,35.1126419,0.46985949560317375,7.783967217313361,0.08395269664934614
Y2024_LAT23.60401_LON90.04559,2024,90.04558943091567,23.604005787425084,20,34.516715343180074,34.53328751000002,1.2706890871028256,28.908935600000007,38.657128639999996,0.4603502841289941,8.28650033705923,1.0
Y2024_LAT23.60419_LON90.05538,2024,90.05537840228902,23.60419189714959,20,32.77569767086025,33.09544043000002,2.711653860237241,27.28708511000002,38.5990223,0.2858044014906334,8.754803552016728,1.0
Y2024_LAT23.60438_LON90.06517,2024,90.06516747388737,23.604377391111335,20,28.616075399284114,26.902083135000026,3.653176391766207,25.721631950000045,38.58705923000002,-0.07385431203259413,7.21129907211657,1.0
Y2024_LAT23.60456_LON90.07496,2024,90.07495664535803,23.604562269246284,20,25.412995575919176,25.508212852727283,0.42885062678309027,24.250174340000058,26.81027132,-0.1294895463284736,6.826500972354077,1.0
Y2024_LAT23.60475_LON90.08475,2024,90.08474591641308,23.60474653158036,20,29.32899927645335,28.163237570000007,3.307033225989766,24.810729620000018,35.792827880000004,0.15152649757311798,5.112595823980364,1.0
Y2024_LAT23.60493_LON90.09454,2024,90.09453528668544,23.604930178071733,20,32.69523583980515,32.642104316383005,0.7660503248142486,30.498314900000025,34.57259474,0.5588978161578864,5.806199771999742,1.0
Y2024_LAT23.60511_LON90.10432,2024,90.1043247559147,23.605113208680958,20,32.26818112879165,32.23262567847828,0.8137294270502189,30.330831920000037,34.76400386,0.5752739568810921,6.975699971411742,1.0
Y2024_LAT23.6053_LON90.11411,2024,90.11411432372446,23.60529562340362,20,32.72063463558561,32.6383102376316,0.721957226232306,30.87087908000001,35.20834646,0.5741010776469051,6.584000395295991,1.0
Y2024_LAT23.60548_LON90.1239,2024,90.12390398965758,23.605477422241357,20,33.39637794021362,33.413264501818205,0.5840704353617439,31.923629240000025,34.830655250000035,0.5528792275928918,6.285300335647471,1.0
Y2024_LAT23.60566_LON90.13369,2024,90.13369375359669,23.605658605116787,20,32.45053985399311,32.4276948110811,0.5755351678270109,31.168246820000036,34.21541165000002,0.5897860759979774,6.147698997292941,1.0
Y2024_LAT23.60584_LON90.14348,2024,90.14348361519569,23.605839172024595,20,32.422998527477,32.44691182571431,0.6036661192823092,30.334249940000035,33.67365547999998,0.6092753158833234,6.947002103539334,1.0
Y2024_LAT23.60602_LON90.15327,2024,90.15327357382665,23.606019123018413,20,32.676697454666886,32.764809302656275,0.6324525213620377,30.546167179999998,34.856290400000034,0.6107970526826453,6.51330060388308,1.0
Y2024_LAT23.6062_LON90.16306,2024,90.16306362953624,23.606198457881845,20,32.179736656894136,32.10802242421054,0.9158500831226677,30.18043904000001,35.114350909999985,0.5884404379402081,6.301800355059258,1.0
Y2024_LAT23.60638_LON90.17285,2024,90.17285378180443,23.60637717677695,20,32.5486674616638,32.26543124000001,1.2266653886854677,30.61281857,36.95666369,0.5059194486932362,6.243601146358349,1.0
Y2024_LAT23.60656_LON90.18264,2024,90.18264403032298,23.606555279582388,20,31.90730487791093,31.865736526250036,0.6830385446774728,29.876235260000044,33.44123012,0.5818045774533177,6.131100154235488,1.0
Y2024_LAT23.60673_LON90.19243,2024,90.19243437472318,23.606732766304486,20,31.306711029395935,31.23100325697676,0.8840423549453045,29.647227919999978,34.45638206000001,0.6257847274950015,5.810198600233655,1.0
Y2024_LAT23.60691_LON90.20222,2024,90.2022248147192,23.606909636959887,20,31.59869744969629,31.52087255000002,1.0813028040138266,29.534433260000014,34.86996248000003,0.6044586781241086,5.983097567517977,1.0
Y2024_LAT23.60709_LON90.21202,2024,90.21201535005709,23.607085891444353,20,32.74799444598348,32.731392816500026,1.0466976181959642,29.78736674000004,35.068207640000026,0.5734646294725273,6.662400779295053,1.0
Y2024_LAT23.60726_LON90.22181,2024,90.22180598019388,23.607261529761217,20,33.49008475162339,33.669213176502474,1.0735339240161554,30.718777190000026,36.15855601999999,0.5746813589901957,6.358987894711383,0.8931326008011549
Y2024_LAT23.61081_LON90.42743,2024,90.4274305541086,23.610807560186927,20,36.17988596945294,36.00816314000002,2.5089741341431715,32.757626120000054,40.23283586000002,0.21771436805677272,4.734318060346924,0.07319224299497504
Y2024_LAT23.61097_LON90.43722,2024,90.43722318872717,23.610969637114824,20,32.94051934494728,32.596979180000005,1.3345611424992414,31.40750822000001,37.08483944000005,0.1533996134278471,4.425248138957815,0.03434134702442464
Y2024_LAT23.61284_LON90.0356,2024,90.03559754830985,23.612839664946023,20,34.62049651666937,34.60677494000004,0.22977866660244187,34.14192422000002,35.17416625999999,0.49955869602530467,7.08474121748458,0.01320532887607739
Y2024_LAT23.61303_LON90.04539,2024,90.04538708714924,23.613026470206158,20,29.405515635196444,27.594575447692318,3.4971531056228935,24.53045198000001,35.98252799000002,0.11815641772636172,7.738220401065868,0.4491916149259223
Y2024_LAT23.61321_LON90.05518,2024,90.05517672655843,23.61321265948055,20,27.327190025176623,26.98353477500002,1.0696363042068104,24.950868440000022,32.26201322000003,-0.10942732976125594,7.576998009402399,1.0
Y2024_LAT23.6134_LON90.06497,2024,90.06496646621665,23.61339823274285,20,26.44878249978471,26.538867385769247,0.39296838028109204,25.508005700000012,28.13646308,-0.11727600280607926,7.0006952973896155,1.0
Y2024_LAT23.61358_LON90.07476,2024,90.0747563058962,23.61358318994972,20,29.392751685285802,27.82884128000002,3.6621572284678803,24.455255540000053,36.13121186000001,0.14015670860801044,6.09930046729632,1.0
Y2024_LAT23.61377_LON90.08455,2024,90.08454624501395,23.61376753104904,20,32.880669863741495,32.85039238210528,1.0355096198347942,26.81027132,35.79111887000002,0.523387897030532,5.537697824460339,1.0
Y2024_LAT23.61395_LON90.09434,2024,90.09433628353942,23.61395125610378,20,32.881275543757006,32.86693702884619,0.7164073954779574,30.790555610000013,34.64779118000001,0.5801194919055747,5.678998489404632,1.0
Y2024_LAT23.61413_LON90.10413,2024,90.10412642097,23.614134364971328,20,32.99720270112854,33.01413884735851,0.8487043138569546,30.710232140000016,36.35680118000005,0.5701443548377434,5.58089802775541,1.0
Y2024_LAT23.61432_LON90.11392,2024,90.11391665697448,23.614316857740192,20,33.82370008826083,33.402962152837844,1.555256739459578,31.366491979999978,40.661797370000016,0.5346029047234002,5.652100715768059,1.0
Y2024_LAT23.6145_LON90.12371,2024,90.12370699129812,23.61449873431452,20,34.599262756165274,34.34580900058981,1.5401092114188644,32.22783302000002,41.12664809000003,0.5049412143687478,5.06810032047208,1.0
Y2024_LAT23.61468_LON90.1335,2024,90.13349742343316,23.61467999466885,20,33.017523448411595,32.9808394992683,0.9721042379416734,31.04861612000002,35.85777026000005,0.5698994532951805,5.751298829641531,1.0
Y2024_LAT23.61486_LON90.14329,2024,90.14328795335798,23.61486063877238,20,32.793272024138396,32.838291392,0.4732541816339403,31.518593870000018,34.189776499999994,0.5869894692427055,6.329899199525636,1.0
Y2024_LAT23.61504_LON90.15308,2024,90.15307858043687,23.615040666645115,20,32.42963599365459,32.46177019653848,0.6784902723148003,30.470970739999984,34.06330976000004,0.6338524504917071,6.216696313864989,1.0
Y2024_LAT23.61522_LON90.16287,2024,90.16286930451557,23.615220078290914,20,31.21023793616721,30.935818777095783,0.857871397046192,29.67457208000002,34.066727780000036,0.6227218956446287,5.892701848008682,1.0
Y2024_LAT23.6154_LON90.17266,2024,90.17266012520611,23.61539887357998,20,31.71038002149685,31.515517652000018,1.0166281951605045,29.01831224,34.51107037999998,0.5799318033356533,5.802800248471747,1.0
Y2024_LAT23.61558_LON90.18245,2024,90.18245104215279,23.615577052584186,20,31.96843850480247,32.010788750000025,0.8121751757336582,29.548105340000006,33.83772044000003,0.5882965900995687,5.927999661174861,1.0
Y2024_LAT23.61575_LON90.19224,2024,90.1922420550847,23.615754615174378,20,32.300428535600325,32.36071804200002,0.9098029728810274,30.23170934000001,34.85116337000002,0.599533200907814,6.459097454576242,1.0
Y2024_LAT23.61593_LON90.20203,2024,90.2020331635949,23.615931561389,20,31.998445216392778,32.07103135250003,0.7246721100095469,30.57351134000001,34.545250580000015,0.5991593453010041,6.199197407987803,1.0
Y2024_LAT23.61611_LON90.21182,2024,90.21182436738655,23.616107891202397,20,32.23132233621145,32.1439325523256,0.9090374903033294,30.34450400000003,34.40511176000001,0.6178398244849184,6.068897971284559,1.0
Y2024_LAT23.61628_LON90.22162,2024,90.22161566619138,23.616283604691276,20,32.170965016235186,32.075057109967844,1.1819418995723932,29.199467300000038,34.769130890000014,0.6196352104483864,6.669294317066651,0.9937726300708203
Y2024_LAT23.61646_LON90.23141,2024,90.23140705959227,23.616458701651823,20,32.50539723695731,32.460409811265855,0.7332691038152147,31.132357610000042,34.96224902000006,0.6103409301464707,6.814925664148174,0.3711120517802162
Y2024_LAT23.61967_LON90.41746,2024,90.41746107053739,23.61966838825803,20,37.027380055645516,37.019897060000005,0.8759191253589581,35.72275847,39.03652886000003,0.4442296570013423,5.559445660102115,0.024342866883047647
Y2024_LAT23.61983_LON90.42725,2024,90.4272542864896,23.619831151377753,20,35.96041832181079,35.77172160650002,1.5551722690726815,33.84455648000005,40.14396734000002,0.45428483258101604,4.918874524984897,0.8086705845608136
Y2024_LAT23.61999_LON90.43705,2024,90.4370475903296,23.619993297595872,20,36.18395056885927,36.41759310714287,1.4371231722636162,31.157992760000013,38.86391885000003,0.3546501044747491,4.260494309945072,0.9039882306310648
Y2024_LAT23.62015_LON90.44684,2024,90.44684098128893,23.620154826879592,20,36.044396998149395,36.583529840000004,2.068476543935674,30.96658364000001,39.23819204000006,0.20173439387101275,4.359927890806078,0.2093028269986094
Y2024_LAT23.62205_LON90.04518,2024,90.04518464271203,23.622047140918905,20,26.18774202847668,26.16811081250001,0.3570170512737214,25.484079560000026,27.258031940000023,-0.14757434577141998,7.927583112325541,0.534644318804358
Y2024_LAT23.62223_LON90.05497,2024,90.05497495053406,23.622233409833044,20,25.824524760523065,25.756430302553206,0.44707977079661504,24.99188468,28.823485100000028,-0.11978339578732804,8.195000917651376,1.0
Y2024_LAT23.62242_LON90.06477,2024,90.06476535865332,23.622419062320585,20,30.60185693077316,29.54084204750002,3.6652583622691455,26.174519600000053,36.973753790000046,0.15147602371571853,7.155199006116476,1.0
Y2024_LAT23.6226_LON90.07456,2024,90.07455586674224,23.622604098558412,20,33.461278368995195,33.392687662884626,0.9210386984592241,28.977296000000024,36.2918588,0.5507567524505208,6.53010062364779,1.0
Y2024_LAT23.62279_LON90.08435,2024,90.08434647443278,23.622788518511836,20,33.06443037804438,33.109747079113944,0.8465359969976372,31.045198099999993,35.57407460000002,0.5682754380029678,6.1341006310618,1.0
Y2024_LAT23.62297_LON90.09414,2024,90.09413718140415,23.622972322092547,20,33.650605339344594,33.454332530000016,0.859844355265996,31.83817873999999,36.708857239999986,0.5568209063006581,5.146798996234109,1.0
Y2024_LAT23.62316_LON90.10393,2024,90.10392798739593,23.62315550928535,20,33.15764386491711,33.11053668500003,0.8636358937707588,31.106722460000015,35.48862410000004,0.5820500240471066,4.755499712352603,1.0
Y2024_LAT23.62334_LON90.11372,2024,90.11371889198318,23.623338079937007,20,33.986458686932956,33.83764275772729,1.2163067205551144,31.612589420000006,39.83805455000004,0.5581325171812627,5.068502675306707,1.0
Y2024_LAT23.62352_LON90.12351,2024,90.12350989493636,23.623520034224157,20,34.005313283334395,33.82793783103449,1.0267057678083105,32.52520076000002,40.24650794000004,0.5503193999967114,5.691701990237636,1.0
Y2024_LAT23.6237_LON90.1333,2024,90.13330099572634,23.623701372131254,20,33.063858366567445,33.13822264700001,0.7186099392718672,30.981964730000016,35.509132220000026,0.6055851243542177,5.942601108942478,1.0
Y2024_LAT23.62388_LON90.14309,2024,90.14309219432819,23.623882093479704,20,32.84936682175402,32.82024234750002,0.46324004211428077,31.335729800000024,34.99984724000001,0.6250958926406152,6.426199652704252,1.0
Y2024_LAT23.62406_LON90.15288,2024,90.15288349003131,23.624062198306426,20,31.976681486611444,31.992646951538482,0.5598845319502981,30.16847597000003,33.37628774000001,0.6471291944896665,5.833097450702881,1.0
Y2024_LAT23.62424_LON90.16267,2024,90.16267488295445,23.62424168658617,20,31.11593648566139,31.169927813442637,0.8984809630084275,29.37720434000002,34.00862144000001,0.6192462792129434,6.401301648590173,1.0
Y2024_LAT23.62442_LON90.17247,2024,90.1724663722966,23.62442055832163,20,32.29247063583903,32.29247700142859,0.6685566619925399,29.96510378000005,34.364095520000035,0.5859426492055065,6.322003868253502,1.0
Y2024_LAT23.6246_LON90.18226,2024,90.18225795806664,23.62459881340563,20,32.7899604663924,32.79944660000001,0.9403159055769097,30.14625884000003,35.181002300000046,0.5811001564861985,6.022500026470617,1.0
Y2024_LAT23.62478_LON90.19205,2024,90.19204963976729,23.624776451971467,20,32.683201479876956,32.76172774400001,0.9847619350807916,29.958267739999997,35.23910864000004,0.5958656189799797,6.916899902235175,1.0
Y2024_LAT23.62495_LON90.20184,2024,90.2018414171403,23.624953473877497,20,33.36177153577666,33.45522263937502,1.0940907830610236,30.187275080000006,36.04576136000003,0.5802519488558786,7.021300100235772,1.0
Y2024_LAT23.62513_LON90.21163,2024,90.21163328989275,23.62512987910263,20,32.27536001670697,32.265670501400024,0.6741573579019,30.16334893999999,34.186358480000024,0.637843238677052,6.901899884588099,1.0
Y2024_LAT23.62531_LON90.22143,2024,90.22142525748927,23.62530566764233,20,32.45658821236799,32.45154242900002,0.6127530659358122,30.190693100000033,34.41878384000006,0.6020301878284006,6.964501134707218,1.0
Y2024_LAT23.62548_LON90.23122,2024,90.23121731985778,23.625480839488127,20,33.397062824282905,33.32379671857144,0.8851794329314172,30.532495100000006,35.775737779999986,0.6016319523791258,6.417061896963646,0.9973979140887396
Y2024_LAT23.62566_LON90.24101,2024,90.24100947647247,23.62565539458282,20,33.80957045827217,33.7071901572011,0.9272004405593449,31.53739298000005,35.53305836000004,0.6266498454388846,6.036389108412962,0.10034387548391278
Y2024_LAT23.62853_LON90.40749,2024,90.40749024821635,23.62852844827597,20,35.45211792345442,35.58432865999998,0.6136889979920735,34.02912956,36.496939999999995,0.4258105934498368,5.084012849023969,0.014345518930626114
Y2024_LAT23.62869_LON90.41728,2024,90.41728404575049,23.62869189815991,20,36.209691910061686,36.015299298829284,1.1010215358163227,33.83088440000003,40.23283586000002,0.3496639465184453,5.531267896588397,0.7046581344402169
Y2024_LAT23.62885_LON90.42708,2024,90.42707793130677,23.628854730892737,20,37.148849610245115,37.109441235116286,1.0751816281458415,33.89411776999998,40.18840160000002,0.3800833130161088,5.4869005728242035,1.0
Y2024_LAT23.62902_LON90.43687,2024,90.43687190455779,23.629016946425544,20,36.820713902431564,36.73915332636365,1.38681089447905,32.644831460000034,40.48918736000002,0.3122047674797148,5.117102904013666,1.0
Y2024_LAT23.62918_LON90.44667,2024,90.44666596515947,23.629178544765832,20,35.381329418414616,36.34142009000003,3.051282496214387,30.279561620000038,41.17450037000003,0.204176254106657,5.273664337732149,0.9400241613895292
Y2024_LAT23.62934_LON90.45646,2024,90.45646011268121,23.629339525812657,20,32.96704949487364,31.569864170000002,2.571896482023844,30.411155390000005,40.95403808000003,0.1749568177509273,4.717024014124853,0.38261610107369215
Y2024_LAT23.6295_LON90.46625,2024,90.4662543470598,23.629499889615214,20,32.83429293823092,32.820289820000006,0.7054164067135392,31.284459500000025,34.79818406000001,0.13136909256496482,5.833776531450949,0.07396824261497749
Y2024_LAT23.63032_LON90.00582,2024,90.00581920137908,23.630316240577596,20,27.78500616546272,27.780988999999977,0.08510688355070757,27.637432160000003,28.023668420000035,-0.07370543489557002,7.436981757877282,0.021391854067112984
Y2024_LAT23.63051_LON90.01561,2024,90.01560977336864,23.63050505498827,20,27.57685332740998,27.54965119181819,0.1562494196043379,27.312720259999992,28.40648666000004,-0.11132016906370075,7.011690596447442,0.3159640660582045
Y2024_LAT23.63069_LON90.0254,2024,90.02540044685855,23.630693252966037,20,28.328552314448782,27.465885534000012,2.4483276704856265,26.112995240000032,36.81994289000005,-0.08024412223935316,6.495034517401232,0.5285350898908279
Y2024_LAT23.63088_LON90.03519,2024,90.03519122181311,23.630880834439807,20,27.861302878503988,26.7162429044231,2.6389649764953385,25.90449602000001,36.66613199000005,-0.11584778484609233,7.344417699509286,0.5785511251763146
Y2024_LAT23.63107_LON90.04498,2024,90.04498209769812,23.631067799470767,20,26.12346115044586,25.98060652730755,0.5893405415240549,25.75752116000001,33.33698050999999,-0.11246565550585674,6.8940844831605785,0.842457681594175
Y2024_LAT23.63125_LON90.05477,2024,90.05477307424252,23.631254147911996,20,30.083444000476224,29.746350500000005,3.639970721747988,25.196965879999993,36.71569327999998,0.20142408802761666,6.953002131774755,1.0
Y2024_LAT23.63144_LON90.06456,2024,90.06456415107301,23.63143987984279,20,33.412530082146525,33.300603011428585,0.7228739950160114,29.85230912000003,36.26793266000004,0.5668562345206465,7.182100214235556,1.0
Y2024_LAT23.63162_LON90.07436,2024,90.07435532800123,23.631624995172196,20,33.67074835406103,33.514473405714305,0.7903101909342234,32.361135800000056,37.57874333000001,0.5831520524813104,6.051300060353006,1.0
Y2024_LAT23.63181_LON90.08415,2024,90.08414660453354,23.631809493901137,20,32.47306192496725,32.553782478965545,0.6693218138076106,30.778592539999977,34.08552689000001,0.6185181684260974,6.279103666370208,1.0
Y2024_LAT23.63199_LON90.09394,2024,90.09393798034814,23.631993375974673,20,32.719278067964574,32.69452421230771,0.6219688712990693,30.88967819000004,34.350423439999986,0.6190777899369647,4.879399858117483,1.0
Y2024_LAT23.63218_LON90.10373,2024,90.10372945516869,23.632176641414723,20,32.71348932459889,32.73505387103898,0.6064605831971377,30.698269070000038,34.79134801999999,0.6290328892143806,4.087998927057569,1.0
Y2024_LAT23.63236_LON90.11352,2024,90.11352102872527,23.632359290226457,20,32.57073490581062,32.5435397519231,0.6414249880345866,30.867461059999982,35.071625659999995,0.62444848035526,5.35070165036072,1.0
Y2024_LAT23.63254_LON90.12331,2024,90.1233127005404,23.632541322280527,20,33.0967077930951,32.976559295789485,0.6405308114014348,31.523720900000058,34.99813823000005,0.6128211806851861,6.12020131788392,1.0
Y2024_LAT23.63272_LON90.1331,2024,90.1331044703737,23.632722737589727,20,32.90650832184923,32.960876237857164,0.5821331495538163,31.24344326000005,34.825528220000024,0.6389001879617731,6.402099296587416,1.0
Y2024_LAT23.6329_LON90.1429,2024,90.14289633789178,23.632903536121397,20,32.96992092229786,32.91993880392406,0.6184765227778398,31.205845039999986,35.334813199999985,0.6142760381932907,7.063900300707314,1.0
Y2024_LAT23.63308_LON90.15269,2024,90.15268830281009,23.633083717928397,20,32.91050608295644,32.888065153513544,0.8513257546643372,30.790555610000013,35.23910864000001,0.532738743007199,6.09279893270463,1.0
Y2024_LAT23.63326_LON90.16248,2024,90.16248036461046,23.63326328294432,20,32.8262329434472,32.852647076000025,0.7356773513196362,30.905059280000046,34.432455919999995,0.6184394770110152,5.98760116188374,1.0
Y2024_LAT23.63344_LON90.17227,2024,90.17227252310705,23.633442231082565,20,32.4060438420243,32.302322283448305,0.7845746053622209,30.62136362000001,34.358968490000024,0.635189487589595,5.359101689890323,1.0
Y2024_LAT23.63362_LON90.18206,2024,90.18206477796052,23.63362056242173,20,32.18103042523003,32.23387417162792,0.9568761386962642,29.62330178000002,34.81527416000006,0.6353952079039578,4.992499991176468,1.0
Y2024_LAT23.6338_LON90.19186,2024,90.19185712892651,23.633798276907896,20,32.97417634880813,32.929167998750025,0.707639215408365,31.103304439999988,35.05453555999998,0.608371784384591,6.299799176234334,1.0
Y2024_LAT23.63398_LON90.20165,2024,90.20164957542866,23.633975374415314,20,32.14328262562272,32.068619443225835,0.712512041694591,30.511986980000017,34.432455919999995,0.6226905507033714,6.693200909180767,1.0
Y2024_LAT23.63415_LON90.21144,2024,90.21144211727994,23.634151855080056,20,32.27820384486224,32.26592422365386,0.7419826067879556,29.889907340000036,34.21028462000004,0.6180007275411108,6.733800863295143,1.0
Y2024_LAT23.63433_LON90.22123,2024,90.2212347542373,23.63432771869168,20,31.665223487457222,31.952340608000004,0.9874927287021654,29.15845106000006,34.123125110000046,0.5985365330053563,5.555600653647825,1.0
Y2024_LAT23.6345_LON90.23103,2024,90.2310274857601,23.63450296536963,20,32.49941011549622,32.2301117,1.336327311560554,29.589121579999983,36.199572260000025,0.6179744756229527,6.152400717179864,1.0
Y2024_LAT23.63468_LON90.24082,2024,90.24082031171682,23.6346775950961,20,31.849116296223695,31.79263593297299,1.1958177268154504,29.510507120000057,34.20686660000001,0.6369680213586835,7.0,0.8241988695018186
Y2024_LAT23.63485_LON90.25061,2024,90.25061323168539,23.63485160776511,20,32.31356560901385,32.63348814087915,0.9987036270533746,30.057390320000025,33.80012222000005,0.5917360164118421,7.0,0.13802787601414634
Y2024_LAT23.63639_LON90.33875,2024,90.33875368702479,23.636389951974817,20,33.660198492220815,33.34210754000003,0.8271078985429494,32.99346950000006,35.58261965,0.5261906255316714,4.761133012118562,0.024368548952355226
Y2024_LAT23.63656_LON90.34855,2024,90.34854752886153,23.63655779316477,20,35.35472076877973,35.58487183372093,2.417538733223578,31.44168841999999,38.998930640000026,0.4442431485986592,4.222636558248737,0.15595954809318224
Y2024_LAT23.63673_LON90.35834,2024,90.35834146102766,23.636725017055053,20,34.803296663916754,34.83236426000002,0.9932061591388102,33.10284614,36.59948059999999,0.6090365439301206,5.0,0.006289553041779347
Y2024_LAT23.63739_LON90.39752,2024,90.39751808667401,23.637387739401863,20,34.36127788570329,34.09236293000001,0.6503469797639962,33.54206171000004,35.939802740000005,0.4894630215278758,5.912495174366236,0.02755859437337982
Y2024_LAT23.63755_LON90.40731,2024,90.40731246568988,23.637551876547917,20,34.68402360274541,34.76141860612527,1.3643161368868688,31.870649930000013,38.216204060000024,0.5466635924650701,5.441051828196703,0.7160788571962791
Y2024_LAT23.63772_LON90.41711,2024,90.41710693302514,23.637715396337033,20,35.63727599539067,35.48995333000001,1.0876399444281326,32.39360699000002,39.21768392000001,0.4756711718544022,5.891001048236539,1.0
Y2024_LAT23.63788_LON90.4269,2024,90.42690148839867,23.637878298641105,20,36.722811590476816,36.774810583661996,1.5219912972751224,31.32034871000002,40.22258180000006,0.4603855927984712,5.540099458940555,1.0
Y2024_LAT23.63804_LON90.4367,2024,90.4366961315126,23.638040583553735,20,36.228863156420445,36.543786980000014,1.6998409052069408,31.14432068000002,39.07754510000001,0.41311535906567043,5.829299196702116,1.0
Y2024_LAT23.6382_LON90.44649,2024,90.44649086197253,23.638202250888767,20,36.03898666347815,36.42052283857145,1.6948151701956673,32.02958785999999,39.74064098000002,0.39698478430179784,4.961098777763264,1.0
Y2024_LAT23.63836_LON90.45629,2024,90.456285679369,23.638363300742633,20,36.49372525793105,36.52877031125002,1.5771872344958087,31.658732690000022,41.41547078000002,0.4515313216344946,5.70020082376569,1.0
Y2024_LAT23.63852_LON90.46608,2024,90.46608058368504,23.638523733097685,20,35.41216979641143,35.462533214000025,1.880799284374969,28.734616580000022,40.36613864000003,0.3468705284860333,5.553841655355668,0.9849913062648227
Y2024_LAT23.63868_LON90.47588,2024,90.47587557416632,23.638683547945472,20,32.508693308143265,32.54456954000001,0.9458783827133558,29.04907442000001,35.00668328000006,0.12865287743861847,3.9647718174539617,0.04901061974051744
Y2024_LAT23.63934_LON90.00561,2024,90.00561387970349,23.639336565967717,20,30.967299634324807,30.476097770000024,2.837057293469711,27.712628600000016,36.394399400000026,-0.034248993192902935,7.157149330053722,0.27688662506228046
Y2024_LAT23.63953_LON90.01541,2024,90.01540512064885,23.63952546108223,20,32.81317554382019,33.72108050750002,3.3424062260980754,26.84103349999998,40.26701606000006,0.03730402430300388,6.993502322363851,1.0
Y2024_LAT23.63971_LON90.0252,2024,90.02519646314518,23.63971373938418,20,30.581245537341974,27.840197927096796,4.138168235510569,26.28389623999999,40.10295110000004,-0.04467317004979737,6.704399785410748,1.0
Y2024_LAT23.6399_LON90.03499,2024,90.034987907132,23.639901401038887,20,26.91133732494651,26.897062735538483,0.25227512452670536,26.071979000000056,28.493646170000005,-0.14675328057203696,7.503402368952303,1.0
Y2024_LAT23.64009_LON90.04478,2024,90.04477945199663,23.640088445885237,20,30.434152043341275,32.09658105200002,3.362584583953444,25.95918433999998,35.16391220000003,0.23992659691402343,6.966999844705128,1.0
Y2024_LAT23.64027_LON90.05457,2024,90.05457109763331,23.640274873941813,20,33.39282894361691,33.298402969662945,0.6701109729716116,31.19559098000002,35.83384411999998,0.5729281110626582,6.942999731763432,1.0
Y2024_LAT23.64046_LON90.06436,2024,90.06436284356948,23.640460685216226,20,34.35046173607839,33.95342041700001,1.2379430141641539,32.364553820000026,37.814586710000015,0.5226368015383285,6.152196010334153,1.0
Y2024_LAT23.64065_LON90.07415,2024,90.07415468952574,23.64064587967984,20,34.721264978067865,34.69268555807692,1.433520585343364,30.515404999999987,37.64197670000004,0.4906511514652754,6.500900004235315,1.0
Y2024_LAT23.64083_LON90.08395,2024,90.08394663525623,23.640830457145512,20,33.37618968659768,33.32507537254239,0.6488778567191339,31.858686860000034,36.26109662000002,0.6021895572824396,6.167601965185714,1.0
Y2024_LAT23.64101_LON90.09374,2024,90.09373868027556,23.641014417801408,20,34.45889295936098,34.26516283000001,1.450912538854471,31.76127329000002,38.51357180000002,0.5681156189968511,4.4560974404585245,1.0
Y2024_LAT23.6412_LON90.10353,2024,90.1035308243253,23.641197761553297,20,33.60569248701306,33.5426720707143,1.0480153977210929,31.503212780000013,37.28992063999999,0.6102333315448992,4.6205935086753245,1.0
Y2024_LAT23.64138_LON90.11332,2024,90.1133230671203,23.64138048836323,20,33.142574620830715,33.04799760031251,0.9296470305546214,31.082796320000057,35.365575380000024,0.6121618120759221,5.750300001411765,1.0
Y2024_LAT23.64156_LON90.12312,2024,90.12311540817527,23.641562598137853,20,32.53392993759319,32.44791553000002,1.0983238837798914,30.52224104000004,35.39804657000002,0.6369788010361405,5.826701537418982,1.0
Y2024_LAT23.64174_LON90.13291,2024,90.13290784739192,23.641744090980474,20,32.450448805433616,32.61459512923079,1.0546730121687988,30.183857060000037,34.47347216000003,0.6388961809317432,5.958599805175535,1.0
Y2024_LAT23.64192_LON90.1427,2024,90.14270038415933,23.641924966825982,20,31.986686601247712,32.01583032950002,0.7145295131235637,29.64039188000004,33.80012222000005,0.6520637797875616,6.585902757189428,1.0
Y2024_LAT23.64211_LON90.15249,2024,90.15249301844727,23.642105225591944,20,31.347386368672417,31.264683812857168,0.8726894647790945,29.695080200000007,33.80012222000005,0.6565704547663876,5.596198099755749,1.0
Y2024_LAT23.64228_LON90.16229,2024,90.16228574963881,23.642284867320626,20,32.243212758870385,32.07936277625002,0.8765618720703671,30.40602836000005,34.67171732000003,0.6379828292020207,5.514502421187845,1.0
Y2024_LAT23.64246_LON90.17208,2024,90.17207857758389,23.642463891953792,20,33.23603929151912,33.175967353571444,0.8309337150887075,31.09988642000002,35.81675402000002,0.5893770416881211,5.0981004616492145,1.0
Y2024_LAT23.64264_LON90.18187,2024,90.18187150194369,23.642642299414003,20,32.28055859510713,32.33013565658229,0.9279930416015966,30.230000329999996,35.08529773999999,0.6427127988648614,4.442897378340593,1.0
Y2024_LAT23.64282_LON90.19166,2024,90.19166452228174,23.64282008978363,20,32.2746252423522,32.35031207000002,0.646826649207959,30.713650160000043,33.936843020000026,0.6473229856573611,4.935894992447009,1.0
Y2024_LAT23.643_LON90.20146,2024,90.20145763829525,23.64299726296808,20,32.487425282659245,32.540297015000014,0.7087083979810425,30.792264620000026,34.25813690000004,0.6216767763686687,7.0033035449578485,1.0
Y2024_LAT23.64317_LON90.21125,2024,90.21125084981313,23.643173818962985,20,32.6443886272872,33.23550453918034,1.6739214771588053,28.57738766,35.31772310000002,0.6300746278993163,6.288799006112954,1.0
Y2024_LAT23.64335_LON90.22104,2024,90.22104415620227,23.64334975780315,20,30.51267981390383,30.387699846956533,0.7240243583595886,28.95336986000001,33.396795860000054,0.6665286559559971,5.779103666370199,1.0
Y2024_LAT23.64353_LON90.23084,2024,90.23083755736806,23.643525079329393,20,32.4953092382364,32.668963277155015,1.1615515679862303,29.756604560000028,36.57042743000005,0.6002401550829004,5.841101605184005,1.0
Y2024_LAT23.6437_LON90.24063,2024,90.24063105301244,23.64369978365415,20,32.48451438259885,32.48223136571429,1.2511572613544812,29.548105340000006,36.62682475999998,0.6247558998153274,7.042204904493651,1.0
Y2024_LAT23.64387_LON90.25042,2024,90.25042464250843,23.64387387067206,20,32.23781866921631,32.36569316000003,0.9050506986997541,30.29323370000003,34.11970709000002,0.6182887246526678,7.289126974572983,0.26874314779201586
Y2024_LAT23.64524_LON90.32878,2024,90.32877670502518,23.645244341727786,20,33.02716961234383,32.92207086000001,0.8049267171334289,30.99392780000005,36.20640830000002,0.5247393357735404,5.970630247067172,0.39197009102730745
Y2024_LAT23.64541_LON90.33857,2024,90.33857112606012,23.64541287210143,20,34.018927966375784,33.85629903258067,1.3404094046782697,31.09134137000001,37.48816579999999,0.5370382233075842,5.011644254971752,0.9424742826204648
Y2024_LAT23.64558_LON90.34837,2024,90.34836563780057,23.645580784953946,20,36.03082290969418,36.2798608522449,1.9153414932083925,31.527138920000027,40.38322874000005,0.4318093075024437,4.56069910917226,1.0
Y2024_LAT23.64575_LON90.35816,2024,90.35816023993993,23.64574808031333,20,34.55135253257004,34.26155492000001,1.0294433021357299,32.73711800000001,37.477911740000025,0.5497115637063946,4.96228260814757,0.7154370357543525
Y2024_LAT23.64591_LON90.36795,2024,90.3679549321608,23.64591475808523,20,33.733659702505044,33.694163600000024,0.35481649976303203,33.318181400000014,34.41194780000001,0.6214503298169881,5.34695244474213,0.005287576143929722
Y2024_LAT23.64625_LON90.38754,2024,90.38754458532914,23.646246260840886,20,37.12076329209459,37.12072864999999,0.002563515012529364,37.12072864999999,37.12585568000003,0.4143599974545273,6.0,0.0005228665806998626
Y2024_LAT23.64641_LON90.39734,2024,90.39733954566749,23.646411085800302,20,35.71192742517012,35.79719456338031,1.2475484039489184,32.014206770000015,38.65029260000003,0.48279650770104837,5.9874096038133615,0.7085956683530817
Y2024_LAT23.64658_LON90.40713,2024,90.4071345948111,23.646575293117806,20,36.69912718905907,36.638116433214314,0.8745202936084455,33.304509319999994,39.64322741000001,0.45772375069256555,5.021797749636462,1.0
Y2024_LAT23.64674_LON90.41693,2024,90.41692973228972,23.64673888274929,20,36.72587007227835,36.732161921818204,0.9634371430653187,33.83088440000003,38.696435870000016,0.45355106508773757,5.397801872008791,1.0
Y2024_LAT23.6469_LON90.42672,2024,90.42672495781879,23.646901854634045,20,36.32547689994451,36.71994139057145,1.6387851298968583,30.68630600000003,39.99699248000002,0.52283405490882,5.949599762822394,1.0
Y2024_LAT23.64706_LON90.43652,2024,90.4365202710943,23.647064208803844,20,36.821447571813394,37.09530712625002,1.7199309691338796,31.67069576,42.056349530000034,0.44906854297341786,6.025200118588783,1.0
Y2024_LAT23.64723_LON90.44632,2024,90.44631567171159,23.647225945272186,20,38.376124158647805,38.32657762250002,0.8823064896083851,35.37070241000001,41.61713396000005,0.4566180046500057,4.43429263196533,1.0
Y2024_LAT23.64739_LON90.45611,2024,90.456111159433,23.647387064043077,20,36.21214221034923,36.4715378968182,1.8433818056951485,30.46071668000002,40.73186678000002,0.36079595978502726,5.48640464190418,1.0
Y2024_LAT23.64755_LON90.46591,2024,90.46590673389129,23.647547564951147,20,32.832584314384555,32.659073210000024,1.9824753546509657,28.734616580000022,37.313846780000006,0.24752768445962808,5.116402393173571,0.5531183091256281
Y2024_LAT23.64836_LON90.00541,2024,90.00540845614941,23.64835687910562,20,32.3506668027417,32.268849260000025,2.45229786486092,27.767316920000013,36.62682475999998,0.02871338785680551,7.296485215589382,0.04466396127011248
Y2024_LAT23.64855_LON90.0152,2024,90.01520036621756,23.64854585489665,20,33.12958189906027,33.09088307000002,1.927809044218418,28.428703790000014,37.66932086,0.11965286602334477,7.6030157950732375,0.5294710272881887
Y2024_LAT23.64873_LON90.02499,2024,90.02499237812492,23.648734213692826,20,28.426546597055545,27.84734269148389,1.7352353992763359,27.03586064000004,35.94151175000002,-0.11219819162655979,7.615902898366583,1.0
Y2024_LAT23.64892_LON90.03478,2024,90.03478449128586,23.648921955469756,20,28.551225975463133,27.282136705339006,2.4104717910144493,26.878631720000044,35.16391220000003,0.0021040628642459247,7.049298881528094,1.0
Y2024_LAT23.64911_LON90.04458,2024,90.04457670567825,23.649109080184143,20,34.152437315955744,33.91431063572817,1.2123995626970345,27.616924040000015,38.37001496000005,0.5347724472248105,6.7615985430571115,1.0
Y2024_LAT23.6493_LON90.05437,2024,90.0543690206215,23.649295587869982,20,36.137519119764654,36.0842547757143,1.5043978327270666,32.75591711000004,40.034590700000024,0.4420335673213045,7.141198311521472,1.0
Y2024_LAT23.64948_LON90.06416,2024,90.06416143605601,23.649481478469284,20,35.36164769039579,35.781353098571444,2.7064873062076393,30.732449270000018,41.24798780000003,0.4785835223392266,6.1245989701164305,1.0
Y2024_LAT23.64967_LON90.07395,2024,90.07395395145528,23.649666751984714,20,33.29872546239806,33.03090874232561,1.9969476644084094,30.074480419999986,39.610756219999985,0.5789270785643874,5.394698111409541,1.0
Y2024_LAT23.64985_LON90.08375,2024,90.08374656656957,23.64985140835832,20,32.6231825764885,32.57677624035717,1.1245811021704337,30.330831920000037,37.132691720000025,0.6190308280378686,6.206400971298691,1.0
Y2024_LAT23.65004_LON90.09354,2024,90.09353928121038,23.650035447580883,20,34.15984832590361,34.08992148714289,2.0252430312377894,30.281270629999995,39.47403542000001,0.5563591597560255,5.789300928589326,1.0
Y2024_LAT23.65022_LON90.10333,2024,90.10333209478911,23.650218869606544,20,33.33971247226093,33.43054880750002,0.6774796129942857,31.694621900000016,35.19980141000002,0.6057293075590926,6.124298969763492,1.0
Y2024_LAT23.6504_LON90.11313,2024,90.11312500715422,23.65040167444693,20,32.69521698728517,32.544465963636384,0.93085673341133,31.14090266000005,35.20663745000002,0.6571373252896979,6.486799937882067,1.0
Y2024_LAT23.65058_LON90.12292,2024,90.12291801780252,23.6505838620648,20,32.95836917798649,33.045716377142874,1.20048503103453,30.52224104000004,36.351674150000036,0.6073050598116948,6.801000942354045,1.0
Y2024_LAT23.65077_LON90.13271,2024,90.13271112660111,23.650765432392348,20,32.88978541413796,33.010795325517265,0.7616516980997445,30.477806780000037,35.088715760000014,0.6322727314832413,5.6000007058831835,1.0
Y2024_LAT23.65095_LON90.1425,2024,90.14250433313053,23.65094638545509,20,32.446167884128634,32.42255863465349,0.6693962199585728,30.925567399999977,35.00155625000002,0.6496068915559993,5.972904578374486,1.0
Y2024_LAT23.65113_LON90.1523,2024,90.15229763709117,23.651126721282534,20,32.68809564593224,32.69668923218753,0.5573036683843046,30.85037096000002,34.09748996000002,0.6415145580897825,5.696000818824492,1.0
Y2024_LAT23.65131_LON90.16209,2024,90.16209103798133,23.651306439662648,20,33.81231258055501,33.79779796640002,1.1526173282472243,31.71513002000006,37.66590284000006,0.5530152416267576,5.603300709765542,1.0
Y2024_LAT23.65149_LON90.17188,2024,90.17188453565397,23.65148554072681,20,32.74347113785142,32.72900020250002,0.7417614011228747,30.947784530000007,34.67342633000001,0.61665615661808,5.155700732709335,1.0
Y2024_LAT23.65166_LON90.18168,2024,90.18167812979748,23.65166402444983,20,32.37107873939,32.263893131000025,0.8756697625514495,30.416282420000016,35.68003322000004,0.6109339025308484,4.777699738470277,1.0
Y2024_LAT23.65184_LON90.19147,2024,90.19147182000454,23.651841890691543,20,32.686801853469156,32.73521910000002,1.1695353057572038,30.392356280000058,38.27772842000002,0.6286561466014008,4.282399155763714,1.0
Y2024_LAT23.65202_LON90.20127,2024,90.20126560585283,23.65201913957036,20,33.85635634078758,33.64089945500003,1.0838161047067694,31.103304439999988,38.359760900000026,0.598317156350134,5.588098061637938,1.0
Y2024_LAT23.6522_LON90.21106,2024,90.21105948714879,23.652195770994364,20,32.2875067914238,32.448655101578964,1.1423290982553798,29.004640160000008,34.39143968000002,0.6413563152129813,6.3276992090578945,1.0
Y2024_LAT23.65237_LON90.22085,2024,90.2208534635432,23.652371784935802,20,32.65684927468123,32.824765798571455,1.3039953416798695,29.961685760000023,36.38756336000003,0.6290843688587119,6.533901804590359,1.0
Y2024_LAT23.65255_LON90.23065,2024,90.23064753466687,23.65254718137857,20,31.411769664531338,31.58195870230771,0.8955654835369429,29.143069970000028,34.23250175000001,0.6152758923431836,5.924604351079307,1.0
Y2024_LAT23.65272_LON90.24044,2024,90.24044170015313,23.652721960284474,20,32.18165465091446,32.028434278250025,1.2893818700757378,29.409675530000015,39.50821561999999,0.6356305619990638,7.093402462826421,1.0
Y2024_LAT23.6529_LON90.25024,2024,90.25023595969363,23.652896121651573,20,33.249394655957126,32.6542880783094,2.4335873014402254,28.505609240000013,40.017500600000005,0.611324650848323,7.1402648697418805,0.5726813510818191
Y2024_LAT23.65307_LON90.26003,2024,90.26003031308993,23.65306966545825,20,35.039305102891944,34.646722472938016,1.7819831705382525,31.417762280000034,39.610756219999985,0.578437717437185,6.689558554437328,0.31487556581453907
Y2024_LAT23.65324_LON90.26982,2024,90.26982475978058,23.653242591653335,20,33.891439511759884,33.81721232000001,1.4682248461757368,31.253697320000015,37.84363988000001,0.5678769089097175,7.289113839098459,0.2578112609040444
Y2024_LAT23.65393_LON90.309,2024,90.30900347412292,23.65392811999907,20,30.998648112116314,31.07937830000003,0.364804091409512,30.243672410000016,31.455360499999983,0.39773514432500506,3.1085271317829464,0.0045664040099398905
Y2024_LAT23.6541_LON90.3188,2024,90.31879838284914,23.654097957912555,20,31.83774278813532,31.579434626000015,1.0325230474326201,30.303487760000053,35.17416625999999,0.5560788493089993,4.116291933265559,0.4839513675612523
Y2024_LAT23.65427_LON90.32859,2024,90.32859338312579,23.654267178018465,20,32.845026877111025,33.11352745250003,1.3559965283482238,30.18556607000002,36.437124650000015,0.46857343450494143,4.973456552980179,0.9953864184373306
Y2024_LAT23.65444_LON90.33839,2024,90.33838847432703,23.65443578045313,20,33.66108337240568,33.215833752741965,1.9976971741950844,30.178730030000025,40.22599982000003,0.5141133314828601,4.879099857764541,1.0
Y2024_LAT23.6546_LON90.34818,2024,90.34818365641897,23.65460376508775,20,35.932220695529026,36.09279797613638,2.0290093104795983,31.236607219999996,40.40373686000004,0.4943863904753183,4.769898917171374,1.0
Y2024_LAT23.65477_LON90.35798,2024,90.35797892875856,23.654771131862596,20,35.60497080675367,35.48323414538462,1.1088207741796516,33.167788520000045,40.33195844000002,0.5407975811775172,4.5016994137640145,1.0
Y2024_LAT23.65494_LON90.36777,2024,90.36777429133626,23.654937880784992,20,35.369182104457714,35.23071895454547,0.9809629027657668,33.34210754000003,40.00724653999998,0.5389318346152343,5.3954394101557845,0.7255027428875451
Y2024_LAT23.6551_LON90.37757,2024,90.37756974355645,23.655104011925015,20,37.11153533490876,36.897020426393226,1.2296060387719454,33.34210754000003,41.52655643,0.49750752867334236,5.771088122860724,0.7528429759767185
Y2024_LAT23.65527_LON90.38737,2024,90.38736528525558,23.655269525170006,20,36.59381495564743,36.584099510000044,1.2216894273699,33.60016805000001,39.22964699000005,0.5207285169284311,5.949793222640572,0.8704973349381019
Y2024_LAT23.65543_LON90.39716,2024,90.39716091605396,23.655434420477103,20,36.625458857283036,36.792705543125024,1.469456900428669,31.61088041000002,39.576576020000005,0.5436740000381631,5.281499154704889,1.0
Y2024_LAT23.6556_LON90.40696,2024,90.4069566355684,23.65559869789448,20,37.6340312981871,37.73222697276598,1.0698076040799644,35.35532132000003,41.25140582000006,0.4783150063168099,5.892701848008696,1.0
Y2024_LAT23.65576_LON90.41675,2024,90.41675244347262,23.65576235737984,20,37.5554350400645,37.6365798263158,0.9743135802844834,34.639246130000004,39.59708413999999,0.4444524997269817,5.40710047894174,1.0
Y2024_LAT23.65593_LON90.42655,2024,90.42654833944502,23.6559253989286,20,37.437324240848376,37.15214188142859,2.3537431137280316,31.672404770000014,43.09371859999999,0.5145912364625984,5.679899623411321,1.0
Y2024_LAT23.65609_LON90.43634,2024,90.43634432324464,23.656087822467907,20,39.1108746433065,39.010405421428594,1.2940703763327883,35.73130351999998,42.76729769000002,0.43690472477458914,6.321001510595347,1.0
Y2024_LAT23.65625_LON90.44614,2024,90.44614039448588,23.656249628012446,20,38.237934296499404,37.9545612021154,1.301619301788944,35.77915580000004,42.99459602000002,0.4532302616710871,5.398499292352106,1.0
Y2024_LAT23.65641_LON90.45594,2024,90.45593655269141,23.65641081546605,20,36.359478591043825,36.53596239500003,3.6879135420237237,30.549585200000024,43.33981604000002,0.2408661996012169,4.613197013210798,0.7821766164683893
Y2024_LAT23.65657_LON90.46573,2024,90.46573279774167,23.656571384915978,20,31.57694513449117,31.50663080000004,0.4442309241544666,31.16141078000001,32.904600980000026,0.0912735879754569,4.0,0.014417402953653796
Y2024_LAT23.65757_LON90.015,2024,90.01499551017915,23.657566236566307,20,30.07492083714287,29.872817240000018,0.3841050404299357,29.57544949999999,30.511986980000017,-0.06925176237435902,7.0,0.001262197708952056
Y2024_LAT23.65775_LON90.02479,2024,90.02478819164048,23.65775467575426,20,28.30744288469049,27.51309391427274,1.5793935054300547,27.13156520000001,34.51107037999998,-0.10044167155872288,6.428949326916763,0.9299946207638516
Y2024_LAT23.65794_LON90.03458,2024,90.03458097454474,23.657942497728577,20,32.903381221937174,33.78241334051725,3.2288130534813138,27.13498321999998,40.424244980000026,0.3313168240587674,6.560100658941942,1.0
Y2024_LAT23.65813_LON90.04437,2024,90.04437385854851,23.658129702363212,20,36.629499878510764,36.45297183363638,1.2638895698476296,33.702708650000034,41.53851950000001,0.36501552174405105,6.495699406705169,1.0
Y2024_LAT23.65832_LON90.05417,2024,90.05416684324668,23.658316289721874,20,37.79305690081261,37.762952790851074,0.9730743564024891,35.396337560000006,40.49602340000001,0.3337465252609407,6.694598562816754,1.0
Y2024_LAT23.6585_LON90.06396,2024,90.06395992843409,23.658502259648635,20,37.450087514504986,37.788707415714306,2.1234877651286106,32.02446083000001,42.54341738000005,0.38191228479214545,5.958098774233846,1.0
Y2024_LAT23.65869_LON90.07375,2024,90.07375311363549,23.65868761223123,20,34.71709582924192,34.64932928900002,2.3975928163598783,30.11207864000005,40.772883019999995,0.5147496599030308,5.321399201646123,1.0
Y2024_LAT23.65887_LON90.08355,2024,90.08354639862759,23.65887234750067,20,32.573006377775556,32.35820461787139,1.463368369225111,30.11207864000005,36.397817420000024,0.6243688166271407,5.517297728459894,1.0
Y2024_LAT23.65906_LON90.09334,2024,90.09333978300259,23.659056465300775,20,31.823998051993808,31.795833270000017,1.1972361939781255,29.889907340000036,34.68538940000002,0.6201428222276231,6.384300452118165,1.0
Y2024_LAT23.65924_LON90.10313,2024,90.10313326652143,23.659239965665787,20,33.51273233148944,33.23081680880003,1.1811097350647428,30.42653647999998,37.93250840000002,0.5865798779887875,6.359199246116759,1.0
Y2024_LAT23.65942_LON90.11293,2024,90.11292684873005,23.65942284849785,20,33.49878884236456,33.57956227228574,0.7083444949201441,31.629679520000025,35.83384412000001,0.6046752664976937,6.37969943387968,1.0
Y2024_LAT23.65961_LON90.12272,2024,90.12272052944736,23.659605113927626,20,33.00407351941592,33.132446193200025,0.6691573981588481,31.115267510000024,34.774257920000025,0.6494025103504991,5.805899771646782,1.0
Y2024_LAT23.65979_LON90.13251,2024,90.13251430809983,23.65978676176679,20,33.26980869568372,33.297950994125024,0.7828389040760598,30.7375763,36.33629306000003,0.6078768088589355,5.224199087293034,1.0
Y2024_LAT23.65997_LON90.14231,2024,90.14230818473796,23.659967792088718,20,33.3374281862709,33.33099897500002,0.9842872561005398,31.072542259999977,35.73130351999998,0.5994790072158263,5.218496322335625,1.0
Y2024_LAT23.66015_LON90.1521,2024,90.15210215855805,23.660148204837075,20,33.45827694781588,33.60119345600002,0.7472244890944575,31.60575338000001,35.24252666000001,0.5905200552549789,5.87489985282335,1.0
Y2024_LAT23.66033_LON90.1619,2024,90.16189622963945,23.66032799999945,20,33.74763803088545,33.7692205289796,1.0886515511102028,31.35965594000004,37.48987481000003,0.5468056900266102,5.6537007690597205,1.0
Y2024_LAT23.66051_LON90.17169,2024,90.171690397392,23.660507177542893,20,32.27021209733715,32.25880882625002,1.002482190930117,30.494896880000056,34.82894624000005,0.6550961217429729,5.510200048000219,1.0
Y2024_LAT23.66069_LON90.18148,2024,90.18148466160724,23.660685737444066,20,32.068578474413705,31.951217544285733,0.8180910141514617,29.99928398000003,34.463218100000006,0.6447435334594471,5.257499126469551,1.0
Y2024_LAT23.66086_LON90.19128,2024,90.19127902196914,23.66086367968809,20,32.472581482533734,32.27910332000002,1.452021654247886,29.871108230000004,39.638100380000026,0.614195467841381,5.179897858703358,1.0
Y2024_LAT23.66104_LON90.20107,2024,90.20107347794811,23.66104100422481,20,33.310229007297934,33.29518097375003,1.0158885600355196,30.53933114000006,37.87098404000005,0.612578580202118,5.751796479042246,1.0
Y2024_LAT23.66122_LON90.21087,2024,90.21086802953347,23.66121771105298,20,32.99052637623628,33.167788520000016,1.216084584624946,29.626719800000046,36.54821030000005,0.6364855481775727,6.1485001747060775,1.0
Y2024_LAT23.66139_LON90.22066,2024,90.22066267606631,23.66139380014104,20,32.1718750468289,31.919379809729744,1.6235514934932422,29.366950280000026,36.52086614000001,0.6113131030110383,6.470298200350826,1.0
Y2024_LAT23.66157_LON90.23046,2024,90.23045741748071,23.661569271449984,20,31.05456332183283,30.795390857804907,1.41318981387224,28.717526480000032,36.59948060000002,0.6362536572408074,6.894897152457187,1.0
Y2024_LAT23.66174_LON90.24025,2024,90.2402522533002,23.66174412497075,20,33.15113692634406,32.59373206100002,2.5952018245746666,29.06103748999999,41.61371594000002,0.5877329474623132,7.491700578471262,1.0
Y2024_LAT23.66192_LON90.25005,2024,90.25004718316151,23.661918360714164,20,34.787278534674535,34.972389146000026,2.052399833413161,29.625010790000033,40.605400040000006,0.4819741153855418,7.301599178351975,1.0
Y2024_LAT23.66209_LON90.25984,2024,90.25984220682595,23.662091978628148,20,36.02316161906186,36.32774801000001,1.5046525486326436,31.30838564000001,38.96475043999999,0.4388459454230253,6.874994705857428,1.0
Y2024_LAT23.66226_LON90.26964,2024,90.26963732391111,23.66226497864561,20,33.79416266378574,33.84669274250002,2.402875271093446,29.780530700000043,39.22793797999998,0.5253437581216136,6.885737449027727,0.8868892394535486
Y2024_LAT23.66244_LON90.27943,2024,90.2794325341656,23.662437360798467,20,34.835225140250586,34.58028528500003,1.077036655408787,32.27910331999999,37.183962020000024,0.5122872677679841,7.002949745083768,0.09806337336575907
Y2024_LAT23.66278_LON90.29902,2024,90.29902323249809,23.662780271433803,20,36.915371611280804,36.96948126500003,1.764059148737161,30.457298659999992,39.99699248000002,0.39254291062154145,5.125777169858248,0.11493250823549582
Y2024_LAT23.66295_LON90.30882,2024,90.30881872007676,23.662950799805053,20,33.400851425719566,33.28668678714287,2.3971672000328095,28.21507754000004,39.72696890000003,0.45759308701777895,4.888020716391987,0.7224174659645104
Y2024_LAT23.66312_LON90.31861,2024,90.31861429929954,23.66312071017582,20,32.431163711020695,32.3263341418182,0.9912081488062046,30.433372520000034,36.830196950000015,0.5312545045168111,4.099191055016724,1.0
Y2024_LAT23.66329_LON90.32841,2024,90.32840997011043,23.66329000255966,20,33.849380260898194,33.92043652400002,0.7908948940238528,31.43827040000002,36.830196950000015,0.5526378810913136,4.9898988116456495,1.0
Y2024_LAT23.66346_LON90.33821,2024,90.33820573193998,23.66345867691498,20,33.786636951097556,33.8922622734286,0.8705121121335619,30.939239480000026,35.94322076000003,0.5520553330214626,5.021600025411783,1.0
Y2024_LAT23.66363_LON90.348,2024,90.34800158450707,23.663626733183868,20,34.132055050969235,34.206776652105276,1.3797383315565175,30.477806780000037,37.983778700000016,0.5659408592171629,5.0535026047181315,1.0
Y2024_LAT23.66379_LON90.3578,2024,90.3577975276047,23.663794171446803,20,36.86722819219654,37.16302664750002,2.1524641306114596,31.880903990000007,41.36761849999999,0.48206160047836777,4.351600413647544,1.0
Y2024_LAT23.66396_LON90.36759,2024,90.36759356076453,23.663960991623302,20,37.31150484644955,37.3452777030435,1.6766307694346683,33.309636350000034,42.345172219999995,0.4868101102766475,5.13239897929291,1.0
Y2024_LAT23.66413_LON90.37739,2024,90.37738968368167,23.664127193689648,20,37.00449071473452,37.110251675652194,1.2406136577661164,33.05328485000001,41.00359937000002,0.45411128738739004,5.834801575536817,1.0
Y2024_LAT23.66429_LON90.38719,2024,90.38718589607517,23.664292777606878,20,37.55219880666671,37.60791436275864,1.0865311673716105,34.476890180000055,40.90105877000002,0.47666124057503884,4.856899831646859,1.0
Y2024_LAT23.66446_LON90.39698,2024,90.39698219758391,23.664457743416822,20,38.23743405460962,38.21620406000002,1.8965743877455583,34.350423440000014,42.782678780000026,0.47189774372871246,5.535599453646408,1.0
Y2024_LAT23.66462_LON90.40678,2024,90.40677858784863,23.66462209094527,20,38.242959205926375,37.4578308725,2.22113917774275,35.300633000000005,43.23727544000002,0.47017765296516423,6.000900004235302,1.0
Y2024_LAT23.66479_LON90.41658,2024,90.41657506658078,23.664785820286717,20,37.4406156290902,37.41483373454548,1.484353810185662,33.75568796000002,41.23260671000003,0.4803844284174942,5.668799610352475,1.0
Y2024_LAT23.66495_LON90.42637,2024,90.42637163342931,23.66494893146759,20,37.38710972423528,37.26268111326534,1.1736738770419124,34.88021653999999,41.62738802000001,0.5002636271138348,4.571599495999401,1.0
Y2024_LAT23.66511_LON90.43617,2024,90.43616828794282,23.66511142432253,20,37.955384549473855,37.598023099062516,1.925025518778865,34.14876026000002,46.761254060000056,0.45619506241359387,5.024102466364541,1.0
Y2024_LAT23.66527_LON90.44597,2024,90.4459650301101,23.66527329895515,20,39.5611966558446,40.20750230000003,3.4528195579263037,31.11697652000001,47.02615061000003,0.2699938000208671,4.281606548083056,0.9990972652447119
Y2024_LAT23.66543_LON90.45576,2024,90.455761859255,23.66543455528528,20,33.783366568894316,32.20903391000002,3.8943836219813135,30.626490649999994,45.447025370000034,0.13369882803834277,4.4707688344032475,0.16745582340146306
Y2024_LAT23.66659_LON90.01479,2024,90.01479055228913,23.666586606128025,20,28.70721711223302,28.37572448000003,0.8646575537979784,27.73997276,30.587183420000002,-0.10521557683796849,4.938161462433303,0.04084395843083168
Y2024_LAT23.66678_LON90.02458,2024,90.0245839038036,23.666775125771643,20,29.765155972946665,27.901345738748446,3.0280298988936956,27.063204799999994,37.34631797,0.058546148005146445,5.599130515559675,0.9575596061952727
Y2024_LAT23.66696_LON90.03438,2024,90.0343773566803,23.666963027846926,20,32.03983848788956,31.982590085000016,1.6088903823980498,29.83180100000004,37.08996647000001,0.5656130973118125,6.351199299761396,1.0
Y2024_LAT23.66715_LON90.04417,2024,90.04417091068814,23.667150312410396,20,35.822654951677194,36.53597158322583,2.577998897223728,30.071062400000045,41.06854175000001,0.4213327916992413,5.987597588694519,1.0
Y2024_LAT23.66734_LON90.05396,2024,90.05396456549875,23.66733697933665,20,36.63000281577125,36.8261306848276,1.204225463264286,33.55060676000005,39.330478579999976,0.39335508021916193,6.813501475301051,1.0
Y2024_LAT23.66752_LON90.06376,2024,90.06375832072634,23.667523028751464,20,34.91263746677399,34.83065525000002,0.9871046295776579,32.56108997000001,37.706919080000006,0.5303538890158074,6.041597842813362,1.0
Y2024_LAT23.66771_LON90.07355,2024,90.07355217606052,23.66770846043795,20,34.06647571592364,34.10590683425003,1.4712527205598132,30.53933114000006,38.20424099000002,0.5356883284586444,5.385297107280506,1.0
Y2024_LAT23.66789_LON90.08335,2024,90.08334613121336,23.66789327448936,20,33.24096008727476,33.36194105078949,1.000486401381145,30.108660620000023,35.905622540000024,0.5946308659139026,5.880398260697689,1.0
Y2024_LAT23.66808_LON90.09314,2024,90.09314018580726,23.668077470870962,20,32.75597519047546,32.67559364000001,1.2642037232412133,29.89845238999999,36.65929595,0.6167201953774477,6.580700379766484,1.0
Y2024_LAT23.66826_LON90.10293,2024,90.10293433949884,23.668261049537524,20,32.527075102416,32.64023849562501,0.9145682770293277,29.86598120000002,35.970564920000015,0.6425237734250815,6.4092019256561,1.0
Y2024_LAT23.66844_LON90.11273,2024,90.11272859192228,23.668444010476485,20,32.70520454301158,32.731921214489816,0.8826758965324356,29.913833479999994,34.88876159000003,0.6559069750643105,6.265402425423163,1.0
Y2024_LAT23.66863_LON90.12252,2024,90.12252294293911,23.668626353654744,20,32.91848506670403,33.01520521873242,0.7665318826194512,30.971710669999993,35.07846170000005,0.661651842065135,6.359204043313133,1.0
Y2024_LAT23.66881_LON90.13232,2024,90.13231739188161,23.66880807905234,20,31.690980816954383,31.356595026567184,1.0151615552821476,29.842055060000007,34.07014579999998,0.6668395985873942,5.691100899298333,1.0
Y2024_LAT23.66899_LON90.14211,2024,90.14211193878464,23.668989186677955,20,31.57324106499401,31.387527882500024,0.8441816038298781,29.82667397,34.65462722000001,0.6588802839715234,5.416698431522015,1.0
Y2024_LAT23.66917_LON90.15191,2024,90.15190658308181,23.66916967639828,20,33.189282343299176,33.10978681326532,0.8597353082126833,30.869170069999996,35.70225035000004,0.6148655315771397,6.0066000310589525,1.0
Y2024_LAT23.66935_LON90.1617,2024,90.16170132444506,23.669349548306652,20,33.00809048914596,32.98398449450002,1.0584152745863522,30.354758059999995,36.86266813999998,0.622549831041513,5.7911037228410285,1.0
Y2024_LAT23.66953_LON90.1715,2024,90.17149616267439,23.669528802331403,20,32.59983972032514,32.57779312433964,0.777138960064087,30.775174520000007,34.986175160000016,0.6552207523727659,5.118299380232366,1.0
Y2024_LAT23.66971_LON90.18129,2024,90.181291097336,23.669707438463153,20,32.25482039735096,32.298054342000015,0.7301162407632945,29.941177639999978,34.34358740000005,0.6446492510691387,5.010997698812685,1.0
Y2024_LAT23.66989_LON90.19109,2024,90.19108612817423,23.669885456656257,20,32.70724687787994,32.76996897000002,0.7052057644883171,30.25905350000005,34.135088180000025,0.6104024814334048,6.949497409399561,1.0
Y2024_LAT23.67006_LON90.20088,2024,90.20088125469215,23.670062856937736,20,32.20041701489207,32.23336217000001,0.9892017662753513,29.961685760000023,34.610192960000006,0.6404895880616864,6.776498948230329,1.0
Y2024_LAT23.67024_LON90.21068,2024,90.21067647670718,23.670239639173236,20,31.947245591325938,31.704066428947378,1.3285260294359669,29.590830589999996,36.54821030000005,0.6478554333209741,6.545000211765689,1.0
Y2024_LAT23.67042_LON90.22047,2024,90.22047179392902,23.67041580338254,20,33.43394445544859,33.703847990000014,1.4392538805275077,30.200947160000055,36.661004960000014,0.5675900455212368,7.671798455522147,1.0
Y2024_LAT23.67059_LON90.23027,2024,90.23026720583478,23.670591349684884,20,33.58467923154507,33.73768994843752,1.3486806270969536,30.611109560000045,36.618279709999996,0.568707760792989,7.607100504002347,1.0
Y2024_LAT23.67077_LON90.24006,2024,90.24006271224383,23.670766277818203,20,33.70199997048296,34.21284813500002,2.4135450142296766,29.06103748999999,37.36169906000001,0.4624498728254335,7.847203986842275,1.0
Y2024_LAT23.67094_LON90.24986,2024,90.24985831290394,23.67094058795108,20,36.17518446798259,36.46738189522729,1.4060471133217916,29.92066952000002,39.128815400000036,0.44559846468196174,8.039000183530275,1.0
Y2024_LAT23.67111_LON90.25965,2024,90.2596540071639,23.671114279915606,20,36.269924791960726,36.48856033806454,1.1265067665265238,33.30280031000001,39.72355088000003,0.4191698372589558,7.939099713410417,1.0
Y2024_LAT23.67129_LON90.26945,2024,90.26944979498077,23.67128735378411,20,35.61128706647919,35.73592519436913,1.3639004777180381,30.679469960000006,38.37001496000005,0.39726056071096827,7.417997261163564,1.0
Y2024_LAT23.67146_LON90.27925,2024,90.2792456759283,23.671459809556552,20,33.95011531407959,34.13792301831678,1.1911736803374018,30.710232140000016,36.6849311,0.5228798172387404,6.079244110205474,0.8193255912374174
Y2024_LAT23.67163_LON90.28904,2024,90.28904164971378,23.67163164707944,20,32.14446771388643,31.952184583235127,1.208529283667854,30.29665172,35.66977916000002,0.5332897872644912,6.525299820716776,0.41434794524499824
Y2024_LAT23.6718_LON90.29884,2024,90.29883771584848,23.67180286643217,20,33.37670559195716,33.026692654400016,1.4726206894121687,30.230000330000024,39.25870015999999,0.5270109127627886,6.157958751783949,0.9459089791949392
Y2024_LAT23.67197_LON90.30863,2024,90.3086338742287,23.6719734675823,20,33.04357971051027,32.89147822464288,0.9236116768226514,30.317159840000016,36.59435357000001,0.5487329238542661,6.00360001694124,1.0
Y2024_LAT23.67214_LON90.31843,2024,90.3184301243405,23.67214345053694,20,33.24568217047615,33.11593780150946,0.669878429510509,32.01078875000002,35.71934045000006,0.5485724603156569,5.946299747292919,1.0
Y2024_LAT23.67231_LON90.32823,2024,90.32822646598497,23.67231281518136,20,33.53686053073359,33.4525867670968,0.9701510482789367,31.209263060000012,36.65929595000003,0.5794327837488481,5.149795999039978,1.0
Y2024_LAT23.67248_LON90.33802,2024,90.33802289865336,23.672481561486364,20,33.956437034503644,33.92291458850001,0.8697763339127639,32.27055826999998,37.26599450000003,0.5420911091800296,5.424099642821827,1.0
Y2024_LAT23.67265_LON90.34782,2024,90.347819422269,23.67264968961687,20,35.347464411141274,34.98401041400002,1.4410647952489202,32.81573246000005,40.21916378000003,0.5033774053447266,4.474697527988355,1.0
Y2024_LAT23.67282_LON90.35762,2024,90.35761603619699,23.672817199345946,20,35.859082544583394,35.98283871909093,1.657216365397958,31.827924680000024,38.998930640000026,0.5201642361798506,5.019602445187961,1.0
Y2024_LAT23.67298_LON90.36741,2024,90.36741274047239,23.672984090720792,20,36.03253197398064,36.10903745525002,1.3115677917643884,31.83476072000002,38.98867658000006,0.5633394119868533,5.2320987392881655,1.0
Y2024_LAT23.67315_LON90.37721,2024,90.37720953437174,23.67315036372105,20,37.163749049426514,36.84538456716983,2.182171828601698,32.66533958000002,43.227021380000025,0.48147482434987965,5.4539021360100435,1.0
Y2024_LAT23.67332_LON90.38701,2024,90.38700641776765,23.673316018313184,20,36.07178778264357,36.109421982500024,1.389212095182678,32.990051480000034,40.608818059999976,0.544318095996156,4.757101209888034,1.0
Y2024_LAT23.67348_LON90.3968,2024,90.39680339036659,23.67348105445784,20,37.679688825047144,37.61387298000002,1.439708751590259,34.350423440000014,41.84785031000001,0.4826431340707526,4.866097016927132,1.0
Y2024_LAT23.67365_LON90.4066,2024,90.40660045175213,23.673645472221292,20,39.59713408957081,39.593355390909096,1.9521422103568875,35.755229660000026,44.18748500000001,0.41617924617545876,5.363799359055793,1.0
Y2024_LAT23.67381_LON90.4164,2024,90.4163976015287,23.673809271455447,20,38.10086623035709,38.00160661191454,1.509008539008605,34.47859919000001,42.5297453,0.491235278727622,5.578300368472304,1.0
Y2024_LAT23.67397_LON90.42619,2024,90.42619483956582,23.673972452224067,20,37.97458413668762,37.97229628906253,1.188940313471626,35.51425925000001,40.83269837000003,0.41065974869293026,4.939999717645715,1.0
Y2024_LAT23.67414_LON90.43599,2024,90.43599216531646,23.67413501452833,20,36.858997790523134,37.46619675209679,2.7368005822263344,30.433372520000034,41.84785031000001,0.31625136444750435,5.213502181186722,1.0
Y2024_LAT23.6743_LON90.44579,2024,90.44578957854675,23.674296958143618,20,38.57684663278839,39.4941284947143,4.316964693446065,30.788846600000056,46.32032948000003,0.24258911927640192,5.013602416952555,1.0
Y2024_LAT23.67446_LON90.45559,2024,90.45558707901341,23.674458283331234,20,36.610459122971925,34.166309561673046,4.563430461790794,31.03152602,46.13575639999999,0.3618314419672753,5.107862231988268,0.4368221465163371
Y2024_LAT23.6758_LON90.02438,2024,90.02437951447082,23.67579556360516,20,31.325893507609834,31.354528910000013,3.226648716696649,27.452859080000025,37.28479361000004,0.20625455738437234,6.128103913630229,0.21396859772604238
Y2024_LAT23.67598_LON90.03417,2024,90.03417363771479,23.6759835458416,20,32.34308625373887,32.489311550000025,1.3901171096192582,29.842055060000007,35.30746904000003,0.5990412638175985,6.148867092579778,0.8928336667875967
Y2024_LAT23.67617_LON90.04397,2024,90.04396786208045,23.676170910287578,20,34.37543313382678,34.41556688000001,1.836152737031454,29.98561190000001,39.57486701000005,0.5511189082997312,5.999699999647057,1.0
Y2024_LAT23.67636_LON90.05376,2024,90.05376218728698,23.676357656909072,20,36.72140864850888,36.67512847660379,1.0701332968094515,34.242755810000006,38.95278737000001,0.4466434534581114,6.030300142588909,1.0
Y2024_LAT23.67654_LON90.06356,2024,90.06355661291529,23.676543785630265,20,34.468871314692,34.487486042000036,1.167970778377872,31.168246820000036,37.57019828000003,0.5482582360646898,6.376500442941696,1.0
Y2024_LAT23.67673_LON90.07335,2024,90.07335113867751,23.67672929647067,20,33.31264783223354,33.2638625956757,0.9733620012828343,30.573511339999982,36.79772575999999,0.6129264811145531,5.663099603646591,1.0
Y2024_LAT23.67691_LON90.08315,2024,90.0831457643995,23.67691418943131,20,33.23026051039845,33.20625736773587,0.7676678386104316,30.93240344000003,35.94663878000006,0.6174745175163832,6.077898013637711,1.0
Y2024_LAT23.6771_LON90.09294,2024,90.09294048937929,23.677098464394223,20,33.49069503981797,33.268513296875014,1.1419209042873992,30.96658364000001,37.218142220000004,0.6099990812159876,5.876498678233738,1.0
Y2024_LAT23.67728_LON90.10274,2024,90.102735313684,23.67728212138585,20,31.893216265440074,31.699653985000015,1.0067880749326465,30.269307560000016,35.034027440000045,0.6813230161263246,5.972301143883698,1.0
Y2024_LAT23.67747_LON90.11253,2024,90.11253023667851,23.67746516043704,20,32.63418008346434,32.79241668071431,1.167454683783979,30.395774300000028,35.89195046000003,0.6666612347183958,6.182905566614434,1.0
Y2024_LAT23.67765_LON90.12233,2024,90.12232525824136,23.677647581381592,20,32.43494978600435,32.57799018000003,1.1663795241628683,30.218037260000017,35.478370040000016,0.674797026397408,6.126501325295675,1.0
Y2024_LAT23.67783_LON90.13212,2024,90.13212037793532,23.677829384331158,20,32.459804335720854,32.76694298096776,1.065255320045031,30.11207864000005,34.89388862000004,0.653738549460232,5.951001118824845,1.0
Y2024_LAT23.67801_LON90.14192,2024,90.1419155954399,23.678010569231475,20,32.75384669697048,33.2324201709091,1.164047963483039,30.062517350000007,34.66488128000003,0.6484212808404288,6.361604054607318,1.0
Y2024_LAT23.67819_LON90.15171,2024,90.1517109104151,23.67819113600104,20,32.97638656578688,33.07811576000001,0.7500858686298134,30.303487760000053,34.54866860000004,0.6476943435928681,5.837999809411537,1.0
Y2024_LAT23.67837_LON90.16151,2024,90.16150632255399,23.67837108468376,20,31.895791690243193,31.79586365240001,1.31906593295629,29.84889110000006,35.28012488000002,0.662958393440714,5.750300882706918,1.0
Y2024_LAT23.67855_LON90.1713,2024,90.17130183151394,23.678550415217572,20,32.93785058951676,32.98157092094341,0.9410855021247565,30.611109560000045,35.29379696000004,0.6117146703226508,6.056604972258695,1.0
Y2024_LAT23.67873_LON90.1811,2024,90.1810974369278,23.678729127524555,20,32.4383510556761,32.53896278789475,0.6564207036056467,30.22829132000004,33.96760519999998,0.6284181874769342,6.417801668001964,1.0
Y2024_LAT23.67891_LON90.19089,2024,90.19089313852575,23.678907221657223,20,32.65067922459814,32.73231266600002,0.6309005694968532,30.096697550000016,34.49910731000003,0.6293896919598867,5.5414971076436546,1.0
Y2024_LAT23.67908_LON90.20069,2024,90.20068893596161,23.679084697594206,20,32.82332731607449,32.98501209153849,0.9801425321965931,29.961685760000023,34.70589752000001,0.6017631327906245,7.282798977877546,1.0
Y2024_LAT23.67926_LON90.21048,2024,90.21048482882942,23.679261555294072,20,31.72744002748056,31.733152307272743,0.9237526193203156,29.406257510000017,34.18977650000002,0.6358869603884838,7.665700783177393,1.0
Y2024_LAT23.67944_LON90.22028,2024,90.2202808169129,23.67943779475141,20,31.893856137632213,31.70003376500002,1.2783835190667483,29.310552950000016,36.148301960000026,0.5819930853274783,7.624099557764186,1.0
Y2024_LAT23.67961_LON90.23008,2024,90.23007689982374,23.67961341583715,20,33.98454978214029,34.14429054153849,1.2283964757807384,30.922149380000008,37.05749528000001,0.5381297923063566,7.400699532703683,1.0
Y2024_LAT23.67979_LON90.23987,2024,90.23987307712183,23.679788418657314,20,35.498514031869234,35.88853244000002,1.5841627279090158,31.115267510000024,38.12733554000002,0.4494815674661604,7.910801071530672,1.0
Y2024_LAT23.67996_LON90.24967,2024,90.24966934876005,23.67996280312878,20,37.334114737568676,37.769191131875026,1.2067382339829147,32.328664610000004,39.19204877000004,0.3684194868789393,8.0,1.0
Y2024_LAT23.68014_LON90.25947,2024,90.25946571403094,23.680136569215893,20,36.12849613784255,36.23289795500002,0.9779143983455553,33.76081499000003,38.68447279999998,0.4278490904075905,7.740198777406015,1.0
Y2024_LAT23.68031_LON90.26926,2024,90.26926217288214,23.680309717012452,20,35.839662491602134,36.09696045125002,1.5732371368825326,29.548105340000006,38.699853890000014,0.4079540409077133,7.002198826116262,1.0
Y2024_LAT23.68048_LON90.27906,2024,90.27905872496201,23.68048224632503,20,33.32051095628222,33.094187156000025,1.51468351486277,29.73951446000001,38.289691490000024,0.463882182090217,5.698901998708232,1.0
Y2024_LAT23.68065_LON90.28886,2024,90.2888553697017,23.68065415725346,20,32.692758926740844,32.670433100000025,0.9059974942837535,30.47438876000001,35.51938628000005,0.5772744588400441,7.065107365211136,1.0
Y2024_LAT23.68083_LON90.29865,2024,90.29865210710203,23.680825449623452,20,31.776654458413496,31.79032646000002,0.7139127267830593,30.204365180000025,34.02912956,0.590491507067895,6.750399706352595,1.0
Y2024_LAT23.681_LON90.30845,2024,90.30844893653449,23.680996123618623,20,33.157281486010376,32.982360935000024,0.8685685504230217,31.547647040000015,37.036987160000024,0.5706258791366835,6.089100104823651,1.0
Y2024_LAT23.68117_LON90.31825,2024,90.31824585795898,23.681166179057755,20,33.28912552774095,33.108532658765796,0.6921118255287011,31.945846369999998,35.413427660000025,0.5572426135674133,6.0,1.0
Y2024_LAT23.68134_LON90.32804,2024,90.32804287068859,23.68133561598389,20,33.830347454564176,33.67103788240508,0.9841866424172582,31.123812560000033,37.84876691000002,0.547272783770891,5.786399748705585,1.0
Y2024_LAT23.6815_LON90.33784,2024,90.33783997470627,23.68150443436738,20,34.022997516333426,34.01560608956523,1.2118790388449217,30.65212580000002,37.68811997,0.5244780569819597,5.946299936823456,1.0
Y2024_LAT23.68167_LON90.34764,2024,90.34763716947079,23.68167263416561,20,34.56712385959114,34.40867219750002,1.7979786287222452,30.303487760000053,41.79487100000006,0.5889178538742603,5.257298857876976,1.0
Y2024_LAT23.68184_LON90.35743,2024,90.35743445478417,23.681840215417694,20,35.16289483319252,35.09093747300002,1.7024987648946854,31.01785394000001,42.61177778000001,0.598569297006648,5.8202009649423125,1.0
Y2024_LAT23.68201_LON90.36723,2024,90.36723183031991,23.682007177967904,20,34.25512881970576,34.109422511964304,1.2159406607361267,31.80058052000004,38.540915960000035,0.6051253082812534,5.912301073295378,1.0
Y2024_LAT23.68217_LON90.37703,2024,90.37702929556154,23.682173521934047,20,37.07494050992802,36.78044145431819,1.5811524509973272,33.29083724000003,41.88544853000002,0.543007417893442,5.378704135078284,1.0
Y2024_LAT23.68234_LON90.38683,2024,90.38682685035715,23.68233924722738,20,36.415369182451535,36.45063240211541,1.0300961821190657,33.40704992000002,39.157868570000005,0.5303504235701778,5.64940194047287,1.0
Y2024_LAT23.6825_LON90.39662,2024,90.39662449431165,23.682504353804134,20,36.93298347883898,36.64382491210529,1.4428526008458369,34.02571154000003,41.176209380000046,0.48679000118572907,5.521400613412484,1.0
Y2024_LAT23.68267_LON90.40642,2024,90.4064222271138,23.68266884167841,20,39.408870628391874,39.34244165000002,1.6818130680285694,34.78793000000002,44.18748500000001,0.40453942811278504,5.177600835768644,1.0
Y2024_LAT23.68283_LON90.41622,2024,90.41622004843472,23.682832710833175,20,39.93275324584861,40.079594630000024,1.6047111553527522,35.68345124000001,43.011686120000036,0.3511334352794632,5.295200347294524,1.0
Y2024_LAT23.683_LON90.42602,2024,90.42601795782869,23.682995961220236,20,38.64565526225912,40.03470463400001,3.3567723556133875,30.52565906000001,42.96554285000002,0.22168700863300111,4.99579999505882,1.0
Y2024_LAT23.68316_LON90.43582,2024,90.43581595517679,23.683158592791173,20,37.43242283290246,38.7724013645,4.403284572763938,30.617945599999985,44.54637710000003,0.17584356213422891,4.5622979402256005,1.0
Y2024_LAT23.68332_LON90.44561,2024,90.44561403991838,23.683320605739755,20,39.77169882712024,39.592954032500025,2.6261297904397805,33.530098640000006,45.373537940000006,0.274191388906304,4.824499793529169,1.0
Y2024_LAT23.68348_LON90.45541,2024,90.45541221193358,23.683481999713646,20,36.53282848650315,36.77688071538492,1.9956487935682945,31.06570622000004,39.93888614000002,0.4306829706915031,4.400683088536024,0.990835797975202
Y2024_LAT23.68364_LON90.46521,2024,90.46521047076008,23.683642774852633,20,34.691881567268844,34.60971576889614,1.3754706744338254,31.949264389999996,38.48622764000004,0.39423578402289905,5.390397178832197,0.32373550537705265
Y2024_LAT23.6838_LON90.47501,2024,90.47500881598002,23.683802931209467,20,35.1946639848756,35.05111754000001,1.0321802618259575,33.52497161000002,37.78553354000002,0.35770699831866887,5.96581712160056,0.07097646605488875
Y2024_LAT23.685_LON90.03397,2024,90.03396981755542,23.68500405169941,20,32.95815253967717,32.66456831703778,1.4408452255228528,30.282979640000008,37.52234600000003,0.6027771834339728,5.464918874323954,0.19879147031703914
Y2024_LAT23.68519_LON90.04376,2024,90.04376471264946,23.685191496040034,20,33.7307448990061,33.95344483142858,1.4649208987233628,30.28127063000005,37.52576402,0.5986410953885576,5.628948115551161,0.9981933472669949
Y2024_LAT23.68538_LON90.05356,2024,90.05355970859381,23.685378322299123,20,35.06652043505974,34.906000299565235,1.5412507911639226,31.884322010000005,39.897869900000046,0.5636111515374493,6.0365048776700325,1.0
Y2024_LAT23.68556_LON90.06335,2024,90.06335480496062,23.685564530452844,20,33.99508012354615,33.82597099625002,0.9707009634372233,32.039841920000015,37.970106620000024,0.5907754923228348,6.5504018240021615,1.0
Y2024_LAT23.68575_LON90.07315,2024,90.07315000156721,23.685750120436253,20,33.4035997745954,33.07801523000001,1.230080946767072,31.04861612000002,37.49158382000002,0.6001400521506126,5.605700712589073,1.0
Y2024_LAT23.68594_LON90.08295,2024,90.08294529795054,23.685935092191453,20,33.505452160958946,33.08152235613637,1.436217203433383,31.236607219999996,38.40932219000001,0.5974956101896247,4.895599508703588,1.0
Y2024_LAT23.68612_LON90.09274,2024,90.09274069395413,23.686119445769236,20,32.61060052647066,32.55365577650001,0.5569613829813986,30.92385839000002,34.36238651000002,0.6497934616008421,5.952801120942515,1.0
Y2024_LAT23.6863_LON90.10254,2024,90.10253618903371,23.686303181147174,20,32.58231703918333,32.57100222800002,0.6000267164291115,31.03152602000003,33.87019163000002,0.6686949117694527,6.004500005294137,1.0
Y2024_LAT23.68649_LON90.11233,2024,90.1123317830009,23.686486298260636,20,33.33845237263528,33.289034585616456,0.35695352045733664,32.25517718000003,34.485435230000036,0.6612299539656553,6.042900201883318,1.0
Y2024_LAT23.68667_LON90.12213,2024,90.12212747545509,23.686668797078124,20,33.22128264473571,33.20908959500002,0.535664001743871,31.944137360000013,35.261325769999985,0.6455963648937508,6.398700469059384,1.0
Y2024_LAT23.68685_LON90.13192,2024,90.1319232660632,23.686850677571027,20,33.48591095424241,33.48501727912623,0.7343068277833005,31.759564280000006,36.32262098000001,0.6112529815947533,6.935499924117566,1.0
Y2024_LAT23.68703_LON90.14172,2024,90.14171915461574,23.68703193971143,20,33.8234547798324,33.86611629846155,0.5754910046905684,32.26372223000001,35.12289596000005,0.5937956117080216,6.842199257408283,1.0
Y2024_LAT23.68721_LON90.15152,2024,90.15151514060925,23.687212583529078,20,33.788059860423466,33.79841321000002,0.8980098551424155,31.609171400000037,35.775737779999986,0.5926761200341617,6.435099335410985,1.0
Y2024_LAT23.68739_LON90.16131,2024,90.16131122379636,23.68739260891942,20,33.76419724138397,33.73935742000002,0.800930018120657,31.42801634,36.12095780000001,0.6139769023315786,6.314301546237124,1.0
Y2024_LAT23.68757_LON90.17111,2024,90.17110740382451,23.68757201592602,20,32.87659362046914,32.83024160612247,0.737721580864066,31.142611670000036,35.53647638000001,0.6350455611622138,7.325706238617615,1.0
Y2024_LAT23.68775_LON90.1809,2024,90.18090368039647,23.68775080454604,20,32.46393929028055,32.523605684000024,0.6583527202375101,30.354758060000023,34.03767461000001,0.6171310203600243,6.888699869058674,1.0
Y2024_LAT23.68793_LON90.1907,2024,90.19070005308562,23.687928974645676,20,32.17940465416794,32.350027235,0.8938722725795262,30.118914680000017,33.86164658000001,0.6579513009642934,5.8648974881147025,1.0
Y2024_LAT23.68811_LON90.2005,2024,90.20049652177411,23.68810652627268,20,32.80450685943399,32.866433090000015,1.0709119469284623,30.14284082000006,34.839200300000016,0.635974069470683,7.277896601866394,1.0
Y2024_LAT23.68828_LON90.21029,2024,90.21029308576458,23.688283459428458,20,31.646873475654644,31.080354877142877,1.642508150743373,28.869628370000015,35.20151041999998,0.6484307718872416,7.716799666823129,1.0
Y2024_LAT23.68846_LON90.22009,2024,90.22008974511502,23.688459774039266,20,31.52145343514,31.356693656000026,1.6633996133884617,28.67821925000004,36.15855601999999,0.6104815770232171,7.7302996827055095,1.0
Y2024_LAT23.68864_LON90.22989,2024,90.22988649921624,23.688635470068228,20,32.331757007776545,32.30019323063831,1.1418778117102872,29.155033040000035,36.428579600000035,0.5896062458302261,7.185400872474711,1.0
Y2024_LAT23.68881_LON90.23968,2024,90.23968334787638,23.68881054755855,20,34.243988626925244,33.775898860869596,1.68560606933841,30.11549666000002,38.380269020000014,0.5087158569074257,7.449301705060852,1.0
Y2024_LAT23.68899_LON90.24948,2024,90.24948029079363,23.68898500645863,20,36.200356394922544,36.25665319400001,1.6543931954823965,31.875776960000053,39.47916244999999,0.4669017546943078,7.638298397998124,1.0
Y2024_LAT23.68916_LON90.25928,2024,90.25927732741697,23.689158846767523,20,35.8398163418571,35.91868425928574,1.4338450565038081,31.99882567999998,39.09121718000003,0.44863412141949005,6.941097369869994,1.0
Y2024_LAT23.68933_LON90.26907,2024,90.26907445768036,23.689332068339798,20,33.77772492595393,33.65667219312502,2.141284465682257,28.936279760000048,38.33070773000003,0.47187436083885415,6.139800164470797,1.0
Y2024_LAT23.6895_LON90.27887,2024,90.27887168106732,23.689504671222522,20,32.630851601011145,32.64075188774195,0.8245822406886448,30.030046159999984,35.07504368000002,0.5725977927545146,7.009000010588256,1.0
Y2024_LAT23.68968_LON90.28867,2024,90.2886689973465,23.689676655411855,20,32.20107589563407,31.99252370562501,0.8394834901445393,30.87087908000001,34.73836871000003,0.5945678992956399,6.699398585405122,1.0
Y2024_LAT23.68985_LON90.29847,2024,90.29846640613323,23.68984802094192,20,31.83683192795249,31.710391401363662,0.6556344850953452,30.395774300000028,33.70954469000003,0.591212040168194,6.682599626587791,1.0
Y2024_LAT23.69002_LON90.30826,2024,90.30826390710382,23.690018767769185,20,33.20264580844202,33.07693534322583,1.1781504269086216,31.24344326000005,38.42983031000003,0.5487694505544007,6.666900784589168,1.0
Y2024_LAT23.69019_LON90.31806,2024,90.31806149997833,23.690188895715618,20,33.78168626829167,33.57858459786519,0.8886250568599421,31.592081300000018,36.51744812000004,0.5711206925677834,6.012797707283343,1.0
Y2024_LAT23.69036_LON90.32786,2024,90.3278591842765,23.69035840490154,20,33.97755564898991,33.797055366438386,1.0920166112061986,30.94949353999999,37.87782007999999,0.5463749837468397,6.051698884351637,1.0
Y2024_LAT23.69053_LON90.33766,2024,90.33765695983121,23.690527295348776,20,35.207870906296804,34.65041322273976,1.6029933511440069,32.13041945000003,40.48918736000002,0.47203337694167635,5.84900099882472,1.0
Y2024_LAT23.6907_LON90.34745,2024,90.34745482628604,23.690695566908847,20,38.08056602144983,38.16329595875001,1.8132670524223253,32.12700143000001,42.803186900000014,0.42919445667685374,5.242298787288426,1.0
Y2024_LAT23.69086_LON90.35725,2024,90.35725278310356,23.69086321961578,20,37.14380066198803,36.84098882901455,1.4486947478691126,34.632410090000036,42.803186900000014,0.48955706769790264,5.718299668587859,1.0
Y2024_LAT23.69103_LON90.36705,2024,90.36705083031248,23.691030253398875,20,37.469970262777174,37.356083741428584,1.1266204716480754,34.398275720000015,40.87884164000002,0.44374523125058474,5.209499069998926,1.0
Y2024_LAT23.6912_LON90.37685,2024,90.37684896726971,23.69119666831015,20,36.83500452230515,37.028513318750015,1.3502027017881477,32.2073249,40.52678558000002,0.4536098882752879,5.098598111049951,1.0
Y2024_LAT23.69136_LON90.38665,2024,90.38664719377365,23.691362464299498,20,37.74662746739464,37.86533116076925,0.9833107867416437,35.189547350000026,40.46526122,0.37847119203903734,5.807600950118776,1.0
Y2024_LAT23.69153_LON90.39645,2024,90.39644550944865,23.691527641360246,20,37.812902285645805,37.76893172857145,1.2507929560931108,34.19661254000005,41.19329948000001,0.3507962908732824,5.434001687060814,1.0
Y2024_LAT23.69169_LON90.40624,2024,90.40624391405873,23.6916921993956,20,38.174774114986654,38.328510431428576,1.5871726636694934,33.54377072,41.26849592000002,0.2927396786399128,4.941206782149577,1.0
Y2024_LAT23.69186_LON90.41604,2024,90.41604240706675,23.691856138496544,20,37.86740258215506,38.781109547272735,2.6816466573823634,30.761502440000015,41.62567901,0.2584807846359663,4.329001563531262,1.0
Y2024_LAT23.69202_LON90.42584,2024,90.42584098837877,23.692019458559063,20,37.485648968171034,38.59490057,3.424101291303217,30.453880640000023,43.45431970999999,0.22750727269833848,5.421098142468418,1.0
Y2024_LAT23.69218_LON90.43564,2024,90.43563965751353,23.69218215954913,20,40.24939043014872,40.29777824000003,1.3514177816033122,37.17712598000003,44.488270760000006,0.19280168386883514,6.070895627744142,1.0
Y2024_LAT23.69234_LON90.44544,2024,90.44543841412684,23.69234424145357,20,38.2843726244071,38.235308350357165,1.0526201445019607,35.806499960000025,40.557547760000034,0.2313816906929611,5.857898656351356,1.0
Y2024_LAT23.69251_LON90.45524,2024,90.45523725805928,23.692505704334405,20,38.54031864220692,38.63792741000002,0.8777116011458944,35.69541431000002,40.742120839999984,0.25351159996908407,5.672893732816167,1.0
Y2024_LAT23.69267_LON90.46504,2024,90.46503618870872,23.692666548114357,20,35.6930296145843,35.59714623500002,1.9266030811049126,30.635035700000003,40.619072120000055,0.3384604597218578,7.780289554303796,1.0
Y2024_LAT23.69283_LON90.47484,2024,90.47483520593858,23.692826772691703,20,37.40943315539299,37.38904322000002,1.5414837185899484,33.988113320000025,41.20013552000003,0.30075385483968264,9.914794837304898,0.7984819693448358
Y2024_LAT23.69299_LON90.48463,2024,90.4846343094755,23.692986378148444,20,36.46199976167343,36.14383224153849,1.2929547765449012,34.20173957,40.87542361999999,0.3749865508470345,11.992592150959164,0.2407663929719799
Y2024_LAT23.69315_LON90.49443,2024,90.49443349863819,23.693145364514095,20,37.90131381987956,37.90687325000005,0.008545049997416518,37.88978315000003,37.90687325000005,0.29174420129821965,14.0,0.000293090480209331
Y2024_LAT23.69402_LON90.03377,2024,90.03376589628226,23.694024545346963,20,39.28772200445348,39.32876957000002,1.2436414090157866,36.700312190000034,41.22064364000005,0.4146267128281205,5.085634561724237,0.07453572056097198
Y2024_LAT23.69421_LON90.04356,2024,90.04356146241442,23.694212069655585,20,36.79258642841565,36.65480979875002,2.346219794635762,31.93046528000002,42.112746860000016,0.5077609612995571,5.328857886682959,0.9130150781122391
Y2024_LAT23.6944_LON90.05336,2024,90.05335712937642,23.69439897558522,20,34.39837489532226,34.36646184153849,1.1999065806096065,31.47586862000003,38.722071020000044,0.5889334007614838,5.321499159996041,1.0
Y2024_LAT23.69459_LON90.06315,2024,90.06315289686664,23.69458526312828,20,33.23976748019825,33.13964012000001,0.9905982415294347,31.052034140000046,36.165392060000045,0.6148263585672982,5.5807003797664745,1.0
Y2024_LAT23.69477_LON90.07295,2024,90.07294876450825,23.694770932261218,20,33.32612714562716,33.36173063696431,0.9585987623943854,30.604273519999992,36.380727320000034,0.6262620553450445,4.810596755749442,1.0
Y2024_LAT23.69496_LON90.08274,2024,90.08274473212296,23.694955982996586,20,32.606779743014656,32.60979675500002,0.9908847060684746,30.040300220000034,34.81356515000002,0.6312229446671808,5.594401620713496,1.0
Y2024_LAT23.69514_LON90.09254,2024,90.09254079918136,23.69514041515422,20,32.33442430038378,32.202197870000006,1.082395044950292,30.330831920000037,35.24252666000004,0.6423964999584465,5.807603800488455,1.0
Y2024_LAT23.69532_LON90.10234,2024,90.10233696561099,23.695324228837872,20,32.436083897561645,32.44666060478263,0.8119816445396872,30.45217163000001,34.27180898000003,0.6707568677456515,6.0,1.0
Y2024_LAT23.69551_LON90.11213,2024,90.1121332307547,23.695507423993153,20,32.72765032153016,32.63268262804348,0.6755508569454377,31.43827040000002,35.09555180000001,0.6634996847007616,5.65269718916324,1.0
Y2024_LAT23.69569_LON90.12193,2024,90.12192959448173,23.695690000641797,20,32.90025832293127,32.85985599090911,0.6433438300608877,31.236607219999996,35.96031086000005,0.6531472991847816,6.734601104005177,1.0
Y2024_LAT23.69587_LON90.13173,2024,90.1317260564157,23.69587195872346,20,32.2403920527399,31.76450820178574,1.2888955674981553,30.294942710000015,36.069687499999986,0.6387485280476652,6.855099318114425,1.0
Y2024_LAT23.69605_LON90.14152,2024,90.14152261628611,23.69605329816605,20,33.07811031148488,33.23394235012661,0.8243028880594739,30.83328086000006,35.447607860000005,0.6114597869821976,6.891300664944301,1.0
Y2024_LAT23.69623_LON90.15132,2024,90.1513192735837,23.696234018970106,20,34.168431861912126,34.11021259000002,0.8574481489333532,32.01249776,36.91052042000001,0.5877521371110546,7.170803156720716,1.0
Y2024_LAT23.69641_LON90.16112,2024,90.1611160282094,23.696414121172545,20,33.84688190063807,33.893226112608716,0.7255023362572015,31.595499320000044,35.659525099999996,0.6361454062076196,6.0358978159896965,1.0
Y2024_LAT23.69659_LON90.17091,2024,90.17091287966808,23.69659360474074,20,32.994413167487174,33.102846140000004,0.6470007406040926,31.27420544000003,34.58284880000002,0.6553983026055056,6.707099798116694,1.0
Y2024_LAT23.69677_LON90.18071,2024,90.18070982763672,23.6967724695766,20,32.29790890818366,32.32300351437502,0.8506177581508593,30.079607450000026,34.82894624000005,0.6297180755732459,6.809799104936952,1.0
Y2024_LAT23.69695_LON90.19051,2024,90.19050687186817,23.696950715691802,20,32.565011267664886,32.82559810863639,1.1285106499933601,29.74805951000002,34.570885730000015,0.6480969364950339,6.105095788686049,1.0
Y2024_LAT23.69713_LON90.2003,2024,90.20030401191951,23.69712834307055,20,33.356704552628145,33.455249534766196,0.8896664045450111,30.85378897999999,35.232272600000016,0.633792314415099,7.478502251775284,1.0
Y2024_LAT23.69731_LON90.2101,2024,90.21010124757622,23.69730535159487,20,30.97812903604337,30.981015280000033,1.2592337325327567,28.98413204000002,34.661463260000005,0.6463868850519052,7.1392006550618925,1.0
Y2024_LAT23.69748_LON90.2199,2024,90.21989857844044,23.69748174142072,20,31.65032313899287,31.82755516432435,0.8858867725959588,29.34302414000001,34.022293520000034,0.6210829620514576,7.580298024931884,1.0
Y2024_LAT23.69766_LON90.2297,2024,90.22969600417127,23.697657512448863,20,31.933763936148075,31.886229742093043,1.0996688872213916,29.659190990000013,35.20492844,0.5967328575243607,7.292300199059755,1.0
Y2024_LAT23.69783_LON90.23949,2024,90.23949352444232,23.69783266458546,20,33.13177838993631,32.857931860769256,1.2077623576852614,31.055452160000016,38.24354821999998,0.5610983305103485,7.051402594835728,1.0
Y2024_LAT23.69801_LON90.24929,2024,90.2492911389818,23.698007197814498,20,34.81799845941739,34.71294718625001,2.5768219157120194,30.117205670000033,39.21768392000001,0.47772020470673404,7.962602176951398,1.0
Y2024_LAT23.69818_LON90.25909,2024,90.25908884729992,23.698181112186607,20,34.01010853300186,33.88810205480001,1.796198419632434,30.717068180000012,38.53407992000001,0.5468233237027106,6.784800163765471,1.0
Y2024_LAT23.69835_LON90.26889,2024,90.26888664922271,23.698354407670063,20,33.65763175297192,33.220822084285736,1.9851673495315083,28.936279760000048,38.790431420000004,0.526487384266275,4.665293719029254,1.0
Y2024_LAT23.69853_LON90.27868,2024,90.27868454438945,23.69852708423566,20,32.74662786507743,32.27924114338713,1.956427636810552,29.12768888000005,40.044844760000046,0.5476267810045725,5.162396058334386,1.0
Y2024_LAT23.6987_LON90.28848,2024,90.28848253235476,23.698699141812764,20,32.371657830007784,32.23441773500001,0.8678445019902125,30.747830360000023,35.23227259999999,0.6026459892524144,6.587900413648999,1.0
Y2024_LAT23.69887_LON90.29828,2024,90.29828061303134,23.698870580411132,20,31.81866109447551,31.737665778983065,0.8021861849270974,30.175312010000027,34.661463260000005,0.5762601104010472,6.745598802817902,1.0
Y2024_LAT23.69904_LON90.30808,2024,90.30807878574694,23.699041399940448,20,32.69651587517768,32.836560021121514,1.380665173308356,30.173603000000014,38.725489040000014,0.5996542364348785,6.339301596713379,1.0
Y2024_LAT23.69921_LON90.31788,2024,90.3178770504813,23.699211600501837,20,33.05678923975062,32.97020067153848,1.6547015517894608,30.009538040000024,38.405904170000014,0.5729795747538592,6.427099656939561,1.0
Y2024_LAT23.69938_LON90.32768,2024,90.32767540665867,23.699381182078024,20,32.500775486201036,32.10976588234045,1.3629815944492227,30.13258675999998,37.87782007999999,0.5802274642183829,6.838599240467003,1.0
Y2024_LAT23.69955_LON90.33747,2024,90.33747385414618,23.699550144458456,20,33.4300348052441,33.21529899800002,1.6708289967702332,30.83669888000003,39.09121718000006,0.5465683852001084,6.072300340236883,1.0
Y2024_LAT23.69972_LON90.34727,2024,90.34727239253493,23.69971848774044,20,36.253657698752875,35.7877392393141,2.0746144354203038,31.171664840000005,41.05657868,0.4774416413282763,5.990099953411539,1.0
Y2024_LAT23.69989_LON90.35707,2024,90.35707102131262,23.699886211934867,20,37.58694798582864,37.59545744780002,1.5392789512654328,34.00178540000002,42.743371550000035,0.42987280942954675,6.482402270128323,1.0
Y2024_LAT23.70005_LON90.36687,2024,90.36686974043921,23.70005331705588,20,37.797019902539006,37.844748427027056,1.8637983395897078,32.96954335999999,42.375934400000006,0.408277233912058,6.274903646605379,1.0
Y2024_LAT23.70022_LON90.37667,2024,90.37666854943967,23.70021980290226,20,36.44221592935308,36.48609662620692,1.6785151725106024,32.942199200000005,40.66350638000006,0.37139231815817164,5.622502929425539,1.0
Y2024_LAT23.70039_LON90.38647,2024,90.3864674479825,23.700385669579653,20,37.25259460022395,37.14169250600002,1.44382110072586,33.51984458000004,40.91814887000001,0.3045567630982142,5.69130560614402,1.0
Y2024_LAT23.70055_LON90.39627,2024,90.3962664357762,23.70055091706898,20,39.36938192480313,39.59138386669256,1.7051387552256156,33.91291688000001,42.509237180000014,0.23177242130441822,5.442904437197337,1.0
Y2024_LAT23.70072_LON90.40607,2024,90.40606551240806,23.700715545358978,20,37.91481281903483,38.33298641000002,2.4209590269519423,28.891845500000045,41.623969999999986,0.200786347202898,5.340801603772242,1.0
Y2024_LAT23.70088_LON90.41586,2024,90.41586467757924,23.700879554301107,20,37.065161758004564,38.21620406000002,3.5550301234751878,28.813231040000005,42.68868322999998,0.21680631157430796,5.703400957180959,1.0
Y2024_LAT23.70104_LON90.42566,2024,90.4256639310151,23.701042944001834,20,39.463106880949915,39.543834986315794,1.2725092736363226,35.12973199999999,42.49556510000002,0.23107294032476527,9.183498510581195,1.0
Y2024_LAT23.70121_LON90.43546,2024,90.43546327232818,23.701205714455323,20,39.61083918176753,39.7821286710345,1.5644459021184836,32.697810770000046,44.50023383000001,0.19816885034604442,9.703602134598261,1.0
Y2024_LAT23.70137_LON90.44526,2024,90.44526270110596,23.70136786549647,20,38.73656758459017,38.79363126851066,1.0893868776365574,36.21324434000002,41.47528613,0.1989159073625733,10.52730718732794,1.0
Y2024_LAT23.70153_LON90.45506,2024,90.45506221733368,23.701529397245388,20,38.88945280401511,38.985286576557385,1.173014833768241,35.09896981999998,41.66669525000003,0.23429737186463132,12.220501037651916,1.0
Y2024_LAT23.70169_LON90.46486,2024,90.46486182016598,23.701690309568644,20,39.12085433352868,39.15595850000002,1.6645478633814914,34.72640564000005,43.05270236000001,0.26912848159794683,11.180198495051716,1.0
Y2024_LAT23.70185_LON90.47466,2024,90.47466150976898,23.70185060251837,20,36.43850280818116,36.091431925106406,1.6142589530338767,33.12677228000004,42.07514864000001,0.3269768497898163,11.686403230132822,1.0
Y2024_LAT23.70201_LON90.48446,2024,90.48446128547123,23.70201027610431,20,35.34309062983813,35.516191174347846,1.245839790014161,31.54422901999999,38.942533310000044,0.40338459951623146,13.061200288001332,1.0
Y2024_LAT23.70217_LON90.49426,2024,90.49426114708672,23.70216933015094,20,37.25038720980935,37.080430194200034,0.8630709489163337,35.99790908000003,40.39006477999999,0.33745693147157946,12.139351889437782,0.5774816524514468
Y2024_LAT23.70233_LON90.50406,2024,90.50406109430696,23.70232776480464,20,37.16854877037849,36.920348183322155,1.021748682127396,35.84409818,42.00678823999999,0.37229638828054396,12.584692532375225,0.13851761411850588
Y2024_LAT23.70305_LON90.03356,2024,90.03356187373501,23.70304502682764,20,38.24697325597924,38.264056340000025,0.6678464983022792,36.85241408000002,39.327060560000035,0.363423801539342,6.0,0.01466494790596868
Y2024_LAT23.70323_LON90.04336,2024,90.04335811127598,23.70323263107383,20,36.944463415329345,36.76375918625001,1.278473933449647,33.92146193000002,40.622490140000025,0.4250123277008266,5.445028504108382,0.7229831418703107
Y2024_LAT23.70342_LON90.05315,2024,90.05315444962596,23.703419616738838,20,35.69142958765959,35.640486728600024,1.2796705930235617,33.15753446000002,39.46036334000004,0.5029787273726404,5.798399051289656,1.0
Y2024_LAT23.70361_LON90.06295,2024,90.06295088851031,23.703605983712084,20,34.26417557129272,33.46950889484377,2.2692891723787842,30.78030154999999,41.78290793000002,0.580648043031106,4.754398534586509,1.0
Y2024_LAT23.70379_LON90.07275,2024,90.0727474277177,23.703791731950638,20,33.67264751074793,33.66765310341464,0.9520814974096942,31.086214340000026,37.02331508000003,0.5795081703537522,5.205899065763604,1.0
Y2024_LAT23.70398_LON90.08254,2024,90.08254406670223,23.703976861512988,20,33.62902583098314,33.17191862750001,1.795959318270364,30.542749160000028,37.66932086000003,0.5905934898426387,5.354799316702665,1.0
Y2024_LAT23.70416_LON90.09234,2024,90.09234080534179,23.704161372369022,20,31.815017662348474,31.235752715000018,1.4914039473081009,30.18043904000001,36.2918588,0.6268895316725324,5.459900541059462,1.0
Y2024_LAT23.70435_LON90.10214,2024,90.10213764325344,23.70434526445813,20,32.982298279603775,32.79446735016721,1.6770151525622208,30.376975190000024,37.621468580000055,0.6182862786210246,5.672999615293663,1.0
Y2024_LAT23.70453_LON90.11193,2024,90.11193457991276,23.70452853774023,20,33.421775320095435,33.45092990648651,0.7874517962304456,31.35965594000004,35.82529907000003,0.6348421112418814,6.268398910112523,1.0
Y2024_LAT23.70471_LON90.12173,2024,90.12173161533806,23.704711192214116,20,33.83363344433859,33.40822775121624,1.5437244813061302,31.151156720000017,39.638100380000026,0.6187986256776626,5.982998803528002,1.0
Y2024_LAT23.70489_LON90.13153,2024,90.13152874889356,23.704893227843872,20,33.461229686280156,33.53448902775864,1.5856042690529504,30.46584371000003,40.00724653999998,0.6293410955293386,6.118598963057603,1.0
Y2024_LAT23.70507_LON90.14133,2024,90.14132598032158,23.70507464463464,20,33.25324278989277,33.141298865000024,0.8756489249901929,31.175082860000032,35.642435000000006,0.6048396669755581,6.677600835768641,1.0
Y2024_LAT23.70526_LON90.15112,2024,90.15112330946769,23.70525544248744,20,33.16967340543131,32.96206012094677,1.1237235757914066,31.007599880000015,39.897869900000046,0.5917221639904944,7.279201504942946,1.0
Y2024_LAT23.70544_LON90.16092,2024,90.16092073565879,23.705435621509512,20,32.71854223575322,32.57691688869567,0.7519303179439186,30.81960878000001,35.049408529999994,0.6450001715742627,7.578199503764124,1.0
Y2024_LAT23.70562_LON90.17072,2024,90.17071825891546,23.705615181505287,20,32.958581054774754,33.110707586000025,1.0208552401755837,30.37526618000004,35.06137160000003,0.6652131665319154,7.347899284231925,1.0
Y2024_LAT23.70579_LON90.18052,2024,90.1805158787244,23.705794122595467,20,32.7157623326895,32.66718263000002,0.8605210931345969,30.38893826000003,35.83042610000004,0.6620534087409019,6.339099222469674,1.0
Y2024_LAT23.70597_LON90.19031,2024,90.19031359471515,23.70597244471462,20,33.60963226295619,33.67365548000001,0.8166941922999957,30.976837700000033,35.897077490000015,0.6531545874256313,6.039600046588286,1.0
Y2024_LAT23.70615_LON90.20011,2024,90.20011140659537,23.70615014776379,20,33.51913948942092,33.69841303027029,1.0561464905581788,31.14090266000005,35.871442340000044,0.6621036130148749,6.754803552016724,1.0
Y2024_LAT23.70633_LON90.20991,2024,90.20990931418312,23.706327231841282,20,33.518991429140755,33.79816906571431,1.4080359723419071,30.043718240000032,36.165392060000045,0.6444101117352973,7.03020121200142,1.0
Y2024_LAT23.7065_LON90.21971,2024,90.21970731686676,23.706503696837245,20,33.18326549940488,32.98353587937501,1.6741319152572018,29.82154694000002,37.621468580000055,0.5666062737528954,7.68998944236491,0.8202381080181642
Y2024_LAT23.70668_LON90.22951,2024,90.2295054145378,23.706679542718494,20,33.52284237787347,33.57634880337531,1.0912731142807717,30.26588953999999,35.99790908000003,0.6202362306457513,6.889347405668153,0.7664186720809548
Y2024_LAT23.70685_LON90.2393,2024,90.2393036067637,23.70685476956079,20,33.122900219426064,33.29891083896553,1.1833767242977657,29.531015240000016,35.70054134000003,0.5926948788154532,7.007477473977183,1.0
Y2024_LAT23.70703_LON90.2491,2024,90.24910189328038,23.70702937723754,20,31.98804322766654,31.889400211142874,0.7888186661099015,30.26588953999999,35.305760030000044,0.621584156611152,7.103701298472111,1.0
Y2024_LAT23.7072_LON90.2589,2024,90.25890027363418,23.707203365788224,20,32.25635341669429,32.11058530577466,0.8227603042332146,30.518823020000013,35.591164700000036,0.597646979903326,6.6999032936625635,1.0
Y2024_LAT23.70738_LON90.2687,2024,90.26869874760163,23.70737673517037,20,34.828254337439766,34.716151580000016,2.2912944789295926,30.78201056000003,39.897869900000046,0.5286902016226831,4.435798159762539,1.0
Y2024_LAT23.70755_LON90.2785,2024,90.27849731481605,23.707549485322676,20,34.66559309355542,34.14254567818184,2.985848006431121,29.291753840000013,41.49750326000003,0.4854156635443559,4.392199284940335,1.0
Y2024_LAT23.70772_LON90.2883,2024,90.28829597489661,23.707721616278636,20,33.73795799761313,33.671465810937526,1.535832650580953,30.508568960000048,37.19079806000002,0.5601231284271163,5.710198636228875,1.0
Y2024_LAT23.70789_LON90.29809,2024,90.29809472761363,23.707893127929356,20,33.44336548828463,33.44901561000001,1.2844599366887748,31.041780080000024,37.60437848000004,0.562094330777561,5.5380982801156255,1.0
Y2024_LAT23.70806_LON90.30789,2024,90.3078935725446,23.708064020351678,20,34.69025433591808,34.66769612,1.998714127148832,30.617945599999985,38.725489040000014,0.5108443373149135,6.2019002375296886,1.0
Y2024_LAT23.70823_LON90.31769,2024,90.3176925094649,23.70823429348737,20,32.96525002519208,32.66945515510206,1.381216147857722,30.580347380000035,37.79578760000004,0.5794249585211096,7.265303601428719,1.0
Y2024_LAT23.7084_LON90.32749,2024,90.327491537878,23.70840394726484,20,34.860247380059484,34.403402750000026,2.556908313741463,30.22829132000004,42.20161538000002,0.4943422731667471,7.411900484588802,1.0
Y2024_LAT23.70857_LON90.33729,2024,90.33729065754324,23.70857298171479,20,35.68767071827249,35.400472261612926,1.9096048248955833,31.17850088,41.86323140000002,0.5054617075727966,7.801900943412873,1.0
Y2024_LAT23.70874_LON90.34709,2024,90.34708986814353,23.708741396866237,20,35.20938854883101,35.66661246500002,1.9268694876133166,30.81960878000001,39.29629838000005,0.46573525885597056,6.695300919063153,1.0
Y2024_LAT23.70891_LON90.35689,2024,90.35688916927478,23.708909192524068,20,36.542475233685636,36.83687762545456,2.275361923602585,28.519281320000005,40.95745610000006,0.37796683430944955,6.5289006222360255,1.0
Y2024_LAT23.70908_LON90.36669,2024,90.36668856077274,23.709076368808944,20,37.801805944102846,38.51947565272729,3.642276682818793,30.826444820000006,43.67820002000002,0.25641093977725476,6.599301881531623,1.0
Y2024_LAT23.70924_LON90.37649,2024,90.37648804206883,23.709242925688336,20,36.42173503702652,36.844330924594615,3.388967354227511,29.69166217999998,41.81196110000002,0.20805107868382477,6.996311747349401,1.0
Y2024_LAT23.70941_LON90.38629,2024,90.38628761296698,23.70940886311279,20,35.94933635492859,36.348256130000024,3.42198815839219,28.061266639999985,41.999952199999996,0.2032311506680644,7.75660441953461,1.0
Y2024_LAT23.70957_LON90.39609,2024,90.39608727315374,23.709574181013647,20,38.16781361613908,38.96537189818184,2.7618159308855965,30.365012120000017,43.49362694000001,0.1804440668733347,9.521905319888607,1.0
Y2024_LAT23.70974_LON90.40589,2024,90.40588702222212,23.709738879499763,20,37.95852335010618,38.59338256700001,2.2303937077190192,30.508568960000048,42.11958290000001,0.19287231285783743,11.544823740347022,1.0
Y2024_LAT23.7099_LON90.41569,2024,90.41568685985507,23.709902958407614,20,38.878884125314244,39.14419649000003,1.2810788030559337,35.19809240000001,41.55902762000005,0.20752539829486832,11.548404174593143,1.0
Y2024_LAT23.71007_LON90.42549,2024,90.42548678580424,23.71006641772951,20,39.81882859313905,40.016133392000015,1.3244659731696014,35.939802740000005,42.16230815000006,0.19302282143735308,13.920602259532068,1.0
Y2024_LAT23.71023_LON90.43529,2024,90.43528679955372,23.710229257551543,20,41.226349086151245,41.33880634423079,1.4653057990675171,34.18806749000001,44.82665473999998,0.19237433834841575,10.770396566572085,1.0
Y2024_LAT23.71039_LON90.44509,2024,90.44508690096535,23.71039147781732,20,39.54854118792847,39.16573001600001,2.16716955171908,34.596520880000014,47.84134838,0.2200338393473186,13.242802638591334,1.0
Y2024_LAT23.71055_LON90.45489,2024,90.45488708964757,23.71055307837448,20,38.877377826255284,38.59247510676058,1.6513427921684216,34.53499652000005,46.14942847999998,0.2760442883900264,13.960601130118983,1.0
Y2024_LAT23.71071_LON90.46469,2024,90.46468736510884,23.71071405932823,20,38.148374593598184,38.169938717857164,1.1746582381702182,35.370702410000035,42.35200826000002,0.3271701133760562,12.709898634817096,1.0
Y2024_LAT23.71087_LON90.47449,2024,90.47448772728887,23.710874420619206,20,38.31842054084566,38.23066491384618,1.303975854775239,34.65975425000005,41.48724920000001,0.3014871401777597,12.039098869528084,1.0
Y2024_LAT23.71103_LON90.48429,2024,90.48428817568954,23.71103416224019,20,37.80259588765556,37.733670318163284,1.3986738960810672,34.44270998000002,41.78461693999998,0.35280690752390154,11.690399635764274,1.0
Y2024_LAT23.71119_LON90.49409,2024,90.49408870996135,23.711193284189665,20,38.200618472922265,38.26930841951222,0.8592533010181354,35.26987082000005,40.31828636,0.31886767133323185,10.8419945505626,1.0
Y2024_LAT23.71135_LON90.50389,2024,90.50388932978802,23.71135178639017,20,36.65676789529066,37.03692142884617,2.0964529412575756,30.64699877000001,44.081526380000014,0.31456023934086175,10.37005968766391,0.9394654399096479
Y2024_LAT23.71151_LON90.51369,2024,90.51369003493744,23.711509668848223,20,34.801593096917834,34.09434675567842,2.5566235282130667,30.857207000000017,39.23819204000006,0.22909076485005586,11.030236283540244,0.21717686027085503
Y2024_LAT23.71225_LON90.04315,2024,90.04315465926568,23.712253180440282,20,33.89353723912244,33.765258416000016,1.0898203057701699,30.93240344,36.91222943,0.5494983957647555,4.5890355188815075,0.3644249036530431
Y2024_LAT23.71244_LON90.05295,2024,90.05295166927347,23.712440245698982,20,34.33005803055114,34.17311365250002,1.439827916359251,30.942657499999996,38.031630980000045,0.573122919534955,5.82505061086377,0.8629000437617949
Y2024_LAT23.71263_LON90.06275,2024,90.06274877995331,23.71262669208791,20,33.59802390543612,33.51714249662164,0.67002146505628,30.63845372000003,35.447607860000005,0.6272140702182722,5.198999057645968,1.0
Y2024_LAT23.71281_LON90.07255,2024,90.07254599089818,23.712812519580314,20,33.667237726317055,33.45328329827053,1.1340240592919624,30.693142039999998,37.07800340000006,0.5943335825655268,5.366363252158407,0.9959923029578431
Y2024_LAT23.713_LON90.08234,2024,90.08234330177807,23.712997728017378,20,34.03730085406009,33.76978729250003,1.2738882338788013,31.503212780000013,37.69324700000004,0.5232215374338914,5.790811400207814,0.9698382065999185
Y2024_LAT23.71318_LON90.09214,2024,90.09214071220715,23.71318231749268,20,33.335679503495705,32.7854200194737,1.9597538848075615,30.730740260000005,44.833490780000034,0.5773834960322622,6.019598846586879,1.0
Y2024_LAT23.71337_LON90.10194,2024,90.10193822196237,23.713366287914933,20,33.36803997862577,33.16885665125002,1.3585314058283522,31.23831623000001,37.918836320000025,0.6429505585245812,6.336148672768557,0.9920742288486741
Y2024_LAT23.71355_LON90.11174,2024,90.11173583063987,23.71354963930146,20,32.79539309034896,32.76250900571431,1.3109731314379833,30.20094716,38.04188504000001,0.6567385725030822,6.365647316210369,0.8150306472776964
Y2024_LAT23.71373_LON90.12153,2024,90.12153353788551,23.713732371656334,20,33.653768294347685,33.70783568000002,1.048871828968563,31.31693069000002,37.00622498000001,0.6182624439110381,5.797647388320968,0.9872455219304005
Y2024_LAT23.71391_LON90.13133,2024,90.1313313434145,23.713914484865672,20,34.0732218105059,34.140741059230784,1.108922784408322,30.90164126000002,37.63514066000002,0.6143621903901721,6.289299163881379,1.0
Y2024_LAT23.7141_LON90.14113,2024,90.14112924691034,23.714095978965492,20,33.96114306097806,33.46389032666669,2.01083648219743,30.717068180000012,41.036070559999985,0.5354523135490983,5.505495319977996,1.0
Y2024_LAT23.71428_LON90.15093,2024,90.15092724798122,23.714276853950853,20,35.537026637634284,35.52527626089287,2.0107924796621983,30.80251868000005,42.83053106,0.5435104362301967,5.611199542587707,1.0
Y2024_LAT23.71446_LON90.16073,2024,90.16072534631115,23.714457109668174,20,33.69563771936815,33.345145780000024,2.0602074353017215,30.108660620000023,42.37251637999998,0.5763160009383841,6.757599714823199,1.0
Y2024_LAT23.71464_LON90.17052,2024,90.17052354161397,23.714636746246512,20,32.38296473358888,32.23361736153848,1.383035961223726,29.81812892000005,37.53601808000002,0.616947242322922,7.350701650360726,1.0
Y2024_LAT23.71482_LON90.18032,2024,90.18032183351161,23.714815763575718,20,32.664846320110236,32.54602814560441,1.2747465514088478,30.14113180999999,37.495001839999986,0.5996022310874566,6.989421262096805,0.999699658317168
Y2024_LAT23.71499_LON90.19012,2024,90.19012022165946,23.714994161677122,20,33.62194971141209,33.514824363125015,0.9607414443230088,30.788846600000056,35.58945569000002,0.6178166501240546,6.158888400080527,0.9618972139242833
Y2024_LAT23.71517_LON90.19992,2024,90.19991870576271,23.715171940552505,20,33.895882025516265,33.95277099320002,0.7766006133542784,31.817670620000058,35.871442340000044,0.6318290685469647,6.631202970366939,1.0
Y2024_LAT23.71535_LON90.20972,2024,90.20971728542136,23.715349100086577,20,32.96573755425419,33.100221588928584,1.7685536477425212,29.36011424000003,39.169831639999984,0.6053465984218295,6.64685962373373,0.9824760956883379
Y2024_LAT23.71553_LON90.21952,2024,90.21951596044296,23.71552564026661,20,32.862745798404184,32.90289197000001,1.286230357424386,30.55983925999999,36.264514640000016,0.59109413381312,7.658282740676497,0.045263127841659326
Y2024_LAT23.71588_LON90.23911,2024,90.2391135948237,23.715876862690298,20,34.53127889947288,34.28265400607478,2.362074428858073,30.105242600000025,40.84807946000001,0.5229863054692271,6.861996497373028,0.18461173698126251
Y2024_LAT23.71605_LON90.24891,2024,90.24891255363129,23.716051544785955,20,32.39237006878585,32.34632438000002,0.4356949632644081,31.564737140000034,33.824048360000006,0.6165886135069693,6.907219081390287,0.21316057816410838
Y2024_LAT23.71623_LON90.25871,2024,90.25871160641132,23.716225607492657,20,33.41755219917741,33.29945478958328,0.7488717848786335,31.27762346000003,37.32410084000003,0.5962090439101981,5.959374183520288,0.810373289121435
Y2024_LAT23.7164_LON90.26851,2024,90.2685107526447,23.71639905068736,20,33.75828292785821,33.72227849000002,1.571057212780591,30.501732919999995,40.916439860000025,0.5260967038413042,5.6075007147067355,1.0
Y2024_LAT23.71657_LON90.27831,2024,90.27830999232893,23.716571874457628,20,33.23787770226374,33.02996189000002,1.6407411233044962,29.783948720000012,40.87542361999999,0.5652374617062075,4.656799596234824,1.0
Y2024_LAT23.71674_LON90.28811,2024,90.28810932485533,23.716744078749503,20,33.570974097125614,33.28741922000002,1.3808850898192853,31.680949820000023,40.65667034000003,0.5704510896690006,5.136902997190592,1.0
Y2024_LAT23.71692_LON90.29791,2024,90.29790875007798,23.716915663572223,20,34.380978608380445,34.089608107910465,1.7165643592894682,30.94949354000002,39.50821561999999,0.5111875369973549,5.398001644707817,1.0
Y2024_LAT23.71709_LON90.30771,2024,90.30770826742497,23.717086628839887,20,34.63332025953186,34.719284765000026,1.557627436040558,31.513466839999978,39.89957891000003,0.5531838686862951,5.673998439998179,1.0
Y2024_LAT23.71726_LON90.31751,2024,90.31750787684767,23.71725697455599,20,34.23158607622847,33.71899656163267,2.0431337360163484,31.469032580000032,41.22747967999999,0.5777055988412737,6.68679146725397,1.0
Y2024_LAT23.71743_LON90.32731,2024,90.32730757777604,23.717426700615942,20,38.07937082108407,37.35201467000003,2.508740443273931,34.31966126000003,44.05418222000003,0.425972188239548,8.683298450939375,1.0
Y2024_LAT23.7176_LON90.33711,2024,90.33710737004323,23.717595807190335,20,37.415780007184544,37.27283054000002,1.9127224144078827,32.54912690000003,41.900829620000025,0.3723880822282542,10.181793155050784,1.0
Y2024_LAT23.71776_LON90.34691,2024,90.34690725325221,23.717764294034538,20,35.092123803356,35.295399156875014,1.5155042342020784,31.007599880000043,38.30849060000003,0.4960292129925076,11.530981322265081,1.0
Y2024_LAT23.71793_LON90.35671,2024,90.35670722699012,23.717932161248285,20,35.12562917687682,35.53773300500002,2.566486653686308,28.468011020000006,41.12152106000002,0.346741053697296,11.362795720936173,1.0
Y2024_LAT23.7181_LON90.36651,2024,90.36650729109517,23.71809940882346,20,40.98346706777299,41.017146400487825,0.9666646291569153,37.48816580000005,43.03903027999999,0.20846901466532278,14.45289817988025,1.0
Y2024_LAT23.71827_LON90.37631,2024,90.37630744512458,23.718266036684437,20,40.2802375925789,40.65238776200002,1.445995247556647,34.67855336000002,43.40475842000001,0.22326928437391097,14.14110301695541,1.0
Y2024_LAT23.71843_LON90.38611,2024,90.38610768871601,23.71843204482442,20,39.13321528962283,38.91010186441862,1.6764932013920832,34.73665970000002,43.53122516000002,0.22419510090669398,11.176700207882611,1.0
Y2024_LAT23.7186_LON90.39591,2024,90.39590802162641,23.71859743325179,20,37.572590645489626,37.673293153513534,1.4513767845333245,33.79670420000002,41.30267612,0.23985943459143902,11.534699452587617,1.0
Y2024_LAT23.71876_LON90.40571,2024,90.40570844351599,23.718762201795112,20,38.72137070059733,38.85968516613638,0.9535700737119709,35.034027440000045,40.81902629000001,0.1928046437960776,12.603998136461852,1.0
Y2024_LAT23.71893_LON90.41551,2024,90.41550895382954,23.718926350723773,20,39.06089626288009,39.297763245714314,1.3431139670722347,34.62044702000003,41.59320782000003,0.22709663531161822,14.14820017435317,1.0
Y2024_LAT23.71909_LON90.42531,2024,90.42530955264697,23.71908987976377,20,39.33198820861653,39.42336128627909,1.3046699319255046,35.04769952000004,42.52974530000006,0.23526620158352482,14.95640112517782,1.0
Y2024_LAT23.71925_LON90.43511,2024,90.43511023925143,23.71925278896357,20,39.770104851163055,39.62196074545456,2.177904855921101,33.538643690000015,45.44873438000002,0.3191400087329362,12.602995778803706,1.0
Y2024_LAT23.71942_LON90.44491,2024,90.4449110135486,23.719415078266074,20,37.56823882333757,36.77935390250002,2.819109720749249,33.08233802000001,46.34425562000001,0.46294146970775385,13.108000127058967,1.0
Y2024_LAT23.71958_LON90.45471,2024,90.45471187502976,23.71957674775833,20,39.13151831307804,39.07327257500003,4.163968804433216,30.508568960000048,49.32818708000002,0.33885769719781533,13.354402769885633,1.0
Y2024_LAT23.71974_LON90.46451,2024,90.46451282347572,23.719737797334236,20,36.08918308712827,35.53266397307693,3.002231366921915,29.85572714,45.38891903000001,0.37963789608864756,12.435609108748777,1.0
Y2024_LAT23.7199_LON90.47431,2024,90.47431385864579,23.719898227019485,20,37.373312514397156,37.08270317750001,2.7021326095904645,31.479286640000055,45.257325260000016,0.3967260383542986,9.687699632587824,1.0
Y2024_LAT23.72006_LON90.48411,2024,90.48411497992795,23.720058036749826,20,37.015687775481666,37.21734284435487,1.962421835531247,32.26201322000003,41.63080604000004,0.4007812978901786,10.76669854905713,1.0
Y2024_LAT23.72022_LON90.49392,2024,90.49391618722424,23.720217226468566,20,38.020836094203474,37.57670805445455,2.6547695029247755,31.42459832000003,48.33354326,0.3524594336100506,11.005897674812614,1.0
Y2024_LAT23.72038_LON90.50372,2024,90.50371748011912,23.72037579625026,20,33.84510921655577,33.09942812,2.778278207192097,30.272725580000014,40.46867924000003,0.2346692365064215,9.400202080886983,0.26522726367366495
Y2024_LAT23.72146_LON90.05275,2024,90.05274878835802,23.721460862509293,20,33.375779725152675,33.457750550000036,1.0339207128232584,31.345983860000047,37.04382320000002,0.6097185976355103,5.2713604174431605,0.4851296813296487
Y2024_LAT23.72165_LON90.06255,2024,90.0625465711389,23.721647388393826,20,33.327522927180986,33.26306214031555,1.0057277671525866,31.556192090000025,35.82700808000004,0.6328032418666474,5.780371541854143,0.7256338695947312
Y2024_LAT23.72183_LON90.07234,2024,90.07234445423342,23.721833295021217,20,33.166752926426334,33.164228082500024,0.46405757295378597,32.17656272000002,34.17952244,0.6545642324966293,6.0,0.387937163252123
Y2024_LAT23.72202_LON90.08214,2024,90.08214243713324,23.722018582365706,20,33.542061435442605,33.54661907000001,1.0309170585775123,31.24686128000002,36.55162832000002,0.5738997905862334,6.144306461459369,0.4463550704891931
Y2024_LAT23.7222_LON90.09194,2024,90.09194051985853,23.722203250488853,20,32.7078003403571,32.53132873201038,1.278968648513735,29.60621168,39.92521406,0.6574074524505408,6.040133036078562,0.9778958880295803
Y2024_LAT23.72239_LON90.10174,2024,90.10173870171215,23.72238729928123,20,32.86239602960415,32.58897632383657,1.3332718744443754,31.279332470000014,44.204575100000056,0.6388686937674244,6.984170989089616,0.9227462883631457
Y2024_LAT23.72257_LON90.11154,2024,90.11153698272746,23.722570728826035,20,32.798788158330886,32.848203650000016,0.5687236324057567,32.12871044000002,35.26303478,0.6009656160251854,6.950667655786349,0.01920679361958292
Y2024_LAT23.72275_LON90.12134,2024,90.12133536220219,23.722753539004486,20,32.97313781723365,32.9210634619904,0.6720888578222488,31.45877852000004,36.968626760000035,0.6375041668131207,7.306130032333381,0.6523810902144082
Y2024_LAT23.72294_LON90.13113,2024,90.13113384005356,23.722935729858083,20,32.72927821550206,32.639377989887656,0.8678171790009105,30.846952939999994,35.62021787000003,0.5794967343410681,7.761301229652848,1.0
Y2024_LAT23.72312_LON90.14093,2024,90.14093241582901,23.72311730120901,20,33.81945303567209,33.655283622500015,2.08153151885448,30.18043904000001,39.35782274000002,0.5849923849111716,6.198297403752468,1.0
Y2024_LAT23.7233_LON90.15073,2024,90.15073108927966,23.723298253293567,20,32.57478432554221,32.8607770807143,1.6880802961912873,30.088152500000007,37.46253065000002,0.6667640090194643,5.987099939293817,1.0
Y2024_LAT23.72348_LON90.16053,2024,90.16052985997881,23.72347858588141,20,33.96868305258607,33.13143321636365,2.0256599466465404,30.29323370000003,38.19569594000001,0.5986195108974742,6.428189767391149,0.529207452986026
Y2024_LAT23.72366_LON90.17033,2024,90.17032872769948,23.723658298978677,20,33.91198995586687,34.00634276000002,1.9178844509473185,29.763440600000024,37.53601808000002,0.5189954647943037,7.0,0.5449158448555399
Y2024_LAT23.72384_LON90.18013,2024,90.18012769201721,23.723837392595122,20,35.58357890942294,35.675475860000006,1.6174488729807437,30.14113180999999,37.495001839999986,0.5330132397967892,6.821632675930079,0.1280105575717581
Y2024_LAT23.72402_LON90.18993,2024,90.18992675270556,23.72401586672108,20,31.680368338660298,31.821088640000028,0.756256599407827,30.730740260000005,33.331853480000035,0.48837308394725115,5.24242424242424,0.006702250473896483
Y2024_LAT23.72419_LON90.19973,2024,90.19972590928332,23.72419372129912,20,33.44007857512292,33.413885960000044,0.9396338611269196,32.08598519000003,35.89878650000003,0.574521911878616,5.50798391728891,0.06239897351717307
Y2024_LAT23.72437_LON90.20953,2024,90.20952516150587,23.724370956323977,20,34.01620758300651,34.267365554,1.8561846624912017,29.54126930000001,36.30894890000002,0.5318802609171458,5.704923814898417,0.10146986718585006
Y2024_LAT23.7249_LON90.23892,2024,90.2389234886288,23.724898943745163,20,32.689627894304685,32.65508552000006,0.42166971860758734,32.43975025999998,33.70441765999999,0.39183472032775946,5.0,0.002136192908122479
Y2024_LAT23.72507_LON90.24872,2024,90.24872312013223,23.725073700287105,20,37.20341837816184,37.11370272000002,1.4330829428296175,33.47882834000001,40.58147389999999,0.5569487412035108,5.055319771696185,0.420200259005505
Y2024_LAT23.72525_LON90.25852,2024,90.25852284549343,23.72524783715912,20,35.25934882861184,35.03420160136684,2.1057522617292905,30.922149380000008,40.68401449999999,0.5090370718846845,4.617168649861778,0.9893484198205229
Y2024_LAT23.72542_LON90.26832,2024,90.26832266450006,23.725421354334042,20,34.390182399659565,34.21531843127274,1.5991084960735102,30.94949354000005,39.231356000000005,0.5965359968698772,5.242203492722308,1.0
Y2024_LAT23.72559_LON90.27812,2024,90.27812257691255,23.72559425172567,20,34.14078433713536,34.15809549741937,1.2562302701020311,31.045198099999993,39.04336490000003,0.5903151590694891,5.707089209831566,1.0
Y2024_LAT23.72577_LON90.28792,2024,90.28792258221351,23.7257665294433,20,33.66583404432399,33.031281346250026,1.8608397121177114,30.70681411999999,40.65667034000003,0.5613389538070029,6.264894187737343,1.0
Y2024_LAT23.72594_LON90.29772,2024,90.29772268015856,23.725938187378954,20,34.00819155159101,33.52803492981135,1.7291234521891554,31.44168841999999,41.73505565000005,0.552542518450932,7.426002004715319,1.0
Y2024_LAT23.72611_LON90.30752,2024,90.30752287034858,23.726109225413403,20,34.41390997186909,34.297037222857156,1.217909123654839,31.86552290000003,39.019438760000014,0.5888190512573093,9.75539649598347,1.0
Y2024_LAT23.72628_LON90.31732,2024,90.31732315262447,23.72627964369308,20,35.400330847536736,35.453639660000015,1.1673149651479002,32.09794826000001,38.739161120000006,0.549621152802999,12.682707918625484,1.0
Y2024_LAT23.72645_LON90.32712,2024,90.32712352645275,23.726449442192326,20,36.51757671254925,36.32697268296029,1.0595604106473502,34.26839096000003,40.668633409999984,0.5226864745814674,13.023107167563111,1.0
Y2024_LAT23.72662_LON90.33692,2024,90.33692399163178,23.72661862070005,20,37.040273891223265,36.84555362557144,1.6801909190332263,32.272267279999994,42.53316332,0.455955298957466,14.02979543433143,1.0
Y2024_LAT23.72679_LON90.34672,2024,90.34672454770153,23.72678717936387,20,36.17502461849867,36.26038026850302,1.1360698484545133,32.65508552000003,39.27237223999998,0.4806867593540758,15.145101859302825,1.0
Y2024_LAT23.72696_LON90.35653,2024,90.35652519444098,23.726955118153832,20,34.70340839553945,35.225680704285736,3.289004164821085,27.82542325999998,40.51653152000006,0.31649943184934576,14.415399601880438,1.0
Y2024_LAT23.72712_LON90.36633,2024,90.36632593158285,23.72712243702517,20,39.1135636927188,39.04011778100001,2.012835367090311,34.30940720000001,44.720696120000014,0.257180108402996,14.659198396227707,1.0
Y2024_LAT23.72729_LON90.37613,2024,90.37612675854025,23.72728913584262,20,37.02822813691981,37.02735125255321,1.9953882598940322,32.66533958000002,43.94138756000001,0.30229615586421793,13.29170019623619,1.0
Y2024_LAT23.72746_LON90.38593,2024,90.38592767518416,23.7274552146954,20,35.59563373593689,35.34677627000002,1.85390831848948,31.477577630000013,39.87736178,0.3919813449834029,10.446095040447224,1.0
Y2024_LAT23.72762_LON90.39573,2024,90.39572868118505,23.72762067358994,20,35.48161001852148,35.21848346452057,1.7299517119329337,32.21074292000003,40.735284800000045,0.4298440753670355,11.415297248457618,1.0
Y2024_LAT23.72779_LON90.40553,2024,90.40552977608516,23.72778551248489,20,36.367590824137736,36.30296736500003,1.37134437327694,33.10284614,40.11662318000003,0.3827250718650951,13.87400293648439,1.0
Y2024_LAT23.72795_LON90.41533,2024,90.41533095961898,23.727949731210405,20,37.882145389530145,37.59112493306125,1.5670344758488448,33.30109130000005,42.27339380000001,0.29701626786814483,14.365299366114636,1.0
Y2024_LAT23.72811_LON90.42513,2024,90.42513223150547,23.72811332992402,20,39.69914638584985,39.48009463727274,1.8286539798020645,35.33481320000004,44.13621469999998,0.2515625257967551,13.640305366142865,1.0
Y2024_LAT23.72828_LON90.43493,2024,90.43493359134165,23.72827630857057,20,37.850386540366884,37.90581089243245,1.770894291676043,31.68778586000002,41.85126833000001,0.2611450999314113,11.617798201403277,1.0
Y2024_LAT23.72844_LON90.44474,2024,90.44473503880128,23.728438667083,20,34.36173074168165,34.11158929250003,1.464780074517561,31.892867060000015,38.20082297000002,0.4940184595033433,12.204403314839128,1.0
Y2024_LAT23.7286_LON90.45454,2024,90.45453657354857,23.72860040542981,20,34.949877257435865,34.722041560892876,1.6025492277528746,32.04667796000001,40.09269704000002,0.5182989679775823,13.271603631075882,1.0
Y2024_LAT23.72876_LON90.46434,2024,90.46433819528421,23.728761523702694,20,33.47504155210803,33.65342300677422,1.3787156085880163,29.503671080000004,38.99722163000001,0.41798910251712645,13.156904267784777,1.0
Y2024_LAT23.72892_LON90.47414,2024,90.47413990363053,23.728922021661404,20,34.13464462346787,34.17106976891893,1.114392100029928,30.963165620000012,37.59583343000003,0.5029130360198386,12.172500811768494,1.0
Y2024_LAT23.72908_LON90.48394,2024,90.48394169826065,23.729081899487273,20,35.08222237007502,34.525519282727295,1.9531536932486213,31.26053336000001,40.96429214,0.5008905841946655,11.736803467310413,1.0
Y2024_LAT23.72924_LON90.49374,2024,90.49374357888938,23.729241157051728,20,35.36317026270665,35.09447242526318,2.3438892903594755,31.409217230000024,43.73288834000002,0.46912811390240017,11.310692361955347,0.9479008095150018
Y2024_LAT23.7294_LON90.50355,2024,90.5035455452018,23.729399794413194,20,35.30487125966876,35.32455914000002,1.6327708949468496,31.086214339999998,39.00918469999999,0.42478607899253057,10.156693648816935,0.11511884623104021
Y2024_LAT23.73104_LON90.08194,2024,90.0819414729446,23.73103942460765,20,32.718722475451905,32.778134240000014,0.4893399114376925,31.643351600000017,33.02594069000003,0.6618102602986482,6.0932944606414,0.0012108204279173544
Y2024_LAT23.73122_LON90.09174,2024,90.09174022814801,23.731224171414905,20,32.64200408166615,32.57647106000002,0.29583594675295855,32.10649331000002,33.249821,0.6484194270053465,6.8403681370993334,0.011172332610021412
Y2024_LAT23.73141_LON90.10154,2024,90.10153908262842,23.731408298682876,20,34.01937978868889,33.461738240000045,1.6670203107598187,32.02958785999999,38.46913754000002,0.5824972111367369,7.0,0.08560518192037969
Y2024_LAT23.73177_LON90.12114,2024,90.1211370882111,23.731774694303866,20,32.65743904706181,32.66191484483303,0.7594269819672421,31.128939590000016,34.312825220000036,0.6611051457836004,7.779892619812524,0.16280777677071268
Y2024_LAT23.73196_LON90.13094,2024,90.13093623868204,23.731956962745272,20,33.86111271343551,33.671091965,1.3884137985988991,31.106722460000015,37.64197669999999,0.5677356213304954,6.9878450705518365,0.7821170084439085
Y2024_LAT23.73214_LON90.14074,2024,90.14073548712526,23.732138611569457,20,32.9784184716493,32.783363810600015,2.121634272769546,29.91725150000002,39.35782274000002,0.6691983693293516,5.397992461140997,1.0
Y2024_LAT23.73232_LON90.15053,2024,90.15053483332763,23.73231964059836,20,31.717078191151398,31.546507700000024,1.0352191325950901,30.125750720000042,35.03573645000003,0.6824195449084117,6.632700744353814,1.0
Y2024_LAT23.7325_LON90.16033,2024,90.16033427668371,23.732500049979638,20,32.55999470010226,32.45511373134022,1.2136933072754013,30.012956060000022,35.23227259999999,0.6721180635352444,6.5213181204023405,0.2398692080823067
Y2024_LAT23.73375_LON90.22893,2024,90.22893307807338,23.733745562124344,20,34.92066487870586,34.92977783000003,0.9049559248393728,32.96612534000002,37.30701074000001,0.645948761960156,6.502217707319863,0.2511038697415743
Y2024_LAT23.73392_LON90.23873,2024,90.23873328811024,23.73392101295773,20,35.57081078200614,35.15855730200001,1.7294407850325924,32.29277539999998,40.42253597000001,0.6090382774770704,5.767660562815392,0.6029248820699387
Y2024_LAT23.7341_LON90.24853,2024,90.24853359265339,23.7340958439822,20,35.02724603610867,34.84902710750002,1.77433857361681,30.286397660000034,41.35394642000006,0.5701717983626383,6.321702731414976,1.0
Y2024_LAT23.73427_LON90.25833,2024,90.25833399097498,23.734270054975184,20,36.50044537897053,36.52978201292455,1.4899992917158897,31.26053336000001,39.66886255999998,0.5700696697793773,7.989418773735412,1.0
Y2024_LAT23.73444_LON90.26813,2024,90.2681344831414,23.734443646021468,20,36.566725492839964,36.59491228480771,1.2621226168607678,30.959747600000014,39.231356000000005,0.5784522325299802,9.039705929065791,1.0
Y2024_LAT23.73462_LON90.27794,2024,90.27793506841533,23.734616617136147,20,34.76518008047919,35.022369550357155,1.9339177492508446,30.795682639999995,39.29971640000002,0.5816000733036542,10.352599238352036,1.0
Y2024_LAT23.73479_LON90.28774,2024,90.28773574692843,23.734788968162896,20,34.052012694331204,34.018875500000014,1.0170726660042928,30.740994320000027,36.73791041000004,0.6229466587380175,11.868606440500907,1.0
Y2024_LAT23.73496_LON90.29754,2024,90.29753651795686,23.73496069918461,20,35.701114337546905,34.71644879913044,3.1421046629521077,31.17850088,44.23021025000003,0.530692814589422,11.585501865296315,1.0
Y2024_LAT23.73513_LON90.30734,2024,90.30733738135562,23.73513181014325,20,32.7063999487007,32.6549201319355,1.4033808522044946,29.881362290000027,38.42128525999999,0.5901965765902186,11.369596905408121,1.0
Y2024_LAT23.7353_LON90.31714,2024,90.31713833675774,23.73530230099782,20,35.06562903336537,35.21954047550002,1.8421683265467685,31.14090266000005,40.082442979999996,0.49792596763758423,11.7398917171375,1.0
Y2024_LAT23.73547_LON90.32694,2024,90.32693938385805,23.735472171769125,20,38.383330922109074,38.22029447737706,1.9040083135895913,34.45125503,44.49852482000006,0.4365717677648519,11.207797891526921,1.0
Y2024_LAT23.73564_LON90.33674,2024,90.33674052213941,23.735641422429293,20,37.962364765432945,38.346309337419385,1.6490964111601083,32.12871044000002,40.78484609000003,0.3875953831611635,11.064796546819458,1.0
Y2024_LAT23.73581_LON90.34654,2024,90.34654175156675,23.735810052937783,20,35.41613070325422,35.649146748363655,2.619672270115811,27.73313672000006,39.86368970000001,0.37034664045234517,12.119891152428963,1.0
Y2024_LAT23.73598_LON90.35634,2024,90.35634307163333,23.735978063227318,20,34.66554194986307,35.46939773750002,4.1876489924534885,27.803206130000035,43.40475842000001,0.2414285792048921,13.371199260234416,1.0
Y2024_LAT23.73615_LON90.36614,2024,90.36614448197618,23.73614545326336,20,40.15622667426916,40.85026699280002,2.799153841171265,32.84991266,46.05030590000001,0.24311620163000866,14.430500506471182,1.0
Y2024_LAT23.73631_LON90.37595,2024,90.37594598234861,23.736312223164685,20,33.99941011423662,33.89024736500002,1.1230248858504999,31.14090266000005,36.72765635000002,0.42907563090073964,11.157691330312147,1.0
Y2024_LAT23.73648_LON90.38575,2024,90.38574757237537,23.736478372837592,20,35.76134649144903,35.66988597312502,1.355583059027751,32.25517718000003,39.033110840000006,0.3257776746477389,11.568299492117042,1.0
Y2024_LAT23.73664_LON90.39555,2024,90.39554925174671,23.73664390217882,20,34.20288283871704,33.98490371585368,1.393914575067216,31.13064860000003,38.33583476000001,0.4508999688617391,12.674100793059749,1.0
Y2024_LAT23.73681_LON90.40535,2024,90.40535102012889,23.736808811179472,20,35.707206685288575,36.03047182410717,1.8418455490171253,31.412635250000022,39.79874732000002,0.4031724946860613,14.22810342636908,1.0
Y2024_LAT23.73697_LON90.41515,2024,90.41515287705107,23.73697309997329,20,37.39999827249349,37.3620934469231,1.309174240421603,33.637766270000014,40.98480026000004,0.24518107499482722,14.603399533411208,1.0
Y2024_LAT23.73714_LON90.42495,2024,90.42495482246659,23.737136768441125,20,36.667989213563914,36.401235440000015,1.6872563249391683,33.35919764000005,42.17427122000004,0.3933355170453246,13.40630283094451,1.0
Y2024_LAT23.7373_LON90.43476,2024,90.43475685579241,23.73729981642581,20,35.53631829784176,35.548690775000026,1.1376627066096308,32.325246590000006,39.68253464000003,0.2747968262594478,10.827601541654321,1.0
Y2024_LAT23.73746_LON90.44456,2024,90.44455897672613,23.737462244092796,20,35.05412415456521,35.20652351600002,1.1419939976127693,32.08598519,37.76673443000004,0.3953981452995777,10.653700769059734,1.0
Y2024_LAT23.73762_LON90.45436,2024,90.45436118513084,23.737624051377253,20,33.77012846206504,33.57731004125003,1.0379154153501575,31.32547574000003,37.09851151999999,0.542537933093333,12.814998605880705,1.0
Y2024_LAT23.73779_LON90.46416,2024,90.46416348037994,23.737785238206047,20,33.667308452390856,33.67272855932206,0.9422983793197011,30.320577860000014,35.89536848,0.5365204610676386,13.42069727386953,1.0
Y2024_LAT23.73795_LON90.47397,2024,90.47396586232873,23.737945804640315,20,33.53097316758368,33.44996048433737,0.949447407488942,30.831571850000017,37.83338581999999,0.4979322729750094,11.82919744611464,1.0
Y2024_LAT23.73811_LON90.48377,2024,90.48376833068637,23.73810575048113,20,34.14017039367337,34.014389348750015,1.2451924785532902,31.431434360000026,38.298236540000005,0.5369873632401916,11.227301443884047,1.0
Y2024_LAT23.73827_LON90.49357,2024,90.49357088494017,23.738265075944682,20,34.517219472511925,34.57686726500002,1.377305277646397,30.713650160000043,37.464239660000004,0.46296120174613264,11.37489300998573,0.44150567200276447
Y2024_LAT23.74098_LON90.13074,2024,90.13073853935036,23.740978183589952,20,36.775961809344594,36.78918071000002,1.8913948036580956,32.03471489000003,40.80022717999998,0.5405979536237046,5.334789893879164,0.1092910106106036
Y2024_LAT23.74116_LON90.14054,2024,90.14053846080701,23.741159909708305,20,33.072578326264605,33.13946778285717,1.160103300589884,30.462425690000003,37.17028994,0.6471360920479952,6.033957314307428,0.8813303561781992
Y2024_LAT23.74134_LON90.15034,2024,90.15033847991525,23.74134101587991,20,33.30947781205671,33.267221829090936,1.2970929318719102,30.453880640000023,37.650521750000024,0.6328651840546514,5.7980989979213735,0.9227422044415208
Y2024_LAT23.74152_LON90.16014,2024,90.16013859642045,23.74152150213728,20,32.40295664121894,32.361237830447756,0.736455199099236,30.310323799999992,34.72811465000001,0.6207799269135078,6.155659610444509,0.22081647453318967
Y2024_LAT23.74259_LON90.21894,2024,90.21894132132913,23.74259139878478,20,34.21676999841943,34.441000970000005,1.1478501345108805,32.12871044000002,36.878049230000016,0.6274345215070061,12.487493572876025,0.2380551235527906
Y2024_LAT23.74277_LON90.22874,2024,90.2287421100175,23.74276754451651,20,34.653973566446346,34.578605740689675,1.0707865881388565,32.28593936000004,38.069229199999995,0.645488612266221,11.44832359328381,1.0
Y2024_LAT23.74294_LON90.23854,2024,90.23854299328866,23.74294307015497,20,34.410426192214764,34.48293744615387,1.0029092940006301,31.24686128000002,36.80456179999999,0.6324495002899023,10.866799843293942,1.0
Y2024_LAT23.74312_LON90.24834,2024,90.24834397112943,23.743117975566047,20,35.49458921943706,35.48511918118646,0.7797250451004784,33.241275950000045,37.481329759999994,0.6102949547056099,11.04060240070872,1.0
Y2024_LAT23.74329_LON90.25815,2024,90.25814504281456,23.743292260772836,20,36.05266744159127,36.013606653333355,0.6573179302058393,32.890928900000006,37.82996780000002,0.5791473187370629,10.348506345912241,1.0
Y2024_LAT23.74347_LON90.26795,2024,90.2679462082869,23.743465925773716,20,33.82352946776286,34.10838489875002,1.337855301929085,29.845473080000033,36.52428415999998,0.6281020586480413,9.861301013295328,1.0
Y2024_LAT23.74364_LON90.27775,2024,90.27774746707775,23.743638970502243,20,33.365242765326435,33.17540138272729,1.6874366106465732,30.416282420000016,37.313846780000006,0.6117527643698656,10.926097560114812,1.0
Y2024_LAT23.74381_LON90.28755,2024,90.28754881895775,23.743811394960073,20,35.40309330430066,35.450987475280925,0.6932808883566899,32.285939359999986,37.14294577999999,0.5888275281944362,12.679298490816459,1.0
Y2024_LAT23.74398_LON90.29735,2024,90.29735026346388,23.743983199124013,20,34.47648182665957,34.58122973789475,0.9138790301646127,31.51004882000001,36.691767140000024,0.5805051611561618,12.053798886822213,1.0
Y2024_LAT23.74415_LON90.30715,2024,90.3071518003199,23.74415438300012,20,34.86453193549874,34.895334705384634,1.0787453686340929,31.83134270000005,38.71523498000002,0.5504313100221928,10.509400599294855,1.0
Y2024_LAT23.74432_LON90.31695,2024,90.31695342921796,23.74432494650829,20,35.77527010821812,35.72347055750002,1.583109270030187,32.30644748000003,40.81731728,0.5330185057617239,11.917404317196818,1.0
Y2024_LAT23.74449_LON90.32676,2024,90.32675514987204,23.74449488957721,20,36.949951814749184,36.90583504426968,0.982343283950747,32.47393046000002,40.540457660000015,0.4871888991557084,11.01989884693983,1.0
Y2024_LAT23.74466_LON90.33656,2024,90.33655696174202,23.744664212253483,20,36.4628820888571,37.34241166142859,2.7543195949232246,30.006120020000026,41.036070559999985,0.3804186999358999,10.790800930354068,1.0
Y2024_LAT23.74483_LON90.34636,2024,90.3463588647759,23.7448329145388,20,35.54074434493791,36.21751686500002,3.0714439549131654,28.850829260000012,41.295840080000005,0.28237060157180227,11.555507320034474,1.0
Y2024_LAT23.745_LON90.35616,2024,90.35616085841329,23.74500099638217,20,37.45193249953255,37.54009765225809,2.6856333321231904,30.68972402000003,43.81150280000003,0.34799640027511014,12.600103058944802,1.0
Y2024_LAT23.74517_LON90.36596,2024,90.36596294242004,23.745168457777467,20,37.98952047368395,37.907106296818206,1.8890945880256824,33.40363190000005,43.71579824000003,0.2354167235132159,12.693900816353924,1.0
Y2024_LAT23.74534_LON90.37577,2024,90.37576511650848,23.745335298684513,20,35.35552892950134,35.341333444673936,1.445748255400765,30.826444820000006,39.14248748,0.3382138442691471,12.770001270594236,1.0
Y2024_LAT23.7455_LON90.38557,2024,90.38556738024695,23.745501519059466,20,36.76461089776939,36.51654129836735,1.3405464881838651,34.596520880000014,41.09075888000001,0.24383258285357096,11.782598567763042,1.0
Y2024_LAT23.74567_LON90.39537,2024,90.39536973334006,23.74566711891753,20,36.10069011386278,36.10865292800002,1.3216460552567675,32.40557006000003,38.82802964000001,0.2954042746970466,11.939498752351508,1.0
Y2024_LAT23.74583_LON90.40517,2024,90.40517217543393,23.745832098256265,20,35.884575470102085,35.54695335434785,1.6011100024088465,33.007141579999995,39.45010927999999,0.3300670479128038,13.955102141657166,1.0
Y2024_LAT23.746_LON90.41497,2024,90.41497470619652,23.74599645691055,20,37.15026257312105,37.23432755000002,0.8766058645551031,34.670008310000014,39.74234999000001,0.2194369643753622,14.166500195882609,1.0
Y2024_LAT23.74616_LON90.42478,2024,90.42477732538151,23.74616019500123,20,37.58701060925149,37.705472994615405,1.200578581939562,34.73324167999999,40.37981072000002,0.26344155031677907,14.74300205059068,1.0
Y2024_LAT23.74632_LON90.43458,2024,90.43458003258418,23.74632331250182,20,37.38708951078613,37.297701132894765,1.3496397675759186,33.85822856000004,41.63080604000001,0.23396616603377107,14.064602656953717,1.0
Y2024_LAT23.74649_LON90.44438,2024,90.4443828274079,23.74648580934497,20,37.07732213151569,36.88595340125002,1.08986528196513,34.42220186000003,40.40715488000001,0.2960602277864174,11.878997504702935,1.0
Y2024_LAT23.74665_LON90.45419,2024,90.45418570962228,23.7466476854843,20,36.04924774450171,36.03131245727274,1.5402006456826565,30.87087908000001,40.52336756,0.4143909657228872,11.530298270939168,1.0
Y2024_LAT23.74681_LON90.46399,2024,90.46398867885233,23.746808940936813,20,34.810958332504086,34.84165846506851,1.5145198552491765,30.987091760000055,39.15957758000002,0.5003824514074815,12.18849618115853,1.0
Y2024_LAT23.74697_LON90.47379,2024,90.47379173479939,23.746969575766016,20,32.99803235698699,32.76014466105265,1.1261195315596682,29.85230912000003,35.84751620000003,0.4846075679108749,11.855498653527848,1.0
Y2024_LAT23.74713_LON90.48359,2024,90.48359487702845,23.74712958985989,20,32.743422130725975,32.85845771000001,0.8170349533264107,30.043718240000032,35.44931687000002,0.5599298807035523,11.893984581404068,0.9239520080629913
Y2024_LAT23.74729_LON90.4934,2024,90.493398105351,23.747288983134844,20,32.25127007461687,32.06974959500003,1.321935056368089,29.585703560000013,36.01499918000002,0.4678819492076982,13.09612406794198,0.15028067763600728
Y2024_LAT23.75018_LON90.14034,2024,90.14034133672807,23.750181195813376,20,34.0453750782839,34.056473720000014,0.05274275935399174,33.95222411,34.11970709000002,0.6955094762002269,4.0,0.0027420621722793383
Y2024_LAT23.75036_LON90.15014,2024,90.15014202925222,23.75036237914662,20,35.15769682347829,34.87167149000004,0.8733899654241504,34.022293520000034,36.52086614000001,0.5763854340976464,4.0,0.009702130073058394
Y2024_LAT23.75161_LON90.21875,2024,90.21874958492761,23.75161329427381,20,33.696507640729834,33.70783568000002,0.8618931000390734,31.93046528000002,35.24594467999998,0.5744732494996808,14.98152939053006,0.1188432428953964
Y2024_LAT23.75179_LON90.22855,2024,90.22855104721349,23.751789515059894,20,33.835041803636976,33.794888769666606,0.8543543895047304,31.651896650000026,36.96862676000001,0.6010952546913942,13.137532602827237,0.9377716451489818
Y2024_LAT23.75197_LON90.23835,2024,90.23835260414353,23.75196511539724,20,34.9144432876196,35.29683520000001,1.2998344295200632,31.22635316000003,37.23865034000002,0.6002794806607686,11.32700153883075,1.0
Y2024_LAT23.75214_LON90.24815,2024,90.24815425556822,23.752140095274402,20,35.00545565212792,35.54481216346942,1.593018996449183,31.151156720000017,37.87440206000002,0.5525589066435831,9.925504355314589,1.0
Y2024_LAT23.75231_LON90.25796,2024,90.25795600099448,23.752314454715368,20,35.00614710474303,35.32960280365856,1.4205615616744829,31.15628375000003,37.66590284000006,0.5517637007990408,8.698297403752475,1.0
Y2024_LAT23.75249_LON90.26776,2024,90.26775784009696,23.75248819362814,20,34.55915393236387,34.63914847228574,1.535008539636307,31.24686128000002,37.30188371000003,0.5918550024793671,11.083707452740923,1.0
Y2024_LAT23.75266_LON90.27756,2024,90.27755977269007,23.752661312035087,20,34.53703810088976,34.67199076160002,0.9619416908899412,31.31180366000001,37.330936880000024,0.6002172445044385,11.70129388844179,1.0
Y2024_LAT23.75283_LON90.28736,2024,90.28736179827857,23.752833809906356,20,35.05231906211887,35.10991940732561,0.6707681383118359,32.68926571999998,36.79430774000002,0.599616187758073,12.939900893651227,1.0
Y2024_LAT23.75301_LON90.29716,2024,90.29716391659903,23.753005687175584,20,34.334169743483066,34.48599165186047,1.0677753927627467,31.470741590000046,36.47301386000004,0.5913759633467901,11.985797580223908,1.0
Y2024_LAT23.75318_LON90.30697,2024,90.3069661272607,23.753176943865817,20,34.45986569422907,34.455131564878066,1.011058393820066,32.06376806000003,37.91200028,0.6026055733774304,11.718503381192345,1.0
Y2024_LAT23.75335_LON90.31677,2024,90.31676843004367,23.753347579903743,20,35.798569589503344,36.01471434500002,1.0867829856874085,32.55596294,38.35121585000002,0.5301094420023131,12.761805937910287,1.0
Y2024_LAT23.75352_LON90.32657,2024,90.32657082451311,23.753517595394705,20,34.003578011141315,34.21797516500002,2.5084421120152007,29.124270860000024,40.81731728,0.370460870045722,11.546997868225244,1.0
Y2024_LAT23.75369_LON90.33637,2024,90.33637331037123,23.75368699020764,20,35.653595511105955,36.15713184500002,1.946156638656916,29.633555840000014,38.920316179999986,0.34435662351837426,11.29100136941818,1.0
Y2024_LAT23.75386_LON90.34618,2024,90.34617588723401,23.75385576429891,20,37.67227818704338,37.59914119129035,1.2280734086970737,32.817441470000006,40.92327590000002,0.31825120128526957,11.326101534595447,1.0
Y2024_LAT23.75402_LON90.35598,2024,90.35597855490903,23.75402391774723,20,38.525222053348095,38.845531168333345,1.824580560805206,32.77129820000005,43.23727544000002,0.2797734628495405,12.277106009910607,1.0
Y2024_LAT23.75419_LON90.36578,2024,90.36578131285476,23.7541914503989,20,35.27088633259503,34.71842261342284,1.6810406924520793,32.92852712000001,43.20822227000002,0.25426887702794476,10.35649697175043,1.0
Y2024_LAT23.75436_LON90.37558,2024,90.37558416098803,23.754358362329956,20,35.64182462722208,35.23398161000002,1.6467026020155477,31.768109330000016,39.525305720000006,0.3200248968800568,10.712093939265575,1.0
Y2024_LAT23.75452_LON90.38539,2024,90.38538709874506,23.754524653475627,20,36.69571524311024,36.641066510000016,1.1456485678584631,34.02571154000003,41.15228324000003,0.2492473575800668,12.790899015995342,1.0
Y2024_LAT23.75469_LON90.39519,2024,90.39519012585518,23.754690323823056,20,38.94852007459518,39.02871224049183,1.8713965577794647,33.37628774000004,44.81981870000004,0.2686467406314178,13.42519729504607,1.0
Y2024_LAT23.75486_LON90.40499,2024,90.40499324206858,23.75485537337216,20,37.97542015413359,38.46934262120001,1.9765725912153274,31.723675070000013,42.29731994000002,0.2626402212905938,14.630101788714278,1.0
Y2024_LAT23.75502_LON90.4148,2024,90.4147964469972,23.755019802046764,20,38.1484613916085,38.22972077545456,1.2121441676749645,34.93148684000005,41.09417689999998,0.26602167607577215,13.682496152923038,1.0
Y2024_LAT23.75518_LON90.4246,2024,90.42459974029687,23.755183609872024,20,38.06460921755758,38.076266300000015,1.2114492156546233,33.09259208000003,40.998472340000035,0.24197699575970133,13.509197690342026,1.0
Y2024_LAT23.75535_LON90.4344,2024,90.43440312163821,23.755346796793834,20,38.87829939840293,38.95406912750002,1.3862559641777783,35.702250350000014,42.22725053000002,0.24445040027647594,13.877998249403516,1.0
Y2024_LAT23.75551_LON90.44421,2024,90.44420659070467,23.755509362861847,20,37.44208287844302,37.2323144980488,1.2629047917511738,34.93148684000005,42.12470993000002,0.3023271891936993,13.783596628690013,1.0
Y2024_LAT23.75567_LON90.45401,2024,90.4540101471481,23.75567130799374,20,36.637591694303886,36.65153967384616,1.5101670962694884,32.005661720000035,41.835887240000034,0.4142907214085961,12.560900286589552,1.0
Y2024_LAT23.75583_LON90.46381,2024,90.46381379066433,23.755832632118793,20,34.32705147423284,34.45559328615386,1.1469571769313944,30.18043904000001,37.94959849999998,0.49822494516346927,12.577898013637684,1.0
Y2024_LAT23.75599_LON90.47362,2024,90.47361752085249,23.755993335209055,20,32.89494635707296,32.82893659678574,0.8252329174730964,31.52030288000003,36.674677040000006,0.5422256730964733,12.38579475668117,1.0
Y2024_LAT23.75615_LON90.48342,2024,90.48342133741092,23.756153417361674,20,32.70478563758801,32.79811651076924,0.7642193932634854,30.09498854000003,35.10409685000002,0.5323409538907082,12.273367675085906,0.8492166024302162
Y2024_LAT23.75631_LON90.49323,2024,90.49322524001843,23.756312878533233,20,32.92428668908454,32.925109100000014,0.3182708112606679,32.49785659999998,33.77277806000001,0.4111474226600548,10.395833333333336,0.012107862294383038
Y2024_LAT23.76081_LON90.22836,2024,90.22835988964839,23.76081147358909,20,35.14070205354601,35.174849864000024,0.6672606020865834,32.337209659999985,37.15832687000005,0.5695981077074892,11.225805548086402,0.642874120384042
Y2024_LAT23.76099_LON90.23816,2024,90.23816212061057,23.760987148651456,20,33.847572081957786,34.422201860000015,1.7066469854384625,30.004411010000013,36.87634022000003,0.49530243913192984,11.821400966354076,1.0
Y2024_LAT23.76116_LON90.24796,2024,90.2479644459894,23.761162203025258,20,35.33265498323013,35.45751432474578,0.773701950993422,31.55106506000004,36.89343031999999,0.49560995162776017,10.739102046002401,1.0
Y2024_LAT23.76134_LON90.25777,2024,90.2577668653888,23.761336636649737,20,34.6980466369379,34.76679743403847,0.9253122088115389,32.07231311000004,37.36169905999998,0.47730655057438287,10.22840342778084,1.0
Y2024_LAT23.76151_LON90.26757,2024,90.26756937861607,23.761510449554255,20,34.11216620318177,34.32706697000001,1.4341283227294057,31.09646840000005,37.30188371000003,0.5449916051796867,12.381102801297413,1.0
Y2024_LAT23.76168_LON90.27737,2024,90.27737198516861,23.76168364164506,20,34.396342465507615,34.51152611600003,1.0744250169442906,31.40750822000001,37.07458538000003,0.5934579727816999,12.912099896588117,1.0
Y2024_LAT23.76186_LON90.28717,2024,90.28717468493886,23.761856212904412,20,34.20683793071973,34.29495182375001,0.9738692204604906,31.742474180000016,37.11389261000002,0.5629533829476914,11.73589640421838,1.0
Y2024_LAT23.76203_LON90.29698,2024,90.29697747734382,23.762028163329866,20,33.61100521685566,33.673810844545464,1.0293887660818941,31.120394540000007,35.758647680000024,0.5879926569661893,11.637299573293616,1.0
Y2024_LAT23.7622_LON90.30678,2024,90.30678036212258,23.762199492944596,20,34.530853573296,34.98151422363637,1.5265369727491707,31.55106506000004,37.50183788000004,0.6038883721132599,12.909901070471845,1.0
Y2024_LAT23.76237_LON90.31658,2024,90.31658333913239,23.762370201657625,20,35.65462251433426,36.41017487692311,2.344322196659189,30.077898440000013,41.572699700000015,0.3604296380584162,11.955899792469621,1.0
Y2024_LAT23.76254_LON90.32639,2024,90.32638640779447,23.762540289448026,20,34.486612168264244,34.65557667000002,2.5678108263385373,29.349860180000007,40.46184320000003,0.28708057587135044,11.67839962164661,1.0
Y2024_LAT23.76271_LON90.33619,2024,90.3361895678366,23.762709756351583,20,36.26804019505694,36.15842455769233,1.9464099286904402,32.08769419999999,41.456487020000054,0.34898782006675105,11.180999036469446,1.0
Y2024_LAT23.76288_LON90.34599,2024,90.34599281907632,23.762878602283685,20,39.749595995279904,39.965789265161305,1.3765567816876945,32.24150510000004,42.751916600000015,0.22543174718799144,10.902894837152186,1.0
Y2024_LAT23.76305_LON90.3558,2024,90.35579616093816,23.763046827230234,20,38.1770453270589,38.48140220000002,1.1514293575546892,34.8221102,40.51311350000003,0.20671192520741108,11.33879922211673,1.0
Y2024_LAT23.76321_LON90.3656,2024,90.36559959324714,23.763214431236197,20,35.32304829899035,35.01598029440002,1.4202639274591635,32.28935738000001,39.46719938000001,0.31143643635272017,9.955299947411701,1.0
Y2024_LAT23.76338_LON90.3754,2024,90.37540311576633,23.763381414237692,20,34.02487426190191,33.96481681526318,1.4689415217431332,30.48293381000002,38.94424232000006,0.4919752645964394,12.661905467790445,1.0
Y2024_LAT23.76355_LON90.38521,2024,90.3852067277836,23.763547776097877,20,36.140219597858774,36.20851169692309,2.1748097803637485,30.48293381000002,39.99357445999999,0.40766946105711444,14.491901755178526,1.0
Y2024_LAT23.76371_LON90.39501,2024,90.39501042943009,23.763713516960536,20,38.810203363975724,38.77866255568184,2.3015691143379344,34.21028462000004,44.46092659999999,0.3056323499595646,14.418299315646257,1.0
Y2024_LAT23.76388_LON90.40481,2024,90.40481422001753,23.7638786367501,20,39.86708391237333,40.1580316518033,2.5254046837505193,31.04861612000002,45.339357740000025,0.2929190344392831,15.020100094588685,1.0
Y2024_LAT23.76404_LON90.41462,2024,90.41461809937496,23.764043135474466,20,37.579171853703386,37.97276508000002,2.3360122715809872,31.021271960000036,43.27145564,0.23999344101232092,15.207300243882633,1.0
Y2024_LAT23.76421_LON90.42442,2024,90.42442206719913,23.76420701298965,20,37.36850240760551,37.45206296375002,0.9496462886730643,33.789868160000026,39.82267346000003,0.24987211565608175,14.118598963057606,1.0
Y2024_LAT23.76437_LON90.43423,2024,90.43422612297073,23.764370269374343,20,37.307229574733896,37.39040508734378,1.1169149099396725,35.01351932,41.04461561000005,0.2588059454653017,13.018190673838468,1.0
Y2024_LAT23.76453_LON90.44403,2024,90.44403026665844,23.764532904578363,20,36.29999745096509,36.13570925473685,0.865823959399428,34.17610442000003,39.77823920000003,0.3617230033312971,13.018797669173724,1.0
Y2024_LAT23.76469_LON90.45383,2024,90.45383449767927,23.76469491859851,20,34.18691143988382,34.20635067245284,1.0385330184428534,31.451942480000014,36.661004960000014,0.4932103578516284,12.573900675177265,1.0
Y2024_LAT23.76486_LON90.46364,2024,90.46363881566843,23.764856311400155,20,33.84684583633625,33.76665410750002,1.1687807223192255,31.344274850000005,37.39246123999999,0.49381637112904614,13.116700549179065,1.0
Y2024_LAT23.76502_LON90.47344,2024,90.47344322047181,23.765017082957055,20,32.0545437380439,31.86001609000002,1.193857982708423,29.322516020000023,36.674677040000006,0.5713469832547093,13.540399459293472,1.0
Y2024_LAT23.76518_LON90.48325,2024,90.48324771175145,23.76517723326621,20,32.75888559568129,32.72780875853659,0.6018534544980508,30.812772740000014,34.51790642000003,0.546877859065775,12.383056155353136,0.501999210365744
Y2024_LAT23.76983_LON90.22817,2024,90.2281686374244,23.769833420109688,20,35.52868160764445,35.44191116000002,0.43687338158670314,34.72982366000002,36.510612080000016,0.571893669326483,12.666385061321991,0.12293053620733525
Y2024_LAT23.77001_LON90.23797,2024,90.23797154263815,23.770009169948537,20,35.77148913956326,36.15982399516131,2.56954418671457,30.68117897000002,41.757272779999994,0.42873790942552076,12.297415609864336,0.9618147421126001
Y2024_LAT23.77018_LON90.24777,2024,90.24777454231223,23.77018429878142,20,36.27981194216775,36.30068287204084,0.8977375069138849,33.80012222000002,39.568030970000024,0.489037848524583,12.127800150353163,1.0
Y2024_LAT23.77036_LON90.25758,2024,90.25757763606937,23.770358806663783,20,35.512417171834116,35.64153212679246,1.217604071271679,32.75079008000003,38.903226080000024,0.49741813436293925,12.133200626826502,1.0
Y2024_LAT23.77053_LON90.26738,2024,90.26738082362911,23.77053269346265,20,35.573122195755005,35.8902763277551,1.313015605357239,31.974899540000024,38.28798247999998,0.5524370325006938,12.321600378353423,1.0
Y2024_LAT23.77071_LON90.27718,2024,90.27718410465431,23.77070595923242,20,35.02952944906675,34.9206930926316,1.0091381710753462,32.535454819999984,37.82654978000005,0.5464625708436688,11.617400726353818,1.0
Y2024_LAT23.77088_LON90.28699,2024,90.28698747876511,23.770878603944194,20,35.27515054573565,35.357083736562515,0.7134756705308388,32.87042078000002,37.42322342,0.5466764000106703,12.494504680022063,1.0
Y2024_LAT23.77105_LON90.29679,2024,90.29679094568877,23.77105062758184,20,35.262920061060825,35.360448350000034,1.3763557104376298,30.976837700000033,38.28456446000001,0.5520618086118876,12.26880031623566,1.0
Y2024_LAT23.77122_LON90.30659,2024,90.30659450499972,23.77122203003455,20,35.8122004459644,35.71739407750002,1.168913902117625,31.561319120000007,39.59024810000005,0.5514506499959919,13.295302700356144,1.0
Y2024_LAT23.77139_LON90.3164,2024,90.31639815643658,23.77139281141807,20,34.8777266796565,35.16411326000002,1.6821373808892528,31.417762280000034,38.20595000000003,0.413424075842112,12.389006536501356,1.0
Y2024_LAT23.77156_LON90.3262,2024,90.32620189962677,23.771562971608304,20,36.684775473345184,36.461172862142874,2.6304027843403923,32.17656271999999,43.00314107000003,0.2851124290130815,12.211101424825229,1.0
Y2024_LAT23.77173_LON90.33601,2024,90.33600573426834,23.771732510588965,20,36.830305522527865,37.341246973114764,2.616800751770872,31.27420544000006,43.31247188000003,0.29785323700278393,11.572097143643726,1.0
Y2024_LAT23.7719_LON90.34581,2024,90.34580966010452,23.77190142837294,20,37.56504930017663,38.284584704136485,2.7137078541929904,30.68117897000002,42.17085320000001,0.23145118275695992,11.711486877585342,1.0
Y2024_LAT23.77207_LON90.35561,2024,90.35561367664954,23.772069724907464,20,37.05230405950897,36.86169156285717,1.7227815806313145,34.11458005999998,41.917919719999986,0.20696351861066048,12.414296957996443,1.0
Y2024_LAT23.77224_LON90.36542,2024,90.36541778357672,23.77223740023536,20,36.49652079543867,36.01348006000001,1.6905709914457439,33.52326260000004,40.916439860000025,0.2588856189538245,11.360000423529922,1.0
Y2024_LAT23.7724_LON90.37522,2024,90.37522198066777,23.77240445418439,20,35.15469361191529,34.84738700919357,1.492608936258571,31.441688420000048,39.74064098000002,0.4165201999935836,13.073507404740758,1.0
Y2024_LAT23.77257_LON90.38503,2024,90.3850262675189,23.77257088690493,20,37.96884980854628,37.64624922500002,2.182508178250609,31.720257050000043,43.83542894000004,0.41583638538929435,12.063000074117744,1.0
Y2024_LAT23.77274_LON90.39483,2024,90.39483064385604,23.772736698317658,20,38.38534857967824,38.58544787771431,1.4826778482834273,34.022293520000005,42.17939825000002,0.2858063683496985,12.838299809764507,1.0
Y2024_LAT23.7729_LON90.40464,2024,90.40463510921352,23.772901888335102,20,40.00567726333658,40.22376496076925,1.6300375705980714,35.63218094000001,43.77732260000005,0.28746450096964743,14.83530628379433,1.0
Y2024_LAT23.77307_LON90.41444,2024,90.41443966335169,23.773066456979556,20,35.39191936987464,36.099452757500025,2.970580824282299,29.004640160000008,42.998014040000044,0.2768823354314272,14.72060084776573,1.0
Y2024_LAT23.77323_LON90.42424,2024,90.42424430601035,23.773230404240934,20,37.86036763728423,38.346658490000024,2.1773643123725566,29.643809900000008,42.198197359999995,0.2383684865749562,14.313599192469669,1.0
Y2024_LAT23.77339_LON90.43405,2024,90.43404903666072,23.773393730153238,20,37.90421030030916,37.90805641076925,1.9781789810073784,33.345525560000056,42.198197359999995,0.345139055806694,14.52700012705946,1.0
Y2024_LAT23.77356_LON90.44385,2024,90.44385385512356,23.773556434545352,20,32.93974340402703,33.268810000000016,1.861824021916161,29.474617910000006,37.231814300000025,0.4016816935492986,13.487299396822804,1.0
Y2024_LAT23.77372_LON90.45366,2024,90.4536587610521,23.773718517509927,20,34.24099547535354,34.328396200000014,0.8502895243652945,29.889907340000036,36.20128127000004,0.4629154268420527,13.781500919412887,1.0
Y2024_LAT23.77388_LON90.46346,2024,90.46346375401616,23.77387997896651,20,32.826459330899866,32.447013552500025,2.0356719275276784,29.677990100000017,37.51892798000006,0.4413519857614288,11.410394872446487,1.0
Y2024_LAT23.77404_LON90.47327,2024,90.47326883379803,23.77404081891772,20,31.154458157232533,31.20259792100003,0.8152139366153236,28.98413204000002,33.57282389000005,0.5403066901594794,11.737199690823196,1.0
Y2024_LAT23.7742_LON90.48307,2024,90.48307400000965,23.774201037396843,20,31.92403633548933,32.00642771053787,0.8488450859519397,29.804456840000057,33.7796141,0.4950663969096748,13.825589727698805,0.37298909941993674
Y2024_LAT23.77903_LON90.23778,2024,90.23778087024198,23.77903117932616,20,37.24908547681881,39.782796560000016,4.19359006235345,29.83863703999998,41.883739520000034,0.29923350296025225,12.278689593704483,0.33420151186571123
Y2024_LAT23.77921_LON90.24758,2024,90.24758454448232,23.77920638265439,20,37.2184930432024,36.57967965655175,1.7262314807526231,34.630701079999994,42.34859024000002,0.4581274069158699,11.993802323775613,1.0
Y2024_LAT23.77938_LON90.25739,2024,90.25738831298713,23.779380964660106,20,36.792019390978986,36.67040451500002,1.1728365683395405,34.28548106000005,40.80706322000003,0.45240452574358475,11.91010192989144,1.0
Y2024_LAT23.77955_LON90.26719,2024,90.2671921752579,23.779554925466496,20,35.13126539331659,35.077147076923104,0.9429260892171399,32.12871044000002,39.02969282000004,0.5222761597732417,12.346003981195162,1.0
Y2024_LAT23.77973_LON90.277,2024,90.27699613101784,23.77972826495153,20,34.708738131164125,34.89291759159094,1.3167676314004877,31.159701769999998,37.51550996000003,0.516027577304699,11.907899566586154,1.0
Y2024_LAT23.7799_LON90.2868,2024,90.28680017985353,23.779900983053583,20,34.478765330681014,34.57977955755104,1.0855647014919487,31.559610110000023,37.327518860000026,0.465538878991345,11.736302288481326,1.0
Y2024_LAT23.78007_LON90.2966,2024,90.29660432153942,23.780073079838317,20,34.06119003074163,33.950425152105275,0.9363589945400886,31.53226595000004,37.107056570000026,0.51426004148134,10.11929820846217,1.0
Y2024_LAT23.78024_LON90.30641,2024,90.30640855569301,23.780244555222104,20,35.07329537263801,34.59199703000004,1.8782635323040329,31.913375180000003,41.02581650000002,0.5388608570242768,10.454897434811432,1.0
Y2024_LAT23.78042_LON90.31621,2024,90.31621288199962,23.780415409211372,20,34.6832211627777,34.71079968026318,2.2229420244540434,30.82302679999998,41.36761850000005,0.42144163773743826,11.09360044047267,1.0
Y2024_LAT23.78059_LON90.32602,2024,90.32601730007362,23.780585641787265,20,35.18597677299636,35.028595229642875,2.7427534858998803,30.399192320000026,42.07514864000001,0.4048199434080379,12.017904790140166,1.0
Y2024_LAT23.78076_LON90.33582,2024,90.33582180971567,23.78075525291085,20,38.04954254867586,38.64797322928573,2.3961169903473793,31.629679520000025,42.246049640000024,0.2370684965958349,13.45429743198789,1.0
Y2024_LAT23.78092_LON90.34563,2024,90.34562641029187,23.780924242580376,20,38.08067440134214,38.45717447000003,2.397581513096152,32.3098655,42.030714380000006,0.32371210068717304,14.418300792003713,1.0
Y2024_LAT23.78109_LON90.35543,2024,90.35543110185843,23.781092610693655,20,37.932228619672074,37.905408384285735,1.7753895073462496,32.53887284000001,42.856166210000026,0.3342006570872267,13.650996004687025,1.0
Y2024_LAT23.78126_LON90.36524,2024,90.36523588379275,23.781260357308057,20,37.69570785328081,37.58181177977274,1.0407220449161598,35.30405102000003,41.18988146000004,0.21916107928307127,12.001104711080966,1.0
Y2024_LAT23.78143_LON90.37504,2024,90.37504075589361,23.781427482373413,20,37.364378856587585,37.7773426091892,1.404088129717157,32.38164391999999,40.46184320000003,0.30438481993309774,11.651701890361831,1.0
Y2024_LAT23.78159_LON90.38485,2024,90.38484571781854,23.781593985947048,20,37.28924516569825,37.35332491100002,2.057755625321485,32.38164391999999,42.40327855999999,0.38003158406485527,10.790496661160738,1.0
Y2024_LAT23.78176_LON90.39465,2024,90.39465076911613,23.781759867802887,20,36.593635414480545,36.52428416000003,1.709422352455008,32.72515493000003,43.175751080000055,0.33283108453980076,11.318089732186946,1.0
Y2024_LAT23.78193_LON90.40446,2024,90.4044559096802,23.781925128054173,20,38.00474332686761,38.33815413071431,2.125522384786251,33.06866594000002,43.02535820000003,0.3261391914610047,13.710000988239914,1.0
Y2024_LAT23.78209_LON90.41426,2024,90.41426113889632,23.782089766771552,20,37.805405597664915,37.593822830000015,2.2418051248073247,32.55938096,44.59422938,0.27624983112978324,14.582405093670985,1.0
Y2024_LAT23.78225_LON90.42407,2024,90.42406645664691,23.782253783813083,20,37.54789780822713,38.21901043431581,2.3986685323154258,31.181918900000028,41.29071305000002,0.21450462304458487,14.134795928451394,1.0
Y2024_LAT23.78242_LON90.43387,2024,90.43387186256976,23.78241717909984,20,39.430054222693634,39.96087022318184,2.225413897177751,33.55915181,45.23681714000003,0.2822229303440886,13.499396467748044,1.0
Y2024_LAT23.78258_LON90.44368,2024,90.44367735622691,23.782579952763438,20,33.68004607550563,33.27911831428573,2.549022518048788,29.370368299999996,40.68059648000002,0.4692357752389647,13.214998658817207,1.0
Y2024_LAT23.78274_LON90.45348,2024,90.45348293729924,23.78274210462299,20,32.66780911308188,32.222899462830185,2.014147626218773,29.418220580000025,38.86562786000002,0.3697567136003072,11.090600426354918,1.0
Y2024_LAT23.7829_LON90.46329,2024,90.4632886056146,23.78290363476873,20,34.028643605746076,34.35832761125002,1.485177571033231,30.40944638000002,36.72765635000002,0.37976810984311227,11.329698022108316,1.0
Y2024_LAT23.78306_LON90.47309,2024,90.47309436063489,23.78306454319206,20,32.41385610865842,32.363509425000025,1.1350089331086357,29.70533426000003,35.99107304000003,0.4885008696995843,12.241210864761559,0.5840251143704343
Y2024_LAT23.78322_LON90.4829,2024,90.48290020213764,23.78322482975275,20,33.22589486000004,33.22589486000004,0.0,33.22589486000004,33.22589486000004,0.4911849796772003,15.0,3.5315348403569585e-06
Y2024_LAT23.78805_LON90.23759,2024,90.23759010331662,23.78805317659742,20,39.957839638177546,40.01579159000002,0.7753965737311098,37.84876691000002,40.998472340000035,0.3567403427911198,12.289342759884784,0.013576880552602855
Y2024_LAT23.78823_LON90.24739,2024,90.24739445257077,23.788228454460032,20,38.88298773374519,38.6046577565153,2.247088768755654,33.53351666000003,44.04734617999998,0.3864639531977854,12.052703922760852,0.9681579792357917
Y2024_LAT23.7884_LON90.2572,2024,90.25719889607419,23.78840311079776,20,39.245788271331456,39.15073270368422,1.6347895487156605,35.266452800000025,43.81150280000003,0.33479910992930473,12.216505724732833,1.0
Y2024_LAT23.78858_LON90.267,2024,90.26700343342867,23.788577145484922,20,37.707604619003696,37.466803175000024,2.560383204666866,32.764462159999994,42.574179560000005,0.39065776361741955,11.007200008470592,1.0
Y2024_LAT23.78875_LON90.27681,2024,90.2768080641597,23.788750558677172,20,37.50513027555359,37.093384490000005,2.565265061282191,31.98173558000002,43.00485007999998,0.4695780944807473,12.471699378469847,1.0
Y2024_LAT23.78892_LON90.28661,2024,90.28661278815758,23.788923350292766,20,33.02443295004963,32.86016672000002,1.136214004144063,30.952911560000018,36.872922200000005,0.5988930416816518,10.826899185407948,1.0
Y2024_LAT23.7891_LON90.29642,2024,90.2964176049781,23.78909552023466,20,33.780510812570206,33.82575737000002,1.3082995835115179,30.80251868000005,38.34779782999999,0.5766436297665261,9.05280006211772,1.0
Y2024_LAT23.78927_LON90.30622,2024,90.30622251427266,23.789267068588416,20,35.62198821744639,35.45194611615387,1.390947361594141,32.30644748000003,39.61417424000001,0.4828402929531221,9.624198381409858,1.0
Y2024_LAT23.78944_LON90.31603,2024,90.31602751569397,23.78943799523181,20,36.68650532879469,36.525486796666684,2.7572223515106575,30.631617679999977,42.29731994000002,0.34753954654879066,10.366397018338914,1.0
Y2024_LAT23.78961_LON90.32583,2024,90.32583260912646,23.789608300122723,20,38.063674647576605,38.08973732000003,2.8419456600959734,30.631617679999977,42.85103918000004,0.3511150404302106,11.055800065647137,1.0
Y2024_LAT23.78978_LON90.33564,2024,90.33563779382342,23.789777983385996,20,37.232944901922124,37.78371059600001,2.410010772881947,31.045198099999993,41.28900404000001,0.29792694811337206,13.070298906234006,1.0
Y2024_LAT23.78995_LON90.34544,2024,90.34544306975062,23.789947044838637,20,39.33527104257501,39.73194056545457,1.644627677695824,34.347005420000016,42.33491816000003,0.2656698817244672,14.216601019298915,1.0
Y2024_LAT23.79012_LON90.35525,2024,90.35524843665517,23.790115484590547,20,36.47264641437531,36.4847327857143,0.8752100765393956,34.51107037999998,41.032652540000015,0.29195025355623677,12.899298705057305,1.0
Y2024_LAT23.79028_LON90.36505,2024,90.36505389383696,23.790283302504637,20,37.56076597530335,37.89347461160002,1.1873489355523568,34.79476604000001,40.51311350000003,0.22796964350363433,11.192900226941445,1.0
Y2024_LAT23.79045_LON90.37486,2024,90.37485944136164,23.790450498703276,20,37.048039387722945,37.34355956789475,1.5143082319544898,32.22441500000002,40.23625388000005,0.23346070888892873,11.429002018833039,1.0
Y2024_LAT23.79062_LON90.38467,2024,90.38466507857925,23.790617072987214,20,38.24916959881422,38.59144722864866,1.9228848681829525,32.72344592000002,41.70942050000002,0.27014272091626007,11.125400147529577,1.0
Y2024_LAT23.79078_LON90.39447,2024,90.39447080530314,23.79078302544955,20,36.52845654795455,36.273763400000014,1.9553050160630197,32.58330710000001,41.623969999999986,0.41518176596991563,12.133997804703295,1.0
Y2024_LAT23.79095_LON90.40428,2024,90.40427662132565,23.790948356082836,20,35.22003611325115,34.925448338000024,1.1019729975012071,32.69951978000003,39.66886255999998,0.3243132093747093,12.621295864921732,1.0
Y2024_LAT23.79111_LON90.41408,2024,90.41408252599528,23.791113064692745,20,35.685086372426646,35.9043079169231,1.4593992815605596,31.171664840000005,41.66840425999999,0.34688640725715586,13.658200774353844,1.0
Y2024_LAT23.79128_LON90.42389,2024,90.42388851925058,23.79127715145555,20,37.09697971846068,37.283084600000024,1.889243271161537,31.42459832000003,41.148865220000005,0.2506570291995473,12.557697126702502,1.0
Y2024_LAT23.79144_LON90.43369,2024,90.43369460060386,23.791440616295244,20,39.28272607247338,39.46994600321431,2.00775404687413,34.825528220000024,46.65358643000002,0.24230704321993882,13.584798046108467,1.0
Y2024_LAT23.7916_LON90.4435,2024,90.44350076984269,23.791603459055196,20,37.49671378145824,36.97409559200002,2.794923889814342,32.81915048000002,44.74120424,0.3482121844146203,11.985098805998593,1.0
Y2024_LAT23.79177_LON90.45331,2024,90.45330702655826,23.79176567997596,20,34.44197970308305,34.44889137160223,1.29829297273421,31.157992760000013,38.59560428000003,0.4176104185362384,11.207102596591286,1.0
Y2024_LAT23.79193_LON90.46311,2024,90.46311337030475,23.791927278821454,20,34.13558401438879,34.10789938454547,1.2479836442482,30.08473448000001,37.033569140000054,0.44220409056797993,11.287101351065196,1.0
Y2024_LAT23.79209_LON90.47292,2024,90.47291980105021,23.79208825562145,20,32.22826004086774,32.04473590318184,1.0946975972574196,29.82496495999999,36.886594280000054,0.567704465701207,12.029810816652661,0.9981961142178033
Y2024_LAT23.79225_LON90.48273,2024,90.48272631819844,23.792248610374624,20,31.855142314620544,31.610880410000018,1.3561443579676675,29.431892660000017,35.003265260000006,0.44130013479753916,10.23432683517932,0.3381473387583747
Y2024_LAT23.79725_LON90.2472,2024,90.24720426655135,23.797250514278943,20,36.917495268645155,37.03491193357144,1.9205797022607372,32.062059050000016,43.59104051000003,0.45837729991078435,10.352834307252188,0.795063706855045
Y2024_LAT23.79743_LON90.25701,2024,90.25700938527707,23.79742524481358,20,37.7351319258286,38.02525505807696,2.900129969851444,31.451942480000014,43.948223600000006,0.37351707396042844,12.85010164753718,1.0
Y2024_LAT23.7976_LON90.26681,2024,90.26681459801992,23.79759935357892,20,40.01654942021179,39.968305526428594,1.9769641670525058,35.41684568000002,45.79395440000002,0.3664834231113722,13.472200555530073,1.0
Y2024_LAT23.79777_LON90.27662,2024,90.27661990422925,23.797772840465942,20,38.66005229309044,38.34574701800002,1.8888738338366107,32.95245326000003,42.72457244000003,0.3317238574041556,13.485700571412442,1.0
Y2024_LAT23.79795_LON90.28643,2024,90.28642530362129,23.797945705505228,20,36.39131139942647,36.46586231046155,1.628237377248637,31.626261500000055,40.00724653999998,0.4385110967670862,11.00759532986039,1.0
Y2024_LAT23.79812_LON90.29623,2024,90.29623079589055,23.798117948708644,20,35.43516862105242,35.03226960114288,2.7702206592390515,30.946075520000022,43.47995486000002,0.45468579764843603,9.754098534233567,1.0
Y2024_LAT23.79829_LON90.30604,2024,90.30603638069547,23.79828956991583,20,33.595502543719995,32.841925654081656,2.592790045100688,30.250508450000012,44.173812920000046,0.4172891580493725,9.776199736705575,1.0
Y2024_LAT23.79846_LON90.31584,2024,90.31584205760416,23.798460569223078,20,32.88164113890734,32.69895011000001,1.6283420919808123,29.38574939,37.33264589000004,0.32672672309882356,9.992602318128565,1.0
Y2024_LAT23.79863_LON90.32565,2024,90.32564782655705,23.79863094659514,20,34.118899406902656,34.32735180500003,1.7018181826469128,30.293233700000002,37.97694266000002,0.4088175224809704,10.298701527884152,1.0
Y2024_LAT23.7988_LON90.33545,2024,90.33545368682985,23.798800701915248,20,36.41444693724198,36.36150095750003,1.0668931866085205,32.86187573000001,39.09805322,0.3659915927337466,10.988801163295484,1.0
Y2024_LAT23.79897_LON90.34526,2024,90.3452596384617,23.798969835327316,20,37.23740198676567,37.28935097000002,2.087078225015904,31.858686860000034,41.61371594000002,0.2739719387950676,12.110502872954708,1.0
Y2024_LAT23.79914_LON90.35507,2024,90.35506568082454,23.799138346676852,20,36.84479666161334,36.835812268571445,1.3373609758092986,33.841138460000025,40.34904854000001,0.24799453061798446,12.911199895529297,1.0
Y2024_LAT23.79931_LON90.36487,2024,90.36487181381128,23.799306235971265,20,36.94466241453385,37.01923974846156,1.2809036162653846,34.312825220000036,40.588309940000045,0.2244478798615275,11.417099314234498,1.0
Y2024_LAT23.79947_LON90.37468,2024,90.37467803696323,23.79947350314875,20,38.39396768829957,38.60901343538464,0.9935045015155651,35.13998606000001,40.52336756,0.21824381121437322,11.601495771744812,1.0
Y2024_LAT23.79964_LON90.38448,2024,90.38448434988418,23.79964014829496,20,38.344581990142096,38.5500571762791,1.2710809501893214,34.39143968000002,42.030714380000006,0.3089141732608354,11.154097828350388,1.0
Y2024_LAT23.79981_LON90.39429,2024,90.39429075234119,23.799806171282878,20,36.50239437013931,36.40140634100002,2.762011122526848,31.52030288000003,43.35007010000004,0.4291918221895771,11.17890256341478,1.0
Y2024_LAT23.79997_LON90.4041,2024,90.40409724415045,23.7999715721438,20,34.856126189504074,34.47105106250002,1.5659651108560042,31.37332802000003,39.60050216000002,0.3809510328238453,11.167298434345584,1.0
Y2024_LAT23.80014_LON90.4139,2024,90.4139038245308,23.800136350824417,20,34.04876385813781,34.0460458623729,1.1378566674994044,29.86085417000004,37.35486302000004,0.37927045313139635,12.778698563174785,1.0
Y2024_LAT23.8003_LON90.42371,2024,90.4237104937259,23.800300507329418,20,38.50116361882716,38.71457036500002,1.7692317456381752,33.150698420000026,41.948681900000025,0.2725241489443542,13.69110198953176,1.0
Y2024_LAT23.80046_LON90.43352,2024,90.43351725086663,23.80046404161673,20,38.24512066337358,38.77890469297875,1.8244868000597576,32.30644748000003,41.974317050000025,0.2578115383776037,13.649005407084275,1.0
Y2024_LAT23.80063_LON90.44332,2024,90.44332409596677,23.800626953769726,20,35.41641154671605,35.15515352375001,1.4999644287805052,32.52520076000002,40.53362162000002,0.35506686832842016,12.343299227410853,1.0
Y2024_LAT23.80079_LON90.45313,2024,90.45313102860304,23.80078924353125,20,34.68441258503164,34.480834049230786,1.1311618369861367,32.16801767000001,38.57851418000001,0.44904709807884413,11.21090024811794,1.0
Y2024_LAT23.80095_LON90.46294,2024,90.46293804826024,23.800950911081745,20,35.0128864002476,34.92386557918921,1.0749132026329833,32.585016110000026,37.45056757999998,0.4228510774373625,12.178800841415736,1.0
Y2024_LAT23.80111_LON90.47275,2024,90.47274515495704,23.801111956381202,20,35.33130800229201,35.48596005500001,1.4652479720486509,31.667277740000003,38.56826011999999,0.40409563716764246,13.069900082235396,1.0
Y2024_LAT23.80127_LON90.48255,2024,90.48255234803564,23.80127237926544,20,35.09288847382155,35.64541974985918,1.445571924900108,30.73757630000003,37.42322342,0.3459806453607358,10.196244326477252,0.593269234253988
Y2024_LAT23.80627_LON90.24701,2024,90.24701398626348,23.806272562241883,20,36.503818610046714,37.22156024000001,2.912781038665888,31.598917340000014,42.375934400000006,0.3746199397892962,10.386362017562606,0.7055592847989236
Y2024_LAT23.80645_LON90.25682,2024,90.25681978070311,23.806447367020546,20,37.80040523606104,37.72361479307695,1.7337953147235088,34.04280163999999,42.375934400000006,0.4074277716082794,12.530003670605483,1.0
Y2024_LAT23.80662_LON90.26663,2024,90.26662566907555,23.80662154980031,20,35.35231994251377,34.83732319065575,1.980984026486291,32.10820232000003,41.39496266000003,0.5759255536732699,12.475399884234715,1.0
Y2024_LAT23.8068_LON90.27643,2024,90.27643165109296,23.806795110431324,20,35.28257436931605,35.20663745000002,1.3347134299939727,32.195361830000024,39.771403160000034,0.43708850235143787,12.286296641395927,1.0
Y2024_LAT23.80697_LON90.28624,2024,90.28623772619403,23.80696804893316,20,34.54039883058381,34.48292198000002,1.2149245103507562,31.513466840000035,37.78211552000002,0.49694798778698135,12.083499216466882,1.0
Y2024_LAT23.80714_LON90.29604,2024,90.29604389431331,23.80714036519484,20,34.86631017775375,34.604040524000006,1.5608546451029495,31.564737140000034,39.34585967000004,0.4538819393505136,11.400399531291923,1.0
Y2024_LAT23.80731_LON90.30585,2024,90.3058501548795,23.807312059403436,20,34.51862306756222,34.52605402581398,1.812428953877376,30.908477300000044,39.262118180000016,0.4129248309938388,12.154105431084348,1.0
Y2024_LAT23.80748_LON90.31566,2024,90.31565650773749,23.807483131377893,20,33.15447722175116,33.18821895772729,1.4247760812707222,30.156512900000024,36.80114378000002,0.4655201748810689,11.4509056513207,1.0
Y2024_LAT23.80765_LON90.32546,2024,90.32546295242372,23.807653581111232,20,31.876625849367695,31.641416886166642,0.9430722012662623,30.009538040000052,35.84238917000002,0.6325757509214748,8.763196532689546,1.0
Y2024_LAT23.80782_LON90.33527,2024,90.33526948874122,23.80782340866654,20,33.93368401274259,33.82120001000001,1.629739231427411,30.645289760000026,38.588768240000036,0.44563405285556745,9.537097821636788,1.0
Y2024_LAT23.80799_LON90.34508,2024,90.34507611620025,23.80799261389139,20,35.783192770037836,36.161041852727294,2.5508766550694,30.602564510000008,40.98821828000001,0.37334357492279896,11.7478011661231,1.0
Y2024_LAT23.80816_LON90.35488,2024,90.35488283462158,23.808161196892865,20,37.540500174845356,37.40271530000001,1.8578158957879638,34.09748996000002,47.83622135000002,0.3193619304318705,12.434197337399187,1.0
Y2024_LAT23.80833_LON90.36469,2024,90.36468964352085,23.808329157484692,20,38.27584747273179,38.45456598105266,1.0693030322824923,34.734950690000005,40.87884164000002,0.2667406578084313,13.03570016800074,1.0
Y2024_LAT23.8085_LON90.3745,2024,90.37449654264427,23.808496495836255,20,38.62260463181385,38.61098537000002,1.2848673395391355,35.211764480000056,41.99995220000005,0.25161817404807074,14.255304730845774,1.0
Y2024_LAT23.80866_LON90.3843,2024,90.3843035316802,23.808663211747557,20,37.56778208034463,37.486513757000026,1.5055369527845472,34.52474246000003,41.59662584,0.2919374758999912,13.585200400943028,1.0
Y2024_LAT23.80883_LON90.39411,2024,90.39411061027911,23.80882930532484,20,35.724232112024495,35.468115980000015,1.6473139030029027,31.469032580000032,40.76262896000003,0.3767788149206199,10.618807617918174,1.0
Y2024_LAT23.80899_LON90.40392,2024,90.40391777799685,23.80899477641592,20,35.343083228784714,35.09033931950002,1.5174853025245925,31.773236360000055,39.97990238,0.42949121325114437,10.262797707283317,1.0
Y2024_LAT23.80916_LON90.41373,2024,90.41372503467097,23.809159625194418,20,35.50524314436221,35.52549927730771,1.4173234290770165,30.976837700000033,39.20742986000005,0.3695268379132393,10.473190462072745,1.0
Y2024_LAT23.80932_LON90.42353,2024,90.42353237991689,23.80932385149931,20,37.742846115595725,37.822372200000025,1.4533948196821718,34.220538680000004,41.603461880000026,0.25288454773468744,11.175493767029462,1.0
Y2024_LAT23.80949_LON90.43334,2024,90.43333981333951,23.80948745529724,20,36.881789530590545,36.6108222118182,1.540715952272454,33.8821547,40.64299826000001,0.3093911819578091,12.579101548713169,1.0
Y2024_LAT23.80965_LON90.44315,2024,90.44314733453504,23.809650436574852,20,34.854371711581706,34.8294757923944,0.7351665475944402,32.37480788000005,37.63172264000002,0.3785618867952809,10.344592209845695,1.0
Y2024_LAT23.80981_LON90.45295,2024,90.45295494343091,23.80981279535805,20,35.002133260735086,34.982782272500025,0.857368433727141,32.29619342000001,37.741099280000014,0.38172143468550584,11.64970070447389,1.0
Y2024_LAT23.80997_LON90.46276,2024,90.46276263939755,23.80997453160247,20,35.49278457775589,35.45287271338712,0.7449229901221853,33.11651821999999,37.49671085000003,0.3729241273364451,13.019701269182425,1.0
Y2024_LAT23.81014_LON90.47257,2024,90.47257042239056,23.81013564529753,20,35.85388395297148,35.88983277369568,0.7291167426944201,32.726863940000044,37.49671085000003,0.316889691041369,14.398101873420545,1.0
Y2024_LAT23.8103_LON90.48238,2024,90.48237829174252,23.810296136432793,20,35.300616650065116,35.76571158800002,1.427643162756946,31.335729800000024,38.12391752000002,0.3049439011187837,14.245800630537133,0.9240741871634475
Y2024_LAT23.81046_LON90.49219,2024,90.49218624744012,23.810456004957235,20,37.43860451000003,37.43860451000003,0.0,37.43860451000003,37.43860451000003,0.19432879984378815,16.0,3.5308240943436143e-06
Y2024_LAT23.81387_LON90.16838,2024,90.16837526889276,23.813873164051003,20,34.152641493892446,34.189776499999994,0.3393024664826657,33.57111487999998,34.617029,0.5676919531311464,9.914919477362506,0.011647784585001228
Y2024_LAT23.81405_LON90.17818,2024,90.17818097601702,23.814053020972818,20,34.372491504017205,34.32307928,0.3594689065663905,33.608713100000045,34.86141743000002,0.5747492408942825,10.351351351351349,0.005759447545866853
Y2024_LAT23.81423_LON90.18799,2024,90.1879867797294,23.81423225578895,20,34.361145989806,34.31966126000003,0.41715486406963753,33.31647239000003,34.75033178000004,0.5424399110808301,11.457213930348258,0.007126951933850539
Y2024_LAT23.81529_LON90.24682,2024,90.24682361169884,23.81529459808003,20,35.14451647719405,35.102387840000006,2.0447553321383056,31.6262615,39.25870015999999,0.43668186986020985,9.903441433551892,0.6448510279358363
Y2024_LAT23.81547_LON90.25663,2024,90.25663008222348,23.81546947719915,20,36.612634720864826,36.84002375750001,1.6992765482258807,31.451942480000014,40.62419915000004,0.4122130194153477,11.185100871062923,1.0
Y2024_LAT23.81564_LON90.26644,2024,90.26643664668188,23.815643733920812,20,35.23092588446148,35.22748737200001,1.356151086514908,31.63651556000002,39.641518399999995,0.5089363009163036,11.53889945752877,1.0
Y2024_LAT23.81582_LON90.27624,2024,90.27624330468434,23.81581736828319,20,34.09985013976686,34.36304382153848,1.0603176002050694,30.604273519999992,37.089966470000036,0.4992099132175687,11.289997988232923,1.0
Y2024_LAT23.81599_LON90.28605,2024,90.28605005590951,23.815990380239477,20,34.03500266082119,34.016952863750014,1.076751990720599,31.22635316000003,37.30701074000001,0.5526846572989228,10.919592562788537,1.0
Y2024_LAT23.81616_LON90.29586,2024,90.29585690010072,23.81616276984901,20,33.33301110441793,33.16796841578948,1.262304156208328,30.939239480000026,38.310199609999984,0.5634080808762466,12.04680005505889,1.0
Y2024_LAT23.81633_LON90.30566,2024,90.3056638368472,23.81633453695183,20,34.17177616411837,34.33108055409094,1.278496562490154,31.04861612000002,38.68105478000001,0.4873547041365953,13.278001503531177,1.0
Y2024_LAT23.81651_LON90.31547,2024,90.3154708659422,23.816505681581,20,32.415432774974384,32.03632251805087,1.4089756993712428,30.026628140000014,38.704980920000025,0.5385630992465712,11.339901599536935,1.0
Y2024_LAT23.81668_LON90.32528,2024,90.32527798681842,23.81667620381214,20,31.46311114894183,31.397937764000016,0.667293250782629,29.599375640000005,33.321599419999984,0.588115424756198,9.372399261646189,1.0
Y2024_LAT23.81685_LON90.33509,2024,90.33508519938587,23.81684610342066,20,32.200790920835786,31.92413189000002,1.0745743738020803,30.402610340000024,37.58387035999999,0.5573212837055364,10.620100729530268,1.0
Y2024_LAT23.81702_LON90.34489,2024,90.34489250309701,23.81701538055114,20,33.19809384328632,32.78313919785716,2.0304501467745206,29.712170300000025,40.478933299999994,0.5466912968731557,11.732501094122808,1.0
Y2024_LAT23.81718_LON90.3547,2024,90.3546998977826,23.817184035140357,20,36.76705400885203,37.34741661928573,2.3107543264336554,31.103304439999988,41.56244564000002,0.35204821107972223,11.692298461527596,1.0
Y2024_LAT23.81735_LON90.36451,2024,90.36450738306544,23.817352067193895,20,38.83745700464663,38.60935066478264,1.2163738989115622,35.99107304000006,41.82221516000004,0.22343706743988517,13.167799020940024,1.0
Y2024_LAT23.81752_LON90.37431,2024,90.37431495851645,23.817519476542795,20,39.310836859765615,39.358311028571435,1.0638401749775248,36.402944450000035,41.82221516000004,0.2094245633492253,14.053700252707083,1.0
Y2024_LAT23.81769_LON90.38412,2024,90.38412262389322,23.817686263292853,20,36.806144099828316,36.165643385000024,2.0007505173497764,33.461738240000045,42.608359759999985,0.3217470088667599,10.315095664818418,1.0
Y2024_LAT23.81785_LON90.39393,2024,90.39393037889359,23.81785242739153,20,35.066839807104785,35.04985550184616,0.7264569495138166,32.09794826000001,37.73084521999999,0.28855921003872465,9.058500068823609,1.0
Y2024_LAT23.81802_LON90.40374,2024,90.40373822309905,23.818017968948304,20,35.455090083743116,35.22468886812503,1.7204294735246877,31.88603102000002,40.84807946000001,0.4163318836680941,9.737498764700069,1.0
Y2024_LAT23.81818_LON90.41355,2024,90.41354615625141,23.818182887687353,20,37.6895891010636,37.78211552000002,1.5660682468115417,32.91998207000003,41.904247639999994,0.4017788998357607,11.333900392823992,1.0
Y2024_LAT23.81835_LON90.42335,2024,90.42335417790741,23.81834718371926,20,38.65807512101055,39.16198087531251,1.6939283759956896,34.41194780000001,42.99459602000002,0.23398384434810432,12.429099328352153,1.0
Y2024_LAT23.81851_LON90.43316,2024,90.43316228784003,23.81851085705533,20,36.08335824696593,36.07276371800001,0.7211174401998062,34.11116204000001,38.781886370000024,0.2829252305991738,11.067295610802878,1.0
Y2024_LAT23.81867_LON90.44297,2024,90.44297048569636,23.8186739076418,20,33.74498204526682,33.639095500000025,0.7562704871323023,32.33720966000001,37.87098404000005,0.4044684016346572,10.418599315999193,1.0
Y2024_LAT23.81884_LON90.45278,2024,90.45277877102127,23.818836335449905,20,33.46232742691718,33.30309496689658,0.7622908023886731,32.15947262000003,35.48520608000001,0.45897517596044357,10.775098558939481,1.0
Y2024_LAT23.819_LON90.46259,2024,90.46258714368346,23.81899814041967,20,35.37220986645459,35.45406412000002,0.6988852505589096,33.03961277000002,37.80945968000003,0.45331207208131696,14.344203972724586,1.0
Y2024_LAT23.81916_LON90.4724,2024,90.47239560318073,23.81915932249695,20,35.28265960216881,35.3275418461321,0.71700015763288,32.78155226000001,37.80433265000002,0.38738985140058646,14.84609981894096,1.0
Y2024_LAT23.81932_LON90.4822,2024,90.48220414927536,23.81931988179996,20,35.090128708147276,35.42128910600002,1.383381966103097,31.41092623999998,38.12391752000002,0.3071509502106121,15.543509348021825,1.0
Y2024_LAT23.81948_LON90.49201,2024,90.49201278165333,23.81947981821177,20,33.738089228917346,33.64541159050142,0.9078194697987919,32.186816780000015,37.43860451000003,0.4482586666814498,15.963747843521238,0.15473467768118032
Y2024_LAT23.82289_LON90.16818,2024,90.16817939044108,23.822894584165926,20,34.422042537927915,34.39812972417087,0.4879132491061036,33.159243470000035,36.15855602000002,0.5376647244535514,10.278714742657746,0.12341602937007264
Y2024_LAT23.82307_LON90.17799,2024,90.17798577362288,23.823074517538494,20,33.60185637429467,33.643132387760865,0.7160435498668098,30.740994320000027,36.30211286000002,0.5576528177542965,11.545597298744678,0.79340479696958
Y2024_LAT23.82325_LON90.18779,2024,90.18779225350889,23.823253828431376,20,33.92457315462296,34.02375838571431,0.5884074466960256,31.469032580000032,35.28012488000002,0.5919629370019687,12.149870991220864,0.8782103766267377
Y2024_LAT23.82343_LON90.1976,2024,90.19759882957575,23.823432516997453,20,33.10742648583603,33.14420418200001,0.5019977257403521,32.04667796000001,34.22395670000003,0.6452133817382223,11.988554117452923,0.30477456439734196
Y2024_LAT23.82432_LON90.24663,2024,90.24663314295388,23.824316621992267,20,34.30777085328507,34.038114069714304,2.2347443631174104,31.26395137999998,42.194779340000025,0.4811915696660079,10.016966253187748,0.5789998064696499
Y2024_LAT23.82449_LON90.25644,2024,90.25644028981523,23.824491575335806,20,37.97866294951915,38.02471545116281,2.0696849283073186,33.09601010000006,42.28022984000006,0.36137127203107294,11.069000324707428,1.0
Y2024_LAT23.82467_LON90.26625,2024,90.26624753061103,23.824665906121677,20,36.97897410189683,36.90417266857145,1.3283974124608802,33.30109130000005,41.897411600000055,0.43965758576172576,11.51870061023604,1.0
Y2024_LAT23.82484_LON90.27605,2024,90.27605486501137,23.824839614227137,20,33.6185163608331,33.512732893225824,1.246799641025368,30.558130250000033,36.44225168000003,0.5641848451732557,12.620700730236178,1.0
Y2024_LAT23.82501_LON90.28586,2024,90.2858622927241,23.82501269965501,20,33.9920116062398,33.98515103600002,0.8793821666468641,30.887969180000027,36.35680118000005,0.5752551897348595,12.397099515762461,1.0
Y2024_LAT23.82519_LON90.29567,2024,90.29566981343716,23.825185162441457,20,33.48319363117723,33.54647665250002,0.9915958447393226,30.88113314000003,35.81333600000005,0.6220827231690261,12.535599453646403,1.0
Y2024_LAT23.82536_LON90.30548,2024,90.30547742655001,23.82535700253232,20,34.36793556744717,34.327366288135615,0.7797095459561576,32.25517718000003,37.66932086000003,0.5799456271884074,13.66730313800371,1.0
Y2024_LAT23.82553_LON90.31529,2024,90.31528513220435,23.825528219882454,20,33.42758190794507,33.51540115400001,1.3781274892861888,30.580347380000035,37.24377737000003,0.5653746910638333,10.733298744935299,1.0
Y2024_LAT23.8257_LON90.32509,2024,90.32509292964225,23.825698814482774,20,32.091826446278354,31.982376458750014,0.8669796993708093,30.447044600000027,34.63924613000003,0.5674425331987328,10.734499687646698,1.0
Y2024_LAT23.82587_LON90.3349,2024,90.33490081871678,23.82586878634034,20,32.12486512678543,31.927474512500023,1.051741249474773,30.38893826000003,37.21472419999998,0.5794509237720215,11.176400207529658,1.0
Y2024_LAT23.82604_LON90.34471,2024,90.34470879908258,23.82603813541711,20,35.417430260679815,35.65867059500001,2.10817032684031,30.747830360000023,40.55071171999998,0.40750562287169806,12.183805570849763,1.0
Y2024_LAT23.82621_LON90.35452,2024,90.3545168704309,23.826206861579013,20,37.08147530816477,37.15564128285716,2.0789969970219833,30.747830360000023,42.42036866000001,0.35932469486960794,11.393600463059386,1.0
Y2024_LAT23.82637_LON90.36433,2024,90.36432503228613,23.826374964926323,20,37.29102165590842,37.46943242115386,1.394452089609921,31.09646840000005,40.56096578000006,0.2813953485624299,12.510900601059564,1.0
Y2024_LAT23.82654_LON90.37413,2024,90.37413328450373,23.826542445427858,20,38.352552889207196,38.297447766153866,1.2619624133849185,33.51984458000004,41.16595532000002,0.24904137040158159,14.31001087063943,1.0
Y2024_LAT23.82671_LON90.38394,2024,90.38394162658005,23.82670930307954,20,35.039501262717245,34.66173310368422,1.835024510937574,32.06376806000003,42.198197359999995,0.3942416426938741,9.728397327526288,1.0
Y2024_LAT23.82688_LON90.39375,2024,90.39375005825224,23.826875537835253,20,35.4444067377515,35.458528850731724,1.041092354177329,31.547647040000015,37.60437848000004,0.3772288708348489,9.056897713997333,1.0
Y2024_LAT23.82704_LON90.40356,2024,90.40355857929806,23.827041149533837,20,35.5615089443126,35.67234267500002,1.4747285455277672,32.22441500000002,39.56632195999998,0.4695610786726605,9.714991599960491,1.0
Y2024_LAT23.82721_LON90.41337,2024,90.4133671891908,23.82720613841696,20,36.664394298757344,36.35606874714287,2.143453575123006,31.735638139999992,41.063414720000026,0.36993174506573007,10.948198762586784,1.0
Y2024_LAT23.82737_LON90.42318,2024,90.4231758877953,23.827370504220717,20,38.24858520115201,38.23500317000001,1.1572775627720029,35.266452800000025,41.24115175999998,0.2826270302811962,12.592899521058309,1.0
Y2024_LAT23.82753_LON90.43298,2024,90.43298467440856,23.827534247061728,20,36.44063416077306,36.3941552557143,1.0915298952541634,33.85481054000002,38.88955400000003,0.33430903909300874,12.578600369884134,1.0
Y2024_LAT23.8277_LON90.44279,2024,90.442793549186,23.82769736684151,20,34.80208466075851,34.342752767209326,1.8539402150734463,31.014435919999983,40.40031884000001,0.4227830451135225,10.364098075409483,1.0
Y2024_LAT23.82786_LON90.4526,2024,90.45260251149202,23.827859863599773,20,34.054569140718655,33.23897077372094,1.7144533788309413,31.80058052000004,39.06387302000002,0.41235992532236104,9.790098576586589,1.0
Y2024_LAT23.82802_LON90.46241,2024,90.46241156103278,23.828021737310443,20,34.42893371222844,34.36153200500002,1.1092570345923158,32.23466905999999,38.462301500000024,0.4544774325156371,13.457304504962424,1.0
Y2024_LAT23.82818_LON90.47222,2024,90.47222069746103,23.828182987928958,20,34.39709261119719,34.392080558750024,1.229249100022589,31.25711534000004,38.39565011000002,0.44974444143995823,14.507300596824255,1.0
Y2024_LAT23.82834_LON90.48203,2024,90.48202992058056,23.82834361542162,20,33.793971666286154,33.7964234660275,1.1142932595577828,30.80764571000003,37.14636380000002,0.4430544724077931,12.710838007382865,0.9473202441440128
Y2024_LAT23.8285_LON90.49184,2024,90.49183922986218,23.828503619784502,20,32.46010765195004,32.42949620000002,0.7176173636205403,31.014435919999983,34.32307928,0.4272957653909039,13.323301774721909,0.09945188510709929
Y2024_LAT23.83155_LON90.14837,2024,90.14836958692833,23.831554104874208,20,33.92689652713253,33.953933120000016,0.6654702408858921,32.17998074000002,35.14340408000001,0.5609887749885061,13.425731097122558,0.24586118697081055
Y2024_LAT23.83174_LON90.15818,2024,90.15817645223937,23.83173535987494,20,34.102022152979714,33.96304784000001,0.6494474214711103,32.10649331000002,35.7962459,0.579797323300869,13.27352833006838,0.4819790977068237
Y2024_LAT23.83192_LON90.16798,2024,90.1679834149831,23.83191599233053,20,33.58940962021117,33.6103455871642,0.6204959257787034,31.643351600000017,35.724467480000044,0.5880885078069399,12.802092057013253,0.883300535773277
Y2024_LAT23.8321_LON90.17779,2024,90.17779047460897,23.832096002084114,20,33.72080754917001,33.67817933000001,0.6396686002568507,32.104784300000006,35.81333600000005,0.5678584730121679,12.335203930371396,1.0
Y2024_LAT23.83228_LON90.1876,2024,90.18759763098288,23.83227538919579,20,34.140320193972926,34.118425332500024,0.7342641116418451,32.05009598000004,36.001327100000026,0.5982330124887543,11.139595951039746,1.0
Y2024_LAT23.83245_LON90.1974,2024,90.197404883615,23.83245415351192,20,33.48076577352037,33.53721951500003,0.760845138215051,31.612589420000035,35.25961676000003,0.5822445725240173,10.36946866941778,0.8606200285684741
Y2024_LAT23.83263_LON90.20721,2024,90.2072122322437,23.83263229513139,20,33.54689136812231,33.646311319999995,0.5244039108896372,32.16289064,34.627283060000025,0.5848754916522803,10.855416733286134,0.1586917832300901
Y2024_LAT23.83299_LON90.22683,2024,90.22682721609769,23.83298671014301,20,33.86323034822034,33.82290902000002,0.43619128793023415,32.97979742000001,34.89730664000001,0.5384508735040856,9.696916299559478,0.20781276925728023
Y2024_LAT23.83316_LON90.23663,2024,90.23663485065207,23.833162983466416,20,33.45330580196792,33.537029625000024,0.6041143466463408,31.968063500000028,35.25619874000006,0.6015138707439321,9.801164225583259,0.5571028535229896
Y2024_LAT23.83334_LON90.24644,2024,90.24644257992824,23.83333863396304,20,35.07211475776917,35.29157524700002,2.117086246411394,31.287877520000023,40.673760440000024,0.44555789895891906,11.039385344296436,0.6832121874126763
Y2024_LAT23.83351_LON90.25625,2024,90.25625040340556,23.833513661644123,20,37.806606148659334,37.672807240400026,1.2643661167304339,35.17416625999999,41.835887240000034,0.34551459666845175,12.497504694139709,1.0
Y2024_LAT23.83369_LON90.26606,2024,90.26605832095383,23.833688066342177,20,35.257972483582165,35.340281564951056,1.679585369507643,32.17998074000002,42.160599140000045,0.5075948876640037,12.467204551550806,1.0
Y2024_LAT23.83386_LON90.27587,2024,90.27586633211241,23.83386184824758,20,33.07672975263588,33.199994018696565,0.9995985803899253,30.588892430000016,35.27328884000002,0.6132648728770317,12.001997656459533,1.0
Y2024_LAT23.83404_LON90.28567,2024,90.28567443656736,23.83403500725343,20,33.44718596544288,33.4857809034091,0.8874358059017717,31.024689980000034,36.85925012000001,0.6176016239908427,12.531397794813127,1.0
Y2024_LAT23.83421_LON90.29548,2024,90.2954826340372,23.834207543222686,20,34.57230404206284,34.580684054000024,0.8730172785877683,31.766400320000002,37.04040517999999,0.5965485538603473,13.798801406124278,1.0
Y2024_LAT23.83438_LON90.30529,2024,90.30529092407066,23.834379456264415,20,35.26860503478138,35.0747995357143,1.1786297494617657,33.23956694000003,38.674218740000015,0.5315135516637658,13.604612256998816,1.0
Y2024_LAT23.83455_LON90.3151,2024,90.31509930648197,23.834550746337584,20,35.4039556506774,35.45494236125002,0.8350233447090131,32.70635582,37.59241541000003,0.5196343339703953,11.38700182118505,1.0
Y2024_LAT23.83472_LON90.32491,2024,90.32490778084068,23.834721413344035,20,33.73089993807383,33.57716965828575,1.0509110522634104,31.240025240000023,36.27135068000001,0.565162581807152,10.993699970352788,1.0
Y2024_LAT23.83489_LON90.33472,2024,90.33471634680083,23.834891457379513,20,32.98464368045228,32.86087168662503,0.951666207938985,31.29471355999999,35.96372888000002,0.556084482495461,11.019097736930517,1.0
Y2024_LAT23.83506_LON90.34453,2024,90.3445250041786,23.835060878266724,20,32.92541194603951,33.223134151538474,2.3596254812063084,28.52269934000003,38.46571951999999,0.42264380414114716,11.3367004080019,1.0
Y2024_LAT23.83523_LON90.35433,2024,90.3543337523925,23.835229676143097,20,36.02921884144436,36.03889424709092,1.7497521363166957,31.315221680000036,40.10978713999998,0.34299174437961605,10.696098569875595,1.0
Y2024_LAT23.8354_LON90.36414,2024,90.36414259131713,23.835397850949132,20,34.86895512846866,34.9824653578049,1.3024059745919796,30.635035700000003,37.74793532000001,0.36451811468530304,10.866492312904965,1.0
Y2024_LAT23.83557_LON90.37395,2024,90.37395152049466,23.8355654025433,20,36.50345310797185,36.232121132272745,1.2179191278936923,33.35577962000002,40.65325231999998,0.33545045834719617,11.568096791043688,1.0
Y2024_LAT23.83573_LON90.38376,2024,90.38376053961815,23.83573233096978,20,34.82893651066077,34.82877869000002,0.8667715237266058,32.330373620000046,37.06091330000004,0.39660720393855053,9.768589499244694,1.0
Y2024_LAT23.8359_LON90.39357,2024,90.39356964845436,23.835898636245652,20,34.80379755695914,34.84330192400004,2.0115490068768205,30.713650160000043,40.71477668,0.46244460707871204,9.191291488430517,1.0
Y2024_LAT23.83606_LON90.40338,2024,90.40337884655563,23.83606431840792,20,36.61571944012365,36.653392097272736,1.9795270151027482,31.703166950000025,41.032652540000015,0.45556394479437273,9.544294326090935,1.0
Y2024_LAT23.83623_LON90.41319,2024,90.41318813352635,23.83622937723867,20,39.01765450897267,39.09341447857145,1.3677455092647577,32.65850354000003,43.011686120000036,0.21596729004137571,10.795501390594769,1.0
Y2024_LAT23.83639_LON90.423,2024,90.42299750926796,23.83639381286551,20,37.46119724798531,37.39536655700001,1.4537897307664176,33.19513268000003,40.96600115000004,0.3558582105939525,12.081095675744338,1.0
Y2024_LAT23.83656_LON90.43281,2024,90.43280697316571,23.836557625216,20,35.36719075792796,35.54711885136365,1.3036343417561789,31.592081300000018,38.78017736000004,0.42405293635407443,12.7767001256476,1.0
Y2024_LAT23.83672_LON90.44262,2024,90.44261652508888,23.836720814273363,20,34.1223428663041,33.98427846829271,0.999881315617704,31.304967620000014,37.149781820000044,0.49579513031472006,10.018688323239168,1.0
Y2024_LAT23.83688_LON90.45243,2024,90.45242616467249,23.836883380054967,20,34.07667728695296,34.07869085000002,0.9663648038401407,31.067415229999995,38.535788930000024,0.4624752406590836,10.376494712916278,1.0
Y2024_LAT23.83705_LON90.46224,2024,90.46223589141553,23.837045322543688,20,34.93152873104807,35.01476223636366,1.0680677161904701,32.10136627999998,38.535788930000024,0.42881862393399905,12.548900230118697,1.0
Y2024_LAT23.83721_LON90.47205,2024,90.47204570518304,23.837206641628736,20,34.16917704290581,34.050833987000004,1.3793310917700747,31.127230580000003,37.503546890000024,0.40795368913789826,13.123205075341579,0.9807033350596278
Y2024_LAT23.83737_LON90.48186,2024,90.48185560564076,23.837367337295152,20,34.03058072016587,34.17610442000003,1.2890879429366733,31.339147819999994,37.17028994000003,0.4157251745530925,11.831094815631001,0.189116946479318
Y2024_LAT23.84058_LON90.14817,2024,90.14817216103816,23.84057534732791,20,34.49315268211725,34.55443650875002,0.603636669181475,32.54912690000003,36.035507300000006,0.6013431319549205,13.976317168975351,0.5007623431263256
Y2024_LAT23.84076_LON90.15798,2024,90.15797970307277,23.8407566793346,20,34.17773401522774,34.26531024460529,0.76819944283287,31.81425260000003,35.95689284000002,0.606393850049068,11.885399865176314,1.0
Y2024_LAT23.84094_LON90.16779,2024,90.16778734254447,23.840937388387445,20,33.57370476615377,33.578398517857174,0.8588302493883465,31.621134470000015,36.052597400000025,0.5911802677051243,10.453895077153305,1.0
Y2024_LAT23.84112_LON90.1776,2024,90.17759507896123,23.841117474552508,20,33.92779696207077,33.92184171000002,0.7320515548403472,30.956329579999988,35.89878650000003,0.6059302314407243,12.494601758355012,1.0
Y2024_LAT23.8413_LON90.1874,2024,90.18740291206971,23.841296937759036,20,33.53427184224846,33.548742385454574,0.756773074911627,30.624781640000037,35.365575379999996,0.6089503717847726,12.784102098943649,1.0
Y2024_LAT23.84148_LON90.19721,2024,90.19721084159713,23.841475777990155,20,33.14195085136198,33.42407898392859,1.109465333666748,30.117205670000033,35.396337560000006,0.5966084649869162,11.335606285206051,1.0
Y2024_LAT23.84165_LON90.20702,2024,90.20701886710472,23.84165399525762,20,32.86650077971294,32.92174041085411,0.7364600922845688,30.117205670000033,35.05795358,0.5742020706178185,11.18891678412027,0.9715088540069463
Y2024_LAT23.84183_LON90.21683,2024,90.21682698822377,23.84183158947361,20,32.78170475790759,32.76722330594012,0.5721076316576101,30.70339610000002,36.001327100000026,0.5735465775222492,11.610725637646329,0.7406248429997633
Y2024_LAT23.84201_LON90.22664,2024,90.22663520484046,23.842008560680036,20,33.27638659721116,33.139835671506866,0.7425149229050523,31.58866327999999,37.11560162000001,0.5588322355271622,10.578318553997937,0.9907642036695101
Y2024_LAT23.84218_LON90.23644,2024,90.23644351630509,23.842184908856428,20,33.37589766303506,33.30024883028171,0.7176210306715395,31.91337518000003,36.60631664000002,0.5715341002558118,10.323400380471028,1.0
Y2024_LAT23.84236_LON90.24625,2024,90.24625192253338,23.84236063387516,20,36.80056437672373,37.150623178769244,2.2620034827415854,32.02958786000002,42.69381026000002,0.39369186632777514,9.857226325965481,0.9990978337396029
Y2024_LAT23.84254_LON90.25606,2024,90.25606042303819,23.842535735804308,20,38.19453645369318,37.9085616695181,1.2204428472201017,35.30405102,43.31247188000003,0.32808577778701187,9.821389747716463,1.0
Y2024_LAT23.84271_LON90.26587,2024,90.26586901766919,23.84271021459621,20,35.772321460969565,35.60846842625003,1.6957696048603788,31.884322010000005,39.79191128000002,0.4767526977906849,10.180797859762185,1.0
Y2024_LAT23.84288_LON90.27568,2024,90.27567770591823,23.842884070255604,20,34.78515949449175,34.85718987894737,1.0414445976770688,31.785199430000006,38.062393160000056,0.5110911646816565,11.862698661998428,1.0
Y2024_LAT23.84306_LON90.28549,2024,90.28548648737947,23.843057302676108,20,34.28736734543625,34.234066626626536,0.974222771979314,31.680949820000023,38.062393160000056,0.6283186713097562,13.348199285643698,1.0
Y2024_LAT23.84323_LON90.2953,2024,90.29529536205294,23.843229911966674,20,34.38146656347917,34.35982299500003,1.0326505732313933,31.499794759999986,37.08142142000003,0.5971434955826515,13.396099289528577,1.0
Y2024_LAT23.8434_LON90.3051,2024,90.3051043292476,23.843401897972704,20,34.1157477695994,34.07680381812501,0.9046820753855902,32.238087080000014,36.87975824,0.5927962497436456,14.054903594004228,1.0
Y2024_LAT23.84357_LON90.31491,2024,90.31491338880836,23.84357326075308,20,34.81046324003021,34.79946581750001,0.7505645239256309,33.00714158000005,37.14294577999999,0.5783418733339188,12.073105049906129,1.0
Y2024_LAT23.84374_LON90.32472,2024,90.32472254042095,23.843744000271027,20,33.18762341191458,33.174003101818194,1.0666817431099587,30.775174520000007,35.94663878000006,0.6319810910936853,11.209700246706166,1.0
Y2024_LAT23.84391_LON90.33453,2024,90.33453178363415,23.843914116423864,20,32.56296799726662,32.456866652461564,1.033431600011342,30.351340040000025,35.91245858000002,0.555958882274628,12.067800079764808,1.0
Y2024_LAT23.84408_LON90.34434,2024,90.34434111824926,23.844083609322155,20,31.427376127767047,31.277754922307707,2.097926407750074,28.389396560000023,36.45592376000002,0.43444537806805755,12.023202462129227,1.0
Y2024_LAT23.84425_LON90.35415,2024,90.3541505437578,23.84425247880271,20,32.94271390616314,33.21905882000003,2.249237075677404,28.389396560000023,37.599251450000054,0.44201341850361203,11.498000585883043,1.0
Y2024_LAT23.84442_LON90.36396,2024,90.36396005998247,23.844420724846596,20,33.977031575430274,33.98554980500004,1.7914998708503873,30.187275080000006,38.065811180000026,0.4460750049214475,10.601797178584917,1.0
Y2024_LAT23.84459_LON90.37377,2024,90.37376966657563,23.844588347690777,20,35.50476395178806,35.67285537800002,0.9672000927602935,31.776654380000025,37.594124420000014,0.4397766749912553,12.523700111529944,1.0
Y2024_LAT23.84476_LON90.38358,2024,90.38357936302975,23.844755347063185,20,35.766847807142994,35.73849935157896,0.9766330774632228,32.66533958000002,38.216204059999995,0.420740306058806,11.046898878704559,1.0
Y2024_LAT23.84492_LON90.39339,2024,90.39338914935368,23.844921722962663,20,36.65231143706832,36.5455195182979,1.6470133433056329,33.68390954000006,41.43256087999998,0.4722276135962446,10.906999890588105,1.0
Y2024_LAT23.84509_LON90.4032,2024,90.40319902480896,23.845087475305515,20,38.804796701845305,38.48134475428573,1.9894053085115915,35.01010130000003,42.89205542000002,0.2839650314193649,9.933999689410305,1.0
Y2024_LAT23.84525_LON90.41301,2024,90.41300898926613,23.845252604256814,20,38.275691346043864,37.64881274000001,2.9621819371101883,32.68242968000004,45.653815580000014,0.23828075528405684,10.749302058002419,1.0
Y2024_LAT23.84542_LON90.42282,2024,90.42281904246684,23.845417109739255,20,35.10247457135425,35.207321054000005,1.1986548581055865,32.16972668000005,37.56678026000003,0.4056319568634002,12.418299315646255,1.0
Y2024_LAT23.84558_LON90.43263,2024,90.43262918394738,23.84558099160856,20,33.90584879556209,33.83109281585369,0.9135186369968911,30.795682639999995,36.380727320000005,0.541822478154863,12.875799415526659,1.0
Y2024_LAT23.84574_LON90.44244,2024,90.44243941341043,23.845744249986087,20,33.658478813974305,33.48395537000002,1.036249404598022,31.151156720000017,37.365117080000005,0.5103656881510431,11.166097842468044,1.0
Y2024_LAT23.84591_LON90.45225,2024,90.45224973051488,23.845906884744103,20,33.60860055251142,33.64118429000002,1.0730548313042778,31.21268108000004,36.95837270000004,0.5614381809542903,10.81379860446895,1.0
Y2024_LAT23.84607_LON90.46206,2024,90.46206013489734,23.846068895891545,20,33.803591467766346,34.27796563288556,1.5560491892813684,30.511986980000017,38.55117002000003,0.456100855105023,10.90185544555179,0.9769357378243188
Y2024_LAT23.84623_LON90.47187,2024,90.47187062631693,23.846230283490918,20,33.503264082983705,33.364645109375026,1.043763514225172,30.670924910000025,35.97740096000001,0.4253822080540509,10.844886255365099,0.400340752634657
Y2024_LAT23.84941_LON90.13817,2024,90.13816651599821,23.849414545645395,20,33.69117228704463,33.784741130000015,0.4738422331466067,32.29790243000002,34.60335692000001,0.5799355556807639,15.446600113015625,0.17128753333906968
Y2024_LAT23.8496_LON90.14797,2024,90.14797463735019,23.849596577685013,20,33.858879450843204,33.985923650937515,0.6675233572006667,30.97000165999998,35.210055470000015,0.6256874739856858,12.870126347082874,0.9588113731917622
Y2024_LAT23.84978_LON90.15778,2024,90.15778285658293,23.849777986577454,20,33.84017563882416,34.05622957571428,0.7875126452871369,31.913375180000003,35.792827880000004,0.6139810151454723,11.160200188470812,1.0
Y2024_LAT23.84996_LON90.16759,2024,90.16759117304086,23.849958772327916,20,33.842636078542476,33.95476453027028,0.8216162161272993,30.840116899999998,36.13121186000001,0.6265291721443939,11.697598576934512,1.0
Y2024_LAT23.85014_LON90.1774,2024,90.1773995866221,23.850138934900187,20,32.65055016805355,32.58125628800001,1.06556065929249,30.26588953999999,35.25961676000003,0.6651238976728088,12.060098894234043,1.0
Y2024_LAT23.85032_LON90.18721,2024,90.18720809689493,23.85031847430285,20,33.71047488513142,33.826782776000016,0.7028480317327827,31.369910000000004,35.738139560000036,0.5981538983800601,13.0,1.0
Y2024_LAT23.8505_LON90.19702,2024,90.19701670358802,23.850497390412862,20,32.79473836765081,32.88848745714287,0.9434307315943559,29.86939921999999,35.13998606000001,0.6216977217809507,12.357096974574032,1.0
Y2024_LAT23.85068_LON90.20683,2024,90.20682540628808,23.85067568334006,20,32.35414109331447,32.429596730000014,0.6747886393117094,30.200947160000055,34.013748469999996,0.6232364318707239,11.62989838811577,1.0
Y2024_LAT23.85085_LON90.21663,2024,90.21663420466585,23.850853352912015,20,32.60477047125803,32.6335837895349,0.5195500466004096,30.799100660000022,34.234210759999996,0.6132122385963745,11.540300635647792,1.0
Y2024_LAT23.85103_LON90.22644,2024,90.22644309843818,23.851030399238997,20,32.32879994613355,32.60620783400002,1.2851200117407733,29.96852180000002,34.929777830000006,0.6411805780846399,10.153798370815888,1.0
Y2024_LAT23.85121_LON90.23625,2024,90.2362520873236,23.851206822179524,20,33.267951598787796,33.26873156717393,1.3538141782087247,29.782239710000027,36.94470062000005,0.5810339425346761,9.716499666470222,1.0
Y2024_LAT23.85138_LON90.24606,2024,90.24606117078189,23.85138262187051,20,36.985441073716,37.279837481000015,1.4017997218369802,32.661921559999996,41.029234520000045,0.38568477370077314,8.969399963999976,1.0
Y2024_LAT23.85156_LON90.25587,2024,90.25587034873803,23.85155779805201,20,37.80492980101023,37.92083016500002,0.9562828381166117,34.67855336000002,40.14054931999999,0.31944158803274353,9.0,1.0
Y2024_LAT23.85173_LON90.26568,2024,90.26567962069254,23.851732350916897,20,37.283277129250855,37.39422918137931,1.3513633794415283,32.93536316000001,40.444753100000014,0.40825098130644477,9.083700098470722,1.0
Y2024_LAT23.85191_LON90.27549,2024,90.27548898628667,23.851906280300767,20,35.49354396155363,35.54236297,1.3311815662721924,32.043259939999984,38.735743100000036,0.5042557355157179,12.101798943292916,1.0
Y2024_LAT23.85208_LON90.2853,2024,90.28529844528776,23.85207958628689,20,35.62602142987179,35.46269173086957,2.004960382630693,31.756146260000037,42.772424720000004,0.5455318721716532,14.65320542684909,1.0
Y2024_LAT23.85225_LON90.29511,2024,90.29510799736741,23.852252268768797,20,34.1355641981524,34.172512011224505,1.0238784810618862,31.516884860000005,36.63024278,0.605837010659164,13.953499945294057,1.0
Y2024_LAT23.85242_LON90.30492,2024,90.30491764209752,23.85242432778987,20,34.93032098819727,34.80000215574469,1.0887353159092337,32.75420810000003,38.151261680000005,0.5553664628152021,14.376701619649015,1.0
Y2024_LAT23.8526_LON90.31473,2024,90.31472737912624,23.852595763293294,20,35.350737329477816,35.26517104250002,0.8042519921897089,33.52326260000001,38.16151574000003,0.5305328854486018,13.565202659777263,1.0
Y2024_LAT23.85277_LON90.32454,2024,90.32453720834886,23.85276657516604,20,34.18431435486142,34.22254928000001,1.5246069165449099,31.284459500000025,40.51311350000003,0.5515401623939206,12.126698972587075,1.0
Y2024_LAT23.85294_LON90.33435,2024,90.33434712912769,23.852936763576526,20,33.26294617605069,33.049107270000015,1.240471755594289,30.166766960000018,36.82506992000003,0.4884116794237325,12.55700183176688,1.0
Y2024_LAT23.85311_LON90.34416,2024,90.34415714126574,23.853106328323356,20,33.524565541281454,33.47317546076924,2.8652691025885693,28.31420012000001,40.87542361999999,0.3599593876059864,12.167605494614119,1.0
Y2024_LAT23.85328_LON90.35397,2024,90.35396724451219,23.853275269547233,20,34.06752820080178,34.830260863076944,3.0288195583754987,28.55687954000001,38.626366459999986,0.30475609626329037,12.11300130941331,1.0
Y2024_LAT23.85344_LON90.36378,2024,90.36377743835727,23.85344358714176,20,35.22680833166532,35.582961452000006,1.5040793360990592,30.489769850000016,37.86072998000003,0.45566712684037575,11.375300441529932,1.0
Y2024_LAT23.85361_LON90.37359,2024,90.37358772264568,23.853611280975656,20,35.79137867291235,35.73325667428573,0.9572678059024975,33.42414001999998,38.22987613999999,0.42019036694561407,11.160200753885915,1.0
Y2024_LAT23.85378_LON90.3834,2024,90.38339809685728,23.853778351178395,20,36.01745999443655,35.917386887906986,1.2521250467774205,33.119936240000015,40.31486834000003,0.4061183741587536,11.008700010235309,1.0
Y2024_LAT23.85394_LON90.39321,2024,90.3932085608357,23.853944797669996,20,38.44510593385303,38.15574783125001,2.059847615347751,33.96418718000001,44.97362959999998,0.3594096128234771,10.19449905235183,1.0
Y2024_LAT23.85411_LON90.40302,2024,90.40301911406132,23.8541106204841,20,38.57905124796765,38.15064022181819,1.973922653158767,34.19661254000005,42.88863739999999,0.26627181252958065,9.353292250787073,1.0
Y2024_LAT23.85428_LON90.41283,2024,90.41282975646459,23.85427581947158,20,36.984451338616864,36.85995383000001,1.1130224441050816,33.73176182000003,39.983320400000025,0.2720644334542417,11.148500174706102,1.0
Y2024_LAT23.85444_LON90.42264,2024,90.42264048734816,23.854440394729643,20,35.78775254861875,35.723195658604666,1.4370958211687916,32.77129819999999,42.64253996000002,0.3816752963119324,13.291201519060639,1.0
Y2024_LAT23.8546_LON90.43245,2024,90.4324513067417,23.85460434620307,20,34.814867373493875,34.72066511923079,1.689595515862199,30.908477300000015,39.48428948000003,0.45602891250947186,11.039197831519225,1.0
Y2024_LAT23.85477_LON90.44226,2024,90.44226221400886,23.854767673863886,20,33.473085866626526,33.51446946790323,0.9894578995720017,30.908477300000015,36.02867126000001,0.5400694012391563,9.830598624233673,1.0
Y2024_LAT23.85493_LON90.45207,2024,90.45207320908156,23.854930377638144,20,32.95692331160295,32.98108618163936,0.8367594776846493,30.59060144,35.444189840000035,0.6022231471263899,11.280496800584482,1.0
Y2024_LAT23.85509_LON90.46188,2024,90.46188429141417,23.855092457552743,20,32.989000656404414,32.65797086155846,1.3922116592006983,30.21461924000002,39.70304276000002,0.5389369560793961,12.780194483734116,0.9993992296003109
Y2024_LAT23.85525_LON90.4717,2024,90.47169546076705,23.8552539135842,20,32.89507690875248,32.95508250615388,1.2140205536403843,30.821317790000023,37.56336224000006,0.5783740461856745,11.78239383770163,0.25417396968900835
Y2024_LAT23.85825_LON90.12816,2024,90.1281595165627,23.85825295405436,20,33.4289673917214,33.44464814000003,0.20156195144962874,32.90630999000001,33.83430242000003,0.42257079479692466,13.962369895916737,0.013286857110436548
Y2024_LAT23.85844_LON90.13797,2024,90.13796821735538,23.858435686635293,20,33.11185479553966,33.00631148942858,0.6499684656815651,31.58011823000004,34.98275713999999,0.5922494747338573,14.50555063371244,0.7959303350494109
Y2024_LAT23.85862_LON90.14778,2024,90.14777701605465,23.858617795927742,20,32.88309105775075,32.83606967900002,0.65648281010319,30.97000165999998,34.64779118000001,0.6187946117178773,13.558800276707139,1.0
Y2024_LAT23.8588_LON90.15759,2024,90.1575859125968,23.858799281880138,20,32.99593861085385,33.02309234000002,0.6761542578032418,31.222935140000004,34.562340680000034,0.6418141495271956,12.236898761876489,1.0
Y2024_LAT23.85898_LON90.16739,2024,90.16739490654852,23.858980144305885,20,32.66132796173682,32.613989791162815,1.0261391318860267,30.175312010000027,35.47153400000002,0.6634808076808577,13.187003232956389,1.0
Y2024_LAT23.85916_LON90.1772,2024,90.17720399757113,23.859160383258743,20,33.13067477645579,33.234986793200015,0.7593075384163476,30.395774300000028,35.12631398000002,0.6279665441771033,12.439099713410386,1.0
Y2024_LAT23.85934_LON90.18701,2024,90.18701318531267,23.859339998803858,20,33.254791491989685,33.30080040468088,0.9677281876467815,31.052034140000046,35.66636114000005,0.5757547886188441,12.780098965171568,1.0
Y2024_LAT23.85952_LON90.19682,2024,90.1968224695223,23.85951899083173,20,32.855404078784545,33.01479822398485,0.956445036920049,29.99073893000002,34.58626681999999,0.637916951938128,12.851799302584903,1.0
Y2024_LAT23.8597_LON90.20663,2024,90.20663184970567,23.859697359340366,20,32.00112596600919,32.07343053961542,1.0930413346603522,29.961685760000023,35.08700675,0.6292524924270486,10.993590558073185,1.0
Y2024_LAT23.85988_LON90.21644,2024,90.21644132573505,23.859875104366267,20,32.48929148813881,32.545882742698986,1.0244732755614667,29.889907340000036,35.34164924000004,0.6038588550320817,11.031500148235994,1.0
Y2024_LAT23.86005_LON90.22625,2024,90.22625089712375,23.86005222573555,20,31.074868416521202,31.046425081538487,0.8139796491175997,29.70875228,34.27180898000006,0.7238782991945619,10.971701043299035,1.0
Y2024_LAT23.86023_LON90.23606,2024,90.23606056358047,23.860228723536842,20,32.68413577059497,32.57623801318186,1.0694419689609245,30.002702,35.75522966,0.6011797637352158,10.339199243290546,1.0
Y2024_LAT23.8604_LON90.24587,2024,90.24587032471145,23.86040459774019,20,33.56540665317588,33.2031894414286,1.6064791573815718,30.88113314000003,37.66932086000003,0.5906111269597288,9.269196560924964,1.0
Y2024_LAT23.86058_LON90.25568,2024,90.25568018032497,23.860579848308465,20,34.77345222455528,34.82814514156253,1.2864416345552905,31.91337518000003,38.294818520000035,0.464390950501728,9.971401041887221,1.0
Y2024_LAT23.86075_LON90.26549,2024,90.26549013003545,23.86075447522358,20,34.841429633611845,34.6424200057143,1.4451607181670938,32.00224370000004,38.185441879999985,0.5517317216663538,10.046602572247371,1.0
Y2024_LAT23.86093_LON90.2753,2024,90.275300173294,23.860928478430182,20,32.605538199714466,32.48308968546877,1.0824784676516503,29.954849720000027,37.14294578000002,0.6670968459480642,12.628495898804196,1.0
Y2024_LAT23.8611_LON90.28511,2024,90.28511031017463,23.86110185790649,20,33.8759000800016,33.986261892500025,1.2044499278986065,31.484413670000038,38.363178919999996,0.6242858344393193,14.017502435305536,1.0
Y2024_LAT23.86127_LON90.29492,2024,90.29492053998196,23.861274613670293,20,35.266596484184014,34.85693127875002,1.316934495000721,32.91827306000005,39.016020740000044,0.5616155461040884,13.266298900230119,1.0
Y2024_LAT23.86145_LON90.30473,2024,90.30473086251274,23.861446745670065,20,34.66960618609699,34.35725948,1.035306959134978,32.79864236000003,38.851955780000026,0.5847945387998856,12.918004320020302,1.0
Y2024_LAT23.86162_LON90.31454,2024,90.31454127750341,23.86161825383387,20,35.75484688017061,35.78037652142859,1.527309132261397,32.13212845999999,40.54729370000001,0.47721321726210886,12.670301977891626,1.0
Y2024_LAT23.86179_LON90.32435,2024,90.32435178453636,23.861789138311877,20,35.01035321328059,34.830940085000016,0.9988574127091585,32.63799542000004,38.20424099000002,0.49979141339566563,12.752301187299675,1.0
Y2024_LAT23.86196_LON90.33416,2024,90.3341623832019,23.86195939884345,20,35.15776831230715,35.28587404960528,1.8485882297785612,31.00076383999999,38.25722030000003,0.41823056980048307,11.236898761876509,1.0
Y2024_LAT23.86213_LON90.34397,2024,90.34397307332979,23.8621290356191,20,35.18890813301865,35.164553078750025,2.1449223465759877,31.106722460000015,40.181565560000024,0.4604677993450735,11.309100278118935,1.0
Y2024_LAT23.8623_LON90.35378,2024,90.3537838545608,23.86229804845084,20,35.97399613160855,36.169151882000016,1.2065340153485915,32.268849260000025,38.592186260000005,0.4263372323547621,11.85170400801883,1.0
Y2024_LAT23.86247_LON90.36359,2024,90.3635947263993,23.862466437383123,20,36.267028458765836,36.40490911243963,0.9359683886984662,33.13019029999998,38.359760900000026,0.42628253671018596,11.406399559527305,1.0
Y2024_LAT23.86263_LON90.37341,2024,90.37340568866655,23.862634202412984,20,36.00149064096301,35.95629604285716,1.1322822886559252,33.284001200000034,39.51846968000001,0.3769261331207503,11.084699222113978,1.0
Y2024_LAT23.8628_LON90.38322,2024,90.38321674099215,23.862801343461857,20,36.673233689817465,37.40852593400001,1.9468601224415714,31.07937830000003,40.08586100000002,0.3338941969803147,10.999099995764672,1.0
Y2024_LAT23.86297_LON90.39303,2024,90.39302788295696,23.8629678606028,20,37.998386871510654,37.53603795220931,1.7029956500234618,33.69074558,45.32910368,0.2561421316935804,11.0,1.0
Y2024_LAT23.86313_LON90.40284,2024,90.40283911441058,23.863133753729567,20,37.427888351627374,37.61314644434784,1.325052874529479,34.8221102,40.49602340000001,0.24807620697904548,10.88949712704529,1.0
Y2024_LAT23.8633_LON90.41265,2024,90.41265043480634,23.863299022862698,20,37.8926528044177,37.890257875000025,0.9908644406340026,35.78599184000001,40.448171119999984,0.28717726382577624,11.848799288467212,1.0
Y2024_LAT23.86346_LON90.42246,2024,90.4224618439574,23.863463667882602,20,36.709418779095245,36.60910306934784,1.0635689660511314,33.98640431000001,39.36807680000004,0.35184581849902297,12.000095294566053,1.0
Y2024_LAT23.86363_LON90.43227,2024,90.43227334149971,23.86362768889646,20,35.066606810842025,35.20492844000002,1.2676882857648843,31.862104880000004,38.298236540000005,0.4732026680823273,12.096399277173035,1.0
Y2024_LAT23.86379_LON90.44208,2024,90.44208492704509,23.863791085843058,20,34.62293948609347,34.29881133800002,1.3750387861131974,31.392127130000006,38.869045880000044,0.518823380204591,11.962002174127878,1.0
Y2024_LAT23.86395_LON90.4519,2024,90.4518966002369,23.863953858680702,20,33.653046525924786,33.51940150333334,0.9204575044670765,31.638224570000034,37.36853510000003,0.5254561255726853,12.50459531574262,1.0
Y2024_LAT23.86412_LON90.46171,2024,90.46170836094092,23.864116007374196,20,32.976995726192506,32.84833624560348,1.1949333721898088,30.619654609999998,38.911771130000034,0.5489937256906847,13.659904281902476,1.0
Y2024_LAT23.86428_LON90.47152,2024,90.47152020851755,23.86427753190479,20,31.899068070343695,31.797625671079906,0.8300253069172503,29.978775859999985,35.06137160000003,0.6194269970948164,11.67268714234485,0.7105212161231029
Y2024_LAT23.86709_LON90.11815,2024,90.11815116227423,23.867090571677974,20,36.09271269451089,36.28673177000002,0.5086743812641248,35.119477939999996,36.43028861000002,0.37257312249014346,12.0,0.0019514609442666995
Y2024_LAT23.86727_LON90.12796,2024,90.12796044213833,23.867274005435014,20,34.523868783716004,34.22966456586911,1.1550227450103947,31.733929130000007,38.00770484000003,0.5382153896299152,12.241184852970415,0.6547826998954818
Y2024_LAT23.86746_LON90.13777,2024,90.13776982052174,23.867456815575864,20,33.17932091142153,33.07590410000001,0.878360060759708,31.120394540000007,35.26303478,0.5912571415372878,13.476702243304675,1.0
Y2024_LAT23.86764_LON90.14758,2024,90.14757929701629,23.867639002098965,20,32.67539452401597,32.69998587363638,0.9736136460563939,30.397483309999984,35.297214980000035,0.626158043723089,14.779302093296577,1.0
Y2024_LAT23.86782_LON90.15739,2024,90.15738887128897,23.867820564877498,20,32.36174635157791,32.200051671395364,0.9430403800279138,30.308614790000007,34.85458139000002,0.6031188804767225,13.503799416234612,1.0
Y2024_LAT23.868_LON90.1672,2024,90.16719854295404,23.868001504038673,20,32.21947537890792,32.07833961894739,0.9846161940850026,30.19752914000003,34.91439674000003,0.6744078952243905,12.6051981421089,1.0
Y2024_LAT23.86818_LON90.17701,2024,90.17700831177075,23.868181819529703,20,31.964886275771125,31.831638490192326,0.840697176166154,30.21120122000002,34.56575870000006,0.6551258499591767,12.128700151411943,1.0
Y2024_LAT23.86836_LON90.18682,2024,90.18681817732688,23.86836151118984,20,32.457275778058886,32.45152344000002,0.6999834080227771,30.423118460000012,34.59993890000004,0.6280224872289982,12.412299308587425,1.0
Y2024_LAT23.86854_LON90.19663,2024,90.19662813934337,23.86854057920083,20,31.824753247176226,31.705410025625017,0.9183520481160998,29.725842380000017,33.993240350000036,0.6526788865371052,11.488292886084167,1.0
Y2024_LAT23.86872_LON90.20644,2024,90.20643819746425,23.868719023370055,20,32.13931325305452,32.26523251790699,0.9722820019393273,29.510507120000057,34.24104680000005,0.6420778310376379,10.144896641054872,1.0
Y2024_LAT23.8689_LON90.21625,2024,90.21624835134534,23.868896843680513,20,32.192574700831436,31.89557299250002,1.5695518400495414,29.664318019999996,37.542854120000015,0.6467572070238072,9.763098544821817,1.0
Y2024_LAT23.86907_LON90.22606,2024,90.22605860070595,23.869074040275994,20,31.999173523479307,31.704320531750025,1.3976340105748906,29.842055060000007,37.38220718000002,0.6683706053155348,10.34419691386783,1.0
Y2024_LAT23.86925_LON90.23587,2024,90.23586894511965,23.869250612942142,20,32.31830692355411,32.359195842702725,0.8046671023743036,30.298360730000013,34.84945436000004,0.6038330569643221,10.233799098587175,1.0
Y2024_LAT23.86943_LON90.24568,2024,90.24567938423829,23.86942656165754,20,32.21537811041759,32.13967658750002,1.1042511442464567,30.093279530000018,37.19421608000005,0.6548905296549988,9.570498318233316,1.0
Y2024_LAT23.8696_LON90.25549,2024,90.25548991784117,23.86960188655395,20,34.37850275924357,34.39378346514289,0.8388622410889833,31.651896650000026,36.45250574000005,0.5771247149702385,9.179093783970746,1.0
Y2024_LAT23.86978_LON90.2653,2024,90.26530054560041,23.869776587524374,20,33.32947071714737,33.20453223500003,0.968626499326865,31.43827040000002,37.12243766,0.6489323855631004,9.942999932941103,1.0
Y2024_LAT23.86995_LON90.27511,2024,90.27511126701698,23.869950664508774,20,33.250654040814496,33.014099692142885,1.0872615375510424,31.301549600000044,37.845348890000025,0.6444840570591642,11.65489724105558,1.0
Y2024_LAT23.87012_LON90.28492,2024,90.28492208192733,23.870124117585018,20,35.000744595108856,34.40768532800002,1.905299849503591,31.797162500000013,40.62932618000002,0.5818124698360113,13.045497861166403,1.0
Y2024_LAT23.8703_LON90.29473,2024,90.29473298989551,23.870296946589846,20,35.3451031975067,35.23398161000002,1.4211117348158393,32.91827306000005,39.00576668000002,0.5571159103468387,12.79839976282325,1.0
Y2024_LAT23.87047_LON90.30454,2024,90.30454399062427,23.87046915158999,20,35.28886764057302,35.17356810650002,0.9062325859475217,33.284001200000034,38.28456446000001,0.5589410925200715,11.089100104823652,1.0
Y2024_LAT23.87064_LON90.31436,2024,90.31435508375876,23.870640732586768,20,35.43990349608115,35.267360711562525,1.0738003233919633,32.990051480000034,39.321933530000024,0.5407107531162495,12.538604887552413,1.0
Y2024_LAT23.87081_LON90.32417,2024,90.32416626902638,23.870811689443677,20,35.270911777205086,35.2951229160345,1.0387629673550935,32.84649464000006,38.20424099000002,0.5159016421744603,12.387300455647594,1.0
Y2024_LAT23.87098_LON90.33398,2024,90.33397754591326,23.870982022268148,20,35.43206611884982,35.55191640137932,1.1263724283230034,32.735408990000025,37.99574177000002,0.4966435211654362,12.364500428824032,1.0
Y2024_LAT23.87115_LON90.34379,2024,90.34378891438959,23.87115173088338,20,35.01639744913674,34.95063780500003,1.2613557399175446,32.63457740000001,38.14442564000001,0.5402102992888413,12.84940635014753,1.0
Y2024_LAT23.87132_LON90.3536,2024,90.3536003738261,23.871320815399113,20,34.9741103273825,35.10922388000002,1.0916569368879714,31.971481519999998,38.722071020000044,0.46772864374078277,12.028701210236722,1.0
Y2024_LAT23.87149_LON90.36341,2024,90.3634119239931,23.871489275819783,20,36.05899778066892,35.95328493000001,1.2252995651476282,33.15411644000005,39.61759226000004,0.4056975771311369,12.758100891883402,1.0
Y2024_LAT23.87166_LON90.37322,2024,90.37322356466466,23.871657111953418,20,36.995513291212276,36.9087088694,1.8163736745814587,32.14921856000001,40.94378402000001,0.35129398315332494,11.3889994776446,1.0
Y2024_LAT23.87182_LON90.38304,2024,90.3830352954085,23.871824323942175,20,37.71505077629154,37.64134302213484,0.8259781057282748,34.514488400000005,40.51994954000003,0.25043595650125156,10.699399646352528,1.0
Y2024_LAT23.87199_LON90.39285,2024,90.3928471157417,23.87199091166142,20,37.68315336797336,37.7352563133784,0.7362344700485279,33.01397761999999,39.13565144000003,0.24268472452921333,10.312999191763756,1.0
Y2024_LAT23.87216_LON90.40266,2024,90.40265902563314,23.872156875146953,20,38.02373633602294,37.977331071363665,1.108464287489594,34.87679852000002,41.57953573999998,0.2756326705165399,11.289596656925447,1.0
Y2024_LAT23.87232_LON90.41247,2024,90.41247102454169,23.87232221436768,20,37.87496198058914,37.95173476250002,1.067329816305348,34.299153140000044,40.77630104000002,0.2595714401582494,12.573099497764114,1.0
Y2024_LAT23.87249_LON90.42228,2024,90.42228311222333,23.872486929276324,20,36.21955206608006,36.234322130000024,1.0756504045990982,33.53180765000002,39.59708413999999,0.360387749925808,11.962997603526594,1.0
Y2024_LAT23.87265_LON90.4321,2024,90.43209528818458,23.872651019865874,20,36.193198565677555,36.139135451818206,1.122170750514993,32.75079008,38.906644099999994,0.4558430578965493,12.902199539762536,1.0
Y2024_LAT23.87281_LON90.44191,2024,90.44190755228512,23.87281448604507,20,34.30959873400256,34.17388270700002,1.4306740102957825,31.224644150000017,38.95620539000001,0.5356495863114077,11.931599919529317,1.0
Y2024_LAT23.87298_LON90.45172,2024,90.45171990414154,23.87297732794404,20,32.88149389908561,32.82808005725003,0.8780918939289508,30.368430139999987,35.95347482,0.5526550371532534,13.167100196588468,1.0
Y2024_LAT23.87314_LON90.46153,2024,90.46153234339499,23.873139545423033,20,32.12652968613991,32.070071785409866,0.5537709316295556,30.52565906000001,34.049637680000046,0.6330359698643269,11.954752548970456,0.9663901168776116
Y2024_LAT23.8733_LON90.47134,2024,90.471344869614,23.87330113850247,20,32.06185699563001,32.01955671434785,0.8172397796497325,30.040300220000006,34.463218100000034,0.6088979375072692,9.367842897581056,0.22345694098028374
Y2024_LAT23.87611_LON90.11795,2024,90.11795131142644,23.876111533173482,20,34.693495376719156,34.60164791000002,0.7426704373443809,32.94561722000003,36.71911130000001,0.5714056627187127,12.383305451893772,0.5074460096281186
Y2024_LAT23.8763_LON90.12776,2024,90.12776126928469,23.876295044659045,20,35.021540863430424,34.98114134872729,0.970662038652324,31.328893760000028,37.633431650000006,0.5800248177941175,13.095297759173853,1.0
Y2024_LAT23.87648_LON90.13757,2024,90.13757132564852,23.876477932361663,20,33.092917195550015,32.925008570000024,1.2898165637682295,30.488060840000003,36.281604740000034,0.594791587094051,14.45639744187036,1.0
Y2024_LAT23.87666_LON90.14738,2024,90.14738148013728,23.876660196054146,20,32.509941464248975,32.29603805545457,0.9880912556034668,30.744412340000025,36.60802565,0.6024976278065658,14.33759922070498,1.0
Y2024_LAT23.87684_LON90.15719,2024,90.15719173245301,23.876841835856744,20,33.13884069551099,32.73540899000002,1.4263600100357694,30.773465509999994,38.50844477000001,0.5258801082651355,13.593199521411213,1.0
Y2024_LAT23.87702_LON90.167,2024,90.1670020822725,23.877022851766043,20,32.1163718042375,32.10958887528304,0.8367190219339987,29.89503437000002,34.67171732000003,0.6400337432107819,12.360894639504211,1.0
Y2024_LAT23.8772_LON90.17681,2024,90.17681252922719,23.87720324365502,20,32.469924417221655,32.27098552250002,1.0105806927859247,30.604273519999992,35.31772310000002,0.6259054266368679,12.290199164940226,1.0
Y2024_LAT23.87738_LON90.18662,2024,90.18662307289256,23.877383011578214,20,32.312007810894656,32.39046955373136,0.7785635721718862,29.585703560000013,34.74520475000003,0.607922360911354,11.738202044943602,1.0
Y2024_LAT23.87756_LON90.19643,2024,90.19643371310634,23.877562155429512,20,31.11526869827032,31.195163727500017,0.776415535481603,29.45923682,33.26349307999999,0.6909804002155084,9.721701043299051,1.0
Y2024_LAT23.87774_LON90.20624,2024,90.20624444949506,23.877740675279334,20,31.418926955600487,31.29813158000002,1.1618674396944486,29.45923682,35.64414400999999,0.6770140182282248,9.285600336000412,1.0
Y2024_LAT23.87792_LON90.21606,2024,90.21605528152162,23.877918571034517,20,30.9585401709509,30.88198764500002,0.7810729850614431,29.613047720000054,33.58136894000006,0.7060105975424744,9.097500114706014,1.0
Y2024_LAT23.8781_LON90.22587,2024,90.22586620916908,23.87809584263195,20,32.087394979089424,32.10767193758622,1.0059723850236297,30.11891467999999,34.14534223999999,0.6397177500724801,9.381799443762118,1.0
Y2024_LAT23.87827_LON90.23568,2024,90.235677231866,23.87827249018192,20,31.911603137615955,31.807172415714298,0.6914461825575097,30.535913120000032,33.957351140000014,0.6406793719665955,10.304800358588695,1.0
Y2024_LAT23.87845_LON90.24549,2024,90.24548834936337,23.87844851361341,20,31.797799814706053,31.743613519999997,0.7274572100953128,30.300069740000026,33.86164658000001,0.691187728947811,10.041001224707331,1.0
Y2024_LAT23.87862_LON90.2553,2024,90.25529956130038,23.87862391286281,20,33.19855215970261,33.04815782000002,1.1457599635520717,30.946075520000022,37.20788816000004,0.6312940612927833,9.537602529894288,1.0
Y2024_LAT23.8788_LON90.26511,2024,90.26511086739242,23.878798687852132,20,33.23986871130909,33.266134277272755,0.8669530866772533,31.48954070000002,35.5569845,0.6424534857523561,10.659601952472896,1.0
Y2024_LAT23.87897_LON90.27492,2024,90.27492226729622,23.878972838677736,20,33.913320546626366,33.82632704000002,0.985974568933841,31.56302813000002,36.63024278,0.6440260480137354,10.914199899058719,1.0
Y2024_LAT23.87915_LON90.28473,2024,90.28473376062148,23.87914636523858,20,34.92772985537216,34.65698812041238,1.625988180075513,31.776654380000025,40.28410616000002,0.5925120860079475,13.01640478308137,1.0
Y2024_LAT23.87932_LON90.29455,2024,90.2945453470586,23.879319267580957,20,36.88324184987035,36.70295338727274,1.3731826779433913,33.71808973999998,40.36955666000006,0.4903103438606713,13.361800425647541,1.0
Y2024_LAT23.87949_LON90.30436,2024,90.30435702627162,23.87949154556289,20,36.472852472969436,36.54000705200003,1.2888990439552086,33.495918440000025,40.687432520000016,0.5102527431761693,13.654498417056992,1.0
Y2024_LAT23.87966_LON90.31417,2024,90.3141687979401,23.87966319926252,20,36.43414327405695,36.42075123161292,1.5674987729996532,33.755687960000046,40.687432520000016,0.5141725768730084,13.16339841599258,1.0
Y2024_LAT23.87983_LON90.32398,2024,90.32398066170884,23.879834228654786,20,34.66244335627155,34.40112407000002,1.7377362555547464,31.39041812000005,41.88544853000002,0.5596800141419735,11.236799102116619,1.0
Y2024_LAT23.88_LON90.33379,2024,90.33379261725966,23.880004633649552,20,34.475747719545204,34.45381854500001,1.3862671835581253,30.71706818000004,38.411031200000025,0.535132888928307,12.58400186353162,1.0
Y2024_LAT23.88017_LON90.3436,2024,90.3436046642828,23.880174414292746,20,34.321921506732565,34.279360419534896,1.183829233953293,30.894805220000023,39.03994688,0.5104376608021348,11.08709570397981,1.0
Y2024_LAT23.88034_LON90.35342,2024,90.35341680239053,23.880343570500127,20,34.9846304114724,34.06458374927275,2.9859544280352197,31.181918900000028,47.899454719999994,0.4746230035224028,11.401775081637968,0.866985876580164
Y2024_LAT23.88051_LON90.36323,2024,90.3632290312946,23.880512102303292,20,37.878654839879594,37.307911186129054,2.4027529176188644,32.30302946000003,48.52153436000003,0.4372510458781442,12.36950161117838,1.0
Y2024_LAT23.88068_LON90.37304,2024,90.37304135059024,23.880680009676105,20,39.140726131825204,38.837460843333346,2.3028206163562674,34.62899207000001,46.20411680000001,0.32911701038823954,10.496802337893374,1.0
Y2024_LAT23.88085_LON90.38285,2024,90.38285375999334,23.880847292551543,20,39.004448911103744,39.1035281430569,1.389067992388218,35.625344900000016,43.896953300000035,0.26009615530140334,9.136800160941391,1.0
Y2024_LAT23.88101_LON90.39267,2024,90.39266625919572,23.881013950935998,20,37.727571469257846,37.73799198909092,0.9854990266389156,35.20834646000003,40.78826411000003,0.2479351724595614,9.191307154082159,0.7674206585644263
Y2024_LAT23.88118_LON90.40248,2024,90.40247884781476,23.881179984723175,20,37.57968476254509,37.82877149300003,1.1574667933947995,34.347005420000016,40.97454620000002,0.2928858647596896,11.823063433922151,0.5284820770447356
Y2024_LAT23.88135_LON90.41229,2024,90.41229152550925,23.88134539401079,20,36.79015885023975,37.17370796,1.6391089457891246,32.972961380000015,40.64983430000001,0.349409054290872,10.935397959281245,0.7485933137661981
Y2024_LAT23.88151_LON90.4221,2024,90.42210429197655,23.881510178808302,20,35.33130410574479,35.266452800000025,1.5664896724309236,31.56815516000006,38.86220983999999,0.4666687984275638,11.525300618000747,1.0
Y2024_LAT23.88167_LON90.43192,2024,90.43191714687842,23.88167433892366,20,35.30131035020037,34.970396625813954,1.493212533242413,32.337209659999985,40.410572900000034,0.4934640607977664,13.3976042240199,1.0
Y2024_LAT23.88184_LON90.44173,2024,90.44173008984653,23.881837874471696,20,34.92631746671418,34.79678577909091,1.1189529679862338,32.337209659999985,38.597313290000045,0.516304155874206,13.858099833058608,1.0
Y2024_LAT23.882_LON90.45154,2024,90.45154312062475,23.88200078537362,20,34.01601051226549,33.60268130000002,1.686852929948826,30.16334893999999,40.32170438000003,0.5438037959444705,13.581400684000835,1.0
Y2024_LAT23.88216_LON90.46136,2024,90.46135623874355,23.882163071670725,20,32.515724357802846,32.41206429800002,0.6757549069166899,30.922149380000008,34.68538940000002,0.6060974826575388,10.599485673576478,0.6265554745081836
Y2024_LAT23.88495_LON90.10794,2024,90.1079408244057,23.884948269171346,20,34.0617967538826,34.24446482000002,0.5534443652587305,32.84649464000006,34.83407327000003,0.5903215718138902,14.878787878787879,0.016936587591240847
Y2024_LAT23.88513_LON90.11775,2024,90.11775136173655,23.885132482546023,20,33.57365970346397,33.608713100000024,0.7122702765932898,31.65702368000001,36.05772443000001,0.6091749299239532,14.878758792387144,0.9541847635538827
Y2024_LAT23.88532_LON90.12756,2024,90.12756199790492,23.88531607182513,20,33.9912510168076,34.23651792350002,1.2479692991673248,31.106722460000015,36.92761052000003,0.5610858455694027,14.838701593889807,1.0
Y2024_LAT23.8855_LON90.13737,2024,90.13737273264519,23.885499036955927,20,33.7396357687739,33.466450964545466,1.8678918309378671,30.488060840000003,38.510153779999996,0.6002581873500903,14.656501912950151,1.0
Y2024_LAT23.88568_LON90.14718,2024,90.14718356552991,23.885681377975942,20,33.092984589168395,32.85159701023192,1.4745442167957894,29.794202780000006,37.86756602000003,0.6143656041371999,12.69229384608866,1.0
Y2024_LAT23.88586_LON90.15699,2024,90.15699449619838,23.88586309480321,20,33.699053742003784,33.40704992000002,1.6567773686971676,30.498314900000025,38.56142408000005,0.5157037351925798,13.622093515734168,1.0
Y2024_LAT23.88604_LON90.16681,2024,90.16680552444365,23.886044187363694,20,32.31767200086884,32.23140183500002,0.8350942501662334,30.582056390000048,34.839200300000016,0.6178235319408155,13.001895303036697,1.0
Y2024_LAT23.88622_LON90.17662,2024,90.17661664984978,23.886224655768682,20,32.381752426560716,32.07570949696204,1.0197517746436127,30.549585200000024,36.80114378000002,0.6500748369706064,11.537493117614645,1.0
Y2024_LAT23.8864_LON90.18643,2024,90.18642787196937,23.88640449980139,20,32.9407393286396,32.89034142781252,1.0009501403193188,30.959747600000014,37.447149560000014,0.6252813016812983,11.218503381192367,1.0
Y2024_LAT23.88658_LON90.19624,2024,90.19623919080364,23.886583719668685,20,32.21011567016624,32.26397081327275,0.9342611705439758,29.97877586000004,34.10090797999999,0.6531150163247861,10.385000635297112,1.0
Y2024_LAT23.88676_LON90.20605,2024,90.20605060561063,23.886762315116666,20,32.378173338647365,32.672175620000026,1.548903931805287,29.431892660000017,35.99790908000003,0.6152217764530814,9.589598068696773,1.0
Y2024_LAT23.88694_LON90.21586,2024,90.21586211628791,23.886940286283938,20,31.9237344592144,31.700859786500025,1.2260820752977393,29.749768520000032,36.134629880000034,0.6451097354398058,9.136595936922065,1.0
Y2024_LAT23.88712_LON90.22567,2024,90.22567372246279,23.887117633117875,20,32.4308864700926,32.41993457002232,0.9718052165828479,29.951431700000057,34.333333340000024,0.6252019412167307,9.491197605635767,1.0
Y2024_LAT23.88729_LON90.23549,2024,90.2354854238705,23.887294355538742,20,31.9265747808507,31.92777969285716,0.6399957815601418,30.40944638000002,33.786450140000056,0.6534525541533138,9.354996964691571,1.0
Y2024_LAT23.88747_LON90.2453,2024,90.24529721996404,23.887470453492192,20,32.08693037750786,32.091482505500025,0.6799264576732934,30.566675300000043,34.044510650000035,0.6834225389196732,9.632102974602212,1.0
Y2024_LAT23.88765_LON90.25511,2024,90.25510911064741,23.887645927057292,20,33.22669360677839,33.23504309000001,0.9489896609568085,30.727322240000035,35.23910864000004,0.638748518160365,9.34969929270254,1.0
Y2024_LAT23.88782_LON90.26492,2024,90.26492109546471,23.887820776209647,20,33.80074793774926,33.70316438600002,1.0791913794355867,31.267369400000007,36.41490752000004,0.5955077363011532,10.59850281648383,1.0
Y2024_LAT23.888_LON90.27473,2024,90.27473317411365,23.88799500083301,20,33.71580212686211,33.546039207645094,0.9006966945074083,31.56302813000002,36.24400652000003,0.6491829925486715,10.828399192466776,1.0
Y2024_LAT23.88817_LON90.28455,2024,90.28454534613876,23.888168600941068,20,34.80808273070326,34.82272056071429,0.7888403008807209,32.70293780000003,36.62682475999998,0.5585129143692259,12.412600765180057,1.0
Y2024_LAT23.88834_LON90.29436,2024,90.2943576114211,23.888341576523093,20,35.86814185017617,35.53350418869568,1.5233939035091066,33.34210754000003,42.90914552000004,0.5161211169708548,13.727701071534476,1.0
Y2024_LAT23.88851_LON90.30417,2024,90.30416996947874,23.888513927549504,20,36.15991225248501,36.079067182790716,1.249530122677746,34.00862144000001,39.99015644000002,0.5373124078620555,14.851499301173135,1.0
Y2024_LAT23.88869_LON90.31398,2024,90.31398242003155,23.888685654084437,20,38.6146398135453,38.404195160000015,2.112407958847284,34.25130086000004,47.77640600000001,0.4444279415214257,14.163603122838206,1.0
Y2024_LAT23.88886_LON90.32379,2024,90.32379496267446,23.888856755916844,20,37.28259441140253,37.3438859173077,1.6177539071424862,33.49250042,42.375934400000006,0.45025044210536813,9.693589146301834,1.0
Y2024_LAT23.88903_LON90.33361,2024,90.3336075971591,23.88902723312417,20,34.169870802828,33.77826488157897,1.9848342931854976,30.542749160000028,39.42276512000001,0.49716838553130993,11.159600751062333,1.0
Y2024_LAT23.8892_LON90.34342,2024,90.34342032310458,23.8891970857695,20,33.11898873023814,33.17105117545456,1.1138825369142993,29.086672640000018,36.81139784000001,0.4244342807300063,12.512801236711677,1.0
Y2024_LAT23.88937_LON90.35323,2024,90.35323314018162,23.889366313710504,20,32.463597847063156,32.50583198000002,0.6225835114279873,30.864043040000013,34.748622770000026,0.5322292346532892,12.836639450732974,0.3942786069651727
Y2024_LAT23.88953_LON90.36305,2024,90.36304604804593,23.889534916892327,20,36.53472212795828,36.34536454611609,1.5724277962597253,32.30302946000003,40.742120839999984,0.4405246704270603,11.71883688600556,0.8989632374857678
Y2024_LAT23.8897_LON90.37286,2024,90.37285904640676,23.889702895410892,20,39.315481156508056,39.61246523000002,1.4968679216207532,34.599938899999984,42.56392549999998,0.3383017358337026,11.449800940239689,1.0
Y2024_LAT23.88987_LON90.38267,2024,90.38267213493529,23.88987024918704,20,39.425915907617345,39.45596874285716,1.1140253639571231,35.65610708000003,43.42526654000005,0.2794495403173825,11.310244835729835,0.9527892105900274
Y2024_LAT23.89004_LON90.39249,2024,90.39248531317736,23.890036978215416,20,37.66401606580814,37.73400688850001,1.275377039795101,35.23910864000004,41.806834070000036,0.2681562422442108,12.420475600642861,0.3523629857809639
Y2024_LAT23.89037_LON90.41211,2024,90.41211193769273,23.890368561872727,20,34.50593479068449,34.43929195999999,0.17101964007026615,34.32649730000003,34.746913759999984,0.35755239976865427,9.0,0.0021191837427827404
Y2024_LAT23.89053_LON90.42193,2024,90.42192538342933,23.890533416443915,20,33.46616915845321,33.366344409090914,0.8863267296485438,31.56815516000006,37.218142220000004,0.6022073899832229,10.59197922600988,0.27175157515751497
Y2024_LAT23.8907_LON90.43174,2024,90.4317389174173,23.89069764620837,20,34.12738023012026,34.100419691428606,0.7746357479836624,32.220996979999995,36.03892532000003,0.554939698247095,10.903290336471654,0.91217977560188
Y2024_LAT23.89086_LON90.44155,2024,90.44155253969976,23.890861251127227,20,33.33849598878629,33.35255149000002,0.7501944640528758,31.56815516000006,35.331395180000015,0.5662909147307792,11.829299196702115,1.0
Y2024_LAT23.89102_LON90.45137,2024,90.45136624966206,23.891024231067785,20,32.76644773536324,32.73974724615386,0.698283265671361,30.935821460000057,34.480308200000024,0.5994372568425935,12.51720243389378,1.0
Y2024_LAT23.89119_LON90.46118,2024,90.46118004702986,23.891186586033598,20,32.07637421558238,32.03705394751362,0.5754713698328746,30.52565906000001,33.96760519999998,0.6381402005556299,11.092354104192834,0.6008217822854631
Y2024_LAT23.89397_LON90.10774,2024,90.10774009725942,23.893969128205097,20,33.39100585429314,33.33064421324059,0.8758185796433172,31.058870179999985,36.117539780000016,0.5892442069763579,12.976430184418517,0.46251092486953665
Y2024_LAT23.89415_LON90.11755,2024,90.11755131324067,23.894153419720762,20,33.20470310101555,33.21993416658538,1.232149236253542,29.086672640000018,37.63855868000002,0.5163182108386399,14.126398972234085,1.0
Y2024_LAT23.89434_LON90.12736,2024,90.12736262809105,23.894337086837012,20,32.94082121557346,32.95328692341465,1.0675456524651266,30.771756500000038,37.14294577999999,0.5500127799336146,13.234399099293052,1.0
Y2024_LAT23.89452_LON90.13717,2024,90.13717404147403,23.894520129493834,20,33.97454986719745,33.63884050485716,1.548099278021842,30.973419680000006,38.968168460000015,0.5341617405745284,12.877197069162685,1.0
Y2024_LAT23.8947_LON90.14699,2024,90.14698555298556,23.894702547736294,20,33.871358121174374,33.63830033562502,1.0518470423769073,31.674113780000027,37.395879260000015,0.5462619610410865,13.353700416118134,1.0
Y2024_LAT23.89488_LON90.1568,2024,90.15679716250132,23.894884341569774,20,33.143174392082585,33.046448810000015,0.8444520204360652,31.202427020000016,36.49352198,0.6109237843321554,14.559398305174474,1.0
Y2024_LAT23.89507_LON90.16661,2024,90.16660886945022,23.895065510912552,20,32.27268800002985,32.29756062800004,1.3265056869642753,30.10695161000001,35.25278072000003,0.6430051293421687,13.410694873858246,1.0
Y2024_LAT23.89525_LON90.17642,2024,90.17642067357016,23.895246055750324,20,33.33117924460284,33.35893471538462,1.1155378777683849,30.3957743,36.66955001000002,0.6377362777455611,12.398199291999159,1.0
Y2024_LAT23.89543_LON90.18623,2024,90.1862325746454,23.8954259761038,20,32.41101146778586,32.48442298651163,0.9462239522451767,29.913833479999994,34.545250580000015,0.6463053525014836,10.992499991176457,1.0
Y2024_LAT23.89561_LON90.19604,2024,90.19604457221276,23.895605271762815,20,31.04121494593495,30.86233403000001,0.9022030011505262,29.57544949999999,34.07014579999998,0.7046243330146662,10.565597955755097,1.0
Y2024_LAT23.89578_LON90.20586,2024,90.20585666596777,23.895783942944398,20,32.64149573194422,32.673884630000025,1.1265616688894677,30.31374182000002,35.64927104000003,0.6406901561455262,11.014100016588248,1.0
Y2024_LAT23.89596_LON90.21567,2024,90.21566885557635,23.895961989555126,20,33.29066030297064,33.327367328750015,1.3688660297472304,30.58718342000003,36.36363721999999,0.5717527987657367,11.869101022471794,1.0
Y2024_LAT23.89614_LON90.22548,2024,90.22548114066961,23.896139411474614,20,32.887218269973275,32.89165194269233,1.0288534348775984,30.371848160000013,35.86973333,0.6170169684144554,12.2445082094504,1.0
Y2024_LAT23.89632_LON90.23529,2024,90.23529352093622,23.896316208777705,20,32.59195084242771,32.48725578434784,0.9943564381001679,30.535913120000032,35.91245858000002,0.586569867367945,10.29940035223571,1.0
Y2024_LAT23.89649_LON90.24511,2024,90.24510599617967,23.8964923814273,20,32.6135589348334,32.54557989811323,0.8423497197548918,30.310323799999992,35.32455914000002,0.6784566865150982,9.281700331412154,1.0
Y2024_LAT23.89667_LON90.25492,2024,90.25491856583866,23.896667929349793,20,32.377191055394945,32.33009648324326,0.8912529882600904,30.488060840000003,34.623865040000055,0.680598520840412,9.190896192452671,1.0
Y2024_LAT23.89684_LON90.26473,2024,90.26473122968088,23.896842852513508,20,34.47138949764582,34.54502766565219,1.0364645704941744,31.328893760000028,37.019897060000005,0.5425468594641438,11.282300332118043,1.0
Y2024_LAT23.89702_LON90.27454,2024,90.27454398737359,23.897017150956458,20,33.79672037127481,33.63866350025001,1.0122812433750874,31.81767062,36.838742000000025,0.642656533949023,10.888699869058664,1.0
Y2024_LAT23.89719_LON90.28436,2024,90.28435683861467,23.897190824658555,20,33.987136634284255,34.07869085000001,0.7328360171096133,30.693142039999998,35.73130352000001,0.5809759579079243,12.78440133835925,1.0
Y2024_LAT23.89736_LON90.29417,2024,90.29416978297067,23.89736387356079,20,35.460410865169976,35.34319702264153,1.5681704473858875,32.42607818000005,40.64641628000001,0.5278522957260455,13.82509979423505,1.0
Y2024_LAT23.89754_LON90.30398,2024,90.30398282021284,23.897536297686035,20,35.32931320527182,35.10922388000002,1.1554882540842761,33.07892000000001,39.737222960000054,0.5712079259317941,14.223299086234208,1.0
Y2024_LAT23.89771_LON90.3138,2024,90.31379594996622,23.897708096862914,20,35.667314705717594,35.33950202230771,1.5059900976914715,32.96099831000001,40.95232907000002,0.5346741963561269,13.861201699772712,1.0
Y2024_LAT23.89788_LON90.32361,2024,90.32360917178374,23.897879271231613,20,37.5971520373175,37.67216921000004,1.3609877146141955,34.152178280000044,41.58295376000001,0.3994304993114936,12.756900890471636,1.0
Y2024_LAT23.89805_LON90.33342,2024,90.33342248558723,23.89804982073345,20,35.873482598750336,35.73358220000003,2.3934576744369815,31.429725350000012,42.59810570000002,0.38477274885007684,11.277500326470976,1.0
Y2024_LAT23.89822_LON90.34324,2024,90.34323589076368,23.89821974529185,20,32.80635410585214,32.65743600983682,1.69618272115613,29.83863703999998,39.400547990000035,0.466411161353889,12.632632917189813,0.904118684362707
Y2024_LAT23.89839_LON90.35305,2024,90.35304938721862,23.898389044927477,20,32.90887341508052,32.71660988000002,1.1387111283065503,31.14773869999999,34.81185614,0.3390618103228907,13.558034304956319,0.033798899570711645
Y2024_LAT23.89856_LON90.36286,2024,90.36286297439925,23.898557719634137,20,35.754671664653024,35.69199629000002,0.9556104189833585,33.86164658000004,37.57190729000001,0.3682663566187808,12.0,0.0076051957620604516
Y2024_LAT23.89873_LON90.37268,2024,90.37267665208984,23.898725769381308,20,36.659829410774336,36.85425853027379,1.7872656612633093,32.95587128,40.164475460000006,0.37633660741220726,11.910073861304898,0.17485201793721966
Y2024_LAT23.89889_LON90.38249,2024,90.38249041997798,23.898893194068872,20,38.33968079351817,38.64858359000004,1.9220261038584807,33.54035270000003,42.17427122000004,0.3088997095027625,11.655468255224823,0.3668413945316468
Y2024_LAT23.89972_LON90.43156,2024,90.43156059992621,23.899720941693886,20,33.72440001550556,33.77875959500001,0.5334638600716023,32.921691080000016,35.396337560000035,0.572831162970863,10.22969613259669,0.07742873846768102
Y2024_LAT23.89988_LON90.44137,2024,90.44137490170039,23.89988461582515,20,33.04743578629238,32.61562870745695,1.2846194673030245,30.98709176,36.26280563000003,0.5725257913179639,10.818291908592824,0.5514317582128017
Y2024_LAT23.90005_LON90.45119,2024,90.45118929121746,23.900047664867294,20,31.710734156266223,31.604024184842544,0.45018908698552795,30.805936700000018,32.94219920000003,0.6403108363809007,11.239006060606064,0.1485763682532821
Y2024_LAT23.90021_LON90.461,2024,90.46100376822567,23.900210088743844,20,32.11101565869041,32.08085816000005,0.2542843770181164,31.612589420000006,32.63457740000001,0.6478574813045622,11.0,0.03725697899613738
Y2024_LAT23.90262_LON90.08792,2024,90.0879157791817,23.902619362338964,20,32.98355673387019,33.09259208000003,0.5817141500718551,31.75272824000001,33.926588960000004,0.6192235811230449,13.0,0.014345937568868348
Y2024_LAT23.9028_LON90.09773,2024,90.09772747523351,23.902804981100473,20,32.963411754942776,33.04571637714288,1.0611346262312473,30.96658364000001,37.00622498000001,0.5982800484590759,12.950966945549313,0.6815586619495524
Y2024_LAT23.90299_LON90.10754,2024,90.10753927088368,23.902989975253977,20,32.66779291811683,32.577116453006155,1.0516443245475855,30.416282420000016,35.5569845,0.6050701916731218,11.73303612474212,0.9939782721891811
Y2024_LAT23.90317_LON90.11735,2024,90.117351165922,23.90317434474127,20,33.748778579257596,33.669124616279085,1.1683825921593383,30.69997808000005,38.42470328000002,0.5602077194956684,12.70500082941276,1.0
Y2024_LAT23.90336_LON90.12716,2024,90.12716315965166,23.903358089657306,20,33.825436815643776,33.80140397750002,1.2046658223740896,31.24686128000002,37.724009179999996,0.5568984802698816,11.437400514588862,1.0
Y2024_LAT23.90354_LON90.13698,2024,90.1369752521041,23.903541209896854,20,32.99137018848078,32.95572886250002,0.8903151606266438,30.70681411999999,36.635369810000014,0.5940299741089181,11.484099925176157,1.0
Y2024_LAT23.90372_LON90.14679,2024,90.1467874426553,23.903723705491075,20,33.569106451095834,33.42219796318184,1.1189591648744954,31.09646840000005,36.72423833000005,0.556733394270324,13.616701902002246,1.0
Y2024_LAT23.90391_LON90.1566,2024,90.15659973118292,23.903905576283538,20,32.67468194442113,32.76533760386233,0.9277141856243235,30.36159410000002,34.692225440000016,0.6193089234555186,13.044400052235387,1.0
Y2024_LAT23.90409_LON90.16641,2024,90.16641211728204,23.904086822344457,20,33.26911399610829,33.295554107600026,0.9165881519292395,30.764920459999985,35.327977160000046,0.6142809706950639,12.568897971284589,1.0
Y2024_LAT23.90427_LON90.17622,2024,90.17622460057586,23.904267443610873,20,32.68469385752523,32.795224340000026,1.1191989276714644,29.500253059999977,36.24571553000004,0.6555101318551925,13.075000088235438,1.0
Y2024_LAT23.90445_LON90.18604,2024,90.1860371806879,23.904447440139403,20,32.80448253658494,32.82732931357145,0.8752524471035843,30.925567399999977,35.49546013999998,0.6290186870069642,12.088500104117802,1.0
Y2024_LAT23.90463_LON90.19585,2024,90.19584985746877,23.90462681183442,20,33.59214540459285,33.340459566071424,2.3756261899340214,30.122332700000015,40.86858758000005,0.6001150785145659,11.12299351996954,1.0
Y2024_LAT23.90481_LON90.20566,2024,90.20566263040952,23.904805558711846,20,33.81141922166973,33.70197621714287,1.3529527249821522,30.94949354000005,37.806041660000005,0.5859951074738018,12.09459893482232,1.0
Y2024_LAT23.90498_LON90.21548,2024,90.21547549931775,23.90498368072012,20,36.593982535450095,36.83744166630437,1.5460518243549144,31.561319120000007,40.05509882000001,0.4437367153512706,11.412200484941753,1.0
Y2024_LAT23.90516_LON90.22529,2024,90.22528846370547,23.905161177852765,20,35.64781417249021,35.71925708365857,1.6205651104941876,31.157992760000013,41.63764207999998,0.5043394914850672,11.157793683735003,1.0
Y2024_LAT23.90534_LON90.2351,2024,90.23510152327206,23.905338050015168,20,34.09911925966931,33.842334767000025,1.4536917473192055,31.157992760000013,39.43985522000003,0.5458741271030134,12.934398746351492,1.0
Y2024_LAT23.90551_LON90.24491,2024,90.24491467776171,23.905514297304098,20,33.90196247894174,33.841514442200015,1.8261025959785884,30.908477300000015,40.90276777999998,0.5710242969621798,12.55100182470804,1.0
Y2024_LAT23.90569_LON90.25473,2024,90.25472792682538,23.90568991954032,20,35.70644832763309,35.67469256375001,1.7180060109776725,32.14238252000001,39.68766167000004,0.4920828074489072,11.355194612680549,1.0
Y2024_LAT23.90586_LON90.26454,2024,90.26454127009222,23.90586491690071,20,34.98837379590932,34.82762564136367,0.9916888060679578,32.65679453000004,38.976713509999996,0.5411202753115756,13.665799606823075,1.0
Y2024_LAT23.90604_LON90.27435,2024,90.27435470717882,23.906039289197267,20,33.61690271973511,33.57798807239132,0.9095946898678896,31.55106506000004,36.86266813999998,0.6186691096304305,12.62130073094205,1.0
Y2024_LAT23.90621_LON90.28417,2024,90.28416823786657,23.906213036451277,20,35.62644643249977,35.4644189379592,1.7069425442169903,32.27568530000002,40.48235132000002,0.516710154216043,11.77460364519366,1.0
Y2024_LAT23.90639_LON90.29398,2024,90.29398186171044,23.9063861586221,20,37.67788996484673,37.47608065785716,1.8385647013403892,33.86164658000001,42.890346410000035,0.4404732515269434,13.520804142122515,1.0
Y2024_LAT23.90656_LON90.3038,2024,90.30379557837136,23.906558655724737,20,37.58693597167053,37.64991138928574,1.8941805864377366,32.480766500000016,41.897411600000055,0.43937282587639154,13.733998510586511,1.0
Y2024_LAT23.90673_LON90.31361,2024,90.31360938772924,23.906730527740624,20,36.408627976486954,36.22371202625001,1.7814864553058471,32.35771778000003,43.00143206000001,0.4776682361904996,12.457890390072455,1.0
Y2024_LAT23.9069_LON90.32342,2024,90.32342328917473,23.90690177465683,20,36.85543601535537,36.969481265000006,1.754337472460341,30.952911560000018,43.597876550000024,0.3965180256457067,11.668697257290923,1.0
Y2024_LAT23.90707_LON90.33324,2024,90.333237282474,23.90707239642108,20,32.55435330402204,32.28302771333336,1.9176749590019713,29.125979870000037,38.99209460000003,0.4463603284944968,10.540900636353728,1.0
Y2024_LAT23.90724_LON90.34305,2024,90.34305136728841,23.907242392934382,20,31.24560905539084,31.202746536402216,0.5762143802096245,29.021730260000027,33.201968720000025,0.5822546667337081,11.927303465764973,0.8552031664913102
Y2024_LAT23.90741_LON90.35287,2024,90.35286554337758,23.90741176433192,20,32.7707585126316,32.54912690000003,0.6394344649523018,31.940719339999987,33.66681944000004,0.5661120228284402,12.636544190665342,0.003562117744440167
Y2024_LAT23.91127_LON90.06809,2024,90.06808904464485,23.911266771038225,20,35.73996087745945,35.16391220000003,2.804361950633095,31.25711534000004,43.47653684000002,0.44665820740361645,13.462524403700868,0.6831248278561378
Y2024_LAT23.91145_LON90.0779,2024,90.07790121976794,23.911453717955496,20,35.62441464208843,35.60120124963638,1.3562139140295366,32.593561160000036,40.90276777999998,0.5092648481745689,12.827541640576097,0.7179438304483686
Y2024_LAT23.91164_LON90.08771,2024,90.08771349513708,23.911640040153838,20,34.80753871334805,34.34256199400003,1.8323619630702797,31.756146260000037,42.34688123000001,0.4836234927061632,12.893309203172445,0.6759348206993543
Y2024_LAT23.91183_LON90.09753,2024,90.09752587049503,23.911825737522538,20,33.79001634392789,33.67556555000002,1.0771818725115148,31.598917340000014,37.7616074,0.5610731929849238,12.694298561404965,1.0
Y2024_LAT23.91201_LON90.10734,2024,90.10733834536826,23.912010810066647,20,33.65944086116401,33.85916074727276,1.3691760168646108,31.154574740000044,36.53112020000003,0.5904526920825872,12.297499047054309,1.0
Y2024_LAT23.9122_LON90.11715,2024,90.11715091963796,23.91219525767759,20,32.88063654392152,32.611315875000024,1.2834312096789153,30.805936700000018,37.38049817000004,0.6098182221094027,11.294396679513769,1.0
Y2024_LAT23.91238_LON90.12696,2024,90.12696359272061,23.912379080422376,20,34.023496236420804,33.77652333723407,1.6550055511000723,30.874297100000035,38.97158648000004,0.5245327109981176,11.095598096932196,1.0
Y2024_LAT23.91256_LON90.13678,2024,90.13677636446604,23.91256227816318,20,33.61866120153697,33.45453598357144,1.1342947912332269,31.128939590000016,37.9666886,0.5633826452354688,10.249992941143233,1.0
Y2024_LAT23.91274_LON90.14659,2024,90.14658923438279,23.912744850967222,20,33.96014682610632,33.40463430009618,1.9460560377733567,31.786908440000047,44.06785430000002,0.5459510350009443,12.042600200471496,1.0
Y2024_LAT23.91293_LON90.1564,2024,90.15640220232353,23.912926798802285,20,34.86400611581982,34.974924177500014,1.97081645737516,30.973419680000035,41.442814940000005,0.5415607010719646,12.910797227281035,1.0
Y2024_LAT23.91311_LON90.16622,2024,90.16621526782451,23.91310812164641,20,35.262227317229524,34.652688150961566,2.0751231573506614,31.78349042000002,43.69870814000001,0.5299686713755641,13.828702723306918,1.0
Y2024_LAT23.91329_LON90.17603,2024,90.17602843061668,23.91328881945634,20,34.42509149183344,34.164141350000016,2.417049507996451,30.968292649999995,44.15672282000003,0.5740407452122102,12.94659974870466,1.0
Y2024_LAT23.91347_LON90.18584,2024,90.18584169027079,23.91346889219602,20,34.35583125161133,34.34067953223883,1.3359462570751044,31.226353160000002,39.83292752,0.5589921812576583,12.918501969420994,1.0
Y2024_LAT23.91365_LON90.19566,2024,90.19565504647575,23.913648339915518,20,33.467751984963584,33.578927497142885,1.2643544221734746,30.710232140000045,38.07606524000005,0.5983957008731501,12.056700266824766,1.0
Y2024_LAT23.91383_LON90.20547,2024,90.20546849904862,23.91382716245591,20,33.09612754573044,32.78045154169494,1.5029710404175005,30.341085980000003,38.81948459000003,0.5821676813435714,12.813406180734942,1.0
Y2024_LAT23.91401_LON90.21528,2024,90.21528204750622,23.914005359878427,20,35.222226451092645,35.53193196704548,1.688439903450379,30.826444820000006,38.93398825999998,0.44241297901133886,13.303901430124387,1.0
Y2024_LAT23.91418_LON90.2251,2024,90.2250956914889,23.914182932130917,20,35.37707799831661,35.18543707278482,2.5712747594797465,30.54445817000004,48.224166620000034,0.4495486014527746,13.561599113407585,1.0
Y2024_LAT23.91436_LON90.23491,2024,90.23490943068923,23.91435987920369,20,36.80099028806303,36.654198902631585,1.7722187832181484,31.689494870000033,44.471180660000016,0.4017851024086357,14.658700746827007,1.0
Y2024_LAT23.91454_LON90.24472,2024,90.24472326485738,23.914536201057746,20,36.71378288534567,36.473969746949166,1.5820976652879748,32.83965860000001,43.76877754999998,0.4745287685989334,12.451699772704771,1.0
Y2024_LAT23.91471_LON90.25454,2024,90.25453719364454,23.914711897814605,20,36.08119872573562,36.20504109200003,1.4568105010154442,32.52007373000001,39.785075240000026,0.4678777870206635,13.584300396707727,1.0
Y2024_LAT23.91489_LON90.26435,2024,90.26435121660649,23.91488696920912,20,36.16011483747314,36.236868890000025,1.1653424852695058,33.23956694000003,39.10830728000002,0.5325247825599726,14.381499442350275,1.0
Y2024_LAT23.91506_LON90.27417,2024,90.27416533338909,23.915061415381363,20,34.93769711399592,34.95655232000003,1.3048129857277804,32.35942679000004,38.07435623000001,0.5658730011110271,13.8079038019002,1.0
Y2024_LAT23.91524_LON90.28398,2024,90.2839795439219,23.915235236192398,20,35.76337241720585,35.88894260240002,0.9678870162711338,32.467094419999995,38.462301500000024,0.5066387746534357,13.542106080499185,1.0
Y2024_LAT23.91541_LON90.29379,2024,90.2937938475782,23.91540843172261,20,36.863610184925385,36.63912963200002,1.5765213301548076,34.01545748000001,41.57611772000001,0.45702973282115866,13.625810003811793,1.0
Y2024_LAT23.91558_LON90.30361,2024,90.3036082440733,23.915581001930963,20,37.34466997194407,37.69880128250003,1.6061803601973845,33.75568796000002,41.48724920000001,0.4159059133715917,14.15259836516874,1.0
Y2024_LAT23.91575_LON90.31342,2024,90.31342273328266,23.91575294669763,20,39.118867419099516,38.97158648000002,1.666284043252833,34.717860590000015,45.47949656000003,0.34421559919271916,13.376597066339116,1.0
Y2024_LAT23.91592_LON90.32324,2024,90.32323731461811,23.915924266097917,20,36.088193794890934,36.34364180300001,1.8055103073121903,30.83328086000006,39.56973998000001,0.5152757576765542,13.675200824474436,1.0
Y2024_LAT23.91609_LON90.33305,2024,90.33305198782428,23.916094960058114,20,32.22804426066183,31.96951714068967,1.6600757116453608,28.679928259999997,39.11172529999999,0.494086062802839,12.658005449437386,1.0
Y2024_LAT23.91627_LON90.34287,2024,90.34286675264342,23.91626502868802,20,31.52498827158931,31.445106440000025,0.683795757639977,29.918960510000005,33.595041020000025,0.5754810929319006,12.168801970832774,1.0
Y2024_LAT23.91643_LON90.35268,2024,90.35268160867729,23.916434471708154,20,32.64309447264308,32.42607817999999,0.7483519131237344,31.335729800000024,34.770839900000055,0.5392025477076069,12.71708409122709,0.05123591317064765
Y2024_LAT23.92029_LON90.06789,2024,90.06788530164413,23.92028727869885,20,34.27739599764454,34.294023236104294,0.7417939016614281,32.35429976000003,37.09680251000003,0.5920964889649114,11.831454017097247,0.38373788334812914
Y2024_LAT23.92047_LON90.0777,2024,90.077698156294,23.920474304845623,20,33.98652640844315,33.76374472142859,1.3981236040399025,31.431434360000026,38.49819071000002,0.6266545738247895,11.328823053639494,1.0
Y2024_LAT23.92066_LON90.08751,2024,90.08751111119,23.92066070591179,20,34.63149845473913,34.40893190000003,1.829623050335458,31.387000100000023,39.576576020000005,0.44831514606867046,9.928695210229657,1.0
Y2024_LAT23.92085_LON90.09732,2024,90.09732416609907,23.920846481884332,20,33.81920391413068,33.593332010000026,1.5954545213222102,29.780530700000014,37.7616074,0.5570734295491087,10.41819696258466,1.0
Y2024_LAT23.92103_LON90.10714,2024,90.10713732055757,23.921031632657122,20,35.63768397608609,35.03831790308208,2.5663663822078377,31.10843147,45.96827342000003,0.4775652810622491,10.079288608416983,1.0
Y2024_LAT23.92122_LON90.11695,2024,90.11695057441325,23.921216158393985,20,34.63389345009652,34.345095350000015,1.9862928015712953,31.171664840000034,45.46924250000001,0.5835566556420086,10.054497711173777,1.0
Y2024_LAT23.9214_LON90.12676,2024,90.12676392713566,23.92140005884229,20,35.08419267071734,34.970496850869594,1.7235033974223497,30.959747600000014,39.641518399999995,0.5383760931389122,9.381896919878733,1.0
Y2024_LAT23.92158_LON90.13658,2024,90.13657737857478,23.9215833342621,20,34.0575960381803,34.11412432400002,1.1923248818809802,31.181918900000028,37.884656120000045,0.5786961157031572,9.035686050287298,1.0
Y2024_LAT23.92177_LON90.14639,2024,90.14639092827193,23.921765984405067,20,35.28407665460993,34.781777564000016,2.899534933826331,30.14625884000003,44.33445986000004,0.5296705671793055,9.693897286937979,1.0
Y2024_LAT23.92195_LON90.1562,2024,90.15620457582648,23.92194800928787,20,36.458048005632286,36.59499795081969,2.580791382467336,30.867461059999982,44.83690880000003,0.4648297127059273,10.476495854700998,1.0
Y2024_LAT23.92213_LON90.16602,2024,90.16601832120915,23.92212940888181,20,35.84283671357074,35.41146855097561,2.1516637087691404,32.825986520000015,44.867670980000014,0.48783850477088014,12.724196349159302,1.0
Y2024_LAT23.92231_LON90.17583,2024,90.17583216369981,23.922310183155794,20,33.929218996784535,34.20136804608697,1.4494550784699591,31.10501345,37.474493720000055,0.6004444923299158,12.108398951057586,1.0
Y2024_LAT23.92249_LON90.18565,2024,90.18564610319386,23.922490332086976,20,33.2394459841723,33.13978704846155,1.1052970510510023,30.843534919999996,37.559944220000006,0.5869408285935003,12.874899852823361,1.0
Y2024_LAT23.92267_LON90.19546,2024,90.19546013933515,23.9226698557382,20,33.47917525457777,33.32424061727275,1.5161024375920575,30.710232140000045,37.884656120000045,0.5989541292492224,11.707000974122234,1.0
Y2024_LAT23.92285_LON90.20527,2024,90.20527427173054,23.9228487540319,20,35.1633244124621,34.85196090800002,2.0097800591426727,30.55642124000002,41.42230682000002,0.5177400307272516,13.702904356358061,1.0
Y2024_LAT23.92303_LON90.21509,2024,90.21508850007542,23.923027026920437,20,34.62785424197301,34.59353011250003,1.8874613090338028,30.21120122000002,38.78017736000004,0.5356553389762833,13.89539870046906,1.0
Y2024_LAT23.9232_LON90.2249,2024,90.22490282402647,23.92320467436388,20,34.09229511415353,33.82212572375001,1.326416738723751,31.058870179999985,38.39735912000003,0.540869912465506,13.000190589132187,1.0
Y2024_LAT23.92338_LON90.23472,2024,90.23471724324217,23.923381696428333,20,35.28146265640051,34.83542248842108,2.0863103918318617,32.407279070000016,45.313722590000026,0.504925884745998,12.803997416467547,1.0
Y2024_LAT23.92356_LON90.24453,2024,90.24453175737668,23.923558092970506,20,34.83360328365463,34.73238717500002,1.3756124922518962,32.01591578,39.145905500000026,0.5152701652264846,13.106298948586998,1.0
Y2024_LAT23.92373_LON90.25435,2024,90.25434636615259,23.92373386398265,20,37.50287358112475,37.73680366027029,1.3602617935360695,33.137026340000034,40.69768657999998,0.4227863150772326,14.860601696949166,1.0
Y2024_LAT23.92391_LON90.26416,2024,90.26416106922473,23.92390900955616,20,38.04448692634086,38.22396581375,1.8110709454583143,32.34404570000004,41.750436740000055,0.3717192435058804,13.84709864364546,1.0
Y2024_LAT23.92408_LON90.27398,2024,90.27397586614127,23.92408352950021,20,36.20604181946446,36.17466954285717,1.5409173970571155,32.42266016000002,39.641518399999995,0.46880618513797173,12.244097934232853,1.0
Y2024_LAT23.92426_LON90.28379,2024,90.28379075666041,23.9242574239903,20,36.54709217394046,36.65416892000002,1.637751125352555,32.48760254000001,41.18988146000004,0.4679625070210936,12.512695353860508,1.0
Y2024_LAT23.92443_LON90.29361,2024,90.29360574054748,23.924430692810738,20,35.266521924509334,34.989593180000014,1.6848896171519843,32.48760254000001,38.81435756000002,0.5133825245395132,12.774699734940866,1.0
Y2024_LAT23.9246_LON90.30342,2024,90.30342081726704,23.924603336033616,20,37.87442126527378,38.09315534000002,1.6242403980308928,33.55744279999999,42.237504590000015,0.35952721003445876,14.006000007058832,1.0
Y2024_LAT23.92478_LON90.31324,2024,90.31323598660447,23.924775353675173,20,37.76056433401283,38.088516598571445,2.04043414377845,33.50959052000002,43.408176440000034,0.4244989158341825,13.995302330834502,1.0
Y2024_LAT23.92495_LON90.32305,2024,90.32305124818397,23.924946745615596,20,35.20522574777182,35.04753413193549,1.6566253429362026,32.067186080000056,39.64493642000002,0.5238457863927524,13.156600184235508,1.0
Y2024_LAT23.92512_LON90.33287,2024,90.33286660165298,23.925117511913353,20,32.546281310557106,32.17395575559325,1.3026153063444037,30.843534920000025,37.66932086000003,0.5293507404239887,13.407400479294687,1.0
Y2024_LAT23.92529_LON90.34268,2024,90.34268204675328,23.925287652394083,20,31.800324698094556,31.8592047418182,0.6617133877476705,29.209721360000003,34.40169374000004,0.49259739670312247,12.528302486129357,1.0
Y2024_LAT23.92546_LON90.3525,2024,90.35249758312685,23.925457167268462,20,32.753509505126,32.86700276000002,0.8339942931230632,31.202427020000016,34.770839900000055,0.4543017801985067,10.188595844997794,0.14579134102113364
Y2024_LAT23.92931_LON90.06768,2024,90.06768145807496,23.92930777409205,20,33.38799661022944,33.48785637108698,0.876041783229642,31.569864170000017,36.264514640000016,0.6531739517176713,10.381832540586801,0.5976135663564737
Y2024_LAT23.92949_LON90.07749,2024,90.0774949924864,23.92949487938198,20,33.36401670402922,33.67408273250002,1.0466097179999652,30.597437480000025,36.264514640000016,0.6411181669895777,10.018742555815962,1.0
Y2024_LAT23.92968_LON90.08731,2024,90.08730862722784,23.929681359316312,20,32.97356729311832,32.956127631500024,1.1189554092371727,30.566675300000014,37.16858093000002,0.5888511910085303,8.572100673059609,1.0
Y2024_LAT23.92987_LON90.09712,2024,90.09712236206408,23.929867213915298,20,32.98917243459294,33.07589636692308,1.138055287661304,30.23512735999998,35.92954868000004,0.5784688503692339,7.921601084236595,1.0
Y2024_LAT23.93005_LON90.10694,2024,90.10693619646736,23.930052443185215,20,32.9306839992895,32.92179789312502,0.969313046022094,30.87087908000001,35.45786192000003,0.6310349104278933,8.35340166306668,1.0
Y2024_LAT23.93024_LON90.11675,2024,90.11675013023752,23.930237046970703,20,32.74853103554273,32.64050196800002,1.0849425690172232,30.82302679999998,35.86118827999999,0.6572951646525876,9.018000021176512,1.0
Y2024_LAT23.93042_LON90.12656,2024,90.12656416296012,23.930421025382827,20,33.454243973018876,33.424140020000024,1.212490097642343,30.37868420000001,36.98229884,0.6004020764454033,8.264497958232914,1.0
Y2024_LAT23.9306_LON90.13638,2024,90.13637829441423,23.930604378231934,20,33.547285237190636,33.70916491000001,1.2378088093596196,30.399192319999997,36.838742000000025,0.6295506878180019,7.891685372637067,1.0
Y2024_LAT23.93079_LON90.14619,2024,90.14619252409949,23.930787105600274,20,33.03827028879008,32.672175620000026,1.532823425672256,30.057390320000025,37.41809639000002,0.573385581612518,10.33049803588006,1.0
Y2024_LAT23.93097_LON90.15601,2024,90.15600685182127,23.93096920750875,20,35.11938825306036,34.95643838600004,1.5180076983354163,31.674113780000027,38.91348014000005,0.5102057391748819,12.72030084741279,1.0
Y2024_LAT23.93115_LON90.16582,2024,90.16582127721317,23.93115068394927,20,34.3713111248649,34.39020337489363,1.002800806386607,31.422889310000016,37.927381370000006,0.5597641270205337,12.903399545409656,1.0
Y2024_LAT23.93133_LON90.17564,2024,90.17563579985985,23.931331534791155,20,33.54815984284716,33.545863385306156,1.1141692647819996,31.216099100000008,36.474722869999994,0.6031699844180232,12.73249850882179,1.0
Y2024_LAT23.93151_LON90.18545,2024,90.18545041956013,23.93151176005887,20,32.62763463923716,32.60637873500001,1.1764054585958872,30.108660620000023,35.94492976999999,0.661174461713768,10.70869965729372,1.0
Y2024_LAT23.93169_LON90.19527,2024,90.19526513579697,23.931691359646724,20,32.718584779027196,32.831151528000014,0.9547961989933459,30.26759855000003,35.73472154000001,0.653666420379136,11.129095901627807,1.0
Y2024_LAT23.93187_LON90.20508,2024,90.20507994855271,23.931870333590116,20,33.71416176690093,33.84142016494508,1.2842053489171061,30.399192320000026,39.07070906000001,0.5896892493940045,14.167301373295766,1.0
Y2024_LAT23.93205_LON90.21489,2024,90.21489485704817,23.932048681917674,20,32.734540632955,32.27088692576925,1.7108424589458566,29.86939922000002,38.60414933000001,0.6223929274917055,14.569400669883127,1.0
Y2024_LAT23.93223_LON90.22471,2024,90.22470986128958,23.932226404551212,20,33.17778175167707,33.01658860750001,1.3526879009764488,30.19752914000003,37.73084522000005,0.6040832165376191,13.036395465390461,1.0
Y2024_LAT23.9324_LON90.23452,2024,90.23452496079805,23.93240350148894,20,34.14225278459625,34.01141501403849,1.2357770839513729,31.80399854000001,39.634682360000056,0.5862443637523816,11.816297430938178,1.0
Y2024_LAT23.93258_LON90.24434,2024,90.2443401553406,23.9325799727201,20,33.900332159897076,33.82287903736844,0.8511517517578268,31.827924680000024,36.734492390000014,0.5736380590403177,12.707097302467433,1.0
Y2024_LAT23.93276_LON90.25416,2024,90.25415544444176,23.9327558182226,20,35.7833611666229,35.47033235234377,1.4067837839720438,32.972961380000015,40.882259660000045,0.5324962910702785,14.61899820705043,1.0
Y2024_LAT23.93293_LON90.26397,2024,90.26397082788185,23.93293103780714,20,38.992171185854815,39.08010861500002,1.3161667379532194,35.621926880000046,42.76558868000001,0.3788943735331301,13.74839852752771,1.0
Y2024_LAT23.93311_LON90.27379,2024,90.2737863052287,23.933105631695824,20,38.980624949916034,38.7803572557895,1.7872487501052445,33.62922121999998,44.39598422000006,0.36496008192202695,12.228999092940148,1.0
Y2024_LAT23.93328_LON90.2836,2024,90.28360187622492,23.933279599675004,20,39.72929074376409,39.8630682418182,1.3618423216880478,35.396337560000006,42.95357978000004,0.31771468066868075,13.341496901161923,1.0
Y2024_LAT23.93345_LON90.29342,2024,90.29341754059122,23.933452941948936,20,38.57034334331228,38.33327124500001,1.3589669357915952,35.81675402000002,42.67672016000006,0.3616764561402464,12.514797076231847,1.0
Y2024_LAT23.93363_LON90.30323,2024,90.303233297789,23.933625658220567,20,38.30911293169725,38.34831053300002,1.461135359178029,33.89582677999999,42.522909260000006,0.3996040039218488,13.209202599061893,1.0
Y2024_LAT23.9338_LON90.31305,2024,90.31304914771525,23.933797748639137,20,37.21813737644196,37.59621321000003,1.8824150523488994,33.50959052000002,41.97260804000001,0.4365494438450317,11.407306622619439,1.0
Y2024_LAT23.93397_LON90.32287,2024,90.32286508980216,23.933969213126904,20,33.91687078383792,33.89316832000002,0.7785734523995239,32.000534689999995,36.43883366,0.5569947114100245,11.150102529532392,1.0
Y2024_LAT23.93414_LON90.33268,2024,90.33268112394374,23.93414005168791,20,32.201723172813395,32.16630866000002,0.7217162536882957,30.52907707999998,34.21370264000001,0.5836516313500271,13.635499571175997,1.0
Y2024_LAT23.93431_LON90.3425,2024,90.34249724966791,23.934310264303605,20,32.15361645677558,32.17139684886365,0.7316188547971066,29.076418579999995,33.69074558,0.5101593279790564,12.716395503230968,1.0
Y2024_LAT23.93448_LON90.35231,2024,90.35231346652779,23.93447985089774,20,32.72511889011184,32.79398142363635,0.3869683030887452,31.86894092,33.66681944000004,0.45920043833887964,11.0,0.08165347481017705
Y2024_LAT23.93833_LON90.06748,2024,90.06747751374465,23.938328257252962,20,33.18392167288547,33.29767328000002,0.9933435072957959,30.65212580000002,35.62363589,0.6486004306946573,9.0822701078548,0.6414688611363824
Y2024_LAT23.93852_LON90.07729,2024,90.07729172843332,23.938515441761226,20,31.56237209024943,31.392632402521766,0.793463978504845,29.794202779999978,34.62044702000003,0.6982894701447975,8.004902376011195,1.0
Y2024_LAT23.9387_LON90.08711,2024,90.08710604329207,23.938702000645563,20,34.43004312229587,34.03480591464289,2.345829353691601,30.51369599000003,40.26359804000003,0.447045614404492,7.390704191549149,1.0
Y2024_LAT23.93889_LON90.09692,2024,90.09692045837127,23.938887933835517,20,32.83166318226615,32.403433797500014,1.515713219654102,30.58376540000006,39.76456712000004,0.5574603627346313,7.265201248005881,1.0
Y2024_LAT23.93907_LON90.10673,2024,90.10673497303367,23.939073241416285,20,33.342445231912194,33.294760194772756,0.9648710484734924,31.02810800000003,36.086777600000005,0.6088572812467288,8.325903886606529,1.0
Y2024_LAT23.93926_LON90.11655,2024,90.11654958707904,23.939257923351963,20,32.9703916280895,33.073060537142865,1.0060438653611983,30.799100660000022,35.26132577000004,0.6189495556201343,8.965704544491977,1.0
Y2024_LAT23.93944_LON90.12636,2024,90.12636430010852,23.939441979547208,20,33.17259744343469,33.14728040000004,1.238577063496581,30.37868420000001,35.97398294000004,0.5906435358786216,8.73470345742803,1.0
Y2024_LAT23.93963_LON90.13618,2024,90.1361791119022,23.939625410110324,20,32.60333038163447,32.61036642500002,1.048953978512755,30.399192319999997,35.676615200000015,0.5671748070849744,7.780794262561243,1.0
Y2024_LAT23.93981_LON90.14599,2024,90.14599402201988,23.93980821480279,20,33.90994321876533,33.86030178524592,1.0325016345731304,31.012726910000026,37.594124420000014,0.5870870543884736,10.331501560007341,1.0
Y2024_LAT23.93999_LON90.15581,2024,90.15580903010611,23.9399903938047,20,34.518626035221835,34.61069561000002,1.3970964048637835,31.677531800000025,38.91006212000002,0.5820250980511943,9.826701537418998,1.0
Y2024_LAT23.94017_LON90.16562,2024,90.1656241359553,23.94017194692044,20,34.452321439163065,34.39120395448277,1.7566696463428966,30.800809670000035,38.349506840000004,0.5783931626893918,11.666398430110275,1.0
Y2024_LAT23.94035_LON90.17544,2024,90.17543933906119,23.940352874256657,20,33.70176378821085,33.926442473428594,0.9600764013492278,30.999054830000034,35.69712332000003,0.6218801278420006,13.56549560233224,1.0
Y2024_LAT23.94053_LON90.18525,2024,90.18525463917793,23.940533175734274,20,32.244579957219564,31.641248203076945,1.2847610824589677,30.248799440000028,35.83726214000001,0.6708712998496311,12.294008442392661,1.0
Y2024_LAT23.94071_LON90.19507,2024,90.19507003610771,23.940712851366772,20,32.53349375195555,32.480641450487816,1.1519204637934983,29.871108230000033,36.074814530000026,0.6180774571906491,12.42480199906825,1.0
Y2024_LAT23.94089_LON90.20489,2024,90.20488552924164,23.9408919011051,20,33.17937715218936,33.169799120000015,1.1640080946769942,30.775174520000007,35.854352240000026,0.5878771827403874,14.64240537602531,1.0
Y2024_LAT23.94107_LON90.2147,2024,90.21470111838693,23.941070324893516,20,31.35062509860557,31.079378300000016,0.9933958788570151,29.86939922000002,36.083359580000035,0.6588379366153296,12.830696850338125,1.0
Y2024_LAT23.94125_LON90.22452,2024,90.22451680325467,23.94124812277844,20,31.744226878533066,31.4828361223077,1.061448621351518,29.95484972,36.083359580000035,0.6476131159714766,12.662996061157958,1.0
Y2024_LAT23.94143_LON90.23433,2024,90.23433258346124,23.941425294618774,20,33.16663000481756,32.95161693595746,1.3280357286223468,30.75466640000002,37.24548637999999,0.58457615229526,12.612295822568592,1.0
Y2024_LAT23.9416_LON90.24415,2024,90.24414845858257,23.94160184052209,20,33.01145161694082,32.79928633478262,0.9400436486144426,30.976837700000033,36.04234334,0.5555906912829871,13.149795999040009,1.0
Y2024_LAT23.94178_LON90.25396,2024,90.25396442841975,23.941777760279727,20,34.54440080395353,34.38859133000002,1.3608153118416884,31.643351600000017,37.86072998000003,0.5598190754129054,14.13099826352127,1.0
Y2024_LAT23.94195_LON90.26378,2024,90.26378049259982,23.94195305417155,20,37.32684333141185,37.08869566769232,1.6438238440988082,34.50765236000001,43.42526654000005,0.4587504072862827,13.892094786328416,1.0
Y2024_LAT23.94213_LON90.2736,2024,90.27359665073752,23.942127721924884,20,39.62258556436469,39.701333750000025,1.173689664537225,36.21837137,43.22018534000006,0.30837039735401794,12.525097765165967,1.0
Y2024_LAT23.9423_LON90.28341,2024,90.2834129024596,23.942301763599044,20,42.26894167127803,40.852491090465136,3.0950536647703677,38.20253198,50.75691944000005,0.2870932641709957,13.482599918117268,1.0
Y2024_LAT23.94248_LON90.29323,2024,90.29322924770673,23.942475179096554,20,39.16006262344782,39.264083541500014,1.1199549106630509,35.11605992,42.167435179999984,0.346477020409773,12.547693165614898,1.0
Y2024_LAT23.94265_LON90.30305,2024,90.30304568573182,23.942647968534864,20,38.31919091879131,38.53164367170215,1.5890730543803502,33.63263924000003,42.53316332000003,0.4226402487823178,11.38640181836151,1.0
Y2024_LAT23.94282_LON90.31286,2024,90.31286221645671,23.942820131722108,20,36.11947446482725,35.778935282580655,1.475915359652651,33.29083724000003,41.7436007,0.4921388160528077,10.333301568477998,1.0
Y2024_LAT23.94299_LON90.32268,2024,90.32267883952481,23.942991668730105,20,33.881421489037066,33.54643677560002,1.1627092710659819,31.199009000000046,38.48964566000001,0.5444141932512072,11.136910056047324,1.0
Y2024_LAT23.94316_LON90.3325,2024,90.33249555454867,23.943162579535592,20,32.822778274927636,32.98428776000001,1.0105764785220956,30.368430139999987,35.45102588000003,0.5587367838314594,12.25549884940637,1.0
Y2024_LAT23.94333_LON90.34231,2024,90.34231236127957,23.94333286412143,20,32.46883960509743,32.49307137200002,0.5853451457548082,29.961685760000023,33.81379430000004,0.5295022206340427,11.313734803464826,0.9841285133683739
Y2024_LAT23.9435_LON90.35213,2024,90.35212925913545,23.943502522483644,20,32.589036780894766,32.55938096,0.42564964643146525,32.02275182000005,33.530098640000006,0.5654772380726379,11.0,0.004026262533508043
Y2024_LAT23.94716_LON90.05746,2024,90.05745867441148,23.94716083880053,20,,,,,,,,0.0
Y2024_LAT23.94735_LON90.06727,2024,90.067273468832,23.94734872830013,20,33.524559965281455,33.35819129767968,1.144447124170222,31.42801634,37.21472419999998,0.6421409013867853,7.536587823140153,0.786107711138311
Y2024_LAT23.94754_LON90.07709,2024,90.07708836392115,23.94753599191719,20,32.29581906060307,32.14308485287672,0.8521330149457443,30.546167179999998,34.816983170000015,0.6969411598645953,7.027504835316883,1.0
Y2024_LAT23.94772_LON90.0869,2024,90.08690335938364,23.947722629629236,20,33.92375089825236,33.828985500000016,1.419937689620343,30.918731360000038,37.28992063999999,0.6042494819273019,7.778303268592076,1.0
Y2024_LAT23.94791_LON90.09672,2024,90.09671845494364,23.947908641565324,20,33.44910130254305,33.29807540000003,1.0486497263154395,30.508568960000048,36.63366080000003,0.6131919717574581,7.105000123529557,1.0
Y2024_LAT23.94809_LON90.10653,2024,90.10653365022651,23.948094027544432,20,32.881129645892116,32.703814215384625,0.9321923978434192,31.222935140000004,35.611672820000024,0.6382972175448199,8.172705518614208,1.0
Y2024_LAT23.94828_LON90.11635,2024,90.11634894491192,23.948278787560028,20,33.917141925630396,33.92176514145164,1.0678940918755528,31.157992760000013,37.06433132000001,0.5868132658406152,8.918202256708536,1.0
Y2024_LAT23.94846_LON90.12616,2024,90.12616433862213,23.948462921613686,20,33.79033438249773,33.704702495000014,1.025701782069421,31.44168842000002,37.08142142000003,0.6202124607101551,9.11910366953373,1.0
Y2024_LAT23.94865_LON90.13598,2024,90.13597983105984,23.948646429658158,20,32.68380810961355,32.82474896103451,0.9449189727709858,30.177021020000012,35.80308194000003,0.621605170651682,8.248605875792359,1.0
Y2024_LAT23.94883_LON90.1458,2024,90.14579542184372,23.948829311813448,20,32.861772103554124,32.80130640500002,1.0224874618650563,30.238545380000005,35.77744679,0.5904673591329191,9.56870184553158,1.0
Y2024_LAT23.94901_LON90.15561,2024,90.15561111075377,23.949011567798742,20,35.25958512317182,35.33223224612247,1.4976787187842688,30.88455116,38.56484210000002,0.42554742684407076,8.632901921061082,1.0
Y2024_LAT23.94919_LON90.16543,2024,90.1654268972933,23.949193197765204,20,33.247888022180305,33.265868314237295,0.9199119749519222,30.648707779999995,36.021835220000014,0.6102242505773546,10.360996992927031,1.0
Y2024_LAT23.94937_LON90.17524,2024,90.17524278123004,23.949374201629876,20,33.11611699625558,32.97599962000001,1.2015648649577433,30.411155390000033,36.160265030000005,0.6322672748285628,13.102797767997375,1.0
Y2024_LAT23.94955_LON90.18506,2024,90.18505876224124,23.94955457943429,20,32.3646679719493,32.07880734800002,1.2500392014107629,30.221455279999986,36.09361364000006,0.6579315435147018,12.687103161297841,1.0
Y2024_LAT23.94973_LON90.19487,2024,90.19487484000675,23.94973433102749,20,32.606361737307665,32.35863801615385,1.1475036325186954,30.544458169999984,36.26793266000004,0.619460719508261,12.853804017901261,1.0
Y2024_LAT23.94991_LON90.20469,2024,90.2046910139725,23.94991345649013,20,32.44518005052541,32.1735390869231,1.0550170605520262,30.53933114000006,36.54137426,0.6332158717810723,14.651900766942072,1.0
Y2024_LAT23.95009_LON90.21451,2024,90.21450728412792,23.950091955740824,20,31.787846741880127,31.608105565806472,0.8624620211431065,30.27614360000001,35.70225035000004,0.6561208647805081,13.160500188823754,1.0
Y2024_LAT23.95027_LON90.22432,2024,90.22432364986126,23.950269828777618,20,31.950614614784058,31.767753286250013,0.9270526236192603,30.43679054000006,35.26987082000005,0.6346129071565785,13.204900964239835,1.0
Y2024_LAT23.95045_LON90.23414,2024,90.23414011106804,23.95044707559433,20,31.796383841958335,31.544972067826112,0.8948818233661393,30.26247152000002,35.82700808000004,0.6087905735800161,12.96519995905877,1.0
Y2024_LAT23.95062_LON90.24396,2024,90.24395666719467,23.95062369614407,20,33.20271592819955,32.98130537000003,0.9476131193761907,31.378455050000014,36.03892532000003,0.5861067427014898,12.508299421528724,1.0
Y2024_LAT23.9508_LON90.25377,2024,90.25377331809902,23.950799690482313,20,33.93667411674161,33.607441278604675,1.2161021365564966,31.766400320000002,37.89832820000004,0.5671824585725966,13.05559555574381,1.0
Y2024_LAT23.95098_LON90.26359,2024,90.26359006331022,23.95097505840862,20,36.81695732644163,36.276754846756766,3.1712298895917987,31.845014780000042,46.31691146000003,0.4464065552738449,13.79219857905714,1.0
Y2024_LAT23.95115_LON90.27341,2024,90.27340690258569,23.951149800035324,20,39.25789738076176,39.59537513000002,2.4344792484651108,33.91975292000001,47.39016974000003,0.3925530428416372,12.140198988469402,1.0
Y2024_LAT23.95132_LON90.28322,2024,90.28322383542117,23.951323915316387,20,40.31847958359054,40.45456048693184,3.7247348666691,33.71467172000001,50.668050919999985,0.392036957647187,13.000900004235318,1.0
Y2024_LAT23.9515_LON90.29304,2024,90.29304086174535,23.951497404204595,20,38.305883930436124,38.538840733571455,1.6122085688031977,33.57453290000001,41.80512506000002,0.43049053654307606,13.458700539647698,1.0
Y2024_LAT23.95167_LON90.30286,2024,90.30285798102922,23.951670266684594,20,35.6425046164987,35.42667248750001,1.595130590876847,32.268849260000025,39.55264987999999,0.4945036425687273,13.316126798621902,0.43050905376273707
Y2024_LAT23.95184_LON90.31268,2024,90.31267519299199,23.951842502758858,20,36.63984089449761,36.51939378658923,1.3928840698290004,33.91804391000005,41.44623296000003,0.4578510320681588,10.752082536313269,0.29026099166803987
Y2024_LAT23.95201_LON90.32249,2024,90.32249249722054,23.952014112410495,20,33.91307249784319,33.57880542500004,1.4389863471829214,31.821088640000028,38.87588191999998,0.5458864704216242,10.102144438185759,0.9109285115485791
Y2024_LAT23.95219_LON90.33231,2024,90.33230989353223,23.952185095488655,20,32.764990048784895,32.64867820361043,0.471950644170375,31.332311780000055,34.200030560000016,0.5751235687300225,10.859017774681213,0.4506798498634456
Y2024_LAT23.95236_LON90.34213,2024,90.34212738156036,23.95235545215825,20,32.634926694459,32.509962259709816,0.674870653867011,30.85378897999999,34.17952244000003,0.5664563451365978,10.693260911736171,0.4750171393187033
Y2024_LAT23.95599_LON90.04744,2024,90.04743847386032,23.955992623041222,20,33.80293250087105,33.7796141,0.6135737173632064,32.562798980000025,34.709315540000034,0.5774907741098975,9.0,0.029681357187624692
Y2024_LAT23.95618_LON90.05725,2024,90.0572538479042,23.95618121808232,20,33.87940836456921,33.91291688,0.374661224614836,32.72344592000002,34.81185614000003,0.6539269178648927,7.310097442819349,0.1946811229540365
Y2024_LAT23.95637_LON90.06707,2024,90.06706932315382,23.95636918701169,20,34.06824090189287,34.04666789739688,0.783298426256512,32.02616984000002,36.018417200000044,0.603534353108683,7.741601643502673,0.3809686534313665
Y2024_LAT23.95656_LON90.07688,2024,90.07688489900916,23.956556529803077,20,33.435135044178374,33.42104243937503,0.9236178121227657,31.192172959999994,36.233752460000005,0.6410779363034097,6.926629140259081,0.9368736008112188
Y2024_LAT23.95674_LON90.0867,2024,90.08670057538667,23.956743246538494,20,34.709584112242844,34.640955140000024,1.5573782249309418,30.76833848000001,38.01112286,0.5141082509654719,8.098601292472122,1.0
Y2024_LAT23.95693_LON90.09652,2024,90.09651635184042,23.956929337096245,20,34.53918842085056,34.280211612500025,2.0198004822235394,29.924087540000016,39.66202652000004,0.5135017073319117,8.556398301645089,1.0
Y2024_LAT23.95711_LON90.10633,2024,90.10633222802885,23.9571148014168,20,33.02720930414607,32.9876420560656,0.9534489164065759,30.964874629999997,35.36386637000001,0.6362635212276363,9.940504425903221,1.0
Y2024_LAT23.9573_LON90.11615,2024,90.11614820364301,23.957299639595977,20,33.54187342110983,33.58000173200002,0.9440599554657935,31.229771180000057,36.900266360000046,0.5953770256267731,8.169500199412019,1.0
Y2024_LAT23.95748_LON90.12596,2024,90.125964278366,23.957483851585305,20,32.873317145195166,32.79233529928574,1.1512770792286726,30.563257280000016,36.544792279999996,0.6415646134204457,9.141698990234136,1.0
Y2024_LAT23.95767_LON90.13578,2024,90.13578045187357,23.957667437253278,20,32.05151642129831,31.637882768000015,1.3328642629855971,30.012956060000022,36.43028861000002,0.6372757329516561,9.089093360439374,1.0
Y2024_LAT23.95785_LON90.1456,2024,90.1455967236531,23.957850396592836,20,33.35655982821618,33.32834781846155,0.9763657763567595,31.22635316000003,35.775737779999986,0.5890831537539349,11.136500160588431,1.0
Y2024_LAT23.95803_LON90.15541,2024,90.15541309367222,23.958032729743756,20,33.768471874500555,33.79871480000001,1.1445898376596289,31.31180366000001,37.49158382000002,0.5780994570342213,12.201900237529724,1.0
Y2024_LAT23.95821_LON90.16523,2024,90.16522956127949,23.958214436509994,20,32.87825444822403,33.01322923000002,0.8261784820402371,30.925567399999977,34.617029,0.6380214786154846,10.170898451286858,1.0
Y2024_LAT23.9584_LON90.17505,2024,90.17504612638228,23.95839551692667,20,33.11510477457962,33.2018763410811,0.9363429396420875,30.887969180000027,35.86118828000002,0.6615419201790729,10.922702262002675,1.0
Y2024_LAT23.95858_LON90.18486,2024,90.18486278857263,23.958575970906242,20,32.80352392561026,32.79693335000002,0.9319504719614549,30.83669888000003,35.835553129999994,0.6683040988983295,13.44649934882279,1.0
Y2024_LAT23.95876_LON90.19468,2024,90.19467954745946,23.958755798577045,20,33.87682480151603,33.85770271076925,0.9378642369516066,31.42118030000003,37.00109795000003,0.5242398125203603,13.879597080456884,1.0
Y2024_LAT23.95893_LON90.2045,2024,90.20449640275629,23.958934999812023,20,32.99366771121305,32.952817475245915,0.8238202916819802,30.41286439999999,35.987655020000034,0.6040560744550123,14.04179887270458,1.0
Y2024_LAT23.95911_LON90.21431,2024,90.21431335408627,23.959113574561474,20,32.96541431057952,32.638565090000014,1.373522289425951,30.470970739999984,38.22304010000005,0.603600577755256,12.82680097270702,1.0
Y2024_LAT23.95929_LON90.22413,2024,90.22413040115858,23.959291522849245,20,33.048074405845355,32.95189341189658,1.0887547830162512,30.693142039999998,35.979109969999996,0.5582105505232207,12.897099515762461,1.0
Y2024_LAT23.95947_LON90.23395,2024,90.23394754360976,23.959468844646736,20,31.865473035050826,31.79998005702704,1.4689420171116214,29.34302414000001,36.411489500000016,0.5596780495150679,11.83819745670292,1.0
Y2024_LAT23.95965_LON90.24376,2024,90.24376478116957,23.959645539859693,20,32.775173443041595,32.64087937437502,1.2199520034084887,30.310323799999992,36.82506992000003,0.5518973925255348,12.010598835998676,1.0
Y2024_LAT23.95982_LON90.25358,2024,90.25358211343243,23.959821608556528,20,34.88690454083607,34.670008310000014,1.536368032043881,31.882612999999992,39.66202652000004,0.5559124648037739,13.45840215718666,1.0
Y2024_LAT23.96_LON90.2634,2024,90.26339954000085,23.95999705072584,20,38.245900775562845,38.03602557714287,2.070842144983627,33.724925780000035,43.74314240000001,0.4447449671627769,13.195000229412074,1.0
Y2024_LAT23.96017_LON90.27322,2024,90.27321706067328,23.960171866235015,20,38.63120792707881,38.6608550920877,1.7188889577670219,33.68390954000006,42.423786680000035,0.39374719575733447,12.230057627555073,0.9175365867628982
Y2024_LAT23.96035_LON90.28303,2024,90.28303467507726,23.960346055135613,20,36.766147888594766,36.27370407081968,1.9818503881721876,33.762523999999985,45.46240646000001,0.5384603444661669,12.379642932718559,0.9621513303828811
Y2024_LAT23.96052_LON90.29285,2024,90.29285238283336,23.96051961737,20,36.55702640424549,36.200243656785744,1.297202024775228,34.43245592000005,41.64447812000003,0.4950482150145263,11.367361829512687,0.7195921890171535
Y2024_LAT23.96069_LON90.30267,2024,90.30267018363574,23.960692552967732,20,35.085802745799555,34.986175160000016,0.41145105675415483,34.48714424000002,36.11412175999999,0.42606440900424125,9.94067050457162,0.0526854785761184
Y2024_LAT23.96086_LON90.31249,2024,90.31248807715275,23.960864861899754,20,35.33353694360517,35.444189840000035,0.18788404060644706,35.13998606000001,35.591164700000036,0.4633135750825824,10.0,0.0008231615763720855
Y2024_LAT23.96104_LON90.32231,2024,90.32230606291132,23.96103654404865,20,34.881158804973005,35.042572490000026,0.6728293547797594,33.29425526,35.591164700000036,0.48382070870779975,10.040540540540542,0.027685926854992784
Y2024_LAT23.96482_LON90.03742,2024,90.0374169114705,23.96482360939133,20,35.10164979369545,35.05111754000001,0.3510387420287603,34.57259474,35.70054134000003,0.5701237954882057,9.0,0.010644033169942724
Y2024_LAT23.96501_LON90.04723,2024,90.04723286513152,23.965012910462278,20,34.43148174706607,34.550222245454556,1.0740496901785863,31.16482880000001,36.99938894000002,0.5733502038332883,9.0,0.7883954742853825
Y2024_LAT23.9652_LON90.05705,2024,90.0570489202927,23.965201585135084,20,33.478595034909816,33.51728106500001,1.6335569753948533,30.060808339999994,37.607796500000006,0.6055864379394321,8.428197309163782,1.0
Y2024_LAT23.96539_LON90.06687,2024,90.06686507664904,23.965389633526623,20,32.60031496205186,32.58172313951222,1.1383261970628715,30.467552720000043,35.27670685999999,0.6366947783396028,8.385801815537954,1.0
Y2024_LAT23.96558_LON90.07668,2024,90.0766813337264,23.965577055523735,20,33.65351937904745,33.67556957120002,1.6865864246369828,30.55983925999999,37.90858226,0.5629769206292553,8.407504270608316,1.0
Y2024_LAT23.96576_LON90.0865,2024,90.08649769131077,23.96576385119665,20,33.38028260184389,33.58068533600003,1.735352080726929,30.209492210000036,37.61463254,0.5735142734993808,7.8793041379018085,1.0
Y2024_LAT23.96595_LON90.09631,2024,90.0963141489496,23.965950020400243,20,32.275337866684964,31.9216760857143,1.5252647477853696,29.737805449999996,36.42516158000001,0.6482405527466234,7.856994621151148,1.0
Y2024_LAT23.96614_LON90.10613,2024,90.10613070638702,23.966135563209384,20,33.981723768000684,34.073253090909105,1.007650521291976,31.684367839999993,36.850705070000004,0.6084239858520037,9.864904070136772,1.0
Y2024_LAT23.96632_LON90.11595,2024,90.11594736339083,23.96632047948856,20,33.26848107032384,33.29801508200002,0.9558063839989652,30.614527580000015,36.850705070000004,0.5946015603649426,8.462697471517496,1.0
Y2024_LAT23.9665_LON90.12576,2024,90.12576411937276,23.9665047693033,20,32.67572065221025,32.58159809000003,0.9820523043611399,30.896514230000037,35.71592242999998,0.6317693164404783,9.63549828469778,1.0
Y2024_LAT23.96669_LON90.13558,2024,90.13558097420697,23.966688432586764,20,32.953034885083795,32.98518737461541,1.1410462755417743,30.450462620000053,36.11412175999999,0.6102182430845898,9.639698304462595,1.0
Y2024_LAT23.96687_LON90.1454,2024,90.14539792740979,23.96687146938734,20,32.4394046302017,32.29821315909093,1.1421228429982657,30.371848160000013,36.00816314000002,0.6359832230016831,10.032100151059508,1.0
Y2024_LAT23.96705_LON90.15521,2024,90.15521497878699,23.967053879535577,20,32.96409229414723,33.01696838750003,1.0022573982509297,30.732449270000018,35.40659162000003,0.6131400510366015,11.494797622577016,1.0
Y2024_LAT23.96724_LON90.16503,2024,90.16503212789496,23.967235663102,20,33.49872996568768,33.51599930750002,0.9362136688577642,31.525429910000014,37.016479040000036,0.61784899866966,11.464497479988122,1.0
Y2024_LAT23.96742_LON90.17485,2024,90.17484937448165,23.96741682006917,20,32.213257782272116,32.13691368800003,0.8528765351609331,30.252217459999997,34.97933912000002,0.6747457424370851,12.760503578840344,1.0
Y2024_LAT23.9676_LON90.18467,2024,90.18466671814993,23.967597350440354,20,32.90611663370923,32.89301769000002,0.9067497090081258,30.91531334000001,36.65416892000002,0.647253151547186,14.122598223991622,1.0
Y2024_LAT23.96778_LON90.19448,2024,90.19448415855958,23.967777254098067,20,33.253401016814934,33.295689607678604,0.9275398383199216,31.188754940000024,35.874860360000014,0.6097278172889982,15.097503988254022,1.0
Y2024_LAT23.96796_LON90.2043,2024,90.20430169541568,23.967956531058125,20,33.716313288126784,33.63874284714288,0.7467378791534612,31.766400320000002,36.722529320000035,0.6052460567079423,13.427897307751989,1.0
Y2024_LAT23.96814_LON90.21412,2024,90.21411932832416,23.968135181275997,20,33.99899317013136,33.673786942307714,1.3687114551743587,31.387000100000023,39.10488926000005,0.5816288124653438,11.545600214589241,1.0
Y2024_LAT23.96831_LON90.22394,2024,90.2239370570402,23.96831320478585,20,33.454626828938686,33.36881082125002,0.6503731457620359,31.824506659999997,35.35532132000003,0.5839219045137423,13.228403427780805,1.0
Y2024_LAT23.96849_LON90.23375,2024,90.23375488121232,23.96849060152162,20,32.628704208701315,32.703209687954576,1.2378776379965675,30.02491913000003,35.58774668000001,0.5188104444810604,14.215803368486405,1.0
Y2024_LAT23.96867_LON90.24357,2024,90.24357280032979,23.968667371477327,20,32.72914490606287,32.79656973085108,1.0993947024147215,30.494896880000056,35.49204212000001,0.5054437068875023,13.319999152937156,1.0
Y2024_LAT23.96884_LON90.25339,2024,90.25339081432813,23.968843514621888,20,33.94925729489045,33.51398511714288,1.5207508133371097,31.663859720000005,38.363178919999996,0.5264222159913978,13.406300735532849,1.0
Y2024_LAT23.96902_LON90.26321,2024,90.2632089227475,23.969019030884144,20,37.45176327283493,37.279666580000026,3.2254398849039094,32.12871044000002,45.28466942,0.43026280276445206,12.66533425674974,0.6612898572675264
Y2024_LAT23.96919_LON90.27303,2024,90.27302712508032,23.969193920349003,20,38.63360535443007,38.81435756000002,1.402002143364603,35.362157360000026,40.89251372000001,0.4693480835111465,11.220075217222155,0.08300352710271632
Y2024_LAT23.96937_LON90.28285,2024,90.28284542130831,23.969368182886846,20,36.477622565348604,36.19273622000003,1.8827171682762172,33.694163600000024,41.34369235999998,0.5714521579601088,11.142418787333279,0.08741430058187967
Y2024_LAT23.97384_LON90.03721,2024,90.03721051980621,23.973843804404627,20,35.36687549408322,34.99082410681675,1.4812999375056444,32.183398760000046,38.30165456000003,0.5582410701543523,8.857132065494508,0.1910340174831609
Y2024_LAT23.97403_LON90.04703,2024,90.04702715495428,23.97403318543268,20,33.74524536394688,33.51437574800002,1.6461609746003574,31.014435919999983,37.775279479999995,0.5870368488806105,8.925883820266888,0.9687943312969153
Y2024_LAT23.97422_LON90.05684,2024,90.05684389162556,23.974221939936697,20,33.86239597774546,33.65910640802633,1.644696488257422,31.219517119999978,40.08927902000005,0.5536415109449949,7.844698640821927,1.0
Y2024_LAT23.97441_LON90.06666,2024,90.06666072936207,23.97441006783677,20,32.54013651565031,32.17183781000003,1.2574840281716724,30.371848160000013,38.325580700000046,0.6435536060960051,8.87480102917768,1.0
Y2024_LAT23.9746_LON90.07648,2024,90.07647766794187,23.97459756908933,20,33.29659066331415,33.330652554054076,1.1563085160339222,30.65212580000002,36.60289862000002,0.582590461642799,9.522609518162438,1.0
Y2024_LAT23.97478_LON90.08629,2024,90.0862947070933,23.974784443647522,20,32.140293469962145,31.889671954347847,1.263060029763593,29.828382980000015,35.478370040000016,0.6272079866029141,6.578799504470001,1.0
Y2024_LAT23.97497_LON90.09611,2024,90.0961118463249,23.974970691544694,20,33.17963334245369,33.26458063181819,1.2826431721895748,30.25392647000004,36.168810080000014,0.6149921354429438,7.672999615293661,1.0
Y2024_LAT23.97516_LON90.10593,2024,90.10592908534069,23.975156312692146,20,33.31435618332938,33.237230130408186,1.1433086815715832,30.25905350000005,36.91564745000002,0.6460177567659604,9.133800629650025,1.0
Y2024_LAT23.97534_LON90.11575,2024,90.11574642392185,23.975341307190906,20,33.28805436928724,33.14929459035717,1.4655038731263677,30.29836073000004,39.00063965000001,0.5998706576865275,9.102098943645812,1.0
Y2024_LAT23.97553_LON90.12556,2024,90.12556386161538,23.975525674822016,20,33.54232378442345,33.19179285000002,2.237385057853593,30.44875361000001,46.47755840000002,0.6335124127226779,9.134041940084545,0.9675999618823083
Y2024_LAT23.97571_LON90.13538,2024,90.13538139813804,23.975709415773085,20,32.701865455517904,32.408067843846176,1.2847279318745117,30.658961840000046,38.8041035,0.6257323505222246,8.416994903505433,1.0
Y2024_LAT23.97589_LON90.1452,2024,90.14519903300263,23.975892529839115,20,32.19605153095061,32.113671152000016,1.0553479136240618,30.028337150000027,35.12973199999999,0.6407980237690739,9.938401104001295,1.0
Y2024_LAT23.97608_LON90.15502,2024,90.1550167662372,23.976075017126078,20,32.74392130538292,32.669245888571446,1.2055798199013785,30.795682639999995,35.91245858000002,0.6230508994008176,10.474198204939059,1.0
Y2024_LAT23.97626_LON90.16483,2024,90.16483459705708,23.976256877577896,20,32.499755709103376,32.23501783755105,1.3047996363333134,30.573511339999982,38.19569594000001,0.6230397185026538,10.670986686996182,1.0
Y2024_LAT23.97644_LON90.17465,2024,90.17465252544086,23.976438111140663,20,33.34106558754679,33.29247649448982,0.90825018724523,30.911895319999985,35.99107304000006,0.6348712582332057,12.796797407996952,1.0
Y2024_LAT23.97662_LON90.18447,2024,90.18447055098922,23.97661871773375,20,33.09515562817494,33.171542238392874,1.0519735052178723,30.31374182000002,35.35703033000004,0.6314324167653773,12.454497005290584,1.0
Y2024_LAT23.9768_LON90.19429,2024,90.19428867323285,23.97679869744215,20,33.58838976506257,33.61007154384617,1.2726895995435665,30.503441930000008,36.86266813999998,0.6060787466578756,12.304692022080115,1.0
Y2024_LAT23.97698_LON90.20411,2024,90.20410689194429,23.976978050127602,20,33.63672426326051,33.60576422000002,0.9309611062297154,31.284459500000025,36.99255290000002,0.5809466843362768,12.611499542940637,1.0
Y2024_LAT23.97716_LON90.21393,2024,90.21392520686369,23.977156775852194,20,33.77450051489803,33.67126829142859,0.8017172448371593,32.08085816000005,36.92077447999998,0.5582362806355714,12.164001369413377,1.0
Y2024_LAT23.97733_LON90.22374,2024,90.22374361751692,23.977334874635005,20,34.04802243477219,33.89199100200002,0.9767127537593924,32.21586995000001,37.559944220000034,0.560978942833759,13.942209139807725,1.0
Y2024_LAT23.97751_LON90.23356,2024,90.23356212365879,23.97751234636371,20,34.51173030795076,34.21641348344829,1.452627019265749,31.564737140000005,41.50263029000004,0.5314586727514651,14.531801802119764,1.0
Y2024_LAT23.97769_LON90.24338,2024,90.2433807248103,23.97768919106518,20,34.00365378843892,33.96152872000002,0.6646386061043638,32.37309887000001,36.15855601999999,0.5436044987824976,13.325899206940248,1.0
Y2024_LAT23.97787_LON90.2532,2024,90.2531994208089,23.977865408622943,20,36.182693300969845,36.09229053548389,1.4919696875344914,32.67559363999999,41.15911928000003,0.5012512113920841,12.99949137809966,0.9408103359616041
Y2024_LAT23.97804_LON90.26302,2024,90.26301821134744,23.978040999082296,20,35.25198662751453,35.300633000000005,1.4823144439623932,32.54229085999998,39.378330860000005,0.5588378815092098,13.0,0.1054970316315642
Y2024_LAT23.98286_LON90.037,2024,90.03700402643314,23.982863987226168,20,34.12596001077659,34.21370264000001,1.3981379379396197,31.383582079999996,36.821651900000006,0.5996249184047164,7.86087970676441,0.21498828704267586
Y2024_LAT23.98305_LON90.04682,2024,90.04682134329869,23.983053448325194,20,33.248808546670254,33.14065798625003,1.0755544371247547,31.369910000000004,35.71079540000005,0.6191057822795489,8.87040097580443,0.9487932333915564
Y2024_LAT23.98324_LON90.05664,2024,90.05663876174621,23.98324228254006,20,34.029604184805045,34.29475854285717,1.6494446899350195,30.043718240000032,38.00770484000003,0.5900426221982726,7.121997790585641,1.0
Y2024_LAT23.98343_LON90.06646,2024,90.06645628123246,23.98343048982159,20,33.39045708217698,33.4521529230435,1.3789400117830697,30.423118460000012,36.88317626000003,0.6224305930980515,8.979599975999964,1.0
Y2024_LAT23.98362_LON90.07627,2024,90.07627390172335,23.98361807027664,20,33.136845765153765,32.89120603675677,1.2582518682715358,31.086214339999998,37.348026979999986,0.5516517808899357,9.062502647071305,1.0
Y2024_LAT23.98381_LON90.08609,2024,90.08609162271958,23.9838050238103,20,31.524710279222674,31.23340282625002,1.4680851754613773,29.460945830000014,36.48668594,0.613698248871607,7.031598860704558,1.0
Y2024_LAT23.98399_LON90.09591,2024,90.09590944385178,23.983991350348965,20,32.47386643236778,32.361624088571446,1.1943940546276457,30.40602836000005,35.591164700000036,0.6826312306462405,8.13389898105763,1.0
Y2024_LAT23.98418_LON90.10573,2024,90.10572736482118,23.984177050016708,20,32.594934203190874,32.519328776923096,0.9821428084711505,30.53420411000002,35.028900410000006,0.6212125886089414,10.163705476261097,1.0
Y2024_LAT23.98436_LON90.11555,2024,90.11554538531021,23.984362122614808,20,32.920412883939456,32.83679929480771,1.4394537882602025,30.641871740000056,43.498753970000024,0.6040334974693536,9.972873415362368,0.9657999597646589
Y2024_LAT23.98455_LON90.12536,2024,90.12536350504517,23.984546568254345,20,32.72799845053321,32.06773225845363,3.32215186712271,30.223164290000057,56.79656078000005,0.6351648788382648,9.68709963188194,1.0
Y2024_LAT23.98473_LON90.13518,2024,90.13518172355465,23.984730386793192,20,32.785073930939056,32.345941632968774,1.432981668820112,30.549585200000024,39.23477402000003,0.6093731346981908,9.273594228678743,1.0
Y2024_LAT23.98491_LON90.145,2024,90.14500004052871,23.98491357826769,20,32.87556730480061,32.89366331600002,0.9556329676399674,30.727322240000035,35.351903300000004,0.6287138362065378,10.354099240116751,1.0
Y2024_LAT23.9851_LON90.15482,2024,90.1548184558327,23.9850961426335,20,31.69244128109863,31.484768370188707,0.8597531035037338,29.958267739999997,34.54866860000001,0.6512029207000015,9.975904677534926,1.0
Y2024_LAT23.98528_LON90.16464,2024,90.16463696878233,23.985278079884445,20,32.029539448545464,32.03642390000003,0.706431785091589,30.518823020000013,34.36409551999998,0.6223691643345098,10.220508096508722,1.0
Y2024_LAT23.98546_LON90.17446,2024,90.17445557925724,23.98545938995834,20,32.63885689475316,32.54245362285716,0.9829440399405127,30.665797880000014,35.211764480000056,0.6756106633197244,11.905701065530673,1.0
Y2024_LAT23.98564_LON90.18427,2024,90.18427428700817,23.9856400729411,20,33.43351561967813,33.32965618142858,1.4064800805457314,30.942657499999996,37.54969016000004,0.6175697216265789,11.422598144233126,1.0
Y2024_LAT23.98582_LON90.19409,2024,90.19409309144393,23.985820128648346,20,32.98076386970306,32.72130965750003,1.146032069069807,31.11355850000001,36.91052042000001,0.6313086374101575,12.183696158570198,1.0
Y2024_LAT23.986_LON90.20391,2024,90.20391199242617,23.98599955722351,20,32.9605621982834,32.82788542000004,0.8871300177616658,31.219517120000035,35.659525099999996,0.6087831891492943,11.948498762939755,1.0
Y2024_LAT23.98618_LON90.21373,2024,90.21373098958487,23.986178358547683,20,33.84989874297263,33.73871709325582,1.0010801793545934,31.708293980000008,37.75477136000001,0.5421171873559247,12.322599203057877,1.0
Y2024_LAT23.98636_LON90.22355,2024,90.22355008253786,23.986356532477554,20,34.686338773597,34.45196711750001,1.2596003994720657,32.34062768000001,39.09634421000001,0.501704154717863,13.692300904945466,1.0
Y2024_LAT23.98653_LON90.23337,2024,90.23336927093084,23.986534079154005,20,35.62534179965126,35.46521066300002,1.3897804560241935,32.877256820000014,40.967710159999996,0.4962870464041998,13.029198857881024,1.0
Y2024_LAT23.98671_LON90.24319,2024,90.24318855456185,23.986710998531812,20,36.2257493558041,35.911482002857156,1.9425367721673912,32.89776494,41.470159100000046,0.5001191354949526,11.534600628941924,1.0
Y2024_LAT23.98689_LON90.25301,2024,90.25300793288221,23.986887290569346,20,37.95249739623463,37.46338727325733,2.128626555640952,34.51790642000003,44.77538444000004,0.4615385270539176,11.423127745437665,0.40564992213248474
Y2024_LAT23.99207_LON90.04662,2024,90.04661543010013,23.992073698764727,20,34.000344683233166,34.053055700000016,0.7137134516930171,32.514946699999996,35.32114111999999,0.5770814337139396,9.0,0.08963122328751294
Y2024_LAT23.99226_LON90.05643,2024,90.05643353060012,23.99226261272556,20,34.24972812413115,34.08115942000002,1.816809676340822,31.120394540000035,37.88123810000002,0.600264933491653,7.3769274409687675,0.9140734806570526
Y2024_LAT23.99245_LON90.06625,2024,90.0662517323497,23.99245089958671,20,32.37763236808696,32.078769370000025,1.138776238446156,30.546167179999998,36.609734660000015,0.6174279646015384,8.207498623522934,1.0
Y2024_LAT23.99264_LON90.07607,2024,90.07607003497604,23.992638559336502,20,32.741554421840846,32.51187048200004,1.4022676458966419,29.84889110000006,36.68493110000003,0.5375074118628423,8.354700492708199,1.0
Y2024_LAT23.99283_LON90.08589,2024,90.08588843813719,23.992825591785948,20,32.63526101123817,32.5846113444737,1.032581669100479,29.941177639999978,36.108994730000006,0.619233443711378,8.67410317225021,1.0
Y2024_LAT23.99301_LON90.09571,2024,90.09570694155349,23.993011997118185,20,32.60001546970874,32.70225419600003,0.9339206833803325,30.218037260000017,34.56063167000002,0.6281800455651367,9.195403272485947,1.0
Y2024_LAT23.9932_LON90.10553,2024,90.1055255447771,23.993197775140846,20,31.43246249721181,31.39682690750001,0.6225883164301241,30.026628140000014,33.30450932000002,0.6484962837067696,8.70570214448066,1.0
Y2024_LAT23.99338_LON90.11534,2024,90.11534424756522,23.99338292596083,20,33.178602895265584,32.44644146864409,2.63782945864263,30.023210120000044,48.64116506000005,0.6258638579421886,10.5273778962077,0.9774998941171489
Y2024_LAT23.99357_LON90.12516,2024,90.1251630496369,23.993567449479496,20,33.00510184342317,32.41081102400002,2.2301683270364463,30.351340040000025,42.998014040000044,0.6504217290813316,9.441643072221442,0.9423997289399011
Y2024_LAT23.99375_LON90.13498,2024,90.13498195048736,23.993751345642877,20,32.79999687024902,32.58047655218753,1.2287502966126902,30.255635480000024,36.56188238000004,0.6388510246970384,8.260882464380423,0.9873999407056031
Y2024_LAT23.99393_LON90.1448,2024,90.14480094986662,23.993934614536396,20,31.938807527865976,31.634288668181842,1.0921907804492081,30.635035700000003,35.55014846000006,0.6676340237454019,10.064800304942581,1.0
Y2024_LAT23.99412_LON90.15462,2024,90.15462004752416,23.994117256035924,20,32.030209090069,31.86142127600001,0.973965739932494,30.43508153000002,35.05795358000003,0.6435213374192493,9.356708737452864,1.0
Y2024_LAT23.9943_LON90.16444,2024,90.16443924301608,23.99429927011732,20,32.50417091700373,32.42346440000002,1.0710963816793488,30.086443490000022,36.02696225,0.6299536978539317,10.043401380712353,1.0
Y2024_LAT23.99448_LON90.17426,2024,90.17425853595219,23.99448065679874,20,32.09846817344759,31.891189122909108,0.8632779143706406,30.453880640000023,34.95883100000003,0.6695382888764453,12.390001835302709,1.0
Y2024_LAT23.99466_LON90.18408,2024,90.18407792612972,23.994661416030453,20,33.074931344907306,33.05191764200002,1.127101600521418,30.306905780000022,36.50377604000005,0.6380044496884641,12.70149859528747,1.0
Y2024_LAT23.99484_LON90.1939,2024,90.193897413242,23.994841547842743,20,32.30459897793671,32.19590371121952,0.7328368358266072,30.566675300000043,34.51107037999998,0.6558868595378213,13.02700012705938,1.0
Y2024_LAT23.99502_LON90.20372,2024,90.20371699672887,23.995021052140032,20,33.228072512906316,33.07991911353847,0.9844404630904773,31.339147819999994,36.77721764,0.6267718887390051,14.039204890375924,1.0
Y2024_LAT23.9952_LON90.21354,2024,90.21353667649774,23.995199928919764,20,33.195495042090286,33.14273931628573,0.7955630832139214,30.501732919999995,35.65610708000003,0.5620169317111262,13.655400731297576,1.0
Y2024_LAT23.99538_LON90.22336,2024,90.22335645208524,23.995378178219756,20,33.169447164233,33.17151945732396,0.7420634965098897,31.180209890000015,36.95324567,0.4999420444942689,14.08870159388986,1.0
Y2024_LAT23.99556_LON90.23318,2024,90.23317632312855,23.99555579991514,20,33.892975625199725,33.89187469437502,0.8220855437827622,31.86552290000003,38.20595,0.5341317695420813,14.174000818827363,1.0
Y2024_LAT23.99573_LON90.243,2024,90.24299628940503,23.995732794001327,20,35.996215173698175,35.52682047350002,1.7836814513190922,33.00885059000001,41.507757319999996,0.49986195209401446,13.51600948710344,1.0
Y2024_LAT23.99591_LON90.25282,2024,90.25281635055009,23.995909160573362,20,39.56316532250316,39.647861409057576,2.4153292194673615,34.28548106000002,46.10499421999998,0.39549409265884555,11.404529802066138,0.6483377258899448
Y2024_LAT24.00071_LON90.02677,2024,90.02677215455752,24.000714067507797,20,33.85319654415153,33.77277806000001,0.9195103595971441,32.54912690000003,36.10728572000005,0.6169294898979987,7.180674921097355,0.07383361177035756
Y2024_LAT24.0009_LON90.03659,2024,90.03659073394734,24.000904315890693,20,33.04052570269232,32.95587128,0.5905417319060607,32.49443858000001,34.623865040000055,0.5488487463221591,9.0,0.008302347364536913
Y2024_LAT24.00109_LON90.04641,2024,90.04640941533675,24.00109393706591,20,32.957311742095115,32.86451284243883,1.0700535742519337,31.02639899000002,36.018417200000044,0.6262528721624995,9.420179668940701,0.761420234168268
Y2024_LAT24.00128_LON90.05623,2024,90.05622819828714,24.001282930860743,20,33.366714050712496,33.39227919071432,1.106746283859317,30.838407890000013,36.20640830000002,0.6173822487229742,9.335464582778318,0.8452572433464154
Y2024_LAT24.00147_LON90.06605,2024,90.06604708253283,24.001471297199046,20,32.46173674576026,32.11013109679276,1.1472989207985929,30.272725580000042,35.32114112000005,0.6172595155169138,9.632001920002258,1.0
Y2024_LAT24.00166_LON90.07587,2024,90.07586606760358,24.00165903601108,20,33.293851374803204,33.19929839187502,1.0381973835022966,31.421180300000003,36.12437582000001,0.5420234047584644,8.017700083294514,1.0
Y2024_LAT24.00185_LON90.08569,2024,90.08568515340238,24.00184614755451,20,31.689231967655925,31.483744926956543,0.8900610380153229,30.012956060000022,36.095322650000014,0.6560979033995019,8.402600473647615,1.0
Y2024_LAT24.00203_LON90.0955,2024,90.09550433935439,24.002032631581265,20,32.402280318441576,32.350618815384635,0.7862372890969462,30.260762510000006,34.14534223999999,0.6418412219697458,9.729202034355334,1.0
Y2024_LAT24.00222_LON90.10532,2024,90.1053236252335,24.002218488110845,20,32.303030280328706,31.68858582212768,2.271397547608463,30.19752914,46.73561891,0.6446698918544617,7.812601471065746,1.0
Y2024_LAT24.0024_LON90.11514,2024,90.11514301061867,24.00240371702454,20,32.66302454830927,32.06182058348839,2.109420044264054,30.43166351000002,49.00860221000002,0.6610288513445027,9.629503093533053,1.0
Y2024_LAT24.00259_LON90.12496,2024,90.12496249532208,24.00258831841588,20,33.65494443438363,33.07478658046514,2.3252059994153798,30.11891467999999,49.64264492000001,0.6194977554678672,8.248001468237018,1.0
Y2024_LAT24.00277_LON90.13478,2024,90.13478207889872,24.002772292308027,20,32.09012684241954,31.956480210000034,0.9736070098128884,30.11891467999999,36.001327100000026,0.6343987747496085,9.40910663109003,1.0
Y2024_LAT24.00296_LON90.1446,2024,90.14460176103334,24.002955638543433,20,32.386000549502285,32.13954556340003,1.0856964045794761,30.416282420000016,35.478370040000016,0.6206512928154398,8.956199948470529,1.0
Y2024_LAT24.00314_LON90.15442,2024,90.15442154138915,24.00313835715581,20,32.84633730031189,32.76326982744188,0.778076527603164,30.81960878000001,35.223727550000035,0.6108600195576859,10.497001761178542,1.0
Y2024_LAT24.00332_LON90.16424,2024,90.16424141964353,24.00332044815204,20,32.855222229295805,32.7340355916939,0.8492236339475709,31.301549600000044,35.81333600000005,0.6256150610172528,10.750291732096297,0.9855181520026124
Y2024_LAT24.0035_LON90.17406,2024,90.17406139547691,24.00350191142814,20,32.423523874770964,32.424369170000006,0.6357037977339378,31.074251270000047,33.906080840000016,0.6309849284711905,12.46754622632182,0.2561965525851991
Y2024_LAT24.00368_LON90.18388,2024,90.18388146853671,24.003682747040553,20,33.16406010925843,32.98343835434784,1.1864427076272257,30.869170070000024,35.91245858000002,0.6061920353206796,10.422894415176119,0.681727872145321
Y2024_LAT24.00386_LON90.1937,2024,90.19370163840667,24.003862954888493,20,32.90625629280719,32.86161280538464,0.8636232838399024,31.26053336000001,36.52086614000001,0.6241289654996205,12.93014305214109,0.9800924759495108
Y2024_LAT24.00404_LON90.20352,2024,90.20352190487804,24.004042534973074,20,33.2402120360288,33.32719254363638,1.1313434677947136,30.730740260000005,36.60460763000003,0.5867537637586447,14.312968868387959,0.8634260840183896
Y2024_LAT24.00422_LON90.21334,2024,90.21334226757082,24.00422148730903,20,32.453203383243526,32.54229086000002,0.7986943474974785,29.99586596000006,34.50423434000004,0.5930385478041494,13.207727704652637,0.8170019444554268
Y2024_LAT24.0044_LON90.22316,2024,90.22316272609173,24.004399811826477,20,33.11600676261579,32.983728143000015,0.8956111833502769,31.115267510000024,37.32751886,0.5668029136359496,13.453427077965104,0.9681914571342017
Y2024_LAT24.00458_LON90.23298,2024,90.23298328017596,24.00457750857473,20,33.580721556750404,33.544847290396994,0.7808584466870094,31.598917340000014,36.58580852,0.5767425731674993,13.248287969303815,0.9694794632694316
Y2024_LAT24.00475_LON90.2428,2024,90.24280392946517,24.004754577451283,20,35.98152261879597,35.5358281348276,1.9670695624338201,32.24492312000001,42.30757400000002,0.5196334003233579,14.107023182903319,0.9864342941045038
Y2024_LAT24.00493_LON90.25262,2024,90.2526246736737,24.004931018398594,20,36.67834085380109,36.51374526500001,1.7487210489689624,33.58820498,40.55071172000001,0.4797641659146848,12.910228177856906,0.7679658601879709
Y2024_LAT24.00511_LON90.26245,2024,90.26244551224927,24.005106831446067,20,39.17470546643623,39.40225700000002,0.721019034233656,36.73278338,39.781657220000056,0.4390370251697394,11.0,0.026641063935708694
Y2024_LAT24.00935_LON90.00693,2024,90.00692645556579,24.009351592831333,20,33.08346588652569,33.0446220995868,1.0510092796837724,31.017853940000037,35.51938628000005,0.6001059491428862,9.356445822729329,0.2132684897630557
Y2024_LAT24.00954_LON90.01675,2024,90.0167455127659,24.009543176768688,20,33.25709445005623,33.14272304000004,1.425190201893145,31.024689980000034,38.79384944000003,0.6046913205499592,8.854514221532172,0.3311756511337866
Y2024_LAT24.00973_LON90.02656,2024,90.02656467272134,24.00973413308127,20,32.25902180838665,32.17100843750002,0.9356255214055395,30.200947160000055,34.73324167999999,0.644802234090463,8.947335532784182,0.8262059404367805
Y2024_LAT24.00992_LON90.03638,2024,90.0363839348386,24.00992446192118,20,32.3844130300712,32.358785911250024,0.8155026869199807,29.944595660000005,34.74691376000001,0.6125936799239942,8.78167161985692,0.9791111649309759
Y2024_LAT24.01011_LON90.0462,2024,90.04620329900287,24.010114163037514,20,32.329347316464045,32.07385121900002,1.1213068897862233,30.713650160000014,36.20128127000001,0.630245587496227,8.180300848474582,1.0
Y2024_LAT24.0103_LON90.05602,2024,90.05602276473513,24.01030323653413,20,33.17575314729857,33.301541039473705,1.0245004127555195,30.470970739999984,36.12437582000001,0.6197997108712717,9.566001842355128,1.0
Y2024_LAT24.01049_LON90.06584,2024,90.06584233176525,24.01049168243344,20,33.499052367917564,33.455741168545465,1.0792320884698243,30.334249940000007,36.66613199000005,0.608849939174998,10.62169602552472,1.0
Y2024_LAT24.01068_LON90.07566,2024,90.07566199971286,24.010679500663898,20,32.667034300598715,32.57860732250002,0.9510411016850259,30.27614360000001,35.45273488999999,0.6278769347680558,12.653600722826964,1.0
Y2024_LAT24.01087_LON90.08548,2024,90.08548176839925,24.010866691120324,20,32.03944669790371,32.01942874500002,0.8486136888016018,30.187275080000006,34.27180898000006,0.6905278957727852,10.077798915057572,1.0
Y2024_LAT24.01105_LON90.0953,2024,90.09530163723639,24.011053253815835,20,32.98580535923565,33.108206216818196,0.9898744580394115,30.44020856000003,35.89195046000003,0.6448408632287536,10.213900251647386,1.0
Y2024_LAT24.01124_LON90.10512,2024,90.10512160607054,24.01123918877232,20,32.81855709285093,32.70550131500003,1.1717713825419325,30.68972402,36.14659295000001,0.6245250714588585,9.063095591038103,1.0
Y2024_LAT24.01142_LON90.11494,2024,90.11494167441529,24.011424495946347,20,33.539071037501046,33.57261026375001,1.385297605919006,31.022980969999992,38.97500450000001,0.6247543948690644,9.955599947764668,1.0
Y2024_LAT24.01161_LON90.12476,2024,90.12476184214272,24.01160917528913,20,33.47751970929155,33.41676991437502,1.386872640900132,30.82302679999998,37.27624856,0.6030168235765848,8.44259934423455,1.0
Y2024_LAT24.01179_LON90.13458,2024,90.13458210874504,24.011793226804958,20,32.22325486225582,32.14111933869568,0.8493442783052121,30.303487760000053,35.33481320000001,0.6211960542725501,10.363301709655135,1.0
Y2024_LAT24.01198_LON90.1444,2024,90.14440247393608,24.01197665041393,20,32.89840092167668,32.85814032242858,0.757007624235775,31.127230580000003,35.396337560000006,0.5988123230506884,10.89199987294106,1.0
Y2024_LAT24.01216_LON90.15422,2024,90.15422293740608,24.012159446180302,20,33.56123320567473,33.712243126842125,0.8291773085033324,31.586954270000035,35.461279940000054,0.6097386869477646,12.810600953648215,1.0
Y2024_LAT24.01234_LON90.16404,2024,90.1640434987687,24.012341613997805,20,32.79125199724152,32.786621028295485,0.5842632781241378,31.545938030000002,34.30086215000003,0.6099301241623938,12.491782530082922,0.5808474962970491
Y2024_LAT24.0127_LON90.18368,2024,90.18368491398347,24.012704065831226,20,32.946927187962686,32.61588639003014,1.1380824453147662,31.028108000000003,36.59948059999999,0.6150501674053099,10.020435415027306,0.15024989699586225
Y2024_LAT24.01288_LON90.19351,2024,90.19350576707565,24.012884349796376,20,32.742140721556645,32.72800328000002,0.7115475989773709,31.09988642000002,34.200030560000016,0.5834851384475149,13.566017219102209,0.2817550714399005
Y2024_LAT24.01306_LON90.20333,2024,90.20332671680983,24.01306400570573,20,31.51635377168098,31.28616851000004,0.500486827060181,30.91360433,32.70293780000003,0.6026746717613933,13.90984956003406,0.06286401530291795
Y2024_LAT24.01324_LON90.21315,2024,90.21314776275689,24.01324303362963,20,31.760644946647442,31.72196606,0.4801354438223423,30.55642124000002,32.761044140000024,0.657568006280772,11.558433587036582,0.02893433830372174
Y2024_LAT24.01342_LON90.22297,2024,90.22296890459543,24.01342143342227,20,33.359069366862606,33.22076783,0.49673006822879895,32.463676400000054,34.51277939000002,0.5808641349151367,13.962552914360147,0.021992738314343684
Y2024_LAT24.01378_LON90.24261,2024,90.24261147465621,24.013776348732712,20,35.71039103592245,35.47947870361802,1.2989574193635283,32.64995849000002,39.99528347000003,0.5183113538953142,13.100644749732302,0.7879119695555424
Y2024_LAT24.01395_LON90.25243,2024,90.2524329021685,24.013952864169255,20,37.563565705294906,37.32900495565218,1.9481086522975783,33.196841690000014,41.148865220000005,0.4641820246469719,11.88988557250299,0.833972278505982
Y2024_LAT24.01413_LON90.26225,2024,90.26225442429529,24.01412875148566,20,39.34317591547262,39.61612739428573,0.7846839766377104,36.479849900000005,40.198655659999986,0.4393479763557679,11.151971911982807,0.1182870768173228
Y2024_LAT24.01837_LON90.00672,2024,90.00671750543356,24.018371484734054,20,33.39126352477412,33.132753815000015,0.949903441151349,31.79545349000003,35.51938628000005,0.6259747507930536,8.500259892878933,0.15860425104842432
Y2024_LAT24.01856_LON90.01654,2024,90.01653724561554,24.018563149446305,20,33.19295695190961,33.29466011981135,0.979543834447707,30.89309621000001,35.59800074000003,0.6255286204524756,9.81338870472235,0.5950533252406122
Y2024_LAT24.01875_LON90.02636,2024,90.02635708857962,24.018754186457038,20,32.911844547497694,32.60963509189192,1.0537494215872882,31.192172959999994,35.909040559999994,0.6294502539549666,9.897644057557832,0.8269060068639588
Y2024_LAT24.01894_LON90.03618,2024,90.03617703379972,24.018944595524587,20,32.37065078181604,32.36557922600003,0.681953640741467,30.83328086000006,34.545250580000015,0.6079630669318351,10.664976794002122,0.9924705465497385
Y2024_LAT24.01913_LON90.046,2024,90.0459970810189,24.01913437675637,20,34.13835638747836,33.92214553400002,1.6691930315525516,30.771756500000038,38.63320250000004,0.6092874366204319,8.63889712422176,1.0
Y2024_LAT24.01932_LON90.05582,2024,90.05581722992184,24.019323530082506,20,33.679048374899665,33.70679360073172,1.2807806816655303,30.563257280000016,36.946409630000005,0.6364880259441871,9.124500585885073,1.0
Y2024_LAT24.01951_LON90.06564,2024,90.06563748003342,24.0195120554735,20,33.79232487544661,33.82746638000002,0.9896139279654865,31.007599880000043,36.06626948000002,0.6501079880422395,10.345492214081002,1.0
Y2024_LAT24.0197_LON90.07546,2024,90.07545783126656,24.019699952918344,20,33.273912671466356,33.199576106000016,1.2228912543684918,30.464134700000045,36.70202119999999,0.6464250424085466,12.937010291813127,1.0
Y2024_LAT24.01989_LON90.08528,2024,90.08527828307327,24.019887222368435,20,32.35360812642996,32.23784293571429,1.1116682148894872,30.21120122000002,35.16391220000003,0.6590462708726726,10.101802832013307,1.0
Y2024_LAT24.02007_LON90.0951,2024,90.09509883521426,24.02007386384001,20,32.113087057390466,32.16874071269233,0.9267542034558889,30.419700440000042,35.037445460000015,0.6643626751973767,8.93625988895816,0.946604461955323
Y2024_LAT24.02026_LON90.10492,2024,90.1049194872924,24.02025987727862,20,32.097102297554436,31.82429303375001,1.0787326341886916,30.447044599999998,35.10409685000002,0.6502958627189328,8.951137869835769,0.3245606040168136
Y2024_LAT24.02045_LON90.11474,2024,90.11474023897387,24.02044526268811,20,32.65508907407832,32.73157064057293,0.9108112701095784,30.18043904000001,34.630701079999994,0.6053015692315943,9.362439654105279,0.998901277485727
Y2024_LAT24.02063_LON90.12456,2024,90.12456109000473,24.020630019989614,20,32.91383260286592,32.95341457812502,0.8420834488908929,30.600855500000023,35.83726214000001,0.6371462108599711,9.890404190137337,1.0
Y2024_LAT24.02081_LON90.13438,2024,90.134382039963,24.020814149124085,20,33.15957432785051,33.14254501812503,0.8783111212383196,31.12210355000002,36.20640830000002,0.6014360763452216,10.421403159544267,1.0
Y2024_LAT24.021_LON90.1442,2024,90.1442030886186,24.02099765017474,20,33.59556541093718,33.54782961875003,0.9397064037002123,31.434852380000052,36.03208928000004,0.6328289891891842,11.957606258056511,1.0
Y2024_LAT24.02118_LON90.15402,2024,90.15402423550923,24.021180523111386,20,33.05281643626518,33.04907805615387,1.0043719947436562,30.641871740000056,35.461279940000026,0.627892987890629,12.485762046660374,0.7421358092169589
Y2024_LAT24.02136_LON90.16385,2024,90.16384548029855,24.021362767818765,20,32.557295471316316,32.49239407430998,0.6842816811373903,31.034944040000028,33.96418718000001,0.6019469847113547,10.322119364792645,0.09503680020599523
Y2024_LAT24.0228_LON90.24242,2024,90.2424189249264,24.022798108014854,20,37.01928127304578,37.02905422714802,2.381233167647814,32.299611440000035,43.589331500000014,0.4552172804828471,11.07783000726466,0.840870299502324
Y2024_LAT24.02297_LON90.25224,2024,90.25224103617214,24.022974697941994,20,36.36189928780045,35.888532440000034,1.7921687511044788,33.42414002000001,41.13519314000001,0.5060288175075452,9.89247365467356,0.28892788423426957
Y2024_LAT24.02739_LON90.00651,2024,90.00650845226181,24.02739136426117,20,35.25586729563638,35.26303478,0.517622171537986,34.12825214000003,36.18590018000003,0.6148299228241949,9.064848484848484,0.011686255900673907
Y2024_LAT24.02758_LON90.01633,2024,90.01632887578877,24.027583109939343,20,35.129010970640536,35.01750905475954,0.9671058493788971,33.36603367999999,38.66054666000002,0.592454181854171,10.038433429694345,0.45085376211815065
Y2024_LAT24.02777_LON90.02615,2024,90.02614940218974,24.027774227450884,20,35.027666258719975,35.22543656000005,1.1894798288366608,31.790326460000017,37.395879260000015,0.600759151638391,10.711500543237696,0.18048711402913098
Y2024_LAT24.02796_LON90.03597,2024,90.03597003069595,24.027964716901543,20,33.15985042840311,33.18146060000001,0.6535625676632105,31.62284348000003,34.58626681999999,0.6382118928993215,11.073149251411696,0.13863313176000802
Y2024_LAT24.02815_LON90.04579,2024,90.04579076145403,24.028154578179574,20,34.86725041183016,34.95042836750003,1.0446950985993966,32.41924214000005,38.76650528000005,0.6234819706935625,9.136631001950146,0.6834161803904619
Y2024_LAT24.02834_LON90.05561,2024,90.05561159372064,24.02834381130787,20,33.451464176164166,33.36408052571429,1.3065536195077598,30.98367374000003,36.640496840000026,0.6306768675622859,8.520062054545038,0.7961229348273577
Y2024_LAT24.02853_LON90.06543,2024,90.06543252742239,24.028532416215814,20,32.93536946573819,32.86659024034485,1.0716261285924662,30.874297100000007,35.71421342000002,0.6421246336899744,9.617106658414766,0.9086607517041039
Y2024_LAT24.02872_LON90.07525,2024,90.07525356212062,24.02872039298285,20,32.89511774147486,32.85666030293107,0.9434808922925945,30.729031250000048,35.29037893999998,0.6497159891519605,11.561399685281367,0.9636904719526692
Y2024_LAT24.02891_LON90.08507,2024,90.08507469747711,24.02890774142831,20,32.33799170575957,32.298178076774214,0.9281080425865815,30.662379859999987,34.989593180000014,0.644204686684777,9.823883688677807,1.0
Y2024_LAT24.02909_LON90.0949,2024,90.0948959331981,24.029094461614562,20,32.361944959312986,32.16331789250002,0.9193824355547033,30.580347380000006,34.50081632000001,0.6613727702804972,11.010409253431884,0.42173645765531187
Y2024_LAT24.02928_LON90.10472,2024,90.10471726886135,24.029280553518188,20,31.214876761721882,31.19559098000002,0.11634768876534164,31.13064860000003,31.40409020000004,0.6606965893941209,9.0,0.0005339405876175292
Y2024_LAT24.02947_LON90.11454,2024,90.11453870427195,24.029466017085266,20,30.998461196808446,30.924054214062508,0.38370130805047614,30.18043904000001,32.08085816000005,0.6553813529562748,7.233993840994473,0.22417195564486975
Y2024_LAT24.02965_LON90.12436,2024,90.12436023893018,24.02965085236639,20,33.01839866196894,33.14367942445226,1.161612617463405,30.10353359000004,35.68003322000004,0.6459934641591121,10.217136963932738,0.631538002279594
Y2024_LAT24.02984_LON90.13418,2024,90.13418187256471,24.0298350592277,20,33.219006484403714,33.14199060714288,0.8964326673856644,30.952911560000018,35.71421342000002,0.6437651387901127,11.4213497124742,0.776238983632826
Y2024_LAT24.03002_LON90.144,2024,90.14400360500903,24.030018637753553,20,32.79921387719119,32.79573885894926,0.8421029210750354,31.180209890000015,35.707377380000025,0.6241528999235956,11.942654049344313,0.6575625605117252
Y2024_LAT24.0302_LON90.15383,2024,90.15382543554587,24.030201587748444,20,32.137706720956636,32.08769419999999,0.3492417315914747,31.65360566000004,32.73369998000004,0.6123925065051536,11.663265306122451,0.0027768726180525055
Y2024_LAT24.03164_LON90.2324,2024,90.23240357986296,24.031642561978984,20,38.852799289531276,38.773341320000014,0.24594281275705474,38.298236540000005,39.03652886000003,0.2790647683774724,12.0,0.0038564329413099106
Y2024_LAT24.03182_LON90.24223,2024,90.24222628036154,24.03181985510634,20,36.666959596165945,36.341420090000035,1.9777151446257766,33.17633357,41.818797140000015,0.44882325222332903,10.82744403713955,0.43800220634013315
Y2024_LAT24.032_LON90.25205,2024,90.25204907562119,24.03199651969358,20,40.3944086024284,40.36613864000003,0.5452403677083674,39.14248748,41.13519314000001,0.39085991547012683,9.0,0.005688338551775926
Y2024_LAT24.03641_LON90.0063,2024,90.00629929605367,24.036411231532128,20,36.024458422310076,36.01579938535119,1.0780976762691092,33.314763380000045,38.30507258,0.5721654490829511,9.268276070833968,0.0944680364317478
Y2024_LAT24.0366_LON90.01612,2024,90.01612040333335,24.036603057988735,20,35.46837342804496,35.099562391306556,1.890977986222637,31.279332470000043,41.22064364000005,0.5596747582683268,10.099530039148528,0.8138962679092486
Y2024_LAT24.03679_LON90.02594,2024,90.0259416133831,24.03679425616398,20,35.099462213492515,35.15707616000003,0.8264075944619425,33.04815782000003,36.21495335000003,0.5817553103591463,9.902885197390543,0.05303689647300549
Y2024_LAT24.03755_LON90.06523,2024,90.06522747375895,24.037552764788703,20,33.46799732576534,33.608713100000045,0.4444573420005425,31.889449039999988,34.290608090000006,0.6188830670272404,10.937904809661104,0.08570845301453361
Y2024_LAT24.03774_LON90.07505,2024,90.07504919229622,24.037740820748656,20,33.852287511980194,33.91259644062502,1.4640721729299389,30.71194115000003,39.04336490000003,0.6055458120135628,10.861825128446087,0.46927267272260786
Y2024_LAT24.03793_LON90.08487,2024,90.08487101152558,24.037928248245947,20,31.927846197744,31.844635000000014,1.1769715261917764,29.99928398,38.52895289000003,0.6389065581897927,9.099699937722926,0.32015240001015083
Y2024_LAT24.04562_LON90.01591,2024,90.01591182811815,24.045622993824633,20,33.27900761343476,33.15069842000001,0.992035996861257,31.327184750000015,35.63559896000004,0.6367985388448799,10.208487381449928,0.08982712501940268
